Number of CPUs: 48
Node #0 - Number of Node CPUs: 48, CPUIDs: [0, 1, 2, 3, 4, 5, 6, 7, 8, 9, 10, 11, 12, 13, 14, 15, 16, 17, 18, 19, 20, 21, 22, 23, 24, 25, 26, 27, 28, 29, 30, 31, 32, 33, 34, 35, 36, 37, 38, 39, 40, 41, 42, 43, 44, 45, 46, 47]

Executing script file: /home/umeshsum/hyrise_pmr/myscripts/mapping/sf10_e2e_baseline.sql
[32m(release)[0m> setting print off
Worker 0 pinned to CPU 0on node Print output turned off
[32m(release)[0m> setting binary_caching on
Binary caching turned on
0
[32m(release)[0m> setting workers 16
Number of CPUs: 48
Node #0 - Number of Node CPUs: 48, CPUIDs: [0, 1, 2, 3, 4, 5, 6, 7, 8, 9, 10, 11, 12, 13, 14, 15, 16, 17, 18, 19, 20, 21, 22, 23, 24, 25, 26, 27, 28, 29, 30, 31, 32, 33, 34, 35, 36, 37, 38, 39, 40, 41, 42, 43, 44, 45, 46, 47]

Worker 1 pinned to CPU 1on node 0
Worker 0 pinned to CPU 0on node 0
Worker 2 pinned to CPU 2on node 0
Worker 3 pinned to CPU 3on node Worker 5 pinned to CPU 5on node 0
0
Worker 4 pinned to CPU 4on node 0
Worker 8 pinned to CPU 8on node 0
Worker 6 pinned to CPU Worker 69on node  pinned to CPU 9on node Scheduler set to use 16 workers
00

[32m(release)[0m> hsh new_mem 64000000000 0 0
$:hsh new_mem 64000000000 0 0
Worker 12 pinned to CPU 12on node 0,0x000073f765ed8000,0x000074064ca00000
[32m(release)[0m> hsh new_mem 64000000000 0 1
0
Worker $:hsh new_mem 64000000000 0 1
15 pinned to CPU 15on node 1,0x000073e87ead8000,0x000073f765600000
Worker [32m(release)[0m> hsh mem_usage
11 pinned to CPU 11on node 0
$:hsh mem_usage
------------------------------------------
Memory Usage Statistics:
0
VmSize:	125588080 kB
VmRSS:	   37240 kB
MemResourceStatus {NumaMonotonicResource,1,64000000000,0,0,0,0,0}
MemResourceStatus {NumaMonotonicResource,0,64000000000,0,0,0,0,0}
0: MemResourceStatus {MemManagerAggregate,18446744073709551615,128000000000,0,0,0,0,N/A}
MemResourceStatus {DefaultResource,18446744073709551615,18446744073709551615,0,0,0,-1,N/A}
Quick Memory Usage Overview:
Used Capacity: 0, 0
------------------------------------------
Worker 13 pinned to CPU 13on node [32m(release)[0m> setting mem_strategy TableGen
0
Memory strategy set to TableGen
[32m(release)[0m> generate_tpch 10
Worker 10 pinned to CPU 10on node Generating all TPCH tables (this might take a while) ...
0
Worker 14 pinned to CPU 14on node Worker 7 pinned to CPU 7on node 0
0
Number of CPUs: 48
Node #0 - Number of Node CPUs: 48, CPUIDs: [0, 1, 2, 3, 4, 5, 6, 7, 8, 9, 10, 11, 12, 13, 14, 15, 16, 17, 18, 19, 20, 21, 22, 23, 24, 25, 26, 27, 28, 29, 30, 31, 32, 33, 34, 35, 36, 37, 38, 39, 40, 41, 42, 43, 44, 45, 46, 47]

Worker 0 pinned to CPU 0on node 0
Worker 3 pinned to CPU 3on node Worker 2 pinned to CPU 2on node 0
Worker 1 pinned to CPU 1on node 0
0
Worker 5 pinned to CPU 5on node Worker 4 pinned to CPU 4on node 0
0
Worker 6 pinned to CPU 6on node Worker 7 pinned to CPU 7on node 0
0
Worker 9 pinned to CPU 9on node Worker 8 pinned to CPU 8on node 0
0
Worker 10 pinned to CPU 10on node 0
Worker 12 pinned to CPU 12on node Worker 011
 pinned to CPU 11on node 0
- Loading/Generating tables
Worker 13 pinned to CPU 13on node Worker 15 pinned to CPU 15on node 0
0
Worker 14 pinned to CPU 14on node 0
-  Loaded table 'nation' from cached binary "tpch_cached_tables/sf-10.000000/nation.bin" (230 µs 868 ns)
-  Loaded table 'region' from cached binary "tpch_cached_tables/sf-10.000000/region.bin" (227 µs 198 ns)
-  Loaded table 'supplier' from cached binary "tpch_cached_tables/sf-10.000000/supplier.bin" (523 ms 157 µs)
-  Loaded table 'customer' from cached binary "tpch_cached_tables/sf-10.000000/customer.bin" (5 s 593 ms)
-  Loaded table 'part' from cached binary "tpch_cached_tables/sf-10.000000/part.bin" (5 s 755 ms)
-  Loaded table 'partsupp' from cached binary "tpch_cached_tables/sf-10.000000/partsupp.bin" (9 s 16 ms)
-  Loaded table 'orders' from cached binary "tpch_cached_tables/sf-10.000000/orders.bin" (10 s 542 ms)
-  Loaded table 'lineitem' from cached binary "tpch_cached_tables/sf-10.000000/lineitem.bin" (15 s 390 ms)
- Loading/Generating tables done (15 s 401 ms)
- Encoding tables (if necessary) and generating pruning statistics
-  Processing 'region' - no encoding necessary (261 µs 797 ns)
-  Processing 'nation' - no encoding necessary (281 µs 967 ns)
-  Processing 'supplier' - no encoding necessary (14 ms 926 µs)
-  Processing 'customer' - no encoding necessary (47 ms 600 µs)
-  Processing 'part' - no encoding necessary (55 ms 921 µs)
-  Processing 'partsupp' - no encoding necessary (160 ms 726 µs)
-  Processing 'orders' - no encoding necessary (379 ms 474 µs)
-  Processing 'lineitem' - no encoding necessary (753 ms 442 µs)
- Encoding tables and generating pruning statistic done (754 ms 161 µs)
- Writing tables into binary files if necessary
- Writing tables into binary files done (57 µs 469 ns)
- Adding tables to StorageManager and generating table statistics
-  Added 'region' (288 µs 958 ns)
-  Added 'nation' (882 ms 630 µs)
-  Added 'supplier' (11 s 379 ms)
-  Added 'part' (16 s 507 ms)
-  Added 'customer' (41 s 563 ms)
-  Added 'partsupp' (47 s 725 ms)
-  Added 'orders' (1 min 2 s)
-  Added 'lineitem' (1 min 41 s)
- Adding tables to StorageManager and generating table statistics done (1 min 41 s)
- No chunk indexes created as --chunk_indexes was not specified or set to false
- No table indexes created as --table_indexes was not specified or set to false
Number of CPUs: 48
Node #0 - Number of Node CPUs: 48, CPUIDs: [0, 1, 2, 3, 4, 5, 6, 7, 8, 9, 10, 11, 12, 13, 14, 15, 16, 17, 18, 19, 20, 21, 22, 23, 24, 25, 26, 27, 28, 29, 30, 31, 32, 33, 34, 35, 36, 37, 38, 39, 40, 41, 42, 43, 44, 45, 46, 47]

Worker 18 pinned to CPU 2on node Worker 17 pinned to CPU 1on node Worker 16 pinned to CPU 0on node 0
Worker 19 pinned to CPU 3on node 0
0
0
Worker 20 pinned to CPU 4on node 0
Worker 21 pinned to CPU 5on node 0
Worker 23 pinned to CPU 7on node Worker 22 pinned to CPU 6on node 0
0
Worker 24 pinned to CPU 8on node Worker 25 pinned to CPU 9on node Worker 26 pinned to CPU 10on node 0
0
0
Worker 27 pinned to CPU 11on node 0
Worker 28 pinned to CPU 12on node 0
Worker 29 pinned to CPU 13on node 0
Worker 30 pinned to CPU 14on node 0
Worker 31 pinned to CPU 15on node [32m(release)[0m> hsh mem_usage
0
$:hsh mem_usage
------------------------------------------
Memory Usage Statistics:
VmSize:	149065856 kB
VmRSS:	33179424 kB
MemResourceStatus {NumaMonotonicResource,1,64000000000,1039541809,3671651606,18917318200,0,18917334560}
MemResourceStatus {NumaMonotonicResource,0,64000000000,10510775833,10511468488,15007143237,0,15007271640}
0: MemResourceStatus {MemManagerAggregate,18446744073709551615,128000000000,11550317642,14183120094,0,0,N/A}
MemResourceStatus {DefaultResource,18446744073709551615,18446744073709551615,0,0,0,-1,N/A}
Quick Memory Usage Overview:
Used Capacity: 11550317642, 0
------------------------------------------
[32m(release)[0m> script /home/umeshsum/hyrise_pmr/myscripts/all_cols_to_remote.sql
Executing script file: /home/umeshsum/hyrise_pmr/myscripts/all_cols_to_remote.sql
[32m(release)[0m> move2cxl supplier s_comment 1
[32m(release)[0m> move2cxl supplier s_acctbal 1
[32m(release)[0m> move2cxl orders o_orderkey 1
[32m(release)[0m> move2cxl customer c_acctbal 1
[32m(release)[0m> move2cxl nation n_regionkey 1
[32m(release)[0m> move2cxl lineitem l_comment 1
[32m(release)[0m> move2cxl nation n_name 1
[32m(release)[0m> move2cxl lineitem l_shipmode 1
[32m(release)[0m> move2cxl supplier s_phone 1
[32m(release)[0m> move2cxl nation n_nationkey 1
[32m(release)[0m> move2cxl lineitem l_shipinstruct 1
[32m(release)[0m> move2cxl part p_comment 1
[32m(release)[0m> move2cxl supplier s_nationkey 1
[32m(release)[0m> move2cxl lineitem l_receiptdate 1
[32m(release)[0m> move2cxl part p_retailprice 1
[32m(release)[0m> move2cxl supplier s_address 1
[32m(release)[0m> move2cxl lineitem l_commitdate 1
[32m(release)[0m> move2cxl part p_container 1
[32m(release)[0m> move2cxl supplier s_name 1
[32m(release)[0m> move2cxl lineitem l_shipdate 1
[32m(release)[0m> move2cxl part p_size 1
[32m(release)[0m> move2cxl supplier s_suppkey 1
[32m(release)[0m> move2cxl lineitem l_linestatus 1
[32m(release)[0m> move2cxl part p_type 1
[32m(release)[0m> move2cxl lineitem l_returnflag 1
[32m(release)[0m> move2cxl part p_brand 1
[32m(release)[0m> move2cxl lineitem l_tax 1
[32m(release)[0m> move2cxl part p_mfgr 1
[32m(release)[0m> move2cxl lineitem l_discount 1
[32m(release)[0m> move2cxl part p_name 1
[32m(release)[0m> move2cxl lineitem l_extendedprice 1
[32m(release)[0m> move2cxl part p_partkey 1
[32m(release)[0m> move2cxl nation n_comment 1
[32m(release)[0m> move2cxl customer c_custkey 1
[32m(release)[0m> move2cxl lineitem l_quantity 1
[32m(release)[0m> move2cxl customer c_name 1
[32m(release)[0m> move2cxl customer c_address 1
[32m(release)[0m> move2cxl customer c_nationkey 1
[32m(release)[0m> move2cxl customer c_phone 1
[32m(release)[0m> move2cxl customer c_mktsegment 1
[32m(release)[0m> move2cxl orders o_custkey 1
[32m(release)[0m> move2cxl customer c_comment 1
[32m(release)[0m> move2cxl orders o_orderstatus 1
[32m(release)[0m> move2cxl lineitem l_orderkey 1
[32m(release)[0m> move2cxl lineitem l_partkey 1
[32m(release)[0m> move2cxl lineitem l_suppkey 1
[32m(release)[0m> move2cxl lineitem l_linenumber 1
[32m(release)[0m> move2cxl orders o_totalprice 1
[32m(release)[0m> move2cxl orders o_orderdate 1
[32m(release)[0m> move2cxl orders o_orderpriority 1
[32m(release)[0m> move2cxl region r_regionkey 1
[32m(release)[0m> move2cxl orders o_clerk 1
[32m(release)[0m> move2cxl region r_name 1
[32m(release)[0m> move2cxl orders o_shippriority 1
[32m(release)[0m> move2cxl region r_comment 1
[32m(release)[0m> move2cxl orders o_comment 1
[32m(release)[0m> move2cxl partsupp ps_partkey 1
[32m(release)[0m> move2cxl partsupp ps_suppkey 1
[32m(release)[0m> move2cxl partsupp ps_availqty 1
[32m(release)[0m> move2cxl partsupp ps_supplycost 1
[32m(release)[0m> move2cxl partsupp ps_comment 1
Executing script file done
$:hsh delete_mem 0
delete_mem 0
Destroyed pool 0 on NUMA node 0: freed 64000000000 bytes (had 0 bytes allocated). Pages returned to OS.
Deleted pool with ID: 0
$:hsh mem_usage
------------------------------------------
Memory Usage Statistics:
VmSize:	98883216 kB
VmRSS:	28562112 kB
1: MemResourceStatus {MigratedColumnsAggregate,18446744073709551615,12610235929,10275988050,10275988050,0,1,N/A}
MemResourceStatus {NumaMonotonicResource,1,64000000000,1039541809,3671651606,18917318200,0,18917334560}
0: MemResourceStatus {MemManagerAggregate,18446744073709551615,64000000000,1039541809,3671651606,0,0,N/A}
MemResourceStatus {DefaultResource,18446744073709551615,18446744073709551615,0,0,0,-1,N/A}
Quick Memory Usage Overview:
Used Capacity: 1039541809, 10275988050
------------------------------------------
$:hsh new_mem 60000000000 0 2
2,0x000073f85458a000,0x000074064c9ff800
$:hsh new_mem 60000000000 1 3
3,0x000073d1fd599000,0x000073dff5a0e800
$:hsh mem_usage
------------------------------------------
Memory Usage Statistics:
VmSize:	216070720 kB
VmRSS:	28562120 kB
1: MemResourceStatus {MigratedColumnsAggregate,18446744073709551615,12610235929,10275988050,10275988050,0,1,N/A}
MemResourceStatus {NumaMonotonicResource,3,60000000000,0,0,0,1,0}
MemResourceStatus {NumaMonotonicResource,2,60000000000,0,0,0,0,0}
MemResourceStatus {NumaMonotonicResource,1,64000000000,1039541809,3671651606,18917318200,0,18917334560}
0: MemResourceStatus {MemManagerAggregate,18446744073709551615,124000000000,1039541809,3671651606,0,0,N/A}
1: MemResourceStatus {MemManagerAggregate,18446744073709551615,60000000000,0,0,0,1,N/A}
MemResourceStatus {DefaultResource,18446744073709551615,18446744073709551615,0,0,0,-1,N/A}
Quick Memory Usage Overview:
Used Capacity: 1039541809, 10275988050
------------------------------------------
Number of CPUs: 48
Node #0 - Number of Node CPUs: 48, CPUIDs: [0, 1, 2, 3, 4, 5, 6, 7, 8, 9, 10, 11, 12, 13, 14, 15, 16, 17, 18, 19, 20, 21, 22, 23, 24, 25, 26, 27, 28, 29, 30, 31, 32, 33, 34, 35, 36, 37, 38, 39, 40, 41, 42, 43, 44, 45, 46, 47]

Worker 1 pinned to CPU 1on node 0
Worker 0 pinned to CPU 0on node Worker 3 pinned to CPU 3on node 0
0
Worker 4 pinned to CPU 4on node Scheduler set to use 8 workers
0
Worker 5 pinned to CPU 5on node Worker 2 pinned to CPU 2on node 0
0
Worker 7 pinned to CPU 7on node 0
Worker 6 pinned to CPU 6on node $:hsh set_mem_capacity 0 1000000000000
0
Memory strategy set to Greedy
Label set to d0_tf0_q10
$:hsh clear_plan_caches
Cleared PQP and LQP caches
$:hsh clear_pipeline
Released last SQLPipeline
$:hsh reset_exec_pools
Reset execution pools (2, 3) bump pointers to start
$:hsh mem_usage
------------------------------------------
Memory Usage Statistics:
VmSize:	216005152 kB
VmRSS:	28561976 kB
1: MemResourceStatus {MigratedColumnsAggregate,18446744073709551615,12610235929,10275988050,10275988050,0,1,N/A}
MemResourceStatus {NumaMonotonicResource,3,60000000000,0,0,0,1,0}
MemResourceStatus {NumaMonotonicResource,2,60000000000,0,0,0,0,0}
MemResourceStatus {NumaMonotonicResource,1,64000000000,1039541809,3671651606,18917318200,0,18917334560}
0: MemResourceStatus {MemManagerAggregate,18446744073709551615,124000000000,1039541809,3671651606,0,0,N/A}
1: MemResourceStatus {MemManagerAggregate,18446744073709551615,60000000000,0,0,0,1,N/A}
MemResourceStatus {DefaultResource,18446744073709551615,18446744073709551615,0,0,0,-1,N/A}
Quick Memory Usage Overview:
Used Capacity: 1039541809, 10275988050
------------------------------------------
Executing script file: /home/umeshsum/tpch_queries/10.sql
[32m(release)[0m> select
[32m(release)[0m> 	c_custkey,
[32m(release)[0m> 	c_name,
[32m(release)[0m> 	sum(l_extendedprice * (1 - l_discount)) as revenue,
[32m(release)[0m> 	c_acctbal,
[32m(release)[0m> 	n_name,
[32m(release)[0m> 	c_address,
[32m(release)[0m> 	c_phone,
[32m(release)[0m> 	c_comment
[32m(release)[0m> from
[32m(release)[0m> 	customer,
[32m(release)[0m> 	orders,
[32m(release)[0m> 	lineitem,
[32m(release)[0m> 	nation
[32m(release)[0m> where
[32m(release)[0m> 	c_custkey = o_custkey
[32m(release)[0m> 	and l_orderkey = o_orderkey
[32m(release)[0m> 	and o_orderdate >= date '1993-10-01'
[32m(release)[0m> 	and o_orderdate < date '1993-10-01' + interval '3' month
[32m(release)[0m> 	and l_returnflag = 'R'
[32m(release)[0m> 	and c_nationkey = n_nationkey
[32m(release)[0m> group by
[32m(release)[0m> 	c_custkey,
[32m(release)[0m> 	c_name,
[32m(release)[0m> 	c_acctbal,
[32m(release)[0m> 	c_phone,
[32m(release)[0m> 	n_name,
[32m(release)[0m> 	c_address,
[32m(release)[0m> 	c_comment
[32m(release)[0m> order by
[32m(release)[0m> 	revenue desc;
[PERF] Unresolved iterator created for AbstractPosList at src/lib/storage/pos_lists/abstract_pos_list.cpp:10
	Performance can be affected. This warning is only shown once.
VmRSS Change: 1631180 KB
===
381105 rows total
Execution info: [PARSE: 97 µs 249 ns, SQL TRANSLATE: 368 µs 977 ns, OPTIMIZE: 3 ms 990 µs, LQP TRANSLATE: 141 µs 929 ns, EXECUTE: 672 ms 460 µs (wall time) | QUERY PLAN CACHE HITS: 0/1 statement(s)]
After reset, table use_count: 2
WARNING: Table still has 1 other owner(s) after pipeline reset!
Executing script file done
$:hsh mem_usage
------------------------------------------
Memory Usage Statistics:
VmSize:	216005152 kB
VmRSS:	30193988 kB
1: MemResourceStatus {MigratedColumnsAggregate,18446744073709551615,12610235929,10275988050,10275988050,0,1,N/A}
MemResourceStatus {NumaMonotonicResource,3,60000000000,49579296,705165292,1942922816,1,1942925776}
MemResourceStatus {NumaMonotonicResource,2,60000000000,0,0,0,0,0}
MemResourceStatus {NumaMonotonicResource,1,64000000000,1039541809,3671651606,18917318200,0,18917334560}
0: MemResourceStatus {MemManagerAggregate,18446744073709551615,124000000000,1039541809,3671651606,0,0,N/A}
1: MemResourceStatus {MemManagerAggregate,18446744073709551615,60000000000,49579296,705165292,0,1,N/A}
MemResourceStatus {DefaultResource,18446744073709551615,18446744073709551615,0,0,0,-1,N/A}
Quick Memory Usage Overview:
Used Capacity: 1039541809, 10325567346
------------------------------------------
Executing script file: /home/umeshsum/tpch_queries/10.sql
[32m(release)[0m> select
[32m(release)[0m> 	c_custkey,
[32m(release)[0m> 	c_name,
[32m(release)[0m> 	sum(l_extendedprice * (1 - l_discount)) as revenue,
[32m(release)[0m> 	c_acctbal,
[32m(release)[0m> 	n_name,
[32m(release)[0m> 	c_address,
[32m(release)[0m> 	c_phone,
[32m(release)[0m> 	c_comment
[32m(release)[0m> from
[32m(release)[0m> 	customer,
[32m(release)[0m> 	orders,
[32m(release)[0m> 	lineitem,
[32m(release)[0m> 	nation
[32m(release)[0m> where
[32m(release)[0m> 	c_custkey = o_custkey
[32m(release)[0m> 	and l_orderkey = o_orderkey
[32m(release)[0m> 	and o_orderdate >= date '1993-10-01'
[32m(release)[0m> 	and o_orderdate < date '1993-10-01' + interval '3' month
[32m(release)[0m> 	and l_returnflag = 'R'
[32m(release)[0m> 	and c_nationkey = n_nationkey
[32m(release)[0m> group by
[32m(release)[0m> 	c_custkey,
[32m(release)[0m> 	c_name,
[32m(release)[0m> 	c_acctbal,
[32m(release)[0m> 	c_phone,
[32m(release)[0m> 	n_name,
[32m(release)[0m> 	c_address,
[32m(release)[0m> 	c_comment
[32m(release)[0m> order by
[32m(release)[0m> 	revenue desc;
VmRSS Change: 1627380 KB
===
381105 rows total
Execution info: [PARSE: 79 µs 349 ns, SQL TRANSLATE: 0 ns, OPTIMIZE: 0 ns, LQP TRANSLATE: 87 µs 369 ns, EXECUTE: 689 ms 497 µs (wall time) | QUERY PLAN CACHE HITS: 1/1 statement(s)]
After reset, table use_count: 2
WARNING: Table still has 1 other owner(s) after pipeline reset!
Executing script file done
$:hsh mem_usage
------------------------------------------
Memory Usage Statistics:
VmSize:	216005152 kB
VmRSS:	31821364 kB
1: MemResourceStatus {MigratedColumnsAggregate,18446744073709551615,12610235929,10275988050,10275988050,0,1,N/A}
MemResourceStatus {NumaMonotonicResource,3,60000000000,73983072,729569068,3885845632,1,3885851584}
MemResourceStatus {NumaMonotonicResource,2,60000000000,0,0,0,0,0}
MemResourceStatus {NumaMonotonicResource,1,64000000000,1039541809,3671651606,18917318200,0,18917334560}
0: MemResourceStatus {MemManagerAggregate,18446744073709551615,124000000000,1039541809,3671651606,0,0,N/A}
1: MemResourceStatus {MemManagerAggregate,18446744073709551615,60000000000,73983072,729569068,0,1,N/A}
MemResourceStatus {DefaultResource,18446744073709551615,18446744073709551615,0,0,0,-1,N/A}
Quick Memory Usage Overview:
Used Capacity: 1039541809, 10349971122
------------------------------------------
Executing script file: /home/umeshsum/tpch_queries/10.sql
[32m(release)[0m> select
[32m(release)[0m> 	c_custkey,
[32m(release)[0m> 	c_name,
[32m(release)[0m> 	sum(l_extendedprice * (1 - l_discount)) as revenue,
[32m(release)[0m> 	c_acctbal,
[32m(release)[0m> 	n_name,
[32m(release)[0m> 	c_address,
[32m(release)[0m> 	c_phone,
[32m(release)[0m> 	c_comment
[32m(release)[0m> from
[32m(release)[0m> 	customer,
[32m(release)[0m> 	orders,
[32m(release)[0m> 	lineitem,
[32m(release)[0m> 	nation
[32m(release)[0m> where
[32m(release)[0m> 	c_custkey = o_custkey
[32m(release)[0m> 	and l_orderkey = o_orderkey
[32m(release)[0m> 	and o_orderdate >= date '1993-10-01'
[32m(release)[0m> 	and o_orderdate < date '1993-10-01' + interval '3' month
[32m(release)[0m> 	and l_returnflag = 'R'
[32m(release)[0m> 	and c_nationkey = n_nationkey
[32m(release)[0m> group by
[32m(release)[0m> 	c_custkey,
[32m(release)[0m> 	c_name,
[32m(release)[0m> 	c_acctbal,
[32m(release)[0m> 	c_phone,
[32m(release)[0m> 	n_name,
[32m(release)[0m> 	c_address,
[32m(release)[0m> 	c_comment
[32m(release)[0m> order by
[32m(release)[0m> 	revenue desc;
VmRSS Change: 1626920 KB
===
381105 rows total
Execution info: [PARSE: 72 µs 29 ns, SQL TRANSLATE: 0 ns, OPTIMIZE: 0 ns, LQP TRANSLATE: 53 µs 529 ns, EXECUTE: 680 ms 601 µs (wall time) | QUERY PLAN CACHE HITS: 1/1 statement(s)]
After reset, table use_count: 2
WARNING: Table still has 1 other owner(s) after pipeline reset!
Executing script file done
$:hsh mem_usage
------------------------------------------
Memory Usage Statistics:
VmSize:	216005152 kB
VmRSS:	33448284 kB
1: MemResourceStatus {MigratedColumnsAggregate,18446744073709551615,12610235929,10275988050,10275988050,0,1,N/A}
MemResourceStatus {NumaMonotonicResource,3,60000000000,73983072,729569068,5828768448,1,5828777360}
MemResourceStatus {NumaMonotonicResource,2,60000000000,0,0,0,0,0}
MemResourceStatus {NumaMonotonicResource,1,64000000000,1039541809,3671651606,18917318200,0,18917334560}
0: MemResourceStatus {MemManagerAggregate,18446744073709551615,124000000000,1039541809,3671651606,0,0,N/A}
1: MemResourceStatus {MemManagerAggregate,18446744073709551615,60000000000,73983072,729569068,0,1,N/A}
MemResourceStatus {DefaultResource,18446744073709551615,18446744073709551615,0,0,0,-1,N/A}
Quick Memory Usage Overview:
Used Capacity: 1039541809, 10349971122
------------------------------------------
Executing script file: /home/umeshsum/tpch_queries/10.sql
[32m(release)[0m> select
[32m(release)[0m> 	c_custkey,
[32m(release)[0m> 	c_name,
[32m(release)[0m> 	sum(l_extendedprice * (1 - l_discount)) as revenue,
[32m(release)[0m> 	c_acctbal,
[32m(release)[0m> 	n_name,
[32m(release)[0m> 	c_address,
[32m(release)[0m> 	c_phone,
[32m(release)[0m> 	c_comment
[32m(release)[0m> from
[32m(release)[0m> 	customer,
[32m(release)[0m> 	orders,
[32m(release)[0m> 	lineitem,
[32m(release)[0m> 	nation
[32m(release)[0m> where
[32m(release)[0m> 	c_custkey = o_custkey
[32m(release)[0m> 	and l_orderkey = o_orderkey
[32m(release)[0m> 	and o_orderdate >= date '1993-10-01'
[32m(release)[0m> 	and o_orderdate < date '1993-10-01' + interval '3' month
[32m(release)[0m> 	and l_returnflag = 'R'
[32m(release)[0m> 	and c_nationkey = n_nationkey
[32m(release)[0m> group by
[32m(release)[0m> 	c_custkey,
[32m(release)[0m> 	c_name,
[32m(release)[0m> 	c_acctbal,
[32m(release)[0m> 	c_phone,
[32m(release)[0m> 	n_name,
[32m(release)[0m> 	c_address,
[32m(release)[0m> 	c_comment
[32m(release)[0m> order by
[32m(release)[0m> 	revenue desc;
VmRSS Change: 1626796 KB
===
381105 rows total
Execution info: [PARSE: 69 µs 350 ns, SQL TRANSLATE: 0 ns, OPTIMIZE: 0 ns, LQP TRANSLATE: 49 µs 389 ns, EXECUTE: 701 ms 518 µs (wall time) | QUERY PLAN CACHE HITS: 1/1 statement(s)]
After reset, table use_count: 2
WARNING: Table still has 1 other owner(s) after pipeline reset!
Executing script file done
$:hsh mem_usage
------------------------------------------
Memory Usage Statistics:
VmSize:	216005152 kB
VmRSS:	35075080 kB
1: MemResourceStatus {MigratedColumnsAggregate,18446744073709551615,12610235929,10275988050,10275988050,0,1,N/A}
MemResourceStatus {NumaMonotonicResource,3,60000000000,73983072,729569068,7771691264,1,7771703152}
MemResourceStatus {NumaMonotonicResource,2,60000000000,0,0,0,0,0}
MemResourceStatus {NumaMonotonicResource,1,64000000000,1039541809,3671651606,18917318200,0,18917334560}
0: MemResourceStatus {MemManagerAggregate,18446744073709551615,124000000000,1039541809,3671651606,0,0,N/A}
1: MemResourceStatus {MemManagerAggregate,18446744073709551615,60000000000,73983072,729569068,0,1,N/A}
MemResourceStatus {DefaultResource,18446744073709551615,18446744073709551615,0,0,0,-1,N/A}
Quick Memory Usage Overview:
Used Capacity: 1039541809, 10349971122
------------------------------------------
Executing script file: /home/umeshsum/tpch_queries/10.sql
[32m(release)[0m> select
[32m(release)[0m> 	c_custkey,
[32m(release)[0m> 	c_name,
[32m(release)[0m> 	sum(l_extendedprice * (1 - l_discount)) as revenue,
[32m(release)[0m> 	c_acctbal,
[32m(release)[0m> 	n_name,
[32m(release)[0m> 	c_address,
[32m(release)[0m> 	c_phone,
[32m(release)[0m> 	c_comment
[32m(release)[0m> from
[32m(release)[0m> 	customer,
[32m(release)[0m> 	orders,
[32m(release)[0m> 	lineitem,
[32m(release)[0m> 	nation
[32m(release)[0m> where
[32m(release)[0m> 	c_custkey = o_custkey
[32m(release)[0m> 	and l_orderkey = o_orderkey
[32m(release)[0m> 	and o_orderdate >= date '1993-10-01'
[32m(release)[0m> 	and o_orderdate < date '1993-10-01' + interval '3' month
[32m(release)[0m> 	and l_returnflag = 'R'
[32m(release)[0m> 	and c_nationkey = n_nationkey
[32m(release)[0m> group by
[32m(release)[0m> 	c_custkey,
[32m(release)[0m> 	c_name,
[32m(release)[0m> 	c_acctbal,
[32m(release)[0m> 	c_phone,
[32m(release)[0m> 	n_name,
[32m(release)[0m> 	c_address,
[32m(release)[0m> 	c_comment
[32m(release)[0m> order by
[32m(release)[0m> 	revenue desc;
VmRSS Change: 1626860 KB
===
381105 rows total
Execution info: [PARSE: 69 µs 380 ns, SQL TRANSLATE: 0 ns, OPTIMIZE: 0 ns, LQP TRANSLATE: 47 µs 489 ns, EXECUTE: 713 ms 556 µs (wall time) | QUERY PLAN CACHE HITS: 1/1 statement(s)]
After reset, table use_count: 2
WARNING: Table still has 1 other owner(s) after pipeline reset!
Executing script file done
$:hsh mem_usage
------------------------------------------
Memory Usage Statistics:
VmSize:	216005152 kB
VmRSS:	36701940 kB
1: MemResourceStatus {MigratedColumnsAggregate,18446744073709551615,12610235929,10275988050,10275988050,0,1,N/A}
MemResourceStatus {NumaMonotonicResource,3,60000000000,73983072,729569068,9714614080,1,9714628960}
MemResourceStatus {NumaMonotonicResource,2,60000000000,0,0,0,0,0}
MemResourceStatus {NumaMonotonicResource,1,64000000000,1039541809,3671651606,18917318200,0,18917334560}
0: MemResourceStatus {MemManagerAggregate,18446744073709551615,124000000000,1039541809,3671651606,0,0,N/A}
1: MemResourceStatus {MemManagerAggregate,18446744073709551615,60000000000,73983072,729569068,0,1,N/A}
MemResourceStatus {DefaultResource,18446744073709551615,18446744073709551615,0,0,0,-1,N/A}
Quick Memory Usage Overview:
Used Capacity: 1039541809, 10349971122
------------------------------------------
Executing script file: /home/umeshsum/tpch_queries/10.sql
[32m(release)[0m> select
[32m(release)[0m> 	c_custkey,
[32m(release)[0m> 	c_name,
[32m(release)[0m> 	sum(l_extendedprice * (1 - l_discount)) as revenue,
[32m(release)[0m> 	c_acctbal,
[32m(release)[0m> 	n_name,
[32m(release)[0m> 	c_address,
[32m(release)[0m> 	c_phone,
[32m(release)[0m> 	c_comment
[32m(release)[0m> from
[32m(release)[0m> 	customer,
[32m(release)[0m> 	orders,
[32m(release)[0m> 	lineitem,
[32m(release)[0m> 	nation
[32m(release)[0m> where
[32m(release)[0m> 	c_custkey = o_custkey
[32m(release)[0m> 	and l_orderkey = o_orderkey
[32m(release)[0m> 	and o_orderdate >= date '1993-10-01'
[32m(release)[0m> 	and o_orderdate < date '1993-10-01' + interval '3' month
[32m(release)[0m> 	and l_returnflag = 'R'
[32m(release)[0m> 	and c_nationkey = n_nationkey
[32m(release)[0m> group by
[32m(release)[0m> 	c_custkey,
[32m(release)[0m> 	c_name,
[32m(release)[0m> 	c_acctbal,
[32m(release)[0m> 	c_phone,
[32m(release)[0m> 	n_name,
[32m(release)[0m> 	c_address,
[32m(release)[0m> 	c_comment
[32m(release)[0m> order by
[32m(release)[0m> 	revenue desc;
VmRSS Change: 1620168 KB
===
381105 rows total
Execution info: [PARSE: 78 µs 929 ns, SQL TRANSLATE: 0 ns, OPTIMIZE: 0 ns, LQP TRANSLATE: 54 µs 700 ns, EXECUTE: 685 ms 566 µs (wall time) | QUERY PLAN CACHE HITS: 1/1 statement(s)]
After reset, table use_count: 2
WARNING: Table still has 1 other owner(s) after pipeline reset!
Executing script file done
$:hsh mem_usage
------------------------------------------
Memory Usage Statistics:
VmSize:	216005152 kB
VmRSS:	38322108 kB
1: MemResourceStatus {MigratedColumnsAggregate,18446744073709551615,12610235929,10275988050,10275988050,0,1,N/A}
MemResourceStatus {NumaMonotonicResource,3,60000000000,73983072,729569068,11657536896,1,11657554736}
MemResourceStatus {NumaMonotonicResource,2,60000000000,0,0,0,0,0}
MemResourceStatus {NumaMonotonicResource,1,64000000000,1039541809,3671651606,18917318200,0,18917334560}
0: MemResourceStatus {MemManagerAggregate,18446744073709551615,124000000000,1039541809,3671651606,0,0,N/A}
1: MemResourceStatus {MemManagerAggregate,18446744073709551615,60000000000,73983072,729569068,0,1,N/A}
MemResourceStatus {DefaultResource,18446744073709551615,18446744073709551615,0,0,0,-1,N/A}
Quick Memory Usage Overview:
Used Capacity: 1039541809, 10349971122
------------------------------------------
Executing script file: /home/umeshsum/tpch_queries/10.sql
[32m(release)[0m> select
[32m(release)[0m> 	c_custkey,
[32m(release)[0m> 	c_name,
[32m(release)[0m> 	sum(l_extendedprice * (1 - l_discount)) as revenue,
[32m(release)[0m> 	c_acctbal,
[32m(release)[0m> 	n_name,
[32m(release)[0m> 	c_address,
[32m(release)[0m> 	c_phone,
[32m(release)[0m> 	c_comment
[32m(release)[0m> from
[32m(release)[0m> 	customer,
[32m(release)[0m> 	orders,
[32m(release)[0m> 	lineitem,
[32m(release)[0m> 	nation
[32m(release)[0m> where
[32m(release)[0m> 	c_custkey = o_custkey
[32m(release)[0m> 	and l_orderkey = o_orderkey
[32m(release)[0m> 	and o_orderdate >= date '1993-10-01'
[32m(release)[0m> 	and o_orderdate < date '1993-10-01' + interval '3' month
[32m(release)[0m> 	and l_returnflag = 'R'
[32m(release)[0m> 	and c_nationkey = n_nationkey
[32m(release)[0m> group by
[32m(release)[0m> 	c_custkey,
[32m(release)[0m> 	c_name,
[32m(release)[0m> 	c_acctbal,
[32m(release)[0m> 	c_phone,
[32m(release)[0m> 	n_name,
[32m(release)[0m> 	c_address,
[32m(release)[0m> 	c_comment
[32m(release)[0m> order by
[32m(release)[0m> 	revenue desc;
VmRSS Change: 1623284 KB
===
381105 rows total
Execution info: [PARSE: 77 µs 130 ns, SQL TRANSLATE: 0 ns, OPTIMIZE: 0 ns, LQP TRANSLATE: 56 µs 180 ns, EXECUTE: 705 ms 425 µs (wall time) | QUERY PLAN CACHE HITS: 1/1 statement(s)]
After reset, table use_count: 2
WARNING: Table still has 1 other owner(s) after pipeline reset!
Executing script file done
$:hsh mem_usage
------------------------------------------
Memory Usage Statistics:
VmSize:	216005152 kB
VmRSS:	39945392 kB
1: MemResourceStatus {MigratedColumnsAggregate,18446744073709551615,12610235929,10275988050,10275988050,0,1,N/A}
MemResourceStatus {NumaMonotonicResource,3,60000000000,73983072,729569068,13600459712,1,13600480496}
MemResourceStatus {NumaMonotonicResource,2,60000000000,0,0,0,0,0}
MemResourceStatus {NumaMonotonicResource,1,64000000000,1039541809,3671651606,18917318200,0,18917334560}
0: MemResourceStatus {MemManagerAggregate,18446744073709551615,124000000000,1039541809,3671651606,0,0,N/A}
1: MemResourceStatus {MemManagerAggregate,18446744073709551615,60000000000,73983072,729569068,0,1,N/A}
MemResourceStatus {DefaultResource,18446744073709551615,18446744073709551615,0,0,0,-1,N/A}
Quick Memory Usage Overview:
Used Capacity: 1039541809, 10349971122
------------------------------------------
Executing script file: /home/umeshsum/tpch_queries/10.sql
[32m(release)[0m> select
[32m(release)[0m> 	c_custkey,
[32m(release)[0m> 	c_name,
[32m(release)[0m> 	sum(l_extendedprice * (1 - l_discount)) as revenue,
[32m(release)[0m> 	c_acctbal,
[32m(release)[0m> 	n_name,
[32m(release)[0m> 	c_address,
[32m(release)[0m> 	c_phone,
[32m(release)[0m> 	c_comment
[32m(release)[0m> from
[32m(release)[0m> 	customer,
[32m(release)[0m> 	orders,
[32m(release)[0m> 	lineitem,
[32m(release)[0m> 	nation
[32m(release)[0m> where
[32m(release)[0m> 	c_custkey = o_custkey
[32m(release)[0m> 	and l_orderkey = o_orderkey
[32m(release)[0m> 	and o_orderdate >= date '1993-10-01'
[32m(release)[0m> 	and o_orderdate < date '1993-10-01' + interval '3' month
[32m(release)[0m> 	and l_returnflag = 'R'
[32m(release)[0m> 	and c_nationkey = n_nationkey
[32m(release)[0m> group by
[32m(release)[0m> 	c_custkey,
[32m(release)[0m> 	c_name,
[32m(release)[0m> 	c_acctbal,
[32m(release)[0m> 	c_phone,
[32m(release)[0m> 	n_name,
[32m(release)[0m> 	c_address,
[32m(release)[0m> 	c_comment
[32m(release)[0m> order by
[32m(release)[0m> 	revenue desc;
VmRSS Change: 1623680 KB
===
381105 rows total
Execution info: [PARSE: 87 µs 239 ns, SQL TRANSLATE: 0 ns, OPTIMIZE: 0 ns, LQP TRANSLATE: 55 µs 160 ns, EXECUTE: 709 ms 99 µs (wall time) | QUERY PLAN CACHE HITS: 1/1 statement(s)]
After reset, table use_count: 2
WARNING: Table still has 1 other owner(s) after pipeline reset!
Executing script file done
$:hsh mem_usage
------------------------------------------
Memory Usage Statistics:
VmSize:	216005152 kB
VmRSS:	41569056 kB
1: MemResourceStatus {MigratedColumnsAggregate,18446744073709551615,12610235929,10275988050,10275988050,0,1,N/A}
MemResourceStatus {NumaMonotonicResource,3,60000000000,73983072,729569068,15543382528,1,15543406256}
MemResourceStatus {NumaMonotonicResource,2,60000000000,0,0,0,0,0}
MemResourceStatus {NumaMonotonicResource,1,64000000000,1039541809,3671651606,18917318200,0,18917334560}
0: MemResourceStatus {MemManagerAggregate,18446744073709551615,124000000000,1039541809,3671651606,0,0,N/A}
1: MemResourceStatus {MemManagerAggregate,18446744073709551615,60000000000,73983072,729569068,0,1,N/A}
MemResourceStatus {DefaultResource,18446744073709551615,18446744073709551615,0,0,0,-1,N/A}
Quick Memory Usage Overview:
Used Capacity: 1039541809, 10349971122
------------------------------------------
Executing script file: /home/umeshsum/tpch_queries/10.sql
[32m(release)[0m> select
[32m(release)[0m> 	c_custkey,
[32m(release)[0m> 	c_name,
[32m(release)[0m> 	sum(l_extendedprice * (1 - l_discount)) as revenue,
[32m(release)[0m> 	c_acctbal,
[32m(release)[0m> 	n_name,
[32m(release)[0m> 	c_address,
[32m(release)[0m> 	c_phone,
[32m(release)[0m> 	c_comment
[32m(release)[0m> from
[32m(release)[0m> 	customer,
[32m(release)[0m> 	orders,
[32m(release)[0m> 	lineitem,
[32m(release)[0m> 	nation
[32m(release)[0m> where
[32m(release)[0m> 	c_custkey = o_custkey
[32m(release)[0m> 	and l_orderkey = o_orderkey
[32m(release)[0m> 	and o_orderdate >= date '1993-10-01'
[32m(release)[0m> 	and o_orderdate < date '1993-10-01' + interval '3' month
[32m(release)[0m> 	and l_returnflag = 'R'
[32m(release)[0m> 	and c_nationkey = n_nationkey
[32m(release)[0m> group by
[32m(release)[0m> 	c_custkey,
[32m(release)[0m> 	c_name,
[32m(release)[0m> 	c_acctbal,
[32m(release)[0m> 	c_phone,
[32m(release)[0m> 	n_name,
[32m(release)[0m> 	c_address,
[32m(release)[0m> 	c_comment
[32m(release)[0m> order by
[32m(release)[0m> 	revenue desc;
VmRSS Change: 1623772 KB
===
381105 rows total
Execution info: [PARSE: 78 µs 399 ns, SQL TRANSLATE: 0 ns, OPTIMIZE: 0 ns, LQP TRANSLATE: 55 µs 669 ns, EXECUTE: 697 ms 56 µs (wall time) | QUERY PLAN CACHE HITS: 1/1 statement(s)]
After reset, table use_count: 2
WARNING: Table still has 1 other owner(s) after pipeline reset!
Executing script file done
$:hsh mem_usage
------------------------------------------
Memory Usage Statistics:
VmSize:	216005152 kB
VmRSS:	43192828 kB
1: MemResourceStatus {MigratedColumnsAggregate,18446744073709551615,12610235929,10275988050,10275988050,0,1,N/A}
MemResourceStatus {NumaMonotonicResource,3,60000000000,73983072,729569068,17486305344,1,17486332016}
MemResourceStatus {NumaMonotonicResource,2,60000000000,0,0,0,0,0}
MemResourceStatus {NumaMonotonicResource,1,64000000000,1039541809,3671651606,18917318200,0,18917334560}
0: MemResourceStatus {MemManagerAggregate,18446744073709551615,124000000000,1039541809,3671651606,0,0,N/A}
1: MemResourceStatus {MemManagerAggregate,18446744073709551615,60000000000,73983072,729569068,0,1,N/A}
MemResourceStatus {DefaultResource,18446744073709551615,18446744073709551615,0,0,0,-1,N/A}
Quick Memory Usage Overview:
Used Capacity: 1039541809, 10349971122
------------------------------------------
Executing script file: /home/umeshsum/tpch_queries/10.sql
[32m(release)[0m> select
[32m(release)[0m> 	c_custkey,
[32m(release)[0m> 	c_name,
[32m(release)[0m> 	sum(l_extendedprice * (1 - l_discount)) as revenue,
[32m(release)[0m> 	c_acctbal,
[32m(release)[0m> 	n_name,
[32m(release)[0m> 	c_address,
[32m(release)[0m> 	c_phone,
[32m(release)[0m> 	c_comment
[32m(release)[0m> from
[32m(release)[0m> 	customer,
[32m(release)[0m> 	orders,
[32m(release)[0m> 	lineitem,
[32m(release)[0m> 	nation
[32m(release)[0m> where
[32m(release)[0m> 	c_custkey = o_custkey
[32m(release)[0m> 	and l_orderkey = o_orderkey
[32m(release)[0m> 	and o_orderdate >= date '1993-10-01'
[32m(release)[0m> 	and o_orderdate < date '1993-10-01' + interval '3' month
[32m(release)[0m> 	and l_returnflag = 'R'
[32m(release)[0m> 	and c_nationkey = n_nationkey
[32m(release)[0m> group by
[32m(release)[0m> 	c_custkey,
[32m(release)[0m> 	c_name,
[32m(release)[0m> 	c_acctbal,
[32m(release)[0m> 	c_phone,
[32m(release)[0m> 	n_name,
[32m(release)[0m> 	c_address,
[32m(release)[0m> 	c_comment
[32m(release)[0m> order by
[32m(release)[0m> 	revenue desc;
VmRSS Change: 1623432 KB
===
381105 rows total
Execution info: [PARSE: 154 µs 478 ns, SQL TRANSLATE: 0 ns, OPTIMIZE: 0 ns, LQP TRANSLATE: 47 µs 620 ns, EXECUTE: 727 ms 59 µs (wall time) | QUERY PLAN CACHE HITS: 1/1 statement(s)]
After reset, table use_count: 2
WARNING: Table still has 1 other owner(s) after pipeline reset!
Executing script file done
$:hsh mem_usage
------------------------------------------
Memory Usage Statistics:
VmSize:	216005152 kB
VmRSS:	44816172 kB
1: MemResourceStatus {MigratedColumnsAggregate,18446744073709551615,12610235929,10275988050,10275988050,0,1,N/A}
MemResourceStatus {NumaMonotonicResource,3,60000000000,73983072,729569068,19429228160,1,19429257792}
MemResourceStatus {NumaMonotonicResource,2,60000000000,0,0,0,0,0}
MemResourceStatus {NumaMonotonicResource,1,64000000000,1039541809,3671651606,18917318200,0,18917334560}
0: MemResourceStatus {MemManagerAggregate,18446744073709551615,124000000000,1039541809,3671651606,0,0,N/A}
1: MemResourceStatus {MemManagerAggregate,18446744073709551615,60000000000,73983072,729569068,0,1,N/A}
MemResourceStatus {DefaultResource,18446744073709551615,18446744073709551615,0,0,0,-1,N/A}
Quick Memory Usage Overview:
Used Capacity: 1039541809, 10349971122
------------------------------------------
Label set to d0_tf0_q11
$:hsh clear_plan_caches
Cleared PQP and LQP caches
$:hsh clear_pipeline
Released last SQLPipeline
$:hsh reset_exec_pools
Reset execution pools (2, 3) bump pointers to start
$:hsh mem_usage
------------------------------------------
Memory Usage Statistics:
VmSize:	216005152 kB
VmRSS:	44816172 kB
1: MemResourceStatus {MigratedColumnsAggregate,18446744073709551615,12610235929,10275988050,10275988050,0,1,N/A}
MemResourceStatus {NumaMonotonicResource,3,60000000000,0,0,0,1,0}
MemResourceStatus {NumaMonotonicResource,2,60000000000,0,0,0,0,0}
MemResourceStatus {NumaMonotonicResource,1,64000000000,1039541809,3671651606,18917318200,0,18917334560}
0: MemResourceStatus {MemManagerAggregate,18446744073709551615,124000000000,1039541809,3671651606,0,0,N/A}
1: MemResourceStatus {MemManagerAggregate,18446744073709551615,60000000000,0,0,0,1,N/A}
MemResourceStatus {DefaultResource,18446744073709551615,18446744073709551615,0,0,0,-1,N/A}
Quick Memory Usage Overview:
Used Capacity: 1039541809, 10275988050
------------------------------------------
Executing script file: /home/umeshsum/tpch_queries/11.sql
[32m(release)[0m> select
[32m(release)[0m> 	ps_partkey,
[32m(release)[0m> 	sum(ps_supplycost * ps_availqty) as value
[32m(release)[0m> from
[32m(release)[0m> 	partsupp,
[32m(release)[0m> 	supplier,
[32m(release)[0m> 	nation
[32m(release)[0m> where
[32m(release)[0m> 	ps_suppkey = s_suppkey
[32m(release)[0m> 	and s_nationkey = n_nationkey
[32m(release)[0m> 	and n_name = 'GERMANY'
[32m(release)[0m> group by
[32m(release)[0m> 	ps_partkey having
[32m(release)[0m> 		sum(ps_supplycost * ps_availqty) > (
[32m(release)[0m> 			select
[32m(release)[0m> 				sum(ps_supplycost * ps_availqty) * 0.0001000000
[32m(release)[0m> 			from
[32m(release)[0m> 				partsupp,
[32m(release)[0m> 				supplier,
[32m(release)[0m> 				nation
[32m(release)[0m> 			where
[32m(release)[0m> 				ps_suppkey = s_suppkey
[32m(release)[0m> 				and s_nationkey = n_nationkey
[32m(release)[0m> 				and n_name = 'GERMANY'
[32m(release)[0m> 		)
[32m(release)[0m> order by
[32m(release)[0m> 	value desc;
VmRSS Change: 10520 KB
===
0 rows total
Execution info: [PARSE: 90 µs 459 ns, SQL TRANSLATE: 247 µs 878 ns, OPTIMIZE: 5 ms 173 µs, LQP TRANSLATE: 210 µs 758 ns, EXECUTE: 51 ms 642 µs (wall time) | QUERY PLAN CACHE HITS: 0/1 statement(s)]
After reset, table use_count: 2
WARNING: Table still has 1 other owner(s) after pipeline reset!
Executing script file done
$:hsh mem_usage
------------------------------------------
Memory Usage Statistics:
VmSize:	216005152 kB
VmRSS:	44826704 kB
1: MemResourceStatus {MigratedColumnsAggregate,18446744073709551615,12610235929,10275988050,10275988050,0,1,N/A}
MemResourceStatus {NumaMonotonicResource,3,60000000000,4886968,160419888,283272336,1,283273240}
MemResourceStatus {NumaMonotonicResource,2,60000000000,0,0,0,0,0}
MemResourceStatus {NumaMonotonicResource,1,64000000000,1039541809,3671651606,18917318200,0,18917334560}
0: MemResourceStatus {MemManagerAggregate,18446744073709551615,124000000000,1039541809,3671651606,0,0,N/A}
1: MemResourceStatus {MemManagerAggregate,18446744073709551615,60000000000,4886968,160419888,0,1,N/A}
MemResourceStatus {DefaultResource,18446744073709551615,18446744073709551615,0,0,0,-1,N/A}
Quick Memory Usage Overview:
Used Capacity: 1039541809, 10280875018
------------------------------------------
Executing script file: /home/umeshsum/tpch_queries/11.sql
[32m(release)[0m> select
[32m(release)[0m> 	ps_partkey,
[32m(release)[0m> 	sum(ps_supplycost * ps_availqty) as value
[32m(release)[0m> from
[32m(release)[0m> 	partsupp,
[32m(release)[0m> 	supplier,
[32m(release)[0m> 	nation
[32m(release)[0m> where
[32m(release)[0m> 	ps_suppkey = s_suppkey
[32m(release)[0m> 	and s_nationkey = n_nationkey
[32m(release)[0m> 	and n_name = 'GERMANY'
[32m(release)[0m> group by
[32m(release)[0m> 	ps_partkey having
[32m(release)[0m> 		sum(ps_supplycost * ps_availqty) > (
[32m(release)[0m> 			select
[32m(release)[0m> 				sum(ps_supplycost * ps_availqty) * 0.0001000000
[32m(release)[0m> 			from
[32m(release)[0m> 				partsupp,
[32m(release)[0m> 				supplier,
[32m(release)[0m> 				nation
[32m(release)[0m> 			where
[32m(release)[0m> 				ps_suppkey = s_suppkey
[32m(release)[0m> 				and s_nationkey = n_nationkey
[32m(release)[0m> 				and n_name = 'GERMANY'
[32m(release)[0m> 		)
[32m(release)[0m> order by
[32m(release)[0m> 	value desc;
VmRSS Change: 12 KB
===
0 rows total
Execution info: [PARSE: 62 µs 130 ns, SQL TRANSLATE: 0 ns, OPTIMIZE: 0 ns, LQP TRANSLATE: 47 µs 370 ns, EXECUTE: 35 ms 191 µs (wall time) | QUERY PLAN CACHE HITS: 1/1 statement(s)]
After reset, table use_count: 2
WARNING: Table still has 1 other owner(s) after pipeline reset!
Executing script file done
$:hsh mem_usage
------------------------------------------
Memory Usage Statistics:
VmSize:	216005152 kB
VmRSS:	44826716 kB
1: MemResourceStatus {MigratedColumnsAggregate,18446744073709551615,12610235929,10275988050,10275988050,0,1,N/A}
MemResourceStatus {NumaMonotonicResource,3,60000000000,9773936,165306856,566544672,1,566546552}
MemResourceStatus {NumaMonotonicResource,2,60000000000,0,0,0,0,0}
MemResourceStatus {NumaMonotonicResource,1,64000000000,1039541809,3671651606,18917318200,0,18917334560}
0: MemResourceStatus {MemManagerAggregate,18446744073709551615,124000000000,1039541809,3671651606,0,0,N/A}
1: MemResourceStatus {MemManagerAggregate,18446744073709551615,60000000000,9773936,165306856,0,1,N/A}
MemResourceStatus {DefaultResource,18446744073709551615,18446744073709551615,0,0,0,-1,N/A}
Quick Memory Usage Overview:
Used Capacity: 1039541809, 10285761986
------------------------------------------
Executing script file: /home/umeshsum/tpch_queries/11.sql
[32m(release)[0m> select
[32m(release)[0m> 	ps_partkey,
[32m(release)[0m> 	sum(ps_supplycost * ps_availqty) as value
[32m(release)[0m> from
[32m(release)[0m> 	partsupp,
[32m(release)[0m> 	supplier,
[32m(release)[0m> 	nation
[32m(release)[0m> where
[32m(release)[0m> 	ps_suppkey = s_suppkey
[32m(release)[0m> 	and s_nationkey = n_nationkey
[32m(release)[0m> 	and n_name = 'GERMANY'
[32m(release)[0m> group by
[32m(release)[0m> 	ps_partkey having
[32m(release)[0m> 		sum(ps_supplycost * ps_availqty) > (
[32m(release)[0m> 			select
[32m(release)[0m> 				sum(ps_supplycost * ps_availqty) * 0.0001000000
[32m(release)[0m> 			from
[32m(release)[0m> 				partsupp,
[32m(release)[0m> 				supplier,
[32m(release)[0m> 				nation
[32m(release)[0m> 			where
[32m(release)[0m> 				ps_suppkey = s_suppkey
[32m(release)[0m> 				and s_nationkey = n_nationkey
[32m(release)[0m> 				and n_name = 'GERMANY'
[32m(release)[0m> 		)
[32m(release)[0m> order by
[32m(release)[0m> 	value desc;
VmRSS Change: 3084 KB
===
0 rows total
Execution info: [PARSE: 72 µs 450 ns, SQL TRANSLATE: 0 ns, OPTIMIZE: 0 ns, LQP TRANSLATE: 39 µs 969 ns, EXECUTE: 49 ms 640 µs (wall time) | QUERY PLAN CACHE HITS: 1/1 statement(s)]
After reset, table use_count: 2
WARNING: Table still has 1 other owner(s) after pipeline reset!
Executing script file done
$:hsh mem_usage
------------------------------------------
Memory Usage Statistics:
VmSize:	216005152 kB
VmRSS:	44829800 kB
1: MemResourceStatus {MigratedColumnsAggregate,18446744073709551615,12610235929,10275988050,10275988050,0,1,N/A}
MemResourceStatus {NumaMonotonicResource,3,60000000000,9773936,165306856,849817008,1,849819880}
MemResourceStatus {NumaMonotonicResource,2,60000000000,0,0,0,0,0}
MemResourceStatus {NumaMonotonicResource,1,64000000000,1039541809,3671651606,18917318200,0,18917334560}
0: MemResourceStatus {MemManagerAggregate,18446744073709551615,124000000000,1039541809,3671651606,0,0,N/A}
1: MemResourceStatus {MemManagerAggregate,18446744073709551615,60000000000,9773936,165306856,0,1,N/A}
MemResourceStatus {DefaultResource,18446744073709551615,18446744073709551615,0,0,0,-1,N/A}
Quick Memory Usage Overview:
Used Capacity: 1039541809, 10285761986
------------------------------------------
Executing script file: /home/umeshsum/tpch_queries/11.sql
[32m(release)[0m> select
[32m(release)[0m> 	ps_partkey,
[32m(release)[0m> 	sum(ps_supplycost * ps_availqty) as value
[32m(release)[0m> from
[32m(release)[0m> 	partsupp,
[32m(release)[0m> 	supplier,
[32m(release)[0m> 	nation
[32m(release)[0m> where
[32m(release)[0m> 	ps_suppkey = s_suppkey
[32m(release)[0m> 	and s_nationkey = n_nationkey
[32m(release)[0m> 	and n_name = 'GERMANY'
[32m(release)[0m> group by
[32m(release)[0m> 	ps_partkey having
[32m(release)[0m> 		sum(ps_supplycost * ps_availqty) > (
[32m(release)[0m> 			select
[32m(release)[0m> 				sum(ps_supplycost * ps_availqty) * 0.0001000000
[32m(release)[0m> 			from
[32m(release)[0m> 				partsupp,
[32m(release)[0m> 				supplier,
[32m(release)[0m> 				nation
[32m(release)[0m> 			where
[32m(release)[0m> 				ps_suppkey = s_suppkey
[32m(release)[0m> 				and s_nationkey = n_nationkey
[32m(release)[0m> 				and n_name = 'GERMANY'
[32m(release)[0m> 		)
[32m(release)[0m> order by
[32m(release)[0m> 	value desc;
VmRSS Change: 1208 KB
===
0 rows total
Execution info: [PARSE: 92 µs 689 ns, SQL TRANSLATE: 0 ns, OPTIMIZE: 0 ns, LQP TRANSLATE: 46 µs 790 ns, EXECUTE: 50 ms 318 µs (wall time) | QUERY PLAN CACHE HITS: 1/1 statement(s)]
After reset, table use_count: 2
WARNING: Table still has 1 other owner(s) after pipeline reset!
Executing script file done
$:hsh mem_usage
------------------------------------------
Memory Usage Statistics:
VmSize:	216005152 kB
VmRSS:	44831008 kB
1: MemResourceStatus {MigratedColumnsAggregate,18446744073709551615,12610235929,10275988050,10275988050,0,1,N/A}
MemResourceStatus {NumaMonotonicResource,3,60000000000,9773936,165356968,1133089344,1,1133093256}
MemResourceStatus {NumaMonotonicResource,2,60000000000,0,0,0,0,0}
MemResourceStatus {NumaMonotonicResource,1,64000000000,1039541809,3671651606,18917318200,0,18917334560}
0: MemResourceStatus {MemManagerAggregate,18446744073709551615,124000000000,1039541809,3671651606,0,0,N/A}
1: MemResourceStatus {MemManagerAggregate,18446744073709551615,60000000000,9773936,165356968,0,1,N/A}
MemResourceStatus {DefaultResource,18446744073709551615,18446744073709551615,0,0,0,-1,N/A}
Quick Memory Usage Overview:
Used Capacity: 1039541809, 10285761986
------------------------------------------
Executing script file: /home/umeshsum/tpch_queries/11.sql
[32m(release)[0m> select
[32m(release)[0m> 	ps_partkey,
[32m(release)[0m> 	sum(ps_supplycost * ps_availqty) as value
[32m(release)[0m> from
[32m(release)[0m> 	partsupp,
[32m(release)[0m> 	supplier,
[32m(release)[0m> 	nation
[32m(release)[0m> where
[32m(release)[0m> 	ps_suppkey = s_suppkey
[32m(release)[0m> 	and s_nationkey = n_nationkey
[32m(release)[0m> 	and n_name = 'GERMANY'
[32m(release)[0m> group by
[32m(release)[0m> 	ps_partkey having
[32m(release)[0m> 		sum(ps_supplycost * ps_availqty) > (
[32m(release)[0m> 			select
[32m(release)[0m> 				sum(ps_supplycost * ps_availqty) * 0.0001000000
[32m(release)[0m> 			from
[32m(release)[0m> 				partsupp,
[32m(release)[0m> 				supplier,
[32m(release)[0m> 				nation
[32m(release)[0m> 			where
[32m(release)[0m> 				ps_suppkey = s_suppkey
[32m(release)[0m> 				and s_nationkey = n_nationkey
[32m(release)[0m> 				and n_name = 'GERMANY'
[32m(release)[0m> 		)
[32m(release)[0m> order by
[32m(release)[0m> 	value desc;
VmRSS Change: 18924 KB
===
0 rows total
Execution info: [PARSE: 65 µs 209 ns, SQL TRANSLATE: 0 ns, OPTIMIZE: 0 ns, LQP TRANSLATE: 41 µs 930 ns, EXECUTE: 52 ms 407 µs (wall time) | QUERY PLAN CACHE HITS: 1/1 statement(s)]
After reset, table use_count: 2
WARNING: Table still has 1 other owner(s) after pipeline reset!
Executing script file done
$:hsh mem_usage
------------------------------------------
Memory Usage Statistics:
VmSize:	216005152 kB
VmRSS:	44849932 kB
1: MemResourceStatus {MigratedColumnsAggregate,18446744073709551615,12610235929,10275988050,10275988050,0,1,N/A}
MemResourceStatus {NumaMonotonicResource,3,60000000000,9773936,165356968,1416361680,1,1416366552}
MemResourceStatus {NumaMonotonicResource,2,60000000000,0,0,0,0,0}
MemResourceStatus {NumaMonotonicResource,1,64000000000,1039541809,3671651606,18917318200,0,18917334560}
0: MemResourceStatus {MemManagerAggregate,18446744073709551615,124000000000,1039541809,3671651606,0,0,N/A}
1: MemResourceStatus {MemManagerAggregate,18446744073709551615,60000000000,9773936,165356968,0,1,N/A}
MemResourceStatus {DefaultResource,18446744073709551615,18446744073709551615,0,0,0,-1,N/A}
Quick Memory Usage Overview:
Used Capacity: 1039541809, 10285761986
------------------------------------------
Executing script file: /home/umeshsum/tpch_queries/11.sql
[32m(release)[0m> select
[32m(release)[0m> 	ps_partkey,
[32m(release)[0m> 	sum(ps_supplycost * ps_availqty) as value
[32m(release)[0m> from
[32m(release)[0m> 	partsupp,
[32m(release)[0m> 	supplier,
[32m(release)[0m> 	nation
[32m(release)[0m> where
[32m(release)[0m> 	ps_suppkey = s_suppkey
[32m(release)[0m> 	and s_nationkey = n_nationkey
[32m(release)[0m> 	and n_name = 'GERMANY'
[32m(release)[0m> group by
[32m(release)[0m> 	ps_partkey having
[32m(release)[0m> 		sum(ps_supplycost * ps_availqty) > (
[32m(release)[0m> 			select
[32m(release)[0m> 				sum(ps_supplycost * ps_availqty) * 0.0001000000
[32m(release)[0m> 			from
[32m(release)[0m> 				partsupp,
[32m(release)[0m> 				supplier,
[32m(release)[0m> 				nation
[32m(release)[0m> 			where
[32m(release)[0m> 				ps_suppkey = s_suppkey
[32m(release)[0m> 				and s_nationkey = n_nationkey
[32m(release)[0m> 				and n_name = 'GERMANY'
[32m(release)[0m> 		)
[32m(release)[0m> order by
[32m(release)[0m> 	value desc;
VmRSS Change: 15004 KB
===
0 rows total
Execution info: [PARSE: 70 µs 820 ns, SQL TRANSLATE: 0 ns, OPTIMIZE: 0 ns, LQP TRANSLATE: 48 µs 429 ns, EXECUTE: 56 ms 24 µs (wall time) | QUERY PLAN CACHE HITS: 1/1 statement(s)]
After reset, table use_count: 2
WARNING: Table still has 1 other owner(s) after pipeline reset!
Executing script file done
$:hsh mem_usage
------------------------------------------
Memory Usage Statistics:
VmSize:	216005152 kB
VmRSS:	44864936 kB
1: MemResourceStatus {MigratedColumnsAggregate,18446744073709551615,12610235929,10275988050,10275988050,0,1,N/A}
MemResourceStatus {NumaMonotonicResource,3,60000000000,9773936,165356968,1699634016,1,1699639816}
MemResourceStatus {NumaMonotonicResource,2,60000000000,0,0,0,0,0}
MemResourceStatus {NumaMonotonicResource,1,64000000000,1039541809,3671651606,18917318200,0,18917334560}
0: MemResourceStatus {MemManagerAggregate,18446744073709551615,124000000000,1039541809,3671651606,0,0,N/A}
1: MemResourceStatus {MemManagerAggregate,18446744073709551615,60000000000,9773936,165356968,0,1,N/A}
MemResourceStatus {DefaultResource,18446744073709551615,18446744073709551615,0,0,0,-1,N/A}
Quick Memory Usage Overview:
Used Capacity: 1039541809, 10285761986
------------------------------------------
Executing script file: /home/umeshsum/tpch_queries/11.sql
[32m(release)[0m> select
[32m(release)[0m> 	ps_partkey,
[32m(release)[0m> 	sum(ps_supplycost * ps_availqty) as value
[32m(release)[0m> from
[32m(release)[0m> 	partsupp,
[32m(release)[0m> 	supplier,
[32m(release)[0m> 	nation
[32m(release)[0m> where
[32m(release)[0m> 	ps_suppkey = s_suppkey
[32m(release)[0m> 	and s_nationkey = n_nationkey
[32m(release)[0m> 	and n_name = 'GERMANY'
[32m(release)[0m> group by
[32m(release)[0m> 	ps_partkey having
[32m(release)[0m> 		sum(ps_supplycost * ps_availqty) > (
[32m(release)[0m> 			select
[32m(release)[0m> 				sum(ps_supplycost * ps_availqty) * 0.0001000000
[32m(release)[0m> 			from
[32m(release)[0m> 				partsupp,
[32m(release)[0m> 				supplier,
[32m(release)[0m> 				nation
[32m(release)[0m> 			where
[32m(release)[0m> 				ps_suppkey = s_suppkey
[32m(release)[0m> 				and s_nationkey = n_nationkey
[32m(release)[0m> 				and n_name = 'GERMANY'
[32m(release)[0m> 		)
[32m(release)[0m> order by
[32m(release)[0m> 	value desc;
VmRSS Change: 11424 KB
===
0 rows total
Execution info: [PARSE: 65 µs 870 ns, SQL TRANSLATE: 0 ns, OPTIMIZE: 0 ns, LQP TRANSLATE: 46 µs 579 ns, EXECUTE: 51 ms 298 µs (wall time) | QUERY PLAN CACHE HITS: 1/1 statement(s)]
After reset, table use_count: 2
WARNING: Table still has 1 other owner(s) after pipeline reset!
Executing script file done
$:hsh mem_usage
------------------------------------------
Memory Usage Statistics:
VmSize:	216005152 kB
VmRSS:	44876360 kB
1: MemResourceStatus {MigratedColumnsAggregate,18446744073709551615,12610235929,10275988050,10275988050,0,1,N/A}
MemResourceStatus {NumaMonotonicResource,3,60000000000,9773936,165356968,1982906352,1,1982913144}
MemResourceStatus {NumaMonotonicResource,2,60000000000,0,0,0,0,0}
MemResourceStatus {NumaMonotonicResource,1,64000000000,1039541809,3671651606,18917318200,0,18917334560}
0: MemResourceStatus {MemManagerAggregate,18446744073709551615,124000000000,1039541809,3671651606,0,0,N/A}
1: MemResourceStatus {MemManagerAggregate,18446744073709551615,60000000000,9773936,165356968,0,1,N/A}
MemResourceStatus {DefaultResource,18446744073709551615,18446744073709551615,0,0,0,-1,N/A}
Quick Memory Usage Overview:
Used Capacity: 1039541809, 10285761986
------------------------------------------
Executing script file: /home/umeshsum/tpch_queries/11.sql
[32m(release)[0m> select
[32m(release)[0m> 	ps_partkey,
[32m(release)[0m> 	sum(ps_supplycost * ps_availqty) as value
[32m(release)[0m> from
[32m(release)[0m> 	partsupp,
[32m(release)[0m> 	supplier,
[32m(release)[0m> 	nation
[32m(release)[0m> where
[32m(release)[0m> 	ps_suppkey = s_suppkey
[32m(release)[0m> 	and s_nationkey = n_nationkey
[32m(release)[0m> 	and n_name = 'GERMANY'
[32m(release)[0m> group by
[32m(release)[0m> 	ps_partkey having
[32m(release)[0m> 		sum(ps_supplycost * ps_availqty) > (
[32m(release)[0m> 			select
[32m(release)[0m> 				sum(ps_supplycost * ps_availqty) * 0.0001000000
[32m(release)[0m> 			from
[32m(release)[0m> 				partsupp,
[32m(release)[0m> 				supplier,
[32m(release)[0m> 				nation
[32m(release)[0m> 			where
[32m(release)[0m> 				ps_suppkey = s_suppkey
[32m(release)[0m> 				and s_nationkey = n_nationkey
[32m(release)[0m> 				and n_name = 'GERMANY'
[32m(release)[0m> 		)
[32m(release)[0m> order by
[32m(release)[0m> 	value desc;
VmRSS Change: 6828 KB
===
0 rows total
Execution info: [PARSE: 65 µs 69 ns, SQL TRANSLATE: 0 ns, OPTIMIZE: 0 ns, LQP TRANSLATE: 44 µs 280 ns, EXECUTE: 54 ms 767 µs (wall time) | QUERY PLAN CACHE HITS: 1/1 statement(s)]
After reset, table use_count: 2
WARNING: Table still has 1 other owner(s) after pipeline reset!
Executing script file done
$:hsh mem_usage
------------------------------------------
Memory Usage Statistics:
VmSize:	216005152 kB
VmRSS:	44883188 kB
1: MemResourceStatus {MigratedColumnsAggregate,18446744073709551615,12610235929,10275988050,10275988050,0,1,N/A}
MemResourceStatus {NumaMonotonicResource,3,60000000000,9773936,165356968,2266178688,1,2266186392}
MemResourceStatus {NumaMonotonicResource,2,60000000000,0,0,0,0,0}
MemResourceStatus {NumaMonotonicResource,1,64000000000,1039541809,3671651606,18917318200,0,18917334560}
0: MemResourceStatus {MemManagerAggregate,18446744073709551615,124000000000,1039541809,3671651606,0,0,N/A}
1: MemResourceStatus {MemManagerAggregate,18446744073709551615,60000000000,9773936,165356968,0,1,N/A}
MemResourceStatus {DefaultResource,18446744073709551615,18446744073709551615,0,0,0,-1,N/A}
Quick Memory Usage Overview:
Used Capacity: 1039541809, 10285761986
------------------------------------------
Executing script file: /home/umeshsum/tpch_queries/11.sql
[32m(release)[0m> select
[32m(release)[0m> 	ps_partkey,
[32m(release)[0m> 	sum(ps_supplycost * ps_availqty) as value
[32m(release)[0m> from
[32m(release)[0m> 	partsupp,
[32m(release)[0m> 	supplier,
[32m(release)[0m> 	nation
[32m(release)[0m> where
[32m(release)[0m> 	ps_suppkey = s_suppkey
[32m(release)[0m> 	and s_nationkey = n_nationkey
[32m(release)[0m> 	and n_name = 'GERMANY'
[32m(release)[0m> group by
[32m(release)[0m> 	ps_partkey having
[32m(release)[0m> 		sum(ps_supplycost * ps_availqty) > (
[32m(release)[0m> 			select
[32m(release)[0m> 				sum(ps_supplycost * ps_availqty) * 0.0001000000
[32m(release)[0m> 			from
[32m(release)[0m> 				partsupp,
[32m(release)[0m> 				supplier,
[32m(release)[0m> 				nation
[32m(release)[0m> 			where
[32m(release)[0m> 				ps_suppkey = s_suppkey
[32m(release)[0m> 				and s_nationkey = n_nationkey
[32m(release)[0m> 				and n_name = 'GERMANY'
[32m(release)[0m> 		)
[32m(release)[0m> order by
[32m(release)[0m> 	value desc;
VmRSS Change: 0 KB
===
0 rows total
Execution info: [PARSE: 75 µs 859 ns, SQL TRANSLATE: 0 ns, OPTIMIZE: 0 ns, LQP TRANSLATE: 46 µs 710 ns, EXECUTE: 48 ms 635 µs (wall time) | QUERY PLAN CACHE HITS: 1/1 statement(s)]
After reset, table use_count: 2
WARNING: Table still has 1 other owner(s) after pipeline reset!
Executing script file done
$:hsh mem_usage
------------------------------------------
Memory Usage Statistics:
VmSize:	216005152 kB
VmRSS:	44883188 kB
1: MemResourceStatus {MigratedColumnsAggregate,18446744073709551615,12610235929,10275988050,10275988050,0,1,N/A}
MemResourceStatus {NumaMonotonicResource,3,60000000000,9773936,165356968,2549451024,1,2549459640}
MemResourceStatus {NumaMonotonicResource,2,60000000000,0,0,0,0,0}
MemResourceStatus {NumaMonotonicResource,1,64000000000,1039541809,3671651606,18917318200,0,18917334560}
0: MemResourceStatus {MemManagerAggregate,18446744073709551615,124000000000,1039541809,3671651606,0,0,N/A}
1: MemResourceStatus {MemManagerAggregate,18446744073709551615,60000000000,9773936,165356968,0,1,N/A}
MemResourceStatus {DefaultResource,18446744073709551615,18446744073709551615,0,0,0,-1,N/A}
Quick Memory Usage Overview:
Used Capacity: 1039541809, 10285761986
------------------------------------------
Executing script file: /home/umeshsum/tpch_queries/11.sql
[32m(release)[0m> select
[32m(release)[0m> 	ps_partkey,
[32m(release)[0m> 	sum(ps_supplycost * ps_availqty) as value
[32m(release)[0m> from
[32m(release)[0m> 	partsupp,
[32m(release)[0m> 	supplier,
[32m(release)[0m> 	nation
[32m(release)[0m> where
[32m(release)[0m> 	ps_suppkey = s_suppkey
[32m(release)[0m> 	and s_nationkey = n_nationkey
[32m(release)[0m> 	and n_name = 'GERMANY'
[32m(release)[0m> group by
[32m(release)[0m> 	ps_partkey having
[32m(release)[0m> 		sum(ps_supplycost * ps_availqty) > (
[32m(release)[0m> 			select
[32m(release)[0m> 				sum(ps_supplycost * ps_availqty) * 0.0001000000
[32m(release)[0m> 			from
[32m(release)[0m> 				partsupp,
[32m(release)[0m> 				supplier,
[32m(release)[0m> 				nation
[32m(release)[0m> 			where
[32m(release)[0m> 				ps_suppkey = s_suppkey
[32m(release)[0m> 				and s_nationkey = n_nationkey
[32m(release)[0m> 				and n_name = 'GERMANY'
[32m(release)[0m> 		)
[32m(release)[0m> order by
[32m(release)[0m> 	value desc;
VmRSS Change: 3488 KB
===
0 rows total
Execution info: [PARSE: 65 µs 790 ns, SQL TRANSLATE: 0 ns, OPTIMIZE: 0 ns, LQP TRANSLATE: 45 µs 799 ns, EXECUTE: 48 ms 501 µs (wall time) | QUERY PLAN CACHE HITS: 1/1 statement(s)]
After reset, table use_count: 2
WARNING: Table still has 1 other owner(s) after pipeline reset!
Executing script file done
$:hsh mem_usage
------------------------------------------
Memory Usage Statistics:
VmSize:	216005152 kB
VmRSS:	44886676 kB
1: MemResourceStatus {MigratedColumnsAggregate,18446744073709551615,12610235929,10275988050,10275988050,0,1,N/A}
MemResourceStatus {NumaMonotonicResource,3,60000000000,9773936,165356968,2832723360,1,2832732952}
MemResourceStatus {NumaMonotonicResource,2,60000000000,0,0,0,0,0}
MemResourceStatus {NumaMonotonicResource,1,64000000000,1039541809,3671651606,18917318200,0,18917334560}
0: MemResourceStatus {MemManagerAggregate,18446744073709551615,124000000000,1039541809,3671651606,0,0,N/A}
1: MemResourceStatus {MemManagerAggregate,18446744073709551615,60000000000,9773936,165356968,0,1,N/A}
MemResourceStatus {DefaultResource,18446744073709551615,18446744073709551615,0,0,0,-1,N/A}
Quick Memory Usage Overview:
Used Capacity: 1039541809, 10285761986
------------------------------------------
Label set to d0_tf0_q12
$:hsh clear_plan_caches
Cleared PQP and LQP caches
$:hsh clear_pipeline
Released last SQLPipeline
$:hsh reset_exec_pools
Reset execution pools (2, 3) bump pointers to start
$:hsh mem_usage
------------------------------------------
Memory Usage Statistics:
VmSize:	216005152 kB
VmRSS:	44886676 kB
1: MemResourceStatus {MigratedColumnsAggregate,18446744073709551615,12610235929,10275988050,10275988050,0,1,N/A}
MemResourceStatus {NumaMonotonicResource,3,60000000000,0,0,0,1,0}
MemResourceStatus {NumaMonotonicResource,2,60000000000,0,0,0,0,0}
MemResourceStatus {NumaMonotonicResource,1,64000000000,1039541809,3671651606,18917318200,0,18917334560}
0: MemResourceStatus {MemManagerAggregate,18446744073709551615,124000000000,1039541809,3671651606,0,0,N/A}
1: MemResourceStatus {MemManagerAggregate,18446744073709551615,60000000000,0,0,0,1,N/A}
MemResourceStatus {DefaultResource,18446744073709551615,18446744073709551615,0,0,0,-1,N/A}
Quick Memory Usage Overview:
Used Capacity: 1039541809, 10275988050
------------------------------------------
Executing script file: /home/umeshsum/tpch_queries/12.sql
[32m(release)[0m> select
[32m(release)[0m> 	l_shipmode,
[32m(release)[0m> 	sum(case
[32m(release)[0m> 		when o_orderpriority = '1-URGENT'
[32m(release)[0m> 			or o_orderpriority = '2-HIGH'
[32m(release)[0m> 			then 1
[32m(release)[0m> 		else 0
[32m(release)[0m> 	end) as high_line_count,
[32m(release)[0m> 	sum(case
[32m(release)[0m> 		when o_orderpriority <> '1-URGENT'
[32m(release)[0m> 			and o_orderpriority <> '2-HIGH'
[32m(release)[0m> 			then 1
[32m(release)[0m> 		else 0
[32m(release)[0m> 	end) as low_line_count
[32m(release)[0m> from
[32m(release)[0m> 	orders,
[32m(release)[0m> 	lineitem
[32m(release)[0m> where
[32m(release)[0m> 	o_orderkey = l_orderkey
[32m(release)[0m> 	and l_shipmode in ('MAIL', 'SHIP')
[32m(release)[0m> 	and l_commitdate < l_receiptdate
[32m(release)[0m> 	and l_shipdate < l_commitdate
[32m(release)[0m> 	and l_receiptdate >= date '1994-01-01'
[32m(release)[0m> 	and l_receiptdate < date '1994-01-01' + interval '1' year
[32m(release)[0m> group by
[32m(release)[0m> 	l_shipmode
[32m(release)[0m> order by
[32m(release)[0m> 	l_shipmode;
VmRSS Change: 130896 KB
===
2 rows total
Execution info: [PARSE: 84 µs 279 ns, SQL TRANSLATE: 261 µs 168 ns, OPTIMIZE: 2 ms 801 µs, LQP TRANSLATE: 227 µs 488 ns, EXECUTE: 607 ms 922 µs (wall time) | QUERY PLAN CACHE HITS: 0/1 statement(s)]
After reset, table use_count: 2
WARNING: Table still has 1 other owner(s) after pipeline reset!
Executing script file done
$:hsh mem_usage
------------------------------------------
Memory Usage Statistics:
VmSize:	216005152 kB
VmRSS:	45017592 kB
1: MemResourceStatus {MigratedColumnsAggregate,18446744073709551615,12610235929,10275988050,10275988050,0,1,N/A}
MemResourceStatus {NumaMonotonicResource,3,60000000000,1647552,313727336,1317162472,1,1317170824}
MemResourceStatus {NumaMonotonicResource,2,60000000000,0,0,0,0,0}
MemResourceStatus {NumaMonotonicResource,1,64000000000,1039541809,3671651606,18917318200,0,18917334560}
0: MemResourceStatus {MemManagerAggregate,18446744073709551615,124000000000,1039541809,3671651606,0,0,N/A}
1: MemResourceStatus {MemManagerAggregate,18446744073709551615,60000000000,1647552,313727336,0,1,N/A}
MemResourceStatus {DefaultResource,18446744073709551615,18446744073709551615,0,0,0,-1,N/A}
Quick Memory Usage Overview:
Used Capacity: 1039541809, 10277635602
------------------------------------------
Executing script file: /home/umeshsum/tpch_queries/12.sql
[32m(release)[0m> select
[32m(release)[0m> 	l_shipmode,
[32m(release)[0m> 	sum(case
[32m(release)[0m> 		when o_orderpriority = '1-URGENT'
[32m(release)[0m> 			or o_orderpriority = '2-HIGH'
[32m(release)[0m> 			then 1
[32m(release)[0m> 		else 0
[32m(release)[0m> 	end) as high_line_count,
[32m(release)[0m> 	sum(case
[32m(release)[0m> 		when o_orderpriority <> '1-URGENT'
[32m(release)[0m> 			and o_orderpriority <> '2-HIGH'
[32m(release)[0m> 			then 1
[32m(release)[0m> 		else 0
[32m(release)[0m> 	end) as low_line_count
[32m(release)[0m> from
[32m(release)[0m> 	orders,
[32m(release)[0m> 	lineitem
[32m(release)[0m> where
[32m(release)[0m> 	o_orderkey = l_orderkey
[32m(release)[0m> 	and l_shipmode in ('MAIL', 'SHIP')
[32m(release)[0m> 	and l_commitdate < l_receiptdate
[32m(release)[0m> 	and l_shipdate < l_commitdate
[32m(release)[0m> 	and l_receiptdate >= date '1994-01-01'
[32m(release)[0m> 	and l_receiptdate < date '1994-01-01' + interval '1' year
[32m(release)[0m> group by
[32m(release)[0m> 	l_shipmode
[32m(release)[0m> order by
[32m(release)[0m> 	l_shipmode;
VmRSS Change: 93000 KB
===
2 rows total
Execution info: [PARSE: 83 µs 859 ns, SQL TRANSLATE: 0 ns, OPTIMIZE: 0 ns, LQP TRANSLATE: 65 µs 719 ns, EXECUTE: 568 ms 484 µs (wall time) | QUERY PLAN CACHE HITS: 1/1 statement(s)]
After reset, table use_count: 2
WARNING: Table still has 1 other owner(s) after pipeline reset!
Executing script file done
$:hsh mem_usage
------------------------------------------
Memory Usage Statistics:
VmSize:	216005152 kB
VmRSS:	45110596 kB
1: MemResourceStatus {MigratedColumnsAggregate,18446744073709551615,12610235929,10275988050,10275988050,0,1,N/A}
MemResourceStatus {NumaMonotonicResource,3,60000000000,1721608,313801392,2634324944,1,2634341672}
MemResourceStatus {NumaMonotonicResource,2,60000000000,0,0,0,0,0}
MemResourceStatus {NumaMonotonicResource,1,64000000000,1039541809,3671651606,18917318200,0,18917334560}
0: MemResourceStatus {MemManagerAggregate,18446744073709551615,124000000000,1039541809,3671651606,0,0,N/A}
1: MemResourceStatus {MemManagerAggregate,18446744073709551615,60000000000,1721608,313801392,0,1,N/A}
MemResourceStatus {DefaultResource,18446744073709551615,18446744073709551615,0,0,0,-1,N/A}
Quick Memory Usage Overview:
Used Capacity: 1039541809, 10277709658
------------------------------------------
Executing script file: /home/umeshsum/tpch_queries/12.sql
[32m(release)[0m> select
[32m(release)[0m> 	l_shipmode,
[32m(release)[0m> 	sum(case
[32m(release)[0m> 		when o_orderpriority = '1-URGENT'
[32m(release)[0m> 			or o_orderpriority = '2-HIGH'
[32m(release)[0m> 			then 1
[32m(release)[0m> 		else 0
[32m(release)[0m> 	end) as high_line_count,
[32m(release)[0m> 	sum(case
[32m(release)[0m> 		when o_orderpriority <> '1-URGENT'
[32m(release)[0m> 			and o_orderpriority <> '2-HIGH'
[32m(release)[0m> 			then 1
[32m(release)[0m> 		else 0
[32m(release)[0m> 	end) as low_line_count
[32m(release)[0m> from
[32m(release)[0m> 	orders,
[32m(release)[0m> 	lineitem
[32m(release)[0m> where
[32m(release)[0m> 	o_orderkey = l_orderkey
[32m(release)[0m> 	and l_shipmode in ('MAIL', 'SHIP')
[32m(release)[0m> 	and l_commitdate < l_receiptdate
[32m(release)[0m> 	and l_shipdate < l_commitdate
[32m(release)[0m> 	and l_receiptdate >= date '1994-01-01'
[32m(release)[0m> 	and l_receiptdate < date '1994-01-01' + interval '1' year
[32m(release)[0m> group by
[32m(release)[0m> 	l_shipmode
[32m(release)[0m> order by
[32m(release)[0m> 	l_shipmode;
VmRSS Change: 222472 KB
===
2 rows total
Execution info: [PARSE: 79 µs 189 ns, SQL TRANSLATE: 0 ns, OPTIMIZE: 0 ns, LQP TRANSLATE: 56 µs 289 ns, EXECUTE: 604 ms 626 µs (wall time) | QUERY PLAN CACHE HITS: 1/1 statement(s)]
After reset, table use_count: 2
WARNING: Table still has 1 other owner(s) after pipeline reset!
Executing script file done
$:hsh mem_usage
------------------------------------------
Memory Usage Statistics:
VmSize:	216005152 kB
VmRSS:	45333068 kB
1: MemResourceStatus {MigratedColumnsAggregate,18446744073709551615,12610235929,10275988050,10275988050,0,1,N/A}
MemResourceStatus {NumaMonotonicResource,3,60000000000,1721608,313801392,3951487416,1,3951512552}
MemResourceStatus {NumaMonotonicResource,2,60000000000,0,0,0,0,0}
MemResourceStatus {NumaMonotonicResource,1,64000000000,1039541809,3671651606,18917318200,0,18917334560}
0: MemResourceStatus {MemManagerAggregate,18446744073709551615,124000000000,1039541809,3671651606,0,0,N/A}
1: MemResourceStatus {MemManagerAggregate,18446744073709551615,60000000000,1721608,313801392,0,1,N/A}
MemResourceStatus {DefaultResource,18446744073709551615,18446744073709551615,0,0,0,-1,N/A}
Quick Memory Usage Overview:
Used Capacity: 1039541809, 10277709658
------------------------------------------
Executing script file: /home/umeshsum/tpch_queries/12.sql
[32m(release)[0m> select
[32m(release)[0m> 	l_shipmode,
[32m(release)[0m> 	sum(case
[32m(release)[0m> 		when o_orderpriority = '1-URGENT'
[32m(release)[0m> 			or o_orderpriority = '2-HIGH'
[32m(release)[0m> 			then 1
[32m(release)[0m> 		else 0
[32m(release)[0m> 	end) as high_line_count,
[32m(release)[0m> 	sum(case
[32m(release)[0m> 		when o_orderpriority <> '1-URGENT'
[32m(release)[0m> 			and o_orderpriority <> '2-HIGH'
[32m(release)[0m> 			then 1
[32m(release)[0m> 		else 0
[32m(release)[0m> 	end) as low_line_count
[32m(release)[0m> from
[32m(release)[0m> 	orders,
[32m(release)[0m> 	lineitem
[32m(release)[0m> where
[32m(release)[0m> 	o_orderkey = l_orderkey
[32m(release)[0m> 	and l_shipmode in ('MAIL', 'SHIP')
[32m(release)[0m> 	and l_commitdate < l_receiptdate
[32m(release)[0m> 	and l_shipdate < l_commitdate
[32m(release)[0m> 	and l_receiptdate >= date '1994-01-01'
[32m(release)[0m> 	and l_receiptdate < date '1994-01-01' + interval '1' year
[32m(release)[0m> group by
[32m(release)[0m> 	l_shipmode
[32m(release)[0m> order by
[32m(release)[0m> 	l_shipmode;
VmRSS Change: 154832 KB
===
2 rows total
Execution info: [PARSE: 80 µs 819 ns, SQL TRANSLATE: 0 ns, OPTIMIZE: 0 ns, LQP TRANSLATE: 51 µs 709 ns, EXECUTE: 609 ms 835 µs (wall time) | QUERY PLAN CACHE HITS: 1/1 statement(s)]
After reset, table use_count: 2
WARNING: Table still has 1 other owner(s) after pipeline reset!
Executing script file done
$:hsh mem_usage
------------------------------------------
Memory Usage Statistics:
VmSize:	216005152 kB
VmRSS:	45487900 kB
1: MemResourceStatus {MigratedColumnsAggregate,18446744073709551615,12610235929,10275988050,10275988050,0,1,N/A}
MemResourceStatus {NumaMonotonicResource,3,60000000000,1721608,313801392,5268649888,1,5268683416}
MemResourceStatus {NumaMonotonicResource,2,60000000000,0,0,0,0,0}
MemResourceStatus {NumaMonotonicResource,1,64000000000,1039541809,3671651606,18917318200,0,18917334560}
0: MemResourceStatus {MemManagerAggregate,18446744073709551615,124000000000,1039541809,3671651606,0,0,N/A}
1: MemResourceStatus {MemManagerAggregate,18446744073709551615,60000000000,1721608,313801392,0,1,N/A}
MemResourceStatus {DefaultResource,18446744073709551615,18446744073709551615,0,0,0,-1,N/A}
Quick Memory Usage Overview:
Used Capacity: 1039541809, 10277709658
------------------------------------------
Executing script file: /home/umeshsum/tpch_queries/12.sql
[32m(release)[0m> select
[32m(release)[0m> 	l_shipmode,
[32m(release)[0m> 	sum(case
[32m(release)[0m> 		when o_orderpriority = '1-URGENT'
[32m(release)[0m> 			or o_orderpriority = '2-HIGH'
[32m(release)[0m> 			then 1
[32m(release)[0m> 		else 0
[32m(release)[0m> 	end) as high_line_count,
[32m(release)[0m> 	sum(case
[32m(release)[0m> 		when o_orderpriority <> '1-URGENT'
[32m(release)[0m> 			and o_orderpriority <> '2-HIGH'
[32m(release)[0m> 			then 1
[32m(release)[0m> 		else 0
[32m(release)[0m> 	end) as low_line_count
[32m(release)[0m> from
[32m(release)[0m> 	orders,
[32m(release)[0m> 	lineitem
[32m(release)[0m> where
[32m(release)[0m> 	o_orderkey = l_orderkey
[32m(release)[0m> 	and l_shipmode in ('MAIL', 'SHIP')
[32m(release)[0m> 	and l_commitdate < l_receiptdate
[32m(release)[0m> 	and l_shipdate < l_commitdate
[32m(release)[0m> 	and l_receiptdate >= date '1994-01-01'
[32m(release)[0m> 	and l_receiptdate < date '1994-01-01' + interval '1' year
[32m(release)[0m> group by
[32m(release)[0m> 	l_shipmode
[32m(release)[0m> order by
[32m(release)[0m> 	l_shipmode;
VmRSS Change: 125660 KB
===
2 rows total
Execution info: [PARSE: 91 µs 529 ns, SQL TRANSLATE: 0 ns, OPTIMIZE: 0 ns, LQP TRANSLATE: 51 µs 420 ns, EXECUTE: 594 ms 526 µs (wall time) | QUERY PLAN CACHE HITS: 1/1 statement(s)]
After reset, table use_count: 2
WARNING: Table still has 1 other owner(s) after pipeline reset!
Executing script file done
$:hsh mem_usage
------------------------------------------
Memory Usage Statistics:
VmSize:	216005152 kB
VmRSS:	45613560 kB
1: MemResourceStatus {MigratedColumnsAggregate,18446744073709551615,12610235929,10275988050,10275988050,0,1,N/A}
MemResourceStatus {NumaMonotonicResource,3,60000000000,1721608,313801392,6585812360,1,6585854280}
MemResourceStatus {NumaMonotonicResource,2,60000000000,0,0,0,0,0}
MemResourceStatus {NumaMonotonicResource,1,64000000000,1039541809,3671651606,18917318200,0,18917334560}
0: MemResourceStatus {MemManagerAggregate,18446744073709551615,124000000000,1039541809,3671651606,0,0,N/A}
1: MemResourceStatus {MemManagerAggregate,18446744073709551615,60000000000,1721608,313801392,0,1,N/A}
MemResourceStatus {DefaultResource,18446744073709551615,18446744073709551615,0,0,0,-1,N/A}
Quick Memory Usage Overview:
Used Capacity: 1039541809, 10277709658
------------------------------------------
Executing script file: /home/umeshsum/tpch_queries/12.sql
[32m(release)[0m> select
[32m(release)[0m> 	l_shipmode,
[32m(release)[0m> 	sum(case
[32m(release)[0m> 		when o_orderpriority = '1-URGENT'
[32m(release)[0m> 			or o_orderpriority = '2-HIGH'
[32m(release)[0m> 			then 1
[32m(release)[0m> 		else 0
[32m(release)[0m> 	end) as high_line_count,
[32m(release)[0m> 	sum(case
[32m(release)[0m> 		when o_orderpriority <> '1-URGENT'
[32m(release)[0m> 			and o_orderpriority <> '2-HIGH'
[32m(release)[0m> 			then 1
[32m(release)[0m> 		else 0
[32m(release)[0m> 	end) as low_line_count
[32m(release)[0m> from
[32m(release)[0m> 	orders,
[32m(release)[0m> 	lineitem
[32m(release)[0m> where
[32m(release)[0m> 	o_orderkey = l_orderkey
[32m(release)[0m> 	and l_shipmode in ('MAIL', 'SHIP')
[32m(release)[0m> 	and l_commitdate < l_receiptdate
[32m(release)[0m> 	and l_shipdate < l_commitdate
[32m(release)[0m> 	and l_receiptdate >= date '1994-01-01'
[32m(release)[0m> 	and l_receiptdate < date '1994-01-01' + interval '1' year
[32m(release)[0m> group by
[32m(release)[0m> 	l_shipmode
[32m(release)[0m> order by
[32m(release)[0m> 	l_shipmode;
VmRSS Change: 216992 KB
===
2 rows total
Execution info: [PARSE: 77 µs 100 ns, SQL TRANSLATE: 0 ns, OPTIMIZE: 0 ns, LQP TRANSLATE: 51 µs 430 ns, EXECUTE: 620 ms 131 µs (wall time) | QUERY PLAN CACHE HITS: 1/1 statement(s)]
After reset, table use_count: 2
WARNING: Table still has 1 other owner(s) after pipeline reset!
Executing script file done
$:hsh mem_usage
------------------------------------------
Memory Usage Statistics:
VmSize:	216005152 kB
VmRSS:	45830552 kB
1: MemResourceStatus {MigratedColumnsAggregate,18446744073709551615,12610235929,10275988050,10275988050,0,1,N/A}
MemResourceStatus {NumaMonotonicResource,3,60000000000,1721608,313801392,7902974832,1,7903025128}
MemResourceStatus {NumaMonotonicResource,2,60000000000,0,0,0,0,0}
MemResourceStatus {NumaMonotonicResource,1,64000000000,1039541809,3671651606,18917318200,0,18917334560}
0: MemResourceStatus {MemManagerAggregate,18446744073709551615,124000000000,1039541809,3671651606,0,0,N/A}
1: MemResourceStatus {MemManagerAggregate,18446744073709551615,60000000000,1721608,313801392,0,1,N/A}
MemResourceStatus {DefaultResource,18446744073709551615,18446744073709551615,0,0,0,-1,N/A}
Quick Memory Usage Overview:
Used Capacity: 1039541809, 10277709658
------------------------------------------
Executing script file: /home/umeshsum/tpch_queries/12.sql
[32m(release)[0m> select
[32m(release)[0m> 	l_shipmode,
[32m(release)[0m> 	sum(case
[32m(release)[0m> 		when o_orderpriority = '1-URGENT'
[32m(release)[0m> 			or o_orderpriority = '2-HIGH'
[32m(release)[0m> 			then 1
[32m(release)[0m> 		else 0
[32m(release)[0m> 	end) as high_line_count,
[32m(release)[0m> 	sum(case
[32m(release)[0m> 		when o_orderpriority <> '1-URGENT'
[32m(release)[0m> 			and o_orderpriority <> '2-HIGH'
[32m(release)[0m> 			then 1
[32m(release)[0m> 		else 0
[32m(release)[0m> 	end) as low_line_count
[32m(release)[0m> from
[32m(release)[0m> 	orders,
[32m(release)[0m> 	lineitem
[32m(release)[0m> where
[32m(release)[0m> 	o_orderkey = l_orderkey
[32m(release)[0m> 	and l_shipmode in ('MAIL', 'SHIP')
[32m(release)[0m> 	and l_commitdate < l_receiptdate
[32m(release)[0m> 	and l_shipdate < l_commitdate
[32m(release)[0m> 	and l_receiptdate >= date '1994-01-01'
[32m(release)[0m> 	and l_receiptdate < date '1994-01-01' + interval '1' year
[32m(release)[0m> group by
[32m(release)[0m> 	l_shipmode
[32m(release)[0m> order by
[32m(release)[0m> 	l_shipmode;
VmRSS Change: 155400 KB
===
2 rows total
Execution info: [PARSE: 77 µs 439 ns, SQL TRANSLATE: 0 ns, OPTIMIZE: 0 ns, LQP TRANSLATE: 52 µs 480 ns, EXECUTE: 611 ms 282 µs (wall time) | QUERY PLAN CACHE HITS: 1/1 statement(s)]
After reset, table use_count: 2
WARNING: Table still has 1 other owner(s) after pipeline reset!
Executing script file done
$:hsh mem_usage
------------------------------------------
Memory Usage Statistics:
VmSize:	216005152 kB
VmRSS:	45985876 kB
1: MemResourceStatus {MigratedColumnsAggregate,18446744073709551615,12610235929,10275988050,10275988050,0,1,N/A}
MemResourceStatus {NumaMonotonicResource,3,60000000000,1721608,313801392,9220137304,1,9220196008}
MemResourceStatus {NumaMonotonicResource,2,60000000000,0,0,0,0,0}
MemResourceStatus {NumaMonotonicResource,1,64000000000,1039541809,3671651606,18917318200,0,18917334560}
0: MemResourceStatus {MemManagerAggregate,18446744073709551615,124000000000,1039541809,3671651606,0,0,N/A}
1: MemResourceStatus {MemManagerAggregate,18446744073709551615,60000000000,1721608,313801392,0,1,N/A}
MemResourceStatus {DefaultResource,18446744073709551615,18446744073709551615,0,0,0,-1,N/A}
Quick Memory Usage Overview:
Used Capacity: 1039541809, 10277709658
------------------------------------------
Executing script file: /home/umeshsum/tpch_queries/12.sql
[32m(release)[0m> select
[32m(release)[0m> 	l_shipmode,
[32m(release)[0m> 	sum(case
[32m(release)[0m> 		when o_orderpriority = '1-URGENT'
[32m(release)[0m> 			or o_orderpriority = '2-HIGH'
[32m(release)[0m> 			then 1
[32m(release)[0m> 		else 0
[32m(release)[0m> 	end) as high_line_count,
[32m(release)[0m> 	sum(case
[32m(release)[0m> 		when o_orderpriority <> '1-URGENT'
[32m(release)[0m> 			and o_orderpriority <> '2-HIGH'
[32m(release)[0m> 			then 1
[32m(release)[0m> 		else 0
[32m(release)[0m> 	end) as low_line_count
[32m(release)[0m> from
[32m(release)[0m> 	orders,
[32m(release)[0m> 	lineitem
[32m(release)[0m> where
[32m(release)[0m> 	o_orderkey = l_orderkey
[32m(release)[0m> 	and l_shipmode in ('MAIL', 'SHIP')
[32m(release)[0m> 	and l_commitdate < l_receiptdate
[32m(release)[0m> 	and l_shipdate < l_commitdate
[32m(release)[0m> 	and l_receiptdate >= date '1994-01-01'
[32m(release)[0m> 	and l_receiptdate < date '1994-01-01' + interval '1' year
[32m(release)[0m> group by
[32m(release)[0m> 	l_shipmode
[32m(release)[0m> order by
[32m(release)[0m> 	l_shipmode;
VmRSS Change: 125972 KB
===
2 rows total
Execution info: [PARSE: 78 µs 359 ns, SQL TRANSLATE: 0 ns, OPTIMIZE: 0 ns, LQP TRANSLATE: 51 µs 189 ns, EXECUTE: 589 ms 530 µs (wall time) | QUERY PLAN CACHE HITS: 1/1 statement(s)]
After reset, table use_count: 2
WARNING: Table still has 1 other owner(s) after pipeline reset!
Executing script file done
$:hsh mem_usage
------------------------------------------
Memory Usage Statistics:
VmSize:	216005152 kB
VmRSS:	46111848 kB
1: MemResourceStatus {MigratedColumnsAggregate,18446744073709551615,12610235929,10275988050,10275988050,0,1,N/A}
MemResourceStatus {NumaMonotonicResource,3,60000000000,1721608,313801392,10537299776,1,10537366856}
MemResourceStatus {NumaMonotonicResource,2,60000000000,0,0,0,0,0}
MemResourceStatus {NumaMonotonicResource,1,64000000000,1039541809,3671651606,18917318200,0,18917334560}
0: MemResourceStatus {MemManagerAggregate,18446744073709551615,124000000000,1039541809,3671651606,0,0,N/A}
1: MemResourceStatus {MemManagerAggregate,18446744073709551615,60000000000,1721608,313801392,0,1,N/A}
MemResourceStatus {DefaultResource,18446744073709551615,18446744073709551615,0,0,0,-1,N/A}
Quick Memory Usage Overview:
Used Capacity: 1039541809, 10277709658
------------------------------------------
Executing script file: /home/umeshsum/tpch_queries/12.sql
[32m(release)[0m> select
[32m(release)[0m> 	l_shipmode,
[32m(release)[0m> 	sum(case
[32m(release)[0m> 		when o_orderpriority = '1-URGENT'
[32m(release)[0m> 			or o_orderpriority = '2-HIGH'
[32m(release)[0m> 			then 1
[32m(release)[0m> 		else 0
[32m(release)[0m> 	end) as high_line_count,
[32m(release)[0m> 	sum(case
[32m(release)[0m> 		when o_orderpriority <> '1-URGENT'
[32m(release)[0m> 			and o_orderpriority <> '2-HIGH'
[32m(release)[0m> 			then 1
[32m(release)[0m> 		else 0
[32m(release)[0m> 	end) as low_line_count
[32m(release)[0m> from
[32m(release)[0m> 	orders,
[32m(release)[0m> 	lineitem
[32m(release)[0m> where
[32m(release)[0m> 	o_orderkey = l_orderkey
[32m(release)[0m> 	and l_shipmode in ('MAIL', 'SHIP')
[32m(release)[0m> 	and l_commitdate < l_receiptdate
[32m(release)[0m> 	and l_shipdate < l_commitdate
[32m(release)[0m> 	and l_receiptdate >= date '1994-01-01'
[32m(release)[0m> 	and l_receiptdate < date '1994-01-01' + interval '1' year
[32m(release)[0m> group by
[32m(release)[0m> 	l_shipmode
[32m(release)[0m> order by
[32m(release)[0m> 	l_shipmode;
VmRSS Change: 228992 KB
===
2 rows total
Execution info: [PARSE: 122 µs 549 ns, SQL TRANSLATE: 0 ns, OPTIMIZE: 0 ns, LQP TRANSLATE: 51 µs 140 ns, EXECUTE: 637 ms 902 µs (wall time) | QUERY PLAN CACHE HITS: 1/1 statement(s)]
After reset, table use_count: 2
WARNING: Table still has 1 other owner(s) after pipeline reset!
Executing script file done
$:hsh mem_usage
------------------------------------------
Memory Usage Statistics:
VmSize:	216005152 kB
VmRSS:	46340832 kB
1: MemResourceStatus {MigratedColumnsAggregate,18446744073709551615,12610235929,10275988050,10275988050,0,1,N/A}
MemResourceStatus {NumaMonotonicResource,3,60000000000,1721608,313801392,11854462248,1,11854537672}
MemResourceStatus {NumaMonotonicResource,2,60000000000,0,0,0,0,0}
MemResourceStatus {NumaMonotonicResource,1,64000000000,1039541809,3671651606,18917318200,0,18917334560}
0: MemResourceStatus {MemManagerAggregate,18446744073709551615,124000000000,1039541809,3671651606,0,0,N/A}
1: MemResourceStatus {MemManagerAggregate,18446744073709551615,60000000000,1721608,313801392,0,1,N/A}
MemResourceStatus {DefaultResource,18446744073709551615,18446744073709551615,0,0,0,-1,N/A}
Quick Memory Usage Overview:
Used Capacity: 1039541809, 10277709658
------------------------------------------
Executing script file: /home/umeshsum/tpch_queries/12.sql
[32m(release)[0m> select
[32m(release)[0m> 	l_shipmode,
[32m(release)[0m> 	sum(case
[32m(release)[0m> 		when o_orderpriority = '1-URGENT'
[32m(release)[0m> 			or o_orderpriority = '2-HIGH'
[32m(release)[0m> 			then 1
[32m(release)[0m> 		else 0
[32m(release)[0m> 	end) as high_line_count,
[32m(release)[0m> 	sum(case
[32m(release)[0m> 		when o_orderpriority <> '1-URGENT'
[32m(release)[0m> 			and o_orderpriority <> '2-HIGH'
[32m(release)[0m> 			then 1
[32m(release)[0m> 		else 0
[32m(release)[0m> 	end) as low_line_count
[32m(release)[0m> from
[32m(release)[0m> 	orders,
[32m(release)[0m> 	lineitem
[32m(release)[0m> where
[32m(release)[0m> 	o_orderkey = l_orderkey
[32m(release)[0m> 	and l_shipmode in ('MAIL', 'SHIP')
[32m(release)[0m> 	and l_commitdate < l_receiptdate
[32m(release)[0m> 	and l_shipdate < l_commitdate
[32m(release)[0m> 	and l_receiptdate >= date '1994-01-01'
[32m(release)[0m> 	and l_receiptdate < date '1994-01-01' + interval '1' year
[32m(release)[0m> group by
[32m(release)[0m> 	l_shipmode
[32m(release)[0m> order by
[32m(release)[0m> 	l_shipmode;
VmRSS Change: 124500 KB
===
2 rows total
Execution info: [PARSE: 75 µs 69 ns, SQL TRANSLATE: 0 ns, OPTIMIZE: 0 ns, LQP TRANSLATE: 51 µs 790 ns, EXECUTE: 590 ms 832 µs (wall time) | QUERY PLAN CACHE HITS: 1/1 statement(s)]
After reset, table use_count: 2
WARNING: Table still has 1 other owner(s) after pipeline reset!
Executing script file done
$:hsh mem_usage
------------------------------------------
Memory Usage Statistics:
VmSize:	216005152 kB
VmRSS:	46465332 kB
1: MemResourceStatus {MigratedColumnsAggregate,18446744073709551615,12610235929,10275988050,10275988050,0,1,N/A}
MemResourceStatus {NumaMonotonicResource,3,60000000000,1721608,313801392,13171624720,1,13171708520}
MemResourceStatus {NumaMonotonicResource,2,60000000000,0,0,0,0,0}
MemResourceStatus {NumaMonotonicResource,1,64000000000,1039541809,3671651606,18917318200,0,18917334560}
0: MemResourceStatus {MemManagerAggregate,18446744073709551615,124000000000,1039541809,3671651606,0,0,N/A}
1: MemResourceStatus {MemManagerAggregate,18446744073709551615,60000000000,1721608,313801392,0,1,N/A}
MemResourceStatus {DefaultResource,18446744073709551615,18446744073709551615,0,0,0,-1,N/A}
Quick Memory Usage Overview:
Used Capacity: 1039541809, 10277709658
------------------------------------------
Label set to d0_tf0_q13
$:hsh clear_plan_caches
Cleared PQP and LQP caches
$:hsh clear_pipeline
Released last SQLPipeline
$:hsh reset_exec_pools
Reset execution pools (2, 3) bump pointers to start
$:hsh mem_usage
------------------------------------------
Memory Usage Statistics:
VmSize:	216005152 kB
VmRSS:	46465332 kB
1: MemResourceStatus {MigratedColumnsAggregate,18446744073709551615,12610235929,10275988050,10275988050,0,1,N/A}
MemResourceStatus {NumaMonotonicResource,3,60000000000,0,0,0,1,0}
MemResourceStatus {NumaMonotonicResource,2,60000000000,0,0,0,0,0}
MemResourceStatus {NumaMonotonicResource,1,64000000000,1039541809,3671651606,18917318200,0,18917334560}
0: MemResourceStatus {MemManagerAggregate,18446744073709551615,124000000000,1039541809,3671651606,0,0,N/A}
1: MemResourceStatus {MemManagerAggregate,18446744073709551615,60000000000,0,0,0,1,N/A}
MemResourceStatus {DefaultResource,18446744073709551615,18446744073709551615,0,0,0,-1,N/A}
Quick Memory Usage Overview:
Used Capacity: 1039541809, 10275988050
------------------------------------------
Executing script file: /home/umeshsum/tpch_queries/13.sql
[32m(release)[0m> select
[32m(release)[0m> 	c_count,
[32m(release)[0m> 	count(*) as custdist
[32m(release)[0m> from
[32m(release)[0m> 	(
[32m(release)[0m> 		select
[32m(release)[0m> 			c_custkey,
[32m(release)[0m> 			count(o_orderkey)
[32m(release)[0m> 		from
[32m(release)[0m> 			customer left outer join orders on
[32m(release)[0m> 				c_custkey = o_custkey
[32m(release)[0m> 				and o_comment not like '%special%requests%'
[32m(release)[0m> 		group by
[32m(release)[0m> 			c_custkey
[32m(release)[0m> 	) as c_orders (c_custkey, c_count)
[32m(release)[0m> group by
[32m(release)[0m> 	c_count
[32m(release)[0m> order by
[32m(release)[0m> 	custdist desc,
[32m(release)[0m> 	c_count desc;
[PERF] Build side larger than probe side in hash join at src/lib/operators/join_hash.cpp:97
	Performance can be affected. This warning is only shown once.
VmRSS Change: 32692 KB
===
46 rows total
Execution info: [PARSE: 67 µs 570 ns, SQL TRANSLATE: 202 µs 598 ns, OPTIMIZE: 1 ms 216 µs, LQP TRANSLATE: 71 µs 329 ns, EXECUTE: 2 s 804 ms (wall time) | QUERY PLAN CACHE HITS: 0/1 statement(s)]
After reset, table use_count: 2
WARNING: Table still has 1 other owner(s) after pipeline reset!
Executing script file done
$:hsh mem_usage
------------------------------------------
Memory Usage Statistics:
VmSize:	216005152 kB
VmRSS:	46498024 kB
1: MemResourceStatus {MigratedColumnsAggregate,18446744073709551615,12610235929,10275988050,10275988050,0,1,N/A}
MemResourceStatus {NumaMonotonicResource,3,60000000000,25062710,1055743390,3399494464,1,3399495816}
MemResourceStatus {NumaMonotonicResource,2,60000000000,0,0,0,0,0}
MemResourceStatus {NumaMonotonicResource,1,64000000000,1039541809,3671651606,18917318200,0,18917334560}
0: MemResourceStatus {MemManagerAggregate,18446744073709551615,124000000000,1039541809,3671651606,0,0,N/A}
1: MemResourceStatus {MemManagerAggregate,18446744073709551615,60000000000,25062710,1055743390,0,1,N/A}
MemResourceStatus {DefaultResource,18446744073709551615,18446744073709551615,0,0,0,-1,N/A}
Quick Memory Usage Overview:
Used Capacity: 1039541809, 10301050760
------------------------------------------
Executing script file: /home/umeshsum/tpch_queries/13.sql
[32m(release)[0m> select
[32m(release)[0m> 	c_count,
[32m(release)[0m> 	count(*) as custdist
[32m(release)[0m> from
[32m(release)[0m> 	(
[32m(release)[0m> 		select
[32m(release)[0m> 			c_custkey,
[32m(release)[0m> 			count(o_orderkey)
[32m(release)[0m> 		from
[32m(release)[0m> 			customer left outer join orders on
[32m(release)[0m> 				c_custkey = o_custkey
[32m(release)[0m> 				and o_comment not like '%special%requests%'
[32m(release)[0m> 		group by
[32m(release)[0m> 			c_custkey
[32m(release)[0m> 	) as c_orders (c_custkey, c_count)
[32m(release)[0m> group by
[32m(release)[0m> 	c_count
[32m(release)[0m> order by
[32m(release)[0m> 	custdist desc,
[32m(release)[0m> 	c_count desc;
VmRSS Change: 23848 KB
===
46 rows total
Execution info: [PARSE: 54 µs 169 ns, SQL TRANSLATE: 0 ns, OPTIMIZE: 0 ns, LQP TRANSLATE: 35 µs 889 ns, EXECUTE: 2 s 781 ms (wall time) | QUERY PLAN CACHE HITS: 1/1 statement(s)]
After reset, table use_count: 2
WARNING: Table still has 1 other owner(s) after pipeline reset!
Executing script file done
$:hsh mem_usage
------------------------------------------
Memory Usage Statistics:
VmSize:	216005152 kB
VmRSS:	46521852 kB
1: MemResourceStatus {MigratedColumnsAggregate,18446744073709551615,12610235929,10275988050,10275988050,0,1,N/A}
MemResourceStatus {NumaMonotonicResource,3,60000000000,49076409,1079757089,6798984045,1,6798986872}
MemResourceStatus {NumaMonotonicResource,2,60000000000,0,0,0,0,0}
MemResourceStatus {NumaMonotonicResource,1,64000000000,1039541809,3671651606,18917318200,0,18917334560}
0: MemResourceStatus {MemManagerAggregate,18446744073709551615,124000000000,1039541809,3671651606,0,0,N/A}
1: MemResourceStatus {MemManagerAggregate,18446744073709551615,60000000000,49076409,1079757089,0,1,N/A}
MemResourceStatus {DefaultResource,18446744073709551615,18446744073709551615,0,0,0,-1,N/A}
Quick Memory Usage Overview:
Used Capacity: 1039541809, 10325064459
------------------------------------------
Executing script file: /home/umeshsum/tpch_queries/13.sql
[32m(release)[0m> select
[32m(release)[0m> 	c_count,
[32m(release)[0m> 	count(*) as custdist
[32m(release)[0m> from
[32m(release)[0m> 	(
[32m(release)[0m> 		select
[32m(release)[0m> 			c_custkey,
[32m(release)[0m> 			count(o_orderkey)
[32m(release)[0m> 		from
[32m(release)[0m> 			customer left outer join orders on
[32m(release)[0m> 				c_custkey = o_custkey
[32m(release)[0m> 				and o_comment not like '%special%requests%'
[32m(release)[0m> 		group by
[32m(release)[0m> 			c_custkey
[32m(release)[0m> 	) as c_orders (c_custkey, c_count)
[32m(release)[0m> group by
[32m(release)[0m> 	c_count
[32m(release)[0m> order by
[32m(release)[0m> 	custdist desc,
[32m(release)[0m> 	c_count desc;
VmRSS Change: 46432 KB
===
46 rows total
Execution info: [PARSE: 46 µs 830 ns, SQL TRANSLATE: 0 ns, OPTIMIZE: 0 ns, LQP TRANSLATE: 30 µs 410 ns, EXECUTE: 2 s 774 ms (wall time) | QUERY PLAN CACHE HITS: 1/1 statement(s)]
After reset, table use_count: 2
WARNING: Table still has 1 other owner(s) after pipeline reset!
Executing script file done
$:hsh mem_usage
------------------------------------------
Memory Usage Statistics:
VmSize:	216005152 kB
VmRSS:	46568284 kB
1: MemResourceStatus {MigratedColumnsAggregate,18446744073709551615,12610235929,10275988050,10275988050,0,1,N/A}
MemResourceStatus {NumaMonotonicResource,3,60000000000,49076409,1079757089,10198473626,1,10198478056}
MemResourceStatus {NumaMonotonicResource,2,60000000000,0,0,0,0,0}
MemResourceStatus {NumaMonotonicResource,1,64000000000,1039541809,3671651606,18917318200,0,18917334560}
0: MemResourceStatus {MemManagerAggregate,18446744073709551615,124000000000,1039541809,3671651606,0,0,N/A}
1: MemResourceStatus {MemManagerAggregate,18446744073709551615,60000000000,49076409,1079757089,0,1,N/A}
MemResourceStatus {DefaultResource,18446744073709551615,18446744073709551615,0,0,0,-1,N/A}
Quick Memory Usage Overview:
Used Capacity: 1039541809, 10325064459
------------------------------------------
Executing script file: /home/umeshsum/tpch_queries/13.sql
[32m(release)[0m> select
[32m(release)[0m> 	c_count,
[32m(release)[0m> 	count(*) as custdist
[32m(release)[0m> from
[32m(release)[0m> 	(
[32m(release)[0m> 		select
[32m(release)[0m> 			c_custkey,
[32m(release)[0m> 			count(o_orderkey)
[32m(release)[0m> 		from
[32m(release)[0m> 			customer left outer join orders on
[32m(release)[0m> 				c_custkey = o_custkey
[32m(release)[0m> 				and o_comment not like '%special%requests%'
[32m(release)[0m> 		group by
[32m(release)[0m> 			c_custkey
[32m(release)[0m> 	) as c_orders (c_custkey, c_count)
[32m(release)[0m> group by
[32m(release)[0m> 	c_count
[32m(release)[0m> order by
[32m(release)[0m> 	custdist desc,
[32m(release)[0m> 	c_count desc;
VmRSS Change: 145272 KB
===
46 rows total
Execution info: [PARSE: 48 µs 399 ns, SQL TRANSLATE: 0 ns, OPTIMIZE: 0 ns, LQP TRANSLATE: 31 µs 179 ns, EXECUTE: 2 s 816 ms (wall time) | QUERY PLAN CACHE HITS: 1/1 statement(s)]
After reset, table use_count: 2
WARNING: Table still has 1 other owner(s) after pipeline reset!
Executing script file done
$:hsh mem_usage
------------------------------------------
Memory Usage Statistics:
VmSize:	216005152 kB
VmRSS:	46713556 kB
1: MemResourceStatus {MigratedColumnsAggregate,18446744073709551615,12610235929,10275988050,10275988050,0,1,N/A}
MemResourceStatus {NumaMonotonicResource,3,60000000000,49076409,1079757089,13597963207,1,13597969128}
MemResourceStatus {NumaMonotonicResource,2,60000000000,0,0,0,0,0}
MemResourceStatus {NumaMonotonicResource,1,64000000000,1039541809,3671651606,18917318200,0,18917334560}
0: MemResourceStatus {MemManagerAggregate,18446744073709551615,124000000000,1039541809,3671651606,0,0,N/A}
1: MemResourceStatus {MemManagerAggregate,18446744073709551615,60000000000,49076409,1079757089,0,1,N/A}
MemResourceStatus {DefaultResource,18446744073709551615,18446744073709551615,0,0,0,-1,N/A}
Quick Memory Usage Overview:
Used Capacity: 1039541809, 10325064459
------------------------------------------
Executing script file: /home/umeshsum/tpch_queries/13.sql
[32m(release)[0m> select
[32m(release)[0m> 	c_count,
[32m(release)[0m> 	count(*) as custdist
[32m(release)[0m> from
[32m(release)[0m> 	(
[32m(release)[0m> 		select
[32m(release)[0m> 			c_custkey,
[32m(release)[0m> 			count(o_orderkey)
[32m(release)[0m> 		from
[32m(release)[0m> 			customer left outer join orders on
[32m(release)[0m> 				c_custkey = o_custkey
[32m(release)[0m> 				and o_comment not like '%special%requests%'
[32m(release)[0m> 		group by
[32m(release)[0m> 			c_custkey
[32m(release)[0m> 	) as c_orders (c_custkey, c_count)
[32m(release)[0m> group by
[32m(release)[0m> 	c_count
[32m(release)[0m> order by
[32m(release)[0m> 	custdist desc,
[32m(release)[0m> 	c_count desc;
VmRSS Change: 451160 KB
===
46 rows total
Execution info: [PARSE: 48 µs 389 ns, SQL TRANSLATE: 0 ns, OPTIMIZE: 0 ns, LQP TRANSLATE: 30 µs 690 ns, EXECUTE: 2 s 821 ms (wall time) | QUERY PLAN CACHE HITS: 1/1 statement(s)]
After reset, table use_count: 2
WARNING: Table still has 1 other owner(s) after pipeline reset!
Executing script file done
$:hsh mem_usage
------------------------------------------
Memory Usage Statistics:
VmSize:	216005152 kB
VmRSS:	47164696 kB
1: MemResourceStatus {MigratedColumnsAggregate,18446744073709551615,12610235929,10275988050,10275988050,0,1,N/A}
MemResourceStatus {NumaMonotonicResource,3,60000000000,49076409,1079757089,16997452788,1,16997460232}
MemResourceStatus {NumaMonotonicResource,2,60000000000,0,0,0,0,0}
MemResourceStatus {NumaMonotonicResource,1,64000000000,1039541809,3671651606,18917318200,0,18917334560}
0: MemResourceStatus {MemManagerAggregate,18446744073709551615,124000000000,1039541809,3671651606,0,0,N/A}
1: MemResourceStatus {MemManagerAggregate,18446744073709551615,60000000000,49076409,1079757089,0,1,N/A}
MemResourceStatus {DefaultResource,18446744073709551615,18446744073709551615,0,0,0,-1,N/A}
Quick Memory Usage Overview:
Used Capacity: 1039541809, 10325064459
------------------------------------------
Executing script file: /home/umeshsum/tpch_queries/13.sql
[32m(release)[0m> select
[32m(release)[0m> 	c_count,
[32m(release)[0m> 	count(*) as custdist
[32m(release)[0m> from
[32m(release)[0m> 	(
[32m(release)[0m> 		select
[32m(release)[0m> 			c_custkey,
[32m(release)[0m> 			count(o_orderkey)
[32m(release)[0m> 		from
[32m(release)[0m> 			customer left outer join orders on
[32m(release)[0m> 				c_custkey = o_custkey
[32m(release)[0m> 				and o_comment not like '%special%requests%'
[32m(release)[0m> 		group by
[32m(release)[0m> 			c_custkey
[32m(release)[0m> 	) as c_orders (c_custkey, c_count)
[32m(release)[0m> group by
[32m(release)[0m> 	c_count
[32m(release)[0m> order by
[32m(release)[0m> 	custdist desc,
[32m(release)[0m> 	c_count desc;
VmRSS Change: 1200884 KB
===
46 rows total
Execution info: [PARSE: 54 µs 740 ns, SQL TRANSLATE: 0 ns, OPTIMIZE: 0 ns, LQP TRANSLATE: 32 µs 270 ns, EXECUTE: 2 s 894 ms (wall time) | QUERY PLAN CACHE HITS: 1/1 statement(s)]
After reset, table use_count: 2
WARNING: Table still has 1 other owner(s) after pipeline reset!
Executing script file done
$:hsh mem_usage
------------------------------------------
Memory Usage Statistics:
VmSize:	216005152 kB
VmRSS:	48365580 kB
1: MemResourceStatus {MigratedColumnsAggregate,18446744073709551615,12610235929,10275988050,10275988050,0,1,N/A}
MemResourceStatus {NumaMonotonicResource,3,60000000000,49076409,1079944577,20396942369,1,20396951256}
MemResourceStatus {NumaMonotonicResource,2,60000000000,0,0,0,0,0}
MemResourceStatus {NumaMonotonicResource,1,64000000000,1039541809,3671651606,18917318200,0,18917334560}
0: MemResourceStatus {MemManagerAggregate,18446744073709551615,124000000000,1039541809,3671651606,0,0,N/A}
1: MemResourceStatus {MemManagerAggregate,18446744073709551615,60000000000,49076409,1079944577,0,1,N/A}
MemResourceStatus {DefaultResource,18446744073709551615,18446744073709551615,0,0,0,-1,N/A}
Quick Memory Usage Overview:
Used Capacity: 1039541809, 10325064459
------------------------------------------
Executing script file: /home/umeshsum/tpch_queries/13.sql
[32m(release)[0m> select
[32m(release)[0m> 	c_count,
[32m(release)[0m> 	count(*) as custdist
[32m(release)[0m> from
[32m(release)[0m> 	(
[32m(release)[0m> 		select
[32m(release)[0m> 			c_custkey,
[32m(release)[0m> 			count(o_orderkey)
[32m(release)[0m> 		from
[32m(release)[0m> 			customer left outer join orders on
[32m(release)[0m> 				c_custkey = o_custkey
[32m(release)[0m> 				and o_comment not like '%special%requests%'
[32m(release)[0m> 		group by
[32m(release)[0m> 			c_custkey
[32m(release)[0m> 	) as c_orders (c_custkey, c_count)
[32m(release)[0m> group by
[32m(release)[0m> 	c_count
[32m(release)[0m> order by
[32m(release)[0m> 	custdist desc,
[32m(release)[0m> 	c_count desc;
VmRSS Change: 3171556 KB
===
46 rows total
Execution info: [PARSE: 48 µs 370 ns, SQL TRANSLATE: 0 ns, OPTIMIZE: 0 ns, LQP TRANSLATE: 30 µs 690 ns, EXECUTE: 3 s 39 ms (wall time) | QUERY PLAN CACHE HITS: 1/1 statement(s)]
After reset, table use_count: 2
WARNING: Table still has 1 other owner(s) after pipeline reset!
Executing script file done
$:hsh mem_usage
------------------------------------------
Memory Usage Statistics:
VmSize:	216005152 kB
VmRSS:	51537136 kB
1: MemResourceStatus {MigratedColumnsAggregate,18446744073709551615,12610235929,10275988050,10275988050,0,1,N/A}
MemResourceStatus {NumaMonotonicResource,3,60000000000,49076409,1079944577,23796431950,1,23796442408}
MemResourceStatus {NumaMonotonicResource,2,60000000000,0,0,0,0,0}
MemResourceStatus {NumaMonotonicResource,1,64000000000,1039541809,3671651606,18917318200,0,18917334560}
0: MemResourceStatus {MemManagerAggregate,18446744073709551615,124000000000,1039541809,3671651606,0,0,N/A}
1: MemResourceStatus {MemManagerAggregate,18446744073709551615,60000000000,49076409,1079944577,0,1,N/A}
MemResourceStatus {DefaultResource,18446744073709551615,18446744073709551615,0,0,0,-1,N/A}
Quick Memory Usage Overview:
Used Capacity: 1039541809, 10325064459
------------------------------------------
Executing script file: /home/umeshsum/tpch_queries/13.sql
[32m(release)[0m> select
[32m(release)[0m> 	c_count,
[32m(release)[0m> 	count(*) as custdist
[32m(release)[0m> from
[32m(release)[0m> 	(
[32m(release)[0m> 		select
[32m(release)[0m> 			c_custkey,
[32m(release)[0m> 			count(o_orderkey)
[32m(release)[0m> 		from
[32m(release)[0m> 			customer left outer join orders on
[32m(release)[0m> 				c_custkey = o_custkey
[32m(release)[0m> 				and o_comment not like '%special%requests%'
[32m(release)[0m> 		group by
[32m(release)[0m> 			c_custkey
[32m(release)[0m> 	) as c_orders (c_custkey, c_count)
[32m(release)[0m> group by
[32m(release)[0m> 	c_count
[32m(release)[0m> order by
[32m(release)[0m> 	custdist desc,
[32m(release)[0m> 	c_count desc;
VmRSS Change: 3171448 KB
===
46 rows total
Execution info: [PARSE: 52 µs 849 ns, SQL TRANSLATE: 0 ns, OPTIMIZE: 0 ns, LQP TRANSLATE: 29 µs 759 ns, EXECUTE: 3 s 38 ms (wall time) | QUERY PLAN CACHE HITS: 1/1 statement(s)]
After reset, table use_count: 2
WARNING: Table still has 1 other owner(s) after pipeline reset!
Executing script file done
$:hsh mem_usage
------------------------------------------
Memory Usage Statistics:
VmSize:	216005152 kB
VmRSS:	54708584 kB
1: MemResourceStatus {MigratedColumnsAggregate,18446744073709551615,12610235929,10275988050,10275988050,0,1,N/A}
MemResourceStatus {NumaMonotonicResource,3,60000000000,49076409,1079944577,27195921531,1,27195933544}
MemResourceStatus {NumaMonotonicResource,2,60000000000,0,0,0,0,0}
MemResourceStatus {NumaMonotonicResource,1,64000000000,1039541809,3671651606,18917318200,0,18917334560}
0: MemResourceStatus {MemManagerAggregate,18446744073709551615,124000000000,1039541809,3671651606,0,0,N/A}
1: MemResourceStatus {MemManagerAggregate,18446744073709551615,60000000000,49076409,1079944577,0,1,N/A}
MemResourceStatus {DefaultResource,18446744073709551615,18446744073709551615,0,0,0,-1,N/A}
Quick Memory Usage Overview:
Used Capacity: 1039541809, 10325064459
------------------------------------------
Executing script file: /home/umeshsum/tpch_queries/13.sql
[32m(release)[0m> select
[32m(release)[0m> 	c_count,
[32m(release)[0m> 	count(*) as custdist
[32m(release)[0m> from
[32m(release)[0m> 	(
[32m(release)[0m> 		select
[32m(release)[0m> 			c_custkey,
[32m(release)[0m> 			count(o_orderkey)
[32m(release)[0m> 		from
[32m(release)[0m> 			customer left outer join orders on
[32m(release)[0m> 				c_custkey = o_custkey
[32m(release)[0m> 				and o_comment not like '%special%requests%'
[32m(release)[0m> 		group by
[32m(release)[0m> 			c_custkey
[32m(release)[0m> 	) as c_orders (c_custkey, c_count)
[32m(release)[0m> group by
[32m(release)[0m> 	c_count
[32m(release)[0m> order by
[32m(release)[0m> 	custdist desc,
[32m(release)[0m> 	c_count desc;
VmRSS Change: 3171608 KB
===
46 rows total
Execution info: [PARSE: 54 µs 649 ns, SQL TRANSLATE: 0 ns, OPTIMIZE: 0 ns, LQP TRANSLATE: 29 µs 600 ns, EXECUTE: 3 s 31 ms (wall time) | QUERY PLAN CACHE HITS: 1/1 statement(s)]
After reset, table use_count: 2
WARNING: Table still has 1 other owner(s) after pipeline reset!
Executing script file done
$:hsh mem_usage
------------------------------------------
Memory Usage Statistics:
VmSize:	216005152 kB
VmRSS:	57880184 kB
1: MemResourceStatus {MigratedColumnsAggregate,18446744073709551615,12610235929,10275988050,10275988050,0,1,N/A}
MemResourceStatus {NumaMonotonicResource,3,60000000000,49076409,1079944577,30595411112,1,30595424728}
MemResourceStatus {NumaMonotonicResource,2,60000000000,0,0,0,0,0}
MemResourceStatus {NumaMonotonicResource,1,64000000000,1039541809,3671651606,18917318200,0,18917334560}
0: MemResourceStatus {MemManagerAggregate,18446744073709551615,124000000000,1039541809,3671651606,0,0,N/A}
1: MemResourceStatus {MemManagerAggregate,18446744073709551615,60000000000,49076409,1079944577,0,1,N/A}
MemResourceStatus {DefaultResource,18446744073709551615,18446744073709551615,0,0,0,-1,N/A}
Quick Memory Usage Overview:
Used Capacity: 1039541809, 10325064459
------------------------------------------
Executing script file: /home/umeshsum/tpch_queries/13.sql
[32m(release)[0m> select
[32m(release)[0m> 	c_count,
[32m(release)[0m> 	count(*) as custdist
[32m(release)[0m> from
[32m(release)[0m> 	(
[32m(release)[0m> 		select
[32m(release)[0m> 			c_custkey,
[32m(release)[0m> 			count(o_orderkey)
[32m(release)[0m> 		from
[32m(release)[0m> 			customer left outer join orders on
[32m(release)[0m> 				c_custkey = o_custkey
[32m(release)[0m> 				and o_comment not like '%special%requests%'
[32m(release)[0m> 		group by
[32m(release)[0m> 			c_custkey
[32m(release)[0m> 	) as c_orders (c_custkey, c_count)
[32m(release)[0m> group by
[32m(release)[0m> 	c_count
[32m(release)[0m> order by
[32m(release)[0m> 	custdist desc,
[32m(release)[0m> 	c_count desc;
VmRSS Change: 3171296 KB
===
46 rows total
Execution info: [PARSE: 48 µs 639 ns, SQL TRANSLATE: 0 ns, OPTIMIZE: 0 ns, LQP TRANSLATE: 30 µs 600 ns, EXECUTE: 2 s 992 ms (wall time) | QUERY PLAN CACHE HITS: 1/1 statement(s)]
After reset, table use_count: 2
WARNING: Table still has 1 other owner(s) after pipeline reset!
Executing script file done
$:hsh mem_usage
------------------------------------------
Memory Usage Statistics:
VmSize:	216005152 kB
VmRSS:	61051480 kB
1: MemResourceStatus {MigratedColumnsAggregate,18446744073709551615,12610235929,10275988050,10275988050,0,1,N/A}
MemResourceStatus {NumaMonotonicResource,3,60000000000,49076409,1079944577,33994900693,1,33994915880}
MemResourceStatus {NumaMonotonicResource,2,60000000000,0,0,0,0,0}
MemResourceStatus {NumaMonotonicResource,1,64000000000,1039541809,3671651606,18917318200,0,18917334560}
0: MemResourceStatus {MemManagerAggregate,18446744073709551615,124000000000,1039541809,3671651606,0,0,N/A}
1: MemResourceStatus {MemManagerAggregate,18446744073709551615,60000000000,49076409,1079944577,0,1,N/A}
MemResourceStatus {DefaultResource,18446744073709551615,18446744073709551615,0,0,0,-1,N/A}
Quick Memory Usage Overview:
Used Capacity: 1039541809, 10325064459
------------------------------------------
Label set to d0_tf0_q14
$:hsh clear_plan_caches
Cleared PQP and LQP caches
$:hsh clear_pipeline
Released last SQLPipeline
$:hsh reset_exec_pools
Reset execution pools (2, 3) bump pointers to start
$:hsh mem_usage
------------------------------------------
Memory Usage Statistics:
VmSize:	216005152 kB
VmRSS:	61051480 kB
1: MemResourceStatus {MigratedColumnsAggregate,18446744073709551615,12610235929,10275988050,10275988050,0,1,N/A}
MemResourceStatus {NumaMonotonicResource,3,60000000000,0,0,0,1,0}
MemResourceStatus {NumaMonotonicResource,2,60000000000,0,0,0,0,0}
MemResourceStatus {NumaMonotonicResource,1,64000000000,1039541809,3671651606,18917318200,0,18917334560}
0: MemResourceStatus {MemManagerAggregate,18446744073709551615,124000000000,1039541809,3671651606,0,0,N/A}
1: MemResourceStatus {MemManagerAggregate,18446744073709551615,60000000000,0,0,0,1,N/A}
MemResourceStatus {DefaultResource,18446744073709551615,18446744073709551615,0,0,0,-1,N/A}
Quick Memory Usage Overview:
Used Capacity: 1039541809, 10275988050
------------------------------------------
Executing script file: /home/umeshsum/tpch_queries/14.sql
[32m(release)[0m> select
[32m(release)[0m> 	100.00 * sum(case
[32m(release)[0m> 		when p_type like 'PROMO%'
[32m(release)[0m> 			then l_extendedprice * (1 - l_discount)
[32m(release)[0m> 		else 0
[32m(release)[0m> 	end) / sum(l_extendedprice * (1 - l_discount)) as promo_revenue
[32m(release)[0m> from
[32m(release)[0m> 	lineitem,
[32m(release)[0m> 	part
[32m(release)[0m> where
[32m(release)[0m> 	l_partkey = p_partkey
[32m(release)[0m> 	and l_shipdate >= date '1995-09-01'
[32m(release)[0m> 	and l_shipdate < date '1995-09-01' + interval '1' month;
VmRSS Change: 424 KB
===
1 rows total
Execution info: [PARSE: 65 µs 590 ns, SQL TRANSLATE: 307 µs 457 ns, OPTIMIZE: 3 ms 208 µs, LQP TRANSLATE: 112 µs 98 ns, EXECUTE: 488 ms 499 µs (wall time) | QUERY PLAN CACHE HITS: 0/1 statement(s)]
After reset, table use_count: 2
WARNING: Table still has 1 other owner(s) after pipeline reset!
Executing script file done
$:hsh mem_usage
------------------------------------------
Memory Usage Statistics:
VmSize:	216005152 kB
VmRSS:	61051932 kB
1: MemResourceStatus {MigratedColumnsAggregate,18446744073709551615,12610235929,10275988050,10275988050,0,1,N/A}
MemResourceStatus {NumaMonotonicResource,3,60000000000,760,75210712,428386135,1,428388304}
MemResourceStatus {NumaMonotonicResource,2,60000000000,0,0,0,0,0}
MemResourceStatus {NumaMonotonicResource,1,64000000000,1039541809,3671651606,18917318200,0,18917334560}
0: MemResourceStatus {MemManagerAggregate,18446744073709551615,124000000000,1039541809,3671651606,0,0,N/A}
1: MemResourceStatus {MemManagerAggregate,18446744073709551615,60000000000,760,75210712,0,1,N/A}
MemResourceStatus {DefaultResource,18446744073709551615,18446744073709551615,0,0,0,-1,N/A}
Quick Memory Usage Overview:
Used Capacity: 1039541809, 10275988810
------------------------------------------
Executing script file: /home/umeshsum/tpch_queries/14.sql
[32m(release)[0m> select
[32m(release)[0m> 	100.00 * sum(case
[32m(release)[0m> 		when p_type like 'PROMO%'
[32m(release)[0m> 			then l_extendedprice * (1 - l_discount)
[32m(release)[0m> 		else 0
[32m(release)[0m> 	end) / sum(l_extendedprice * (1 - l_discount)) as promo_revenue
[32m(release)[0m> from
[32m(release)[0m> 	lineitem,
[32m(release)[0m> 	part
[32m(release)[0m> where
[32m(release)[0m> 	l_partkey = p_partkey
[32m(release)[0m> 	and l_shipdate >= date '1995-09-01'
[32m(release)[0m> 	and l_shipdate < date '1995-09-01' + interval '1' month;
VmRSS Change: 504 KB
===
1 rows total
Execution info: [PARSE: 68 µs 869 ns, SQL TRANSLATE: 0 ns, OPTIMIZE: 0 ns, LQP TRANSLATE: 45 µs 630 ns, EXECUTE: 478 ms 839 µs (wall time) | QUERY PLAN CACHE HITS: 1/1 statement(s)]
After reset, table use_count: 2
WARNING: Table still has 1 other owner(s) after pipeline reset!
Executing script file done
$:hsh mem_usage
------------------------------------------
Memory Usage Statistics:
VmSize:	216005152 kB
VmRSS:	61052436 kB
1: MemResourceStatus {MigratedColumnsAggregate,18446744073709551615,12610235929,10275988050,10275988050,0,1,N/A}
MemResourceStatus {NumaMonotonicResource,3,60000000000,1288,77960760,856772270,1,856776560}
MemResourceStatus {NumaMonotonicResource,2,60000000000,0,0,0,0,0}
MemResourceStatus {NumaMonotonicResource,1,64000000000,1039541809,3671651606,18917318200,0,18917334560}
0: MemResourceStatus {MemManagerAggregate,18446744073709551615,124000000000,1039541809,3671651606,0,0,N/A}
1: MemResourceStatus {MemManagerAggregate,18446744073709551615,60000000000,1288,77960760,0,1,N/A}
MemResourceStatus {DefaultResource,18446744073709551615,18446744073709551615,0,0,0,-1,N/A}
Quick Memory Usage Overview:
Used Capacity: 1039541809, 10275989338
------------------------------------------
Executing script file: /home/umeshsum/tpch_queries/14.sql
[32m(release)[0m> select
[32m(release)[0m> 	100.00 * sum(case
[32m(release)[0m> 		when p_type like 'PROMO%'
[32m(release)[0m> 			then l_extendedprice * (1 - l_discount)
[32m(release)[0m> 		else 0
[32m(release)[0m> 	end) / sum(l_extendedprice * (1 - l_discount)) as promo_revenue
[32m(release)[0m> from
[32m(release)[0m> 	lineitem,
[32m(release)[0m> 	part
[32m(release)[0m> where
[32m(release)[0m> 	l_partkey = p_partkey
[32m(release)[0m> 	and l_shipdate >= date '1995-09-01'
[32m(release)[0m> 	and l_shipdate < date '1995-09-01' + interval '1' month;
VmRSS Change: 540 KB
===
1 rows total
Execution info: [PARSE: 63 µs 179 ns, SQL TRANSLATE: 0 ns, OPTIMIZE: 0 ns, LQP TRANSLATE: 39 µs 159 ns, EXECUTE: 473 ms 94 µs (wall time) | QUERY PLAN CACHE HITS: 1/1 statement(s)]
After reset, table use_count: 2
WARNING: Table still has 1 other owner(s) after pipeline reset!
Executing script file done
$:hsh mem_usage
------------------------------------------
Memory Usage Statistics:
VmSize:	216005152 kB
VmRSS:	61052976 kB
1: MemResourceStatus {MigratedColumnsAggregate,18446744073709551615,12610235929,10275988050,10275988050,0,1,N/A}
MemResourceStatus {NumaMonotonicResource,3,60000000000,1288,77984736,1285158405,1,1285164832}
MemResourceStatus {NumaMonotonicResource,2,60000000000,0,0,0,0,0}
MemResourceStatus {NumaMonotonicResource,1,64000000000,1039541809,3671651606,18917318200,0,18917334560}
0: MemResourceStatus {MemManagerAggregate,18446744073709551615,124000000000,1039541809,3671651606,0,0,N/A}
1: MemResourceStatus {MemManagerAggregate,18446744073709551615,60000000000,1288,77984736,0,1,N/A}
MemResourceStatus {DefaultResource,18446744073709551615,18446744073709551615,0,0,0,-1,N/A}
Quick Memory Usage Overview:
Used Capacity: 1039541809, 10275989338
------------------------------------------
Executing script file: /home/umeshsum/tpch_queries/14.sql
[32m(release)[0m> select
[32m(release)[0m> 	100.00 * sum(case
[32m(release)[0m> 		when p_type like 'PROMO%'
[32m(release)[0m> 			then l_extendedprice * (1 - l_discount)
[32m(release)[0m> 		else 0
[32m(release)[0m> 	end) / sum(l_extendedprice * (1 - l_discount)) as promo_revenue
[32m(release)[0m> from
[32m(release)[0m> 	lineitem,
[32m(release)[0m> 	part
[32m(release)[0m> where
[32m(release)[0m> 	l_partkey = p_partkey
[32m(release)[0m> 	and l_shipdate >= date '1995-09-01'
[32m(release)[0m> 	and l_shipdate < date '1995-09-01' + interval '1' month;
VmRSS Change: 16 KB
===
1 rows total
Execution info: [PARSE: 60 µs 39 ns, SQL TRANSLATE: 0 ns, OPTIMIZE: 0 ns, LQP TRANSLATE: 42 µs 999 ns, EXECUTE: 475 ms 368 µs (wall time) | QUERY PLAN CACHE HITS: 1/1 statement(s)]
After reset, table use_count: 2
WARNING: Table still has 1 other owner(s) after pipeline reset!
Executing script file done
$:hsh mem_usage
------------------------------------------
Memory Usage Statistics:
VmSize:	216005152 kB
VmRSS:	61052992 kB
1: MemResourceStatus {MigratedColumnsAggregate,18446744073709551615,12610235929,10275988050,10275988050,0,1,N/A}
MemResourceStatus {NumaMonotonicResource,3,60000000000,1288,77984736,1713544540,1,1713553120}
MemResourceStatus {NumaMonotonicResource,2,60000000000,0,0,0,0,0}
MemResourceStatus {NumaMonotonicResource,1,64000000000,1039541809,3671651606,18917318200,0,18917334560}
0: MemResourceStatus {MemManagerAggregate,18446744073709551615,124000000000,1039541809,3671651606,0,0,N/A}
1: MemResourceStatus {MemManagerAggregate,18446744073709551615,60000000000,1288,77984736,0,1,N/A}
MemResourceStatus {DefaultResource,18446744073709551615,18446744073709551615,0,0,0,-1,N/A}
Quick Memory Usage Overview:
Used Capacity: 1039541809, 10275989338
------------------------------------------
Executing script file: /home/umeshsum/tpch_queries/14.sql
[32m(release)[0m> select
[32m(release)[0m> 	100.00 * sum(case
[32m(release)[0m> 		when p_type like 'PROMO%'
[32m(release)[0m> 			then l_extendedprice * (1 - l_discount)
[32m(release)[0m> 		else 0
[32m(release)[0m> 	end) / sum(l_extendedprice * (1 - l_discount)) as promo_revenue
[32m(release)[0m> from
[32m(release)[0m> 	lineitem,
[32m(release)[0m> 	part
[32m(release)[0m> where
[32m(release)[0m> 	l_partkey = p_partkey
[32m(release)[0m> 	and l_shipdate >= date '1995-09-01'
[32m(release)[0m> 	and l_shipdate < date '1995-09-01' + interval '1' month;
VmRSS Change: 164 KB
===
1 rows total
Execution info: [PARSE: 72 µs 399 ns, SQL TRANSLATE: 0 ns, OPTIMIZE: 0 ns, LQP TRANSLATE: 39 µs 679 ns, EXECUTE: 478 ms 755 µs (wall time) | QUERY PLAN CACHE HITS: 1/1 statement(s)]
After reset, table use_count: 2
WARNING: Table still has 1 other owner(s) after pipeline reset!
Executing script file done
$:hsh mem_usage
------------------------------------------
Memory Usage Statistics:
VmSize:	216005152 kB
VmRSS:	61053148 kB
1: MemResourceStatus {MigratedColumnsAggregate,18446744073709551615,12610235929,10275988050,10275988050,0,1,N/A}
MemResourceStatus {NumaMonotonicResource,3,60000000000,1288,77984736,2141930675,1,2141941360}
MemResourceStatus {NumaMonotonicResource,2,60000000000,0,0,0,0,0}
MemResourceStatus {NumaMonotonicResource,1,64000000000,1039541809,3671651606,18917318200,0,18917334560}
0: MemResourceStatus {MemManagerAggregate,18446744073709551615,124000000000,1039541809,3671651606,0,0,N/A}
1: MemResourceStatus {MemManagerAggregate,18446744073709551615,60000000000,1288,77984736,0,1,N/A}
MemResourceStatus {DefaultResource,18446744073709551615,18446744073709551615,0,0,0,-1,N/A}
Quick Memory Usage Overview:
Used Capacity: 1039541809, 10275989338
------------------------------------------
Executing script file: /home/umeshsum/tpch_queries/14.sql
[32m(release)[0m> select
[32m(release)[0m> 	100.00 * sum(case
[32m(release)[0m> 		when p_type like 'PROMO%'
[32m(release)[0m> 			then l_extendedprice * (1 - l_discount)
[32m(release)[0m> 		else 0
[32m(release)[0m> 	end) / sum(l_extendedprice * (1 - l_discount)) as promo_revenue
[32m(release)[0m> from
[32m(release)[0m> 	lineitem,
[32m(release)[0m> 	part
[32m(release)[0m> where
[32m(release)[0m> 	l_partkey = p_partkey
[32m(release)[0m> 	and l_shipdate >= date '1995-09-01'
[32m(release)[0m> 	and l_shipdate < date '1995-09-01' + interval '1' month;
VmRSS Change: 148 KB
===
1 rows total
Execution info: [PARSE: 70 µs 490 ns, SQL TRANSLATE: 0 ns, OPTIMIZE: 0 ns, LQP TRANSLATE: 38 µs 890 ns, EXECUTE: 474 ms 143 µs (wall time) | QUERY PLAN CACHE HITS: 1/1 statement(s)]
After reset, table use_count: 2
WARNING: Table still has 1 other owner(s) after pipeline reset!
Executing script file done
$:hsh mem_usage
------------------------------------------
Memory Usage Statistics:
VmSize:	216005152 kB
VmRSS:	61053296 kB
1: MemResourceStatus {MigratedColumnsAggregate,18446744073709551615,12610235929,10275988050,10275988050,0,1,N/A}
MemResourceStatus {NumaMonotonicResource,3,60000000000,1288,77984736,2570316810,1,2570329648}
MemResourceStatus {NumaMonotonicResource,2,60000000000,0,0,0,0,0}
MemResourceStatus {NumaMonotonicResource,1,64000000000,1039541809,3671651606,18917318200,0,18917334560}
0: MemResourceStatus {MemManagerAggregate,18446744073709551615,124000000000,1039541809,3671651606,0,0,N/A}
1: MemResourceStatus {MemManagerAggregate,18446744073709551615,60000000000,1288,77984736,0,1,N/A}
MemResourceStatus {DefaultResource,18446744073709551615,18446744073709551615,0,0,0,-1,N/A}
Quick Memory Usage Overview:
Used Capacity: 1039541809, 10275989338
------------------------------------------
Executing script file: /home/umeshsum/tpch_queries/14.sql
[32m(release)[0m> select
[32m(release)[0m> 	100.00 * sum(case
[32m(release)[0m> 		when p_type like 'PROMO%'
[32m(release)[0m> 			then l_extendedprice * (1 - l_discount)
[32m(release)[0m> 		else 0
[32m(release)[0m> 	end) / sum(l_extendedprice * (1 - l_discount)) as promo_revenue
[32m(release)[0m> from
[32m(release)[0m> 	lineitem,
[32m(release)[0m> 	part
[32m(release)[0m> where
[32m(release)[0m> 	l_partkey = p_partkey
[32m(release)[0m> 	and l_shipdate >= date '1995-09-01'
[32m(release)[0m> 	and l_shipdate < date '1995-09-01' + interval '1' month;
VmRSS Change: 8 KB
===
1 rows total
Execution info: [PARSE: 74 µs 719 ns, SQL TRANSLATE: 0 ns, OPTIMIZE: 0 ns, LQP TRANSLATE: 40 µs 289 ns, EXECUTE: 471 ms 884 µs (wall time) | QUERY PLAN CACHE HITS: 1/1 statement(s)]
After reset, table use_count: 2
WARNING: Table still has 1 other owner(s) after pipeline reset!
Executing script file done
$:hsh mem_usage
------------------------------------------
Memory Usage Statistics:
VmSize:	216005152 kB
VmRSS:	61053304 kB
1: MemResourceStatus {MigratedColumnsAggregate,18446744073709551615,12610235929,10275988050,10275988050,0,1,N/A}
MemResourceStatus {NumaMonotonicResource,3,60000000000,1288,77984736,2998702945,1,2998717920}
MemResourceStatus {NumaMonotonicResource,2,60000000000,0,0,0,0,0}
MemResourceStatus {NumaMonotonicResource,1,64000000000,1039541809,3671651606,18917318200,0,18917334560}
0: MemResourceStatus {MemManagerAggregate,18446744073709551615,124000000000,1039541809,3671651606,0,0,N/A}
1: MemResourceStatus {MemManagerAggregate,18446744073709551615,60000000000,1288,77984736,0,1,N/A}
MemResourceStatus {DefaultResource,18446744073709551615,18446744073709551615,0,0,0,-1,N/A}
Quick Memory Usage Overview:
Used Capacity: 1039541809, 10275989338
------------------------------------------
Executing script file: /home/umeshsum/tpch_queries/14.sql
[32m(release)[0m> select
[32m(release)[0m> 	100.00 * sum(case
[32m(release)[0m> 		when p_type like 'PROMO%'
[32m(release)[0m> 			then l_extendedprice * (1 - l_discount)
[32m(release)[0m> 		else 0
[32m(release)[0m> 	end) / sum(l_extendedprice * (1 - l_discount)) as promo_revenue
[32m(release)[0m> from
[32m(release)[0m> 	lineitem,
[32m(release)[0m> 	part
[32m(release)[0m> where
[32m(release)[0m> 	l_partkey = p_partkey
[32m(release)[0m> 	and l_shipdate >= date '1995-09-01'
[32m(release)[0m> 	and l_shipdate < date '1995-09-01' + interval '1' month;
VmRSS Change: 18446744073709551612 KB
===
1 rows total
Execution info: [PARSE: 62 µs 580 ns, SQL TRANSLATE: 0 ns, OPTIMIZE: 0 ns, LQP TRANSLATE: 39 µs 420 ns, EXECUTE: 474 ms 351 µs (wall time) | QUERY PLAN CACHE HITS: 1/1 statement(s)]
After reset, table use_count: 2
WARNING: Table still has 1 other owner(s) after pipeline reset!
Executing script file done
$:hsh mem_usage
------------------------------------------
Memory Usage Statistics:
VmSize:	216005152 kB
VmRSS:	61053300 kB
1: MemResourceStatus {MigratedColumnsAggregate,18446744073709551615,12610235929,10275988050,10275988050,0,1,N/A}
MemResourceStatus {NumaMonotonicResource,3,60000000000,1288,77984736,3427089080,1,3427106192}
MemResourceStatus {NumaMonotonicResource,2,60000000000,0,0,0,0,0}
MemResourceStatus {NumaMonotonicResource,1,64000000000,1039541809,3671651606,18917318200,0,18917334560}
0: MemResourceStatus {MemManagerAggregate,18446744073709551615,124000000000,1039541809,3671651606,0,0,N/A}
1: MemResourceStatus {MemManagerAggregate,18446744073709551615,60000000000,1288,77984736,0,1,N/A}
MemResourceStatus {DefaultResource,18446744073709551615,18446744073709551615,0,0,0,-1,N/A}
Quick Memory Usage Overview:
Used Capacity: 1039541809, 10275989338
------------------------------------------
Executing script file: /home/umeshsum/tpch_queries/14.sql
[32m(release)[0m> select
[32m(release)[0m> 	100.00 * sum(case
[32m(release)[0m> 		when p_type like 'PROMO%'
[32m(release)[0m> 			then l_extendedprice * (1 - l_discount)
[32m(release)[0m> 		else 0
[32m(release)[0m> 	end) / sum(l_extendedprice * (1 - l_discount)) as promo_revenue
[32m(release)[0m> from
[32m(release)[0m> 	lineitem,
[32m(release)[0m> 	part
[32m(release)[0m> where
[32m(release)[0m> 	l_partkey = p_partkey
[32m(release)[0m> 	and l_shipdate >= date '1995-09-01'
[32m(release)[0m> 	and l_shipdate < date '1995-09-01' + interval '1' month;
VmRSS Change: 152 KB
===
1 rows total
Execution info: [PARSE: 68 µs 569 ns, SQL TRANSLATE: 0 ns, OPTIMIZE: 0 ns, LQP TRANSLATE: 39 µs 140 ns, EXECUTE: 477 ms 89 µs (wall time) | QUERY PLAN CACHE HITS: 1/1 statement(s)]
After reset, table use_count: 2
WARNING: Table still has 1 other owner(s) after pipeline reset!
Executing script file done
$:hsh mem_usage
------------------------------------------
Memory Usage Statistics:
VmSize:	216005152 kB
VmRSS:	61053452 kB
1: MemResourceStatus {MigratedColumnsAggregate,18446744073709551615,12610235929,10275988050,10275988050,0,1,N/A}
MemResourceStatus {NumaMonotonicResource,3,60000000000,1288,77984736,3855475215,1,3855494464}
MemResourceStatus {NumaMonotonicResource,2,60000000000,0,0,0,0,0}
MemResourceStatus {NumaMonotonicResource,1,64000000000,1039541809,3671651606,18917318200,0,18917334560}
0: MemResourceStatus {MemManagerAggregate,18446744073709551615,124000000000,1039541809,3671651606,0,0,N/A}
1: MemResourceStatus {MemManagerAggregate,18446744073709551615,60000000000,1288,77984736,0,1,N/A}
MemResourceStatus {DefaultResource,18446744073709551615,18446744073709551615,0,0,0,-1,N/A}
Quick Memory Usage Overview:
Used Capacity: 1039541809, 10275989338
------------------------------------------
Executing script file: /home/umeshsum/tpch_queries/14.sql
[32m(release)[0m> select
[32m(release)[0m> 	100.00 * sum(case
[32m(release)[0m> 		when p_type like 'PROMO%'
[32m(release)[0m> 			then l_extendedprice * (1 - l_discount)
[32m(release)[0m> 		else 0
[32m(release)[0m> 	end) / sum(l_extendedprice * (1 - l_discount)) as promo_revenue
[32m(release)[0m> from
[32m(release)[0m> 	lineitem,
[32m(release)[0m> 	part
[32m(release)[0m> where
[32m(release)[0m> 	l_partkey = p_partkey
[32m(release)[0m> 	and l_shipdate >= date '1995-09-01'
[32m(release)[0m> 	and l_shipdate < date '1995-09-01' + interval '1' month;
VmRSS Change: 18446744073709551588 KB
===
1 rows total
Execution info: [PARSE: 60 µs 979 ns, SQL TRANSLATE: 0 ns, OPTIMIZE: 0 ns, LQP TRANSLATE: 44 µs 190 ns, EXECUTE: 476 ms 222 µs (wall time) | QUERY PLAN CACHE HITS: 1/1 statement(s)]
After reset, table use_count: 2
WARNING: Table still has 1 other owner(s) after pipeline reset!
Executing script file done
$:hsh mem_usage
------------------------------------------
Memory Usage Statistics:
VmSize:	216005152 kB
VmRSS:	61053424 kB
1: MemResourceStatus {MigratedColumnsAggregate,18446744073709551615,12610235929,10275988050,10275988050,0,1,N/A}
MemResourceStatus {NumaMonotonicResource,3,60000000000,1288,77984736,4283861350,1,4283882768}
MemResourceStatus {NumaMonotonicResource,2,60000000000,0,0,0,0,0}
MemResourceStatus {NumaMonotonicResource,1,64000000000,1039541809,3671651606,18917318200,0,18917334560}
0: MemResourceStatus {MemManagerAggregate,18446744073709551615,124000000000,1039541809,3671651606,0,0,N/A}
1: MemResourceStatus {MemManagerAggregate,18446744073709551615,60000000000,1288,77984736,0,1,N/A}
MemResourceStatus {DefaultResource,18446744073709551615,18446744073709551615,0,0,0,-1,N/A}
Quick Memory Usage Overview:
Used Capacity: 1039541809, 10275989338
------------------------------------------
Label set to d0_tf0_q16
$:hsh clear_plan_caches
Cleared PQP and LQP caches
$:hsh clear_pipeline
Released last SQLPipeline
$:hsh reset_exec_pools
Reset execution pools (2, 3) bump pointers to start
$:hsh mem_usage
------------------------------------------
Memory Usage Statistics:
VmSize:	216005152 kB
VmRSS:	61053424 kB
1: MemResourceStatus {MigratedColumnsAggregate,18446744073709551615,12610235929,10275988050,10275988050,0,1,N/A}
MemResourceStatus {NumaMonotonicResource,3,60000000000,0,0,0,1,0}
MemResourceStatus {NumaMonotonicResource,2,60000000000,0,0,0,0,0}
MemResourceStatus {NumaMonotonicResource,1,64000000000,1039541809,3671651606,18917318200,0,18917334560}
0: MemResourceStatus {MemManagerAggregate,18446744073709551615,124000000000,1039541809,3671651606,0,0,N/A}
1: MemResourceStatus {MemManagerAggregate,18446744073709551615,60000000000,0,0,0,1,N/A}
MemResourceStatus {DefaultResource,18446744073709551615,18446744073709551615,0,0,0,-1,N/A}
Quick Memory Usage Overview:
Used Capacity: 1039541809, 10275988050
------------------------------------------
Executing script file: /home/umeshsum/tpch_queries/16.sql
[32m(release)[0m> select
[32m(release)[0m> 	p_brand,
[32m(release)[0m> 	p_type,
[32m(release)[0m> 	p_size,
[32m(release)[0m> 	count(distinct ps_suppkey) as supplier_cnt
[32m(release)[0m> from
[32m(release)[0m> 	partsupp,
[32m(release)[0m> 	part
[32m(release)[0m> where
[32m(release)[0m> 	p_partkey = ps_partkey
[32m(release)[0m> 	and p_brand <> 'Brand#45'
[32m(release)[0m> 	and p_type not like 'MEDIUM POLISHED%'
[32m(release)[0m> 	and p_size in (49, 14, 23, 45, 19, 3, 36, 9)
[32m(release)[0m> 	and ps_suppkey not in (
[32m(release)[0m> 		select
[32m(release)[0m> 			s_suppkey
[32m(release)[0m> 		from
[32m(release)[0m> 			supplier
[32m(release)[0m> 		where
[32m(release)[0m> 			s_comment like '%Customer%Complaints%'
[32m(release)[0m> 	)
[32m(release)[0m> group by
[32m(release)[0m> 	p_brand,
[32m(release)[0m> 	p_type,
[32m(release)[0m> 	p_size
[32m(release)[0m> order by
[32m(release)[0m> 	supplier_cnt desc,
[32m(release)[0m> 	p_brand,
[32m(release)[0m> 	p_type,
[32m(release)[0m> 	p_size;
VmRSS Change: 1716 KB
===
27840 rows total
Execution info: [PARSE: 90 µs 629 ns, SQL TRANSLATE: 198 µs 728 ns, OPTIMIZE: 3 ms 204 µs, LQP TRANSLATE: 370 µs 797 ns, EXECUTE: 400 ms 0 µs (wall time) | QUERY PLAN CACHE HITS: 0/1 statement(s)]
After reset, table use_count: 2
WARNING: Table still has 1 other owner(s) after pipeline reset!
Executing script file done
$:hsh mem_usage
------------------------------------------
Memory Usage Statistics:
VmSize:	216005152 kB
VmRSS:	61055164 kB
1: MemResourceStatus {MigratedColumnsAggregate,18446744073709551615,12610235929,10275988050,10275988050,0,1,N/A}
MemResourceStatus {NumaMonotonicResource,3,60000000000,2996412,131966620,803588363,1,803590920}
MemResourceStatus {NumaMonotonicResource,2,60000000000,0,0,0,0,0}
MemResourceStatus {NumaMonotonicResource,1,64000000000,1039541809,3671651606,18917318200,0,18917334560}
0: MemResourceStatus {MemManagerAggregate,18446744073709551615,124000000000,1039541809,3671651606,0,0,N/A}
1: MemResourceStatus {MemManagerAggregate,18446744073709551615,60000000000,2996412,131966620,0,1,N/A}
MemResourceStatus {DefaultResource,18446744073709551615,18446744073709551615,0,0,0,-1,N/A}
Quick Memory Usage Overview:
Used Capacity: 1039541809, 10278984462
------------------------------------------
Executing script file: /home/umeshsum/tpch_queries/16.sql
[32m(release)[0m> select
[32m(release)[0m> 	p_brand,
[32m(release)[0m> 	p_type,
[32m(release)[0m> 	p_size,
[32m(release)[0m> 	count(distinct ps_suppkey) as supplier_cnt
[32m(release)[0m> from
[32m(release)[0m> 	partsupp,
[32m(release)[0m> 	part
[32m(release)[0m> where
[32m(release)[0m> 	p_partkey = ps_partkey
[32m(release)[0m> 	and p_brand <> 'Brand#45'
[32m(release)[0m> 	and p_type not like 'MEDIUM POLISHED%'
[32m(release)[0m> 	and p_size in (49, 14, 23, 45, 19, 3, 36, 9)
[32m(release)[0m> 	and ps_suppkey not in (
[32m(release)[0m> 		select
[32m(release)[0m> 			s_suppkey
[32m(release)[0m> 		from
[32m(release)[0m> 			supplier
[32m(release)[0m> 		where
[32m(release)[0m> 			s_comment like '%Customer%Complaints%'
[32m(release)[0m> 	)
[32m(release)[0m> group by
[32m(release)[0m> 	p_brand,
[32m(release)[0m> 	p_type,
[32m(release)[0m> 	p_size
[32m(release)[0m> order by
[32m(release)[0m> 	supplier_cnt desc,
[32m(release)[0m> 	p_brand,
[32m(release)[0m> 	p_type,
[32m(release)[0m> 	p_size;
VmRSS Change: 916 KB
===
27840 rows total
Execution info: [PARSE: 71 µs 709 ns, SQL TRANSLATE: 0 ns, OPTIMIZE: 0 ns, LQP TRANSLATE: 85 µs 789 ns, EXECUTE: 446 ms 920 µs (wall time) | QUERY PLAN CACHE HITS: 1/1 statement(s)]
After reset, table use_count: 2
WARNING: Table still has 1 other owner(s) after pipeline reset!
Executing script file done
$:hsh mem_usage
------------------------------------------
Memory Usage Statistics:
VmSize:	216005152 kB
VmRSS:	61056084 kB
1: MemResourceStatus {MigratedColumnsAggregate,18446744073709551615,12610235929,10275988050,10275988050,0,1,N/A}
MemResourceStatus {NumaMonotonicResource,3,60000000000,3894834,132865042,1607090401,1,1607095496}
MemResourceStatus {NumaMonotonicResource,2,60000000000,0,0,0,0,0}
MemResourceStatus {NumaMonotonicResource,1,64000000000,1039541809,3671651606,18917318200,0,18917334560}
0: MemResourceStatus {MemManagerAggregate,18446744073709551615,124000000000,1039541809,3671651606,0,0,N/A}
1: MemResourceStatus {MemManagerAggregate,18446744073709551615,60000000000,3894834,132865042,0,1,N/A}
MemResourceStatus {DefaultResource,18446744073709551615,18446744073709551615,0,0,0,-1,N/A}
Quick Memory Usage Overview:
Used Capacity: 1039541809, 10279882884
------------------------------------------
Executing script file: /home/umeshsum/tpch_queries/16.sql
[32m(release)[0m> select
[32m(release)[0m> 	p_brand,
[32m(release)[0m> 	p_type,
[32m(release)[0m> 	p_size,
[32m(release)[0m> 	count(distinct ps_suppkey) as supplier_cnt
[32m(release)[0m> from
[32m(release)[0m> 	partsupp,
[32m(release)[0m> 	part
[32m(release)[0m> where
[32m(release)[0m> 	p_partkey = ps_partkey
[32m(release)[0m> 	and p_brand <> 'Brand#45'
[32m(release)[0m> 	and p_type not like 'MEDIUM POLISHED%'
[32m(release)[0m> 	and p_size in (49, 14, 23, 45, 19, 3, 36, 9)
[32m(release)[0m> 	and ps_suppkey not in (
[32m(release)[0m> 		select
[32m(release)[0m> 			s_suppkey
[32m(release)[0m> 		from
[32m(release)[0m> 			supplier
[32m(release)[0m> 		where
[32m(release)[0m> 			s_comment like '%Customer%Complaints%'
[32m(release)[0m> 	)
[32m(release)[0m> group by
[32m(release)[0m> 	p_brand,
[32m(release)[0m> 	p_type,
[32m(release)[0m> 	p_size
[32m(release)[0m> order by
[32m(release)[0m> 	supplier_cnt desc,
[32m(release)[0m> 	p_brand,
[32m(release)[0m> 	p_type,
[32m(release)[0m> 	p_size;
VmRSS Change: 16 KB
===
27840 rows total
Execution info: [PARSE: 65 µs 990 ns, SQL TRANSLATE: 0 ns, OPTIMIZE: 0 ns, LQP TRANSLATE: 55 µs 329 ns, EXECUTE: 438 ms 634 µs (wall time) | QUERY PLAN CACHE HITS: 1/1 statement(s)]
After reset, table use_count: 2
WARNING: Table still has 1 other owner(s) after pipeline reset!
Executing script file done
$:hsh mem_usage
------------------------------------------
Memory Usage Statistics:
VmSize:	216005152 kB
VmRSS:	61056100 kB
1: MemResourceStatus {MigratedColumnsAggregate,18446744073709551615,12610235929,10275988050,10275988050,0,1,N/A}
MemResourceStatus {NumaMonotonicResource,3,60000000000,3894834,132865042,2410592439,1,2410600088}
MemResourceStatus {NumaMonotonicResource,2,60000000000,0,0,0,0,0}
MemResourceStatus {NumaMonotonicResource,1,64000000000,1039541809,3671651606,18917318200,0,18917334560}
0: MemResourceStatus {MemManagerAggregate,18446744073709551615,124000000000,1039541809,3671651606,0,0,N/A}
1: MemResourceStatus {MemManagerAggregate,18446744073709551615,60000000000,3894834,132865042,0,1,N/A}
MemResourceStatus {DefaultResource,18446744073709551615,18446744073709551615,0,0,0,-1,N/A}
Quick Memory Usage Overview:
Used Capacity: 1039541809, 10279882884
------------------------------------------
Executing script file: /home/umeshsum/tpch_queries/16.sql
[32m(release)[0m> select
[32m(release)[0m> 	p_brand,
[32m(release)[0m> 	p_type,
[32m(release)[0m> 	p_size,
[32m(release)[0m> 	count(distinct ps_suppkey) as supplier_cnt
[32m(release)[0m> from
[32m(release)[0m> 	partsupp,
[32m(release)[0m> 	part
[32m(release)[0m> where
[32m(release)[0m> 	p_partkey = ps_partkey
[32m(release)[0m> 	and p_brand <> 'Brand#45'
[32m(release)[0m> 	and p_type not like 'MEDIUM POLISHED%'
[32m(release)[0m> 	and p_size in (49, 14, 23, 45, 19, 3, 36, 9)
[32m(release)[0m> 	and ps_suppkey not in (
[32m(release)[0m> 		select
[32m(release)[0m> 			s_suppkey
[32m(release)[0m> 		from
[32m(release)[0m> 			supplier
[32m(release)[0m> 		where
[32m(release)[0m> 			s_comment like '%Customer%Complaints%'
[32m(release)[0m> 	)
[32m(release)[0m> group by
[32m(release)[0m> 	p_brand,
[32m(release)[0m> 	p_type,
[32m(release)[0m> 	p_size
[32m(release)[0m> order by
[32m(release)[0m> 	supplier_cnt desc,
[32m(release)[0m> 	p_brand,
[32m(release)[0m> 	p_type,
[32m(release)[0m> 	p_size;
VmRSS Change: 1072 KB
===
27840 rows total
Execution info: [PARSE: 66 µs 529 ns, SQL TRANSLATE: 0 ns, OPTIMIZE: 0 ns, LQP TRANSLATE: 57 µs 719 ns, EXECUTE: 436 ms 672 µs (wall time) | QUERY PLAN CACHE HITS: 1/1 statement(s)]
After reset, table use_count: 2
WARNING: Table still has 1 other owner(s) after pipeline reset!
Executing script file done
$:hsh mem_usage
------------------------------------------
Memory Usage Statistics:
VmSize:	216005152 kB
VmRSS:	61057168 kB
1: MemResourceStatus {MigratedColumnsAggregate,18446744073709551615,12610235929,10275988050,10275988050,0,1,N/A}
MemResourceStatus {NumaMonotonicResource,3,60000000000,3894834,132865042,3214094477,1,3214104680}
MemResourceStatus {NumaMonotonicResource,2,60000000000,0,0,0,0,0}
MemResourceStatus {NumaMonotonicResource,1,64000000000,1039541809,3671651606,18917318200,0,18917334560}
0: MemResourceStatus {MemManagerAggregate,18446744073709551615,124000000000,1039541809,3671651606,0,0,N/A}
1: MemResourceStatus {MemManagerAggregate,18446744073709551615,60000000000,3894834,132865042,0,1,N/A}
MemResourceStatus {DefaultResource,18446744073709551615,18446744073709551615,0,0,0,-1,N/A}
Quick Memory Usage Overview:
Used Capacity: 1039541809, 10279882884
------------------------------------------
Executing script file: /home/umeshsum/tpch_queries/16.sql
[32m(release)[0m> select
[32m(release)[0m> 	p_brand,
[32m(release)[0m> 	p_type,
[32m(release)[0m> 	p_size,
[32m(release)[0m> 	count(distinct ps_suppkey) as supplier_cnt
[32m(release)[0m> from
[32m(release)[0m> 	partsupp,
[32m(release)[0m> 	part
[32m(release)[0m> where
[32m(release)[0m> 	p_partkey = ps_partkey
[32m(release)[0m> 	and p_brand <> 'Brand#45'
[32m(release)[0m> 	and p_type not like 'MEDIUM POLISHED%'
[32m(release)[0m> 	and p_size in (49, 14, 23, 45, 19, 3, 36, 9)
[32m(release)[0m> 	and ps_suppkey not in (
[32m(release)[0m> 		select
[32m(release)[0m> 			s_suppkey
[32m(release)[0m> 		from
[32m(release)[0m> 			supplier
[32m(release)[0m> 		where
[32m(release)[0m> 			s_comment like '%Customer%Complaints%'
[32m(release)[0m> 	)
[32m(release)[0m> group by
[32m(release)[0m> 	p_brand,
[32m(release)[0m> 	p_type,
[32m(release)[0m> 	p_size
[32m(release)[0m> order by
[32m(release)[0m> 	supplier_cnt desc,
[32m(release)[0m> 	p_brand,
[32m(release)[0m> 	p_type,
[32m(release)[0m> 	p_size;
VmRSS Change: 824 KB
===
27840 rows total
Execution info: [PARSE: 67 µs 190 ns, SQL TRANSLATE: 0 ns, OPTIMIZE: 0 ns, LQP TRANSLATE: 58 µs 129 ns, EXECUTE: 455 ms 190 µs (wall time) | QUERY PLAN CACHE HITS: 1/1 statement(s)]
After reset, table use_count: 2
WARNING: Table still has 1 other owner(s) after pipeline reset!
Executing script file done
$:hsh mem_usage
------------------------------------------
Memory Usage Statistics:
VmSize:	216005152 kB
VmRSS:	61057992 kB
1: MemResourceStatus {MigratedColumnsAggregate,18446744073709551615,12610235929,10275988050,10275988050,0,1,N/A}
MemResourceStatus {NumaMonotonicResource,3,60000000000,3894834,132865042,4017596515,1,4017609288}
MemResourceStatus {NumaMonotonicResource,2,60000000000,0,0,0,0,0}
MemResourceStatus {NumaMonotonicResource,1,64000000000,1039541809,3671651606,18917318200,0,18917334560}
0: MemResourceStatus {MemManagerAggregate,18446744073709551615,124000000000,1039541809,3671651606,0,0,N/A}
1: MemResourceStatus {MemManagerAggregate,18446744073709551615,60000000000,3894834,132865042,0,1,N/A}
MemResourceStatus {DefaultResource,18446744073709551615,18446744073709551615,0,0,0,-1,N/A}
Quick Memory Usage Overview:
Used Capacity: 1039541809, 10279882884
------------------------------------------
Executing script file: /home/umeshsum/tpch_queries/16.sql
[32m(release)[0m> select
[32m(release)[0m> 	p_brand,
[32m(release)[0m> 	p_type,
[32m(release)[0m> 	p_size,
[32m(release)[0m> 	count(distinct ps_suppkey) as supplier_cnt
[32m(release)[0m> from
[32m(release)[0m> 	partsupp,
[32m(release)[0m> 	part
[32m(release)[0m> where
[32m(release)[0m> 	p_partkey = ps_partkey
[32m(release)[0m> 	and p_brand <> 'Brand#45'
[32m(release)[0m> 	and p_type not like 'MEDIUM POLISHED%'
[32m(release)[0m> 	and p_size in (49, 14, 23, 45, 19, 3, 36, 9)
[32m(release)[0m> 	and ps_suppkey not in (
[32m(release)[0m> 		select
[32m(release)[0m> 			s_suppkey
[32m(release)[0m> 		from
[32m(release)[0m> 			supplier
[32m(release)[0m> 		where
[32m(release)[0m> 			s_comment like '%Customer%Complaints%'
[32m(release)[0m> 	)
[32m(release)[0m> group by
[32m(release)[0m> 	p_brand,
[32m(release)[0m> 	p_type,
[32m(release)[0m> 	p_size
[32m(release)[0m> order by
[32m(release)[0m> 	supplier_cnt desc,
[32m(release)[0m> 	p_brand,
[32m(release)[0m> 	p_type,
[32m(release)[0m> 	p_size;
VmRSS Change: 780 KB
===
27840 rows total
Execution info: [PARSE: 104 µs 289 ns, SQL TRANSLATE: 0 ns, OPTIMIZE: 0 ns, LQP TRANSLATE: 70 µs 669 ns, EXECUTE: 431 ms 443 µs (wall time) | QUERY PLAN CACHE HITS: 1/1 statement(s)]
After reset, table use_count: 2
WARNING: Table still has 1 other owner(s) after pipeline reset!
Executing script file done
$:hsh mem_usage
------------------------------------------
Memory Usage Statistics:
VmSize:	216005152 kB
VmRSS:	61058772 kB
1: MemResourceStatus {MigratedColumnsAggregate,18446744073709551615,12610235929,10275988050,10275988050,0,1,N/A}
MemResourceStatus {NumaMonotonicResource,3,60000000000,3894834,132865042,4821098553,1,4821113880}
MemResourceStatus {NumaMonotonicResource,2,60000000000,0,0,0,0,0}
MemResourceStatus {NumaMonotonicResource,1,64000000000,1039541809,3671651606,18917318200,0,18917334560}
0: MemResourceStatus {MemManagerAggregate,18446744073709551615,124000000000,1039541809,3671651606,0,0,N/A}
1: MemResourceStatus {MemManagerAggregate,18446744073709551615,60000000000,3894834,132865042,0,1,N/A}
MemResourceStatus {DefaultResource,18446744073709551615,18446744073709551615,0,0,0,-1,N/A}
Quick Memory Usage Overview:
Used Capacity: 1039541809, 10279882884
------------------------------------------
Executing script file: /home/umeshsum/tpch_queries/16.sql
[32m(release)[0m> select
[32m(release)[0m> 	p_brand,
[32m(release)[0m> 	p_type,
[32m(release)[0m> 	p_size,
[32m(release)[0m> 	count(distinct ps_suppkey) as supplier_cnt
[32m(release)[0m> from
[32m(release)[0m> 	partsupp,
[32m(release)[0m> 	part
[32m(release)[0m> where
[32m(release)[0m> 	p_partkey = ps_partkey
[32m(release)[0m> 	and p_brand <> 'Brand#45'
[32m(release)[0m> 	and p_type not like 'MEDIUM POLISHED%'
[32m(release)[0m> 	and p_size in (49, 14, 23, 45, 19, 3, 36, 9)
[32m(release)[0m> 	and ps_suppkey not in (
[32m(release)[0m> 		select
[32m(release)[0m> 			s_suppkey
[32m(release)[0m> 		from
[32m(release)[0m> 			supplier
[32m(release)[0m> 		where
[32m(release)[0m> 			s_comment like '%Customer%Complaints%'
[32m(release)[0m> 	)
[32m(release)[0m> group by
[32m(release)[0m> 	p_brand,
[32m(release)[0m> 	p_type,
[32m(release)[0m> 	p_size
[32m(release)[0m> order by
[32m(release)[0m> 	supplier_cnt desc,
[32m(release)[0m> 	p_brand,
[32m(release)[0m> 	p_type,
[32m(release)[0m> 	p_size;
VmRSS Change: 18446744073709551596 KB
===
27840 rows total
Execution info: [PARSE: 66 µs 930 ns, SQL TRANSLATE: 0 ns, OPTIMIZE: 0 ns, LQP TRANSLATE: 61 µs 539 ns, EXECUTE: 462 ms 34 µs (wall time) | QUERY PLAN CACHE HITS: 1/1 statement(s)]
After reset, table use_count: 2
WARNING: Table still has 1 other owner(s) after pipeline reset!
Executing script file done
$:hsh mem_usage
------------------------------------------
Memory Usage Statistics:
VmSize:	216005152 kB
VmRSS:	61058748 kB
1: MemResourceStatus {MigratedColumnsAggregate,18446744073709551615,12610235929,10275988050,10275988050,0,1,N/A}
MemResourceStatus {NumaMonotonicResource,3,60000000000,3894834,132865042,5624600591,1,5624618488}
MemResourceStatus {NumaMonotonicResource,2,60000000000,0,0,0,0,0}
MemResourceStatus {NumaMonotonicResource,1,64000000000,1039541809,3671651606,18917318200,0,18917334560}
0: MemResourceStatus {MemManagerAggregate,18446744073709551615,124000000000,1039541809,3671651606,0,0,N/A}
1: MemResourceStatus {MemManagerAggregate,18446744073709551615,60000000000,3894834,132865042,0,1,N/A}
MemResourceStatus {DefaultResource,18446744073709551615,18446744073709551615,0,0,0,-1,N/A}
Quick Memory Usage Overview:
Used Capacity: 1039541809, 10279882884
------------------------------------------
Executing script file: /home/umeshsum/tpch_queries/16.sql
[32m(release)[0m> select
[32m(release)[0m> 	p_brand,
[32m(release)[0m> 	p_type,
[32m(release)[0m> 	p_size,
[32m(release)[0m> 	count(distinct ps_suppkey) as supplier_cnt
[32m(release)[0m> from
[32m(release)[0m> 	partsupp,
[32m(release)[0m> 	part
[32m(release)[0m> where
[32m(release)[0m> 	p_partkey = ps_partkey
[32m(release)[0m> 	and p_brand <> 'Brand#45'
[32m(release)[0m> 	and p_type not like 'MEDIUM POLISHED%'
[32m(release)[0m> 	and p_size in (49, 14, 23, 45, 19, 3, 36, 9)
[32m(release)[0m> 	and ps_suppkey not in (
[32m(release)[0m> 		select
[32m(release)[0m> 			s_suppkey
[32m(release)[0m> 		from
[32m(release)[0m> 			supplier
[32m(release)[0m> 		where
[32m(release)[0m> 			s_comment like '%Customer%Complaints%'
[32m(release)[0m> 	)
[32m(release)[0m> group by
[32m(release)[0m> 	p_brand,
[32m(release)[0m> 	p_type,
[32m(release)[0m> 	p_size
[32m(release)[0m> order by
[32m(release)[0m> 	supplier_cnt desc,
[32m(release)[0m> 	p_brand,
[32m(release)[0m> 	p_type,
[32m(release)[0m> 	p_size;
VmRSS Change: 284 KB
===
27840 rows total
Execution info: [PARSE: 66 µs 869 ns, SQL TRANSLATE: 0 ns, OPTIMIZE: 0 ns, LQP TRANSLATE: 62 µs 89 ns, EXECUTE: 448 ms 877 µs (wall time) | QUERY PLAN CACHE HITS: 1/1 statement(s)]
After reset, table use_count: 2
WARNING: Table still has 1 other owner(s) after pipeline reset!
Executing script file done
$:hsh mem_usage
------------------------------------------
Memory Usage Statistics:
VmSize:	216005152 kB
VmRSS:	61059032 kB
1: MemResourceStatus {MigratedColumnsAggregate,18446744073709551615,12610235929,10275988050,10275988050,0,1,N/A}
MemResourceStatus {NumaMonotonicResource,3,60000000000,3894834,132865042,6428102629,1,6428123080}
MemResourceStatus {NumaMonotonicResource,2,60000000000,0,0,0,0,0}
MemResourceStatus {NumaMonotonicResource,1,64000000000,1039541809,3671651606,18917318200,0,18917334560}
0: MemResourceStatus {MemManagerAggregate,18446744073709551615,124000000000,1039541809,3671651606,0,0,N/A}
1: MemResourceStatus {MemManagerAggregate,18446744073709551615,60000000000,3894834,132865042,0,1,N/A}
MemResourceStatus {DefaultResource,18446744073709551615,18446744073709551615,0,0,0,-1,N/A}
Quick Memory Usage Overview:
Used Capacity: 1039541809, 10279882884
------------------------------------------
Executing script file: /home/umeshsum/tpch_queries/16.sql
[32m(release)[0m> select
[32m(release)[0m> 	p_brand,
[32m(release)[0m> 	p_type,
[32m(release)[0m> 	p_size,
[32m(release)[0m> 	count(distinct ps_suppkey) as supplier_cnt
[32m(release)[0m> from
[32m(release)[0m> 	partsupp,
[32m(release)[0m> 	part
[32m(release)[0m> where
[32m(release)[0m> 	p_partkey = ps_partkey
[32m(release)[0m> 	and p_brand <> 'Brand#45'
[32m(release)[0m> 	and p_type not like 'MEDIUM POLISHED%'
[32m(release)[0m> 	and p_size in (49, 14, 23, 45, 19, 3, 36, 9)
[32m(release)[0m> 	and ps_suppkey not in (
[32m(release)[0m> 		select
[32m(release)[0m> 			s_suppkey
[32m(release)[0m> 		from
[32m(release)[0m> 			supplier
[32m(release)[0m> 		where
[32m(release)[0m> 			s_comment like '%Customer%Complaints%'
[32m(release)[0m> 	)
[32m(release)[0m> group by
[32m(release)[0m> 	p_brand,
[32m(release)[0m> 	p_type,
[32m(release)[0m> 	p_size
[32m(release)[0m> order by
[32m(release)[0m> 	supplier_cnt desc,
[32m(release)[0m> 	p_brand,
[32m(release)[0m> 	p_type,
[32m(release)[0m> 	p_size;
VmRSS Change: 892 KB
===
27840 rows total
Execution info: [PARSE: 65 µs 399 ns, SQL TRANSLATE: 0 ns, OPTIMIZE: 0 ns, LQP TRANSLATE: 58 µs 330 ns, EXECUTE: 451 ms 168 µs (wall time) | QUERY PLAN CACHE HITS: 1/1 statement(s)]
After reset, table use_count: 2
WARNING: Table still has 1 other owner(s) after pipeline reset!
Executing script file done
$:hsh mem_usage
------------------------------------------
Memory Usage Statistics:
VmSize:	216005152 kB
VmRSS:	61059924 kB
1: MemResourceStatus {MigratedColumnsAggregate,18446744073709551615,12610235929,10275988050,10275988050,0,1,N/A}
MemResourceStatus {NumaMonotonicResource,3,60000000000,3894834,132865042,7231604667,1,7231627656}
MemResourceStatus {NumaMonotonicResource,2,60000000000,0,0,0,0,0}
MemResourceStatus {NumaMonotonicResource,1,64000000000,1039541809,3671651606,18917318200,0,18917334560}
0: MemResourceStatus {MemManagerAggregate,18446744073709551615,124000000000,1039541809,3671651606,0,0,N/A}
1: MemResourceStatus {MemManagerAggregate,18446744073709551615,60000000000,3894834,132865042,0,1,N/A}
MemResourceStatus {DefaultResource,18446744073709551615,18446744073709551615,0,0,0,-1,N/A}
Quick Memory Usage Overview:
Used Capacity: 1039541809, 10279882884
------------------------------------------
Executing script file: /home/umeshsum/tpch_queries/16.sql
[32m(release)[0m> select
[32m(release)[0m> 	p_brand,
[32m(release)[0m> 	p_type,
[32m(release)[0m> 	p_size,
[32m(release)[0m> 	count(distinct ps_suppkey) as supplier_cnt
[32m(release)[0m> from
[32m(release)[0m> 	partsupp,
[32m(release)[0m> 	part
[32m(release)[0m> where
[32m(release)[0m> 	p_partkey = ps_partkey
[32m(release)[0m> 	and p_brand <> 'Brand#45'
[32m(release)[0m> 	and p_type not like 'MEDIUM POLISHED%'
[32m(release)[0m> 	and p_size in (49, 14, 23, 45, 19, 3, 36, 9)
[32m(release)[0m> 	and ps_suppkey not in (
[32m(release)[0m> 		select
[32m(release)[0m> 			s_suppkey
[32m(release)[0m> 		from
[32m(release)[0m> 			supplier
[32m(release)[0m> 		where
[32m(release)[0m> 			s_comment like '%Customer%Complaints%'
[32m(release)[0m> 	)
[32m(release)[0m> group by
[32m(release)[0m> 	p_brand,
[32m(release)[0m> 	p_type,
[32m(release)[0m> 	p_size
[32m(release)[0m> order by
[32m(release)[0m> 	supplier_cnt desc,
[32m(release)[0m> 	p_brand,
[32m(release)[0m> 	p_type,
[32m(release)[0m> 	p_size;
VmRSS Change: 600 KB
===
27840 rows total
Execution info: [PARSE: 68 µs 990 ns, SQL TRANSLATE: 0 ns, OPTIMIZE: 0 ns, LQP TRANSLATE: 60 µs 39 ns, EXECUTE: 457 ms 214 µs (wall time) | QUERY PLAN CACHE HITS: 1/1 statement(s)]
After reset, table use_count: 2
WARNING: Table still has 1 other owner(s) after pipeline reset!
Executing script file done
$:hsh mem_usage
------------------------------------------
Memory Usage Statistics:
VmSize:	216005152 kB
VmRSS:	61060520 kB
1: MemResourceStatus {MigratedColumnsAggregate,18446744073709551615,12610235929,10275988050,10275988050,0,1,N/A}
MemResourceStatus {NumaMonotonicResource,3,60000000000,3894834,132865042,8035106705,1,8035132264}
MemResourceStatus {NumaMonotonicResource,2,60000000000,0,0,0,0,0}
MemResourceStatus {NumaMonotonicResource,1,64000000000,1039541809,3671651606,18917318200,0,18917334560}
0: MemResourceStatus {MemManagerAggregate,18446744073709551615,124000000000,1039541809,3671651606,0,0,N/A}
1: MemResourceStatus {MemManagerAggregate,18446744073709551615,60000000000,3894834,132865042,0,1,N/A}
MemResourceStatus {DefaultResource,18446744073709551615,18446744073709551615,0,0,0,-1,N/A}
Quick Memory Usage Overview:
Used Capacity: 1039541809, 10279882884
------------------------------------------
Label set to d0_tf0_q17
$:hsh clear_plan_caches
Cleared PQP and LQP caches
$:hsh clear_pipeline
Released last SQLPipeline
$:hsh reset_exec_pools
Reset execution pools (2, 3) bump pointers to start
$:hsh mem_usage
------------------------------------------
Memory Usage Statistics:
VmSize:	216005152 kB
VmRSS:	61060520 kB
1: MemResourceStatus {MigratedColumnsAggregate,18446744073709551615,12610235929,10275988050,10275988050,0,1,N/A}
MemResourceStatus {NumaMonotonicResource,3,60000000000,0,0,0,1,0}
MemResourceStatus {NumaMonotonicResource,2,60000000000,0,0,0,0,0}
MemResourceStatus {NumaMonotonicResource,1,64000000000,1039541809,3671651606,18917318200,0,18917334560}
0: MemResourceStatus {MemManagerAggregate,18446744073709551615,124000000000,1039541809,3671651606,0,0,N/A}
1: MemResourceStatus {MemManagerAggregate,18446744073709551615,60000000000,0,0,0,1,N/A}
MemResourceStatus {DefaultResource,18446744073709551615,18446744073709551615,0,0,0,-1,N/A}
Quick Memory Usage Overview:
Used Capacity: 1039541809, 10275988050
------------------------------------------
Executing script file: /home/umeshsum/tpch_queries/17.sql
[32m(release)[0m> select
[32m(release)[0m> 	sum(l_extendedprice) / 7.0 as avg_yearly
[32m(release)[0m> from
[32m(release)[0m> 	lineitem,
[32m(release)[0m> 	part
[32m(release)[0m> where
[32m(release)[0m> 	p_partkey = l_partkey
[32m(release)[0m> 	and p_brand = 'Brand#23'
[32m(release)[0m> 	and p_container = 'MED BOX'
[32m(release)[0m> 	and l_quantity < (
[32m(release)[0m> 		select
[32m(release)[0m> 			0.2 * avg(l_quantity)
[32m(release)[0m> 		from
[32m(release)[0m> 			lineitem
[32m(release)[0m> 		where
[32m(release)[0m> 			l_partkey = p_partkey
[32m(release)[0m> 	);
VmRSS Change: 520 KB
===
1 rows total
Execution info: [PARSE: 57 µs 939 ns, SQL TRANSLATE: 283 µs 547 ns, OPTIMIZE: 3 ms 134 µs, LQP TRANSLATE: 138 µs 749 ns, EXECUTE: 95 ms 724 µs (wall time) | QUERY PLAN CACHE HITS: 0/1 statement(s)]
After reset, table use_count: 2
WARNING: Table still has 1 other owner(s) after pipeline reset!
Executing script file done
$:hsh mem_usage
------------------------------------------
Memory Usage Statistics:
VmSize:	216005152 kB
VmRSS:	61061048 kB
1: MemResourceStatus {MigratedColumnsAggregate,18446744073709551615,12610235929,10275988050,10275988050,0,1,N/A}
MemResourceStatus {NumaMonotonicResource,3,60000000000,77664,1200291888,1372781496,1,1372785752}
MemResourceStatus {NumaMonotonicResource,2,60000000000,0,0,0,0,0}
MemResourceStatus {NumaMonotonicResource,1,64000000000,1039541809,3671651606,18917318200,0,18917334560}
0: MemResourceStatus {MemManagerAggregate,18446744073709551615,124000000000,1039541809,3671651606,0,0,N/A}
1: MemResourceStatus {MemManagerAggregate,18446744073709551615,60000000000,77664,1200291888,0,1,N/A}
MemResourceStatus {DefaultResource,18446744073709551615,18446744073709551615,0,0,0,-1,N/A}
Quick Memory Usage Overview:
Used Capacity: 1039541809, 10276065714
------------------------------------------
Executing script file: /home/umeshsum/tpch_queries/17.sql
[32m(release)[0m> select
[32m(release)[0m> 	sum(l_extendedprice) / 7.0 as avg_yearly
[32m(release)[0m> from
[32m(release)[0m> 	lineitem,
[32m(release)[0m> 	part
[32m(release)[0m> where
[32m(release)[0m> 	p_partkey = l_partkey
[32m(release)[0m> 	and p_brand = 'Brand#23'
[32m(release)[0m> 	and p_container = 'MED BOX'
[32m(release)[0m> 	and l_quantity < (
[32m(release)[0m> 		select
[32m(release)[0m> 			0.2 * avg(l_quantity)
[32m(release)[0m> 		from
[32m(release)[0m> 			lineitem
[32m(release)[0m> 		where
[32m(release)[0m> 			l_partkey = p_partkey
[32m(release)[0m> 	);
VmRSS Change: 18446744073709551596 KB
===
1 rows total
Execution info: [PARSE: 45 µs 829 ns, SQL TRANSLATE: 0 ns, OPTIMIZE: 0 ns, LQP TRANSLATE: 46 µs 609 ns, EXECUTE: 91 ms 716 µs (wall time) | QUERY PLAN CACHE HITS: 1/1 statement(s)]
After reset, table use_count: 2
WARNING: Table still has 1 other owner(s) after pipeline reset!
Executing script file done
$:hsh mem_usage
------------------------------------------
Memory Usage Statistics:
VmSize:	216005152 kB
VmRSS:	61061028 kB
1: MemResourceStatus {MigratedColumnsAggregate,18446744073709551615,12610235929,10275988050,10275988050,0,1,N/A}
MemResourceStatus {NumaMonotonicResource,3,60000000000,155096,1200369320,2745562992,1,2745571496}
MemResourceStatus {NumaMonotonicResource,2,60000000000,0,0,0,0,0}
MemResourceStatus {NumaMonotonicResource,1,64000000000,1039541809,3671651606,18917318200,0,18917334560}
0: MemResourceStatus {MemManagerAggregate,18446744073709551615,124000000000,1039541809,3671651606,0,0,N/A}
1: MemResourceStatus {MemManagerAggregate,18446744073709551615,60000000000,155096,1200369320,0,1,N/A}
MemResourceStatus {DefaultResource,18446744073709551615,18446744073709551615,0,0,0,-1,N/A}
Quick Memory Usage Overview:
Used Capacity: 1039541809, 10276143146
------------------------------------------
Executing script file: /home/umeshsum/tpch_queries/17.sql
[32m(release)[0m> select
[32m(release)[0m> 	sum(l_extendedprice) / 7.0 as avg_yearly
[32m(release)[0m> from
[32m(release)[0m> 	lineitem,
[32m(release)[0m> 	part
[32m(release)[0m> where
[32m(release)[0m> 	p_partkey = l_partkey
[32m(release)[0m> 	and p_brand = 'Brand#23'
[32m(release)[0m> 	and p_container = 'MED BOX'
[32m(release)[0m> 	and l_quantity < (
[32m(release)[0m> 		select
[32m(release)[0m> 			0.2 * avg(l_quantity)
[32m(release)[0m> 		from
[32m(release)[0m> 			lineitem
[32m(release)[0m> 		where
[32m(release)[0m> 			l_partkey = p_partkey
[32m(release)[0m> 	);
VmRSS Change: 16 KB
===
1 rows total
Execution info: [PARSE: 47 µs 199 ns, SQL TRANSLATE: 0 ns, OPTIMIZE: 0 ns, LQP TRANSLATE: 43 µs 30 ns, EXECUTE: 77 ms 853 µs (wall time) | QUERY PLAN CACHE HITS: 1/1 statement(s)]
After reset, table use_count: 2
WARNING: Table still has 1 other owner(s) after pipeline reset!
Executing script file done
$:hsh mem_usage
------------------------------------------
Memory Usage Statistics:
VmSize:	216005152 kB
VmRSS:	61061044 kB
1: MemResourceStatus {MigratedColumnsAggregate,18446744073709551615,12610235929,10275988050,10275988050,0,1,N/A}
MemResourceStatus {NumaMonotonicResource,3,60000000000,155096,1200369320,4118344488,1,4118357240}
MemResourceStatus {NumaMonotonicResource,2,60000000000,0,0,0,0,0}
MemResourceStatus {NumaMonotonicResource,1,64000000000,1039541809,3671651606,18917318200,0,18917334560}
0: MemResourceStatus {MemManagerAggregate,18446744073709551615,124000000000,1039541809,3671651606,0,0,N/A}
1: MemResourceStatus {MemManagerAggregate,18446744073709551615,60000000000,155096,1200369320,0,1,N/A}
MemResourceStatus {DefaultResource,18446744073709551615,18446744073709551615,0,0,0,-1,N/A}
Quick Memory Usage Overview:
Used Capacity: 1039541809, 10276143146
------------------------------------------
Executing script file: /home/umeshsum/tpch_queries/17.sql
[32m(release)[0m> select
[32m(release)[0m> 	sum(l_extendedprice) / 7.0 as avg_yearly
[32m(release)[0m> from
[32m(release)[0m> 	lineitem,
[32m(release)[0m> 	part
[32m(release)[0m> where
[32m(release)[0m> 	p_partkey = l_partkey
[32m(release)[0m> 	and p_brand = 'Brand#23'
[32m(release)[0m> 	and p_container = 'MED BOX'
[32m(release)[0m> 	and l_quantity < (
[32m(release)[0m> 		select
[32m(release)[0m> 			0.2 * avg(l_quantity)
[32m(release)[0m> 		from
[32m(release)[0m> 			lineitem
[32m(release)[0m> 		where
[32m(release)[0m> 			l_partkey = p_partkey
[32m(release)[0m> 	);
VmRSS Change: 300 KB
===
1 rows total
Execution info: [PARSE: 74 µs 790 ns, SQL TRANSLATE: 0 ns, OPTIMIZE: 0 ns, LQP TRANSLATE: 40 µs 870 ns, EXECUTE: 81 ms 475 µs (wall time) | QUERY PLAN CACHE HITS: 1/1 statement(s)]
After reset, table use_count: 2
WARNING: Table still has 1 other owner(s) after pipeline reset!
Executing script file done
$:hsh mem_usage
------------------------------------------
Memory Usage Statistics:
VmSize:	216005152 kB
VmRSS:	61061344 kB
1: MemResourceStatus {MigratedColumnsAggregate,18446744073709551615,12610235929,10275988050,10275988050,0,1,N/A}
MemResourceStatus {NumaMonotonicResource,3,60000000000,155096,1200369320,5491125984,1,5491142968}
MemResourceStatus {NumaMonotonicResource,2,60000000000,0,0,0,0,0}
MemResourceStatus {NumaMonotonicResource,1,64000000000,1039541809,3671651606,18917318200,0,18917334560}
0: MemResourceStatus {MemManagerAggregate,18446744073709551615,124000000000,1039541809,3671651606,0,0,N/A}
1: MemResourceStatus {MemManagerAggregate,18446744073709551615,60000000000,155096,1200369320,0,1,N/A}
MemResourceStatus {DefaultResource,18446744073709551615,18446744073709551615,0,0,0,-1,N/A}
Quick Memory Usage Overview:
Used Capacity: 1039541809, 10276143146
------------------------------------------
Executing script file: /home/umeshsum/tpch_queries/17.sql
[32m(release)[0m> select
[32m(release)[0m> 	sum(l_extendedprice) / 7.0 as avg_yearly
[32m(release)[0m> from
[32m(release)[0m> 	lineitem,
[32m(release)[0m> 	part
[32m(release)[0m> where
[32m(release)[0m> 	p_partkey = l_partkey
[32m(release)[0m> 	and p_brand = 'Brand#23'
[32m(release)[0m> 	and p_container = 'MED BOX'
[32m(release)[0m> 	and l_quantity < (
[32m(release)[0m> 		select
[32m(release)[0m> 			0.2 * avg(l_quantity)
[32m(release)[0m> 		from
[32m(release)[0m> 			lineitem
[32m(release)[0m> 		where
[32m(release)[0m> 			l_partkey = p_partkey
[32m(release)[0m> 	);
VmRSS Change: 100 KB
===
1 rows total
Execution info: [PARSE: 43 µs 300 ns, SQL TRANSLATE: 0 ns, OPTIMIZE: 0 ns, LQP TRANSLATE: 42 µs 470 ns, EXECUTE: 85 ms 15 µs (wall time) | QUERY PLAN CACHE HITS: 1/1 statement(s)]
After reset, table use_count: 2
WARNING: Table still has 1 other owner(s) after pipeline reset!
Executing script file done
$:hsh mem_usage
------------------------------------------
Memory Usage Statistics:
VmSize:	216005152 kB
VmRSS:	61061444 kB
1: MemResourceStatus {MigratedColumnsAggregate,18446744073709551615,12610235929,10275988050,10275988050,0,1,N/A}
MemResourceStatus {NumaMonotonicResource,3,60000000000,155096,1200369320,6863907480,1,6863928712}
MemResourceStatus {NumaMonotonicResource,2,60000000000,0,0,0,0,0}
MemResourceStatus {NumaMonotonicResource,1,64000000000,1039541809,3671651606,18917318200,0,18917334560}
0: MemResourceStatus {MemManagerAggregate,18446744073709551615,124000000000,1039541809,3671651606,0,0,N/A}
1: MemResourceStatus {MemManagerAggregate,18446744073709551615,60000000000,155096,1200369320,0,1,N/A}
MemResourceStatus {DefaultResource,18446744073709551615,18446744073709551615,0,0,0,-1,N/A}
Quick Memory Usage Overview:
Used Capacity: 1039541809, 10276143146
------------------------------------------
Executing script file: /home/umeshsum/tpch_queries/17.sql
[32m(release)[0m> select
[32m(release)[0m> 	sum(l_extendedprice) / 7.0 as avg_yearly
[32m(release)[0m> from
[32m(release)[0m> 	lineitem,
[32m(release)[0m> 	part
[32m(release)[0m> where
[32m(release)[0m> 	p_partkey = l_partkey
[32m(release)[0m> 	and p_brand = 'Brand#23'
[32m(release)[0m> 	and p_container = 'MED BOX'
[32m(release)[0m> 	and l_quantity < (
[32m(release)[0m> 		select
[32m(release)[0m> 			0.2 * avg(l_quantity)
[32m(release)[0m> 		from
[32m(release)[0m> 			lineitem
[32m(release)[0m> 		where
[32m(release)[0m> 			l_partkey = p_partkey
[32m(release)[0m> 	);
VmRSS Change: 0 KB
===
1 rows total
Execution info: [PARSE: 44 µs 170 ns, SQL TRANSLATE: 0 ns, OPTIMIZE: 0 ns, LQP TRANSLATE: 41 µs 780 ns, EXECUTE: 75 ms 960 µs (wall time) | QUERY PLAN CACHE HITS: 1/1 statement(s)]
After reset, table use_count: 2
WARNING: Table still has 1 other owner(s) after pipeline reset!
Executing script file done
$:hsh mem_usage
------------------------------------------
Memory Usage Statistics:
VmSize:	216005152 kB
VmRSS:	61061444 kB
1: MemResourceStatus {MigratedColumnsAggregate,18446744073709551615,12610235929,10275988050,10275988050,0,1,N/A}
MemResourceStatus {NumaMonotonicResource,3,60000000000,155096,1200369320,8236688976,1,8236714456}
MemResourceStatus {NumaMonotonicResource,2,60000000000,0,0,0,0,0}
MemResourceStatus {NumaMonotonicResource,1,64000000000,1039541809,3671651606,18917318200,0,18917334560}
0: MemResourceStatus {MemManagerAggregate,18446744073709551615,124000000000,1039541809,3671651606,0,0,N/A}
1: MemResourceStatus {MemManagerAggregate,18446744073709551615,60000000000,155096,1200369320,0,1,N/A}
MemResourceStatus {DefaultResource,18446744073709551615,18446744073709551615,0,0,0,-1,N/A}
Quick Memory Usage Overview:
Used Capacity: 1039541809, 10276143146
------------------------------------------
Executing script file: /home/umeshsum/tpch_queries/17.sql
[32m(release)[0m> select
[32m(release)[0m> 	sum(l_extendedprice) / 7.0 as avg_yearly
[32m(release)[0m> from
[32m(release)[0m> 	lineitem,
[32m(release)[0m> 	part
[32m(release)[0m> where
[32m(release)[0m> 	p_partkey = l_partkey
[32m(release)[0m> 	and p_brand = 'Brand#23'
[32m(release)[0m> 	and p_container = 'MED BOX'
[32m(release)[0m> 	and l_quantity < (
[32m(release)[0m> 		select
[32m(release)[0m> 			0.2 * avg(l_quantity)
[32m(release)[0m> 		from
[32m(release)[0m> 			lineitem
[32m(release)[0m> 		where
[32m(release)[0m> 			l_partkey = p_partkey
[32m(release)[0m> 	);
VmRSS Change: 4 KB
===
1 rows total
Execution info: [PARSE: 44 µs 330 ns, SQL TRANSLATE: 0 ns, OPTIMIZE: 0 ns, LQP TRANSLATE: 39 µs 170 ns, EXECUTE: 76 ms 1 µs (wall time) | QUERY PLAN CACHE HITS: 1/1 statement(s)]
After reset, table use_count: 2
WARNING: Table still has 1 other owner(s) after pipeline reset!
Executing script file done
$:hsh mem_usage
------------------------------------------
Memory Usage Statistics:
VmSize:	216005152 kB
VmRSS:	61061448 kB
1: MemResourceStatus {MigratedColumnsAggregate,18446744073709551615,12610235929,10275988050,10275988050,0,1,N/A}
MemResourceStatus {NumaMonotonicResource,3,60000000000,155096,1200369320,9609470472,1,9609500200}
MemResourceStatus {NumaMonotonicResource,2,60000000000,0,0,0,0,0}
MemResourceStatus {NumaMonotonicResource,1,64000000000,1039541809,3671651606,18917318200,0,18917334560}
0: MemResourceStatus {MemManagerAggregate,18446744073709551615,124000000000,1039541809,3671651606,0,0,N/A}
1: MemResourceStatus {MemManagerAggregate,18446744073709551615,60000000000,155096,1200369320,0,1,N/A}
MemResourceStatus {DefaultResource,18446744073709551615,18446744073709551615,0,0,0,-1,N/A}
Quick Memory Usage Overview:
Used Capacity: 1039541809, 10276143146
------------------------------------------
Executing script file: /home/umeshsum/tpch_queries/17.sql
[32m(release)[0m> select
[32m(release)[0m> 	sum(l_extendedprice) / 7.0 as avg_yearly
[32m(release)[0m> from
[32m(release)[0m> 	lineitem,
[32m(release)[0m> 	part
[32m(release)[0m> where
[32m(release)[0m> 	p_partkey = l_partkey
[32m(release)[0m> 	and p_brand = 'Brand#23'
[32m(release)[0m> 	and p_container = 'MED BOX'
[32m(release)[0m> 	and l_quantity < (
[32m(release)[0m> 		select
[32m(release)[0m> 			0.2 * avg(l_quantity)
[32m(release)[0m> 		from
[32m(release)[0m> 			lineitem
[32m(release)[0m> 		where
[32m(release)[0m> 			l_partkey = p_partkey
[32m(release)[0m> 	);
VmRSS Change: 24 KB
===
1 rows total
Execution info: [PARSE: 45 µs 569 ns, SQL TRANSLATE: 0 ns, OPTIMIZE: 0 ns, LQP TRANSLATE: 39 µs 769 ns, EXECUTE: 78 ms 907 µs (wall time) | QUERY PLAN CACHE HITS: 1/1 statement(s)]
After reset, table use_count: 2
WARNING: Table still has 1 other owner(s) after pipeline reset!
Executing script file done
$:hsh mem_usage
------------------------------------------
Memory Usage Statistics:
VmSize:	216005152 kB
VmRSS:	61061468 kB
1: MemResourceStatus {MigratedColumnsAggregate,18446744073709551615,12610235929,10275988050,10275988050,0,1,N/A}
MemResourceStatus {NumaMonotonicResource,3,60000000000,155096,1200369320,10982251968,1,10982285944}
MemResourceStatus {NumaMonotonicResource,2,60000000000,0,0,0,0,0}
MemResourceStatus {NumaMonotonicResource,1,64000000000,1039541809,3671651606,18917318200,0,18917334560}
0: MemResourceStatus {MemManagerAggregate,18446744073709551615,124000000000,1039541809,3671651606,0,0,N/A}
1: MemResourceStatus {MemManagerAggregate,18446744073709551615,60000000000,155096,1200369320,0,1,N/A}
MemResourceStatus {DefaultResource,18446744073709551615,18446744073709551615,0,0,0,-1,N/A}
Quick Memory Usage Overview:
Used Capacity: 1039541809, 10276143146
------------------------------------------
Executing script file: /home/umeshsum/tpch_queries/17.sql
[32m(release)[0m> select
[32m(release)[0m> 	sum(l_extendedprice) / 7.0 as avg_yearly
[32m(release)[0m> from
[32m(release)[0m> 	lineitem,
[32m(release)[0m> 	part
[32m(release)[0m> where
[32m(release)[0m> 	p_partkey = l_partkey
[32m(release)[0m> 	and p_brand = 'Brand#23'
[32m(release)[0m> 	and p_container = 'MED BOX'
[32m(release)[0m> 	and l_quantity < (
[32m(release)[0m> 		select
[32m(release)[0m> 			0.2 * avg(l_quantity)
[32m(release)[0m> 		from
[32m(release)[0m> 			lineitem
[32m(release)[0m> 		where
[32m(release)[0m> 			l_partkey = p_partkey
[32m(release)[0m> 	);
VmRSS Change: 24 KB
===
1 rows total
Execution info: [PARSE: 42 µs 189 ns, SQL TRANSLATE: 0 ns, OPTIMIZE: 0 ns, LQP TRANSLATE: 39 µs 130 ns, EXECUTE: 82 ms 16 µs (wall time) | QUERY PLAN CACHE HITS: 1/1 statement(s)]
After reset, table use_count: 2
WARNING: Table still has 1 other owner(s) after pipeline reset!
Executing script file done
$:hsh mem_usage
------------------------------------------
Memory Usage Statistics:
VmSize:	216005152 kB
VmRSS:	61061492 kB
1: MemResourceStatus {MigratedColumnsAggregate,18446744073709551615,12610235929,10275988050,10275988050,0,1,N/A}
MemResourceStatus {NumaMonotonicResource,3,60000000000,155096,1200369320,12355033464,1,12355071688}
MemResourceStatus {NumaMonotonicResource,2,60000000000,0,0,0,0,0}
MemResourceStatus {NumaMonotonicResource,1,64000000000,1039541809,3671651606,18917318200,0,18917334560}
0: MemResourceStatus {MemManagerAggregate,18446744073709551615,124000000000,1039541809,3671651606,0,0,N/A}
1: MemResourceStatus {MemManagerAggregate,18446744073709551615,60000000000,155096,1200369320,0,1,N/A}
MemResourceStatus {DefaultResource,18446744073709551615,18446744073709551615,0,0,0,-1,N/A}
Quick Memory Usage Overview:
Used Capacity: 1039541809, 10276143146
------------------------------------------
Executing script file: /home/umeshsum/tpch_queries/17.sql
[32m(release)[0m> select
[32m(release)[0m> 	sum(l_extendedprice) / 7.0 as avg_yearly
[32m(release)[0m> from
[32m(release)[0m> 	lineitem,
[32m(release)[0m> 	part
[32m(release)[0m> where
[32m(release)[0m> 	p_partkey = l_partkey
[32m(release)[0m> 	and p_brand = 'Brand#23'
[32m(release)[0m> 	and p_container = 'MED BOX'
[32m(release)[0m> 	and l_quantity < (
[32m(release)[0m> 		select
[32m(release)[0m> 			0.2 * avg(l_quantity)
[32m(release)[0m> 		from
[32m(release)[0m> 			lineitem
[32m(release)[0m> 		where
[32m(release)[0m> 			l_partkey = p_partkey
[32m(release)[0m> 	);
VmRSS Change: 704 KB
===
1 rows total
Execution info: [PARSE: 43 µs 239 ns, SQL TRANSLATE: 0 ns, OPTIMIZE: 0 ns, LQP TRANSLATE: 40 µs 9 ns, EXECUTE: 76 ms 868 µs (wall time) | QUERY PLAN CACHE HITS: 1/1 statement(s)]
After reset, table use_count: 2
WARNING: Table still has 1 other owner(s) after pipeline reset!
Executing script file done
$:hsh mem_usage
------------------------------------------
Memory Usage Statistics:
VmSize:	216005152 kB
VmRSS:	61062196 kB
1: MemResourceStatus {MigratedColumnsAggregate,18446744073709551615,12610235929,10275988050,10275988050,0,1,N/A}
MemResourceStatus {NumaMonotonicResource,3,60000000000,155096,1200369320,13727814960,1,13727857432}
MemResourceStatus {NumaMonotonicResource,2,60000000000,0,0,0,0,0}
MemResourceStatus {NumaMonotonicResource,1,64000000000,1039541809,3671651606,18917318200,0,18917334560}
0: MemResourceStatus {MemManagerAggregate,18446744073709551615,124000000000,1039541809,3671651606,0,0,N/A}
1: MemResourceStatus {MemManagerAggregate,18446744073709551615,60000000000,155096,1200369320,0,1,N/A}
MemResourceStatus {DefaultResource,18446744073709551615,18446744073709551615,0,0,0,-1,N/A}
Quick Memory Usage Overview:
Used Capacity: 1039541809, 10276143146
------------------------------------------
Label set to d0_tf0_q18
$:hsh clear_plan_caches
Cleared PQP and LQP caches
$:hsh clear_pipeline
Released last SQLPipeline
$:hsh reset_exec_pools
Reset execution pools (2, 3) bump pointers to start
$:hsh mem_usage
------------------------------------------
Memory Usage Statistics:
VmSize:	216005152 kB
VmRSS:	61062196 kB
1: MemResourceStatus {MigratedColumnsAggregate,18446744073709551615,12610235929,10275988050,10275988050,0,1,N/A}
MemResourceStatus {NumaMonotonicResource,3,60000000000,0,0,0,1,0}
MemResourceStatus {NumaMonotonicResource,2,60000000000,0,0,0,0,0}
MemResourceStatus {NumaMonotonicResource,1,64000000000,1039541809,3671651606,18917318200,0,18917334560}
0: MemResourceStatus {MemManagerAggregate,18446744073709551615,124000000000,1039541809,3671651606,0,0,N/A}
1: MemResourceStatus {MemManagerAggregate,18446744073709551615,60000000000,0,0,0,1,N/A}
MemResourceStatus {DefaultResource,18446744073709551615,18446744073709551615,0,0,0,-1,N/A}
Quick Memory Usage Overview:
Used Capacity: 1039541809, 10275988050
------------------------------------------
Executing script file: /home/umeshsum/tpch_queries/18.sql
[32m(release)[0m> select
[32m(release)[0m> 	c_name,
[32m(release)[0m> 	c_custkey,
[32m(release)[0m> 	o_orderkey,
[32m(release)[0m> 	o_orderdate,
[32m(release)[0m> 	o_totalprice,
[32m(release)[0m> 	sum(l_quantity)
[32m(release)[0m> from
[32m(release)[0m> 	customer,
[32m(release)[0m> 	orders,
[32m(release)[0m> 	lineitem
[32m(release)[0m> where
[32m(release)[0m> 	o_orderkey in (
[32m(release)[0m> 		select
[32m(release)[0m> 			l_orderkey
[32m(release)[0m> 		from
[32m(release)[0m> 			lineitem
[32m(release)[0m> 		group by
[32m(release)[0m> 			l_orderkey having
[32m(release)[0m> 				sum(l_quantity) > 300
[32m(release)[0m> 	)
[32m(release)[0m> 	and c_custkey = o_custkey
[32m(release)[0m> 	and o_orderkey = l_orderkey
[32m(release)[0m> group by
[32m(release)[0m> 	c_name,
[32m(release)[0m> 	c_custkey,
[32m(release)[0m> 	o_orderkey,
[32m(release)[0m> 	o_orderdate,
[32m(release)[0m> 	o_totalprice
[32m(release)[0m> order by
[32m(release)[0m> 	o_totalprice desc,
[32m(release)[0m> 	o_orderdate;
VmRSS Change: 1236 KB
===
624 rows total
Execution info: [PARSE: 53 µs 190 ns, SQL TRANSLATE: 244 µs 497 ns, OPTIMIZE: 4 ms 57 µs, LQP TRANSLATE: 139 µs 729 ns, EXECUTE: 1 s 383 ms (wall time) | QUERY PLAN CACHE HITS: 0/1 statement(s)]
After reset, table use_count: 2
WARNING: Table still has 1 other owner(s) after pipeline reset!
Executing script file done
$:hsh mem_usage
------------------------------------------
Memory Usage Statistics:
VmSize:	216005152 kB
VmRSS:	61063456 kB
1: MemResourceStatus {MigratedColumnsAggregate,18446744073709551615,12610235929,10275988050,10275988050,0,1,N/A}
MemResourceStatus {NumaMonotonicResource,3,60000000000,963651472,2408426664,4640119696,1,4640125768}
MemResourceStatus {NumaMonotonicResource,2,60000000000,0,0,0,0,0}
MemResourceStatus {NumaMonotonicResource,1,64000000000,1039541809,3671651606,18917318200,0,18917334560}
0: MemResourceStatus {MemManagerAggregate,18446744073709551615,124000000000,1039541809,3671651606,0,0,N/A}
1: MemResourceStatus {MemManagerAggregate,18446744073709551615,60000000000,963651472,2408426664,0,1,N/A}
MemResourceStatus {DefaultResource,18446744073709551615,18446744073709551615,0,0,0,-1,N/A}
Quick Memory Usage Overview:
Used Capacity: 1039541809, 11239639522
------------------------------------------
Executing script file: /home/umeshsum/tpch_queries/18.sql
[32m(release)[0m> select
[32m(release)[0m> 	c_name,
[32m(release)[0m> 	c_custkey,
[32m(release)[0m> 	o_orderkey,
[32m(release)[0m> 	o_orderdate,
[32m(release)[0m> 	o_totalprice,
[32m(release)[0m> 	sum(l_quantity)
[32m(release)[0m> from
[32m(release)[0m> 	customer,
[32m(release)[0m> 	orders,
[32m(release)[0m> 	lineitem
[32m(release)[0m> where
[32m(release)[0m> 	o_orderkey in (
[32m(release)[0m> 		select
[32m(release)[0m> 			l_orderkey
[32m(release)[0m> 		from
[32m(release)[0m> 			lineitem
[32m(release)[0m> 		group by
[32m(release)[0m> 			l_orderkey having
[32m(release)[0m> 				sum(l_quantity) > 300
[32m(release)[0m> 	)
[32m(release)[0m> 	and c_custkey = o_custkey
[32m(release)[0m> 	and o_orderkey = l_orderkey
[32m(release)[0m> group by
[32m(release)[0m> 	c_name,
[32m(release)[0m> 	c_custkey,
[32m(release)[0m> 	o_orderkey,
[32m(release)[0m> 	o_orderdate,
[32m(release)[0m> 	o_totalprice
[32m(release)[0m> order by
[32m(release)[0m> 	o_totalprice desc,
[32m(release)[0m> 	o_orderdate;
VmRSS Change: 952 KB
===
624 rows total
Execution info: [PARSE: 51 µs 519 ns, SQL TRANSLATE: 0 ns, OPTIMIZE: 0 ns, LQP TRANSLATE: 40 µs 859 ns, EXECUTE: 1 s 423 ms (wall time) | QUERY PLAN CACHE HITS: 1/1 statement(s)]
After reset, table use_count: 2
WARNING: Table still has 1 other owner(s) after pipeline reset!
Executing script file done
$:hsh mem_usage
------------------------------------------
Memory Usage Statistics:
VmSize:	216005152 kB
VmRSS:	61064408 kB
1: MemResourceStatus {MigratedColumnsAggregate,18446744073709551615,12610235929,10275988050,10275988050,0,1,N/A}
MemResourceStatus {NumaMonotonicResource,3,60000000000,1924156000,3368931192,9280238528,1,9280250680}
MemResourceStatus {NumaMonotonicResource,2,60000000000,0,0,0,0,0}
MemResourceStatus {NumaMonotonicResource,1,64000000000,1039541809,3671651606,18917318200,0,18917334560}
0: MemResourceStatus {MemManagerAggregate,18446744073709551615,124000000000,1039541809,3671651606,0,0,N/A}
1: MemResourceStatus {MemManagerAggregate,18446744073709551615,60000000000,1924156000,3368931192,0,1,N/A}
MemResourceStatus {DefaultResource,18446744073709551615,18446744073709551615,0,0,0,-1,N/A}
Quick Memory Usage Overview:
Used Capacity: 1039541809, 12200144050
------------------------------------------
Executing script file: /home/umeshsum/tpch_queries/18.sql
[32m(release)[0m> select
[32m(release)[0m> 	c_name,
[32m(release)[0m> 	c_custkey,
[32m(release)[0m> 	o_orderkey,
[32m(release)[0m> 	o_orderdate,
[32m(release)[0m> 	o_totalprice,
[32m(release)[0m> 	sum(l_quantity)
[32m(release)[0m> from
[32m(release)[0m> 	customer,
[32m(release)[0m> 	orders,
[32m(release)[0m> 	lineitem
[32m(release)[0m> where
[32m(release)[0m> 	o_orderkey in (
[32m(release)[0m> 		select
[32m(release)[0m> 			l_orderkey
[32m(release)[0m> 		from
[32m(release)[0m> 			lineitem
[32m(release)[0m> 		group by
[32m(release)[0m> 			l_orderkey having
[32m(release)[0m> 				sum(l_quantity) > 300
[32m(release)[0m> 	)
[32m(release)[0m> 	and c_custkey = o_custkey
[32m(release)[0m> 	and o_orderkey = l_orderkey
[32m(release)[0m> group by
[32m(release)[0m> 	c_name,
[32m(release)[0m> 	c_custkey,
[32m(release)[0m> 	o_orderkey,
[32m(release)[0m> 	o_orderdate,
[32m(release)[0m> 	o_totalprice
[32m(release)[0m> order by
[32m(release)[0m> 	o_totalprice desc,
[32m(release)[0m> 	o_orderdate;
VmRSS Change: 1792 KB
===
624 rows total
Execution info: [PARSE: 65 µs 569 ns, SQL TRANSLATE: 0 ns, OPTIMIZE: 0 ns, LQP TRANSLATE: 40 µs 360 ns, EXECUTE: 1 s 383 ms (wall time) | QUERY PLAN CACHE HITS: 1/1 statement(s)]
After reset, table use_count: 2
WARNING: Table still has 1 other owner(s) after pipeline reset!
Executing script file done
$:hsh mem_usage
------------------------------------------
Memory Usage Statistics:
VmSize:	216005152 kB
VmRSS:	61066200 kB
1: MemResourceStatus {MigratedColumnsAggregate,18446744073709551615,12610235929,10275988050,10275988050,0,1,N/A}
MemResourceStatus {NumaMonotonicResource,3,60000000000,1924156000,3368931192,13920357504,1,13920375736}
MemResourceStatus {NumaMonotonicResource,2,60000000000,0,0,0,0,0}
MemResourceStatus {NumaMonotonicResource,1,64000000000,1039541809,3671651606,18917318200,0,18917334560}
0: MemResourceStatus {MemManagerAggregate,18446744073709551615,124000000000,1039541809,3671651606,0,0,N/A}
1: MemResourceStatus {MemManagerAggregate,18446744073709551615,60000000000,1924156000,3368931192,0,1,N/A}
MemResourceStatus {DefaultResource,18446744073709551615,18446744073709551615,0,0,0,-1,N/A}
Quick Memory Usage Overview:
Used Capacity: 1039541809, 12200144050
------------------------------------------
Executing script file: /home/umeshsum/tpch_queries/18.sql
[32m(release)[0m> select
[32m(release)[0m> 	c_name,
[32m(release)[0m> 	c_custkey,
[32m(release)[0m> 	o_orderkey,
[32m(release)[0m> 	o_orderdate,
[32m(release)[0m> 	o_totalprice,
[32m(release)[0m> 	sum(l_quantity)
[32m(release)[0m> from
[32m(release)[0m> 	customer,
[32m(release)[0m> 	orders,
[32m(release)[0m> 	lineitem
[32m(release)[0m> where
[32m(release)[0m> 	o_orderkey in (
[32m(release)[0m> 		select
[32m(release)[0m> 			l_orderkey
[32m(release)[0m> 		from
[32m(release)[0m> 			lineitem
[32m(release)[0m> 		group by
[32m(release)[0m> 			l_orderkey having
[32m(release)[0m> 				sum(l_quantity) > 300
[32m(release)[0m> 	)
[32m(release)[0m> 	and c_custkey = o_custkey
[32m(release)[0m> 	and o_orderkey = l_orderkey
[32m(release)[0m> group by
[32m(release)[0m> 	c_name,
[32m(release)[0m> 	c_custkey,
[32m(release)[0m> 	o_orderkey,
[32m(release)[0m> 	o_orderdate,
[32m(release)[0m> 	o_totalprice
[32m(release)[0m> order by
[32m(release)[0m> 	o_totalprice desc,
[32m(release)[0m> 	o_orderdate;
VmRSS Change: 18446744073709550864 KB
===
624 rows total
Execution info: [PARSE: 64 µs 550 ns, SQL TRANSLATE: 0 ns, OPTIMIZE: 0 ns, LQP TRANSLATE: 43 µs 500 ns, EXECUTE: 1 s 386 ms (wall time) | QUERY PLAN CACHE HITS: 1/1 statement(s)]
After reset, table use_count: 2
WARNING: Table still has 1 other owner(s) after pipeline reset!
Executing script file done
$:hsh mem_usage
------------------------------------------
Memory Usage Statistics:
VmSize:	216005152 kB
VmRSS:	61065448 kB
1: MemResourceStatus {MigratedColumnsAggregate,18446744073709551615,12610235929,10275988050,10275988050,0,1,N/A}
MemResourceStatus {NumaMonotonicResource,3,60000000000,1924156000,3368931192,18560476480,1,18560500808}
MemResourceStatus {NumaMonotonicResource,2,60000000000,0,0,0,0,0}
MemResourceStatus {NumaMonotonicResource,1,64000000000,1039541809,3671651606,18917318200,0,18917334560}
0: MemResourceStatus {MemManagerAggregate,18446744073709551615,124000000000,1039541809,3671651606,0,0,N/A}
1: MemResourceStatus {MemManagerAggregate,18446744073709551615,60000000000,1924156000,3368931192,0,1,N/A}
MemResourceStatus {DefaultResource,18446744073709551615,18446744073709551615,0,0,0,-1,N/A}
Quick Memory Usage Overview:
Used Capacity: 1039541809, 12200144050
------------------------------------------
Executing script file: /home/umeshsum/tpch_queries/18.sql
[32m(release)[0m> select
[32m(release)[0m> 	c_name,
[32m(release)[0m> 	c_custkey,
[32m(release)[0m> 	o_orderkey,
[32m(release)[0m> 	o_orderdate,
[32m(release)[0m> 	o_totalprice,
[32m(release)[0m> 	sum(l_quantity)
[32m(release)[0m> from
[32m(release)[0m> 	customer,
[32m(release)[0m> 	orders,
[32m(release)[0m> 	lineitem
[32m(release)[0m> where
[32m(release)[0m> 	o_orderkey in (
[32m(release)[0m> 		select
[32m(release)[0m> 			l_orderkey
[32m(release)[0m> 		from
[32m(release)[0m> 			lineitem
[32m(release)[0m> 		group by
[32m(release)[0m> 			l_orderkey having
[32m(release)[0m> 				sum(l_quantity) > 300
[32m(release)[0m> 	)
[32m(release)[0m> 	and c_custkey = o_custkey
[32m(release)[0m> 	and o_orderkey = l_orderkey
[32m(release)[0m> group by
[32m(release)[0m> 	c_name,
[32m(release)[0m> 	c_custkey,
[32m(release)[0m> 	o_orderkey,
[32m(release)[0m> 	o_orderdate,
[32m(release)[0m> 	o_totalprice
[32m(release)[0m> order by
[32m(release)[0m> 	o_totalprice desc,
[32m(release)[0m> 	o_orderdate;
VmRSS Change: 117316 KB
===
624 rows total
Execution info: [PARSE: 55 µs 629 ns, SQL TRANSLATE: 0 ns, OPTIMIZE: 0 ns, LQP TRANSLATE: 38 µs 469 ns, EXECUTE: 1 s 612 ms (wall time) | QUERY PLAN CACHE HITS: 1/1 statement(s)]
After reset, table use_count: 2
WARNING: Table still has 1 other owner(s) after pipeline reset!
Executing script file done
$:hsh mem_usage
------------------------------------------
Memory Usage Statistics:
VmSize:	216005152 kB
VmRSS:	61182756 kB
1: MemResourceStatus {MigratedColumnsAggregate,18446744073709551615,12610235929,10275988050,10275988050,0,1,N/A}
MemResourceStatus {NumaMonotonicResource,3,60000000000,1924156000,3368931192,23200595600,1,23200626008}
MemResourceStatus {NumaMonotonicResource,2,60000000000,0,0,0,0,0}
MemResourceStatus {NumaMonotonicResource,1,64000000000,1039541809,3671651606,18917318200,0,18917334560}
0: MemResourceStatus {MemManagerAggregate,18446744073709551615,124000000000,1039541809,3671651606,0,0,N/A}
1: MemResourceStatus {MemManagerAggregate,18446744073709551615,60000000000,1924156000,3368931192,0,1,N/A}
MemResourceStatus {DefaultResource,18446744073709551615,18446744073709551615,0,0,0,-1,N/A}
Quick Memory Usage Overview:
Used Capacity: 1039541809, 12200144050
------------------------------------------
Executing script file: /home/umeshsum/tpch_queries/18.sql
[32m(release)[0m> select
[32m(release)[0m> 	c_name,
[32m(release)[0m> 	c_custkey,
[32m(release)[0m> 	o_orderkey,
[32m(release)[0m> 	o_orderdate,
[32m(release)[0m> 	o_totalprice,
[32m(release)[0m> 	sum(l_quantity)
[32m(release)[0m> from
[32m(release)[0m> 	customer,
[32m(release)[0m> 	orders,
[32m(release)[0m> 	lineitem
[32m(release)[0m> where
[32m(release)[0m> 	o_orderkey in (
[32m(release)[0m> 		select
[32m(release)[0m> 			l_orderkey
[32m(release)[0m> 		from
[32m(release)[0m> 			lineitem
[32m(release)[0m> 		group by
[32m(release)[0m> 			l_orderkey having
[32m(release)[0m> 				sum(l_quantity) > 300
[32m(release)[0m> 	)
[32m(release)[0m> 	and c_custkey = o_custkey
[32m(release)[0m> 	and o_orderkey = l_orderkey
[32m(release)[0m> group by
[32m(release)[0m> 	c_name,
[32m(release)[0m> 	c_custkey,
[32m(release)[0m> 	o_orderkey,
[32m(release)[0m> 	o_orderdate,
[32m(release)[0m> 	o_totalprice
[32m(release)[0m> order by
[32m(release)[0m> 	o_totalprice desc,
[32m(release)[0m> 	o_orderdate;
VmRSS Change: 62796 KB
===
624 rows total
Execution info: [PARSE: 31 µs 480 ns, SQL TRANSLATE: 0 ns, OPTIMIZE: 0 ns, LQP TRANSLATE: 27 µs 430 ns, EXECUTE: 1 s 449 ms (wall time) | QUERY PLAN CACHE HITS: 1/1 statement(s)]
After reset, table use_count: 2
WARNING: Table still has 1 other owner(s) after pipeline reset!
Executing script file done
$:hsh mem_usage
------------------------------------------
Memory Usage Statistics:
VmSize:	216005152 kB
VmRSS:	61245408 kB
1: MemResourceStatus {MigratedColumnsAggregate,18446744073709551615,12610235929,10275988050,10275988050,0,1,N/A}
MemResourceStatus {NumaMonotonicResource,3,60000000000,1924156000,3368931192,27840714432,1,27840750904}
MemResourceStatus {NumaMonotonicResource,2,60000000000,0,0,0,0,0}
MemResourceStatus {NumaMonotonicResource,1,64000000000,1039541809,3671651606,18917318200,0,18917334560}
0: MemResourceStatus {MemManagerAggregate,18446744073709551615,124000000000,1039541809,3671651606,0,0,N/A}
1: MemResourceStatus {MemManagerAggregate,18446744073709551615,60000000000,1924156000,3368931192,0,1,N/A}
MemResourceStatus {DefaultResource,18446744073709551615,18446744073709551615,0,0,0,-1,N/A}
Quick Memory Usage Overview:
Used Capacity: 1039541809, 12200144050
------------------------------------------
Executing script file: /home/umeshsum/tpch_queries/18.sql
[32m(release)[0m> select
[32m(release)[0m> 	c_name,
[32m(release)[0m> 	c_custkey,
[32m(release)[0m> 	o_orderkey,
[32m(release)[0m> 	o_orderdate,
[32m(release)[0m> 	o_totalprice,
[32m(release)[0m> 	sum(l_quantity)
[32m(release)[0m> from
[32m(release)[0m> 	customer,
[32m(release)[0m> 	orders,
[32m(release)[0m> 	lineitem
[32m(release)[0m> where
[32m(release)[0m> 	o_orderkey in (
[32m(release)[0m> 		select
[32m(release)[0m> 			l_orderkey
[32m(release)[0m> 		from
[32m(release)[0m> 			lineitem
[32m(release)[0m> 		group by
[32m(release)[0m> 			l_orderkey having
[32m(release)[0m> 				sum(l_quantity) > 300
[32m(release)[0m> 	)
[32m(release)[0m> 	and c_custkey = o_custkey
[32m(release)[0m> 	and o_orderkey = l_orderkey
[32m(release)[0m> group by
[32m(release)[0m> 	c_name,
[32m(release)[0m> 	c_custkey,
[32m(release)[0m> 	o_orderkey,
[32m(release)[0m> 	o_orderdate,
[32m(release)[0m> 	o_totalprice
[32m(release)[0m> order by
[32m(release)[0m> 	o_totalprice desc,
[32m(release)[0m> 	o_orderdate;
VmRSS Change: 92540 KB
===
624 rows total
Execution info: [PARSE: 60 µs 359 ns, SQL TRANSLATE: 0 ns, OPTIMIZE: 0 ns, LQP TRANSLATE: 43 µs 190 ns, EXECUTE: 1 s 439 ms (wall time) | QUERY PLAN CACHE HITS: 1/1 statement(s)]
After reset, table use_count: 2
WARNING: Table still has 1 other owner(s) after pipeline reset!
Executing script file done
$:hsh mem_usage
------------------------------------------
Memory Usage Statistics:
VmSize:	216005152 kB
VmRSS:	61337944 kB
1: MemResourceStatus {MigratedColumnsAggregate,18446744073709551615,12610235929,10275988050,10275988050,0,1,N/A}
MemResourceStatus {NumaMonotonicResource,3,60000000000,1924156000,3368931192,32480833552,1,32480876104}
MemResourceStatus {NumaMonotonicResource,2,60000000000,0,0,0,0,0}
MemResourceStatus {NumaMonotonicResource,1,64000000000,1039541809,3671651606,18917318200,0,18917334560}
0: MemResourceStatus {MemManagerAggregate,18446744073709551615,124000000000,1039541809,3671651606,0,0,N/A}
1: MemResourceStatus {MemManagerAggregate,18446744073709551615,60000000000,1924156000,3368931192,0,1,N/A}
MemResourceStatus {DefaultResource,18446744073709551615,18446744073709551615,0,0,0,-1,N/A}
Quick Memory Usage Overview:
Used Capacity: 1039541809, 12200144050
------------------------------------------
Executing script file: /home/umeshsum/tpch_queries/18.sql
[32m(release)[0m> select
[32m(release)[0m> 	c_name,
[32m(release)[0m> 	c_custkey,
[32m(release)[0m> 	o_orderkey,
[32m(release)[0m> 	o_orderdate,
[32m(release)[0m> 	o_totalprice,
[32m(release)[0m> 	sum(l_quantity)
[32m(release)[0m> from
[32m(release)[0m> 	customer,
[32m(release)[0m> 	orders,
[32m(release)[0m> 	lineitem
[32m(release)[0m> where
[32m(release)[0m> 	o_orderkey in (
[32m(release)[0m> 		select
[32m(release)[0m> 			l_orderkey
[32m(release)[0m> 		from
[32m(release)[0m> 			lineitem
[32m(release)[0m> 		group by
[32m(release)[0m> 			l_orderkey having
[32m(release)[0m> 				sum(l_quantity) > 300
[32m(release)[0m> 	)
[32m(release)[0m> 	and c_custkey = o_custkey
[32m(release)[0m> 	and o_orderkey = l_orderkey
[32m(release)[0m> group by
[32m(release)[0m> 	c_name,
[32m(release)[0m> 	c_custkey,
[32m(release)[0m> 	o_orderkey,
[32m(release)[0m> 	o_orderdate,
[32m(release)[0m> 	o_totalprice
[32m(release)[0m> order by
[32m(release)[0m> 	o_totalprice desc,
[32m(release)[0m> 	o_orderdate;
VmRSS Change: 1013648 KB
===
624 rows total
Execution info: [PARSE: 57 µs 820 ns, SQL TRANSLATE: 0 ns, OPTIMIZE: 0 ns, LQP TRANSLATE: 40 µs 350 ns, EXECUTE: 1 s 698 ms (wall time) | QUERY PLAN CACHE HITS: 1/1 statement(s)]
After reset, table use_count: 2
WARNING: Table still has 1 other owner(s) after pipeline reset!
Executing script file done
$:hsh mem_usage
------------------------------------------
Memory Usage Statistics:
VmSize:	216005152 kB
VmRSS:	62351548 kB
1: MemResourceStatus {MigratedColumnsAggregate,18446744073709551615,12610235929,10275988050,10275988050,0,1,N/A}
MemResourceStatus {NumaMonotonicResource,3,60000000000,1924156000,3368931192,37120952672,1,37121001272}
MemResourceStatus {NumaMonotonicResource,2,60000000000,0,0,0,0,0}
MemResourceStatus {NumaMonotonicResource,1,64000000000,1039541809,3671651606,18917318200,0,18917334560}
0: MemResourceStatus {MemManagerAggregate,18446744073709551615,124000000000,1039541809,3671651606,0,0,N/A}
1: MemResourceStatus {MemManagerAggregate,18446744073709551615,60000000000,1924156000,3368931192,0,1,N/A}
MemResourceStatus {DefaultResource,18446744073709551615,18446744073709551615,0,0,0,-1,N/A}
Quick Memory Usage Overview:
Used Capacity: 1039541809, 12200144050
------------------------------------------
Executing script file: /home/umeshsum/tpch_queries/18.sql
[32m(release)[0m> select
[32m(release)[0m> 	c_name,
[32m(release)[0m> 	c_custkey,
[32m(release)[0m> 	o_orderkey,
[32m(release)[0m> 	o_orderdate,
[32m(release)[0m> 	o_totalprice,
[32m(release)[0m> 	sum(l_quantity)
[32m(release)[0m> from
[32m(release)[0m> 	customer,
[32m(release)[0m> 	orders,
[32m(release)[0m> 	lineitem
[32m(release)[0m> where
[32m(release)[0m> 	o_orderkey in (
[32m(release)[0m> 		select
[32m(release)[0m> 			l_orderkey
[32m(release)[0m> 		from
[32m(release)[0m> 			lineitem
[32m(release)[0m> 		group by
[32m(release)[0m> 			l_orderkey having
[32m(release)[0m> 				sum(l_quantity) > 300
[32m(release)[0m> 	)
[32m(release)[0m> 	and c_custkey = o_custkey
[32m(release)[0m> 	and o_orderkey = l_orderkey
[32m(release)[0m> group by
[32m(release)[0m> 	c_name,
[32m(release)[0m> 	c_custkey,
[32m(release)[0m> 	o_orderkey,
[32m(release)[0m> 	o_orderdate,
[32m(release)[0m> 	o_totalprice
[32m(release)[0m> order by
[32m(release)[0m> 	o_totalprice desc,
[32m(release)[0m> 	o_orderdate;
VmRSS Change: 2345276 KB
===
624 rows total
Execution info: [PARSE: 60 µs 9 ns, SQL TRANSLATE: 0 ns, OPTIMIZE: 0 ns, LQP TRANSLATE: 43 µs 240 ns, EXECUTE: 2 s 115 ms (wall time) | QUERY PLAN CACHE HITS: 1/1 statement(s)]
After reset, table use_count: 2
WARNING: Table still has 1 other owner(s) after pipeline reset!
Executing script file done
$:hsh mem_usage
------------------------------------------
Memory Usage Statistics:
VmSize:	216005152 kB
VmRSS:	64696824 kB
1: MemResourceStatus {MigratedColumnsAggregate,18446744073709551615,12610235929,10275988050,10275988050,0,1,N/A}
MemResourceStatus {NumaMonotonicResource,3,60000000000,1924156000,3368931192,41761072080,1,41761126744}
MemResourceStatus {NumaMonotonicResource,2,60000000000,0,0,0,0,0}
MemResourceStatus {NumaMonotonicResource,1,64000000000,1039541809,3671651606,18917318200,0,18917334560}
0: MemResourceStatus {MemManagerAggregate,18446744073709551615,124000000000,1039541809,3671651606,0,0,N/A}
1: MemResourceStatus {MemManagerAggregate,18446744073709551615,60000000000,1924156000,3368931192,0,1,N/A}
MemResourceStatus {DefaultResource,18446744073709551615,18446744073709551615,0,0,0,-1,N/A}
Quick Memory Usage Overview:
Used Capacity: 1039541809, 12200144050
------------------------------------------
Executing script file: /home/umeshsum/tpch_queries/18.sql
[32m(release)[0m> select
[32m(release)[0m> 	c_name,
[32m(release)[0m> 	c_custkey,
[32m(release)[0m> 	o_orderkey,
[32m(release)[0m> 	o_orderdate,
[32m(release)[0m> 	o_totalprice,
[32m(release)[0m> 	sum(l_quantity)
[32m(release)[0m> from
[32m(release)[0m> 	customer,
[32m(release)[0m> 	orders,
[32m(release)[0m> 	lineitem
[32m(release)[0m> where
[32m(release)[0m> 	o_orderkey in (
[32m(release)[0m> 		select
[32m(release)[0m> 			l_orderkey
[32m(release)[0m> 		from
[32m(release)[0m> 			lineitem
[32m(release)[0m> 		group by
[32m(release)[0m> 			l_orderkey having
[32m(release)[0m> 				sum(l_quantity) > 300
[32m(release)[0m> 	)
[32m(release)[0m> 	and c_custkey = o_custkey
[32m(release)[0m> 	and o_orderkey = l_orderkey
[32m(release)[0m> group by
[32m(release)[0m> 	c_name,
[32m(release)[0m> 	c_custkey,
[32m(release)[0m> 	o_orderkey,
[32m(release)[0m> 	o_orderdate,
[32m(release)[0m> 	o_totalprice
[32m(release)[0m> order by
[32m(release)[0m> 	o_totalprice desc,
[32m(release)[0m> 	o_orderdate;
VmRSS Change: 2345612 KB
===
624 rows total
Execution info: [PARSE: 55 µs 509 ns, SQL TRANSLATE: 0 ns, OPTIMIZE: 0 ns, LQP TRANSLATE: 37 µs 69 ns, EXECUTE: 2 s 143 ms (wall time) | QUERY PLAN CACHE HITS: 1/1 statement(s)]
After reset, table use_count: 2
WARNING: Table still has 1 other owner(s) after pipeline reset!
Executing script file done
$:hsh mem_usage
------------------------------------------
Memory Usage Statistics:
VmSize:	216005152 kB
VmRSS:	67042436 kB
1: MemResourceStatus {MigratedColumnsAggregate,18446744073709551615,12610235929,10275988050,10275988050,0,1,N/A}
MemResourceStatus {NumaMonotonicResource,3,60000000000,1924156000,3368931192,46401190336,1,46401251080}
MemResourceStatus {NumaMonotonicResource,2,60000000000,0,0,0,0,0}
MemResourceStatus {NumaMonotonicResource,1,64000000000,1039541809,3671651606,18917318200,0,18917334560}
0: MemResourceStatus {MemManagerAggregate,18446744073709551615,124000000000,1039541809,3671651606,0,0,N/A}
1: MemResourceStatus {MemManagerAggregate,18446744073709551615,60000000000,1924156000,3368931192,0,1,N/A}
MemResourceStatus {DefaultResource,18446744073709551615,18446744073709551615,0,0,0,-1,N/A}
Quick Memory Usage Overview:
Used Capacity: 1039541809, 12200144050
------------------------------------------
Label set to d0_tf0_q19
$:hsh clear_plan_caches
Cleared PQP and LQP caches
$:hsh clear_pipeline
Released last SQLPipeline
$:hsh reset_exec_pools
Reset execution pools (2, 3) bump pointers to start
$:hsh mem_usage
------------------------------------------
Memory Usage Statistics:
VmSize:	216005152 kB
VmRSS:	67042340 kB
1: MemResourceStatus {MigratedColumnsAggregate,18446744073709551615,12610235929,10275988050,10275988050,0,1,N/A}
MemResourceStatus {NumaMonotonicResource,3,60000000000,0,0,0,1,0}
MemResourceStatus {NumaMonotonicResource,2,60000000000,0,0,0,0,0}
MemResourceStatus {NumaMonotonicResource,1,64000000000,1039541809,3671651606,18917318200,0,18917334560}
0: MemResourceStatus {MemManagerAggregate,18446744073709551615,124000000000,1039541809,3671651606,0,0,N/A}
1: MemResourceStatus {MemManagerAggregate,18446744073709551615,60000000000,0,0,0,1,N/A}
MemResourceStatus {DefaultResource,18446744073709551615,18446744073709551615,0,0,0,-1,N/A}
Quick Memory Usage Overview:
Used Capacity: 1039541809, 10275988050
------------------------------------------
Executing script file: /home/umeshsum/tpch_queries/19.sql
[32m(release)[0m> select
[32m(release)[0m> 	sum(l_extendedprice* (1 - l_discount)) as revenue
[32m(release)[0m> from
[32m(release)[0m> 	lineitem,
[32m(release)[0m> 	part
[32m(release)[0m> where
[32m(release)[0m> 	(
[32m(release)[0m> 		p_partkey = l_partkey
[32m(release)[0m> 		and p_brand = 'Brand#12'
[32m(release)[0m> 		and p_container in ('SM CASE', 'SM BOX', 'SM PACK', 'SM PKG')
[32m(release)[0m> 		and l_quantity >= 1 and l_quantity <= 1 + 10
[32m(release)[0m> 		and p_size between 1 and 5
[32m(release)[0m> 		and l_shipmode in ('AIR', 'AIR REG')
[32m(release)[0m> 		and l_shipinstruct = 'DELIVER IN PERSON'
[32m(release)[0m> 	)
[32m(release)[0m> 	or
[32m(release)[0m> 	(
[32m(release)[0m> 		p_partkey = l_partkey
[32m(release)[0m> 		and p_brand = 'Brand#23'
[32m(release)[0m> 		and p_container in ('MED BAG', 'MED BOX', 'MED PKG', 'MED PACK')
[32m(release)[0m> 		and l_quantity >= 10 and l_quantity <= 10 + 10
[32m(release)[0m> 		and p_size between 1 and 10
[32m(release)[0m> 		and l_shipmode in ('AIR', 'AIR REG')
[32m(release)[0m> 		and l_shipinstruct = 'DELIVER IN PERSON'
[32m(release)[0m> 	)
[32m(release)[0m> 	or
[32m(release)[0m> 	(
[32m(release)[0m> 		p_partkey = l_partkey
[32m(release)[0m> 		and p_brand = 'Brand#34'
[32m(release)[0m> 		and p_container in ('LG CASE', 'LG BOX', 'LG PACK', 'LG PKG')
[32m(release)[0m> 		and l_quantity >= 20 and l_quantity <= 20 + 10
[32m(release)[0m> 		and p_size between 1 and 15
[32m(release)[0m> 		and l_shipmode in ('AIR', 'AIR REG')
[32m(release)[0m> 		and l_shipinstruct = 'DELIVER IN PERSON'
[32m(release)[0m> 	);
VmRSS Change: 280 KB
===
1 rows total
Execution info: [PARSE: 120 µs 169 ns, SQL TRANSLATE: 208 µs 598 ns, OPTIMIZE: 7 ms 251 µs, LQP TRANSLATE: 717 µs 194 ns, EXECUTE: 72 ms 44 µs (wall time) | QUERY PLAN CACHE HITS: 0/1 statement(s)]
After reset, table use_count: 2
WARNING: Table still has 1 other owner(s) after pipeline reset!
Executing script file done
$:hsh mem_usage
------------------------------------------
Memory Usage Statistics:
VmSize:	216005152 kB
VmRSS:	67042732 kB
1: MemResourceStatus {MigratedColumnsAggregate,18446744073709551615,12610235929,10275988050,10275988050,0,1,N/A}
MemResourceStatus {NumaMonotonicResource,3,60000000000,468,125633670,421324262,1,421332120}
MemResourceStatus {NumaMonotonicResource,2,60000000000,0,0,0,0,0}
MemResourceStatus {NumaMonotonicResource,1,64000000000,1039541809,3671651606,18917318200,0,18917334560}
0: MemResourceStatus {MemManagerAggregate,18446744073709551615,124000000000,1039541809,3671651606,0,0,N/A}
1: MemResourceStatus {MemManagerAggregate,18446744073709551615,60000000000,468,125633670,0,1,N/A}
MemResourceStatus {DefaultResource,18446744073709551615,18446744073709551615,0,0,0,-1,N/A}
Quick Memory Usage Overview:
Used Capacity: 1039541809, 10275988518
------------------------------------------
Executing script file: /home/umeshsum/tpch_queries/19.sql
[32m(release)[0m> select
[32m(release)[0m> 	sum(l_extendedprice* (1 - l_discount)) as revenue
[32m(release)[0m> from
[32m(release)[0m> 	lineitem,
[32m(release)[0m> 	part
[32m(release)[0m> where
[32m(release)[0m> 	(
[32m(release)[0m> 		p_partkey = l_partkey
[32m(release)[0m> 		and p_brand = 'Brand#12'
[32m(release)[0m> 		and p_container in ('SM CASE', 'SM BOX', 'SM PACK', 'SM PKG')
[32m(release)[0m> 		and l_quantity >= 1 and l_quantity <= 1 + 10
[32m(release)[0m> 		and p_size between 1 and 5
[32m(release)[0m> 		and l_shipmode in ('AIR', 'AIR REG')
[32m(release)[0m> 		and l_shipinstruct = 'DELIVER IN PERSON'
[32m(release)[0m> 	)
[32m(release)[0m> 	or
[32m(release)[0m> 	(
[32m(release)[0m> 		p_partkey = l_partkey
[32m(release)[0m> 		and p_brand = 'Brand#23'
[32m(release)[0m> 		and p_container in ('MED BAG', 'MED BOX', 'MED PKG', 'MED PACK')
[32m(release)[0m> 		and l_quantity >= 10 and l_quantity <= 10 + 10
[32m(release)[0m> 		and p_size between 1 and 10
[32m(release)[0m> 		and l_shipmode in ('AIR', 'AIR REG')
[32m(release)[0m> 		and l_shipinstruct = 'DELIVER IN PERSON'
[32m(release)[0m> 	)
[32m(release)[0m> 	or
[32m(release)[0m> 	(
[32m(release)[0m> 		p_partkey = l_partkey
[32m(release)[0m> 		and p_brand = 'Brand#34'
[32m(release)[0m> 		and p_container in ('LG CASE', 'LG BOX', 'LG PACK', 'LG PKG')
[32m(release)[0m> 		and l_quantity >= 20 and l_quantity <= 20 + 10
[32m(release)[0m> 		and p_size between 1 and 15
[32m(release)[0m> 		and l_shipmode in ('AIR', 'AIR REG')
[32m(release)[0m> 		and l_shipinstruct = 'DELIVER IN PERSON'
[32m(release)[0m> 	);
VmRSS Change: 168 KB
===
1 rows total
Execution info: [PARSE: 103 µs 499 ns, SQL TRANSLATE: 0 ns, OPTIMIZE: 0 ns, LQP TRANSLATE: 119 µs 979 ns, EXECUTE: 70 ms 668 µs (wall time) | QUERY PLAN CACHE HITS: 1/1 statement(s)]
After reset, table use_count: 2
WARNING: Table still has 1 other owner(s) after pipeline reset!
Executing script file done
$:hsh mem_usage
------------------------------------------
Memory Usage Statistics:
VmSize:	216005152 kB
VmRSS:	67042932 kB
1: MemResourceStatus {MigratedColumnsAggregate,18446744073709551615,12610235929,10275988050,10275988050,0,1,N/A}
MemResourceStatus {NumaMonotonicResource,3,60000000000,766,125633968,842759816,1,842775656}
MemResourceStatus {NumaMonotonicResource,2,60000000000,0,0,0,0,0}
MemResourceStatus {NumaMonotonicResource,1,64000000000,1039541809,3671651606,18917318200,0,18917334560}
0: MemResourceStatus {MemManagerAggregate,18446744073709551615,124000000000,1039541809,3671651606,0,0,N/A}
1: MemResourceStatus {MemManagerAggregate,18446744073709551615,60000000000,766,125633968,0,1,N/A}
MemResourceStatus {DefaultResource,18446744073709551615,18446744073709551615,0,0,0,-1,N/A}
Quick Memory Usage Overview:
Used Capacity: 1039541809, 10275988816
------------------------------------------
Executing script file: /home/umeshsum/tpch_queries/19.sql
[32m(release)[0m> select
[32m(release)[0m> 	sum(l_extendedprice* (1 - l_discount)) as revenue
[32m(release)[0m> from
[32m(release)[0m> 	lineitem,
[32m(release)[0m> 	part
[32m(release)[0m> where
[32m(release)[0m> 	(
[32m(release)[0m> 		p_partkey = l_partkey
[32m(release)[0m> 		and p_brand = 'Brand#12'
[32m(release)[0m> 		and p_container in ('SM CASE', 'SM BOX', 'SM PACK', 'SM PKG')
[32m(release)[0m> 		and l_quantity >= 1 and l_quantity <= 1 + 10
[32m(release)[0m> 		and p_size between 1 and 5
[32m(release)[0m> 		and l_shipmode in ('AIR', 'AIR REG')
[32m(release)[0m> 		and l_shipinstruct = 'DELIVER IN PERSON'
[32m(release)[0m> 	)
[32m(release)[0m> 	or
[32m(release)[0m> 	(
[32m(release)[0m> 		p_partkey = l_partkey
[32m(release)[0m> 		and p_brand = 'Brand#23'
[32m(release)[0m> 		and p_container in ('MED BAG', 'MED BOX', 'MED PKG', 'MED PACK')
[32m(release)[0m> 		and l_quantity >= 10 and l_quantity <= 10 + 10
[32m(release)[0m> 		and p_size between 1 and 10
[32m(release)[0m> 		and l_shipmode in ('AIR', 'AIR REG')
[32m(release)[0m> 		and l_shipinstruct = 'DELIVER IN PERSON'
[32m(release)[0m> 	)
[32m(release)[0m> 	or
[32m(release)[0m> 	(
[32m(release)[0m> 		p_partkey = l_partkey
[32m(release)[0m> 		and p_brand = 'Brand#34'
[32m(release)[0m> 		and p_container in ('LG CASE', 'LG BOX', 'LG PACK', 'LG PKG')
[32m(release)[0m> 		and l_quantity >= 20 and l_quantity <= 20 + 10
[32m(release)[0m> 		and p_size between 1 and 15
[32m(release)[0m> 		and l_shipmode in ('AIR', 'AIR REG')
[32m(release)[0m> 		and l_shipinstruct = 'DELIVER IN PERSON'
[32m(release)[0m> 	);
VmRSS Change: 40 KB
===
1 rows total
Execution info: [PARSE: 88 µs 619 ns, SQL TRANSLATE: 0 ns, OPTIMIZE: 0 ns, LQP TRANSLATE: 99 µs 289 ns, EXECUTE: 69 ms 737 µs (wall time) | QUERY PLAN CACHE HITS: 1/1 statement(s)]
After reset, table use_count: 2
WARNING: Table still has 1 other owner(s) after pipeline reset!
Executing script file done
$:hsh mem_usage
------------------------------------------
Memory Usage Statistics:
VmSize:	216005152 kB
VmRSS:	67042968 kB
1: MemResourceStatus {MigratedColumnsAggregate,18446744073709551615,12610235929,10275988050,10275988050,0,1,N/A}
MemResourceStatus {NumaMonotonicResource,3,60000000000,766,125647472,1264152722,1,1264177016}
MemResourceStatus {NumaMonotonicResource,2,60000000000,0,0,0,0,0}
MemResourceStatus {NumaMonotonicResource,1,64000000000,1039541809,3671651606,18917318200,0,18917334560}
0: MemResourceStatus {MemManagerAggregate,18446744073709551615,124000000000,1039541809,3671651606,0,0,N/A}
1: MemResourceStatus {MemManagerAggregate,18446744073709551615,60000000000,766,125647472,0,1,N/A}
MemResourceStatus {DefaultResource,18446744073709551615,18446744073709551615,0,0,0,-1,N/A}
Quick Memory Usage Overview:
Used Capacity: 1039541809, 10275988816
------------------------------------------
Executing script file: /home/umeshsum/tpch_queries/19.sql
[32m(release)[0m> select
[32m(release)[0m> 	sum(l_extendedprice* (1 - l_discount)) as revenue
[32m(release)[0m> from
[32m(release)[0m> 	lineitem,
[32m(release)[0m> 	part
[32m(release)[0m> where
[32m(release)[0m> 	(
[32m(release)[0m> 		p_partkey = l_partkey
[32m(release)[0m> 		and p_brand = 'Brand#12'
[32m(release)[0m> 		and p_container in ('SM CASE', 'SM BOX', 'SM PACK', 'SM PKG')
[32m(release)[0m> 		and l_quantity >= 1 and l_quantity <= 1 + 10
[32m(release)[0m> 		and p_size between 1 and 5
[32m(release)[0m> 		and l_shipmode in ('AIR', 'AIR REG')
[32m(release)[0m> 		and l_shipinstruct = 'DELIVER IN PERSON'
[32m(release)[0m> 	)
[32m(release)[0m> 	or
[32m(release)[0m> 	(
[32m(release)[0m> 		p_partkey = l_partkey
[32m(release)[0m> 		and p_brand = 'Brand#23'
[32m(release)[0m> 		and p_container in ('MED BAG', 'MED BOX', 'MED PKG', 'MED PACK')
[32m(release)[0m> 		and l_quantity >= 10 and l_quantity <= 10 + 10
[32m(release)[0m> 		and p_size between 1 and 10
[32m(release)[0m> 		and l_shipmode in ('AIR', 'AIR REG')
[32m(release)[0m> 		and l_shipinstruct = 'DELIVER IN PERSON'
[32m(release)[0m> 	)
[32m(release)[0m> 	or
[32m(release)[0m> 	(
[32m(release)[0m> 		p_partkey = l_partkey
[32m(release)[0m> 		and p_brand = 'Brand#34'
[32m(release)[0m> 		and p_container in ('LG CASE', 'LG BOX', 'LG PACK', 'LG PKG')
[32m(release)[0m> 		and l_quantity >= 20 and l_quantity <= 20 + 10
[32m(release)[0m> 		and p_size between 1 and 15
[32m(release)[0m> 		and l_shipmode in ('AIR', 'AIR REG')
[32m(release)[0m> 		and l_shipinstruct = 'DELIVER IN PERSON'
[32m(release)[0m> 	);
VmRSS Change: 72 KB
===
1 rows total
Execution info: [PARSE: 84 µs 149 ns, SQL TRANSLATE: 0 ns, OPTIMIZE: 0 ns, LQP TRANSLATE: 82 µs 679 ns, EXECUTE: 71 ms 382 µs (wall time) | QUERY PLAN CACHE HITS: 1/1 statement(s)]
After reset, table use_count: 2
WARNING: Table still has 1 other owner(s) after pipeline reset!
Executing script file done
$:hsh mem_usage
------------------------------------------
Memory Usage Statistics:
VmSize:	216005152 kB
VmRSS:	67043040 kB
1: MemResourceStatus {MigratedColumnsAggregate,18446744073709551615,12610235929,10275988050,10275988050,0,1,N/A}
MemResourceStatus {NumaMonotonicResource,3,60000000000,766,125647472,1685536188,1,1685568760}
MemResourceStatus {NumaMonotonicResource,2,60000000000,0,0,0,0,0}
MemResourceStatus {NumaMonotonicResource,1,64000000000,1039541809,3671651606,18917318200,0,18917334560}
0: MemResourceStatus {MemManagerAggregate,18446744073709551615,124000000000,1039541809,3671651606,0,0,N/A}
1: MemResourceStatus {MemManagerAggregate,18446744073709551615,60000000000,766,125647472,0,1,N/A}
MemResourceStatus {DefaultResource,18446744073709551615,18446744073709551615,0,0,0,-1,N/A}
Quick Memory Usage Overview:
Used Capacity: 1039541809, 10275988816
------------------------------------------
Executing script file: /home/umeshsum/tpch_queries/19.sql
[32m(release)[0m> select
[32m(release)[0m> 	sum(l_extendedprice* (1 - l_discount)) as revenue
[32m(release)[0m> from
[32m(release)[0m> 	lineitem,
[32m(release)[0m> 	part
[32m(release)[0m> where
[32m(release)[0m> 	(
[32m(release)[0m> 		p_partkey = l_partkey
[32m(release)[0m> 		and p_brand = 'Brand#12'
[32m(release)[0m> 		and p_container in ('SM CASE', 'SM BOX', 'SM PACK', 'SM PKG')
[32m(release)[0m> 		and l_quantity >= 1 and l_quantity <= 1 + 10
[32m(release)[0m> 		and p_size between 1 and 5
[32m(release)[0m> 		and l_shipmode in ('AIR', 'AIR REG')
[32m(release)[0m> 		and l_shipinstruct = 'DELIVER IN PERSON'
[32m(release)[0m> 	)
[32m(release)[0m> 	or
[32m(release)[0m> 	(
[32m(release)[0m> 		p_partkey = l_partkey
[32m(release)[0m> 		and p_brand = 'Brand#23'
[32m(release)[0m> 		and p_container in ('MED BAG', 'MED BOX', 'MED PKG', 'MED PACK')
[32m(release)[0m> 		and l_quantity >= 10 and l_quantity <= 10 + 10
[32m(release)[0m> 		and p_size between 1 and 10
[32m(release)[0m> 		and l_shipmode in ('AIR', 'AIR REG')
[32m(release)[0m> 		and l_shipinstruct = 'DELIVER IN PERSON'
[32m(release)[0m> 	)
[32m(release)[0m> 	or
[32m(release)[0m> 	(
[32m(release)[0m> 		p_partkey = l_partkey
[32m(release)[0m> 		and p_brand = 'Brand#34'
[32m(release)[0m> 		and p_container in ('LG CASE', 'LG BOX', 'LG PACK', 'LG PKG')
[32m(release)[0m> 		and l_quantity >= 20 and l_quantity <= 20 + 10
[32m(release)[0m> 		and p_size between 1 and 15
[32m(release)[0m> 		and l_shipmode in ('AIR', 'AIR REG')
[32m(release)[0m> 		and l_shipinstruct = 'DELIVER IN PERSON'
[32m(release)[0m> 	);
VmRSS Change: 24 KB
===
1 rows total
Execution info: [PARSE: 89 µs 999 ns, SQL TRANSLATE: 0 ns, OPTIMIZE: 0 ns, LQP TRANSLATE: 85 µs 859 ns, EXECUTE: 70 ms 348 µs (wall time) | QUERY PLAN CACHE HITS: 1/1 statement(s)]
After reset, table use_count: 2
WARNING: Table still has 1 other owner(s) after pipeline reset!
Executing script file done
$:hsh mem_usage
------------------------------------------
Memory Usage Statistics:
VmSize:	216005152 kB
VmRSS:	67043064 kB
1: MemResourceStatus {MigratedColumnsAggregate,18446744073709551615,12610235929,10275988050,10275988050,0,1,N/A}
MemResourceStatus {NumaMonotonicResource,3,60000000000,766,125647472,2106886046,1,2106926840}
MemResourceStatus {NumaMonotonicResource,2,60000000000,0,0,0,0,0}
MemResourceStatus {NumaMonotonicResource,1,64000000000,1039541809,3671651606,18917318200,0,18917334560}
0: MemResourceStatus {MemManagerAggregate,18446744073709551615,124000000000,1039541809,3671651606,0,0,N/A}
1: MemResourceStatus {MemManagerAggregate,18446744073709551615,60000000000,766,125647472,0,1,N/A}
MemResourceStatus {DefaultResource,18446744073709551615,18446744073709551615,0,0,0,-1,N/A}
Quick Memory Usage Overview:
Used Capacity: 1039541809, 10275988816
------------------------------------------
Executing script file: /home/umeshsum/tpch_queries/19.sql
[32m(release)[0m> select
[32m(release)[0m> 	sum(l_extendedprice* (1 - l_discount)) as revenue
[32m(release)[0m> from
[32m(release)[0m> 	lineitem,
[32m(release)[0m> 	part
[32m(release)[0m> where
[32m(release)[0m> 	(
[32m(release)[0m> 		p_partkey = l_partkey
[32m(release)[0m> 		and p_brand = 'Brand#12'
[32m(release)[0m> 		and p_container in ('SM CASE', 'SM BOX', 'SM PACK', 'SM PKG')
[32m(release)[0m> 		and l_quantity >= 1 and l_quantity <= 1 + 10
[32m(release)[0m> 		and p_size between 1 and 5
[32m(release)[0m> 		and l_shipmode in ('AIR', 'AIR REG')
[32m(release)[0m> 		and l_shipinstruct = 'DELIVER IN PERSON'
[32m(release)[0m> 	)
[32m(release)[0m> 	or
[32m(release)[0m> 	(
[32m(release)[0m> 		p_partkey = l_partkey
[32m(release)[0m> 		and p_brand = 'Brand#23'
[32m(release)[0m> 		and p_container in ('MED BAG', 'MED BOX', 'MED PKG', 'MED PACK')
[32m(release)[0m> 		and l_quantity >= 10 and l_quantity <= 10 + 10
[32m(release)[0m> 		and p_size between 1 and 10
[32m(release)[0m> 		and l_shipmode in ('AIR', 'AIR REG')
[32m(release)[0m> 		and l_shipinstruct = 'DELIVER IN PERSON'
[32m(release)[0m> 	)
[32m(release)[0m> 	or
[32m(release)[0m> 	(
[32m(release)[0m> 		p_partkey = l_partkey
[32m(release)[0m> 		and p_brand = 'Brand#34'
[32m(release)[0m> 		and p_container in ('LG CASE', 'LG BOX', 'LG PACK', 'LG PKG')
[32m(release)[0m> 		and l_quantity >= 20 and l_quantity <= 20 + 10
[32m(release)[0m> 		and p_size between 1 and 15
[32m(release)[0m> 		and l_shipmode in ('AIR', 'AIR REG')
[32m(release)[0m> 		and l_shipinstruct = 'DELIVER IN PERSON'
[32m(release)[0m> 	);
VmRSS Change: 176 KB
===
1 rows total
Execution info: [PARSE: 89 µs 139 ns, SQL TRANSLATE: 0 ns, OPTIMIZE: 0 ns, LQP TRANSLATE: 88 µs 509 ns, EXECUTE: 70 ms 249 µs (wall time) | QUERY PLAN CACHE HITS: 1/1 statement(s)]
After reset, table use_count: 2
WARNING: Table still has 1 other owner(s) after pipeline reset!
Executing script file done
$:hsh mem_usage
------------------------------------------
Memory Usage Statistics:
VmSize:	216005152 kB
VmRSS:	67043240 kB
1: MemResourceStatus {MigratedColumnsAggregate,18446744073709551615,12610235929,10275988050,10275988050,0,1,N/A}
MemResourceStatus {NumaMonotonicResource,3,60000000000,766,125647472,2528232792,1,2528281928}
MemResourceStatus {NumaMonotonicResource,2,60000000000,0,0,0,0,0}
MemResourceStatus {NumaMonotonicResource,1,64000000000,1039541809,3671651606,18917318200,0,18917334560}
0: MemResourceStatus {MemManagerAggregate,18446744073709551615,124000000000,1039541809,3671651606,0,0,N/A}
1: MemResourceStatus {MemManagerAggregate,18446744073709551615,60000000000,766,125647472,0,1,N/A}
MemResourceStatus {DefaultResource,18446744073709551615,18446744073709551615,0,0,0,-1,N/A}
Quick Memory Usage Overview:
Used Capacity: 1039541809, 10275988816
------------------------------------------
Executing script file: /home/umeshsum/tpch_queries/19.sql
[32m(release)[0m> select
[32m(release)[0m> 	sum(l_extendedprice* (1 - l_discount)) as revenue
[32m(release)[0m> from
[32m(release)[0m> 	lineitem,
[32m(release)[0m> 	part
[32m(release)[0m> where
[32m(release)[0m> 	(
[32m(release)[0m> 		p_partkey = l_partkey
[32m(release)[0m> 		and p_brand = 'Brand#12'
[32m(release)[0m> 		and p_container in ('SM CASE', 'SM BOX', 'SM PACK', 'SM PKG')
[32m(release)[0m> 		and l_quantity >= 1 and l_quantity <= 1 + 10
[32m(release)[0m> 		and p_size between 1 and 5
[32m(release)[0m> 		and l_shipmode in ('AIR', 'AIR REG')
[32m(release)[0m> 		and l_shipinstruct = 'DELIVER IN PERSON'
[32m(release)[0m> 	)
[32m(release)[0m> 	or
[32m(release)[0m> 	(
[32m(release)[0m> 		p_partkey = l_partkey
[32m(release)[0m> 		and p_brand = 'Brand#23'
[32m(release)[0m> 		and p_container in ('MED BAG', 'MED BOX', 'MED PKG', 'MED PACK')
[32m(release)[0m> 		and l_quantity >= 10 and l_quantity <= 10 + 10
[32m(release)[0m> 		and p_size between 1 and 10
[32m(release)[0m> 		and l_shipmode in ('AIR', 'AIR REG')
[32m(release)[0m> 		and l_shipinstruct = 'DELIVER IN PERSON'
[32m(release)[0m> 	)
[32m(release)[0m> 	or
[32m(release)[0m> 	(
[32m(release)[0m> 		p_partkey = l_partkey
[32m(release)[0m> 		and p_brand = 'Brand#34'
[32m(release)[0m> 		and p_container in ('LG CASE', 'LG BOX', 'LG PACK', 'LG PKG')
[32m(release)[0m> 		and l_quantity >= 20 and l_quantity <= 20 + 10
[32m(release)[0m> 		and p_size between 1 and 15
[32m(release)[0m> 		and l_shipmode in ('AIR', 'AIR REG')
[32m(release)[0m> 		and l_shipinstruct = 'DELIVER IN PERSON'
[32m(release)[0m> 	);
VmRSS Change: 36 KB
===
1 rows total
Execution info: [PARSE: 86 µs 599 ns, SQL TRANSLATE: 0 ns, OPTIMIZE: 0 ns, LQP TRANSLATE: 86 µs 709 ns, EXECUTE: 69 ms 917 µs (wall time) | QUERY PLAN CACHE HITS: 1/1 statement(s)]
After reset, table use_count: 2
WARNING: Table still has 1 other owner(s) after pipeline reset!
Executing script file done
$:hsh mem_usage
------------------------------------------
Memory Usage Statistics:
VmSize:	216005152 kB
VmRSS:	67043276 kB
1: MemResourceStatus {MigratedColumnsAggregate,18446744073709551615,12610235929,10275988050,10275988050,0,1,N/A}
MemResourceStatus {NumaMonotonicResource,3,60000000000,766,125647472,2949593154,1,2949650744}
MemResourceStatus {NumaMonotonicResource,2,60000000000,0,0,0,0,0}
MemResourceStatus {NumaMonotonicResource,1,64000000000,1039541809,3671651606,18917318200,0,18917334560}
0: MemResourceStatus {MemManagerAggregate,18446744073709551615,124000000000,1039541809,3671651606,0,0,N/A}
1: MemResourceStatus {MemManagerAggregate,18446744073709551615,60000000000,766,125647472,0,1,N/A}
MemResourceStatus {DefaultResource,18446744073709551615,18446744073709551615,0,0,0,-1,N/A}
Quick Memory Usage Overview:
Used Capacity: 1039541809, 10275988816
------------------------------------------
Executing script file: /home/umeshsum/tpch_queries/19.sql
[32m(release)[0m> select
[32m(release)[0m> 	sum(l_extendedprice* (1 - l_discount)) as revenue
[32m(release)[0m> from
[32m(release)[0m> 	lineitem,
[32m(release)[0m> 	part
[32m(release)[0m> where
[32m(release)[0m> 	(
[32m(release)[0m> 		p_partkey = l_partkey
[32m(release)[0m> 		and p_brand = 'Brand#12'
[32m(release)[0m> 		and p_container in ('SM CASE', 'SM BOX', 'SM PACK', 'SM PKG')
[32m(release)[0m> 		and l_quantity >= 1 and l_quantity <= 1 + 10
[32m(release)[0m> 		and p_size between 1 and 5
[32m(release)[0m> 		and l_shipmode in ('AIR', 'AIR REG')
[32m(release)[0m> 		and l_shipinstruct = 'DELIVER IN PERSON'
[32m(release)[0m> 	)
[32m(release)[0m> 	or
[32m(release)[0m> 	(
[32m(release)[0m> 		p_partkey = l_partkey
[32m(release)[0m> 		and p_brand = 'Brand#23'
[32m(release)[0m> 		and p_container in ('MED BAG', 'MED BOX', 'MED PKG', 'MED PACK')
[32m(release)[0m> 		and l_quantity >= 10 and l_quantity <= 10 + 10
[32m(release)[0m> 		and p_size between 1 and 10
[32m(release)[0m> 		and l_shipmode in ('AIR', 'AIR REG')
[32m(release)[0m> 		and l_shipinstruct = 'DELIVER IN PERSON'
[32m(release)[0m> 	)
[32m(release)[0m> 	or
[32m(release)[0m> 	(
[32m(release)[0m> 		p_partkey = l_partkey
[32m(release)[0m> 		and p_brand = 'Brand#34'
[32m(release)[0m> 		and p_container in ('LG CASE', 'LG BOX', 'LG PACK', 'LG PKG')
[32m(release)[0m> 		and l_quantity >= 20 and l_quantity <= 20 + 10
[32m(release)[0m> 		and p_size between 1 and 15
[32m(release)[0m> 		and l_shipmode in ('AIR', 'AIR REG')
[32m(release)[0m> 		and l_shipinstruct = 'DELIVER IN PERSON'
[32m(release)[0m> 	);
VmRSS Change: 120 KB
===
1 rows total
Execution info: [PARSE: 92 µs 99 ns, SQL TRANSLATE: 0 ns, OPTIMIZE: 0 ns, LQP TRANSLATE: 90 µs 489 ns, EXECUTE: 71 ms 967 µs (wall time) | QUERY PLAN CACHE HITS: 1/1 statement(s)]
After reset, table use_count: 2
WARNING: Table still has 1 other owner(s) after pipeline reset!
Executing script file done
$:hsh mem_usage
------------------------------------------
Memory Usage Statistics:
VmSize:	216005152 kB
VmRSS:	67043396 kB
1: MemResourceStatus {MigratedColumnsAggregate,18446744073709551615,12610235929,10275988050,10275988050,0,1,N/A}
MemResourceStatus {NumaMonotonicResource,3,60000000000,766,125647472,3370997900,1,3371063624}
MemResourceStatus {NumaMonotonicResource,2,60000000000,0,0,0,0,0}
MemResourceStatus {NumaMonotonicResource,1,64000000000,1039541809,3671651606,18917318200,0,18917334560}
0: MemResourceStatus {MemManagerAggregate,18446744073709551615,124000000000,1039541809,3671651606,0,0,N/A}
1: MemResourceStatus {MemManagerAggregate,18446744073709551615,60000000000,766,125647472,0,1,N/A}
MemResourceStatus {DefaultResource,18446744073709551615,18446744073709551615,0,0,0,-1,N/A}
Quick Memory Usage Overview:
Used Capacity: 1039541809, 10275988816
------------------------------------------
Executing script file: /home/umeshsum/tpch_queries/19.sql
[32m(release)[0m> select
[32m(release)[0m> 	sum(l_extendedprice* (1 - l_discount)) as revenue
[32m(release)[0m> from
[32m(release)[0m> 	lineitem,
[32m(release)[0m> 	part
[32m(release)[0m> where
[32m(release)[0m> 	(
[32m(release)[0m> 		p_partkey = l_partkey
[32m(release)[0m> 		and p_brand = 'Brand#12'
[32m(release)[0m> 		and p_container in ('SM CASE', 'SM BOX', 'SM PACK', 'SM PKG')
[32m(release)[0m> 		and l_quantity >= 1 and l_quantity <= 1 + 10
[32m(release)[0m> 		and p_size between 1 and 5
[32m(release)[0m> 		and l_shipmode in ('AIR', 'AIR REG')
[32m(release)[0m> 		and l_shipinstruct = 'DELIVER IN PERSON'
[32m(release)[0m> 	)
[32m(release)[0m> 	or
[32m(release)[0m> 	(
[32m(release)[0m> 		p_partkey = l_partkey
[32m(release)[0m> 		and p_brand = 'Brand#23'
[32m(release)[0m> 		and p_container in ('MED BAG', 'MED BOX', 'MED PKG', 'MED PACK')
[32m(release)[0m> 		and l_quantity >= 10 and l_quantity <= 10 + 10
[32m(release)[0m> 		and p_size between 1 and 10
[32m(release)[0m> 		and l_shipmode in ('AIR', 'AIR REG')
[32m(release)[0m> 		and l_shipinstruct = 'DELIVER IN PERSON'
[32m(release)[0m> 	)
[32m(release)[0m> 	or
[32m(release)[0m> 	(
[32m(release)[0m> 		p_partkey = l_partkey
[32m(release)[0m> 		and p_brand = 'Brand#34'
[32m(release)[0m> 		and p_container in ('LG CASE', 'LG BOX', 'LG PACK', 'LG PKG')
[32m(release)[0m> 		and l_quantity >= 20 and l_quantity <= 20 + 10
[32m(release)[0m> 		and p_size between 1 and 15
[32m(release)[0m> 		and l_shipmode in ('AIR', 'AIR REG')
[32m(release)[0m> 		and l_shipinstruct = 'DELIVER IN PERSON'
[32m(release)[0m> 	);
VmRSS Change: 108 KB
===
1 rows total
Execution info: [PARSE: 85 µs 999 ns, SQL TRANSLATE: 0 ns, OPTIMIZE: 0 ns, LQP TRANSLATE: 85 µs 659 ns, EXECUTE: 69 ms 890 µs (wall time) | QUERY PLAN CACHE HITS: 1/1 statement(s)]
After reset, table use_count: 2
WARNING: Table still has 1 other owner(s) after pipeline reset!
Executing script file done
$:hsh mem_usage
------------------------------------------
Memory Usage Statistics:
VmSize:	216005152 kB
VmRSS:	67043504 kB
1: MemResourceStatus {MigratedColumnsAggregate,18446744073709551615,12610235929,10275988050,10275988050,0,1,N/A}
MemResourceStatus {NumaMonotonicResource,3,60000000000,766,125647472,3792316902,1,3792390520}
MemResourceStatus {NumaMonotonicResource,2,60000000000,0,0,0,0,0}
MemResourceStatus {NumaMonotonicResource,1,64000000000,1039541809,3671651606,18917318200,0,18917334560}
0: MemResourceStatus {MemManagerAggregate,18446744073709551615,124000000000,1039541809,3671651606,0,0,N/A}
1: MemResourceStatus {MemManagerAggregate,18446744073709551615,60000000000,766,125647472,0,1,N/A}
MemResourceStatus {DefaultResource,18446744073709551615,18446744073709551615,0,0,0,-1,N/A}
Quick Memory Usage Overview:
Used Capacity: 1039541809, 10275988816
------------------------------------------
Executing script file: /home/umeshsum/tpch_queries/19.sql
[32m(release)[0m> select
[32m(release)[0m> 	sum(l_extendedprice* (1 - l_discount)) as revenue
[32m(release)[0m> from
[32m(release)[0m> 	lineitem,
[32m(release)[0m> 	part
[32m(release)[0m> where
[32m(release)[0m> 	(
[32m(release)[0m> 		p_partkey = l_partkey
[32m(release)[0m> 		and p_brand = 'Brand#12'
[32m(release)[0m> 		and p_container in ('SM CASE', 'SM BOX', 'SM PACK', 'SM PKG')
[32m(release)[0m> 		and l_quantity >= 1 and l_quantity <= 1 + 10
[32m(release)[0m> 		and p_size between 1 and 5
[32m(release)[0m> 		and l_shipmode in ('AIR', 'AIR REG')
[32m(release)[0m> 		and l_shipinstruct = 'DELIVER IN PERSON'
[32m(release)[0m> 	)
[32m(release)[0m> 	or
[32m(release)[0m> 	(
[32m(release)[0m> 		p_partkey = l_partkey
[32m(release)[0m> 		and p_brand = 'Brand#23'
[32m(release)[0m> 		and p_container in ('MED BAG', 'MED BOX', 'MED PKG', 'MED PACK')
[32m(release)[0m> 		and l_quantity >= 10 and l_quantity <= 10 + 10
[32m(release)[0m> 		and p_size between 1 and 10
[32m(release)[0m> 		and l_shipmode in ('AIR', 'AIR REG')
[32m(release)[0m> 		and l_shipinstruct = 'DELIVER IN PERSON'
[32m(release)[0m> 	)
[32m(release)[0m> 	or
[32m(release)[0m> 	(
[32m(release)[0m> 		p_partkey = l_partkey
[32m(release)[0m> 		and p_brand = 'Brand#34'
[32m(release)[0m> 		and p_container in ('LG CASE', 'LG BOX', 'LG PACK', 'LG PKG')
[32m(release)[0m> 		and l_quantity >= 20 and l_quantity <= 20 + 10
[32m(release)[0m> 		and p_size between 1 and 15
[32m(release)[0m> 		and l_shipmode in ('AIR', 'AIR REG')
[32m(release)[0m> 		and l_shipinstruct = 'DELIVER IN PERSON'
[32m(release)[0m> 	);
VmRSS Change: 80 KB
===
1 rows total
Execution info: [PARSE: 84 µs 379 ns, SQL TRANSLATE: 0 ns, OPTIMIZE: 0 ns, LQP TRANSLATE: 89 µs 149 ns, EXECUTE: 71 ms 968 µs (wall time) | QUERY PLAN CACHE HITS: 1/1 statement(s)]
After reset, table use_count: 2
WARNING: Table still has 1 other owner(s) after pipeline reset!
Executing script file done
$:hsh mem_usage
------------------------------------------
Memory Usage Statistics:
VmSize:	216005152 kB
VmRSS:	67043584 kB
1: MemResourceStatus {MigratedColumnsAggregate,18446744073709551615,12610235929,10275988050,10275988050,0,1,N/A}
MemResourceStatus {NumaMonotonicResource,3,60000000000,766,125652968,4213667024,1,4213748776}
MemResourceStatus {NumaMonotonicResource,2,60000000000,0,0,0,0,0}
MemResourceStatus {NumaMonotonicResource,1,64000000000,1039541809,3671651606,18917318200,0,18917334560}
0: MemResourceStatus {MemManagerAggregate,18446744073709551615,124000000000,1039541809,3671651606,0,0,N/A}
1: MemResourceStatus {MemManagerAggregate,18446744073709551615,60000000000,766,125652968,0,1,N/A}
MemResourceStatus {DefaultResource,18446744073709551615,18446744073709551615,0,0,0,-1,N/A}
Quick Memory Usage Overview:
Used Capacity: 1039541809, 10275988816
------------------------------------------
Label set to d0_tf0_q1
$:hsh clear_plan_caches
Cleared PQP and LQP caches
$:hsh clear_pipeline
Released last SQLPipeline
$:hsh reset_exec_pools
Reset execution pools (2, 3) bump pointers to start
$:hsh mem_usage
------------------------------------------
Memory Usage Statistics:
VmSize:	216005152 kB
VmRSS:	67043584 kB
1: MemResourceStatus {MigratedColumnsAggregate,18446744073709551615,12610235929,10275988050,10275988050,0,1,N/A}
MemResourceStatus {NumaMonotonicResource,3,60000000000,0,0,0,1,0}
MemResourceStatus {NumaMonotonicResource,2,60000000000,0,0,0,0,0}
MemResourceStatus {NumaMonotonicResource,1,64000000000,1039541809,3671651606,18917318200,0,18917334560}
0: MemResourceStatus {MemManagerAggregate,18446744073709551615,124000000000,1039541809,3671651606,0,0,N/A}
1: MemResourceStatus {MemManagerAggregate,18446744073709551615,60000000000,0,0,0,1,N/A}
MemResourceStatus {DefaultResource,18446744073709551615,18446744073709551615,0,0,0,-1,N/A}
Quick Memory Usage Overview:
Used Capacity: 1039541809, 10275988050
------------------------------------------
Executing script file: /home/umeshsum/tpch_queries/1.sql
[32m(release)[0m> select
[32m(release)[0m> 	l_returnflag,
[32m(release)[0m> 	l_linestatus,
[32m(release)[0m> 	sum(l_quantity) as sum_qty,
[32m(release)[0m> 	sum(l_extendedprice) as sum_base_price,
[32m(release)[0m> 	sum(l_extendedprice * (1 - l_discount)) as sum_disc_price,
[32m(release)[0m> 	sum(l_extendedprice * (1 - l_discount) * (1 + l_tax)) as sum_charge,
[32m(release)[0m> 	avg(l_quantity) as avg_qty,
[32m(release)[0m> 	avg(l_extendedprice) as avg_price,
[32m(release)[0m> 	avg(l_discount) as avg_disc,
[32m(release)[0m> 	count(*) as count_order
[32m(release)[0m> from
[32m(release)[0m> 	lineitem
[32m(release)[0m> where
[32m(release)[0m> 	l_shipdate <= date '1998-12-01' - interval '90' day
[32m(release)[0m> group by
[32m(release)[0m> 	l_returnflag,
[32m(release)[0m> 	l_linestatus
[32m(release)[0m> order by
[32m(release)[0m> 	l_returnflag,
[32m(release)[0m> 	l_linestatus;
VmRSS Change: 604 KB
===
4 rows total
Execution info: [PARSE: 63 µs 899 ns, SQL TRANSLATE: 151 µs 138 ns, OPTIMIZE: 2 ms 695 µs, LQP TRANSLATE: 147 µs 589 ns, EXECUTE: 3 s 742 ms (wall time) | QUERY PLAN CACHE HITS: 0/1 statement(s)]
After reset, table use_count: 2
WARNING: Table still has 1 other owner(s) after pipeline reset!
Executing script file done
$:hsh mem_usage
------------------------------------------
Memory Usage Statistics:
VmSize:	216005152 kB
VmRSS:	67044192 kB
1: MemResourceStatus {MigratedColumnsAggregate,18446744073709551615,12610235929,10275988050,10275988050,0,1,N/A}
MemResourceStatus {NumaMonotonicResource,3,60000000000,5351104,2855253120,4998071900,1,4998078672}
MemResourceStatus {NumaMonotonicResource,2,60000000000,0,0,0,0,0}
MemResourceStatus {NumaMonotonicResource,1,64000000000,1039541809,3671651606,18917318200,0,18917334560}
0: MemResourceStatus {MemManagerAggregate,18446744073709551615,124000000000,1039541809,3671651606,0,0,N/A}
1: MemResourceStatus {MemManagerAggregate,18446744073709551615,60000000000,5351104,2855253120,0,1,N/A}
MemResourceStatus {DefaultResource,18446744073709551615,18446744073709551615,0,0,0,-1,N/A}
Quick Memory Usage Overview:
Used Capacity: 1039541809, 10281339154
------------------------------------------
Executing script file: /home/umeshsum/tpch_queries/1.sql
[32m(release)[0m> select
[32m(release)[0m> 	l_returnflag,
[32m(release)[0m> 	l_linestatus,
[32m(release)[0m> 	sum(l_quantity) as sum_qty,
[32m(release)[0m> 	sum(l_extendedprice) as sum_base_price,
[32m(release)[0m> 	sum(l_extendedprice * (1 - l_discount)) as sum_disc_price,
[32m(release)[0m> 	sum(l_extendedprice * (1 - l_discount) * (1 + l_tax)) as sum_charge,
[32m(release)[0m> 	avg(l_quantity) as avg_qty,
[32m(release)[0m> 	avg(l_extendedprice) as avg_price,
[32m(release)[0m> 	avg(l_discount) as avg_disc,
[32m(release)[0m> 	count(*) as count_order
[32m(release)[0m> from
[32m(release)[0m> 	lineitem
[32m(release)[0m> where
[32m(release)[0m> 	l_shipdate <= date '1998-12-01' - interval '90' day
[32m(release)[0m> group by
[32m(release)[0m> 	l_returnflag,
[32m(release)[0m> 	l_linestatus
[32m(release)[0m> order by
[32m(release)[0m> 	l_returnflag,
[32m(release)[0m> 	l_linestatus;
VmRSS Change: 72 KB
===
4 rows total
Execution info: [PARSE: 78 µs 19 ns, SQL TRANSLATE: 0 ns, OPTIMIZE: 0 ns, LQP TRANSLATE: 54 µs 750 ns, EXECUTE: 3 s 685 ms (wall time) | QUERY PLAN CACHE HITS: 1/1 statement(s)]
After reset, table use_count: 2
WARNING: Table still has 1 other owner(s) after pipeline reset!
Executing script file done
$:hsh mem_usage
------------------------------------------
Memory Usage Statistics:
VmSize:	216005152 kB
VmRSS:	67044264 kB
1: MemResourceStatus {MigratedColumnsAggregate,18446744073709551615,12610235929,10275988050,10275988050,0,1,N/A}
MemResourceStatus {NumaMonotonicResource,3,60000000000,5455920,2855357936,9996143800,1,9996157184}
MemResourceStatus {NumaMonotonicResource,2,60000000000,0,0,0,0,0}
MemResourceStatus {NumaMonotonicResource,1,64000000000,1039541809,3671651606,18917318200,0,18917334560}
0: MemResourceStatus {MemManagerAggregate,18446744073709551615,124000000000,1039541809,3671651606,0,0,N/A}
1: MemResourceStatus {MemManagerAggregate,18446744073709551615,60000000000,5455920,2855357936,0,1,N/A}
MemResourceStatus {DefaultResource,18446744073709551615,18446744073709551615,0,0,0,-1,N/A}
Quick Memory Usage Overview:
Used Capacity: 1039541809, 10281443970
------------------------------------------
Executing script file: /home/umeshsum/tpch_queries/1.sql
[32m(release)[0m> select
[32m(release)[0m> 	l_returnflag,
[32m(release)[0m> 	l_linestatus,
[32m(release)[0m> 	sum(l_quantity) as sum_qty,
[32m(release)[0m> 	sum(l_extendedprice) as sum_base_price,
[32m(release)[0m> 	sum(l_extendedprice * (1 - l_discount)) as sum_disc_price,
[32m(release)[0m> 	sum(l_extendedprice * (1 - l_discount) * (1 + l_tax)) as sum_charge,
[32m(release)[0m> 	avg(l_quantity) as avg_qty,
[32m(release)[0m> 	avg(l_extendedprice) as avg_price,
[32m(release)[0m> 	avg(l_discount) as avg_disc,
[32m(release)[0m> 	count(*) as count_order
[32m(release)[0m> from
[32m(release)[0m> 	lineitem
[32m(release)[0m> where
[32m(release)[0m> 	l_shipdate <= date '1998-12-01' - interval '90' day
[32m(release)[0m> group by
[32m(release)[0m> 	l_returnflag,
[32m(release)[0m> 	l_linestatus
[32m(release)[0m> order by
[32m(release)[0m> 	l_returnflag,
[32m(release)[0m> 	l_linestatus;
VmRSS Change: 4628 KB
===
4 rows total
Execution info: [PARSE: 81 µs 9 ns, SQL TRANSLATE: 0 ns, OPTIMIZE: 0 ns, LQP TRANSLATE: 49 µs 140 ns, EXECUTE: 3 s 708 ms (wall time) | QUERY PLAN CACHE HITS: 1/1 statement(s)]
After reset, table use_count: 2
WARNING: Table still has 1 other owner(s) after pipeline reset!
Executing script file done
$:hsh mem_usage
------------------------------------------
Memory Usage Statistics:
VmSize:	216005152 kB
VmRSS:	67048888 kB
1: MemResourceStatus {MigratedColumnsAggregate,18446744073709551615,12610235929,10275988050,10275988050,0,1,N/A}
MemResourceStatus {NumaMonotonicResource,3,60000000000,5455920,2855357936,14994215700,1,14994235904}
MemResourceStatus {NumaMonotonicResource,2,60000000000,0,0,0,0,0}
MemResourceStatus {NumaMonotonicResource,1,64000000000,1039541809,3671651606,18917318200,0,18917334560}
0: MemResourceStatus {MemManagerAggregate,18446744073709551615,124000000000,1039541809,3671651606,0,0,N/A}
1: MemResourceStatus {MemManagerAggregate,18446744073709551615,60000000000,5455920,2855357936,0,1,N/A}
MemResourceStatus {DefaultResource,18446744073709551615,18446744073709551615,0,0,0,-1,N/A}
Quick Memory Usage Overview:
Used Capacity: 1039541809, 10281443970
------------------------------------------
Executing script file: /home/umeshsum/tpch_queries/1.sql
[32m(release)[0m> select
[32m(release)[0m> 	l_returnflag,
[32m(release)[0m> 	l_linestatus,
[32m(release)[0m> 	sum(l_quantity) as sum_qty,
[32m(release)[0m> 	sum(l_extendedprice) as sum_base_price,
[32m(release)[0m> 	sum(l_extendedprice * (1 - l_discount)) as sum_disc_price,
[32m(release)[0m> 	sum(l_extendedprice * (1 - l_discount) * (1 + l_tax)) as sum_charge,
[32m(release)[0m> 	avg(l_quantity) as avg_qty,
[32m(release)[0m> 	avg(l_extendedprice) as avg_price,
[32m(release)[0m> 	avg(l_discount) as avg_disc,
[32m(release)[0m> 	count(*) as count_order
[32m(release)[0m> from
[32m(release)[0m> 	lineitem
[32m(release)[0m> where
[32m(release)[0m> 	l_shipdate <= date '1998-12-01' - interval '90' day
[32m(release)[0m> group by
[32m(release)[0m> 	l_returnflag,
[32m(release)[0m> 	l_linestatus
[32m(release)[0m> order by
[32m(release)[0m> 	l_returnflag,
[32m(release)[0m> 	l_linestatus;
VmRSS Change: 2216 KB
===
4 rows total
Execution info: [PARSE: 79 µs 259 ns, SQL TRANSLATE: 0 ns, OPTIMIZE: 0 ns, LQP TRANSLATE: 50 µs 280 ns, EXECUTE: 3 s 706 ms (wall time) | QUERY PLAN CACHE HITS: 1/1 statement(s)]
After reset, table use_count: 2
WARNING: Table still has 1 other owner(s) after pipeline reset!
Executing script file done
$:hsh mem_usage
------------------------------------------
Memory Usage Statistics:
VmSize:	216005152 kB
VmRSS:	67050852 kB
1: MemResourceStatus {MigratedColumnsAggregate,18446744073709551615,12610235929,10275988050,10275988050,0,1,N/A}
MemResourceStatus {NumaMonotonicResource,3,60000000000,5455920,2855357936,19992287600,1,19992314496}
MemResourceStatus {NumaMonotonicResource,2,60000000000,0,0,0,0,0}
MemResourceStatus {NumaMonotonicResource,1,64000000000,1039541809,3671651606,18917318200,0,18917334560}
0: MemResourceStatus {MemManagerAggregate,18446744073709551615,124000000000,1039541809,3671651606,0,0,N/A}
1: MemResourceStatus {MemManagerAggregate,18446744073709551615,60000000000,5455920,2855357936,0,1,N/A}
MemResourceStatus {DefaultResource,18446744073709551615,18446744073709551615,0,0,0,-1,N/A}
Quick Memory Usage Overview:
Used Capacity: 1039541809, 10281443970
------------------------------------------
Executing script file: /home/umeshsum/tpch_queries/1.sql
[32m(release)[0m> select
[32m(release)[0m> 	l_returnflag,
[32m(release)[0m> 	l_linestatus,
[32m(release)[0m> 	sum(l_quantity) as sum_qty,
[32m(release)[0m> 	sum(l_extendedprice) as sum_base_price,
[32m(release)[0m> 	sum(l_extendedprice * (1 - l_discount)) as sum_disc_price,
[32m(release)[0m> 	sum(l_extendedprice * (1 - l_discount) * (1 + l_tax)) as sum_charge,
[32m(release)[0m> 	avg(l_quantity) as avg_qty,
[32m(release)[0m> 	avg(l_extendedprice) as avg_price,
[32m(release)[0m> 	avg(l_discount) as avg_disc,
[32m(release)[0m> 	count(*) as count_order
[32m(release)[0m> from
[32m(release)[0m> 	lineitem
[32m(release)[0m> where
[32m(release)[0m> 	l_shipdate <= date '1998-12-01' - interval '90' day
[32m(release)[0m> group by
[32m(release)[0m> 	l_returnflag,
[32m(release)[0m> 	l_linestatus
[32m(release)[0m> order by
[32m(release)[0m> 	l_returnflag,
[32m(release)[0m> 	l_linestatus;
VmRSS Change: 110976 KB
===
4 rows total
Execution info: [PARSE: 102 µs 729 ns, SQL TRANSLATE: 0 ns, OPTIMIZE: 0 ns, LQP TRANSLATE: 48 µs 879 ns, EXECUTE: 3 s 704 ms (wall time) | QUERY PLAN CACHE HITS: 1/1 statement(s)]
After reset, table use_count: 2
WARNING: Table still has 1 other owner(s) after pipeline reset!
Executing script file done
$:hsh mem_usage
------------------------------------------
Memory Usage Statistics:
VmSize:	216005152 kB
VmRSS:	67161756 kB
1: MemResourceStatus {MigratedColumnsAggregate,18446744073709551615,12610235929,10275988050,10275988050,0,1,N/A}
MemResourceStatus {NumaMonotonicResource,3,60000000000,5455920,2855357936,24990359500,1,24990393200}
MemResourceStatus {NumaMonotonicResource,2,60000000000,0,0,0,0,0}
MemResourceStatus {NumaMonotonicResource,1,64000000000,1039541809,3671651606,18917318200,0,18917334560}
0: MemResourceStatus {MemManagerAggregate,18446744073709551615,124000000000,1039541809,3671651606,0,0,N/A}
1: MemResourceStatus {MemManagerAggregate,18446744073709551615,60000000000,5455920,2855357936,0,1,N/A}
MemResourceStatus {DefaultResource,18446744073709551615,18446744073709551615,0,0,0,-1,N/A}
Quick Memory Usage Overview:
Used Capacity: 1039541809, 10281443970
------------------------------------------
Executing script file: /home/umeshsum/tpch_queries/1.sql
[32m(release)[0m> select
[32m(release)[0m> 	l_returnflag,
[32m(release)[0m> 	l_linestatus,
[32m(release)[0m> 	sum(l_quantity) as sum_qty,
[32m(release)[0m> 	sum(l_extendedprice) as sum_base_price,
[32m(release)[0m> 	sum(l_extendedprice * (1 - l_discount)) as sum_disc_price,
[32m(release)[0m> 	sum(l_extendedprice * (1 - l_discount) * (1 + l_tax)) as sum_charge,
[32m(release)[0m> 	avg(l_quantity) as avg_qty,
[32m(release)[0m> 	avg(l_extendedprice) as avg_price,
[32m(release)[0m> 	avg(l_discount) as avg_disc,
[32m(release)[0m> 	count(*) as count_order
[32m(release)[0m> from
[32m(release)[0m> 	lineitem
[32m(release)[0m> where
[32m(release)[0m> 	l_shipdate <= date '1998-12-01' - interval '90' day
[32m(release)[0m> group by
[32m(release)[0m> 	l_returnflag,
[32m(release)[0m> 	l_linestatus
[32m(release)[0m> order by
[32m(release)[0m> 	l_returnflag,
[32m(release)[0m> 	l_linestatus;
VmRSS Change: 147868 KB
===
4 rows total
Execution info: [PARSE: 84 µs 309 ns, SQL TRANSLATE: 0 ns, OPTIMIZE: 0 ns, LQP TRANSLATE: 48 µs 890 ns, EXECUTE: 3 s 721 ms (wall time) | QUERY PLAN CACHE HITS: 1/1 statement(s)]
After reset, table use_count: 2
WARNING: Table still has 1 other owner(s) after pipeline reset!
Executing script file done
$:hsh mem_usage
------------------------------------------
Memory Usage Statistics:
VmSize:	216005152 kB
VmRSS:	67309576 kB
1: MemResourceStatus {MigratedColumnsAggregate,18446744073709551615,12610235929,10275988050,10275988050,0,1,N/A}
MemResourceStatus {NumaMonotonicResource,3,60000000000,5455920,2855357936,29988431400,1,29988471760}
MemResourceStatus {NumaMonotonicResource,2,60000000000,0,0,0,0,0}
MemResourceStatus {NumaMonotonicResource,1,64000000000,1039541809,3671651606,18917318200,0,18917334560}
0: MemResourceStatus {MemManagerAggregate,18446744073709551615,124000000000,1039541809,3671651606,0,0,N/A}
1: MemResourceStatus {MemManagerAggregate,18446744073709551615,60000000000,5455920,2855357936,0,1,N/A}
MemResourceStatus {DefaultResource,18446744073709551615,18446744073709551615,0,0,0,-1,N/A}
Quick Memory Usage Overview:
Used Capacity: 1039541809, 10281443970
------------------------------------------
Executing script file: /home/umeshsum/tpch_queries/1.sql
[32m(release)[0m> select
[32m(release)[0m> 	l_returnflag,
[32m(release)[0m> 	l_linestatus,
[32m(release)[0m> 	sum(l_quantity) as sum_qty,
[32m(release)[0m> 	sum(l_extendedprice) as sum_base_price,
[32m(release)[0m> 	sum(l_extendedprice * (1 - l_discount)) as sum_disc_price,
[32m(release)[0m> 	sum(l_extendedprice * (1 - l_discount) * (1 + l_tax)) as sum_charge,
[32m(release)[0m> 	avg(l_quantity) as avg_qty,
[32m(release)[0m> 	avg(l_extendedprice) as avg_price,
[32m(release)[0m> 	avg(l_discount) as avg_disc,
[32m(release)[0m> 	count(*) as count_order
[32m(release)[0m> from
[32m(release)[0m> 	lineitem
[32m(release)[0m> where
[32m(release)[0m> 	l_shipdate <= date '1998-12-01' - interval '90' day
[32m(release)[0m> group by
[32m(release)[0m> 	l_returnflag,
[32m(release)[0m> 	l_linestatus
[32m(release)[0m> order by
[32m(release)[0m> 	l_returnflag,
[32m(release)[0m> 	l_linestatus;
VmRSS Change: 441588 KB
===
4 rows total
Execution info: [PARSE: 76 µs 489 ns, SQL TRANSLATE: 0 ns, OPTIMIZE: 0 ns, LQP TRANSLATE: 45 µs 860 ns, EXECUTE: 3 s 875 ms (wall time) | QUERY PLAN CACHE HITS: 1/1 statement(s)]
After reset, table use_count: 2
WARNING: Table still has 1 other owner(s) after pipeline reset!
Executing script file done
$:hsh mem_usage
------------------------------------------
Memory Usage Statistics:
VmSize:	216005152 kB
VmRSS:	67751164 kB
1: MemResourceStatus {MigratedColumnsAggregate,18446744073709551615,12610235929,10275988050,10275988050,0,1,N/A}
MemResourceStatus {NumaMonotonicResource,3,60000000000,5455920,2855357936,34986503300,1,34986550432}
MemResourceStatus {NumaMonotonicResource,2,60000000000,0,0,0,0,0}
MemResourceStatus {NumaMonotonicResource,1,64000000000,1039541809,3671651606,18917318200,0,18917334560}
0: MemResourceStatus {MemManagerAggregate,18446744073709551615,124000000000,1039541809,3671651606,0,0,N/A}
1: MemResourceStatus {MemManagerAggregate,18446744073709551615,60000000000,5455920,2855357936,0,1,N/A}
MemResourceStatus {DefaultResource,18446744073709551615,18446744073709551615,0,0,0,-1,N/A}
Quick Memory Usage Overview:
Used Capacity: 1039541809, 10281443970
------------------------------------------
Executing script file: /home/umeshsum/tpch_queries/1.sql
[32m(release)[0m> select
[32m(release)[0m> 	l_returnflag,
[32m(release)[0m> 	l_linestatus,
[32m(release)[0m> 	sum(l_quantity) as sum_qty,
[32m(release)[0m> 	sum(l_extendedprice) as sum_base_price,
[32m(release)[0m> 	sum(l_extendedprice * (1 - l_discount)) as sum_disc_price,
[32m(release)[0m> 	sum(l_extendedprice * (1 - l_discount) * (1 + l_tax)) as sum_charge,
[32m(release)[0m> 	avg(l_quantity) as avg_qty,
[32m(release)[0m> 	avg(l_extendedprice) as avg_price,
[32m(release)[0m> 	avg(l_discount) as avg_disc,
[32m(release)[0m> 	count(*) as count_order
[32m(release)[0m> from
[32m(release)[0m> 	lineitem
[32m(release)[0m> where
[32m(release)[0m> 	l_shipdate <= date '1998-12-01' - interval '90' day
[32m(release)[0m> group by
[32m(release)[0m> 	l_returnflag,
[32m(release)[0m> 	l_linestatus
[32m(release)[0m> order by
[32m(release)[0m> 	l_returnflag,
[32m(release)[0m> 	l_linestatus;
VmRSS Change: 2441436 KB
===
4 rows total
Execution info: [PARSE: 80 µs 319 ns, SQL TRANSLATE: 0 ns, OPTIMIZE: 0 ns, LQP TRANSLATE: 47 µs 620 ns, EXECUTE: 4 s 42 ms (wall time) | QUERY PLAN CACHE HITS: 1/1 statement(s)]
After reset, table use_count: 2
WARNING: Table still has 1 other owner(s) after pipeline reset!
Executing script file done
$:hsh mem_usage
------------------------------------------
Memory Usage Statistics:
VmSize:	216005152 kB
VmRSS:	70192484 kB
1: MemResourceStatus {MigratedColumnsAggregate,18446744073709551615,12610235929,10275988050,10275988050,0,1,N/A}
MemResourceStatus {NumaMonotonicResource,3,60000000000,5455920,2855357936,39984575200,1,39984629200}
MemResourceStatus {NumaMonotonicResource,2,60000000000,0,0,0,0,0}
MemResourceStatus {NumaMonotonicResource,1,64000000000,1039541809,3671651606,18917318200,0,18917334560}
0: MemResourceStatus {MemManagerAggregate,18446744073709551615,124000000000,1039541809,3671651606,0,0,N/A}
1: MemResourceStatus {MemManagerAggregate,18446744073709551615,60000000000,5455920,2855357936,0,1,N/A}
MemResourceStatus {DefaultResource,18446744073709551615,18446744073709551615,0,0,0,-1,N/A}
Quick Memory Usage Overview:
Used Capacity: 1039541809, 10281443970
------------------------------------------
Executing script file: /home/umeshsum/tpch_queries/1.sql
[32m(release)[0m> select
[32m(release)[0m> 	l_returnflag,
[32m(release)[0m> 	l_linestatus,
[32m(release)[0m> 	sum(l_quantity) as sum_qty,
[32m(release)[0m> 	sum(l_extendedprice) as sum_base_price,
[32m(release)[0m> 	sum(l_extendedprice * (1 - l_discount)) as sum_disc_price,
[32m(release)[0m> 	sum(l_extendedprice * (1 - l_discount) * (1 + l_tax)) as sum_charge,
[32m(release)[0m> 	avg(l_quantity) as avg_qty,
[32m(release)[0m> 	avg(l_extendedprice) as avg_price,
[32m(release)[0m> 	avg(l_discount) as avg_disc,
[32m(release)[0m> 	count(*) as count_order
[32m(release)[0m> from
[32m(release)[0m> 	lineitem
[32m(release)[0m> where
[32m(release)[0m> 	l_shipdate <= date '1998-12-01' - interval '90' day
[32m(release)[0m> group by
[32m(release)[0m> 	l_returnflag,
[32m(release)[0m> 	l_linestatus
[32m(release)[0m> order by
[32m(release)[0m> 	l_returnflag,
[32m(release)[0m> 	l_linestatus;
VmRSS Change: 2431280 KB
===
4 rows total
Execution info: [PARSE: 79 µs 159 ns, SQL TRANSLATE: 0 ns, OPTIMIZE: 0 ns, LQP TRANSLATE: 43 µs 949 ns, EXECUTE: 4 s 54 ms (wall time) | QUERY PLAN CACHE HITS: 1/1 statement(s)]
After reset, table use_count: 2
WARNING: Table still has 1 other owner(s) after pipeline reset!
Executing script file done
$:hsh mem_usage
------------------------------------------
Memory Usage Statistics:
VmSize:	216005152 kB
VmRSS:	72623728 kB
1: MemResourceStatus {MigratedColumnsAggregate,18446744073709551615,12610235929,10275988050,10275988050,0,1,N/A}
MemResourceStatus {NumaMonotonicResource,3,60000000000,5455920,2855357936,44982647100,1,44982707712}
MemResourceStatus {NumaMonotonicResource,2,60000000000,0,0,0,0,0}
MemResourceStatus {NumaMonotonicResource,1,64000000000,1039541809,3671651606,18917318200,0,18917334560}
0: MemResourceStatus {MemManagerAggregate,18446744073709551615,124000000000,1039541809,3671651606,0,0,N/A}
1: MemResourceStatus {MemManagerAggregate,18446744073709551615,60000000000,5455920,2855357936,0,1,N/A}
MemResourceStatus {DefaultResource,18446744073709551615,18446744073709551615,0,0,0,-1,N/A}
Quick Memory Usage Overview:
Used Capacity: 1039541809, 10281443970
------------------------------------------
Executing script file: /home/umeshsum/tpch_queries/1.sql
[32m(release)[0m> select
[32m(release)[0m> 	l_returnflag,
[32m(release)[0m> 	l_linestatus,
[32m(release)[0m> 	sum(l_quantity) as sum_qty,
[32m(release)[0m> 	sum(l_extendedprice) as sum_base_price,
[32m(release)[0m> 	sum(l_extendedprice * (1 - l_discount)) as sum_disc_price,
[32m(release)[0m> 	sum(l_extendedprice * (1 - l_discount) * (1 + l_tax)) as sum_charge,
[32m(release)[0m> 	avg(l_quantity) as avg_qty,
[32m(release)[0m> 	avg(l_extendedprice) as avg_price,
[32m(release)[0m> 	avg(l_discount) as avg_disc,
[32m(release)[0m> 	count(*) as count_order
[32m(release)[0m> from
[32m(release)[0m> 	lineitem
[32m(release)[0m> where
[32m(release)[0m> 	l_shipdate <= date '1998-12-01' - interval '90' day
[32m(release)[0m> group by
[32m(release)[0m> 	l_returnflag,
[32m(release)[0m> 	l_linestatus
[32m(release)[0m> order by
[32m(release)[0m> 	l_returnflag,
[32m(release)[0m> 	l_linestatus;
VmRSS Change: 4745380 KB
===
4 rows total
Execution info: [PARSE: 81 µs 689 ns, SQL TRANSLATE: 0 ns, OPTIMIZE: 0 ns, LQP TRANSLATE: 46 µs 710 ns, EXECUTE: 4 s 263 ms (wall time) | QUERY PLAN CACHE HITS: 1/1 statement(s)]
After reset, table use_count: 2
WARNING: Table still has 1 other owner(s) after pipeline reset!
Executing script file done
$:hsh mem_usage
------------------------------------------
Memory Usage Statistics:
VmSize:	216005152 kB
VmRSS:	77369108 kB
1: MemResourceStatus {MigratedColumnsAggregate,18446744073709551615,12610235929,10275988050,10275988050,0,1,N/A}
MemResourceStatus {NumaMonotonicResource,3,60000000000,5455920,2855357936,49980719000,1,49980786480}
MemResourceStatus {NumaMonotonicResource,2,60000000000,0,0,0,0,0}
MemResourceStatus {NumaMonotonicResource,1,64000000000,1039541809,3671651606,18917318200,0,18917334560}
0: MemResourceStatus {MemManagerAggregate,18446744073709551615,124000000000,1039541809,3671651606,0,0,N/A}
1: MemResourceStatus {MemManagerAggregate,18446744073709551615,60000000000,5455920,2855357936,0,1,N/A}
MemResourceStatus {DefaultResource,18446744073709551615,18446744073709551615,0,0,0,-1,N/A}
Quick Memory Usage Overview:
Used Capacity: 1039541809, 10281443970
------------------------------------------
Label set to d0_tf0_q20
$:hsh clear_plan_caches
Cleared PQP and LQP caches
$:hsh clear_pipeline
Released last SQLPipeline
$:hsh reset_exec_pools
Reset execution pools (2, 3) bump pointers to start
$:hsh mem_usage
------------------------------------------
Memory Usage Statistics:
VmSize:	216005152 kB
VmRSS:	77369020 kB
1: MemResourceStatus {MigratedColumnsAggregate,18446744073709551615,12610235929,10275988050,10275988050,0,1,N/A}
MemResourceStatus {NumaMonotonicResource,3,60000000000,0,0,0,1,0}
MemResourceStatus {NumaMonotonicResource,2,60000000000,0,0,0,0,0}
MemResourceStatus {NumaMonotonicResource,1,64000000000,1039541809,3671651606,18917318200,0,18917334560}
0: MemResourceStatus {MemManagerAggregate,18446744073709551615,124000000000,1039541809,3671651606,0,0,N/A}
1: MemResourceStatus {MemManagerAggregate,18446744073709551615,60000000000,0,0,0,1,N/A}
MemResourceStatus {DefaultResource,18446744073709551615,18446744073709551615,0,0,0,-1,N/A}
Quick Memory Usage Overview:
Used Capacity: 1039541809, 10275988050
------------------------------------------
Executing script file: /home/umeshsum/tpch_queries/20.sql
[32m(release)[0m> select
[32m(release)[0m> 	s_name,
[32m(release)[0m> 	s_address
[32m(release)[0m> from
[32m(release)[0m> 	supplier,
[32m(release)[0m> 	nation
[32m(release)[0m> where
[32m(release)[0m> 	s_suppkey in (
[32m(release)[0m> 		select
[32m(release)[0m> 			ps_suppkey
[32m(release)[0m> 		from
[32m(release)[0m> 			partsupp
[32m(release)[0m> 		where
[32m(release)[0m> 			ps_partkey in (
[32m(release)[0m> 				select
[32m(release)[0m> 					p_partkey
[32m(release)[0m> 				from
[32m(release)[0m> 					part
[32m(release)[0m> 				where
[32m(release)[0m> 					p_name like 'forest%'
[32m(release)[0m> 			)
[32m(release)[0m> 			and ps_availqty > (
[32m(release)[0m> 				select
[32m(release)[0m> 					0.5 * sum(l_quantity)
[32m(release)[0m> 				from
[32m(release)[0m> 					lineitem
[32m(release)[0m> 				where
[32m(release)[0m> 					l_partkey = ps_partkey
[32m(release)[0m> 					and l_suppkey = ps_suppkey
[32m(release)[0m> 					and l_shipdate >= date '1994-01-01'
[32m(release)[0m> 					and l_shipdate < date '1994-01-01' + interval '1' year
[32m(release)[0m> 			)
[32m(release)[0m> 	)
[32m(release)[0m> 	and s_nationkey = n_nationkey
[32m(release)[0m> 	and n_name = 'CANADA'
[32m(release)[0m> order by
[32m(release)[0m> 	s_name;
VmRSS Change: 8 KB
===
1804 rows total
Execution info: [PARSE: 88 µs 369 ns, SQL TRANSLATE: 303 µs 107 ns, OPTIMIZE: 12 ms 43 µs, LQP TRANSLATE: 348 µs 827 ns, EXECUTE: 202 ms 745 µs (wall time) | QUERY PLAN CACHE HITS: 0/1 statement(s)]
After reset, table use_count: 2
WARNING: Table still has 1 other owner(s) after pipeline reset!
Executing script file done
$:hsh mem_usage
------------------------------------------
Memory Usage Statistics:
VmSize:	216005152 kB
VmRSS:	77369052 kB
1: MemResourceStatus {MigratedColumnsAggregate,18446744073709551615,12610235929,10275988050,10275988050,0,1,N/A}
MemResourceStatus {NumaMonotonicResource,3,60000000000,2519184,291935860,786493916,1,786496840}
MemResourceStatus {NumaMonotonicResource,2,60000000000,0,0,0,0,0}
MemResourceStatus {NumaMonotonicResource,1,64000000000,1039541809,3671651606,18917318200,0,18917334560}
0: MemResourceStatus {MemManagerAggregate,18446744073709551615,124000000000,1039541809,3671651606,0,0,N/A}
1: MemResourceStatus {MemManagerAggregate,18446744073709551615,60000000000,2519184,291935860,0,1,N/A}
MemResourceStatus {DefaultResource,18446744073709551615,18446744073709551615,0,0,0,-1,N/A}
Quick Memory Usage Overview:
Used Capacity: 1039541809, 10278507234
------------------------------------------
Executing script file: /home/umeshsum/tpch_queries/20.sql
[32m(release)[0m> select
[32m(release)[0m> 	s_name,
[32m(release)[0m> 	s_address
[32m(release)[0m> from
[32m(release)[0m> 	supplier,
[32m(release)[0m> 	nation
[32m(release)[0m> where
[32m(release)[0m> 	s_suppkey in (
[32m(release)[0m> 		select
[32m(release)[0m> 			ps_suppkey
[32m(release)[0m> 		from
[32m(release)[0m> 			partsupp
[32m(release)[0m> 		where
[32m(release)[0m> 			ps_partkey in (
[32m(release)[0m> 				select
[32m(release)[0m> 					p_partkey
[32m(release)[0m> 				from
[32m(release)[0m> 					part
[32m(release)[0m> 				where
[32m(release)[0m> 					p_name like 'forest%'
[32m(release)[0m> 			)
[32m(release)[0m> 			and ps_availqty > (
[32m(release)[0m> 				select
[32m(release)[0m> 					0.5 * sum(l_quantity)
[32m(release)[0m> 				from
[32m(release)[0m> 					lineitem
[32m(release)[0m> 				where
[32m(release)[0m> 					l_partkey = ps_partkey
[32m(release)[0m> 					and l_suppkey = ps_suppkey
[32m(release)[0m> 					and l_shipdate >= date '1994-01-01'
[32m(release)[0m> 					and l_shipdate < date '1994-01-01' + interval '1' year
[32m(release)[0m> 			)
[32m(release)[0m> 	)
[32m(release)[0m> 	and s_nationkey = n_nationkey
[32m(release)[0m> 	and n_name = 'CANADA'
[32m(release)[0m> order by
[32m(release)[0m> 	s_name;
VmRSS Change: 18446744073709551596 KB
===
1804 rows total
Execution info: [PARSE: 80 µs 999 ns, SQL TRANSLATE: 0 ns, OPTIMIZE: 0 ns, LQP TRANSLATE: 55 µs 869 ns, EXECUTE: 207 ms 717 µs (wall time) | QUERY PLAN CACHE HITS: 1/1 statement(s)]
After reset, table use_count: 2
WARNING: Table still has 1 other owner(s) after pipeline reset!
Executing script file done
$:hsh mem_usage
------------------------------------------
Memory Usage Statistics:
VmSize:	216005152 kB
VmRSS:	77369032 kB
1: MemResourceStatus {MigratedColumnsAggregate,18446744073709551615,12610235929,10275988050,10275988050,0,1,N/A}
MemResourceStatus {NumaMonotonicResource,3,60000000000,3989264,293405940,1572432856,1,1572438680}
MemResourceStatus {NumaMonotonicResource,2,60000000000,0,0,0,0,0}
MemResourceStatus {NumaMonotonicResource,1,64000000000,1039541809,3671651606,18917318200,0,18917334560}
0: MemResourceStatus {MemManagerAggregate,18446744073709551615,124000000000,1039541809,3671651606,0,0,N/A}
1: MemResourceStatus {MemManagerAggregate,18446744073709551615,60000000000,3989264,293405940,0,1,N/A}
MemResourceStatus {DefaultResource,18446744073709551615,18446744073709551615,0,0,0,-1,N/A}
Quick Memory Usage Overview:
Used Capacity: 1039541809, 10279977314
------------------------------------------
Executing script file: /home/umeshsum/tpch_queries/20.sql
[32m(release)[0m> select
[32m(release)[0m> 	s_name,
[32m(release)[0m> 	s_address
[32m(release)[0m> from
[32m(release)[0m> 	supplier,
[32m(release)[0m> 	nation
[32m(release)[0m> where
[32m(release)[0m> 	s_suppkey in (
[32m(release)[0m> 		select
[32m(release)[0m> 			ps_suppkey
[32m(release)[0m> 		from
[32m(release)[0m> 			partsupp
[32m(release)[0m> 		where
[32m(release)[0m> 			ps_partkey in (
[32m(release)[0m> 				select
[32m(release)[0m> 					p_partkey
[32m(release)[0m> 				from
[32m(release)[0m> 					part
[32m(release)[0m> 				where
[32m(release)[0m> 					p_name like 'forest%'
[32m(release)[0m> 			)
[32m(release)[0m> 			and ps_availqty > (
[32m(release)[0m> 				select
[32m(release)[0m> 					0.5 * sum(l_quantity)
[32m(release)[0m> 				from
[32m(release)[0m> 					lineitem
[32m(release)[0m> 				where
[32m(release)[0m> 					l_partkey = ps_partkey
[32m(release)[0m> 					and l_suppkey = ps_suppkey
[32m(release)[0m> 					and l_shipdate >= date '1994-01-01'
[32m(release)[0m> 					and l_shipdate < date '1994-01-01' + interval '1' year
[32m(release)[0m> 			)
[32m(release)[0m> 	)
[32m(release)[0m> 	and s_nationkey = n_nationkey
[32m(release)[0m> 	and n_name = 'CANADA'
[32m(release)[0m> order by
[32m(release)[0m> 	s_name;
VmRSS Change: 232 KB
===
1804 rows total
Execution info: [PARSE: 139 µs 299 ns, SQL TRANSLATE: 0 ns, OPTIMIZE: 0 ns, LQP TRANSLATE: 54 µs 810 ns, EXECUTE: 209 ms 629 µs (wall time) | QUERY PLAN CACHE HITS: 1/1 statement(s)]
After reset, table use_count: 2
WARNING: Table still has 1 other owner(s) after pipeline reset!
Executing script file done
$:hsh mem_usage
------------------------------------------
Memory Usage Statistics:
VmSize:	216005152 kB
VmRSS:	77369252 kB
1: MemResourceStatus {MigratedColumnsAggregate,18446744073709551615,12610235929,10275988050,10275988050,0,1,N/A}
MemResourceStatus {NumaMonotonicResource,3,60000000000,3989264,293405940,2358371796,1,2358380520}
MemResourceStatus {NumaMonotonicResource,2,60000000000,0,0,0,0,0}
MemResourceStatus {NumaMonotonicResource,1,64000000000,1039541809,3671651606,18917318200,0,18917334560}
0: MemResourceStatus {MemManagerAggregate,18446744073709551615,124000000000,1039541809,3671651606,0,0,N/A}
1: MemResourceStatus {MemManagerAggregate,18446744073709551615,60000000000,3989264,293405940,0,1,N/A}
MemResourceStatus {DefaultResource,18446744073709551615,18446744073709551615,0,0,0,-1,N/A}
Quick Memory Usage Overview:
Used Capacity: 1039541809, 10279977314
------------------------------------------
Executing script file: /home/umeshsum/tpch_queries/20.sql
[32m(release)[0m> select
[32m(release)[0m> 	s_name,
[32m(release)[0m> 	s_address
[32m(release)[0m> from
[32m(release)[0m> 	supplier,
[32m(release)[0m> 	nation
[32m(release)[0m> where
[32m(release)[0m> 	s_suppkey in (
[32m(release)[0m> 		select
[32m(release)[0m> 			ps_suppkey
[32m(release)[0m> 		from
[32m(release)[0m> 			partsupp
[32m(release)[0m> 		where
[32m(release)[0m> 			ps_partkey in (
[32m(release)[0m> 				select
[32m(release)[0m> 					p_partkey
[32m(release)[0m> 				from
[32m(release)[0m> 					part
[32m(release)[0m> 				where
[32m(release)[0m> 					p_name like 'forest%'
[32m(release)[0m> 			)
[32m(release)[0m> 			and ps_availqty > (
[32m(release)[0m> 				select
[32m(release)[0m> 					0.5 * sum(l_quantity)
[32m(release)[0m> 				from
[32m(release)[0m> 					lineitem
[32m(release)[0m> 				where
[32m(release)[0m> 					l_partkey = ps_partkey
[32m(release)[0m> 					and l_suppkey = ps_suppkey
[32m(release)[0m> 					and l_shipdate >= date '1994-01-01'
[32m(release)[0m> 					and l_shipdate < date '1994-01-01' + interval '1' year
[32m(release)[0m> 			)
[32m(release)[0m> 	)
[32m(release)[0m> 	and s_nationkey = n_nationkey
[32m(release)[0m> 	and n_name = 'CANADA'
[32m(release)[0m> order by
[32m(release)[0m> 	s_name;
VmRSS Change: 196 KB
===
1804 rows total
Execution info: [PARSE: 84 µs 199 ns, SQL TRANSLATE: 0 ns, OPTIMIZE: 0 ns, LQP TRANSLATE: 54 µs 410 ns, EXECUTE: 207 ms 1 µs (wall time) | QUERY PLAN CACHE HITS: 1/1 statement(s)]
After reset, table use_count: 2
WARNING: Table still has 1 other owner(s) after pipeline reset!
Executing script file done
$:hsh mem_usage
------------------------------------------
Memory Usage Statistics:
VmSize:	216005152 kB
VmRSS:	77369448 kB
1: MemResourceStatus {MigratedColumnsAggregate,18446744073709551615,12610235929,10275988050,10275988050,0,1,N/A}
MemResourceStatus {NumaMonotonicResource,3,60000000000,3989264,293405940,3144636984,1,3144648584}
MemResourceStatus {NumaMonotonicResource,2,60000000000,0,0,0,0,0}
MemResourceStatus {NumaMonotonicResource,1,64000000000,1039541809,3671651606,18917318200,0,18917334560}
0: MemResourceStatus {MemManagerAggregate,18446744073709551615,124000000000,1039541809,3671651606,0,0,N/A}
1: MemResourceStatus {MemManagerAggregate,18446744073709551615,60000000000,3989264,293405940,0,1,N/A}
MemResourceStatus {DefaultResource,18446744073709551615,18446744073709551615,0,0,0,-1,N/A}
Quick Memory Usage Overview:
Used Capacity: 1039541809, 10279977314
------------------------------------------
Executing script file: /home/umeshsum/tpch_queries/20.sql
[32m(release)[0m> select
[32m(release)[0m> 	s_name,
[32m(release)[0m> 	s_address
[32m(release)[0m> from
[32m(release)[0m> 	supplier,
[32m(release)[0m> 	nation
[32m(release)[0m> where
[32m(release)[0m> 	s_suppkey in (
[32m(release)[0m> 		select
[32m(release)[0m> 			ps_suppkey
[32m(release)[0m> 		from
[32m(release)[0m> 			partsupp
[32m(release)[0m> 		where
[32m(release)[0m> 			ps_partkey in (
[32m(release)[0m> 				select
[32m(release)[0m> 					p_partkey
[32m(release)[0m> 				from
[32m(release)[0m> 					part
[32m(release)[0m> 				where
[32m(release)[0m> 					p_name like 'forest%'
[32m(release)[0m> 			)
[32m(release)[0m> 			and ps_availqty > (
[32m(release)[0m> 				select
[32m(release)[0m> 					0.5 * sum(l_quantity)
[32m(release)[0m> 				from
[32m(release)[0m> 					lineitem
[32m(release)[0m> 				where
[32m(release)[0m> 					l_partkey = ps_partkey
[32m(release)[0m> 					and l_suppkey = ps_suppkey
[32m(release)[0m> 					and l_shipdate >= date '1994-01-01'
[32m(release)[0m> 					and l_shipdate < date '1994-01-01' + interval '1' year
[32m(release)[0m> 			)
[32m(release)[0m> 	)
[32m(release)[0m> 	and s_nationkey = n_nationkey
[32m(release)[0m> 	and n_name = 'CANADA'
[32m(release)[0m> order by
[32m(release)[0m> 	s_name;
VmRSS Change: 264 KB
===
1804 rows total
Execution info: [PARSE: 79 µs 439 ns, SQL TRANSLATE: 0 ns, OPTIMIZE: 0 ns, LQP TRANSLATE: 48 µs 760 ns, EXECUTE: 208 ms 786 µs (wall time) | QUERY PLAN CACHE HITS: 1/1 statement(s)]
After reset, table use_count: 2
WARNING: Table still has 1 other owner(s) after pipeline reset!
Executing script file done
$:hsh mem_usage
------------------------------------------
Memory Usage Statistics:
VmSize:	216005152 kB
VmRSS:	77369712 kB
1: MemResourceStatus {MigratedColumnsAggregate,18446744073709551615,12610235929,10275988050,10275988050,0,1,N/A}
MemResourceStatus {NumaMonotonicResource,3,60000000000,3989264,293405940,3930740932,1,3930755432}
MemResourceStatus {NumaMonotonicResource,2,60000000000,0,0,0,0,0}
MemResourceStatus {NumaMonotonicResource,1,64000000000,1039541809,3671651606,18917318200,0,18917334560}
0: MemResourceStatus {MemManagerAggregate,18446744073709551615,124000000000,1039541809,3671651606,0,0,N/A}
1: MemResourceStatus {MemManagerAggregate,18446744073709551615,60000000000,3989264,293405940,0,1,N/A}
MemResourceStatus {DefaultResource,18446744073709551615,18446744073709551615,0,0,0,-1,N/A}
Quick Memory Usage Overview:
Used Capacity: 1039541809, 10279977314
------------------------------------------
Executing script file: /home/umeshsum/tpch_queries/20.sql
[32m(release)[0m> select
[32m(release)[0m> 	s_name,
[32m(release)[0m> 	s_address
[32m(release)[0m> from
[32m(release)[0m> 	supplier,
[32m(release)[0m> 	nation
[32m(release)[0m> where
[32m(release)[0m> 	s_suppkey in (
[32m(release)[0m> 		select
[32m(release)[0m> 			ps_suppkey
[32m(release)[0m> 		from
[32m(release)[0m> 			partsupp
[32m(release)[0m> 		where
[32m(release)[0m> 			ps_partkey in (
[32m(release)[0m> 				select
[32m(release)[0m> 					p_partkey
[32m(release)[0m> 				from
[32m(release)[0m> 					part
[32m(release)[0m> 				where
[32m(release)[0m> 					p_name like 'forest%'
[32m(release)[0m> 			)
[32m(release)[0m> 			and ps_availqty > (
[32m(release)[0m> 				select
[32m(release)[0m> 					0.5 * sum(l_quantity)
[32m(release)[0m> 				from
[32m(release)[0m> 					lineitem
[32m(release)[0m> 				where
[32m(release)[0m> 					l_partkey = ps_partkey
[32m(release)[0m> 					and l_suppkey = ps_suppkey
[32m(release)[0m> 					and l_shipdate >= date '1994-01-01'
[32m(release)[0m> 					and l_shipdate < date '1994-01-01' + interval '1' year
[32m(release)[0m> 			)
[32m(release)[0m> 	)
[32m(release)[0m> 	and s_nationkey = n_nationkey
[32m(release)[0m> 	and n_name = 'CANADA'
[32m(release)[0m> order by
[32m(release)[0m> 	s_name;
VmRSS Change: 52 KB
===
1804 rows total
Execution info: [PARSE: 83 µs 239 ns, SQL TRANSLATE: 0 ns, OPTIMIZE: 0 ns, LQP TRANSLATE: 53 µs 829 ns, EXECUTE: 209 ms 591 µs (wall time) | QUERY PLAN CACHE HITS: 1/1 statement(s)]
After reset, table use_count: 2
WARNING: Table still has 1 other owner(s) after pipeline reset!
Executing script file done
$:hsh mem_usage
------------------------------------------
Memory Usage Statistics:
VmSize:	216005152 kB
VmRSS:	77369764 kB
1: MemResourceStatus {MigratedColumnsAggregate,18446744073709551615,12610235929,10275988050,10275988050,0,1,N/A}
MemResourceStatus {NumaMonotonicResource,3,60000000000,3989264,293405940,4716839840,1,4716857256}
MemResourceStatus {NumaMonotonicResource,2,60000000000,0,0,0,0,0}
MemResourceStatus {NumaMonotonicResource,1,64000000000,1039541809,3671651606,18917318200,0,18917334560}
0: MemResourceStatus {MemManagerAggregate,18446744073709551615,124000000000,1039541809,3671651606,0,0,N/A}
1: MemResourceStatus {MemManagerAggregate,18446744073709551615,60000000000,3989264,293405940,0,1,N/A}
MemResourceStatus {DefaultResource,18446744073709551615,18446744073709551615,0,0,0,-1,N/A}
Quick Memory Usage Overview:
Used Capacity: 1039541809, 10279977314
------------------------------------------
Executing script file: /home/umeshsum/tpch_queries/20.sql
[32m(release)[0m> select
[32m(release)[0m> 	s_name,
[32m(release)[0m> 	s_address
[32m(release)[0m> from
[32m(release)[0m> 	supplier,
[32m(release)[0m> 	nation
[32m(release)[0m> where
[32m(release)[0m> 	s_suppkey in (
[32m(release)[0m> 		select
[32m(release)[0m> 			ps_suppkey
[32m(release)[0m> 		from
[32m(release)[0m> 			partsupp
[32m(release)[0m> 		where
[32m(release)[0m> 			ps_partkey in (
[32m(release)[0m> 				select
[32m(release)[0m> 					p_partkey
[32m(release)[0m> 				from
[32m(release)[0m> 					part
[32m(release)[0m> 				where
[32m(release)[0m> 					p_name like 'forest%'
[32m(release)[0m> 			)
[32m(release)[0m> 			and ps_availqty > (
[32m(release)[0m> 				select
[32m(release)[0m> 					0.5 * sum(l_quantity)
[32m(release)[0m> 				from
[32m(release)[0m> 					lineitem
[32m(release)[0m> 				where
[32m(release)[0m> 					l_partkey = ps_partkey
[32m(release)[0m> 					and l_suppkey = ps_suppkey
[32m(release)[0m> 					and l_shipdate >= date '1994-01-01'
[32m(release)[0m> 					and l_shipdate < date '1994-01-01' + interval '1' year
[32m(release)[0m> 			)
[32m(release)[0m> 	)
[32m(release)[0m> 	and s_nationkey = n_nationkey
[32m(release)[0m> 	and n_name = 'CANADA'
[32m(release)[0m> order by
[32m(release)[0m> 	s_name;
VmRSS Change: 68 KB
===
1804 rows total
Execution info: [PARSE: 79 µs 9 ns, SQL TRANSLATE: 0 ns, OPTIMIZE: 0 ns, LQP TRANSLATE: 47 µs 739 ns, EXECUTE: 205 ms 925 µs (wall time) | QUERY PLAN CACHE HITS: 1/1 statement(s)]
After reset, table use_count: 2
WARNING: Table still has 1 other owner(s) after pipeline reset!
Executing script file done
$:hsh mem_usage
------------------------------------------
Memory Usage Statistics:
VmSize:	216005152 kB
VmRSS:	77369832 kB
1: MemResourceStatus {MigratedColumnsAggregate,18446744073709551615,12610235929,10275988050,10275988050,0,1,N/A}
MemResourceStatus {NumaMonotonicResource,3,60000000000,3989264,293405940,5502778972,1,5502799304}
MemResourceStatus {NumaMonotonicResource,2,60000000000,0,0,0,0,0}
MemResourceStatus {NumaMonotonicResource,1,64000000000,1039541809,3671651606,18917318200,0,18917334560}
0: MemResourceStatus {MemManagerAggregate,18446744073709551615,124000000000,1039541809,3671651606,0,0,N/A}
1: MemResourceStatus {MemManagerAggregate,18446744073709551615,60000000000,3989264,293405940,0,1,N/A}
MemResourceStatus {DefaultResource,18446744073709551615,18446744073709551615,0,0,0,-1,N/A}
Quick Memory Usage Overview:
Used Capacity: 1039541809, 10279977314
------------------------------------------
Executing script file: /home/umeshsum/tpch_queries/20.sql
[32m(release)[0m> select
[32m(release)[0m> 	s_name,
[32m(release)[0m> 	s_address
[32m(release)[0m> from
[32m(release)[0m> 	supplier,
[32m(release)[0m> 	nation
[32m(release)[0m> where
[32m(release)[0m> 	s_suppkey in (
[32m(release)[0m> 		select
[32m(release)[0m> 			ps_suppkey
[32m(release)[0m> 		from
[32m(release)[0m> 			partsupp
[32m(release)[0m> 		where
[32m(release)[0m> 			ps_partkey in (
[32m(release)[0m> 				select
[32m(release)[0m> 					p_partkey
[32m(release)[0m> 				from
[32m(release)[0m> 					part
[32m(release)[0m> 				where
[32m(release)[0m> 					p_name like 'forest%'
[32m(release)[0m> 			)
[32m(release)[0m> 			and ps_availqty > (
[32m(release)[0m> 				select
[32m(release)[0m> 					0.5 * sum(l_quantity)
[32m(release)[0m> 				from
[32m(release)[0m> 					lineitem
[32m(release)[0m> 				where
[32m(release)[0m> 					l_partkey = ps_partkey
[32m(release)[0m> 					and l_suppkey = ps_suppkey
[32m(release)[0m> 					and l_shipdate >= date '1994-01-01'
[32m(release)[0m> 					and l_shipdate < date '1994-01-01' + interval '1' year
[32m(release)[0m> 			)
[32m(release)[0m> 	)
[32m(release)[0m> 	and s_nationkey = n_nationkey
[32m(release)[0m> 	and n_name = 'CANADA'
[32m(release)[0m> order by
[32m(release)[0m> 	s_name;
VmRSS Change: 4 KB
===
1804 rows total
Execution info: [PARSE: 85 µs 109 ns, SQL TRANSLATE: 0 ns, OPTIMIZE: 0 ns, LQP TRANSLATE: 52 µs 759 ns, EXECUTE: 203 ms 675 µs (wall time) | QUERY PLAN CACHE HITS: 1/1 statement(s)]
After reset, table use_count: 2
WARNING: Table still has 1 other owner(s) after pipeline reset!
Executing script file done
$:hsh mem_usage
------------------------------------------
Memory Usage Statistics:
VmSize:	216005152 kB
VmRSS:	77369836 kB
1: MemResourceStatus {MigratedColumnsAggregate,18446744073709551615,12610235929,10275988050,10275988050,0,1,N/A}
MemResourceStatus {NumaMonotonicResource,3,60000000000,3989264,293405940,6288883304,1,6288906504}
MemResourceStatus {NumaMonotonicResource,2,60000000000,0,0,0,0,0}
MemResourceStatus {NumaMonotonicResource,1,64000000000,1039541809,3671651606,18917318200,0,18917334560}
0: MemResourceStatus {MemManagerAggregate,18446744073709551615,124000000000,1039541809,3671651606,0,0,N/A}
1: MemResourceStatus {MemManagerAggregate,18446744073709551615,60000000000,3989264,293405940,0,1,N/A}
MemResourceStatus {DefaultResource,18446744073709551615,18446744073709551615,0,0,0,-1,N/A}
Quick Memory Usage Overview:
Used Capacity: 1039541809, 10279977314
------------------------------------------
Executing script file: /home/umeshsum/tpch_queries/20.sql
[32m(release)[0m> select
[32m(release)[0m> 	s_name,
[32m(release)[0m> 	s_address
[32m(release)[0m> from
[32m(release)[0m> 	supplier,
[32m(release)[0m> 	nation
[32m(release)[0m> where
[32m(release)[0m> 	s_suppkey in (
[32m(release)[0m> 		select
[32m(release)[0m> 			ps_suppkey
[32m(release)[0m> 		from
[32m(release)[0m> 			partsupp
[32m(release)[0m> 		where
[32m(release)[0m> 			ps_partkey in (
[32m(release)[0m> 				select
[32m(release)[0m> 					p_partkey
[32m(release)[0m> 				from
[32m(release)[0m> 					part
[32m(release)[0m> 				where
[32m(release)[0m> 					p_name like 'forest%'
[32m(release)[0m> 			)
[32m(release)[0m> 			and ps_availqty > (
[32m(release)[0m> 				select
[32m(release)[0m> 					0.5 * sum(l_quantity)
[32m(release)[0m> 				from
[32m(release)[0m> 					lineitem
[32m(release)[0m> 				where
[32m(release)[0m> 					l_partkey = ps_partkey
[32m(release)[0m> 					and l_suppkey = ps_suppkey
[32m(release)[0m> 					and l_shipdate >= date '1994-01-01'
[32m(release)[0m> 					and l_shipdate < date '1994-01-01' + interval '1' year
[32m(release)[0m> 			)
[32m(release)[0m> 	)
[32m(release)[0m> 	and s_nationkey = n_nationkey
[32m(release)[0m> 	and n_name = 'CANADA'
[32m(release)[0m> order by
[32m(release)[0m> 	s_name;
VmRSS Change: 18446744073709551544 KB
===
1804 rows total
Execution info: [PARSE: 88 µs 339 ns, SQL TRANSLATE: 0 ns, OPTIMIZE: 0 ns, LQP TRANSLATE: 59 µs 440 ns, EXECUTE: 202 ms 873 µs (wall time) | QUERY PLAN CACHE HITS: 1/1 statement(s)]
After reset, table use_count: 2
WARNING: Table still has 1 other owner(s) after pipeline reset!
Executing script file done
$:hsh mem_usage
------------------------------------------
Memory Usage Statistics:
VmSize:	216005152 kB
VmRSS:	77369764 kB
1: MemResourceStatus {MigratedColumnsAggregate,18446744073709551615,12610235929,10275988050,10275988050,0,1,N/A}
MemResourceStatus {NumaMonotonicResource,3,60000000000,3989264,293405940,7074980268,1,7075006360}
MemResourceStatus {NumaMonotonicResource,2,60000000000,0,0,0,0,0}
MemResourceStatus {NumaMonotonicResource,1,64000000000,1039541809,3671651606,18917318200,0,18917334560}
0: MemResourceStatus {MemManagerAggregate,18446744073709551615,124000000000,1039541809,3671651606,0,0,N/A}
1: MemResourceStatus {MemManagerAggregate,18446744073709551615,60000000000,3989264,293405940,0,1,N/A}
MemResourceStatus {DefaultResource,18446744073709551615,18446744073709551615,0,0,0,-1,N/A}
Quick Memory Usage Overview:
Used Capacity: 1039541809, 10279977314
------------------------------------------
Executing script file: /home/umeshsum/tpch_queries/20.sql
[32m(release)[0m> select
[32m(release)[0m> 	s_name,
[32m(release)[0m> 	s_address
[32m(release)[0m> from
[32m(release)[0m> 	supplier,
[32m(release)[0m> 	nation
[32m(release)[0m> where
[32m(release)[0m> 	s_suppkey in (
[32m(release)[0m> 		select
[32m(release)[0m> 			ps_suppkey
[32m(release)[0m> 		from
[32m(release)[0m> 			partsupp
[32m(release)[0m> 		where
[32m(release)[0m> 			ps_partkey in (
[32m(release)[0m> 				select
[32m(release)[0m> 					p_partkey
[32m(release)[0m> 				from
[32m(release)[0m> 					part
[32m(release)[0m> 				where
[32m(release)[0m> 					p_name like 'forest%'
[32m(release)[0m> 			)
[32m(release)[0m> 			and ps_availqty > (
[32m(release)[0m> 				select
[32m(release)[0m> 					0.5 * sum(l_quantity)
[32m(release)[0m> 				from
[32m(release)[0m> 					lineitem
[32m(release)[0m> 				where
[32m(release)[0m> 					l_partkey = ps_partkey
[32m(release)[0m> 					and l_suppkey = ps_suppkey
[32m(release)[0m> 					and l_shipdate >= date '1994-01-01'
[32m(release)[0m> 					and l_shipdate < date '1994-01-01' + interval '1' year
[32m(release)[0m> 			)
[32m(release)[0m> 	)
[32m(release)[0m> 	and s_nationkey = n_nationkey
[32m(release)[0m> 	and n_name = 'CANADA'
[32m(release)[0m> order by
[32m(release)[0m> 	s_name;
VmRSS Change: 48 KB
===
1804 rows total
Execution info: [PARSE: 87 µs 209 ns, SQL TRANSLATE: 0 ns, OPTIMIZE: 0 ns, LQP TRANSLATE: 55 µs 759 ns, EXECUTE: 208 ms 13 µs (wall time) | QUERY PLAN CACHE HITS: 1/1 statement(s)]
After reset, table use_count: 2
WARNING: Table still has 1 other owner(s) after pipeline reset!
Executing script file done
$:hsh mem_usage
------------------------------------------
Memory Usage Statistics:
VmSize:	216005152 kB
VmRSS:	77369812 kB
1: MemResourceStatus {MigratedColumnsAggregate,18446744073709551615,12610235929,10275988050,10275988050,0,1,N/A}
MemResourceStatus {NumaMonotonicResource,3,60000000000,3989264,293405940,7861083640,1,7861112696}
MemResourceStatus {NumaMonotonicResource,2,60000000000,0,0,0,0,0}
MemResourceStatus {NumaMonotonicResource,1,64000000000,1039541809,3671651606,18917318200,0,18917334560}
0: MemResourceStatus {MemManagerAggregate,18446744073709551615,124000000000,1039541809,3671651606,0,0,N/A}
1: MemResourceStatus {MemManagerAggregate,18446744073709551615,60000000000,3989264,293405940,0,1,N/A}
MemResourceStatus {DefaultResource,18446744073709551615,18446744073709551615,0,0,0,-1,N/A}
Quick Memory Usage Overview:
Used Capacity: 1039541809, 10279977314
------------------------------------------
Label set to d0_tf0_q21
$:hsh clear_plan_caches
Cleared PQP and LQP caches
$:hsh clear_pipeline
Released last SQLPipeline
$:hsh reset_exec_pools
Reset execution pools (2, 3) bump pointers to start
$:hsh mem_usage
------------------------------------------
Memory Usage Statistics:
VmSize:	216005152 kB
VmRSS:	77369812 kB
1: MemResourceStatus {MigratedColumnsAggregate,18446744073709551615,12610235929,10275988050,10275988050,0,1,N/A}
MemResourceStatus {NumaMonotonicResource,3,60000000000,0,0,0,1,0}
MemResourceStatus {NumaMonotonicResource,2,60000000000,0,0,0,0,0}
MemResourceStatus {NumaMonotonicResource,1,64000000000,1039541809,3671651606,18917318200,0,18917334560}
0: MemResourceStatus {MemManagerAggregate,18446744073709551615,124000000000,1039541809,3671651606,0,0,N/A}
1: MemResourceStatus {MemManagerAggregate,18446744073709551615,60000000000,0,0,0,1,N/A}
MemResourceStatus {DefaultResource,18446744073709551615,18446744073709551615,0,0,0,-1,N/A}
Quick Memory Usage Overview:
Used Capacity: 1039541809, 10275988050
------------------------------------------
Executing script file: /home/umeshsum/tpch_queries/21.sql
[32m(release)[0m> select
[32m(release)[0m> 	s_name,
[32m(release)[0m> 	count(*) as numwait
[32m(release)[0m> from
[32m(release)[0m> 	supplier,
[32m(release)[0m> 	lineitem l1,
[32m(release)[0m> 	orders,
[32m(release)[0m> 	nation
[32m(release)[0m> where
[32m(release)[0m> 	s_suppkey = l1.l_suppkey
[32m(release)[0m> 	and o_orderkey = l1.l_orderkey
[32m(release)[0m> 	and o_orderstatus = 'F'
[32m(release)[0m> 	and l1.l_receiptdate > l1.l_commitdate
[32m(release)[0m> 	and exists (
[32m(release)[0m> 		select
[32m(release)[0m> 			*
[32m(release)[0m> 		from
[32m(release)[0m> 			lineitem l2
[32m(release)[0m> 		where
[32m(release)[0m> 			l2.l_orderkey = l1.l_orderkey
[32m(release)[0m> 			and l2.l_suppkey <> l1.l_suppkey
[32m(release)[0m> 	)
[32m(release)[0m> 	and not exists (
[32m(release)[0m> 		select
[32m(release)[0m> 			*
[32m(release)[0m> 		from
[32m(release)[0m> 			lineitem l3
[32m(release)[0m> 		where
[32m(release)[0m> 			l3.l_orderkey = l1.l_orderkey
[32m(release)[0m> 			and l3.l_suppkey <> l1.l_suppkey
[32m(release)[0m> 			and l3.l_receiptdate > l3.l_commitdate
[32m(release)[0m> 	)
[32m(release)[0m> 	and s_nationkey = n_nationkey
[32m(release)[0m> 	and n_name = 'SAUDI ARABIA'
[32m(release)[0m> group by
[32m(release)[0m> 	s_name
[32m(release)[0m> order by
[32m(release)[0m> 	numwait desc,
[32m(release)[0m> 	s_name;
VmRSS Change: 172 KB
===
4009 rows total
Execution info: [PARSE: 98 µs 699 ns, SQL TRANSLATE: 367 µs 196 ns, OPTIMIZE: 11 ms 350 µs, LQP TRANSLATE: 307 µs 937 ns, EXECUTE: 1 s 146 ms (wall time) | QUERY PLAN CACHE HITS: 0/1 statement(s)]
After reset, table use_count: 2
WARNING: Table still has 1 other owner(s) after pipeline reset!
Executing script file done
$:hsh mem_usage
------------------------------------------
Memory Usage Statistics:
VmSize:	216005152 kB
VmRSS:	77370024 kB
1: MemResourceStatus {MigratedColumnsAggregate,18446744073709551615,12610235929,10275988050,10275988050,0,1,N/A}
MemResourceStatus {NumaMonotonicResource,3,60000000000,1177856,1423052112,4807996676,1,4808006704}
MemResourceStatus {NumaMonotonicResource,2,60000000000,0,0,0,0,0}
MemResourceStatus {NumaMonotonicResource,1,64000000000,1039541809,3671651606,18917318200,0,18917334560}
0: MemResourceStatus {MemManagerAggregate,18446744073709551615,124000000000,1039541809,3671651606,0,0,N/A}
1: MemResourceStatus {MemManagerAggregate,18446744073709551615,60000000000,1177856,1423052112,0,1,N/A}
MemResourceStatus {DefaultResource,18446744073709551615,18446744073709551615,0,0,0,-1,N/A}
Quick Memory Usage Overview:
Used Capacity: 1039541809, 10277165906
------------------------------------------
Executing script file: /home/umeshsum/tpch_queries/21.sql
[32m(release)[0m> select
[32m(release)[0m> 	s_name,
[32m(release)[0m> 	count(*) as numwait
[32m(release)[0m> from
[32m(release)[0m> 	supplier,
[32m(release)[0m> 	lineitem l1,
[32m(release)[0m> 	orders,
[32m(release)[0m> 	nation
[32m(release)[0m> where
[32m(release)[0m> 	s_suppkey = l1.l_suppkey
[32m(release)[0m> 	and o_orderkey = l1.l_orderkey
[32m(release)[0m> 	and o_orderstatus = 'F'
[32m(release)[0m> 	and l1.l_receiptdate > l1.l_commitdate
[32m(release)[0m> 	and exists (
[32m(release)[0m> 		select
[32m(release)[0m> 			*
[32m(release)[0m> 		from
[32m(release)[0m> 			lineitem l2
[32m(release)[0m> 		where
[32m(release)[0m> 			l2.l_orderkey = l1.l_orderkey
[32m(release)[0m> 			and l2.l_suppkey <> l1.l_suppkey
[32m(release)[0m> 	)
[32m(release)[0m> 	and not exists (
[32m(release)[0m> 		select
[32m(release)[0m> 			*
[32m(release)[0m> 		from
[32m(release)[0m> 			lineitem l3
[32m(release)[0m> 		where
[32m(release)[0m> 			l3.l_orderkey = l1.l_orderkey
[32m(release)[0m> 			and l3.l_suppkey <> l1.l_suppkey
[32m(release)[0m> 			and l3.l_receiptdate > l3.l_commitdate
[32m(release)[0m> 	)
[32m(release)[0m> 	and s_nationkey = n_nationkey
[32m(release)[0m> 	and n_name = 'SAUDI ARABIA'
[32m(release)[0m> group by
[32m(release)[0m> 	s_name
[32m(release)[0m> order by
[32m(release)[0m> 	numwait desc,
[32m(release)[0m> 	s_name;
VmRSS Change: 40 KB
===
4009 rows total
Execution info: [PARSE: 84 µs 989 ns, SQL TRANSLATE: 0 ns, OPTIMIZE: 0 ns, LQP TRANSLATE: 50 µs 970 ns, EXECUTE: 1 s 69 ms (wall time) | QUERY PLAN CACHE HITS: 1/1 statement(s)]
After reset, table use_count: 2
WARNING: Table still has 1 other owner(s) after pipeline reset!
Executing script file done
$:hsh mem_usage
------------------------------------------
Memory Usage Statistics:
VmSize:	216005152 kB
VmRSS:	77370064 kB
1: MemResourceStatus {MigratedColumnsAggregate,18446744073709551615,12610235929,10275988050,10275988050,0,1,N/A}
MemResourceStatus {NumaMonotonicResource,3,60000000000,1306720,1423180976,9615993352,1,9616013344}
MemResourceStatus {NumaMonotonicResource,2,60000000000,0,0,0,0,0}
MemResourceStatus {NumaMonotonicResource,1,64000000000,1039541809,3671651606,18917318200,0,18917334560}
0: MemResourceStatus {MemManagerAggregate,18446744073709551615,124000000000,1039541809,3671651606,0,0,N/A}
1: MemResourceStatus {MemManagerAggregate,18446744073709551615,60000000000,1306720,1423180976,0,1,N/A}
MemResourceStatus {DefaultResource,18446744073709551615,18446744073709551615,0,0,0,-1,N/A}
Quick Memory Usage Overview:
Used Capacity: 1039541809, 10277294770
------------------------------------------
Executing script file: /home/umeshsum/tpch_queries/21.sql
[32m(release)[0m> select
[32m(release)[0m> 	s_name,
[32m(release)[0m> 	count(*) as numwait
[32m(release)[0m> from
[32m(release)[0m> 	supplier,
[32m(release)[0m> 	lineitem l1,
[32m(release)[0m> 	orders,
[32m(release)[0m> 	nation
[32m(release)[0m> where
[32m(release)[0m> 	s_suppkey = l1.l_suppkey
[32m(release)[0m> 	and o_orderkey = l1.l_orderkey
[32m(release)[0m> 	and o_orderstatus = 'F'
[32m(release)[0m> 	and l1.l_receiptdate > l1.l_commitdate
[32m(release)[0m> 	and exists (
[32m(release)[0m> 		select
[32m(release)[0m> 			*
[32m(release)[0m> 		from
[32m(release)[0m> 			lineitem l2
[32m(release)[0m> 		where
[32m(release)[0m> 			l2.l_orderkey = l1.l_orderkey
[32m(release)[0m> 			and l2.l_suppkey <> l1.l_suppkey
[32m(release)[0m> 	)
[32m(release)[0m> 	and not exists (
[32m(release)[0m> 		select
[32m(release)[0m> 			*
[32m(release)[0m> 		from
[32m(release)[0m> 			lineitem l3
[32m(release)[0m> 		where
[32m(release)[0m> 			l3.l_orderkey = l1.l_orderkey
[32m(release)[0m> 			and l3.l_suppkey <> l1.l_suppkey
[32m(release)[0m> 			and l3.l_receiptdate > l3.l_commitdate
[32m(release)[0m> 	)
[32m(release)[0m> 	and s_nationkey = n_nationkey
[32m(release)[0m> 	and n_name = 'SAUDI ARABIA'
[32m(release)[0m> group by
[32m(release)[0m> 	s_name
[32m(release)[0m> order by
[32m(release)[0m> 	numwait desc,
[32m(release)[0m> 	s_name;
VmRSS Change: 18446744073709551304 KB
===
4009 rows total
Execution info: [PARSE: 112 µs 219 ns, SQL TRANSLATE: 0 ns, OPTIMIZE: 0 ns, LQP TRANSLATE: 37 µs 169 ns, EXECUTE: 1 s 62 ms (wall time) | QUERY PLAN CACHE HITS: 1/1 statement(s)]
After reset, table use_count: 2
WARNING: Table still has 1 other owner(s) after pipeline reset!
Executing script file done
$:hsh mem_usage
------------------------------------------
Memory Usage Statistics:
VmSize:	216005152 kB
VmRSS:	77369752 kB
1: MemResourceStatus {MigratedColumnsAggregate,18446744073709551615,12610235929,10275988050,10275988050,0,1,N/A}
MemResourceStatus {NumaMonotonicResource,3,60000000000,1306720,1423180976,14423990028,1,14424019984}
MemResourceStatus {NumaMonotonicResource,2,60000000000,0,0,0,0,0}
MemResourceStatus {NumaMonotonicResource,1,64000000000,1039541809,3671651606,18917318200,0,18917334560}
0: MemResourceStatus {MemManagerAggregate,18446744073709551615,124000000000,1039541809,3671651606,0,0,N/A}
1: MemResourceStatus {MemManagerAggregate,18446744073709551615,60000000000,1306720,1423180976,0,1,N/A}
MemResourceStatus {DefaultResource,18446744073709551615,18446744073709551615,0,0,0,-1,N/A}
Quick Memory Usage Overview:
Used Capacity: 1039541809, 10277294770
------------------------------------------
Executing script file: /home/umeshsum/tpch_queries/21.sql
[32m(release)[0m> select
[32m(release)[0m> 	s_name,
[32m(release)[0m> 	count(*) as numwait
[32m(release)[0m> from
[32m(release)[0m> 	supplier,
[32m(release)[0m> 	lineitem l1,
[32m(release)[0m> 	orders,
[32m(release)[0m> 	nation
[32m(release)[0m> where
[32m(release)[0m> 	s_suppkey = l1.l_suppkey
[32m(release)[0m> 	and o_orderkey = l1.l_orderkey
[32m(release)[0m> 	and o_orderstatus = 'F'
[32m(release)[0m> 	and l1.l_receiptdate > l1.l_commitdate
[32m(release)[0m> 	and exists (
[32m(release)[0m> 		select
[32m(release)[0m> 			*
[32m(release)[0m> 		from
[32m(release)[0m> 			lineitem l2
[32m(release)[0m> 		where
[32m(release)[0m> 			l2.l_orderkey = l1.l_orderkey
[32m(release)[0m> 			and l2.l_suppkey <> l1.l_suppkey
[32m(release)[0m> 	)
[32m(release)[0m> 	and not exists (
[32m(release)[0m> 		select
[32m(release)[0m> 			*
[32m(release)[0m> 		from
[32m(release)[0m> 			lineitem l3
[32m(release)[0m> 		where
[32m(release)[0m> 			l3.l_orderkey = l1.l_orderkey
[32m(release)[0m> 			and l3.l_suppkey <> l1.l_suppkey
[32m(release)[0m> 			and l3.l_receiptdate > l3.l_commitdate
[32m(release)[0m> 	)
[32m(release)[0m> 	and s_nationkey = n_nationkey
[32m(release)[0m> 	and n_name = 'SAUDI ARABIA'
[32m(release)[0m> group by
[32m(release)[0m> 	s_name
[32m(release)[0m> order by
[32m(release)[0m> 	numwait desc,
[32m(release)[0m> 	s_name;
VmRSS Change: 18446744073709551400 KB
===
4009 rows total
Execution info: [PARSE: 80 µs 810 ns, SQL TRANSLATE: 0 ns, OPTIMIZE: 0 ns, LQP TRANSLATE: 41 µs 719 ns, EXECUTE: 1 s 88 ms (wall time) | QUERY PLAN CACHE HITS: 1/1 statement(s)]
After reset, table use_count: 2
WARNING: Table still has 1 other owner(s) after pipeline reset!
Executing script file done
$:hsh mem_usage
------------------------------------------
Memory Usage Statistics:
VmSize:	216005152 kB
VmRSS:	77369536 kB
1: MemResourceStatus {MigratedColumnsAggregate,18446744073709551615,12610235929,10275988050,10275988050,0,1,N/A}
MemResourceStatus {NumaMonotonicResource,3,60000000000,1306720,1423180976,19231986704,1,19232026608}
MemResourceStatus {NumaMonotonicResource,2,60000000000,0,0,0,0,0}
MemResourceStatus {NumaMonotonicResource,1,64000000000,1039541809,3671651606,18917318200,0,18917334560}
0: MemResourceStatus {MemManagerAggregate,18446744073709551615,124000000000,1039541809,3671651606,0,0,N/A}
1: MemResourceStatus {MemManagerAggregate,18446744073709551615,60000000000,1306720,1423180976,0,1,N/A}
MemResourceStatus {DefaultResource,18446744073709551615,18446744073709551615,0,0,0,-1,N/A}
Quick Memory Usage Overview:
Used Capacity: 1039541809, 10277294770
------------------------------------------
Executing script file: /home/umeshsum/tpch_queries/21.sql
[32m(release)[0m> select
[32m(release)[0m> 	s_name,
[32m(release)[0m> 	count(*) as numwait
[32m(release)[0m> from
[32m(release)[0m> 	supplier,
[32m(release)[0m> 	lineitem l1,
[32m(release)[0m> 	orders,
[32m(release)[0m> 	nation
[32m(release)[0m> where
[32m(release)[0m> 	s_suppkey = l1.l_suppkey
[32m(release)[0m> 	and o_orderkey = l1.l_orderkey
[32m(release)[0m> 	and o_orderstatus = 'F'
[32m(release)[0m> 	and l1.l_receiptdate > l1.l_commitdate
[32m(release)[0m> 	and exists (
[32m(release)[0m> 		select
[32m(release)[0m> 			*
[32m(release)[0m> 		from
[32m(release)[0m> 			lineitem l2
[32m(release)[0m> 		where
[32m(release)[0m> 			l2.l_orderkey = l1.l_orderkey
[32m(release)[0m> 			and l2.l_suppkey <> l1.l_suppkey
[32m(release)[0m> 	)
[32m(release)[0m> 	and not exists (
[32m(release)[0m> 		select
[32m(release)[0m> 			*
[32m(release)[0m> 		from
[32m(release)[0m> 			lineitem l3
[32m(release)[0m> 		where
[32m(release)[0m> 			l3.l_orderkey = l1.l_orderkey
[32m(release)[0m> 			and l3.l_suppkey <> l1.l_suppkey
[32m(release)[0m> 			and l3.l_receiptdate > l3.l_commitdate
[32m(release)[0m> 	)
[32m(release)[0m> 	and s_nationkey = n_nationkey
[32m(release)[0m> 	and n_name = 'SAUDI ARABIA'
[32m(release)[0m> group by
[32m(release)[0m> 	s_name
[32m(release)[0m> order by
[32m(release)[0m> 	numwait desc,
[32m(release)[0m> 	s_name;
VmRSS Change: 18446744073709551452 KB
===
4009 rows total
Execution info: [PARSE: 77 µs 279 ns, SQL TRANSLATE: 0 ns, OPTIMIZE: 0 ns, LQP TRANSLATE: 44 µs 89 ns, EXECUTE: 1 s 165 ms (wall time) | QUERY PLAN CACHE HITS: 1/1 statement(s)]
After reset, table use_count: 2
WARNING: Table still has 1 other owner(s) after pipeline reset!
Executing script file done
$:hsh mem_usage
------------------------------------------
Memory Usage Statistics:
VmSize:	216005152 kB
VmRSS:	77369372 kB
1: MemResourceStatus {MigratedColumnsAggregate,18446744073709551615,12610235929,10275988050,10275988050,0,1,N/A}
MemResourceStatus {NumaMonotonicResource,3,60000000000,1306720,1423180976,24039983380,1,24040033264}
MemResourceStatus {NumaMonotonicResource,2,60000000000,0,0,0,0,0}
MemResourceStatus {NumaMonotonicResource,1,64000000000,1039541809,3671651606,18917318200,0,18917334560}
0: MemResourceStatus {MemManagerAggregate,18446744073709551615,124000000000,1039541809,3671651606,0,0,N/A}
1: MemResourceStatus {MemManagerAggregate,18446744073709551615,60000000000,1306720,1423180976,0,1,N/A}
MemResourceStatus {DefaultResource,18446744073709551615,18446744073709551615,0,0,0,-1,N/A}
Quick Memory Usage Overview:
Used Capacity: 1039541809, 10277294770
------------------------------------------
Executing script file: /home/umeshsum/tpch_queries/21.sql
[32m(release)[0m> select
[32m(release)[0m> 	s_name,
[32m(release)[0m> 	count(*) as numwait
[32m(release)[0m> from
[32m(release)[0m> 	supplier,
[32m(release)[0m> 	lineitem l1,
[32m(release)[0m> 	orders,
[32m(release)[0m> 	nation
[32m(release)[0m> where
[32m(release)[0m> 	s_suppkey = l1.l_suppkey
[32m(release)[0m> 	and o_orderkey = l1.l_orderkey
[32m(release)[0m> 	and o_orderstatus = 'F'
[32m(release)[0m> 	and l1.l_receiptdate > l1.l_commitdate
[32m(release)[0m> 	and exists (
[32m(release)[0m> 		select
[32m(release)[0m> 			*
[32m(release)[0m> 		from
[32m(release)[0m> 			lineitem l2
[32m(release)[0m> 		where
[32m(release)[0m> 			l2.l_orderkey = l1.l_orderkey
[32m(release)[0m> 			and l2.l_suppkey <> l1.l_suppkey
[32m(release)[0m> 	)
[32m(release)[0m> 	and not exists (
[32m(release)[0m> 		select
[32m(release)[0m> 			*
[32m(release)[0m> 		from
[32m(release)[0m> 			lineitem l3
[32m(release)[0m> 		where
[32m(release)[0m> 			l3.l_orderkey = l1.l_orderkey
[32m(release)[0m> 			and l3.l_suppkey <> l1.l_suppkey
[32m(release)[0m> 			and l3.l_receiptdate > l3.l_commitdate
[32m(release)[0m> 	)
[32m(release)[0m> 	and s_nationkey = n_nationkey
[32m(release)[0m> 	and n_name = 'SAUDI ARABIA'
[32m(release)[0m> group by
[32m(release)[0m> 	s_name
[32m(release)[0m> order by
[32m(release)[0m> 	numwait desc,
[32m(release)[0m> 	s_name;
VmRSS Change: 88 KB
===
4009 rows total
Execution info: [PARSE: 81 µs 199 ns, SQL TRANSLATE: 0 ns, OPTIMIZE: 0 ns, LQP TRANSLATE: 42 µs 30 ns, EXECUTE: 1 s 71 ms (wall time) | QUERY PLAN CACHE HITS: 1/1 statement(s)]
After reset, table use_count: 2
WARNING: Table still has 1 other owner(s) after pipeline reset!
Executing script file done
$:hsh mem_usage
------------------------------------------
Memory Usage Statistics:
VmSize:	216005152 kB
VmRSS:	77369448 kB
1: MemResourceStatus {MigratedColumnsAggregate,18446744073709551615,12610235929,10275988050,10275988050,0,1,N/A}
MemResourceStatus {NumaMonotonicResource,3,60000000000,1306720,1423180976,28847980056,1,28848039840}
MemResourceStatus {NumaMonotonicResource,2,60000000000,0,0,0,0,0}
MemResourceStatus {NumaMonotonicResource,1,64000000000,1039541809,3671651606,18917318200,0,18917334560}
0: MemResourceStatus {MemManagerAggregate,18446744073709551615,124000000000,1039541809,3671651606,0,0,N/A}
1: MemResourceStatus {MemManagerAggregate,18446744073709551615,60000000000,1306720,1423180976,0,1,N/A}
MemResourceStatus {DefaultResource,18446744073709551615,18446744073709551615,0,0,0,-1,N/A}
Quick Memory Usage Overview:
Used Capacity: 1039541809, 10277294770
------------------------------------------
Executing script file: /home/umeshsum/tpch_queries/21.sql
[32m(release)[0m> select
[32m(release)[0m> 	s_name,
[32m(release)[0m> 	count(*) as numwait
[32m(release)[0m> from
[32m(release)[0m> 	supplier,
[32m(release)[0m> 	lineitem l1,
[32m(release)[0m> 	orders,
[32m(release)[0m> 	nation
[32m(release)[0m> where
[32m(release)[0m> 	s_suppkey = l1.l_suppkey
[32m(release)[0m> 	and o_orderkey = l1.l_orderkey
[32m(release)[0m> 	and o_orderstatus = 'F'
[32m(release)[0m> 	and l1.l_receiptdate > l1.l_commitdate
[32m(release)[0m> 	and exists (
[32m(release)[0m> 		select
[32m(release)[0m> 			*
[32m(release)[0m> 		from
[32m(release)[0m> 			lineitem l2
[32m(release)[0m> 		where
[32m(release)[0m> 			l2.l_orderkey = l1.l_orderkey
[32m(release)[0m> 			and l2.l_suppkey <> l1.l_suppkey
[32m(release)[0m> 	)
[32m(release)[0m> 	and not exists (
[32m(release)[0m> 		select
[32m(release)[0m> 			*
[32m(release)[0m> 		from
[32m(release)[0m> 			lineitem l3
[32m(release)[0m> 		where
[32m(release)[0m> 			l3.l_orderkey = l1.l_orderkey
[32m(release)[0m> 			and l3.l_suppkey <> l1.l_suppkey
[32m(release)[0m> 			and l3.l_receiptdate > l3.l_commitdate
[32m(release)[0m> 	)
[32m(release)[0m> 	and s_nationkey = n_nationkey
[32m(release)[0m> 	and n_name = 'SAUDI ARABIA'
[32m(release)[0m> group by
[32m(release)[0m> 	s_name
[32m(release)[0m> order by
[32m(release)[0m> 	numwait desc,
[32m(release)[0m> 	s_name;
VmRSS Change: 18446744073709551396 KB
===
4009 rows total
Execution info: [PARSE: 81 µs 150 ns, SQL TRANSLATE: 0 ns, OPTIMIZE: 0 ns, LQP TRANSLATE: 42 µs 909 ns, EXECUTE: 1 s 68 ms (wall time) | QUERY PLAN CACHE HITS: 1/1 statement(s)]
After reset, table use_count: 2
WARNING: Table still has 1 other owner(s) after pipeline reset!
Executing script file done
$:hsh mem_usage
------------------------------------------
Memory Usage Statistics:
VmSize:	216005152 kB
VmRSS:	77369228 kB
1: MemResourceStatus {MigratedColumnsAggregate,18446744073709551615,12610235929,10275988050,10275988050,0,1,N/A}
MemResourceStatus {NumaMonotonicResource,3,60000000000,1306720,1423180976,33655976732,1,33656046480}
MemResourceStatus {NumaMonotonicResource,2,60000000000,0,0,0,0,0}
MemResourceStatus {NumaMonotonicResource,1,64000000000,1039541809,3671651606,18917318200,0,18917334560}
0: MemResourceStatus {MemManagerAggregate,18446744073709551615,124000000000,1039541809,3671651606,0,0,N/A}
1: MemResourceStatus {MemManagerAggregate,18446744073709551615,60000000000,1306720,1423180976,0,1,N/A}
MemResourceStatus {DefaultResource,18446744073709551615,18446744073709551615,0,0,0,-1,N/A}
Quick Memory Usage Overview:
Used Capacity: 1039541809, 10277294770
------------------------------------------
Executing script file: /home/umeshsum/tpch_queries/21.sql
[32m(release)[0m> select
[32m(release)[0m> 	s_name,
[32m(release)[0m> 	count(*) as numwait
[32m(release)[0m> from
[32m(release)[0m> 	supplier,
[32m(release)[0m> 	lineitem l1,
[32m(release)[0m> 	orders,
[32m(release)[0m> 	nation
[32m(release)[0m> where
[32m(release)[0m> 	s_suppkey = l1.l_suppkey
[32m(release)[0m> 	and o_orderkey = l1.l_orderkey
[32m(release)[0m> 	and o_orderstatus = 'F'
[32m(release)[0m> 	and l1.l_receiptdate > l1.l_commitdate
[32m(release)[0m> 	and exists (
[32m(release)[0m> 		select
[32m(release)[0m> 			*
[32m(release)[0m> 		from
[32m(release)[0m> 			lineitem l2
[32m(release)[0m> 		where
[32m(release)[0m> 			l2.l_orderkey = l1.l_orderkey
[32m(release)[0m> 			and l2.l_suppkey <> l1.l_suppkey
[32m(release)[0m> 	)
[32m(release)[0m> 	and not exists (
[32m(release)[0m> 		select
[32m(release)[0m> 			*
[32m(release)[0m> 		from
[32m(release)[0m> 			lineitem l3
[32m(release)[0m> 		where
[32m(release)[0m> 			l3.l_orderkey = l1.l_orderkey
[32m(release)[0m> 			and l3.l_suppkey <> l1.l_suppkey
[32m(release)[0m> 			and l3.l_receiptdate > l3.l_commitdate
[32m(release)[0m> 	)
[32m(release)[0m> 	and s_nationkey = n_nationkey
[32m(release)[0m> 	and n_name = 'SAUDI ARABIA'
[32m(release)[0m> group by
[32m(release)[0m> 	s_name
[32m(release)[0m> order by
[32m(release)[0m> 	numwait desc,
[32m(release)[0m> 	s_name;
VmRSS Change: 18446744073709551452 KB
===
4009 rows total
Execution info: [PARSE: 74 µs 90 ns, SQL TRANSLATE: 0 ns, OPTIMIZE: 0 ns, LQP TRANSLATE: 40 µs 770 ns, EXECUTE: 1 s 77 ms (wall time) | QUERY PLAN CACHE HITS: 1/1 statement(s)]
After reset, table use_count: 2
WARNING: Table still has 1 other owner(s) after pipeline reset!
Executing script file done
$:hsh mem_usage
------------------------------------------
Memory Usage Statistics:
VmSize:	216005152 kB
VmRSS:	77369048 kB
1: MemResourceStatus {MigratedColumnsAggregate,18446744073709551615,12610235929,10275988050,10275988050,0,1,N/A}
MemResourceStatus {NumaMonotonicResource,3,60000000000,1306720,1423180976,38463973408,1,38464053152}
MemResourceStatus {NumaMonotonicResource,2,60000000000,0,0,0,0,0}
MemResourceStatus {NumaMonotonicResource,1,64000000000,1039541809,3671651606,18917318200,0,18917334560}
0: MemResourceStatus {MemManagerAggregate,18446744073709551615,124000000000,1039541809,3671651606,0,0,N/A}
1: MemResourceStatus {MemManagerAggregate,18446744073709551615,60000000000,1306720,1423180976,0,1,N/A}
MemResourceStatus {DefaultResource,18446744073709551615,18446744073709551615,0,0,0,-1,N/A}
Quick Memory Usage Overview:
Used Capacity: 1039541809, 10277294770
------------------------------------------
Executing script file: /home/umeshsum/tpch_queries/21.sql
[32m(release)[0m> select
[32m(release)[0m> 	s_name,
[32m(release)[0m> 	count(*) as numwait
[32m(release)[0m> from
[32m(release)[0m> 	supplier,
[32m(release)[0m> 	lineitem l1,
[32m(release)[0m> 	orders,
[32m(release)[0m> 	nation
[32m(release)[0m> where
[32m(release)[0m> 	s_suppkey = l1.l_suppkey
[32m(release)[0m> 	and o_orderkey = l1.l_orderkey
[32m(release)[0m> 	and o_orderstatus = 'F'
[32m(release)[0m> 	and l1.l_receiptdate > l1.l_commitdate
[32m(release)[0m> 	and exists (
[32m(release)[0m> 		select
[32m(release)[0m> 			*
[32m(release)[0m> 		from
[32m(release)[0m> 			lineitem l2
[32m(release)[0m> 		where
[32m(release)[0m> 			l2.l_orderkey = l1.l_orderkey
[32m(release)[0m> 			and l2.l_suppkey <> l1.l_suppkey
[32m(release)[0m> 	)
[32m(release)[0m> 	and not exists (
[32m(release)[0m> 		select
[32m(release)[0m> 			*
[32m(release)[0m> 		from
[32m(release)[0m> 			lineitem l3
[32m(release)[0m> 		where
[32m(release)[0m> 			l3.l_orderkey = l1.l_orderkey
[32m(release)[0m> 			and l3.l_suppkey <> l1.l_suppkey
[32m(release)[0m> 			and l3.l_receiptdate > l3.l_commitdate
[32m(release)[0m> 	)
[32m(release)[0m> 	and s_nationkey = n_nationkey
[32m(release)[0m> 	and n_name = 'SAUDI ARABIA'
[32m(release)[0m> group by
[32m(release)[0m> 	s_name
[32m(release)[0m> order by
[32m(release)[0m> 	numwait desc,
[32m(release)[0m> 	s_name;
VmRSS Change: 3552 KB
===
4009 rows total
Execution info: [PARSE: 71 µs 699 ns, SQL TRANSLATE: 0 ns, OPTIMIZE: 0 ns, LQP TRANSLATE: 41 µs 210 ns, EXECUTE: 1 s 115 ms (wall time) | QUERY PLAN CACHE HITS: 1/1 statement(s)]
After reset, table use_count: 2
WARNING: Table still has 1 other owner(s) after pipeline reset!
Executing script file done
$:hsh mem_usage
------------------------------------------
Memory Usage Statistics:
VmSize:	216005152 kB
VmRSS:	77372600 kB
1: MemResourceStatus {MigratedColumnsAggregate,18446744073709551615,12610235929,10275988050,10275988050,0,1,N/A}
MemResourceStatus {NumaMonotonicResource,3,60000000000,1306720,1423180976,43271970084,1,43272059840}
MemResourceStatus {NumaMonotonicResource,2,60000000000,0,0,0,0,0}
MemResourceStatus {NumaMonotonicResource,1,64000000000,1039541809,3671651606,18917318200,0,18917334560}
0: MemResourceStatus {MemManagerAggregate,18446744073709551615,124000000000,1039541809,3671651606,0,0,N/A}
1: MemResourceStatus {MemManagerAggregate,18446744073709551615,60000000000,1306720,1423180976,0,1,N/A}
MemResourceStatus {DefaultResource,18446744073709551615,18446744073709551615,0,0,0,-1,N/A}
Quick Memory Usage Overview:
Used Capacity: 1039541809, 10277294770
------------------------------------------
Executing script file: /home/umeshsum/tpch_queries/21.sql
[32m(release)[0m> select
[32m(release)[0m> 	s_name,
[32m(release)[0m> 	count(*) as numwait
[32m(release)[0m> from
[32m(release)[0m> 	supplier,
[32m(release)[0m> 	lineitem l1,
[32m(release)[0m> 	orders,
[32m(release)[0m> 	nation
[32m(release)[0m> where
[32m(release)[0m> 	s_suppkey = l1.l_suppkey
[32m(release)[0m> 	and o_orderkey = l1.l_orderkey
[32m(release)[0m> 	and o_orderstatus = 'F'
[32m(release)[0m> 	and l1.l_receiptdate > l1.l_commitdate
[32m(release)[0m> 	and exists (
[32m(release)[0m> 		select
[32m(release)[0m> 			*
[32m(release)[0m> 		from
[32m(release)[0m> 			lineitem l2
[32m(release)[0m> 		where
[32m(release)[0m> 			l2.l_orderkey = l1.l_orderkey
[32m(release)[0m> 			and l2.l_suppkey <> l1.l_suppkey
[32m(release)[0m> 	)
[32m(release)[0m> 	and not exists (
[32m(release)[0m> 		select
[32m(release)[0m> 			*
[32m(release)[0m> 		from
[32m(release)[0m> 			lineitem l3
[32m(release)[0m> 		where
[32m(release)[0m> 			l3.l_orderkey = l1.l_orderkey
[32m(release)[0m> 			and l3.l_suppkey <> l1.l_suppkey
[32m(release)[0m> 			and l3.l_receiptdate > l3.l_commitdate
[32m(release)[0m> 	)
[32m(release)[0m> 	and s_nationkey = n_nationkey
[32m(release)[0m> 	and n_name = 'SAUDI ARABIA'
[32m(release)[0m> group by
[32m(release)[0m> 	s_name
[32m(release)[0m> order by
[32m(release)[0m> 	numwait desc,
[32m(release)[0m> 	s_name;
VmRSS Change: 5092 KB
===
4009 rows total
Execution info: [PARSE: 115 µs 759 ns, SQL TRANSLATE: 0 ns, OPTIMIZE: 0 ns, LQP TRANSLATE: 39 µs 60 ns, EXECUTE: 1 s 119 ms (wall time) | QUERY PLAN CACHE HITS: 1/1 statement(s)]
After reset, table use_count: 2
WARNING: Table still has 1 other owner(s) after pipeline reset!
Executing script file done
$:hsh mem_usage
------------------------------------------
Memory Usage Statistics:
VmSize:	216005152 kB
VmRSS:	77377688 kB
1: MemResourceStatus {MigratedColumnsAggregate,18446744073709551615,12610235929,10275988050,10275988050,0,1,N/A}
MemResourceStatus {NumaMonotonicResource,3,60000000000,1306720,1423180976,48079966760,1,48080066480}
MemResourceStatus {NumaMonotonicResource,2,60000000000,0,0,0,0,0}
MemResourceStatus {NumaMonotonicResource,1,64000000000,1039541809,3671651606,18917318200,0,18917334560}
0: MemResourceStatus {MemManagerAggregate,18446744073709551615,124000000000,1039541809,3671651606,0,0,N/A}
1: MemResourceStatus {MemManagerAggregate,18446744073709551615,60000000000,1306720,1423180976,0,1,N/A}
MemResourceStatus {DefaultResource,18446744073709551615,18446744073709551615,0,0,0,-1,N/A}
Quick Memory Usage Overview:
Used Capacity: 1039541809, 10277294770
------------------------------------------
Label set to d0_tf0_q22
$:hsh clear_plan_caches
Cleared PQP and LQP caches
$:hsh clear_pipeline
Released last SQLPipeline
$:hsh reset_exec_pools
Reset execution pools (2, 3) bump pointers to start
$:hsh mem_usage
------------------------------------------
Memory Usage Statistics:
VmSize:	216005152 kB
VmRSS:	77377688 kB
1: MemResourceStatus {MigratedColumnsAggregate,18446744073709551615,12610235929,10275988050,10275988050,0,1,N/A}
MemResourceStatus {NumaMonotonicResource,3,60000000000,0,0,0,1,0}
MemResourceStatus {NumaMonotonicResource,2,60000000000,0,0,0,0,0}
MemResourceStatus {NumaMonotonicResource,1,64000000000,1039541809,3671651606,18917318200,0,18917334560}
0: MemResourceStatus {MemManagerAggregate,18446744073709551615,124000000000,1039541809,3671651606,0,0,N/A}
1: MemResourceStatus {MemManagerAggregate,18446744073709551615,60000000000,0,0,0,1,N/A}
MemResourceStatus {DefaultResource,18446744073709551615,18446744073709551615,0,0,0,-1,N/A}
Quick Memory Usage Overview:
Used Capacity: 1039541809, 10275988050
------------------------------------------
Executing script file: /home/umeshsum/tpch_queries/22.sql
[32m(release)[0m> select
[32m(release)[0m> 	cntrycode,
[32m(release)[0m> 	count(*) as numcust,
[32m(release)[0m> 	sum(c_acctbal) as totacctbal
[32m(release)[0m> from
[32m(release)[0m> 	(
[32m(release)[0m> 		select
[32m(release)[0m> 			substring(c_phone, 1, 2) as cntrycode,
[32m(release)[0m> 			c_acctbal
[32m(release)[0m> 		from
[32m(release)[0m> 			customer
[32m(release)[0m> 		where
[32m(release)[0m> 			substring(c_phone, 1, 2) in
[32m(release)[0m> 				('13', '31', '23', '29', '30', '18', '17')
[32m(release)[0m> 			and c_acctbal > (
[32m(release)[0m> 				select
[32m(release)[0m> 					avg(c_acctbal)
[32m(release)[0m> 				from
[32m(release)[0m> 					customer
[32m(release)[0m> 				where
[32m(release)[0m> 					c_acctbal > 0.00
[32m(release)[0m> 					and substring(c_phone, 1, 2) in
[32m(release)[0m> 						('13', '31', '23', '29', '30', '18', '17')
[32m(release)[0m> 			)
[32m(release)[0m> 			and not exists (
[32m(release)[0m> 				select
[32m(release)[0m> 					*
[32m(release)[0m> 				from
[32m(release)[0m> 					orders
[32m(release)[0m> 				where
[32m(release)[0m> 					o_custkey = c_custkey
[32m(release)[0m> 			)
[32m(release)[0m> 	) as custsale
[32m(release)[0m> group by
[32m(release)[0m> 	cntrycode
[32m(release)[0m> order by
[32m(release)[0m> 	cntrycode;
VmRSS Change: 80 KB
===
7 rows total
Execution info: [PARSE: 148 µs 259 ns, SQL TRANSLATE: 257 µs 818 ns, OPTIMIZE: 1 ms 564 µs, LQP TRANSLATE: 139 µs 168 ns, EXECUTE: 139 ms 366 µs (wall time) | QUERY PLAN CACHE HITS: 0/1 statement(s)]
After reset, table use_count: 2
WARNING: Table still has 1 other owner(s) after pipeline reset!
Executing script file done
$:hsh mem_usage
------------------------------------------
Memory Usage Statistics:
VmSize:	216005152 kB
VmRSS:	77377772 kB
1: MemResourceStatus {MigratedColumnsAggregate,18446744073709551615,12610235929,10275988050,10275988050,0,1,N/A}
MemResourceStatus {NumaMonotonicResource,3,60000000000,4161120,222124327,636833899,1,636836320}
MemResourceStatus {NumaMonotonicResource,2,60000000000,0,0,0,0,0}
MemResourceStatus {NumaMonotonicResource,1,64000000000,1039541809,3671651606,18917318200,0,18917334560}
0: MemResourceStatus {MemManagerAggregate,18446744073709551615,124000000000,1039541809,3671651606,0,0,N/A}
1: MemResourceStatus {MemManagerAggregate,18446744073709551615,60000000000,4161120,222124327,0,1,N/A}
MemResourceStatus {DefaultResource,18446744073709551615,18446744073709551615,0,0,0,-1,N/A}
Quick Memory Usage Overview:
Used Capacity: 1039541809, 10280149170
------------------------------------------
Executing script file: /home/umeshsum/tpch_queries/22.sql
[32m(release)[0m> select
[32m(release)[0m> 	cntrycode,
[32m(release)[0m> 	count(*) as numcust,
[32m(release)[0m> 	sum(c_acctbal) as totacctbal
[32m(release)[0m> from
[32m(release)[0m> 	(
[32m(release)[0m> 		select
[32m(release)[0m> 			substring(c_phone, 1, 2) as cntrycode,
[32m(release)[0m> 			c_acctbal
[32m(release)[0m> 		from
[32m(release)[0m> 			customer
[32m(release)[0m> 		where
[32m(release)[0m> 			substring(c_phone, 1, 2) in
[32m(release)[0m> 				('13', '31', '23', '29', '30', '18', '17')
[32m(release)[0m> 			and c_acctbal > (
[32m(release)[0m> 				select
[32m(release)[0m> 					avg(c_acctbal)
[32m(release)[0m> 				from
[32m(release)[0m> 					customer
[32m(release)[0m> 				where
[32m(release)[0m> 					c_acctbal > 0.00
[32m(release)[0m> 					and substring(c_phone, 1, 2) in
[32m(release)[0m> 						('13', '31', '23', '29', '30', '18', '17')
[32m(release)[0m> 			)
[32m(release)[0m> 			and not exists (
[32m(release)[0m> 				select
[32m(release)[0m> 					*
[32m(release)[0m> 				from
[32m(release)[0m> 					orders
[32m(release)[0m> 				where
[32m(release)[0m> 					o_custkey = c_custkey
[32m(release)[0m> 			)
[32m(release)[0m> 	) as custsale
[32m(release)[0m> group by
[32m(release)[0m> 	cntrycode
[32m(release)[0m> order by
[32m(release)[0m> 	cntrycode;
VmRSS Change: 18446744073709551592 KB
===
7 rows total
Execution info: [PARSE: 116 µs 249 ns, SQL TRANSLATE: 0 ns, OPTIMIZE: 0 ns, LQP TRANSLATE: 61 µs 40 ns, EXECUTE: 139 ms 944 µs (wall time) | QUERY PLAN CACHE HITS: 1/1 statement(s)]
After reset, table use_count: 2
WARNING: Table still has 1 other owner(s) after pipeline reset!
Executing script file done
$:hsh mem_usage
------------------------------------------
Memory Usage Statistics:
VmSize:	216005152 kB
VmRSS:	77377744 kB
1: MemResourceStatus {MigratedColumnsAggregate,18446744073709551615,12610235929,10275988050,10275988050,0,1,N/A}
MemResourceStatus {NumaMonotonicResource,3,60000000000,6748744,224711951,1273667798,1,1273672608}
MemResourceStatus {NumaMonotonicResource,2,60000000000,0,0,0,0,0}
MemResourceStatus {NumaMonotonicResource,1,64000000000,1039541809,3671651606,18917318200,0,18917334560}
0: MemResourceStatus {MemManagerAggregate,18446744073709551615,124000000000,1039541809,3671651606,0,0,N/A}
1: MemResourceStatus {MemManagerAggregate,18446744073709551615,60000000000,6748744,224711951,0,1,N/A}
MemResourceStatus {DefaultResource,18446744073709551615,18446744073709551615,0,0,0,-1,N/A}
Quick Memory Usage Overview:
Used Capacity: 1039541809, 10282736794
------------------------------------------
Executing script file: /home/umeshsum/tpch_queries/22.sql
[32m(release)[0m> select
[32m(release)[0m> 	cntrycode,
[32m(release)[0m> 	count(*) as numcust,
[32m(release)[0m> 	sum(c_acctbal) as totacctbal
[32m(release)[0m> from
[32m(release)[0m> 	(
[32m(release)[0m> 		select
[32m(release)[0m> 			substring(c_phone, 1, 2) as cntrycode,
[32m(release)[0m> 			c_acctbal
[32m(release)[0m> 		from
[32m(release)[0m> 			customer
[32m(release)[0m> 		where
[32m(release)[0m> 			substring(c_phone, 1, 2) in
[32m(release)[0m> 				('13', '31', '23', '29', '30', '18', '17')
[32m(release)[0m> 			and c_acctbal > (
[32m(release)[0m> 				select
[32m(release)[0m> 					avg(c_acctbal)
[32m(release)[0m> 				from
[32m(release)[0m> 					customer
[32m(release)[0m> 				where
[32m(release)[0m> 					c_acctbal > 0.00
[32m(release)[0m> 					and substring(c_phone, 1, 2) in
[32m(release)[0m> 						('13', '31', '23', '29', '30', '18', '17')
[32m(release)[0m> 			)
[32m(release)[0m> 			and not exists (
[32m(release)[0m> 				select
[32m(release)[0m> 					*
[32m(release)[0m> 				from
[32m(release)[0m> 					orders
[32m(release)[0m> 				where
[32m(release)[0m> 					o_custkey = c_custkey
[32m(release)[0m> 			)
[32m(release)[0m> 	) as custsale
[32m(release)[0m> group by
[32m(release)[0m> 	cntrycode
[32m(release)[0m> order by
[32m(release)[0m> 	cntrycode;
VmRSS Change: 44 KB
===
7 rows total
Execution info: [PARSE: 78 µs 479 ns, SQL TRANSLATE: 0 ns, OPTIMIZE: 0 ns, LQP TRANSLATE: 53 µs 380 ns, EXECUTE: 133 ms 797 µs (wall time) | QUERY PLAN CACHE HITS: 1/1 statement(s)]
After reset, table use_count: 2
WARNING: Table still has 1 other owner(s) after pipeline reset!
Executing script file done
$:hsh mem_usage
------------------------------------------
Memory Usage Statistics:
VmSize:	216005152 kB
VmRSS:	77377788 kB
1: MemResourceStatus {MigratedColumnsAggregate,18446744073709551615,12610235929,10275988050,10275988050,0,1,N/A}
MemResourceStatus {NumaMonotonicResource,3,60000000000,6748744,224711951,1910501697,1,1910509136}
MemResourceStatus {NumaMonotonicResource,2,60000000000,0,0,0,0,0}
MemResourceStatus {NumaMonotonicResource,1,64000000000,1039541809,3671651606,18917318200,0,18917334560}
0: MemResourceStatus {MemManagerAggregate,18446744073709551615,124000000000,1039541809,3671651606,0,0,N/A}
1: MemResourceStatus {MemManagerAggregate,18446744073709551615,60000000000,6748744,224711951,0,1,N/A}
MemResourceStatus {DefaultResource,18446744073709551615,18446744073709551615,0,0,0,-1,N/A}
Quick Memory Usage Overview:
Used Capacity: 1039541809, 10282736794
------------------------------------------
Executing script file: /home/umeshsum/tpch_queries/22.sql
[32m(release)[0m> select
[32m(release)[0m> 	cntrycode,
[32m(release)[0m> 	count(*) as numcust,
[32m(release)[0m> 	sum(c_acctbal) as totacctbal
[32m(release)[0m> from
[32m(release)[0m> 	(
[32m(release)[0m> 		select
[32m(release)[0m> 			substring(c_phone, 1, 2) as cntrycode,
[32m(release)[0m> 			c_acctbal
[32m(release)[0m> 		from
[32m(release)[0m> 			customer
[32m(release)[0m> 		where
[32m(release)[0m> 			substring(c_phone, 1, 2) in
[32m(release)[0m> 				('13', '31', '23', '29', '30', '18', '17')
[32m(release)[0m> 			and c_acctbal > (
[32m(release)[0m> 				select
[32m(release)[0m> 					avg(c_acctbal)
[32m(release)[0m> 				from
[32m(release)[0m> 					customer
[32m(release)[0m> 				where
[32m(release)[0m> 					c_acctbal > 0.00
[32m(release)[0m> 					and substring(c_phone, 1, 2) in
[32m(release)[0m> 						('13', '31', '23', '29', '30', '18', '17')
[32m(release)[0m> 			)
[32m(release)[0m> 			and not exists (
[32m(release)[0m> 				select
[32m(release)[0m> 					*
[32m(release)[0m> 				from
[32m(release)[0m> 					orders
[32m(release)[0m> 				where
[32m(release)[0m> 					o_custkey = c_custkey
[32m(release)[0m> 			)
[32m(release)[0m> 	) as custsale
[32m(release)[0m> group by
[32m(release)[0m> 	cntrycode
[32m(release)[0m> order by
[32m(release)[0m> 	cntrycode;
VmRSS Change: 18446744073709551600 KB
===
7 rows total
Execution info: [PARSE: 79 µs 269 ns, SQL TRANSLATE: 0 ns, OPTIMIZE: 0 ns, LQP TRANSLATE: 55 µs 10 ns, EXECUTE: 145 ms 62 µs (wall time) | QUERY PLAN CACHE HITS: 1/1 statement(s)]
After reset, table use_count: 2
WARNING: Table still has 1 other owner(s) after pipeline reset!
Executing script file done
$:hsh mem_usage
------------------------------------------
Memory Usage Statistics:
VmSize:	216005152 kB
VmRSS:	77377772 kB
1: MemResourceStatus {MigratedColumnsAggregate,18446744073709551615,12610235929,10275988050,10275988050,0,1,N/A}
MemResourceStatus {NumaMonotonicResource,3,60000000000,6748744,224711951,2547335596,1,2547345632}
MemResourceStatus {NumaMonotonicResource,2,60000000000,0,0,0,0,0}
MemResourceStatus {NumaMonotonicResource,1,64000000000,1039541809,3671651606,18917318200,0,18917334560}
0: MemResourceStatus {MemManagerAggregate,18446744073709551615,124000000000,1039541809,3671651606,0,0,N/A}
1: MemResourceStatus {MemManagerAggregate,18446744073709551615,60000000000,6748744,224711951,0,1,N/A}
MemResourceStatus {DefaultResource,18446744073709551615,18446744073709551615,0,0,0,-1,N/A}
Quick Memory Usage Overview:
Used Capacity: 1039541809, 10282736794
------------------------------------------
Executing script file: /home/umeshsum/tpch_queries/22.sql
[32m(release)[0m> select
[32m(release)[0m> 	cntrycode,
[32m(release)[0m> 	count(*) as numcust,
[32m(release)[0m> 	sum(c_acctbal) as totacctbal
[32m(release)[0m> from
[32m(release)[0m> 	(
[32m(release)[0m> 		select
[32m(release)[0m> 			substring(c_phone, 1, 2) as cntrycode,
[32m(release)[0m> 			c_acctbal
[32m(release)[0m> 		from
[32m(release)[0m> 			customer
[32m(release)[0m> 		where
[32m(release)[0m> 			substring(c_phone, 1, 2) in
[32m(release)[0m> 				('13', '31', '23', '29', '30', '18', '17')
[32m(release)[0m> 			and c_acctbal > (
[32m(release)[0m> 				select
[32m(release)[0m> 					avg(c_acctbal)
[32m(release)[0m> 				from
[32m(release)[0m> 					customer
[32m(release)[0m> 				where
[32m(release)[0m> 					c_acctbal > 0.00
[32m(release)[0m> 					and substring(c_phone, 1, 2) in
[32m(release)[0m> 						('13', '31', '23', '29', '30', '18', '17')
[32m(release)[0m> 			)
[32m(release)[0m> 			and not exists (
[32m(release)[0m> 				select
[32m(release)[0m> 					*
[32m(release)[0m> 				from
[32m(release)[0m> 					orders
[32m(release)[0m> 				where
[32m(release)[0m> 					o_custkey = c_custkey
[32m(release)[0m> 			)
[32m(release)[0m> 	) as custsale
[32m(release)[0m> group by
[32m(release)[0m> 	cntrycode
[32m(release)[0m> order by
[32m(release)[0m> 	cntrycode;
VmRSS Change: 0 KB
===
7 rows total
Execution info: [PARSE: 80 µs 369 ns, SQL TRANSLATE: 0 ns, OPTIMIZE: 0 ns, LQP TRANSLATE: 55 µs 79 ns, EXECUTE: 145 ms 784 µs (wall time) | QUERY PLAN CACHE HITS: 1/1 statement(s)]
After reset, table use_count: 2
WARNING: Table still has 1 other owner(s) after pipeline reset!
Executing script file done
$:hsh mem_usage
------------------------------------------
Memory Usage Statistics:
VmSize:	216005152 kB
VmRSS:	77377772 kB
1: MemResourceStatus {MigratedColumnsAggregate,18446744073709551615,12610235929,10275988050,10275988050,0,1,N/A}
MemResourceStatus {NumaMonotonicResource,3,60000000000,6748744,224711951,3184169495,1,3184182016}
MemResourceStatus {NumaMonotonicResource,2,60000000000,0,0,0,0,0}
MemResourceStatus {NumaMonotonicResource,1,64000000000,1039541809,3671651606,18917318200,0,18917334560}
0: MemResourceStatus {MemManagerAggregate,18446744073709551615,124000000000,1039541809,3671651606,0,0,N/A}
1: MemResourceStatus {MemManagerAggregate,18446744073709551615,60000000000,6748744,224711951,0,1,N/A}
MemResourceStatus {DefaultResource,18446744073709551615,18446744073709551615,0,0,0,-1,N/A}
Quick Memory Usage Overview:
Used Capacity: 1039541809, 10282736794
------------------------------------------
Executing script file: /home/umeshsum/tpch_queries/22.sql
[32m(release)[0m> select
[32m(release)[0m> 	cntrycode,
[32m(release)[0m> 	count(*) as numcust,
[32m(release)[0m> 	sum(c_acctbal) as totacctbal
[32m(release)[0m> from
[32m(release)[0m> 	(
[32m(release)[0m> 		select
[32m(release)[0m> 			substring(c_phone, 1, 2) as cntrycode,
[32m(release)[0m> 			c_acctbal
[32m(release)[0m> 		from
[32m(release)[0m> 			customer
[32m(release)[0m> 		where
[32m(release)[0m> 			substring(c_phone, 1, 2) in
[32m(release)[0m> 				('13', '31', '23', '29', '30', '18', '17')
[32m(release)[0m> 			and c_acctbal > (
[32m(release)[0m> 				select
[32m(release)[0m> 					avg(c_acctbal)
[32m(release)[0m> 				from
[32m(release)[0m> 					customer
[32m(release)[0m> 				where
[32m(release)[0m> 					c_acctbal > 0.00
[32m(release)[0m> 					and substring(c_phone, 1, 2) in
[32m(release)[0m> 						('13', '31', '23', '29', '30', '18', '17')
[32m(release)[0m> 			)
[32m(release)[0m> 			and not exists (
[32m(release)[0m> 				select
[32m(release)[0m> 					*
[32m(release)[0m> 				from
[32m(release)[0m> 					orders
[32m(release)[0m> 				where
[32m(release)[0m> 					o_custkey = c_custkey
[32m(release)[0m> 			)
[32m(release)[0m> 	) as custsale
[32m(release)[0m> group by
[32m(release)[0m> 	cntrycode
[32m(release)[0m> order by
[32m(release)[0m> 	cntrycode;
VmRSS Change: 18446744073709551512 KB
===
7 rows total
Execution info: [PARSE: 79 µs 189 ns, SQL TRANSLATE: 0 ns, OPTIMIZE: 0 ns, LQP TRANSLATE: 52 µs 340 ns, EXECUTE: 144 ms 401 µs (wall time) | QUERY PLAN CACHE HITS: 1/1 statement(s)]
After reset, table use_count: 2
WARNING: Table still has 1 other owner(s) after pipeline reset!
Executing script file done
$:hsh mem_usage
------------------------------------------
Memory Usage Statistics:
VmSize:	216005152 kB
VmRSS:	77377668 kB
1: MemResourceStatus {MigratedColumnsAggregate,18446744073709551615,12610235929,10275988050,10275988050,0,1,N/A}
MemResourceStatus {NumaMonotonicResource,3,60000000000,6748744,224711951,3821003394,1,3821018448}
MemResourceStatus {NumaMonotonicResource,2,60000000000,0,0,0,0,0}
MemResourceStatus {NumaMonotonicResource,1,64000000000,1039541809,3671651606,18917318200,0,18917334560}
0: MemResourceStatus {MemManagerAggregate,18446744073709551615,124000000000,1039541809,3671651606,0,0,N/A}
1: MemResourceStatus {MemManagerAggregate,18446744073709551615,60000000000,6748744,224711951,0,1,N/A}
MemResourceStatus {DefaultResource,18446744073709551615,18446744073709551615,0,0,0,-1,N/A}
Quick Memory Usage Overview:
Used Capacity: 1039541809, 10282736794
------------------------------------------
Executing script file: /home/umeshsum/tpch_queries/22.sql
[32m(release)[0m> select
[32m(release)[0m> 	cntrycode,
[32m(release)[0m> 	count(*) as numcust,
[32m(release)[0m> 	sum(c_acctbal) as totacctbal
[32m(release)[0m> from
[32m(release)[0m> 	(
[32m(release)[0m> 		select
[32m(release)[0m> 			substring(c_phone, 1, 2) as cntrycode,
[32m(release)[0m> 			c_acctbal
[32m(release)[0m> 		from
[32m(release)[0m> 			customer
[32m(release)[0m> 		where
[32m(release)[0m> 			substring(c_phone, 1, 2) in
[32m(release)[0m> 				('13', '31', '23', '29', '30', '18', '17')
[32m(release)[0m> 			and c_acctbal > (
[32m(release)[0m> 				select
[32m(release)[0m> 					avg(c_acctbal)
[32m(release)[0m> 				from
[32m(release)[0m> 					customer
[32m(release)[0m> 				where
[32m(release)[0m> 					c_acctbal > 0.00
[32m(release)[0m> 					and substring(c_phone, 1, 2) in
[32m(release)[0m> 						('13', '31', '23', '29', '30', '18', '17')
[32m(release)[0m> 			)
[32m(release)[0m> 			and not exists (
[32m(release)[0m> 				select
[32m(release)[0m> 					*
[32m(release)[0m> 				from
[32m(release)[0m> 					orders
[32m(release)[0m> 				where
[32m(release)[0m> 					o_custkey = c_custkey
[32m(release)[0m> 			)
[32m(release)[0m> 	) as custsale
[32m(release)[0m> group by
[32m(release)[0m> 	cntrycode
[32m(release)[0m> order by
[32m(release)[0m> 	cntrycode;
VmRSS Change: 18446744073709551588 KB
===
7 rows total
Execution info: [PARSE: 80 µs 520 ns, SQL TRANSLATE: 0 ns, OPTIMIZE: 0 ns, LQP TRANSLATE: 53 µs 739 ns, EXECUTE: 143 ms 78 µs (wall time) | QUERY PLAN CACHE HITS: 1/1 statement(s)]
After reset, table use_count: 2
WARNING: Table still has 1 other owner(s) after pipeline reset!
Executing script file done
$:hsh mem_usage
------------------------------------------
Memory Usage Statistics:
VmSize:	216005152 kB
VmRSS:	77377640 kB
1: MemResourceStatus {MigratedColumnsAggregate,18446744073709551615,12610235929,10275988050,10275988050,0,1,N/A}
MemResourceStatus {NumaMonotonicResource,3,60000000000,6748744,224711951,4457837293,1,4457854880}
MemResourceStatus {NumaMonotonicResource,2,60000000000,0,0,0,0,0}
MemResourceStatus {NumaMonotonicResource,1,64000000000,1039541809,3671651606,18917318200,0,18917334560}
0: MemResourceStatus {MemManagerAggregate,18446744073709551615,124000000000,1039541809,3671651606,0,0,N/A}
1: MemResourceStatus {MemManagerAggregate,18446744073709551615,60000000000,6748744,224711951,0,1,N/A}
MemResourceStatus {DefaultResource,18446744073709551615,18446744073709551615,0,0,0,-1,N/A}
Quick Memory Usage Overview:
Used Capacity: 1039541809, 10282736794
------------------------------------------
Executing script file: /home/umeshsum/tpch_queries/22.sql
[32m(release)[0m> select
[32m(release)[0m> 	cntrycode,
[32m(release)[0m> 	count(*) as numcust,
[32m(release)[0m> 	sum(c_acctbal) as totacctbal
[32m(release)[0m> from
[32m(release)[0m> 	(
[32m(release)[0m> 		select
[32m(release)[0m> 			substring(c_phone, 1, 2) as cntrycode,
[32m(release)[0m> 			c_acctbal
[32m(release)[0m> 		from
[32m(release)[0m> 			customer
[32m(release)[0m> 		where
[32m(release)[0m> 			substring(c_phone, 1, 2) in
[32m(release)[0m> 				('13', '31', '23', '29', '30', '18', '17')
[32m(release)[0m> 			and c_acctbal > (
[32m(release)[0m> 				select
[32m(release)[0m> 					avg(c_acctbal)
[32m(release)[0m> 				from
[32m(release)[0m> 					customer
[32m(release)[0m> 				where
[32m(release)[0m> 					c_acctbal > 0.00
[32m(release)[0m> 					and substring(c_phone, 1, 2) in
[32m(release)[0m> 						('13', '31', '23', '29', '30', '18', '17')
[32m(release)[0m> 			)
[32m(release)[0m> 			and not exists (
[32m(release)[0m> 				select
[32m(release)[0m> 					*
[32m(release)[0m> 				from
[32m(release)[0m> 					orders
[32m(release)[0m> 				where
[32m(release)[0m> 					o_custkey = c_custkey
[32m(release)[0m> 			)
[32m(release)[0m> 	) as custsale
[32m(release)[0m> group by
[32m(release)[0m> 	cntrycode
[32m(release)[0m> order by
[32m(release)[0m> 	cntrycode;
VmRSS Change: 18446744073709551564 KB
===
7 rows total
Execution info: [PARSE: 90 µs 29 ns, SQL TRANSLATE: 0 ns, OPTIMIZE: 0 ns, LQP TRANSLATE: 54 µs 50 ns, EXECUTE: 135 ms 509 µs (wall time) | QUERY PLAN CACHE HITS: 1/1 statement(s)]
After reset, table use_count: 2
WARNING: Table still has 1 other owner(s) after pipeline reset!
Executing script file done
$:hsh mem_usage
------------------------------------------
Memory Usage Statistics:
VmSize:	216005152 kB
VmRSS:	77377588 kB
1: MemResourceStatus {MigratedColumnsAggregate,18446744073709551615,12610235929,10275988050,10275988050,0,1,N/A}
MemResourceStatus {NumaMonotonicResource,3,60000000000,6748744,224711951,5094671192,1,5094691296}
MemResourceStatus {NumaMonotonicResource,2,60000000000,0,0,0,0,0}
MemResourceStatus {NumaMonotonicResource,1,64000000000,1039541809,3671651606,18917318200,0,18917334560}
0: MemResourceStatus {MemManagerAggregate,18446744073709551615,124000000000,1039541809,3671651606,0,0,N/A}
1: MemResourceStatus {MemManagerAggregate,18446744073709551615,60000000000,6748744,224711951,0,1,N/A}
MemResourceStatus {DefaultResource,18446744073709551615,18446744073709551615,0,0,0,-1,N/A}
Quick Memory Usage Overview:
Used Capacity: 1039541809, 10282736794
------------------------------------------
Executing script file: /home/umeshsum/tpch_queries/22.sql
[32m(release)[0m> select
[32m(release)[0m> 	cntrycode,
[32m(release)[0m> 	count(*) as numcust,
[32m(release)[0m> 	sum(c_acctbal) as totacctbal
[32m(release)[0m> from
[32m(release)[0m> 	(
[32m(release)[0m> 		select
[32m(release)[0m> 			substring(c_phone, 1, 2) as cntrycode,
[32m(release)[0m> 			c_acctbal
[32m(release)[0m> 		from
[32m(release)[0m> 			customer
[32m(release)[0m> 		where
[32m(release)[0m> 			substring(c_phone, 1, 2) in
[32m(release)[0m> 				('13', '31', '23', '29', '30', '18', '17')
[32m(release)[0m> 			and c_acctbal > (
[32m(release)[0m> 				select
[32m(release)[0m> 					avg(c_acctbal)
[32m(release)[0m> 				from
[32m(release)[0m> 					customer
[32m(release)[0m> 				where
[32m(release)[0m> 					c_acctbal > 0.00
[32m(release)[0m> 					and substring(c_phone, 1, 2) in
[32m(release)[0m> 						('13', '31', '23', '29', '30', '18', '17')
[32m(release)[0m> 			)
[32m(release)[0m> 			and not exists (
[32m(release)[0m> 				select
[32m(release)[0m> 					*
[32m(release)[0m> 				from
[32m(release)[0m> 					orders
[32m(release)[0m> 				where
[32m(release)[0m> 					o_custkey = c_custkey
[32m(release)[0m> 			)
[32m(release)[0m> 	) as custsale
[32m(release)[0m> group by
[32m(release)[0m> 	cntrycode
[32m(release)[0m> order by
[32m(release)[0m> 	cntrycode;
VmRSS Change: 18446744073709551412 KB
===
7 rows total
Execution info: [PARSE: 87 µs 979 ns, SQL TRANSLATE: 0 ns, OPTIMIZE: 0 ns, LQP TRANSLATE: 52 µs 399 ns, EXECUTE: 136 ms 85 µs (wall time) | QUERY PLAN CACHE HITS: 1/1 statement(s)]
After reset, table use_count: 2
WARNING: Table still has 1 other owner(s) after pipeline reset!
Executing script file done
$:hsh mem_usage
------------------------------------------
Memory Usage Statistics:
VmSize:	216005152 kB
VmRSS:	77377384 kB
1: MemResourceStatus {MigratedColumnsAggregate,18446744073709551615,12610235929,10275988050,10275988050,0,1,N/A}
MemResourceStatus {NumaMonotonicResource,3,60000000000,6748744,224711951,5731505091,1,5731527616}
MemResourceStatus {NumaMonotonicResource,2,60000000000,0,0,0,0,0}
MemResourceStatus {NumaMonotonicResource,1,64000000000,1039541809,3671651606,18917318200,0,18917334560}
0: MemResourceStatus {MemManagerAggregate,18446744073709551615,124000000000,1039541809,3671651606,0,0,N/A}
1: MemResourceStatus {MemManagerAggregate,18446744073709551615,60000000000,6748744,224711951,0,1,N/A}
MemResourceStatus {DefaultResource,18446744073709551615,18446744073709551615,0,0,0,-1,N/A}
Quick Memory Usage Overview:
Used Capacity: 1039541809, 10282736794
------------------------------------------
Executing script file: /home/umeshsum/tpch_queries/22.sql
[32m(release)[0m> select
[32m(release)[0m> 	cntrycode,
[32m(release)[0m> 	count(*) as numcust,
[32m(release)[0m> 	sum(c_acctbal) as totacctbal
[32m(release)[0m> from
[32m(release)[0m> 	(
[32m(release)[0m> 		select
[32m(release)[0m> 			substring(c_phone, 1, 2) as cntrycode,
[32m(release)[0m> 			c_acctbal
[32m(release)[0m> 		from
[32m(release)[0m> 			customer
[32m(release)[0m> 		where
[32m(release)[0m> 			substring(c_phone, 1, 2) in
[32m(release)[0m> 				('13', '31', '23', '29', '30', '18', '17')
[32m(release)[0m> 			and c_acctbal > (
[32m(release)[0m> 				select
[32m(release)[0m> 					avg(c_acctbal)
[32m(release)[0m> 				from
[32m(release)[0m> 					customer
[32m(release)[0m> 				where
[32m(release)[0m> 					c_acctbal > 0.00
[32m(release)[0m> 					and substring(c_phone, 1, 2) in
[32m(release)[0m> 						('13', '31', '23', '29', '30', '18', '17')
[32m(release)[0m> 			)
[32m(release)[0m> 			and not exists (
[32m(release)[0m> 				select
[32m(release)[0m> 					*
[32m(release)[0m> 				from
[32m(release)[0m> 					orders
[32m(release)[0m> 				where
[32m(release)[0m> 					o_custkey = c_custkey
[32m(release)[0m> 			)
[32m(release)[0m> 	) as custsale
[32m(release)[0m> group by
[32m(release)[0m> 	cntrycode
[32m(release)[0m> order by
[32m(release)[0m> 	cntrycode;
VmRSS Change: 16 KB
===
7 rows total
Execution info: [PARSE: 77 µs 559 ns, SQL TRANSLATE: 0 ns, OPTIMIZE: 0 ns, LQP TRANSLATE: 54 µs 910 ns, EXECUTE: 143 ms 235 µs (wall time) | QUERY PLAN CACHE HITS: 1/1 statement(s)]
After reset, table use_count: 2
WARNING: Table still has 1 other owner(s) after pipeline reset!
Executing script file done
$:hsh mem_usage
------------------------------------------
Memory Usage Statistics:
VmSize:	216005152 kB
VmRSS:	77377400 kB
1: MemResourceStatus {MigratedColumnsAggregate,18446744073709551615,12610235929,10275988050,10275988050,0,1,N/A}
MemResourceStatus {NumaMonotonicResource,3,60000000000,6748744,224711951,6368338990,1,6368363920}
MemResourceStatus {NumaMonotonicResource,2,60000000000,0,0,0,0,0}
MemResourceStatus {NumaMonotonicResource,1,64000000000,1039541809,3671651606,18917318200,0,18917334560}
0: MemResourceStatus {MemManagerAggregate,18446744073709551615,124000000000,1039541809,3671651606,0,0,N/A}
1: MemResourceStatus {MemManagerAggregate,18446744073709551615,60000000000,6748744,224711951,0,1,N/A}
MemResourceStatus {DefaultResource,18446744073709551615,18446744073709551615,0,0,0,-1,N/A}
Quick Memory Usage Overview:
Used Capacity: 1039541809, 10282736794
------------------------------------------
Label set to d0_tf0_q2
$:hsh clear_plan_caches
Cleared PQP and LQP caches
$:hsh clear_pipeline
Released last SQLPipeline
$:hsh reset_exec_pools
Reset execution pools (2, 3) bump pointers to start
$:hsh mem_usage
------------------------------------------
Memory Usage Statistics:
VmSize:	216005152 kB
VmRSS:	77377400 kB
1: MemResourceStatus {MigratedColumnsAggregate,18446744073709551615,12610235929,10275988050,10275988050,0,1,N/A}
MemResourceStatus {NumaMonotonicResource,3,60000000000,0,0,0,1,0}
MemResourceStatus {NumaMonotonicResource,2,60000000000,0,0,0,0,0}
MemResourceStatus {NumaMonotonicResource,1,64000000000,1039541809,3671651606,18917318200,0,18917334560}
0: MemResourceStatus {MemManagerAggregate,18446744073709551615,124000000000,1039541809,3671651606,0,0,N/A}
1: MemResourceStatus {MemManagerAggregate,18446744073709551615,60000000000,0,0,0,1,N/A}
MemResourceStatus {DefaultResource,18446744073709551615,18446744073709551615,0,0,0,-1,N/A}
Quick Memory Usage Overview:
Used Capacity: 1039541809, 10275988050
------------------------------------------
Executing script file: /home/umeshsum/tpch_queries/2.sql
[32m(release)[0m> select
[32m(release)[0m> 	s_acctbal,
[32m(release)[0m> 	s_name,
[32m(release)[0m> 	n_name,
[32m(release)[0m> 	p_partkey,
[32m(release)[0m> 	p_mfgr,
[32m(release)[0m> 	s_address,
[32m(release)[0m> 	s_phone,
[32m(release)[0m> 	s_comment
[32m(release)[0m> from
[32m(release)[0m> 	part,
[32m(release)[0m> 	supplier,
[32m(release)[0m> 	partsupp,
[32m(release)[0m> 	nation,
[32m(release)[0m> 	region
[32m(release)[0m> where
[32m(release)[0m> 	p_partkey = ps_partkey
[32m(release)[0m> 	and s_suppkey = ps_suppkey
[32m(release)[0m> 	and p_size = 15
[32m(release)[0m> 	and p_type like '%BRASS'
[32m(release)[0m> 	and s_nationkey = n_nationkey
[32m(release)[0m> 	and n_regionkey = r_regionkey
[32m(release)[0m> 	and r_name = 'EUROPE'
[32m(release)[0m> 	and ps_supplycost = (
[32m(release)[0m> 		select
[32m(release)[0m> 			min(ps_supplycost)
[32m(release)[0m> 		from
[32m(release)[0m> 			partsupp,
[32m(release)[0m> 			supplier,
[32m(release)[0m> 			nation,
[32m(release)[0m> 			region
[32m(release)[0m> 		where
[32m(release)[0m> 			p_partkey = ps_partkey
[32m(release)[0m> 			and s_suppkey = ps_suppkey
[32m(release)[0m> 			and s_nationkey = n_nationkey
[32m(release)[0m> 			and n_regionkey = r_regionkey
[32m(release)[0m> 			and r_name = 'EUROPE'
[32m(release)[0m> 	)
[32m(release)[0m> order by
[32m(release)[0m> 	s_acctbal desc,
[32m(release)[0m> 	n_name,
[32m(release)[0m> 	s_name,
[32m(release)[0m> 	p_partkey;
VmRSS Change: 540 KB
===
4667 rows total
Execution info: [PARSE: 69 µs 390 ns, SQL TRANSLATE: 288 µs 417 ns, OPTIMIZE: 11 ms 290 µs, LQP TRANSLATE: 330 µs 717 ns, EXECUTE: 18 ms 857 µs (wall time) | QUERY PLAN CACHE HITS: 0/1 statement(s)]
After reset, table use_count: 2
WARNING: Table still has 1 other owner(s) after pipeline reset!
Executing script file done
$:hsh mem_usage
------------------------------------------
Memory Usage Statistics:
VmSize:	216005152 kB
VmRSS:	77377992 kB
1: MemResourceStatus {MigratedColumnsAggregate,18446744073709551615,12610235929,10275988050,10275988050,0,1,N/A}
MemResourceStatus {NumaMonotonicResource,3,60000000000,4260324,161047472,233599266,1,233600032}
MemResourceStatus {NumaMonotonicResource,2,60000000000,0,0,0,0,0}
MemResourceStatus {NumaMonotonicResource,1,64000000000,1039541809,3671651606,18917318200,0,18917334560}
0: MemResourceStatus {MemManagerAggregate,18446744073709551615,124000000000,1039541809,3671651606,0,0,N/A}
1: MemResourceStatus {MemManagerAggregate,18446744073709551615,60000000000,4260324,161047472,0,1,N/A}
MemResourceStatus {DefaultResource,18446744073709551615,18446744073709551615,0,0,0,-1,N/A}
Quick Memory Usage Overview:
Used Capacity: 1039541809, 10280248374
------------------------------------------
Executing script file: /home/umeshsum/tpch_queries/2.sql
[32m(release)[0m> select
[32m(release)[0m> 	s_acctbal,
[32m(release)[0m> 	s_name,
[32m(release)[0m> 	n_name,
[32m(release)[0m> 	p_partkey,
[32m(release)[0m> 	p_mfgr,
[32m(release)[0m> 	s_address,
[32m(release)[0m> 	s_phone,
[32m(release)[0m> 	s_comment
[32m(release)[0m> from
[32m(release)[0m> 	part,
[32m(release)[0m> 	supplier,
[32m(release)[0m> 	partsupp,
[32m(release)[0m> 	nation,
[32m(release)[0m> 	region
[32m(release)[0m> where
[32m(release)[0m> 	p_partkey = ps_partkey
[32m(release)[0m> 	and s_suppkey = ps_suppkey
[32m(release)[0m> 	and p_size = 15
[32m(release)[0m> 	and p_type like '%BRASS'
[32m(release)[0m> 	and s_nationkey = n_nationkey
[32m(release)[0m> 	and n_regionkey = r_regionkey
[32m(release)[0m> 	and r_name = 'EUROPE'
[32m(release)[0m> 	and ps_supplycost = (
[32m(release)[0m> 		select
[32m(release)[0m> 			min(ps_supplycost)
[32m(release)[0m> 		from
[32m(release)[0m> 			partsupp,
[32m(release)[0m> 			supplier,
[32m(release)[0m> 			nation,
[32m(release)[0m> 			region
[32m(release)[0m> 		where
[32m(release)[0m> 			p_partkey = ps_partkey
[32m(release)[0m> 			and s_suppkey = ps_suppkey
[32m(release)[0m> 			and s_nationkey = n_nationkey
[32m(release)[0m> 			and n_regionkey = r_regionkey
[32m(release)[0m> 			and r_name = 'EUROPE'
[32m(release)[0m> 	)
[32m(release)[0m> order by
[32m(release)[0m> 	s_acctbal desc,
[32m(release)[0m> 	n_name,
[32m(release)[0m> 	s_name,
[32m(release)[0m> 	p_partkey;
VmRSS Change: 124 KB
===
4667 rows total
Execution info: [PARSE: 69 µs 589 ns, SQL TRANSLATE: 0 ns, OPTIMIZE: 0 ns, LQP TRANSLATE: 52 µs 279 ns, EXECUTE: 21 ms 622 µs (wall time) | QUERY PLAN CACHE HITS: 1/1 statement(s)]
After reset, table use_count: 2
WARNING: Table still has 1 other owner(s) after pipeline reset!
Executing script file done
$:hsh mem_usage
------------------------------------------
Memory Usage Statistics:
VmSize:	216005152 kB
VmRSS:	77378128 kB
1: MemResourceStatus {MigratedColumnsAggregate,18446744073709551615,12610235929,10275988050,10275988050,0,1,N/A}
MemResourceStatus {NumaMonotonicResource,3,60000000000,4322712,161109860,467024228,1,467025792}
MemResourceStatus {NumaMonotonicResource,2,60000000000,0,0,0,0,0}
MemResourceStatus {NumaMonotonicResource,1,64000000000,1039541809,3671651606,18917318200,0,18917334560}
0: MemResourceStatus {MemManagerAggregate,18446744073709551615,124000000000,1039541809,3671651606,0,0,N/A}
1: MemResourceStatus {MemManagerAggregate,18446744073709551615,60000000000,4322712,161109860,0,1,N/A}
MemResourceStatus {DefaultResource,18446744073709551615,18446744073709551615,0,0,0,-1,N/A}
Quick Memory Usage Overview:
Used Capacity: 1039541809, 10280310762
------------------------------------------
Executing script file: /home/umeshsum/tpch_queries/2.sql
[32m(release)[0m> select
[32m(release)[0m> 	s_acctbal,
[32m(release)[0m> 	s_name,
[32m(release)[0m> 	n_name,
[32m(release)[0m> 	p_partkey,
[32m(release)[0m> 	p_mfgr,
[32m(release)[0m> 	s_address,
[32m(release)[0m> 	s_phone,
[32m(release)[0m> 	s_comment
[32m(release)[0m> from
[32m(release)[0m> 	part,
[32m(release)[0m> 	supplier,
[32m(release)[0m> 	partsupp,
[32m(release)[0m> 	nation,
[32m(release)[0m> 	region
[32m(release)[0m> where
[32m(release)[0m> 	p_partkey = ps_partkey
[32m(release)[0m> 	and s_suppkey = ps_suppkey
[32m(release)[0m> 	and p_size = 15
[32m(release)[0m> 	and p_type like '%BRASS'
[32m(release)[0m> 	and s_nationkey = n_nationkey
[32m(release)[0m> 	and n_regionkey = r_regionkey
[32m(release)[0m> 	and r_name = 'EUROPE'
[32m(release)[0m> 	and ps_supplycost = (
[32m(release)[0m> 		select
[32m(release)[0m> 			min(ps_supplycost)
[32m(release)[0m> 		from
[32m(release)[0m> 			partsupp,
[32m(release)[0m> 			supplier,
[32m(release)[0m> 			nation,
[32m(release)[0m> 			region
[32m(release)[0m> 		where
[32m(release)[0m> 			p_partkey = ps_partkey
[32m(release)[0m> 			and s_suppkey = ps_suppkey
[32m(release)[0m> 			and s_nationkey = n_nationkey
[32m(release)[0m> 			and n_regionkey = r_regionkey
[32m(release)[0m> 			and r_name = 'EUROPE'
[32m(release)[0m> 	)
[32m(release)[0m> order by
[32m(release)[0m> 	s_acctbal desc,
[32m(release)[0m> 	n_name,
[32m(release)[0m> 	s_name,
[32m(release)[0m> 	p_partkey;
VmRSS Change: 4 KB
===
4667 rows total
Execution info: [PARSE: 62 µs 540 ns, SQL TRANSLATE: 0 ns, OPTIMIZE: 0 ns, LQP TRANSLATE: 37 µs 929 ns, EXECUTE: 20 ms 203 µs (wall time) | QUERY PLAN CACHE HITS: 1/1 statement(s)]
After reset, table use_count: 2
WARNING: Table still has 1 other owner(s) after pipeline reset!
Executing script file done
$:hsh mem_usage
------------------------------------------
Memory Usage Statistics:
VmSize:	216005152 kB
VmRSS:	77378132 kB
1: MemResourceStatus {MigratedColumnsAggregate,18446744073709551615,12610235929,10275988050,10275988050,0,1,N/A}
MemResourceStatus {NumaMonotonicResource,3,60000000000,4322712,161109860,700623494,1,700625840}
MemResourceStatus {NumaMonotonicResource,2,60000000000,0,0,0,0,0}
MemResourceStatus {NumaMonotonicResource,1,64000000000,1039541809,3671651606,18917318200,0,18917334560}
0: MemResourceStatus {MemManagerAggregate,18446744073709551615,124000000000,1039541809,3671651606,0,0,N/A}
1: MemResourceStatus {MemManagerAggregate,18446744073709551615,60000000000,4322712,161109860,0,1,N/A}
MemResourceStatus {DefaultResource,18446744073709551615,18446744073709551615,0,0,0,-1,N/A}
Quick Memory Usage Overview:
Used Capacity: 1039541809, 10280310762
------------------------------------------
Executing script file: /home/umeshsum/tpch_queries/2.sql
[32m(release)[0m> select
[32m(release)[0m> 	s_acctbal,
[32m(release)[0m> 	s_name,
[32m(release)[0m> 	n_name,
[32m(release)[0m> 	p_partkey,
[32m(release)[0m> 	p_mfgr,
[32m(release)[0m> 	s_address,
[32m(release)[0m> 	s_phone,
[32m(release)[0m> 	s_comment
[32m(release)[0m> from
[32m(release)[0m> 	part,
[32m(release)[0m> 	supplier,
[32m(release)[0m> 	partsupp,
[32m(release)[0m> 	nation,
[32m(release)[0m> 	region
[32m(release)[0m> where
[32m(release)[0m> 	p_partkey = ps_partkey
[32m(release)[0m> 	and s_suppkey = ps_suppkey
[32m(release)[0m> 	and p_size = 15
[32m(release)[0m> 	and p_type like '%BRASS'
[32m(release)[0m> 	and s_nationkey = n_nationkey
[32m(release)[0m> 	and n_regionkey = r_regionkey
[32m(release)[0m> 	and r_name = 'EUROPE'
[32m(release)[0m> 	and ps_supplycost = (
[32m(release)[0m> 		select
[32m(release)[0m> 			min(ps_supplycost)
[32m(release)[0m> 		from
[32m(release)[0m> 			partsupp,
[32m(release)[0m> 			supplier,
[32m(release)[0m> 			nation,
[32m(release)[0m> 			region
[32m(release)[0m> 		where
[32m(release)[0m> 			p_partkey = ps_partkey
[32m(release)[0m> 			and s_suppkey = ps_suppkey
[32m(release)[0m> 			and s_nationkey = n_nationkey
[32m(release)[0m> 			and n_regionkey = r_regionkey
[32m(release)[0m> 			and r_name = 'EUROPE'
[32m(release)[0m> 	)
[32m(release)[0m> order by
[32m(release)[0m> 	s_acctbal desc,
[32m(release)[0m> 	n_name,
[32m(release)[0m> 	s_name,
[32m(release)[0m> 	p_partkey;
VmRSS Change: 0 KB
===
4667 rows total
Execution info: [PARSE: 71 µs 589 ns, SQL TRANSLATE: 0 ns, OPTIMIZE: 0 ns, LQP TRANSLATE: 40 µs 480 ns, EXECUTE: 25 ms 801 µs (wall time) | QUERY PLAN CACHE HITS: 1/1 statement(s)]
After reset, table use_count: 2
WARNING: Table still has 1 other owner(s) after pipeline reset!
Executing script file done
$:hsh mem_usage
------------------------------------------
Memory Usage Statistics:
VmSize:	216005152 kB
VmRSS:	77378132 kB
1: MemResourceStatus {MigratedColumnsAggregate,18446744073709551615,12610235929,10275988050,10275988050,0,1,N/A}
MemResourceStatus {NumaMonotonicResource,3,60000000000,4322712,161109860,934067936,1,934071112}
MemResourceStatus {NumaMonotonicResource,2,60000000000,0,0,0,0,0}
MemResourceStatus {NumaMonotonicResource,1,64000000000,1039541809,3671651606,18917318200,0,18917334560}
0: MemResourceStatus {MemManagerAggregate,18446744073709551615,124000000000,1039541809,3671651606,0,0,N/A}
1: MemResourceStatus {MemManagerAggregate,18446744073709551615,60000000000,4322712,161109860,0,1,N/A}
MemResourceStatus {DefaultResource,18446744073709551615,18446744073709551615,0,0,0,-1,N/A}
Quick Memory Usage Overview:
Used Capacity: 1039541809, 10280310762
------------------------------------------
Executing script file: /home/umeshsum/tpch_queries/2.sql
[32m(release)[0m> select
[32m(release)[0m> 	s_acctbal,
[32m(release)[0m> 	s_name,
[32m(release)[0m> 	n_name,
[32m(release)[0m> 	p_partkey,
[32m(release)[0m> 	p_mfgr,
[32m(release)[0m> 	s_address,
[32m(release)[0m> 	s_phone,
[32m(release)[0m> 	s_comment
[32m(release)[0m> from
[32m(release)[0m> 	part,
[32m(release)[0m> 	supplier,
[32m(release)[0m> 	partsupp,
[32m(release)[0m> 	nation,
[32m(release)[0m> 	region
[32m(release)[0m> where
[32m(release)[0m> 	p_partkey = ps_partkey
[32m(release)[0m> 	and s_suppkey = ps_suppkey
[32m(release)[0m> 	and p_size = 15
[32m(release)[0m> 	and p_type like '%BRASS'
[32m(release)[0m> 	and s_nationkey = n_nationkey
[32m(release)[0m> 	and n_regionkey = r_regionkey
[32m(release)[0m> 	and r_name = 'EUROPE'
[32m(release)[0m> 	and ps_supplycost = (
[32m(release)[0m> 		select
[32m(release)[0m> 			min(ps_supplycost)
[32m(release)[0m> 		from
[32m(release)[0m> 			partsupp,
[32m(release)[0m> 			supplier,
[32m(release)[0m> 			nation,
[32m(release)[0m> 			region
[32m(release)[0m> 		where
[32m(release)[0m> 			p_partkey = ps_partkey
[32m(release)[0m> 			and s_suppkey = ps_suppkey
[32m(release)[0m> 			and s_nationkey = n_nationkey
[32m(release)[0m> 			and n_regionkey = r_regionkey
[32m(release)[0m> 			and r_name = 'EUROPE'
[32m(release)[0m> 	)
[32m(release)[0m> order by
[32m(release)[0m> 	s_acctbal desc,
[32m(release)[0m> 	n_name,
[32m(release)[0m> 	s_name,
[32m(release)[0m> 	p_partkey;
VmRSS Change: 156 KB
===
4667 rows total
Execution info: [PARSE: 66 µs 720 ns, SQL TRANSLATE: 0 ns, OPTIMIZE: 0 ns, LQP TRANSLATE: 38 µs 540 ns, EXECUTE: 27 ms 577 µs (wall time) | QUERY PLAN CACHE HITS: 1/1 statement(s)]
After reset, table use_count: 2
WARNING: Table still has 1 other owner(s) after pipeline reset!
Executing script file done
$:hsh mem_usage
------------------------------------------
Memory Usage Statistics:
VmSize:	216005152 kB
VmRSS:	77378288 kB
1: MemResourceStatus {MigratedColumnsAggregate,18446744073709551615,12610235929,10275988050,10275988050,0,1,N/A}
MemResourceStatus {NumaMonotonicResource,3,60000000000,4322712,161109860,1167667202,1,1167671232}
MemResourceStatus {NumaMonotonicResource,2,60000000000,0,0,0,0,0}
MemResourceStatus {NumaMonotonicResource,1,64000000000,1039541809,3671651606,18917318200,0,18917334560}
0: MemResourceStatus {MemManagerAggregate,18446744073709551615,124000000000,1039541809,3671651606,0,0,N/A}
1: MemResourceStatus {MemManagerAggregate,18446744073709551615,60000000000,4322712,161109860,0,1,N/A}
MemResourceStatus {DefaultResource,18446744073709551615,18446744073709551615,0,0,0,-1,N/A}
Quick Memory Usage Overview:
Used Capacity: 1039541809, 10280310762
------------------------------------------
Executing script file: /home/umeshsum/tpch_queries/2.sql
[32m(release)[0m> select
[32m(release)[0m> 	s_acctbal,
[32m(release)[0m> 	s_name,
[32m(release)[0m> 	n_name,
[32m(release)[0m> 	p_partkey,
[32m(release)[0m> 	p_mfgr,
[32m(release)[0m> 	s_address,
[32m(release)[0m> 	s_phone,
[32m(release)[0m> 	s_comment
[32m(release)[0m> from
[32m(release)[0m> 	part,
[32m(release)[0m> 	supplier,
[32m(release)[0m> 	partsupp,
[32m(release)[0m> 	nation,
[32m(release)[0m> 	region
[32m(release)[0m> where
[32m(release)[0m> 	p_partkey = ps_partkey
[32m(release)[0m> 	and s_suppkey = ps_suppkey
[32m(release)[0m> 	and p_size = 15
[32m(release)[0m> 	and p_type like '%BRASS'
[32m(release)[0m> 	and s_nationkey = n_nationkey
[32m(release)[0m> 	and n_regionkey = r_regionkey
[32m(release)[0m> 	and r_name = 'EUROPE'
[32m(release)[0m> 	and ps_supplycost = (
[32m(release)[0m> 		select
[32m(release)[0m> 			min(ps_supplycost)
[32m(release)[0m> 		from
[32m(release)[0m> 			partsupp,
[32m(release)[0m> 			supplier,
[32m(release)[0m> 			nation,
[32m(release)[0m> 			region
[32m(release)[0m> 		where
[32m(release)[0m> 			p_partkey = ps_partkey
[32m(release)[0m> 			and s_suppkey = ps_suppkey
[32m(release)[0m> 			and s_nationkey = n_nationkey
[32m(release)[0m> 			and n_regionkey = r_regionkey
[32m(release)[0m> 			and r_name = 'EUROPE'
[32m(release)[0m> 	)
[32m(release)[0m> order by
[32m(release)[0m> 	s_acctbal desc,
[32m(release)[0m> 	n_name,
[32m(release)[0m> 	s_name,
[32m(release)[0m> 	p_partkey;
VmRSS Change: 0 KB
===
4667 rows total
Execution info: [PARSE: 63 µs 470 ns, SQL TRANSLATE: 0 ns, OPTIMIZE: 0 ns, LQP TRANSLATE: 38 µs 739 ns, EXECUTE: 24 ms 824 µs (wall time) | QUERY PLAN CACHE HITS: 1/1 statement(s)]
After reset, table use_count: 2
WARNING: Table still has 1 other owner(s) after pipeline reset!
Executing script file done
$:hsh mem_usage
------------------------------------------
Memory Usage Statistics:
VmSize:	216005152 kB
VmRSS:	77378288 kB
1: MemResourceStatus {MigratedColumnsAggregate,18446744073709551615,12610235929,10275988050,10275988050,0,1,N/A}
MemResourceStatus {NumaMonotonicResource,3,60000000000,4322712,161109860,1401092164,1,1401096976}
MemResourceStatus {NumaMonotonicResource,2,60000000000,0,0,0,0,0}
MemResourceStatus {NumaMonotonicResource,1,64000000000,1039541809,3671651606,18917318200,0,18917334560}
0: MemResourceStatus {MemManagerAggregate,18446744073709551615,124000000000,1039541809,3671651606,0,0,N/A}
1: MemResourceStatus {MemManagerAggregate,18446744073709551615,60000000000,4322712,161109860,0,1,N/A}
MemResourceStatus {DefaultResource,18446744073709551615,18446744073709551615,0,0,0,-1,N/A}
Quick Memory Usage Overview:
Used Capacity: 1039541809, 10280310762
------------------------------------------
Executing script file: /home/umeshsum/tpch_queries/2.sql
[32m(release)[0m> select
[32m(release)[0m> 	s_acctbal,
[32m(release)[0m> 	s_name,
[32m(release)[0m> 	n_name,
[32m(release)[0m> 	p_partkey,
[32m(release)[0m> 	p_mfgr,
[32m(release)[0m> 	s_address,
[32m(release)[0m> 	s_phone,
[32m(release)[0m> 	s_comment
[32m(release)[0m> from
[32m(release)[0m> 	part,
[32m(release)[0m> 	supplier,
[32m(release)[0m> 	partsupp,
[32m(release)[0m> 	nation,
[32m(release)[0m> 	region
[32m(release)[0m> where
[32m(release)[0m> 	p_partkey = ps_partkey
[32m(release)[0m> 	and s_suppkey = ps_suppkey
[32m(release)[0m> 	and p_size = 15
[32m(release)[0m> 	and p_type like '%BRASS'
[32m(release)[0m> 	and s_nationkey = n_nationkey
[32m(release)[0m> 	and n_regionkey = r_regionkey
[32m(release)[0m> 	and r_name = 'EUROPE'
[32m(release)[0m> 	and ps_supplycost = (
[32m(release)[0m> 		select
[32m(release)[0m> 			min(ps_supplycost)
[32m(release)[0m> 		from
[32m(release)[0m> 			partsupp,
[32m(release)[0m> 			supplier,
[32m(release)[0m> 			nation,
[32m(release)[0m> 			region
[32m(release)[0m> 		where
[32m(release)[0m> 			p_partkey = ps_partkey
[32m(release)[0m> 			and s_suppkey = ps_suppkey
[32m(release)[0m> 			and s_nationkey = n_nationkey
[32m(release)[0m> 			and n_regionkey = r_regionkey
[32m(release)[0m> 			and r_name = 'EUROPE'
[32m(release)[0m> 	)
[32m(release)[0m> order by
[32m(release)[0m> 	s_acctbal desc,
[32m(release)[0m> 	n_name,
[32m(release)[0m> 	s_name,
[32m(release)[0m> 	p_partkey;
VmRSS Change: 0 KB
===
4667 rows total
Execution info: [PARSE: 63 µs 50 ns, SQL TRANSLATE: 0 ns, OPTIMIZE: 0 ns, LQP TRANSLATE: 40 µs 929 ns, EXECUTE: 25 ms 758 µs (wall time) | QUERY PLAN CACHE HITS: 1/1 statement(s)]
After reset, table use_count: 2
WARNING: Table still has 1 other owner(s) after pipeline reset!
Executing script file done
$:hsh mem_usage
------------------------------------------
Memory Usage Statistics:
VmSize:	216005152 kB
VmRSS:	77378276 kB
1: MemResourceStatus {MigratedColumnsAggregate,18446744073709551615,12610235929,10275988050,10275988050,0,1,N/A}
MemResourceStatus {NumaMonotonicResource,3,60000000000,4322712,161109860,1634691430,1,1634697008}
MemResourceStatus {NumaMonotonicResource,2,60000000000,0,0,0,0,0}
MemResourceStatus {NumaMonotonicResource,1,64000000000,1039541809,3671651606,18917318200,0,18917334560}
0: MemResourceStatus {MemManagerAggregate,18446744073709551615,124000000000,1039541809,3671651606,0,0,N/A}
1: MemResourceStatus {MemManagerAggregate,18446744073709551615,60000000000,4322712,161109860,0,1,N/A}
MemResourceStatus {DefaultResource,18446744073709551615,18446744073709551615,0,0,0,-1,N/A}
Quick Memory Usage Overview:
Used Capacity: 1039541809, 10280310762
------------------------------------------
Executing script file: /home/umeshsum/tpch_queries/2.sql
[32m(release)[0m> select
[32m(release)[0m> 	s_acctbal,
[32m(release)[0m> 	s_name,
[32m(release)[0m> 	n_name,
[32m(release)[0m> 	p_partkey,
[32m(release)[0m> 	p_mfgr,
[32m(release)[0m> 	s_address,
[32m(release)[0m> 	s_phone,
[32m(release)[0m> 	s_comment
[32m(release)[0m> from
[32m(release)[0m> 	part,
[32m(release)[0m> 	supplier,
[32m(release)[0m> 	partsupp,
[32m(release)[0m> 	nation,
[32m(release)[0m> 	region
[32m(release)[0m> where
[32m(release)[0m> 	p_partkey = ps_partkey
[32m(release)[0m> 	and s_suppkey = ps_suppkey
[32m(release)[0m> 	and p_size = 15
[32m(release)[0m> 	and p_type like '%BRASS'
[32m(release)[0m> 	and s_nationkey = n_nationkey
[32m(release)[0m> 	and n_regionkey = r_regionkey
[32m(release)[0m> 	and r_name = 'EUROPE'
[32m(release)[0m> 	and ps_supplycost = (
[32m(release)[0m> 		select
[32m(release)[0m> 			min(ps_supplycost)
[32m(release)[0m> 		from
[32m(release)[0m> 			partsupp,
[32m(release)[0m> 			supplier,
[32m(release)[0m> 			nation,
[32m(release)[0m> 			region
[32m(release)[0m> 		where
[32m(release)[0m> 			p_partkey = ps_partkey
[32m(release)[0m> 			and s_suppkey = ps_suppkey
[32m(release)[0m> 			and s_nationkey = n_nationkey
[32m(release)[0m> 			and n_regionkey = r_regionkey
[32m(release)[0m> 			and r_name = 'EUROPE'
[32m(release)[0m> 	)
[32m(release)[0m> order by
[32m(release)[0m> 	s_acctbal desc,
[32m(release)[0m> 	n_name,
[32m(release)[0m> 	s_name,
[32m(release)[0m> 	p_partkey;
VmRSS Change: 0 KB
===
4667 rows total
Execution info: [PARSE: 61 µs 799 ns, SQL TRANSLATE: 0 ns, OPTIMIZE: 0 ns, LQP TRANSLATE: 38 µs 120 ns, EXECUTE: 26 ms 685 µs (wall time) | QUERY PLAN CACHE HITS: 1/1 statement(s)]
After reset, table use_count: 2
WARNING: Table still has 1 other owner(s) after pipeline reset!
Executing script file done
$:hsh mem_usage
------------------------------------------
Memory Usage Statistics:
VmSize:	216005152 kB
VmRSS:	77378276 kB
1: MemResourceStatus {MigratedColumnsAggregate,18446744073709551615,12610235929,10275988050,10275988050,0,1,N/A}
MemResourceStatus {NumaMonotonicResource,3,60000000000,4322712,161109860,1868290696,1,1868297088}
MemResourceStatus {NumaMonotonicResource,2,60000000000,0,0,0,0,0}
MemResourceStatus {NumaMonotonicResource,1,64000000000,1039541809,3671651606,18917318200,0,18917334560}
0: MemResourceStatus {MemManagerAggregate,18446744073709551615,124000000000,1039541809,3671651606,0,0,N/A}
1: MemResourceStatus {MemManagerAggregate,18446744073709551615,60000000000,4322712,161109860,0,1,N/A}
MemResourceStatus {DefaultResource,18446744073709551615,18446744073709551615,0,0,0,-1,N/A}
Quick Memory Usage Overview:
Used Capacity: 1039541809, 10280310762
------------------------------------------
Executing script file: /home/umeshsum/tpch_queries/2.sql
[32m(release)[0m> select
[32m(release)[0m> 	s_acctbal,
[32m(release)[0m> 	s_name,
[32m(release)[0m> 	n_name,
[32m(release)[0m> 	p_partkey,
[32m(release)[0m> 	p_mfgr,
[32m(release)[0m> 	s_address,
[32m(release)[0m> 	s_phone,
[32m(release)[0m> 	s_comment
[32m(release)[0m> from
[32m(release)[0m> 	part,
[32m(release)[0m> 	supplier,
[32m(release)[0m> 	partsupp,
[32m(release)[0m> 	nation,
[32m(release)[0m> 	region
[32m(release)[0m> where
[32m(release)[0m> 	p_partkey = ps_partkey
[32m(release)[0m> 	and s_suppkey = ps_suppkey
[32m(release)[0m> 	and p_size = 15
[32m(release)[0m> 	and p_type like '%BRASS'
[32m(release)[0m> 	and s_nationkey = n_nationkey
[32m(release)[0m> 	and n_regionkey = r_regionkey
[32m(release)[0m> 	and r_name = 'EUROPE'
[32m(release)[0m> 	and ps_supplycost = (
[32m(release)[0m> 		select
[32m(release)[0m> 			min(ps_supplycost)
[32m(release)[0m> 		from
[32m(release)[0m> 			partsupp,
[32m(release)[0m> 			supplier,
[32m(release)[0m> 			nation,
[32m(release)[0m> 			region
[32m(release)[0m> 		where
[32m(release)[0m> 			p_partkey = ps_partkey
[32m(release)[0m> 			and s_suppkey = ps_suppkey
[32m(release)[0m> 			and s_nationkey = n_nationkey
[32m(release)[0m> 			and n_regionkey = r_regionkey
[32m(release)[0m> 			and r_name = 'EUROPE'
[32m(release)[0m> 	)
[32m(release)[0m> order by
[32m(release)[0m> 	s_acctbal desc,
[32m(release)[0m> 	n_name,
[32m(release)[0m> 	s_name,
[32m(release)[0m> 	p_partkey;
VmRSS Change: 0 KB
===
4667 rows total
Execution info: [PARSE: 63 µs 229 ns, SQL TRANSLATE: 0 ns, OPTIMIZE: 0 ns, LQP TRANSLATE: 38 µs 0 ns, EXECUTE: 25 ms 907 µs (wall time) | QUERY PLAN CACHE HITS: 1/1 statement(s)]
After reset, table use_count: 2
WARNING: Table still has 1 other owner(s) after pipeline reset!
Executing script file done
$:hsh mem_usage
------------------------------------------
Memory Usage Statistics:
VmSize:	216005152 kB
VmRSS:	77378276 kB
1: MemResourceStatus {MigratedColumnsAggregate,18446744073709551615,12610235929,10275988050,10275988050,0,1,N/A}
MemResourceStatus {NumaMonotonicResource,3,60000000000,4322712,161109860,2101889962,1,2101897136}
MemResourceStatus {NumaMonotonicResource,2,60000000000,0,0,0,0,0}
MemResourceStatus {NumaMonotonicResource,1,64000000000,1039541809,3671651606,18917318200,0,18917334560}
0: MemResourceStatus {MemManagerAggregate,18446744073709551615,124000000000,1039541809,3671651606,0,0,N/A}
1: MemResourceStatus {MemManagerAggregate,18446744073709551615,60000000000,4322712,161109860,0,1,N/A}
MemResourceStatus {DefaultResource,18446744073709551615,18446744073709551615,0,0,0,-1,N/A}
Quick Memory Usage Overview:
Used Capacity: 1039541809, 10280310762
------------------------------------------
Executing script file: /home/umeshsum/tpch_queries/2.sql
[32m(release)[0m> select
[32m(release)[0m> 	s_acctbal,
[32m(release)[0m> 	s_name,
[32m(release)[0m> 	n_name,
[32m(release)[0m> 	p_partkey,
[32m(release)[0m> 	p_mfgr,
[32m(release)[0m> 	s_address,
[32m(release)[0m> 	s_phone,
[32m(release)[0m> 	s_comment
[32m(release)[0m> from
[32m(release)[0m> 	part,
[32m(release)[0m> 	supplier,
[32m(release)[0m> 	partsupp,
[32m(release)[0m> 	nation,
[32m(release)[0m> 	region
[32m(release)[0m> where
[32m(release)[0m> 	p_partkey = ps_partkey
[32m(release)[0m> 	and s_suppkey = ps_suppkey
[32m(release)[0m> 	and p_size = 15
[32m(release)[0m> 	and p_type like '%BRASS'
[32m(release)[0m> 	and s_nationkey = n_nationkey
[32m(release)[0m> 	and n_regionkey = r_regionkey
[32m(release)[0m> 	and r_name = 'EUROPE'
[32m(release)[0m> 	and ps_supplycost = (
[32m(release)[0m> 		select
[32m(release)[0m> 			min(ps_supplycost)
[32m(release)[0m> 		from
[32m(release)[0m> 			partsupp,
[32m(release)[0m> 			supplier,
[32m(release)[0m> 			nation,
[32m(release)[0m> 			region
[32m(release)[0m> 		where
[32m(release)[0m> 			p_partkey = ps_partkey
[32m(release)[0m> 			and s_suppkey = ps_suppkey
[32m(release)[0m> 			and s_nationkey = n_nationkey
[32m(release)[0m> 			and n_regionkey = r_regionkey
[32m(release)[0m> 			and r_name = 'EUROPE'
[32m(release)[0m> 	)
[32m(release)[0m> order by
[32m(release)[0m> 	s_acctbal desc,
[32m(release)[0m> 	n_name,
[32m(release)[0m> 	s_name,
[32m(release)[0m> 	p_partkey;
VmRSS Change: 4 KB
===
4667 rows total
Execution info: [PARSE: 60 µs 989 ns, SQL TRANSLATE: 0 ns, OPTIMIZE: 0 ns, LQP TRANSLATE: 38 µs 20 ns, EXECUTE: 27 ms 95 µs (wall time) | QUERY PLAN CACHE HITS: 1/1 statement(s)]
After reset, table use_count: 2
WARNING: Table still has 1 other owner(s) after pipeline reset!
Executing script file done
$:hsh mem_usage
------------------------------------------
Memory Usage Statistics:
VmSize:	216005152 kB
VmRSS:	77378280 kB
1: MemResourceStatus {MigratedColumnsAggregate,18446744073709551615,12610235929,10275988050,10275988050,0,1,N/A}
MemResourceStatus {NumaMonotonicResource,3,60000000000,4322712,161109860,2335489228,1,2335497184}
MemResourceStatus {NumaMonotonicResource,2,60000000000,0,0,0,0,0}
MemResourceStatus {NumaMonotonicResource,1,64000000000,1039541809,3671651606,18917318200,0,18917334560}
0: MemResourceStatus {MemManagerAggregate,18446744073709551615,124000000000,1039541809,3671651606,0,0,N/A}
1: MemResourceStatus {MemManagerAggregate,18446744073709551615,60000000000,4322712,161109860,0,1,N/A}
MemResourceStatus {DefaultResource,18446744073709551615,18446744073709551615,0,0,0,-1,N/A}
Quick Memory Usage Overview:
Used Capacity: 1039541809, 10280310762
------------------------------------------
Label set to d0_tf0_q3
$:hsh clear_plan_caches
Cleared PQP and LQP caches
$:hsh clear_pipeline
Released last SQLPipeline
$:hsh reset_exec_pools
Reset execution pools (2, 3) bump pointers to start
$:hsh mem_usage
------------------------------------------
Memory Usage Statistics:
VmSize:	216005152 kB
VmRSS:	77378280 kB
1: MemResourceStatus {MigratedColumnsAggregate,18446744073709551615,12610235929,10275988050,10275988050,0,1,N/A}
MemResourceStatus {NumaMonotonicResource,3,60000000000,0,0,0,1,0}
MemResourceStatus {NumaMonotonicResource,2,60000000000,0,0,0,0,0}
MemResourceStatus {NumaMonotonicResource,1,64000000000,1039541809,3671651606,18917318200,0,18917334560}
0: MemResourceStatus {MemManagerAggregate,18446744073709551615,124000000000,1039541809,3671651606,0,0,N/A}
1: MemResourceStatus {MemManagerAggregate,18446744073709551615,60000000000,0,0,0,1,N/A}
MemResourceStatus {DefaultResource,18446744073709551615,18446744073709551615,0,0,0,-1,N/A}
Quick Memory Usage Overview:
Used Capacity: 1039541809, 10275988050
------------------------------------------
Executing script file: /home/umeshsum/tpch_queries/3.sql
[32m(release)[0m> select
[32m(release)[0m> 	l_orderkey,
[32m(release)[0m> 	sum(l_extendedprice * (1 - l_discount)) as revenue,
[32m(release)[0m> 	o_orderdate,
[32m(release)[0m> 	o_shippriority
[32m(release)[0m> from
[32m(release)[0m> 	customer,
[32m(release)[0m> 	orders,
[32m(release)[0m> 	lineitem
[32m(release)[0m> where
[32m(release)[0m> 	c_mktsegment = 'BUILDING'
[32m(release)[0m> 	and c_custkey = o_custkey
[32m(release)[0m> 	and l_orderkey = o_orderkey
[32m(release)[0m> 	and o_orderdate < date '1995-03-15'
[32m(release)[0m> 	and l_shipdate > date '1995-03-15'
[32m(release)[0m> group by
[32m(release)[0m> 	l_orderkey,
[32m(release)[0m> 	o_orderdate,
[32m(release)[0m> 	o_shippriority
[32m(release)[0m> order by
[32m(release)[0m> 	revenue desc,
[32m(release)[0m> 	o_orderdate;
VmRSS Change: 2516 KB
===
114003 rows total
Execution info: [PARSE: 55 µs 219 ns, SQL TRANSLATE: 196 µs 308 ns, OPTIMIZE: 8 ms 70 µs, LQP TRANSLATE: 189 µs 358 ns, EXECUTE: 486 ms 728 µs (wall time) | QUERY PLAN CACHE HITS: 0/1 statement(s)]
After reset, table use_count: 2
WARNING: Table still has 1 other owner(s) after pipeline reset!
Executing script file done
$:hsh mem_usage
------------------------------------------
Memory Usage Statistics:
VmSize:	216005152 kB
VmRSS:	77380804 kB
1: MemResourceStatus {MigratedColumnsAggregate,18446744073709551615,12610235929,10275988050,10275988050,0,1,N/A}
MemResourceStatus {NumaMonotonicResource,3,60000000000,7922928,1143039060,2294409444,1,2294411840}
MemResourceStatus {NumaMonotonicResource,2,60000000000,0,0,0,0,0}
MemResourceStatus {NumaMonotonicResource,1,64000000000,1039541809,3671651606,18917318200,0,18917334560}
0: MemResourceStatus {MemManagerAggregate,18446744073709551615,124000000000,1039541809,3671651606,0,0,N/A}
1: MemResourceStatus {MemManagerAggregate,18446744073709551615,60000000000,7922928,1143039060,0,1,N/A}
MemResourceStatus {DefaultResource,18446744073709551615,18446744073709551615,0,0,0,-1,N/A}
Quick Memory Usage Overview:
Used Capacity: 1039541809, 10283910978
------------------------------------------
Executing script file: /home/umeshsum/tpch_queries/3.sql
[32m(release)[0m> select
[32m(release)[0m> 	l_orderkey,
[32m(release)[0m> 	sum(l_extendedprice * (1 - l_discount)) as revenue,
[32m(release)[0m> 	o_orderdate,
[32m(release)[0m> 	o_shippriority
[32m(release)[0m> from
[32m(release)[0m> 	customer,
[32m(release)[0m> 	orders,
[32m(release)[0m> 	lineitem
[32m(release)[0m> where
[32m(release)[0m> 	c_mktsegment = 'BUILDING'
[32m(release)[0m> 	and c_custkey = o_custkey
[32m(release)[0m> 	and l_orderkey = o_orderkey
[32m(release)[0m> 	and o_orderdate < date '1995-03-15'
[32m(release)[0m> 	and l_shipdate > date '1995-03-15'
[32m(release)[0m> group by
[32m(release)[0m> 	l_orderkey,
[32m(release)[0m> 	o_orderdate,
[32m(release)[0m> 	o_shippriority
[32m(release)[0m> order by
[32m(release)[0m> 	revenue desc,
[32m(release)[0m> 	o_orderdate;
VmRSS Change: 2808 KB
===
114003 rows total
Execution info: [PARSE: 59 µs 39 ns, SQL TRANSLATE: 0 ns, OPTIMIZE: 0 ns, LQP TRANSLATE: 50 µs 989 ns, EXECUTE: 509 ms 124 µs (wall time) | QUERY PLAN CACHE HITS: 1/1 statement(s)]
After reset, table use_count: 2
WARNING: Table still has 1 other owner(s) after pipeline reset!
Executing script file done
$:hsh mem_usage
------------------------------------------
Memory Usage Statistics:
VmSize:	216005152 kB
VmRSS:	77383612 kB
1: MemResourceStatus {MigratedColumnsAggregate,18446744073709551615,12610235929,10275988050,10275988050,0,1,N/A}
MemResourceStatus {NumaMonotonicResource,3,60000000000,11649920,1146766052,4588818888,1,4588823664}
MemResourceStatus {NumaMonotonicResource,2,60000000000,0,0,0,0,0}
MemResourceStatus {NumaMonotonicResource,1,64000000000,1039541809,3671651606,18917318200,0,18917334560}
0: MemResourceStatus {MemManagerAggregate,18446744073709551615,124000000000,1039541809,3671651606,0,0,N/A}
1: MemResourceStatus {MemManagerAggregate,18446744073709551615,60000000000,11649920,1146766052,0,1,N/A}
MemResourceStatus {DefaultResource,18446744073709551615,18446744073709551615,0,0,0,-1,N/A}
Quick Memory Usage Overview:
Used Capacity: 1039541809, 10287637970
------------------------------------------
Executing script file: /home/umeshsum/tpch_queries/3.sql
[32m(release)[0m> select
[32m(release)[0m> 	l_orderkey,
[32m(release)[0m> 	sum(l_extendedprice * (1 - l_discount)) as revenue,
[32m(release)[0m> 	o_orderdate,
[32m(release)[0m> 	o_shippriority
[32m(release)[0m> from
[32m(release)[0m> 	customer,
[32m(release)[0m> 	orders,
[32m(release)[0m> 	lineitem
[32m(release)[0m> where
[32m(release)[0m> 	c_mktsegment = 'BUILDING'
[32m(release)[0m> 	and c_custkey = o_custkey
[32m(release)[0m> 	and l_orderkey = o_orderkey
[32m(release)[0m> 	and o_orderdate < date '1995-03-15'
[32m(release)[0m> 	and l_shipdate > date '1995-03-15'
[32m(release)[0m> group by
[32m(release)[0m> 	l_orderkey,
[32m(release)[0m> 	o_orderdate,
[32m(release)[0m> 	o_shippriority
[32m(release)[0m> order by
[32m(release)[0m> 	revenue desc,
[32m(release)[0m> 	o_orderdate;
VmRSS Change: 2756 KB
===
114003 rows total
Execution info: [PARSE: 62 µs 420 ns, SQL TRANSLATE: 0 ns, OPTIMIZE: 0 ns, LQP TRANSLATE: 43 µs 400 ns, EXECUTE: 515 ms 58 µs (wall time) | QUERY PLAN CACHE HITS: 1/1 statement(s)]
After reset, table use_count: 2
WARNING: Table still has 1 other owner(s) after pipeline reset!
Executing script file done
$:hsh mem_usage
------------------------------------------
Memory Usage Statistics:
VmSize:	216005152 kB
VmRSS:	77386368 kB
1: MemResourceStatus {MigratedColumnsAggregate,18446744073709551615,12610235929,10275988050,10275988050,0,1,N/A}
MemResourceStatus {NumaMonotonicResource,3,60000000000,11649920,1146766052,6883228332,1,6883235472}
MemResourceStatus {NumaMonotonicResource,2,60000000000,0,0,0,0,0}
MemResourceStatus {NumaMonotonicResource,1,64000000000,1039541809,3671651606,18917318200,0,18917334560}
0: MemResourceStatus {MemManagerAggregate,18446744073709551615,124000000000,1039541809,3671651606,0,0,N/A}
1: MemResourceStatus {MemManagerAggregate,18446744073709551615,60000000000,11649920,1146766052,0,1,N/A}
MemResourceStatus {DefaultResource,18446744073709551615,18446744073709551615,0,0,0,-1,N/A}
Quick Memory Usage Overview:
Used Capacity: 1039541809, 10287637970
------------------------------------------
Executing script file: /home/umeshsum/tpch_queries/3.sql
[32m(release)[0m> select
[32m(release)[0m> 	l_orderkey,
[32m(release)[0m> 	sum(l_extendedprice * (1 - l_discount)) as revenue,
[32m(release)[0m> 	o_orderdate,
[32m(release)[0m> 	o_shippriority
[32m(release)[0m> from
[32m(release)[0m> 	customer,
[32m(release)[0m> 	orders,
[32m(release)[0m> 	lineitem
[32m(release)[0m> where
[32m(release)[0m> 	c_mktsegment = 'BUILDING'
[32m(release)[0m> 	and c_custkey = o_custkey
[32m(release)[0m> 	and l_orderkey = o_orderkey
[32m(release)[0m> 	and o_orderdate < date '1995-03-15'
[32m(release)[0m> 	and l_shipdate > date '1995-03-15'
[32m(release)[0m> group by
[32m(release)[0m> 	l_orderkey,
[32m(release)[0m> 	o_orderdate,
[32m(release)[0m> 	o_shippriority
[32m(release)[0m> order by
[32m(release)[0m> 	revenue desc,
[32m(release)[0m> 	o_orderdate;
VmRSS Change: 152 KB
===
114003 rows total
Execution info: [PARSE: 57 µs 980 ns, SQL TRANSLATE: 0 ns, OPTIMIZE: 0 ns, LQP TRANSLATE: 44 µs 139 ns, EXECUTE: 501 ms 654 µs (wall time) | QUERY PLAN CACHE HITS: 1/1 statement(s)]
After reset, table use_count: 2
WARNING: Table still has 1 other owner(s) after pipeline reset!
Executing script file done
$:hsh mem_usage
------------------------------------------
Memory Usage Statistics:
VmSize:	216005152 kB
VmRSS:	77386516 kB
1: MemResourceStatus {MigratedColumnsAggregate,18446744073709551615,12610235929,10275988050,10275988050,0,1,N/A}
MemResourceStatus {NumaMonotonicResource,3,60000000000,11649920,1146766052,9177637776,1,9177647328}
MemResourceStatus {NumaMonotonicResource,2,60000000000,0,0,0,0,0}
MemResourceStatus {NumaMonotonicResource,1,64000000000,1039541809,3671651606,18917318200,0,18917334560}
0: MemResourceStatus {MemManagerAggregate,18446744073709551615,124000000000,1039541809,3671651606,0,0,N/A}
1: MemResourceStatus {MemManagerAggregate,18446744073709551615,60000000000,11649920,1146766052,0,1,N/A}
MemResourceStatus {DefaultResource,18446744073709551615,18446744073709551615,0,0,0,-1,N/A}
Quick Memory Usage Overview:
Used Capacity: 1039541809, 10287637970
------------------------------------------
Executing script file: /home/umeshsum/tpch_queries/3.sql
[32m(release)[0m> select
[32m(release)[0m> 	l_orderkey,
[32m(release)[0m> 	sum(l_extendedprice * (1 - l_discount)) as revenue,
[32m(release)[0m> 	o_orderdate,
[32m(release)[0m> 	o_shippriority
[32m(release)[0m> from
[32m(release)[0m> 	customer,
[32m(release)[0m> 	orders,
[32m(release)[0m> 	lineitem
[32m(release)[0m> where
[32m(release)[0m> 	c_mktsegment = 'BUILDING'
[32m(release)[0m> 	and c_custkey = o_custkey
[32m(release)[0m> 	and l_orderkey = o_orderkey
[32m(release)[0m> 	and o_orderdate < date '1995-03-15'
[32m(release)[0m> 	and l_shipdate > date '1995-03-15'
[32m(release)[0m> group by
[32m(release)[0m> 	l_orderkey,
[32m(release)[0m> 	o_orderdate,
[32m(release)[0m> 	o_shippriority
[32m(release)[0m> order by
[32m(release)[0m> 	revenue desc,
[32m(release)[0m> 	o_orderdate;
VmRSS Change: 18446744073709551508 KB
===
114003 rows total
Execution info: [PARSE: 67 µs 109 ns, SQL TRANSLATE: 0 ns, OPTIMIZE: 0 ns, LQP TRANSLATE: 55 µs 19 ns, EXECUTE: 497 ms 533 µs (wall time) | QUERY PLAN CACHE HITS: 1/1 statement(s)]
After reset, table use_count: 2
WARNING: Table still has 1 other owner(s) after pipeline reset!
Executing script file done
$:hsh mem_usage
------------------------------------------
Memory Usage Statistics:
VmSize:	216005152 kB
VmRSS:	77386408 kB
1: MemResourceStatus {MigratedColumnsAggregate,18446744073709551615,12610235929,10275988050,10275988050,0,1,N/A}
MemResourceStatus {NumaMonotonicResource,3,60000000000,11649920,1146766052,11472047220,1,11472059136}
MemResourceStatus {NumaMonotonicResource,2,60000000000,0,0,0,0,0}
MemResourceStatus {NumaMonotonicResource,1,64000000000,1039541809,3671651606,18917318200,0,18917334560}
0: MemResourceStatus {MemManagerAggregate,18446744073709551615,124000000000,1039541809,3671651606,0,0,N/A}
1: MemResourceStatus {MemManagerAggregate,18446744073709551615,60000000000,11649920,1146766052,0,1,N/A}
MemResourceStatus {DefaultResource,18446744073709551615,18446744073709551615,0,0,0,-1,N/A}
Quick Memory Usage Overview:
Used Capacity: 1039541809, 10287637970
------------------------------------------
Executing script file: /home/umeshsum/tpch_queries/3.sql
[32m(release)[0m> select
[32m(release)[0m> 	l_orderkey,
[32m(release)[0m> 	sum(l_extendedprice * (1 - l_discount)) as revenue,
[32m(release)[0m> 	o_orderdate,
[32m(release)[0m> 	o_shippriority
[32m(release)[0m> from
[32m(release)[0m> 	customer,
[32m(release)[0m> 	orders,
[32m(release)[0m> 	lineitem
[32m(release)[0m> where
[32m(release)[0m> 	c_mktsegment = 'BUILDING'
[32m(release)[0m> 	and c_custkey = o_custkey
[32m(release)[0m> 	and l_orderkey = o_orderkey
[32m(release)[0m> 	and o_orderdate < date '1995-03-15'
[32m(release)[0m> 	and l_shipdate > date '1995-03-15'
[32m(release)[0m> group by
[32m(release)[0m> 	l_orderkey,
[32m(release)[0m> 	o_orderdate,
[32m(release)[0m> 	o_shippriority
[32m(release)[0m> order by
[32m(release)[0m> 	revenue desc,
[32m(release)[0m> 	o_orderdate;
VmRSS Change: 2520 KB
===
114003 rows total
Execution info: [PARSE: 59 µs 189 ns, SQL TRANSLATE: 0 ns, OPTIMIZE: 0 ns, LQP TRANSLATE: 44 µs 10 ns, EXECUTE: 483 ms 940 µs (wall time) | QUERY PLAN CACHE HITS: 1/1 statement(s)]
After reset, table use_count: 2
WARNING: Table still has 1 other owner(s) after pipeline reset!
Executing script file done
$:hsh mem_usage
------------------------------------------
Memory Usage Statistics:
VmSize:	216005152 kB
VmRSS:	77388928 kB
1: MemResourceStatus {MigratedColumnsAggregate,18446744073709551615,12610235929,10275988050,10275988050,0,1,N/A}
MemResourceStatus {NumaMonotonicResource,3,60000000000,11649920,1146766052,13766456664,1,13766470960}
MemResourceStatus {NumaMonotonicResource,2,60000000000,0,0,0,0,0}
MemResourceStatus {NumaMonotonicResource,1,64000000000,1039541809,3671651606,18917318200,0,18917334560}
0: MemResourceStatus {MemManagerAggregate,18446744073709551615,124000000000,1039541809,3671651606,0,0,N/A}
1: MemResourceStatus {MemManagerAggregate,18446744073709551615,60000000000,11649920,1146766052,0,1,N/A}
MemResourceStatus {DefaultResource,18446744073709551615,18446744073709551615,0,0,0,-1,N/A}
Quick Memory Usage Overview:
Used Capacity: 1039541809, 10287637970
------------------------------------------
Executing script file: /home/umeshsum/tpch_queries/3.sql
[32m(release)[0m> select
[32m(release)[0m> 	l_orderkey,
[32m(release)[0m> 	sum(l_extendedprice * (1 - l_discount)) as revenue,
[32m(release)[0m> 	o_orderdate,
[32m(release)[0m> 	o_shippriority
[32m(release)[0m> from
[32m(release)[0m> 	customer,
[32m(release)[0m> 	orders,
[32m(release)[0m> 	lineitem
[32m(release)[0m> where
[32m(release)[0m> 	c_mktsegment = 'BUILDING'
[32m(release)[0m> 	and c_custkey = o_custkey
[32m(release)[0m> 	and l_orderkey = o_orderkey
[32m(release)[0m> 	and o_orderdate < date '1995-03-15'
[32m(release)[0m> 	and l_shipdate > date '1995-03-15'
[32m(release)[0m> group by
[32m(release)[0m> 	l_orderkey,
[32m(release)[0m> 	o_orderdate,
[32m(release)[0m> 	o_shippriority
[32m(release)[0m> order by
[32m(release)[0m> 	revenue desc,
[32m(release)[0m> 	o_orderdate;
VmRSS Change: 2840 KB
===
114003 rows total
Execution info: [PARSE: 57 µs 239 ns, SQL TRANSLATE: 0 ns, OPTIMIZE: 0 ns, LQP TRANSLATE: 45 µs 770 ns, EXECUTE: 475 ms 198 µs (wall time) | QUERY PLAN CACHE HITS: 1/1 statement(s)]
After reset, table use_count: 2
WARNING: Table still has 1 other owner(s) after pipeline reset!
Executing script file done
$:hsh mem_usage
------------------------------------------
Memory Usage Statistics:
VmSize:	216005152 kB
VmRSS:	77391732 kB
1: MemResourceStatus {MigratedColumnsAggregate,18446744073709551615,12610235929,10275988050,10275988050,0,1,N/A}
MemResourceStatus {NumaMonotonicResource,3,60000000000,11649920,1146766052,16060866108,1,16060882784}
MemResourceStatus {NumaMonotonicResource,2,60000000000,0,0,0,0,0}
MemResourceStatus {NumaMonotonicResource,1,64000000000,1039541809,3671651606,18917318200,0,18917334560}
0: MemResourceStatus {MemManagerAggregate,18446744073709551615,124000000000,1039541809,3671651606,0,0,N/A}
1: MemResourceStatus {MemManagerAggregate,18446744073709551615,60000000000,11649920,1146766052,0,1,N/A}
MemResourceStatus {DefaultResource,18446744073709551615,18446744073709551615,0,0,0,-1,N/A}
Quick Memory Usage Overview:
Used Capacity: 1039541809, 10287637970
------------------------------------------
Executing script file: /home/umeshsum/tpch_queries/3.sql
[32m(release)[0m> select
[32m(release)[0m> 	l_orderkey,
[32m(release)[0m> 	sum(l_extendedprice * (1 - l_discount)) as revenue,
[32m(release)[0m> 	o_orderdate,
[32m(release)[0m> 	o_shippriority
[32m(release)[0m> from
[32m(release)[0m> 	customer,
[32m(release)[0m> 	orders,
[32m(release)[0m> 	lineitem
[32m(release)[0m> where
[32m(release)[0m> 	c_mktsegment = 'BUILDING'
[32m(release)[0m> 	and c_custkey = o_custkey
[32m(release)[0m> 	and l_orderkey = o_orderkey
[32m(release)[0m> 	and o_orderdate < date '1995-03-15'
[32m(release)[0m> 	and l_shipdate > date '1995-03-15'
[32m(release)[0m> group by
[32m(release)[0m> 	l_orderkey,
[32m(release)[0m> 	o_orderdate,
[32m(release)[0m> 	o_shippriority
[32m(release)[0m> order by
[32m(release)[0m> 	revenue desc,
[32m(release)[0m> 	o_orderdate;
VmRSS Change: 18446744073709551448 KB
===
114003 rows total
Execution info: [PARSE: 58 µs 870 ns, SQL TRANSLATE: 0 ns, OPTIMIZE: 0 ns, LQP TRANSLATE: 45 µs 300 ns, EXECUTE: 496 ms 970 µs (wall time) | QUERY PLAN CACHE HITS: 1/1 statement(s)]
After reset, table use_count: 2
WARNING: Table still has 1 other owner(s) after pipeline reset!
Executing script file done
$:hsh mem_usage
------------------------------------------
Memory Usage Statistics:
VmSize:	216005152 kB
VmRSS:	77391556 kB
1: MemResourceStatus {MigratedColumnsAggregate,18446744073709551615,12610235929,10275988050,10275988050,0,1,N/A}
MemResourceStatus {NumaMonotonicResource,3,60000000000,11649920,1146766052,18355275552,1,18355294608}
MemResourceStatus {NumaMonotonicResource,2,60000000000,0,0,0,0,0}
MemResourceStatus {NumaMonotonicResource,1,64000000000,1039541809,3671651606,18917318200,0,18917334560}
0: MemResourceStatus {MemManagerAggregate,18446744073709551615,124000000000,1039541809,3671651606,0,0,N/A}
1: MemResourceStatus {MemManagerAggregate,18446744073709551615,60000000000,11649920,1146766052,0,1,N/A}
MemResourceStatus {DefaultResource,18446744073709551615,18446744073709551615,0,0,0,-1,N/A}
Quick Memory Usage Overview:
Used Capacity: 1039541809, 10287637970
------------------------------------------
Executing script file: /home/umeshsum/tpch_queries/3.sql
[32m(release)[0m> select
[32m(release)[0m> 	l_orderkey,
[32m(release)[0m> 	sum(l_extendedprice * (1 - l_discount)) as revenue,
[32m(release)[0m> 	o_orderdate,
[32m(release)[0m> 	o_shippriority
[32m(release)[0m> from
[32m(release)[0m> 	customer,
[32m(release)[0m> 	orders,
[32m(release)[0m> 	lineitem
[32m(release)[0m> where
[32m(release)[0m> 	c_mktsegment = 'BUILDING'
[32m(release)[0m> 	and c_custkey = o_custkey
[32m(release)[0m> 	and l_orderkey = o_orderkey
[32m(release)[0m> 	and o_orderdate < date '1995-03-15'
[32m(release)[0m> 	and l_shipdate > date '1995-03-15'
[32m(release)[0m> group by
[32m(release)[0m> 	l_orderkey,
[32m(release)[0m> 	o_orderdate,
[32m(release)[0m> 	o_shippriority
[32m(release)[0m> order by
[32m(release)[0m> 	revenue desc,
[32m(release)[0m> 	o_orderdate;
VmRSS Change: 92 KB
===
114003 rows total
Execution info: [PARSE: 59 µs 9 ns, SQL TRANSLATE: 0 ns, OPTIMIZE: 0 ns, LQP TRANSLATE: 46 µs 459 ns, EXECUTE: 580 ms 398 µs (wall time) | QUERY PLAN CACHE HITS: 1/1 statement(s)]
After reset, table use_count: 2
WARNING: Table still has 1 other owner(s) after pipeline reset!
Executing script file done
$:hsh mem_usage
------------------------------------------
Memory Usage Statistics:
VmSize:	216005152 kB
VmRSS:	77389056 kB
1: MemResourceStatus {MigratedColumnsAggregate,18446744073709551615,12610235929,10275988050,10275988050,0,1,N/A}
MemResourceStatus {NumaMonotonicResource,3,60000000000,11649920,1146766052,20649684996,1,20649706432}
MemResourceStatus {NumaMonotonicResource,2,60000000000,0,0,0,0,0}
MemResourceStatus {NumaMonotonicResource,1,64000000000,1039541809,3671651606,18917318200,0,18917334560}
0: MemResourceStatus {MemManagerAggregate,18446744073709551615,124000000000,1039541809,3671651606,0,0,N/A}
1: MemResourceStatus {MemManagerAggregate,18446744073709551615,60000000000,11649920,1146766052,0,1,N/A}
MemResourceStatus {DefaultResource,18446744073709551615,18446744073709551615,0,0,0,-1,N/A}
Quick Memory Usage Overview:
Used Capacity: 1039541809, 10287637970
------------------------------------------
Executing script file: /home/umeshsum/tpch_queries/3.sql
[32m(release)[0m> select
[32m(release)[0m> 	l_orderkey,
[32m(release)[0m> 	sum(l_extendedprice * (1 - l_discount)) as revenue,
[32m(release)[0m> 	o_orderdate,
[32m(release)[0m> 	o_shippriority
[32m(release)[0m> from
[32m(release)[0m> 	customer,
[32m(release)[0m> 	orders,
[32m(release)[0m> 	lineitem
[32m(release)[0m> where
[32m(release)[0m> 	c_mktsegment = 'BUILDING'
[32m(release)[0m> 	and c_custkey = o_custkey
[32m(release)[0m> 	and l_orderkey = o_orderkey
[32m(release)[0m> 	and o_orderdate < date '1995-03-15'
[32m(release)[0m> 	and l_shipdate > date '1995-03-15'
[32m(release)[0m> group by
[32m(release)[0m> 	l_orderkey,
[32m(release)[0m> 	o_orderdate,
[32m(release)[0m> 	o_shippriority
[32m(release)[0m> order by
[32m(release)[0m> 	revenue desc,
[32m(release)[0m> 	o_orderdate;
VmRSS Change: 2592 KB
===
114003 rows total
Execution info: [PARSE: 59 µs 329 ns, SQL TRANSLATE: 0 ns, OPTIMIZE: 0 ns, LQP TRANSLATE: 46 µs 600 ns, EXECUTE: 537 ms 165 µs (wall time) | QUERY PLAN CACHE HITS: 1/1 statement(s)]
After reset, table use_count: 2
WARNING: Table still has 1 other owner(s) after pipeline reset!
Executing script file done
$:hsh mem_usage
------------------------------------------
Memory Usage Statistics:
VmSize:	216005152 kB
VmRSS:	77391648 kB
1: MemResourceStatus {MigratedColumnsAggregate,18446744073709551615,12610235929,10275988050,10275988050,0,1,N/A}
MemResourceStatus {NumaMonotonicResource,3,60000000000,11649920,1146766052,22944094440,1,22944118240}
MemResourceStatus {NumaMonotonicResource,2,60000000000,0,0,0,0,0}
MemResourceStatus {NumaMonotonicResource,1,64000000000,1039541809,3671651606,18917318200,0,18917334560}
0: MemResourceStatus {MemManagerAggregate,18446744073709551615,124000000000,1039541809,3671651606,0,0,N/A}
1: MemResourceStatus {MemManagerAggregate,18446744073709551615,60000000000,11649920,1146766052,0,1,N/A}
MemResourceStatus {DefaultResource,18446744073709551615,18446744073709551615,0,0,0,-1,N/A}
Quick Memory Usage Overview:
Used Capacity: 1039541809, 10287637970
------------------------------------------
Label set to d0_tf0_q4
$:hsh clear_plan_caches
Cleared PQP and LQP caches
$:hsh clear_pipeline
Released last SQLPipeline
$:hsh reset_exec_pools
Reset execution pools (2, 3) bump pointers to start
$:hsh mem_usage
------------------------------------------
Memory Usage Statistics:
VmSize:	216005152 kB
VmRSS:	77391600 kB
1: MemResourceStatus {MigratedColumnsAggregate,18446744073709551615,12610235929,10275988050,10275988050,0,1,N/A}
MemResourceStatus {NumaMonotonicResource,3,60000000000,0,0,0,1,0}
MemResourceStatus {NumaMonotonicResource,2,60000000000,0,0,0,0,0}
MemResourceStatus {NumaMonotonicResource,1,64000000000,1039541809,3671651606,18917318200,0,18917334560}
0: MemResourceStatus {MemManagerAggregate,18446744073709551615,124000000000,1039541809,3671651606,0,0,N/A}
1: MemResourceStatus {MemManagerAggregate,18446744073709551615,60000000000,0,0,0,1,N/A}
MemResourceStatus {DefaultResource,18446744073709551615,18446744073709551615,0,0,0,-1,N/A}
Quick Memory Usage Overview:
Used Capacity: 1039541809, 10275988050
------------------------------------------
Executing script file: /home/umeshsum/tpch_queries/4.sql
[32m(release)[0m> select
[32m(release)[0m> 	o_orderpriority,
[32m(release)[0m> 	count(*) as order_count
[32m(release)[0m> from
[32m(release)[0m> 	orders
[32m(release)[0m> where
[32m(release)[0m> 	o_orderdate >= date '1993-07-01'
[32m(release)[0m> 	and o_orderdate < date '1993-07-01' + interval '3' month
[32m(release)[0m> 	and exists (
[32m(release)[0m> 		select
[32m(release)[0m> 			*
[32m(release)[0m> 		from
[32m(release)[0m> 			lineitem
[32m(release)[0m> 		where
[32m(release)[0m> 			l_orderkey = o_orderkey
[32m(release)[0m> 			and l_commitdate < l_receiptdate
[32m(release)[0m> 	)
[32m(release)[0m> group by
[32m(release)[0m> 	o_orderpriority
[32m(release)[0m> order by
[32m(release)[0m> 	o_orderpriority;
VmRSS Change: 18446744073709548936 KB
===
5 rows total
Execution info: [PARSE: 58 µs 19 ns, SQL TRANSLATE: 185 µs 218 ns, OPTIMIZE: 1 ms 922 µs, LQP TRANSLATE: 82 µs 450 ns, EXECUTE: 437 ms 300 µs (wall time) | QUERY PLAN CACHE HITS: 0/1 statement(s)]
After reset, table use_count: 2
WARNING: Table still has 1 other owner(s) after pipeline reset!
Executing script file done
$:hsh mem_usage
------------------------------------------
Memory Usage Statistics:
VmSize:	216005152 kB
VmRSS:	77388940 kB
1: MemResourceStatus {MigratedColumnsAggregate,18446744073709551615,12610235929,10275988050,10275988050,0,1,N/A}
MemResourceStatus {NumaMonotonicResource,3,60000000000,1060624,1385525696,2287623848,1,2287628432}
MemResourceStatus {NumaMonotonicResource,2,60000000000,0,0,0,0,0}
MemResourceStatus {NumaMonotonicResource,1,64000000000,1039541809,3671651606,18917318200,0,18917334560}
0: MemResourceStatus {MemManagerAggregate,18446744073709551615,124000000000,1039541809,3671651606,0,0,N/A}
1: MemResourceStatus {MemManagerAggregate,18446744073709551615,60000000000,1060624,1385525696,0,1,N/A}
MemResourceStatus {DefaultResource,18446744073709551615,18446744073709551615,0,0,0,-1,N/A}
Quick Memory Usage Overview:
Used Capacity: 1039541809, 10277048674
------------------------------------------
Executing script file: /home/umeshsum/tpch_queries/4.sql
[32m(release)[0m> select
[32m(release)[0m> 	o_orderpriority,
[32m(release)[0m> 	count(*) as order_count
[32m(release)[0m> from
[32m(release)[0m> 	orders
[32m(release)[0m> where
[32m(release)[0m> 	o_orderdate >= date '1993-07-01'
[32m(release)[0m> 	and o_orderdate < date '1993-07-01' + interval '3' month
[32m(release)[0m> 	and exists (
[32m(release)[0m> 		select
[32m(release)[0m> 			*
[32m(release)[0m> 		from
[32m(release)[0m> 			lineitem
[32m(release)[0m> 		where
[32m(release)[0m> 			l_orderkey = o_orderkey
[32m(release)[0m> 			and l_commitdate < l_receiptdate
[32m(release)[0m> 	)
[32m(release)[0m> group by
[32m(release)[0m> 	o_orderpriority
[32m(release)[0m> order by
[32m(release)[0m> 	o_orderpriority;
VmRSS Change: 18446744073709548624 KB
===
5 rows total
Execution info: [PARSE: 63 µs 99 ns, SQL TRANSLATE: 0 ns, OPTIMIZE: 0 ns, LQP TRANSLATE: 37 µs 349 ns, EXECUTE: 430 ms 497 µs (wall time) | QUERY PLAN CACHE HITS: 1/1 statement(s)]
After reset, table use_count: 2
WARNING: Table still has 1 other owner(s) after pipeline reset!
Executing script file done
$:hsh mem_usage
------------------------------------------
Memory Usage Statistics:
VmSize:	216005152 kB
VmRSS:	77385948 kB
1: MemResourceStatus {MigratedColumnsAggregate,18446744073709551615,12610235929,10275988050,10275988050,0,1,N/A}
MemResourceStatus {NumaMonotonicResource,3,60000000000,1072256,1385537328,4575247696,1,4575256832}
MemResourceStatus {NumaMonotonicResource,2,60000000000,0,0,0,0,0}
MemResourceStatus {NumaMonotonicResource,1,64000000000,1039541809,3671651606,18917318200,0,18917334560}
0: MemResourceStatus {MemManagerAggregate,18446744073709551615,124000000000,1039541809,3671651606,0,0,N/A}
1: MemResourceStatus {MemManagerAggregate,18446744073709551615,60000000000,1072256,1385537328,0,1,N/A}
MemResourceStatus {DefaultResource,18446744073709551615,18446744073709551615,0,0,0,-1,N/A}
Quick Memory Usage Overview:
Used Capacity: 1039541809, 10277060306
------------------------------------------
Executing script file: /home/umeshsum/tpch_queries/4.sql
[32m(release)[0m> select
[32m(release)[0m> 	o_orderpriority,
[32m(release)[0m> 	count(*) as order_count
[32m(release)[0m> from
[32m(release)[0m> 	orders
[32m(release)[0m> where
[32m(release)[0m> 	o_orderdate >= date '1993-07-01'
[32m(release)[0m> 	and o_orderdate < date '1993-07-01' + interval '3' month
[32m(release)[0m> 	and exists (
[32m(release)[0m> 		select
[32m(release)[0m> 			*
[32m(release)[0m> 		from
[32m(release)[0m> 			lineitem
[32m(release)[0m> 		where
[32m(release)[0m> 			l_orderkey = o_orderkey
[32m(release)[0m> 			and l_commitdate < l_receiptdate
[32m(release)[0m> 	)
[32m(release)[0m> group by
[32m(release)[0m> 	o_orderpriority
[32m(release)[0m> order by
[32m(release)[0m> 	o_orderpriority;
VmRSS Change: 18446744073709548916 KB
===
5 rows total
Execution info: [PARSE: 62 µs 519 ns, SQL TRANSLATE: 0 ns, OPTIMIZE: 0 ns, LQP TRANSLATE: 37 µs 219 ns, EXECUTE: 446 ms 906 µs (wall time) | QUERY PLAN CACHE HITS: 1/1 statement(s)]
After reset, table use_count: 2
WARNING: Table still has 1 other owner(s) after pipeline reset!
Executing script file done
$:hsh mem_usage
------------------------------------------
Memory Usage Statistics:
VmSize:	216005152 kB
VmRSS:	77383248 kB
1: MemResourceStatus {MigratedColumnsAggregate,18446744073709551615,12610235929,10275988050,10275988050,0,1,N/A}
MemResourceStatus {NumaMonotonicResource,3,60000000000,1072256,1385537328,6862871544,1,6862885264}
MemResourceStatus {NumaMonotonicResource,2,60000000000,0,0,0,0,0}
MemResourceStatus {NumaMonotonicResource,1,64000000000,1039541809,3671651606,18917318200,0,18917334560}
0: MemResourceStatus {MemManagerAggregate,18446744073709551615,124000000000,1039541809,3671651606,0,0,N/A}
1: MemResourceStatus {MemManagerAggregate,18446744073709551615,60000000000,1072256,1385537328,0,1,N/A}
MemResourceStatus {DefaultResource,18446744073709551615,18446744073709551615,0,0,0,-1,N/A}
Quick Memory Usage Overview:
Used Capacity: 1039541809, 10277060306
------------------------------------------
Executing script file: /home/umeshsum/tpch_queries/4.sql
[32m(release)[0m> select
[32m(release)[0m> 	o_orderpriority,
[32m(release)[0m> 	count(*) as order_count
[32m(release)[0m> from
[32m(release)[0m> 	orders
[32m(release)[0m> where
[32m(release)[0m> 	o_orderdate >= date '1993-07-01'
[32m(release)[0m> 	and o_orderdate < date '1993-07-01' + interval '3' month
[32m(release)[0m> 	and exists (
[32m(release)[0m> 		select
[32m(release)[0m> 			*
[32m(release)[0m> 		from
[32m(release)[0m> 			lineitem
[32m(release)[0m> 		where
[32m(release)[0m> 			l_orderkey = o_orderkey
[32m(release)[0m> 			and l_commitdate < l_receiptdate
[32m(release)[0m> 	)
[32m(release)[0m> group by
[32m(release)[0m> 	o_orderpriority
[32m(release)[0m> order by
[32m(release)[0m> 	o_orderpriority;
VmRSS Change: 48 KB
===
5 rows total
Execution info: [PARSE: 61 µs 200 ns, SQL TRANSLATE: 0 ns, OPTIMIZE: 0 ns, LQP TRANSLATE: 32 µs 850 ns, EXECUTE: 453 ms 188 µs (wall time) | QUERY PLAN CACHE HITS: 1/1 statement(s)]
After reset, table use_count: 2
WARNING: Table still has 1 other owner(s) after pipeline reset!
Executing script file done
$:hsh mem_usage
------------------------------------------
Memory Usage Statistics:
VmSize:	216005152 kB
VmRSS:	77383296 kB
1: MemResourceStatus {MigratedColumnsAggregate,18446744073709551615,12610235929,10275988050,10275988050,0,1,N/A}
MemResourceStatus {NumaMonotonicResource,3,60000000000,1072256,1385537328,9150495392,1,9150513696}
MemResourceStatus {NumaMonotonicResource,2,60000000000,0,0,0,0,0}
MemResourceStatus {NumaMonotonicResource,1,64000000000,1039541809,3671651606,18917318200,0,18917334560}
0: MemResourceStatus {MemManagerAggregate,18446744073709551615,124000000000,1039541809,3671651606,0,0,N/A}
1: MemResourceStatus {MemManagerAggregate,18446744073709551615,60000000000,1072256,1385537328,0,1,N/A}
MemResourceStatus {DefaultResource,18446744073709551615,18446744073709551615,0,0,0,-1,N/A}
Quick Memory Usage Overview:
Used Capacity: 1039541809, 10277060306
------------------------------------------
Executing script file: /home/umeshsum/tpch_queries/4.sql
[32m(release)[0m> select
[32m(release)[0m> 	o_orderpriority,
[32m(release)[0m> 	count(*) as order_count
[32m(release)[0m> from
[32m(release)[0m> 	orders
[32m(release)[0m> where
[32m(release)[0m> 	o_orderdate >= date '1993-07-01'
[32m(release)[0m> 	and o_orderdate < date '1993-07-01' + interval '3' month
[32m(release)[0m> 	and exists (
[32m(release)[0m> 		select
[32m(release)[0m> 			*
[32m(release)[0m> 		from
[32m(release)[0m> 			lineitem
[32m(release)[0m> 		where
[32m(release)[0m> 			l_orderkey = o_orderkey
[32m(release)[0m> 			and l_commitdate < l_receiptdate
[32m(release)[0m> 	)
[32m(release)[0m> group by
[32m(release)[0m> 	o_orderpriority
[32m(release)[0m> order by
[32m(release)[0m> 	o_orderpriority;
VmRSS Change: 18446744073709549276 KB
===
5 rows total
Execution info: [PARSE: 32 µs 329 ns, SQL TRANSLATE: 0 ns, OPTIMIZE: 0 ns, LQP TRANSLATE: 22 µs 510 ns, EXECUTE: 426 ms 904 µs (wall time) | QUERY PLAN CACHE HITS: 1/1 statement(s)]
After reset, table use_count: 2
WARNING: Table still has 1 other owner(s) after pipeline reset!
Executing script file done
$:hsh mem_usage
------------------------------------------
Memory Usage Statistics:
VmSize:	216005152 kB
VmRSS:	77380944 kB
1: MemResourceStatus {MigratedColumnsAggregate,18446744073709551615,12610235929,10275988050,10275988050,0,1,N/A}
MemResourceStatus {NumaMonotonicResource,3,60000000000,1072256,1385537328,11438119240,1,11438142112}
MemResourceStatus {NumaMonotonicResource,2,60000000000,0,0,0,0,0}
MemResourceStatus {NumaMonotonicResource,1,64000000000,1039541809,3671651606,18917318200,0,18917334560}
0: MemResourceStatus {MemManagerAggregate,18446744073709551615,124000000000,1039541809,3671651606,0,0,N/A}
1: MemResourceStatus {MemManagerAggregate,18446744073709551615,60000000000,1072256,1385537328,0,1,N/A}
MemResourceStatus {DefaultResource,18446744073709551615,18446744073709551615,0,0,0,-1,N/A}
Quick Memory Usage Overview:
Used Capacity: 1039541809, 10277060306
------------------------------------------
Executing script file: /home/umeshsum/tpch_queries/4.sql
[32m(release)[0m> select
[32m(release)[0m> 	o_orderpriority,
[32m(release)[0m> 	count(*) as order_count
[32m(release)[0m> from
[32m(release)[0m> 	orders
[32m(release)[0m> where
[32m(release)[0m> 	o_orderdate >= date '1993-07-01'
[32m(release)[0m> 	and o_orderdate < date '1993-07-01' + interval '3' month
[32m(release)[0m> 	and exists (
[32m(release)[0m> 		select
[32m(release)[0m> 			*
[32m(release)[0m> 		from
[32m(release)[0m> 			lineitem
[32m(release)[0m> 		where
[32m(release)[0m> 			l_orderkey = o_orderkey
[32m(release)[0m> 			and l_commitdate < l_receiptdate
[32m(release)[0m> 	)
[32m(release)[0m> group by
[32m(release)[0m> 	o_orderpriority
[32m(release)[0m> order by
[32m(release)[0m> 	o_orderpriority;
VmRSS Change: 18446744073709548988 KB
===
5 rows total
Execution info: [PARSE: 34 µs 699 ns, SQL TRANSLATE: 0 ns, OPTIMIZE: 0 ns, LQP TRANSLATE: 22 µs 610 ns, EXECUTE: 481 ms 518 µs (wall time) | QUERY PLAN CACHE HITS: 1/1 statement(s)]
After reset, table use_count: 2
WARNING: Table still has 1 other owner(s) after pipeline reset!
Executing script file done
$:hsh mem_usage
------------------------------------------
Memory Usage Statistics:
VmSize:	216005152 kB
VmRSS:	77378316 kB
1: MemResourceStatus {MigratedColumnsAggregate,18446744073709551615,12610235929,10275988050,10275988050,0,1,N/A}
MemResourceStatus {NumaMonotonicResource,3,60000000000,1072256,1385537328,13725743088,1,13725770544}
MemResourceStatus {NumaMonotonicResource,2,60000000000,0,0,0,0,0}
MemResourceStatus {NumaMonotonicResource,1,64000000000,1039541809,3671651606,18917318200,0,18917334560}
0: MemResourceStatus {MemManagerAggregate,18446744073709551615,124000000000,1039541809,3671651606,0,0,N/A}
1: MemResourceStatus {MemManagerAggregate,18446744073709551615,60000000000,1072256,1385537328,0,1,N/A}
MemResourceStatus {DefaultResource,18446744073709551615,18446744073709551615,0,0,0,-1,N/A}
Quick Memory Usage Overview:
Used Capacity: 1039541809, 10277060306
------------------------------------------
Executing script file: /home/umeshsum/tpch_queries/4.sql
[32m(release)[0m> select
[32m(release)[0m> 	o_orderpriority,
[32m(release)[0m> 	count(*) as order_count
[32m(release)[0m> from
[32m(release)[0m> 	orders
[32m(release)[0m> where
[32m(release)[0m> 	o_orderdate >= date '1993-07-01'
[32m(release)[0m> 	and o_orderdate < date '1993-07-01' + interval '3' month
[32m(release)[0m> 	and exists (
[32m(release)[0m> 		select
[32m(release)[0m> 			*
[32m(release)[0m> 		from
[32m(release)[0m> 			lineitem
[32m(release)[0m> 		where
[32m(release)[0m> 			l_orderkey = o_orderkey
[32m(release)[0m> 			and l_commitdate < l_receiptdate
[32m(release)[0m> 	)
[32m(release)[0m> group by
[32m(release)[0m> 	o_orderpriority
[32m(release)[0m> order by
[32m(release)[0m> 	o_orderpriority;
VmRSS Change: 24 KB
===
5 rows total
Execution info: [PARSE: 66 µs 199 ns, SQL TRANSLATE: 0 ns, OPTIMIZE: 0 ns, LQP TRANSLATE: 31 µs 680 ns, EXECUTE: 445 ms 156 µs (wall time) | QUERY PLAN CACHE HITS: 1/1 statement(s)]
After reset, table use_count: 2
WARNING: Table still has 1 other owner(s) after pipeline reset!
Executing script file done
$:hsh mem_usage
------------------------------------------
Memory Usage Statistics:
VmSize:	216005152 kB
VmRSS:	77378340 kB
1: MemResourceStatus {MigratedColumnsAggregate,18446744073709551615,12610235929,10275988050,10275988050,0,1,N/A}
MemResourceStatus {NumaMonotonicResource,3,60000000000,1072256,1385537328,16013366936,1,16013398992}
MemResourceStatus {NumaMonotonicResource,2,60000000000,0,0,0,0,0}
MemResourceStatus {NumaMonotonicResource,1,64000000000,1039541809,3671651606,18917318200,0,18917334560}
0: MemResourceStatus {MemManagerAggregate,18446744073709551615,124000000000,1039541809,3671651606,0,0,N/A}
1: MemResourceStatus {MemManagerAggregate,18446744073709551615,60000000000,1072256,1385537328,0,1,N/A}
MemResourceStatus {DefaultResource,18446744073709551615,18446744073709551615,0,0,0,-1,N/A}
Quick Memory Usage Overview:
Used Capacity: 1039541809, 10277060306
------------------------------------------
Executing script file: /home/umeshsum/tpch_queries/4.sql
[32m(release)[0m> select
[32m(release)[0m> 	o_orderpriority,
[32m(release)[0m> 	count(*) as order_count
[32m(release)[0m> from
[32m(release)[0m> 	orders
[32m(release)[0m> where
[32m(release)[0m> 	o_orderdate >= date '1993-07-01'
[32m(release)[0m> 	and o_orderdate < date '1993-07-01' + interval '3' month
[32m(release)[0m> 	and exists (
[32m(release)[0m> 		select
[32m(release)[0m> 			*
[32m(release)[0m> 		from
[32m(release)[0m> 			lineitem
[32m(release)[0m> 		where
[32m(release)[0m> 			l_orderkey = o_orderkey
[32m(release)[0m> 			and l_commitdate < l_receiptdate
[32m(release)[0m> 	)
[32m(release)[0m> group by
[32m(release)[0m> 	o_orderpriority
[32m(release)[0m> order by
[32m(release)[0m> 	o_orderpriority;
VmRSS Change: 0 KB
===
5 rows total
Execution info: [PARSE: 33 µs 940 ns, SQL TRANSLATE: 0 ns, OPTIMIZE: 0 ns, LQP TRANSLATE: 21 µs 880 ns, EXECUTE: 457 ms 690 µs (wall time) | QUERY PLAN CACHE HITS: 1/1 statement(s)]
After reset, table use_count: 2
WARNING: Table still has 1 other owner(s) after pipeline reset!
Executing script file done
$:hsh mem_usage
------------------------------------------
Memory Usage Statistics:
VmSize:	216005152 kB
VmRSS:	77378324 kB
1: MemResourceStatus {MigratedColumnsAggregate,18446744073709551615,12610235929,10275988050,10275988050,0,1,N/A}
MemResourceStatus {NumaMonotonicResource,3,60000000000,1072256,1385537328,18300990784,1,18301027424}
MemResourceStatus {NumaMonotonicResource,2,60000000000,0,0,0,0,0}
MemResourceStatus {NumaMonotonicResource,1,64000000000,1039541809,3671651606,18917318200,0,18917334560}
0: MemResourceStatus {MemManagerAggregate,18446744073709551615,124000000000,1039541809,3671651606,0,0,N/A}
1: MemResourceStatus {MemManagerAggregate,18446744073709551615,60000000000,1072256,1385537328,0,1,N/A}
MemResourceStatus {DefaultResource,18446744073709551615,18446744073709551615,0,0,0,-1,N/A}
Quick Memory Usage Overview:
Used Capacity: 1039541809, 10277060306
------------------------------------------
Executing script file: /home/umeshsum/tpch_queries/4.sql
[32m(release)[0m> select
[32m(release)[0m> 	o_orderpriority,
[32m(release)[0m> 	count(*) as order_count
[32m(release)[0m> from
[32m(release)[0m> 	orders
[32m(release)[0m> where
[32m(release)[0m> 	o_orderdate >= date '1993-07-01'
[32m(release)[0m> 	and o_orderdate < date '1993-07-01' + interval '3' month
[32m(release)[0m> 	and exists (
[32m(release)[0m> 		select
[32m(release)[0m> 			*
[32m(release)[0m> 		from
[32m(release)[0m> 			lineitem
[32m(release)[0m> 		where
[32m(release)[0m> 			l_orderkey = o_orderkey
[32m(release)[0m> 			and l_commitdate < l_receiptdate
[32m(release)[0m> 	)
[32m(release)[0m> group by
[32m(release)[0m> 	o_orderpriority
[32m(release)[0m> order by
[32m(release)[0m> 	o_orderpriority;
VmRSS Change: 136 KB
===
5 rows total
Execution info: [PARSE: 40 µs 180 ns, SQL TRANSLATE: 0 ns, OPTIMIZE: 0 ns, LQP TRANSLATE: 22 µs 330 ns, EXECUTE: 446 ms 219 µs (wall time) | QUERY PLAN CACHE HITS: 1/1 statement(s)]
After reset, table use_count: 2
WARNING: Table still has 1 other owner(s) after pipeline reset!
Executing script file done
$:hsh mem_usage
------------------------------------------
Memory Usage Statistics:
VmSize:	216005152 kB
VmRSS:	77378460 kB
1: MemResourceStatus {MigratedColumnsAggregate,18446744073709551615,12610235929,10275988050,10275988050,0,1,N/A}
MemResourceStatus {NumaMonotonicResource,3,60000000000,1072256,1385537328,20588614632,1,20588655872}
MemResourceStatus {NumaMonotonicResource,2,60000000000,0,0,0,0,0}
MemResourceStatus {NumaMonotonicResource,1,64000000000,1039541809,3671651606,18917318200,0,18917334560}
0: MemResourceStatus {MemManagerAggregate,18446744073709551615,124000000000,1039541809,3671651606,0,0,N/A}
1: MemResourceStatus {MemManagerAggregate,18446744073709551615,60000000000,1072256,1385537328,0,1,N/A}
MemResourceStatus {DefaultResource,18446744073709551615,18446744073709551615,0,0,0,-1,N/A}
Quick Memory Usage Overview:
Used Capacity: 1039541809, 10277060306
------------------------------------------
Executing script file: /home/umeshsum/tpch_queries/4.sql
[32m(release)[0m> select
[32m(release)[0m> 	o_orderpriority,
[32m(release)[0m> 	count(*) as order_count
[32m(release)[0m> from
[32m(release)[0m> 	orders
[32m(release)[0m> where
[32m(release)[0m> 	o_orderdate >= date '1993-07-01'
[32m(release)[0m> 	and o_orderdate < date '1993-07-01' + interval '3' month
[32m(release)[0m> 	and exists (
[32m(release)[0m> 		select
[32m(release)[0m> 			*
[32m(release)[0m> 		from
[32m(release)[0m> 			lineitem
[32m(release)[0m> 		where
[32m(release)[0m> 			l_orderkey = o_orderkey
[32m(release)[0m> 			and l_commitdate < l_receiptdate
[32m(release)[0m> 	)
[32m(release)[0m> group by
[32m(release)[0m> 	o_orderpriority
[32m(release)[0m> order by
[32m(release)[0m> 	o_orderpriority;
VmRSS Change: 18446744073709551588 KB
===
5 rows total
Execution info: [PARSE: 35 µs 650 ns, SQL TRANSLATE: 0 ns, OPTIMIZE: 0 ns, LQP TRANSLATE: 21 µs 640 ns, EXECUTE: 461 ms 772 µs (wall time) | QUERY PLAN CACHE HITS: 1/1 statement(s)]
After reset, table use_count: 2
WARNING: Table still has 1 other owner(s) after pipeline reset!
Executing script file done
$:hsh mem_usage
------------------------------------------
Memory Usage Statistics:
VmSize:	216005152 kB
VmRSS:	77378432 kB
1: MemResourceStatus {MigratedColumnsAggregate,18446744073709551615,12610235929,10275988050,10275988050,0,1,N/A}
MemResourceStatus {NumaMonotonicResource,3,60000000000,1072256,1385537328,22876238480,1,22876284304}
MemResourceStatus {NumaMonotonicResource,2,60000000000,0,0,0,0,0}
MemResourceStatus {NumaMonotonicResource,1,64000000000,1039541809,3671651606,18917318200,0,18917334560}
0: MemResourceStatus {MemManagerAggregate,18446744073709551615,124000000000,1039541809,3671651606,0,0,N/A}
1: MemResourceStatus {MemManagerAggregate,18446744073709551615,60000000000,1072256,1385537328,0,1,N/A}
MemResourceStatus {DefaultResource,18446744073709551615,18446744073709551615,0,0,0,-1,N/A}
Quick Memory Usage Overview:
Used Capacity: 1039541809, 10277060306
------------------------------------------
Label set to d0_tf0_q5
$:hsh clear_plan_caches
Cleared PQP and LQP caches
$:hsh clear_pipeline
Released last SQLPipeline
$:hsh reset_exec_pools
Reset execution pools (2, 3) bump pointers to start
$:hsh mem_usage
------------------------------------------
Memory Usage Statistics:
VmSize:	216005152 kB
VmRSS:	77378404 kB
1: MemResourceStatus {MigratedColumnsAggregate,18446744073709551615,12610235929,10275988050,10275988050,0,1,N/A}
MemResourceStatus {NumaMonotonicResource,3,60000000000,0,0,0,1,0}
MemResourceStatus {NumaMonotonicResource,2,60000000000,0,0,0,0,0}
MemResourceStatus {NumaMonotonicResource,1,64000000000,1039541809,3671651606,18917318200,0,18917334560}
0: MemResourceStatus {MemManagerAggregate,18446744073709551615,124000000000,1039541809,3671651606,0,0,N/A}
1: MemResourceStatus {MemManagerAggregate,18446744073709551615,60000000000,0,0,0,1,N/A}
MemResourceStatus {DefaultResource,18446744073709551615,18446744073709551615,0,0,0,-1,N/A}
Quick Memory Usage Overview:
Used Capacity: 1039541809, 10275988050
------------------------------------------
Executing script file: /home/umeshsum/tpch_queries/5.sql
[32m(release)[0m> select
[32m(release)[0m> 	n_name,
[32m(release)[0m> 	sum(l_extendedprice * (1 - l_discount)) as revenue
[32m(release)[0m> from
[32m(release)[0m> 	customer,
[32m(release)[0m> 	orders,
[32m(release)[0m> 	lineitem,
[32m(release)[0m> 	supplier,
[32m(release)[0m> 	nation,
[32m(release)[0m> 	region
[32m(release)[0m> where
[32m(release)[0m> 	c_custkey = o_custkey
[32m(release)[0m> 	and l_orderkey = o_orderkey
[32m(release)[0m> 	and l_suppkey = s_suppkey
[32m(release)[0m> 	and c_nationkey = s_nationkey
[32m(release)[0m> 	and s_nationkey = n_nationkey
[32m(release)[0m> 	and n_regionkey = r_regionkey
[32m(release)[0m> 	and r_name = 'ASIA'
[32m(release)[0m> 	and o_orderdate >= date '1994-01-01'
[32m(release)[0m> 	and o_orderdate < date '1994-01-01' + interval '1' year
[32m(release)[0m> group by
[32m(release)[0m> 	n_name
[32m(release)[0m> order by
[32m(release)[0m> 	revenue desc;
VmRSS Change: 228 KB
===
5 rows total
Execution info: [PARSE: 46 µs 269 ns, SQL TRANSLATE: 148 µs 789 ns, OPTIMIZE: 7 ms 534 µs, LQP TRANSLATE: 118 µs 309 ns, EXECUTE: 545 ms 862 µs (wall time) | QUERY PLAN CACHE HITS: 0/1 statement(s)]
After reset, table use_count: 2
WARNING: Table still has 1 other owner(s) after pipeline reset!
Executing script file done
$:hsh mem_usage
------------------------------------------
Memory Usage Statistics:
VmSize:	216005152 kB
VmRSS:	77378828 kB
1: MemResourceStatus {MigratedColumnsAggregate,18446744073709551615,12610235929,10275988050,10275988050,0,1,N/A}
MemResourceStatus {NumaMonotonicResource,3,60000000000,1049680,1228896632,3204626372,1,3204633176}
MemResourceStatus {NumaMonotonicResource,2,60000000000,0,0,0,0,0}
MemResourceStatus {NumaMonotonicResource,1,64000000000,1039541809,3671651606,18917318200,0,18917334560}
0: MemResourceStatus {MemManagerAggregate,18446744073709551615,124000000000,1039541809,3671651606,0,0,N/A}
1: MemResourceStatus {MemManagerAggregate,18446744073709551615,60000000000,1049680,1228896632,0,1,N/A}
MemResourceStatus {DefaultResource,18446744073709551615,18446744073709551615,0,0,0,-1,N/A}
Quick Memory Usage Overview:
Used Capacity: 1039541809, 10277037730
------------------------------------------
Executing script file: /home/umeshsum/tpch_queries/5.sql
[32m(release)[0m> select
[32m(release)[0m> 	n_name,
[32m(release)[0m> 	sum(l_extendedprice * (1 - l_discount)) as revenue
[32m(release)[0m> from
[32m(release)[0m> 	customer,
[32m(release)[0m> 	orders,
[32m(release)[0m> 	lineitem,
[32m(release)[0m> 	supplier,
[32m(release)[0m> 	nation,
[32m(release)[0m> 	region
[32m(release)[0m> where
[32m(release)[0m> 	c_custkey = o_custkey
[32m(release)[0m> 	and l_orderkey = o_orderkey
[32m(release)[0m> 	and l_suppkey = s_suppkey
[32m(release)[0m> 	and c_nationkey = s_nationkey
[32m(release)[0m> 	and s_nationkey = n_nationkey
[32m(release)[0m> 	and n_regionkey = r_regionkey
[32m(release)[0m> 	and r_name = 'ASIA'
[32m(release)[0m> 	and o_orderdate >= date '1994-01-01'
[32m(release)[0m> 	and o_orderdate < date '1994-01-01' + interval '1' year
[32m(release)[0m> group by
[32m(release)[0m> 	n_name
[32m(release)[0m> order by
[32m(release)[0m> 	revenue desc;
VmRSS Change: 18446744073709551500 KB
===
5 rows total
Execution info: [PARSE: 44 µs 249 ns, SQL TRANSLATE: 0 ns, OPTIMIZE: 0 ns, LQP TRANSLATE: 36 µs 499 ns, EXECUTE: 531 ms 382 µs (wall time) | QUERY PLAN CACHE HITS: 1/1 statement(s)]
After reset, table use_count: 2
WARNING: Table still has 1 other owner(s) after pipeline reset!
Executing script file done
$:hsh mem_usage
------------------------------------------
Memory Usage Statistics:
VmSize:	216005152 kB
VmRSS:	77378712 kB
1: MemResourceStatus {MigratedColumnsAggregate,18446744073709551615,12610235929,10275988050,10275988050,0,1,N/A}
MemResourceStatus {NumaMonotonicResource,3,60000000000,1050368,1228896632,6409252744,1,6409266328}
MemResourceStatus {NumaMonotonicResource,2,60000000000,0,0,0,0,0}
MemResourceStatus {NumaMonotonicResource,1,64000000000,1039541809,3671651606,18917318200,0,18917334560}
0: MemResourceStatus {MemManagerAggregate,18446744073709551615,124000000000,1039541809,3671651606,0,0,N/A}
1: MemResourceStatus {MemManagerAggregate,18446744073709551615,60000000000,1050368,1228896632,0,1,N/A}
MemResourceStatus {DefaultResource,18446744073709551615,18446744073709551615,0,0,0,-1,N/A}
Quick Memory Usage Overview:
Used Capacity: 1039541809, 10277038418
------------------------------------------
Executing script file: /home/umeshsum/tpch_queries/5.sql
[32m(release)[0m> select
[32m(release)[0m> 	n_name,
[32m(release)[0m> 	sum(l_extendedprice * (1 - l_discount)) as revenue
[32m(release)[0m> from
[32m(release)[0m> 	customer,
[32m(release)[0m> 	orders,
[32m(release)[0m> 	lineitem,
[32m(release)[0m> 	supplier,
[32m(release)[0m> 	nation,
[32m(release)[0m> 	region
[32m(release)[0m> where
[32m(release)[0m> 	c_custkey = o_custkey
[32m(release)[0m> 	and l_orderkey = o_orderkey
[32m(release)[0m> 	and l_suppkey = s_suppkey
[32m(release)[0m> 	and c_nationkey = s_nationkey
[32m(release)[0m> 	and s_nationkey = n_nationkey
[32m(release)[0m> 	and n_regionkey = r_regionkey
[32m(release)[0m> 	and r_name = 'ASIA'
[32m(release)[0m> 	and o_orderdate >= date '1994-01-01'
[32m(release)[0m> 	and o_orderdate < date '1994-01-01' + interval '1' year
[32m(release)[0m> group by
[32m(release)[0m> 	n_name
[32m(release)[0m> order by
[32m(release)[0m> 	revenue desc;
VmRSS Change: 18446744073709551380 KB
===
5 rows total
Execution info: [PARSE: 43 µs 860 ns, SQL TRANSLATE: 0 ns, OPTIMIZE: 0 ns, LQP TRANSLATE: 31 µs 530 ns, EXECUTE: 532 ms 571 µs (wall time) | QUERY PLAN CACHE HITS: 1/1 statement(s)]
After reset, table use_count: 2
WARNING: Table still has 1 other owner(s) after pipeline reset!
Executing script file done
$:hsh mem_usage
------------------------------------------
Memory Usage Statistics:
VmSize:	216005152 kB
VmRSS:	77378476 kB
1: MemResourceStatus {MigratedColumnsAggregate,18446744073709551615,12610235929,10275988050,10275988050,0,1,N/A}
MemResourceStatus {NumaMonotonicResource,3,60000000000,1050368,1228897320,9613879116,1,9613899496}
MemResourceStatus {NumaMonotonicResource,2,60000000000,0,0,0,0,0}
MemResourceStatus {NumaMonotonicResource,1,64000000000,1039541809,3671651606,18917318200,0,18917334560}
0: MemResourceStatus {MemManagerAggregate,18446744073709551615,124000000000,1039541809,3671651606,0,0,N/A}
1: MemResourceStatus {MemManagerAggregate,18446744073709551615,60000000000,1050368,1228897320,0,1,N/A}
MemResourceStatus {DefaultResource,18446744073709551615,18446744073709551615,0,0,0,-1,N/A}
Quick Memory Usage Overview:
Used Capacity: 1039541809, 10277038418
------------------------------------------
Executing script file: /home/umeshsum/tpch_queries/5.sql
[32m(release)[0m> select
[32m(release)[0m> 	n_name,
[32m(release)[0m> 	sum(l_extendedprice * (1 - l_discount)) as revenue
[32m(release)[0m> from
[32m(release)[0m> 	customer,
[32m(release)[0m> 	orders,
[32m(release)[0m> 	lineitem,
[32m(release)[0m> 	supplier,
[32m(release)[0m> 	nation,
[32m(release)[0m> 	region
[32m(release)[0m> where
[32m(release)[0m> 	c_custkey = o_custkey
[32m(release)[0m> 	and l_orderkey = o_orderkey
[32m(release)[0m> 	and l_suppkey = s_suppkey
[32m(release)[0m> 	and c_nationkey = s_nationkey
[32m(release)[0m> 	and s_nationkey = n_nationkey
[32m(release)[0m> 	and n_regionkey = r_regionkey
[32m(release)[0m> 	and r_name = 'ASIA'
[32m(release)[0m> 	and o_orderdate >= date '1994-01-01'
[32m(release)[0m> 	and o_orderdate < date '1994-01-01' + interval '1' year
[32m(release)[0m> group by
[32m(release)[0m> 	n_name
[32m(release)[0m> order by
[32m(release)[0m> 	revenue desc;
VmRSS Change: 18446744073709551308 KB
===
5 rows total
Execution info: [PARSE: 39 µs 400 ns, SQL TRANSLATE: 0 ns, OPTIMIZE: 0 ns, LQP TRANSLATE: 31 µs 119 ns, EXECUTE: 568 ms 539 µs (wall time) | QUERY PLAN CACHE HITS: 1/1 statement(s)]
After reset, table use_count: 2
WARNING: Table still has 1 other owner(s) after pipeline reset!
Executing script file done
$:hsh mem_usage
------------------------------------------
Memory Usage Statistics:
VmSize:	216005152 kB
VmRSS:	77378168 kB
1: MemResourceStatus {MigratedColumnsAggregate,18446744073709551615,12610235929,10275988050,10275988050,0,1,N/A}
MemResourceStatus {NumaMonotonicResource,3,60000000000,1050368,1228962856,12818505488,1,12818532648}
MemResourceStatus {NumaMonotonicResource,2,60000000000,0,0,0,0,0}
MemResourceStatus {NumaMonotonicResource,1,64000000000,1039541809,3671651606,18917318200,0,18917334560}
0: MemResourceStatus {MemManagerAggregate,18446744073709551615,124000000000,1039541809,3671651606,0,0,N/A}
1: MemResourceStatus {MemManagerAggregate,18446744073709551615,60000000000,1050368,1228962856,0,1,N/A}
MemResourceStatus {DefaultResource,18446744073709551615,18446744073709551615,0,0,0,-1,N/A}
Quick Memory Usage Overview:
Used Capacity: 1039541809, 10277038418
------------------------------------------
Executing script file: /home/umeshsum/tpch_queries/5.sql
[32m(release)[0m> select
[32m(release)[0m> 	n_name,
[32m(release)[0m> 	sum(l_extendedprice * (1 - l_discount)) as revenue
[32m(release)[0m> from
[32m(release)[0m> 	customer,
[32m(release)[0m> 	orders,
[32m(release)[0m> 	lineitem,
[32m(release)[0m> 	supplier,
[32m(release)[0m> 	nation,
[32m(release)[0m> 	region
[32m(release)[0m> where
[32m(release)[0m> 	c_custkey = o_custkey
[32m(release)[0m> 	and l_orderkey = o_orderkey
[32m(release)[0m> 	and l_suppkey = s_suppkey
[32m(release)[0m> 	and c_nationkey = s_nationkey
[32m(release)[0m> 	and s_nationkey = n_nationkey
[32m(release)[0m> 	and n_regionkey = r_regionkey
[32m(release)[0m> 	and r_name = 'ASIA'
[32m(release)[0m> 	and o_orderdate >= date '1994-01-01'
[32m(release)[0m> 	and o_orderdate < date '1994-01-01' + interval '1' year
[32m(release)[0m> group by
[32m(release)[0m> 	n_name
[32m(release)[0m> order by
[32m(release)[0m> 	revenue desc;
VmRSS Change: 18446744073709551560 KB
===
5 rows total
Execution info: [PARSE: 43 µs 429 ns, SQL TRANSLATE: 0 ns, OPTIMIZE: 0 ns, LQP TRANSLATE: 33 µs 970 ns, EXECUTE: 521 ms 182 µs (wall time) | QUERY PLAN CACHE HITS: 1/1 statement(s)]
After reset, table use_count: 2
WARNING: Table still has 1 other owner(s) after pipeline reset!
Executing script file done
$:hsh mem_usage
------------------------------------------
Memory Usage Statistics:
VmSize:	216005152 kB
VmRSS:	77378112 kB
1: MemResourceStatus {MigratedColumnsAggregate,18446744073709551615,12610235929,10275988050,10275988050,0,1,N/A}
MemResourceStatus {NumaMonotonicResource,3,60000000000,1050368,1229093928,16023131860,1,16023165800}
MemResourceStatus {NumaMonotonicResource,2,60000000000,0,0,0,0,0}
MemResourceStatus {NumaMonotonicResource,1,64000000000,1039541809,3671651606,18917318200,0,18917334560}
0: MemResourceStatus {MemManagerAggregate,18446744073709551615,124000000000,1039541809,3671651606,0,0,N/A}
1: MemResourceStatus {MemManagerAggregate,18446744073709551615,60000000000,1050368,1229093928,0,1,N/A}
MemResourceStatus {DefaultResource,18446744073709551615,18446744073709551615,0,0,0,-1,N/A}
Quick Memory Usage Overview:
Used Capacity: 1039541809, 10277038418
------------------------------------------
Executing script file: /home/umeshsum/tpch_queries/5.sql
[32m(release)[0m> select
[32m(release)[0m> 	n_name,
[32m(release)[0m> 	sum(l_extendedprice * (1 - l_discount)) as revenue
[32m(release)[0m> from
[32m(release)[0m> 	customer,
[32m(release)[0m> 	orders,
[32m(release)[0m> 	lineitem,
[32m(release)[0m> 	supplier,
[32m(release)[0m> 	nation,
[32m(release)[0m> 	region
[32m(release)[0m> where
[32m(release)[0m> 	c_custkey = o_custkey
[32m(release)[0m> 	and l_orderkey = o_orderkey
[32m(release)[0m> 	and l_suppkey = s_suppkey
[32m(release)[0m> 	and c_nationkey = s_nationkey
[32m(release)[0m> 	and s_nationkey = n_nationkey
[32m(release)[0m> 	and n_regionkey = r_regionkey
[32m(release)[0m> 	and r_name = 'ASIA'
[32m(release)[0m> 	and o_orderdate >= date '1994-01-01'
[32m(release)[0m> 	and o_orderdate < date '1994-01-01' + interval '1' year
[32m(release)[0m> group by
[32m(release)[0m> 	n_name
[32m(release)[0m> order by
[32m(release)[0m> 	revenue desc;
VmRSS Change: 18446744073709551512 KB
===
5 rows total
Execution info: [PARSE: 39 µs 390 ns, SQL TRANSLATE: 0 ns, OPTIMIZE: 0 ns, LQP TRANSLATE: 31 µs 29 ns, EXECUTE: 562 ms 509 µs (wall time) | QUERY PLAN CACHE HITS: 1/1 statement(s)]
After reset, table use_count: 2
WARNING: Table still has 1 other owner(s) after pipeline reset!
Executing script file done
$:hsh mem_usage
------------------------------------------
Memory Usage Statistics:
VmSize:	216005152 kB
VmRSS:	77377992 kB
1: MemResourceStatus {MigratedColumnsAggregate,18446744073709551615,12610235929,10275988050,10275988050,0,1,N/A}
MemResourceStatus {NumaMonotonicResource,3,60000000000,1050368,1229093928,19227758232,1,19227798920}
MemResourceStatus {NumaMonotonicResource,2,60000000000,0,0,0,0,0}
MemResourceStatus {NumaMonotonicResource,1,64000000000,1039541809,3671651606,18917318200,0,18917334560}
0: MemResourceStatus {MemManagerAggregate,18446744073709551615,124000000000,1039541809,3671651606,0,0,N/A}
1: MemResourceStatus {MemManagerAggregate,18446744073709551615,60000000000,1050368,1229093928,0,1,N/A}
MemResourceStatus {DefaultResource,18446744073709551615,18446744073709551615,0,0,0,-1,N/A}
Quick Memory Usage Overview:
Used Capacity: 1039541809, 10277038418
------------------------------------------
Executing script file: /home/umeshsum/tpch_queries/5.sql
[32m(release)[0m> select
[32m(release)[0m> 	n_name,
[32m(release)[0m> 	sum(l_extendedprice * (1 - l_discount)) as revenue
[32m(release)[0m> from
[32m(release)[0m> 	customer,
[32m(release)[0m> 	orders,
[32m(release)[0m> 	lineitem,
[32m(release)[0m> 	supplier,
[32m(release)[0m> 	nation,
[32m(release)[0m> 	region
[32m(release)[0m> where
[32m(release)[0m> 	c_custkey = o_custkey
[32m(release)[0m> 	and l_orderkey = o_orderkey
[32m(release)[0m> 	and l_suppkey = s_suppkey
[32m(release)[0m> 	and c_nationkey = s_nationkey
[32m(release)[0m> 	and s_nationkey = n_nationkey
[32m(release)[0m> 	and n_regionkey = r_regionkey
[32m(release)[0m> 	and r_name = 'ASIA'
[32m(release)[0m> 	and o_orderdate >= date '1994-01-01'
[32m(release)[0m> 	and o_orderdate < date '1994-01-01' + interval '1' year
[32m(release)[0m> group by
[32m(release)[0m> 	n_name
[32m(release)[0m> order by
[32m(release)[0m> 	revenue desc;
VmRSS Change: 12 KB
===
5 rows total
Execution info: [PARSE: 34 µs 40 ns, SQL TRANSLATE: 0 ns, OPTIMIZE: 0 ns, LQP TRANSLATE: 27 µs 880 ns, EXECUTE: 536 ms 327 µs (wall time) | QUERY PLAN CACHE HITS: 1/1 statement(s)]
After reset, table use_count: 2
WARNING: Table still has 1 other owner(s) after pipeline reset!
Executing script file done
$:hsh mem_usage
------------------------------------------
Memory Usage Statistics:
VmSize:	216005152 kB
VmRSS:	77378004 kB
1: MemResourceStatus {MigratedColumnsAggregate,18446744073709551615,12610235929,10275988050,10275988050,0,1,N/A}
MemResourceStatus {NumaMonotonicResource,3,60000000000,1050368,1229093928,22432384604,1,22432432056}
MemResourceStatus {NumaMonotonicResource,2,60000000000,0,0,0,0,0}
MemResourceStatus {NumaMonotonicResource,1,64000000000,1039541809,3671651606,18917318200,0,18917334560}
0: MemResourceStatus {MemManagerAggregate,18446744073709551615,124000000000,1039541809,3671651606,0,0,N/A}
1: MemResourceStatus {MemManagerAggregate,18446744073709551615,60000000000,1050368,1229093928,0,1,N/A}
MemResourceStatus {DefaultResource,18446744073709551615,18446744073709551615,0,0,0,-1,N/A}
Quick Memory Usage Overview:
Used Capacity: 1039541809, 10277038418
------------------------------------------
Executing script file: /home/umeshsum/tpch_queries/5.sql
[32m(release)[0m> select
[32m(release)[0m> 	n_name,
[32m(release)[0m> 	sum(l_extendedprice * (1 - l_discount)) as revenue
[32m(release)[0m> from
[32m(release)[0m> 	customer,
[32m(release)[0m> 	orders,
[32m(release)[0m> 	lineitem,
[32m(release)[0m> 	supplier,
[32m(release)[0m> 	nation,
[32m(release)[0m> 	region
[32m(release)[0m> where
[32m(release)[0m> 	c_custkey = o_custkey
[32m(release)[0m> 	and l_orderkey = o_orderkey
[32m(release)[0m> 	and l_suppkey = s_suppkey
[32m(release)[0m> 	and c_nationkey = s_nationkey
[32m(release)[0m> 	and s_nationkey = n_nationkey
[32m(release)[0m> 	and n_regionkey = r_regionkey
[32m(release)[0m> 	and r_name = 'ASIA'
[32m(release)[0m> 	and o_orderdate >= date '1994-01-01'
[32m(release)[0m> 	and o_orderdate < date '1994-01-01' + interval '1' year
[32m(release)[0m> group by
[32m(release)[0m> 	n_name
[32m(release)[0m> order by
[32m(release)[0m> 	revenue desc;
VmRSS Change: 18446744073709551600 KB
===
5 rows total
Execution info: [PARSE: 34 µs 989 ns, SQL TRANSLATE: 0 ns, OPTIMIZE: 0 ns, LQP TRANSLATE: 29 µs 800 ns, EXECUTE: 529 ms 461 µs (wall time) | QUERY PLAN CACHE HITS: 1/1 statement(s)]
After reset, table use_count: 2
WARNING: Table still has 1 other owner(s) after pipeline reset!
Executing script file done
$:hsh mem_usage
------------------------------------------
Memory Usage Statistics:
VmSize:	216005152 kB
VmRSS:	77377988 kB
1: MemResourceStatus {MigratedColumnsAggregate,18446744073709551615,12610235929,10275988050,10275988050,0,1,N/A}
MemResourceStatus {NumaMonotonicResource,3,60000000000,1050368,1229093928,25637010976,1,25637065208}
MemResourceStatus {NumaMonotonicResource,2,60000000000,0,0,0,0,0}
MemResourceStatus {NumaMonotonicResource,1,64000000000,1039541809,3671651606,18917318200,0,18917334560}
0: MemResourceStatus {MemManagerAggregate,18446744073709551615,124000000000,1039541809,3671651606,0,0,N/A}
1: MemResourceStatus {MemManagerAggregate,18446744073709551615,60000000000,1050368,1229093928,0,1,N/A}
MemResourceStatus {DefaultResource,18446744073709551615,18446744073709551615,0,0,0,-1,N/A}
Quick Memory Usage Overview:
Used Capacity: 1039541809, 10277038418
------------------------------------------
Executing script file: /home/umeshsum/tpch_queries/5.sql
[32m(release)[0m> select
[32m(release)[0m> 	n_name,
[32m(release)[0m> 	sum(l_extendedprice * (1 - l_discount)) as revenue
[32m(release)[0m> from
[32m(release)[0m> 	customer,
[32m(release)[0m> 	orders,
[32m(release)[0m> 	lineitem,
[32m(release)[0m> 	supplier,
[32m(release)[0m> 	nation,
[32m(release)[0m> 	region
[32m(release)[0m> where
[32m(release)[0m> 	c_custkey = o_custkey
[32m(release)[0m> 	and l_orderkey = o_orderkey
[32m(release)[0m> 	and l_suppkey = s_suppkey
[32m(release)[0m> 	and c_nationkey = s_nationkey
[32m(release)[0m> 	and s_nationkey = n_nationkey
[32m(release)[0m> 	and n_regionkey = r_regionkey
[32m(release)[0m> 	and r_name = 'ASIA'
[32m(release)[0m> 	and o_orderdate >= date '1994-01-01'
[32m(release)[0m> 	and o_orderdate < date '1994-01-01' + interval '1' year
[32m(release)[0m> group by
[32m(release)[0m> 	n_name
[32m(release)[0m> order by
[32m(release)[0m> 	revenue desc;
VmRSS Change: 18446744073709551552 KB
===
5 rows total
Execution info: [PARSE: 35 µs 660 ns, SQL TRANSLATE: 0 ns, OPTIMIZE: 0 ns, LQP TRANSLATE: 28 µs 290 ns, EXECUTE: 526 ms 776 µs (wall time) | QUERY PLAN CACHE HITS: 1/1 statement(s)]
After reset, table use_count: 2
WARNING: Table still has 1 other owner(s) after pipeline reset!
Executing script file done
$:hsh mem_usage
------------------------------------------
Memory Usage Statistics:
VmSize:	216005152 kB
VmRSS:	77377884 kB
1: MemResourceStatus {MigratedColumnsAggregate,18446744073709551615,12610235929,10275988050,10275988050,0,1,N/A}
MemResourceStatus {NumaMonotonicResource,3,60000000000,1050368,1229159464,28841637348,1,28841698392}
MemResourceStatus {NumaMonotonicResource,2,60000000000,0,0,0,0,0}
MemResourceStatus {NumaMonotonicResource,1,64000000000,1039541809,3671651606,18917318200,0,18917334560}
0: MemResourceStatus {MemManagerAggregate,18446744073709551615,124000000000,1039541809,3671651606,0,0,N/A}
1: MemResourceStatus {MemManagerAggregate,18446744073709551615,60000000000,1050368,1229159464,0,1,N/A}
MemResourceStatus {DefaultResource,18446744073709551615,18446744073709551615,0,0,0,-1,N/A}
Quick Memory Usage Overview:
Used Capacity: 1039541809, 10277038418
------------------------------------------
Executing script file: /home/umeshsum/tpch_queries/5.sql
[32m(release)[0m> select
[32m(release)[0m> 	n_name,
[32m(release)[0m> 	sum(l_extendedprice * (1 - l_discount)) as revenue
[32m(release)[0m> from
[32m(release)[0m> 	customer,
[32m(release)[0m> 	orders,
[32m(release)[0m> 	lineitem,
[32m(release)[0m> 	supplier,
[32m(release)[0m> 	nation,
[32m(release)[0m> 	region
[32m(release)[0m> where
[32m(release)[0m> 	c_custkey = o_custkey
[32m(release)[0m> 	and l_orderkey = o_orderkey
[32m(release)[0m> 	and l_suppkey = s_suppkey
[32m(release)[0m> 	and c_nationkey = s_nationkey
[32m(release)[0m> 	and s_nationkey = n_nationkey
[32m(release)[0m> 	and n_regionkey = r_regionkey
[32m(release)[0m> 	and r_name = 'ASIA'
[32m(release)[0m> 	and o_orderdate >= date '1994-01-01'
[32m(release)[0m> 	and o_orderdate < date '1994-01-01' + interval '1' year
[32m(release)[0m> group by
[32m(release)[0m> 	n_name
[32m(release)[0m> order by
[32m(release)[0m> 	revenue desc;
VmRSS Change: 196 KB
===
5 rows total
Execution info: [PARSE: 36 µs 760 ns, SQL TRANSLATE: 0 ns, OPTIMIZE: 0 ns, LQP TRANSLATE: 30 µs 670 ns, EXECUTE: 531 ms 241 µs (wall time) | QUERY PLAN CACHE HITS: 1/1 statement(s)]
After reset, table use_count: 2
WARNING: Table still has 1 other owner(s) after pipeline reset!
Executing script file done
$:hsh mem_usage
------------------------------------------
Memory Usage Statistics:
VmSize:	216005152 kB
VmRSS:	77378080 kB
1: MemResourceStatus {MigratedColumnsAggregate,18446744073709551615,12610235929,10275988050,10275988050,0,1,N/A}
MemResourceStatus {NumaMonotonicResource,3,60000000000,1050368,1229159464,32046263720,1,32046331576}
MemResourceStatus {NumaMonotonicResource,2,60000000000,0,0,0,0,0}
MemResourceStatus {NumaMonotonicResource,1,64000000000,1039541809,3671651606,18917318200,0,18917334560}
0: MemResourceStatus {MemManagerAggregate,18446744073709551615,124000000000,1039541809,3671651606,0,0,N/A}
1: MemResourceStatus {MemManagerAggregate,18446744073709551615,60000000000,1050368,1229159464,0,1,N/A}
MemResourceStatus {DefaultResource,18446744073709551615,18446744073709551615,0,0,0,-1,N/A}
Quick Memory Usage Overview:
Used Capacity: 1039541809, 10277038418
------------------------------------------
Label set to d0_tf0_q6
$:hsh clear_plan_caches
Cleared PQP and LQP caches
$:hsh clear_pipeline
Released last SQLPipeline
$:hsh reset_exec_pools
Reset execution pools (2, 3) bump pointers to start
$:hsh mem_usage
------------------------------------------
Memory Usage Statistics:
VmSize:	216005152 kB
VmRSS:	77378080 kB
1: MemResourceStatus {MigratedColumnsAggregate,18446744073709551615,12610235929,10275988050,10275988050,0,1,N/A}
MemResourceStatus {NumaMonotonicResource,3,60000000000,0,0,0,1,0}
MemResourceStatus {NumaMonotonicResource,2,60000000000,0,0,0,0,0}
MemResourceStatus {NumaMonotonicResource,1,64000000000,1039541809,3671651606,18917318200,0,18917334560}
0: MemResourceStatus {MemManagerAggregate,18446744073709551615,124000000000,1039541809,3671651606,0,0,N/A}
1: MemResourceStatus {MemManagerAggregate,18446744073709551615,60000000000,0,0,0,1,N/A}
MemResourceStatus {DefaultResource,18446744073709551615,18446744073709551615,0,0,0,-1,N/A}
Quick Memory Usage Overview:
Used Capacity: 1039541809, 10275988050
------------------------------------------
Executing script file: /home/umeshsum/tpch_queries/6.sql
[32m(release)[0m> select
[32m(release)[0m> 	sum(l_extendedprice * l_discount) as revenue
[32m(release)[0m> from
[32m(release)[0m> 	lineitem
[32m(release)[0m> where
[32m(release)[0m> 	l_shipdate >= date '1994-01-01'
[32m(release)[0m> 	and l_shipdate < date '1994-01-01' + interval '1' year
[32m(release)[0m> 	and l_discount between .06 - 0.01 and .06 + 0.01
[32m(release)[0m> 	and l_quantity < 24;
VmRSS Change: 188 KB
===
1 rows total
Execution info: [PARSE: 35 µs 780 ns, SQL TRANSLATE: 84 µs 189 ns, OPTIMIZE: 2 ms 324 µs, LQP TRANSLATE: 27 µs 920 ns, EXECUTE: 63 ms 658 µs (wall time) | QUERY PLAN CACHE HITS: 0/1 statement(s)]
After reset, table use_count: 2
WARNING: Table still has 1 other owner(s) after pipeline reset!
Executing script file done
$:hsh mem_usage
------------------------------------------
Memory Usage Statistics:
VmSize:	216005152 kB
VmRSS:	77378292 kB
1: MemResourceStatus {MigratedColumnsAggregate,18446744073709551615,12610235929,10275988050,10275988050,0,1,N/A}
MemResourceStatus {NumaMonotonicResource,3,60000000000,432,121122664,264026752,1,264028104}
MemResourceStatus {NumaMonotonicResource,2,60000000000,0,0,0,0,0}
MemResourceStatus {NumaMonotonicResource,1,64000000000,1039541809,3671651606,18917318200,0,18917334560}
0: MemResourceStatus {MemManagerAggregate,18446744073709551615,124000000000,1039541809,3671651606,0,0,N/A}
1: MemResourceStatus {MemManagerAggregate,18446744073709551615,60000000000,432,121122664,0,1,N/A}
MemResourceStatus {DefaultResource,18446744073709551615,18446744073709551615,0,0,0,-1,N/A}
Quick Memory Usage Overview:
Used Capacity: 1039541809, 10275988482
------------------------------------------
Executing script file: /home/umeshsum/tpch_queries/6.sql
[32m(release)[0m> select
[32m(release)[0m> 	sum(l_extendedprice * l_discount) as revenue
[32m(release)[0m> from
[32m(release)[0m> 	lineitem
[32m(release)[0m> where
[32m(release)[0m> 	l_shipdate >= date '1994-01-01'
[32m(release)[0m> 	and l_shipdate < date '1994-01-01' + interval '1' year
[32m(release)[0m> 	and l_discount between .06 - 0.01 and .06 + 0.01
[32m(release)[0m> 	and l_quantity < 24;
VmRSS Change: 164 KB
===
1 rows total
Execution info: [PARSE: 29 µs 989 ns, SQL TRANSLATE: 0 ns, OPTIMIZE: 0 ns, LQP TRANSLATE: 21 µs 750 ns, EXECUTE: 63 ms 643 µs (wall time) | QUERY PLAN CACHE HITS: 1/1 statement(s)]
After reset, table use_count: 2
WARNING: Table still has 1 other owner(s) after pipeline reset!
Executing script file done
$:hsh mem_usage
------------------------------------------
Memory Usage Statistics:
VmSize:	216005152 kB
VmRSS:	77378456 kB
1: MemResourceStatus {MigratedColumnsAggregate,18446744073709551615,12610235929,10275988050,10275988050,0,1,N/A}
MemResourceStatus {NumaMonotonicResource,3,60000000000,712,121122944,528053456,1,528056248}
MemResourceStatus {NumaMonotonicResource,2,60000000000,0,0,0,0,0}
MemResourceStatus {NumaMonotonicResource,1,64000000000,1039541809,3671651606,18917318200,0,18917334560}
0: MemResourceStatus {MemManagerAggregate,18446744073709551615,124000000000,1039541809,3671651606,0,0,N/A}
1: MemResourceStatus {MemManagerAggregate,18446744073709551615,60000000000,712,121122944,0,1,N/A}
MemResourceStatus {DefaultResource,18446744073709551615,18446744073709551615,0,0,0,-1,N/A}
Quick Memory Usage Overview:
Used Capacity: 1039541809, 10275988762
------------------------------------------
Executing script file: /home/umeshsum/tpch_queries/6.sql
[32m(release)[0m> select
[32m(release)[0m> 	sum(l_extendedprice * l_discount) as revenue
[32m(release)[0m> from
[32m(release)[0m> 	lineitem
[32m(release)[0m> where
[32m(release)[0m> 	l_shipdate >= date '1994-01-01'
[32m(release)[0m> 	and l_shipdate < date '1994-01-01' + interval '1' year
[32m(release)[0m> 	and l_discount between .06 - 0.01 and .06 + 0.01
[32m(release)[0m> 	and l_quantity < 24;
VmRSS Change: 344 KB
===
1 rows total
Execution info: [PARSE: 30 µs 439 ns, SQL TRANSLATE: 0 ns, OPTIMIZE: 0 ns, LQP TRANSLATE: 21 µs 30 ns, EXECUTE: 64 ms 88 µs (wall time) | QUERY PLAN CACHE HITS: 1/1 statement(s)]
After reset, table use_count: 2
WARNING: Table still has 1 other owner(s) after pipeline reset!
Executing script file done
$:hsh mem_usage
------------------------------------------
Memory Usage Statistics:
VmSize:	216005152 kB
VmRSS:	77378800 kB
1: MemResourceStatus {MigratedColumnsAggregate,18446744073709551615,12610235929,10275988050,10275988050,0,1,N/A}
MemResourceStatus {NumaMonotonicResource,3,60000000000,712,121122944,792080160,1,792084360}
MemResourceStatus {NumaMonotonicResource,2,60000000000,0,0,0,0,0}
MemResourceStatus {NumaMonotonicResource,1,64000000000,1039541809,3671651606,18917318200,0,18917334560}
0: MemResourceStatus {MemManagerAggregate,18446744073709551615,124000000000,1039541809,3671651606,0,0,N/A}
1: MemResourceStatus {MemManagerAggregate,18446744073709551615,60000000000,712,121122944,0,1,N/A}
MemResourceStatus {DefaultResource,18446744073709551615,18446744073709551615,0,0,0,-1,N/A}
Quick Memory Usage Overview:
Used Capacity: 1039541809, 10275988762
------------------------------------------
Executing script file: /home/umeshsum/tpch_queries/6.sql
[32m(release)[0m> select
[32m(release)[0m> 	sum(l_extendedprice * l_discount) as revenue
[32m(release)[0m> from
[32m(release)[0m> 	lineitem
[32m(release)[0m> where
[32m(release)[0m> 	l_shipdate >= date '1994-01-01'
[32m(release)[0m> 	and l_shipdate < date '1994-01-01' + interval '1' year
[32m(release)[0m> 	and l_discount between .06 - 0.01 and .06 + 0.01
[32m(release)[0m> 	and l_quantity < 24;
VmRSS Change: 164 KB
===
1 rows total
Execution info: [PARSE: 30 µs 650 ns, SQL TRANSLATE: 0 ns, OPTIMIZE: 0 ns, LQP TRANSLATE: 20 µs 840 ns, EXECUTE: 63 ms 132 µs (wall time) | QUERY PLAN CACHE HITS: 1/1 statement(s)]
After reset, table use_count: 2
WARNING: Table still has 1 other owner(s) after pipeline reset!
Executing script file done
$:hsh mem_usage
------------------------------------------
Memory Usage Statistics:
VmSize:	216005152 kB
VmRSS:	77378964 kB
1: MemResourceStatus {MigratedColumnsAggregate,18446744073709551615,12610235929,10275988050,10275988050,0,1,N/A}
MemResourceStatus {NumaMonotonicResource,3,60000000000,712,121122944,1056106864,1,1056112520}
MemResourceStatus {NumaMonotonicResource,2,60000000000,0,0,0,0,0}
MemResourceStatus {NumaMonotonicResource,1,64000000000,1039541809,3671651606,18917318200,0,18917334560}
0: MemResourceStatus {MemManagerAggregate,18446744073709551615,124000000000,1039541809,3671651606,0,0,N/A}
1: MemResourceStatus {MemManagerAggregate,18446744073709551615,60000000000,712,121122944,0,1,N/A}
MemResourceStatus {DefaultResource,18446744073709551615,18446744073709551615,0,0,0,-1,N/A}
Quick Memory Usage Overview:
Used Capacity: 1039541809, 10275988762
------------------------------------------
Executing script file: /home/umeshsum/tpch_queries/6.sql
[32m(release)[0m> select
[32m(release)[0m> 	sum(l_extendedprice * l_discount) as revenue
[32m(release)[0m> from
[32m(release)[0m> 	lineitem
[32m(release)[0m> where
[32m(release)[0m> 	l_shipdate >= date '1994-01-01'
[32m(release)[0m> 	and l_shipdate < date '1994-01-01' + interval '1' year
[32m(release)[0m> 	and l_discount between .06 - 0.01 and .06 + 0.01
[32m(release)[0m> 	and l_quantity < 24;
VmRSS Change: 144 KB
===
1 rows total
Execution info: [PARSE: 30 µs 939 ns, SQL TRANSLATE: 0 ns, OPTIMIZE: 0 ns, LQP TRANSLATE: 21 µs 130 ns, EXECUTE: 63 ms 754 µs (wall time) | QUERY PLAN CACHE HITS: 1/1 statement(s)]
After reset, table use_count: 2
WARNING: Table still has 1 other owner(s) after pipeline reset!
Executing script file done
$:hsh mem_usage
------------------------------------------
Memory Usage Statistics:
VmSize:	216005152 kB
VmRSS:	77379108 kB
1: MemResourceStatus {MigratedColumnsAggregate,18446744073709551615,12610235929,10275988050,10275988050,0,1,N/A}
MemResourceStatus {NumaMonotonicResource,3,60000000000,712,121122944,1320133568,1,1320140552}
MemResourceStatus {NumaMonotonicResource,2,60000000000,0,0,0,0,0}
MemResourceStatus {NumaMonotonicResource,1,64000000000,1039541809,3671651606,18917318200,0,18917334560}
0: MemResourceStatus {MemManagerAggregate,18446744073709551615,124000000000,1039541809,3671651606,0,0,N/A}
1: MemResourceStatus {MemManagerAggregate,18446744073709551615,60000000000,712,121122944,0,1,N/A}
MemResourceStatus {DefaultResource,18446744073709551615,18446744073709551615,0,0,0,-1,N/A}
Quick Memory Usage Overview:
Used Capacity: 1039541809, 10275988762
------------------------------------------
Executing script file: /home/umeshsum/tpch_queries/6.sql
[32m(release)[0m> select
[32m(release)[0m> 	sum(l_extendedprice * l_discount) as revenue
[32m(release)[0m> from
[32m(release)[0m> 	lineitem
[32m(release)[0m> where
[32m(release)[0m> 	l_shipdate >= date '1994-01-01'
[32m(release)[0m> 	and l_shipdate < date '1994-01-01' + interval '1' year
[32m(release)[0m> 	and l_discount between .06 - 0.01 and .06 + 0.01
[32m(release)[0m> 	and l_quantity < 24;
VmRSS Change: 160 KB
===
1 rows total
Execution info: [PARSE: 29 µs 629 ns, SQL TRANSLATE: 0 ns, OPTIMIZE: 0 ns, LQP TRANSLATE: 20 µs 790 ns, EXECUTE: 64 ms 81 µs (wall time) | QUERY PLAN CACHE HITS: 1/1 statement(s)]
After reset, table use_count: 2
WARNING: Table still has 1 other owner(s) after pipeline reset!
Executing script file done
$:hsh mem_usage
------------------------------------------
Memory Usage Statistics:
VmSize:	216005152 kB
VmRSS:	77379236 kB
1: MemResourceStatus {MigratedColumnsAggregate,18446744073709551615,12610235929,10275988050,10275988050,0,1,N/A}
MemResourceStatus {NumaMonotonicResource,3,60000000000,712,121160024,1584160272,1,1584168856}
MemResourceStatus {NumaMonotonicResource,2,60000000000,0,0,0,0,0}
MemResourceStatus {NumaMonotonicResource,1,64000000000,1039541809,3671651606,18917318200,0,18917334560}
0: MemResourceStatus {MemManagerAggregate,18446744073709551615,124000000000,1039541809,3671651606,0,0,N/A}
1: MemResourceStatus {MemManagerAggregate,18446744073709551615,60000000000,712,121160024,0,1,N/A}
MemResourceStatus {DefaultResource,18446744073709551615,18446744073709551615,0,0,0,-1,N/A}
Quick Memory Usage Overview:
Used Capacity: 1039541809, 10275988762
------------------------------------------
Executing script file: /home/umeshsum/tpch_queries/6.sql
[32m(release)[0m> select
[32m(release)[0m> 	sum(l_extendedprice * l_discount) as revenue
[32m(release)[0m> from
[32m(release)[0m> 	lineitem
[32m(release)[0m> where
[32m(release)[0m> 	l_shipdate >= date '1994-01-01'
[32m(release)[0m> 	and l_shipdate < date '1994-01-01' + interval '1' year
[32m(release)[0m> 	and l_discount between .06 - 0.01 and .06 + 0.01
[32m(release)[0m> 	and l_quantity < 24;
VmRSS Change: 264 KB
===
1 rows total
Execution info: [PARSE: 30 µs 480 ns, SQL TRANSLATE: 0 ns, OPTIMIZE: 0 ns, LQP TRANSLATE: 20 µs 599 ns, EXECUTE: 64 ms 299 µs (wall time) | QUERY PLAN CACHE HITS: 1/1 statement(s)]
After reset, table use_count: 2
WARNING: Table still has 1 other owner(s) after pipeline reset!
Executing script file done
$:hsh mem_usage
------------------------------------------
Memory Usage Statistics:
VmSize:	216005152 kB
VmRSS:	77379500 kB
1: MemResourceStatus {MigratedColumnsAggregate,18446744073709551615,12610235929,10275988050,10275988050,0,1,N/A}
MemResourceStatus {NumaMonotonicResource,3,60000000000,712,121160024,1848186976,1,1848196888}
MemResourceStatus {NumaMonotonicResource,2,60000000000,0,0,0,0,0}
MemResourceStatus {NumaMonotonicResource,1,64000000000,1039541809,3671651606,18917318200,0,18917334560}
0: MemResourceStatus {MemManagerAggregate,18446744073709551615,124000000000,1039541809,3671651606,0,0,N/A}
1: MemResourceStatus {MemManagerAggregate,18446744073709551615,60000000000,712,121160024,0,1,N/A}
MemResourceStatus {DefaultResource,18446744073709551615,18446744073709551615,0,0,0,-1,N/A}
Quick Memory Usage Overview:
Used Capacity: 1039541809, 10275988762
------------------------------------------
Executing script file: /home/umeshsum/tpch_queries/6.sql
[32m(release)[0m> select
[32m(release)[0m> 	sum(l_extendedprice * l_discount) as revenue
[32m(release)[0m> from
[32m(release)[0m> 	lineitem
[32m(release)[0m> where
[32m(release)[0m> 	l_shipdate >= date '1994-01-01'
[32m(release)[0m> 	and l_shipdate < date '1994-01-01' + interval '1' year
[32m(release)[0m> 	and l_discount between .06 - 0.01 and .06 + 0.01
[32m(release)[0m> 	and l_quantity < 24;
VmRSS Change: 324 KB
===
1 rows total
Execution info: [PARSE: 31 µs 250 ns, SQL TRANSLATE: 0 ns, OPTIMIZE: 0 ns, LQP TRANSLATE: 19 µs 850 ns, EXECUTE: 64 ms 641 µs (wall time) | QUERY PLAN CACHE HITS: 1/1 statement(s)]
After reset, table use_count: 2
WARNING: Table still has 1 other owner(s) after pipeline reset!
Executing script file done
$:hsh mem_usage
------------------------------------------
Memory Usage Statistics:
VmSize:	216005152 kB
VmRSS:	77379824 kB
1: MemResourceStatus {MigratedColumnsAggregate,18446744073709551615,12610235929,10275988050,10275988050,0,1,N/A}
MemResourceStatus {NumaMonotonicResource,3,60000000000,712,121160024,2112213680,1,2112224888}
MemResourceStatus {NumaMonotonicResource,2,60000000000,0,0,0,0,0}
MemResourceStatus {NumaMonotonicResource,1,64000000000,1039541809,3671651606,18917318200,0,18917334560}
0: MemResourceStatus {MemManagerAggregate,18446744073709551615,124000000000,1039541809,3671651606,0,0,N/A}
1: MemResourceStatus {MemManagerAggregate,18446744073709551615,60000000000,712,121160024,0,1,N/A}
MemResourceStatus {DefaultResource,18446744073709551615,18446744073709551615,0,0,0,-1,N/A}
Quick Memory Usage Overview:
Used Capacity: 1039541809, 10275988762
------------------------------------------
Executing script file: /home/umeshsum/tpch_queries/6.sql
[32m(release)[0m> select
[32m(release)[0m> 	sum(l_extendedprice * l_discount) as revenue
[32m(release)[0m> from
[32m(release)[0m> 	lineitem
[32m(release)[0m> where
[32m(release)[0m> 	l_shipdate >= date '1994-01-01'
[32m(release)[0m> 	and l_shipdate < date '1994-01-01' + interval '1' year
[32m(release)[0m> 	and l_discount between .06 - 0.01 and .06 + 0.01
[32m(release)[0m> 	and l_quantity < 24;
VmRSS Change: 40 KB
===
1 rows total
Execution info: [PARSE: 30 µs 529 ns, SQL TRANSLATE: 0 ns, OPTIMIZE: 0 ns, LQP TRANSLATE: 21 µs 320 ns, EXECUTE: 63 ms 846 µs (wall time) | QUERY PLAN CACHE HITS: 1/1 statement(s)]
After reset, table use_count: 2
WARNING: Table still has 1 other owner(s) after pipeline reset!
Executing script file done
$:hsh mem_usage
------------------------------------------
Memory Usage Statistics:
VmSize:	216005152 kB
VmRSS:	77379864 kB
1: MemResourceStatus {MigratedColumnsAggregate,18446744073709551615,12610235929,10275988050,10275988050,0,1,N/A}
MemResourceStatus {NumaMonotonicResource,3,60000000000,712,121183728,2376240384,1,2376253048}
MemResourceStatus {NumaMonotonicResource,2,60000000000,0,0,0,0,0}
MemResourceStatus {NumaMonotonicResource,1,64000000000,1039541809,3671651606,18917318200,0,18917334560}
0: MemResourceStatus {MemManagerAggregate,18446744073709551615,124000000000,1039541809,3671651606,0,0,N/A}
1: MemResourceStatus {MemManagerAggregate,18446744073709551615,60000000000,712,121183728,0,1,N/A}
MemResourceStatus {DefaultResource,18446744073709551615,18446744073709551615,0,0,0,-1,N/A}
Quick Memory Usage Overview:
Used Capacity: 1039541809, 10275988762
------------------------------------------
Executing script file: /home/umeshsum/tpch_queries/6.sql
[32m(release)[0m> select
[32m(release)[0m> 	sum(l_extendedprice * l_discount) as revenue
[32m(release)[0m> from
[32m(release)[0m> 	lineitem
[32m(release)[0m> where
[32m(release)[0m> 	l_shipdate >= date '1994-01-01'
[32m(release)[0m> 	and l_shipdate < date '1994-01-01' + interval '1' year
[32m(release)[0m> 	and l_discount between .06 - 0.01 and .06 + 0.01
[32m(release)[0m> 	and l_quantity < 24;
VmRSS Change: 116 KB
===
1 rows total
Execution info: [PARSE: 51 µs 249 ns, SQL TRANSLATE: 0 ns, OPTIMIZE: 0 ns, LQP TRANSLATE: 22 µs 400 ns, EXECUTE: 63 ms 921 µs (wall time) | QUERY PLAN CACHE HITS: 1/1 statement(s)]
After reset, table use_count: 2
WARNING: Table still has 1 other owner(s) after pipeline reset!
Executing script file done
$:hsh mem_usage
------------------------------------------
Memory Usage Statistics:
VmSize:	216005152 kB
VmRSS:	77379980 kB
1: MemResourceStatus {MigratedColumnsAggregate,18446744073709551615,12610235929,10275988050,10275988050,0,1,N/A}
MemResourceStatus {NumaMonotonicResource,3,60000000000,712,121183728,2640267088,1,2640281224}
MemResourceStatus {NumaMonotonicResource,2,60000000000,0,0,0,0,0}
MemResourceStatus {NumaMonotonicResource,1,64000000000,1039541809,3671651606,18917318200,0,18917334560}
0: MemResourceStatus {MemManagerAggregate,18446744073709551615,124000000000,1039541809,3671651606,0,0,N/A}
1: MemResourceStatus {MemManagerAggregate,18446744073709551615,60000000000,712,121183728,0,1,N/A}
MemResourceStatus {DefaultResource,18446744073709551615,18446744073709551615,0,0,0,-1,N/A}
Quick Memory Usage Overview:
Used Capacity: 1039541809, 10275988762
------------------------------------------
Label set to d0_tf0_q7
$:hsh clear_plan_caches
Cleared PQP and LQP caches
$:hsh clear_pipeline
Released last SQLPipeline
$:hsh reset_exec_pools
Reset execution pools (2, 3) bump pointers to start
$:hsh mem_usage
------------------------------------------
Memory Usage Statistics:
VmSize:	216005152 kB
VmRSS:	77379980 kB
1: MemResourceStatus {MigratedColumnsAggregate,18446744073709551615,12610235929,10275988050,10275988050,0,1,N/A}
MemResourceStatus {NumaMonotonicResource,3,60000000000,0,0,0,1,0}
MemResourceStatus {NumaMonotonicResource,2,60000000000,0,0,0,0,0}
MemResourceStatus {NumaMonotonicResource,1,64000000000,1039541809,3671651606,18917318200,0,18917334560}
0: MemResourceStatus {MemManagerAggregate,18446744073709551615,124000000000,1039541809,3671651606,0,0,N/A}
1: MemResourceStatus {MemManagerAggregate,18446744073709551615,60000000000,0,0,0,1,N/A}
MemResourceStatus {DefaultResource,18446744073709551615,18446744073709551615,0,0,0,-1,N/A}
Quick Memory Usage Overview:
Used Capacity: 1039541809, 10275988050
------------------------------------------
Executing script file: /home/umeshsum/tpch_queries/7.sql
[32m(release)[0m> select
[32m(release)[0m> 	supp_nation,
[32m(release)[0m> 	cust_nation,
[32m(release)[0m> 	l_year,
[32m(release)[0m> 	sum(volume) as revenue
[32m(release)[0m> from
[32m(release)[0m> 	(
[32m(release)[0m> 		select
[32m(release)[0m> 			n1.n_name as supp_nation,
[32m(release)[0m> 			n2.n_name as cust_nation,
[32m(release)[0m> 			extract(year from l_shipdate) as l_year,
[32m(release)[0m> 			l_extendedprice * (1 - l_discount) as volume
[32m(release)[0m> 		from
[32m(release)[0m> 			supplier,
[32m(release)[0m> 			lineitem,
[32m(release)[0m> 			orders,
[32m(release)[0m> 			customer,
[32m(release)[0m> 			nation n1,
[32m(release)[0m> 			nation n2
[32m(release)[0m> 		where
[32m(release)[0m> 			s_suppkey = l_suppkey
[32m(release)[0m> 			and o_orderkey = l_orderkey
[32m(release)[0m> 			and c_custkey = o_custkey
[32m(release)[0m> 			and s_nationkey = n1.n_nationkey
[32m(release)[0m> 			and c_nationkey = n2.n_nationkey
[32m(release)[0m> 			and (
[32m(release)[0m> 				(n1.n_name = 'FRANCE' and n2.n_name = 'GERMANY')
[32m(release)[0m> 				or (n1.n_name = 'GERMANY' and n2.n_name = 'FRANCE')
[32m(release)[0m> 			)
[32m(release)[0m> 			and l_shipdate between date '1995-01-01' and date '1996-12-31'
[32m(release)[0m> 	) as shipping
[32m(release)[0m> group by
[32m(release)[0m> 	supp_nation,
[32m(release)[0m> 	cust_nation,
[32m(release)[0m> 	l_year
[32m(release)[0m> order by
[32m(release)[0m> 	supp_nation,
[32m(release)[0m> 	cust_nation,
[32m(release)[0m> 	l_year;
VmRSS Change: 592 KB
===
4 rows total
Execution info: [PARSE: 50 µs 760 ns, SQL TRANSLATE: 171 µs 18 ns, OPTIMIZE: 10 ms 120 µs, LQP TRANSLATE: 259 µs 747 ns, EXECUTE: 271 ms 555 µs (wall time) | QUERY PLAN CACHE HITS: 0/1 statement(s)]
After reset, table use_count: 2
WARNING: Table still has 1 other owner(s) after pipeline reset!
Executing script file done
$:hsh mem_usage
------------------------------------------
Memory Usage Statistics:
VmSize:	216005152 kB
VmRSS:	77380720 kB
1: MemResourceStatus {MigratedColumnsAggregate,18446744073709551615,12610235929,10275988050,10275988050,0,1,N/A}
MemResourceStatus {NumaMonotonicResource,3,60000000000,2566456,726714080,1974617868,1,1974624576}
MemResourceStatus {NumaMonotonicResource,2,60000000000,0,0,0,0,0}
MemResourceStatus {NumaMonotonicResource,1,64000000000,1039541809,3671651606,18917318200,0,18917334560}
0: MemResourceStatus {MemManagerAggregate,18446744073709551615,124000000000,1039541809,3671651606,0,0,N/A}
1: MemResourceStatus {MemManagerAggregate,18446744073709551615,60000000000,2566456,726714080,0,1,N/A}
MemResourceStatus {DefaultResource,18446744073709551615,18446744073709551615,0,0,0,-1,N/A}
Quick Memory Usage Overview:
Used Capacity: 1039541809, 10278554506
------------------------------------------
Executing script file: /home/umeshsum/tpch_queries/7.sql
[32m(release)[0m> select
[32m(release)[0m> 	supp_nation,
[32m(release)[0m> 	cust_nation,
[32m(release)[0m> 	l_year,
[32m(release)[0m> 	sum(volume) as revenue
[32m(release)[0m> from
[32m(release)[0m> 	(
[32m(release)[0m> 		select
[32m(release)[0m> 			n1.n_name as supp_nation,
[32m(release)[0m> 			n2.n_name as cust_nation,
[32m(release)[0m> 			extract(year from l_shipdate) as l_year,
[32m(release)[0m> 			l_extendedprice * (1 - l_discount) as volume
[32m(release)[0m> 		from
[32m(release)[0m> 			supplier,
[32m(release)[0m> 			lineitem,
[32m(release)[0m> 			orders,
[32m(release)[0m> 			customer,
[32m(release)[0m> 			nation n1,
[32m(release)[0m> 			nation n2
[32m(release)[0m> 		where
[32m(release)[0m> 			s_suppkey = l_suppkey
[32m(release)[0m> 			and o_orderkey = l_orderkey
[32m(release)[0m> 			and c_custkey = o_custkey
[32m(release)[0m> 			and s_nationkey = n1.n_nationkey
[32m(release)[0m> 			and c_nationkey = n2.n_nationkey
[32m(release)[0m> 			and (
[32m(release)[0m> 				(n1.n_name = 'FRANCE' and n2.n_name = 'GERMANY')
[32m(release)[0m> 				or (n1.n_name = 'GERMANY' and n2.n_name = 'FRANCE')
[32m(release)[0m> 			)
[32m(release)[0m> 			and l_shipdate between date '1995-01-01' and date '1996-12-31'
[32m(release)[0m> 	) as shipping
[32m(release)[0m> group by
[32m(release)[0m> 	supp_nation,
[32m(release)[0m> 	cust_nation,
[32m(release)[0m> 	l_year
[32m(release)[0m> order by
[32m(release)[0m> 	supp_nation,
[32m(release)[0m> 	cust_nation,
[32m(release)[0m> 	l_year;
VmRSS Change: 484 KB
===
4 rows total
Execution info: [PARSE: 45 µs 20 ns, SQL TRANSLATE: 0 ns, OPTIMIZE: 0 ns, LQP TRANSLATE: 43 µs 860 ns, EXECUTE: 265 ms 588 µs (wall time) | QUERY PLAN CACHE HITS: 1/1 statement(s)]
After reset, table use_count: 2
WARNING: Table still has 1 other owner(s) after pipeline reset!
Executing script file done
$:hsh mem_usage
------------------------------------------
Memory Usage Statistics:
VmSize:	216005152 kB
VmRSS:	77381204 kB
1: MemResourceStatus {MigratedColumnsAggregate,18446744073709551615,12610235929,10275988050,10275988050,0,1,N/A}
MemResourceStatus {NumaMonotonicResource,3,60000000000,3034944,752125096,3949356824,1,3949370272}
MemResourceStatus {NumaMonotonicResource,2,60000000000,0,0,0,0,0}
MemResourceStatus {NumaMonotonicResource,1,64000000000,1039541809,3671651606,18917318200,0,18917334560}
0: MemResourceStatus {MemManagerAggregate,18446744073709551615,124000000000,1039541809,3671651606,0,0,N/A}
1: MemResourceStatus {MemManagerAggregate,18446744073709551615,60000000000,3034944,752125096,0,1,N/A}
MemResourceStatus {DefaultResource,18446744073709551615,18446744073709551615,0,0,0,-1,N/A}
Quick Memory Usage Overview:
Used Capacity: 1039541809, 10279022994
------------------------------------------
Executing script file: /home/umeshsum/tpch_queries/7.sql
[32m(release)[0m> select
[32m(release)[0m> 	supp_nation,
[32m(release)[0m> 	cust_nation,
[32m(release)[0m> 	l_year,
[32m(release)[0m> 	sum(volume) as revenue
[32m(release)[0m> from
[32m(release)[0m> 	(
[32m(release)[0m> 		select
[32m(release)[0m> 			n1.n_name as supp_nation,
[32m(release)[0m> 			n2.n_name as cust_nation,
[32m(release)[0m> 			extract(year from l_shipdate) as l_year,
[32m(release)[0m> 			l_extendedprice * (1 - l_discount) as volume
[32m(release)[0m> 		from
[32m(release)[0m> 			supplier,
[32m(release)[0m> 			lineitem,
[32m(release)[0m> 			orders,
[32m(release)[0m> 			customer,
[32m(release)[0m> 			nation n1,
[32m(release)[0m> 			nation n2
[32m(release)[0m> 		where
[32m(release)[0m> 			s_suppkey = l_suppkey
[32m(release)[0m> 			and o_orderkey = l_orderkey
[32m(release)[0m> 			and c_custkey = o_custkey
[32m(release)[0m> 			and s_nationkey = n1.n_nationkey
[32m(release)[0m> 			and c_nationkey = n2.n_nationkey
[32m(release)[0m> 			and (
[32m(release)[0m> 				(n1.n_name = 'FRANCE' and n2.n_name = 'GERMANY')
[32m(release)[0m> 				or (n1.n_name = 'GERMANY' and n2.n_name = 'FRANCE')
[32m(release)[0m> 			)
[32m(release)[0m> 			and l_shipdate between date '1995-01-01' and date '1996-12-31'
[32m(release)[0m> 	) as shipping
[32m(release)[0m> group by
[32m(release)[0m> 	supp_nation,
[32m(release)[0m> 	cust_nation,
[32m(release)[0m> 	l_year
[32m(release)[0m> order by
[32m(release)[0m> 	supp_nation,
[32m(release)[0m> 	cust_nation,
[32m(release)[0m> 	l_year;
VmRSS Change: 560 KB
===
4 rows total
Execution info: [PARSE: 54 µs 749 ns, SQL TRANSLATE: 0 ns, OPTIMIZE: 0 ns, LQP TRANSLATE: 40 µs 240 ns, EXECUTE: 270 ms 111 µs (wall time) | QUERY PLAN CACHE HITS: 1/1 statement(s)]
After reset, table use_count: 2
WARNING: Table still has 1 other owner(s) after pipeline reset!
Executing script file done
$:hsh mem_usage
------------------------------------------
Memory Usage Statistics:
VmSize:	216005152 kB
VmRSS:	77381764 kB
1: MemResourceStatus {MigratedColumnsAggregate,18446744073709551615,12610235929,10275988050,10275988050,0,1,N/A}
MemResourceStatus {NumaMonotonicResource,3,60000000000,3034944,758725740,5923803548,1,5923823680}
MemResourceStatus {NumaMonotonicResource,2,60000000000,0,0,0,0,0}
MemResourceStatus {NumaMonotonicResource,1,64000000000,1039541809,3671651606,18917318200,0,18917334560}
0: MemResourceStatus {MemManagerAggregate,18446744073709551615,124000000000,1039541809,3671651606,0,0,N/A}
1: MemResourceStatus {MemManagerAggregate,18446744073709551615,60000000000,3034944,758725740,0,1,N/A}
MemResourceStatus {DefaultResource,18446744073709551615,18446744073709551615,0,0,0,-1,N/A}
Quick Memory Usage Overview:
Used Capacity: 1039541809, 10279022994
------------------------------------------
Executing script file: /home/umeshsum/tpch_queries/7.sql
[32m(release)[0m> select
[32m(release)[0m> 	supp_nation,
[32m(release)[0m> 	cust_nation,
[32m(release)[0m> 	l_year,
[32m(release)[0m> 	sum(volume) as revenue
[32m(release)[0m> from
[32m(release)[0m> 	(
[32m(release)[0m> 		select
[32m(release)[0m> 			n1.n_name as supp_nation,
[32m(release)[0m> 			n2.n_name as cust_nation,
[32m(release)[0m> 			extract(year from l_shipdate) as l_year,
[32m(release)[0m> 			l_extendedprice * (1 - l_discount) as volume
[32m(release)[0m> 		from
[32m(release)[0m> 			supplier,
[32m(release)[0m> 			lineitem,
[32m(release)[0m> 			orders,
[32m(release)[0m> 			customer,
[32m(release)[0m> 			nation n1,
[32m(release)[0m> 			nation n2
[32m(release)[0m> 		where
[32m(release)[0m> 			s_suppkey = l_suppkey
[32m(release)[0m> 			and o_orderkey = l_orderkey
[32m(release)[0m> 			and c_custkey = o_custkey
[32m(release)[0m> 			and s_nationkey = n1.n_nationkey
[32m(release)[0m> 			and c_nationkey = n2.n_nationkey
[32m(release)[0m> 			and (
[32m(release)[0m> 				(n1.n_name = 'FRANCE' and n2.n_name = 'GERMANY')
[32m(release)[0m> 				or (n1.n_name = 'GERMANY' and n2.n_name = 'FRANCE')
[32m(release)[0m> 			)
[32m(release)[0m> 			and l_shipdate between date '1995-01-01' and date '1996-12-31'
[32m(release)[0m> 	) as shipping
[32m(release)[0m> group by
[32m(release)[0m> 	supp_nation,
[32m(release)[0m> 	cust_nation,
[32m(release)[0m> 	l_year
[32m(release)[0m> order by
[32m(release)[0m> 	supp_nation,
[32m(release)[0m> 	cust_nation,
[32m(release)[0m> 	l_year;
VmRSS Change: 208 KB
===
4 rows total
Execution info: [PARSE: 55 µs 630 ns, SQL TRANSLATE: 0 ns, OPTIMIZE: 0 ns, LQP TRANSLATE: 34 µs 860 ns, EXECUTE: 272 ms 626 µs (wall time) | QUERY PLAN CACHE HITS: 1/1 statement(s)]
After reset, table use_count: 2
WARNING: Table still has 1 other owner(s) after pipeline reset!
Executing script file done
$:hsh mem_usage
------------------------------------------
Memory Usage Statistics:
VmSize:	216005152 kB
VmRSS:	77381972 kB
1: MemResourceStatus {MigratedColumnsAggregate,18446744073709551615,12610235929,10275988050,10275988050,0,1,N/A}
MemResourceStatus {NumaMonotonicResource,3,60000000000,3034944,758725740,7899245944,1,7899272800}
MemResourceStatus {NumaMonotonicResource,2,60000000000,0,0,0,0,0}
MemResourceStatus {NumaMonotonicResource,1,64000000000,1039541809,3671651606,18917318200,0,18917334560}
0: MemResourceStatus {MemManagerAggregate,18446744073709551615,124000000000,1039541809,3671651606,0,0,N/A}
1: MemResourceStatus {MemManagerAggregate,18446744073709551615,60000000000,3034944,758725740,0,1,N/A}
MemResourceStatus {DefaultResource,18446744073709551615,18446744073709551615,0,0,0,-1,N/A}
Quick Memory Usage Overview:
Used Capacity: 1039541809, 10279022994
------------------------------------------
Executing script file: /home/umeshsum/tpch_queries/7.sql
[32m(release)[0m> select
[32m(release)[0m> 	supp_nation,
[32m(release)[0m> 	cust_nation,
[32m(release)[0m> 	l_year,
[32m(release)[0m> 	sum(volume) as revenue
[32m(release)[0m> from
[32m(release)[0m> 	(
[32m(release)[0m> 		select
[32m(release)[0m> 			n1.n_name as supp_nation,
[32m(release)[0m> 			n2.n_name as cust_nation,
[32m(release)[0m> 			extract(year from l_shipdate) as l_year,
[32m(release)[0m> 			l_extendedprice * (1 - l_discount) as volume
[32m(release)[0m> 		from
[32m(release)[0m> 			supplier,
[32m(release)[0m> 			lineitem,
[32m(release)[0m> 			orders,
[32m(release)[0m> 			customer,
[32m(release)[0m> 			nation n1,
[32m(release)[0m> 			nation n2
[32m(release)[0m> 		where
[32m(release)[0m> 			s_suppkey = l_suppkey
[32m(release)[0m> 			and o_orderkey = l_orderkey
[32m(release)[0m> 			and c_custkey = o_custkey
[32m(release)[0m> 			and s_nationkey = n1.n_nationkey
[32m(release)[0m> 			and c_nationkey = n2.n_nationkey
[32m(release)[0m> 			and (
[32m(release)[0m> 				(n1.n_name = 'FRANCE' and n2.n_name = 'GERMANY')
[32m(release)[0m> 				or (n1.n_name = 'GERMANY' and n2.n_name = 'FRANCE')
[32m(release)[0m> 			)
[32m(release)[0m> 			and l_shipdate between date '1995-01-01' and date '1996-12-31'
[32m(release)[0m> 	) as shipping
[32m(release)[0m> group by
[32m(release)[0m> 	supp_nation,
[32m(release)[0m> 	cust_nation,
[32m(release)[0m> 	l_year
[32m(release)[0m> order by
[32m(release)[0m> 	supp_nation,
[32m(release)[0m> 	cust_nation,
[32m(release)[0m> 	l_year;
VmRSS Change: 18446744073709551576 KB
===
4 rows total
Execution info: [PARSE: 47 µs 130 ns, SQL TRANSLATE: 0 ns, OPTIMIZE: 0 ns, LQP TRANSLATE: 34 µs 570 ns, EXECUTE: 278 ms 367 µs (wall time) | QUERY PLAN CACHE HITS: 1/1 statement(s)]
After reset, table use_count: 2
WARNING: Table still has 1 other owner(s) after pipeline reset!
Executing script file done
$:hsh mem_usage
------------------------------------------
Memory Usage Statistics:
VmSize:	216005152 kB
VmRSS:	77381924 kB
1: MemResourceStatus {MigratedColumnsAggregate,18446744073709551615,12610235929,10275988050,10275988050,0,1,N/A}
MemResourceStatus {NumaMonotonicResource,3,60000000000,3034944,758725740,9874205436,1,9874239008}
MemResourceStatus {NumaMonotonicResource,2,60000000000,0,0,0,0,0}
MemResourceStatus {NumaMonotonicResource,1,64000000000,1039541809,3671651606,18917318200,0,18917334560}
0: MemResourceStatus {MemManagerAggregate,18446744073709551615,124000000000,1039541809,3671651606,0,0,N/A}
1: MemResourceStatus {MemManagerAggregate,18446744073709551615,60000000000,3034944,758725740,0,1,N/A}
MemResourceStatus {DefaultResource,18446744073709551615,18446744073709551615,0,0,0,-1,N/A}
Quick Memory Usage Overview:
Used Capacity: 1039541809, 10279022994
------------------------------------------
Executing script file: /home/umeshsum/tpch_queries/7.sql
[32m(release)[0m> select
[32m(release)[0m> 	supp_nation,
[32m(release)[0m> 	cust_nation,
[32m(release)[0m> 	l_year,
[32m(release)[0m> 	sum(volume) as revenue
[32m(release)[0m> from
[32m(release)[0m> 	(
[32m(release)[0m> 		select
[32m(release)[0m> 			n1.n_name as supp_nation,
[32m(release)[0m> 			n2.n_name as cust_nation,
[32m(release)[0m> 			extract(year from l_shipdate) as l_year,
[32m(release)[0m> 			l_extendedprice * (1 - l_discount) as volume
[32m(release)[0m> 		from
[32m(release)[0m> 			supplier,
[32m(release)[0m> 			lineitem,
[32m(release)[0m> 			orders,
[32m(release)[0m> 			customer,
[32m(release)[0m> 			nation n1,
[32m(release)[0m> 			nation n2
[32m(release)[0m> 		where
[32m(release)[0m> 			s_suppkey = l_suppkey
[32m(release)[0m> 			and o_orderkey = l_orderkey
[32m(release)[0m> 			and c_custkey = o_custkey
[32m(release)[0m> 			and s_nationkey = n1.n_nationkey
[32m(release)[0m> 			and c_nationkey = n2.n_nationkey
[32m(release)[0m> 			and (
[32m(release)[0m> 				(n1.n_name = 'FRANCE' and n2.n_name = 'GERMANY')
[32m(release)[0m> 				or (n1.n_name = 'GERMANY' and n2.n_name = 'FRANCE')
[32m(release)[0m> 			)
[32m(release)[0m> 			and l_shipdate between date '1995-01-01' and date '1996-12-31'
[32m(release)[0m> 	) as shipping
[32m(release)[0m> group by
[32m(release)[0m> 	supp_nation,
[32m(release)[0m> 	cust_nation,
[32m(release)[0m> 	l_year
[32m(release)[0m> order by
[32m(release)[0m> 	supp_nation,
[32m(release)[0m> 	cust_nation,
[32m(release)[0m> 	l_year;
VmRSS Change: 240 KB
===
4 rows total
Execution info: [PARSE: 45 µs 450 ns, SQL TRANSLATE: 0 ns, OPTIMIZE: 0 ns, LQP TRANSLATE: 35 µs 610 ns, EXECUTE: 273 ms 523 µs (wall time) | QUERY PLAN CACHE HITS: 1/1 statement(s)]
After reset, table use_count: 2
WARNING: Table still has 1 other owner(s) after pipeline reset!
Executing script file done
$:hsh mem_usage
------------------------------------------
Memory Usage Statistics:
VmSize:	216005152 kB
VmRSS:	77382164 kB
1: MemResourceStatus {MigratedColumnsAggregate,18446744073709551615,12610235929,10275988050,10275988050,0,1,N/A}
MemResourceStatus {NumaMonotonicResource,3,60000000000,3034944,758725740,11848854296,1,11848894560}
MemResourceStatus {NumaMonotonicResource,2,60000000000,0,0,0,0,0}
MemResourceStatus {NumaMonotonicResource,1,64000000000,1039541809,3671651606,18917318200,0,18917334560}
0: MemResourceStatus {MemManagerAggregate,18446744073709551615,124000000000,1039541809,3671651606,0,0,N/A}
1: MemResourceStatus {MemManagerAggregate,18446744073709551615,60000000000,3034944,758725740,0,1,N/A}
MemResourceStatus {DefaultResource,18446744073709551615,18446744073709551615,0,0,0,-1,N/A}
Quick Memory Usage Overview:
Used Capacity: 1039541809, 10279022994
------------------------------------------
Executing script file: /home/umeshsum/tpch_queries/7.sql
[32m(release)[0m> select
[32m(release)[0m> 	supp_nation,
[32m(release)[0m> 	cust_nation,
[32m(release)[0m> 	l_year,
[32m(release)[0m> 	sum(volume) as revenue
[32m(release)[0m> from
[32m(release)[0m> 	(
[32m(release)[0m> 		select
[32m(release)[0m> 			n1.n_name as supp_nation,
[32m(release)[0m> 			n2.n_name as cust_nation,
[32m(release)[0m> 			extract(year from l_shipdate) as l_year,
[32m(release)[0m> 			l_extendedprice * (1 - l_discount) as volume
[32m(release)[0m> 		from
[32m(release)[0m> 			supplier,
[32m(release)[0m> 			lineitem,
[32m(release)[0m> 			orders,
[32m(release)[0m> 			customer,
[32m(release)[0m> 			nation n1,
[32m(release)[0m> 			nation n2
[32m(release)[0m> 		where
[32m(release)[0m> 			s_suppkey = l_suppkey
[32m(release)[0m> 			and o_orderkey = l_orderkey
[32m(release)[0m> 			and c_custkey = o_custkey
[32m(release)[0m> 			and s_nationkey = n1.n_nationkey
[32m(release)[0m> 			and c_nationkey = n2.n_nationkey
[32m(release)[0m> 			and (
[32m(release)[0m> 				(n1.n_name = 'FRANCE' and n2.n_name = 'GERMANY')
[32m(release)[0m> 				or (n1.n_name = 'GERMANY' and n2.n_name = 'FRANCE')
[32m(release)[0m> 			)
[32m(release)[0m> 			and l_shipdate between date '1995-01-01' and date '1996-12-31'
[32m(release)[0m> 	) as shipping
[32m(release)[0m> group by
[32m(release)[0m> 	supp_nation,
[32m(release)[0m> 	cust_nation,
[32m(release)[0m> 	l_year
[32m(release)[0m> order by
[32m(release)[0m> 	supp_nation,
[32m(release)[0m> 	cust_nation,
[32m(release)[0m> 	l_year;
VmRSS Change: 444 KB
===
4 rows total
Execution info: [PARSE: 51 µs 149 ns, SQL TRANSLATE: 0 ns, OPTIMIZE: 0 ns, LQP TRANSLATE: 45 µs 959 ns, EXECUTE: 271 ms 559 µs (wall time) | QUERY PLAN CACHE HITS: 1/1 statement(s)]
After reset, table use_count: 2
WARNING: Table still has 1 other owner(s) after pipeline reset!
Executing script file done
$:hsh mem_usage
------------------------------------------
Memory Usage Statistics:
VmSize:	216005152 kB
VmRSS:	77382600 kB
1: MemResourceStatus {MigratedColumnsAggregate,18446744073709551615,12610235929,10275988050,10275988050,0,1,N/A}
MemResourceStatus {NumaMonotonicResource,3,60000000000,3034944,758725740,13823081204,1,13823128160}
MemResourceStatus {NumaMonotonicResource,2,60000000000,0,0,0,0,0}
MemResourceStatus {NumaMonotonicResource,1,64000000000,1039541809,3671651606,18917318200,0,18917334560}
0: MemResourceStatus {MemManagerAggregate,18446744073709551615,124000000000,1039541809,3671651606,0,0,N/A}
1: MemResourceStatus {MemManagerAggregate,18446744073709551615,60000000000,3034944,758725740,0,1,N/A}
MemResourceStatus {DefaultResource,18446744073709551615,18446744073709551615,0,0,0,-1,N/A}
Quick Memory Usage Overview:
Used Capacity: 1039541809, 10279022994
------------------------------------------
Executing script file: /home/umeshsum/tpch_queries/7.sql
[32m(release)[0m> select
[32m(release)[0m> 	supp_nation,
[32m(release)[0m> 	cust_nation,
[32m(release)[0m> 	l_year,
[32m(release)[0m> 	sum(volume) as revenue
[32m(release)[0m> from
[32m(release)[0m> 	(
[32m(release)[0m> 		select
[32m(release)[0m> 			n1.n_name as supp_nation,
[32m(release)[0m> 			n2.n_name as cust_nation,
[32m(release)[0m> 			extract(year from l_shipdate) as l_year,
[32m(release)[0m> 			l_extendedprice * (1 - l_discount) as volume
[32m(release)[0m> 		from
[32m(release)[0m> 			supplier,
[32m(release)[0m> 			lineitem,
[32m(release)[0m> 			orders,
[32m(release)[0m> 			customer,
[32m(release)[0m> 			nation n1,
[32m(release)[0m> 			nation n2
[32m(release)[0m> 		where
[32m(release)[0m> 			s_suppkey = l_suppkey
[32m(release)[0m> 			and o_orderkey = l_orderkey
[32m(release)[0m> 			and c_custkey = o_custkey
[32m(release)[0m> 			and s_nationkey = n1.n_nationkey
[32m(release)[0m> 			and c_nationkey = n2.n_nationkey
[32m(release)[0m> 			and (
[32m(release)[0m> 				(n1.n_name = 'FRANCE' and n2.n_name = 'GERMANY')
[32m(release)[0m> 				or (n1.n_name = 'GERMANY' and n2.n_name = 'FRANCE')
[32m(release)[0m> 			)
[32m(release)[0m> 			and l_shipdate between date '1995-01-01' and date '1996-12-31'
[32m(release)[0m> 	) as shipping
[32m(release)[0m> group by
[32m(release)[0m> 	supp_nation,
[32m(release)[0m> 	cust_nation,
[32m(release)[0m> 	l_year
[32m(release)[0m> order by
[32m(release)[0m> 	supp_nation,
[32m(release)[0m> 	cust_nation,
[32m(release)[0m> 	l_year;
VmRSS Change: 18446744073709551596 KB
===
4 rows total
Execution info: [PARSE: 46 µs 979 ns, SQL TRANSLATE: 0 ns, OPTIMIZE: 0 ns, LQP TRANSLATE: 40 µs 289 ns, EXECUTE: 277 ms 909 µs (wall time) | QUERY PLAN CACHE HITS: 1/1 statement(s)]
After reset, table use_count: 2
WARNING: Table still has 1 other owner(s) after pipeline reset!
Executing script file done
$:hsh mem_usage
------------------------------------------
Memory Usage Statistics:
VmSize:	216005152 kB
VmRSS:	77382580 kB
1: MemResourceStatus {MigratedColumnsAggregate,18446744073709551615,12610235929,10275988050,10275988050,0,1,N/A}
MemResourceStatus {NumaMonotonicResource,3,60000000000,3034944,758725740,15797543608,1,15797597280}
MemResourceStatus {NumaMonotonicResource,2,60000000000,0,0,0,0,0}
MemResourceStatus {NumaMonotonicResource,1,64000000000,1039541809,3671651606,18917318200,0,18917334560}
0: MemResourceStatus {MemManagerAggregate,18446744073709551615,124000000000,1039541809,3671651606,0,0,N/A}
1: MemResourceStatus {MemManagerAggregate,18446744073709551615,60000000000,3034944,758725740,0,1,N/A}
MemResourceStatus {DefaultResource,18446744073709551615,18446744073709551615,0,0,0,-1,N/A}
Quick Memory Usage Overview:
Used Capacity: 1039541809, 10279022994
------------------------------------------
Executing script file: /home/umeshsum/tpch_queries/7.sql
[32m(release)[0m> select
[32m(release)[0m> 	supp_nation,
[32m(release)[0m> 	cust_nation,
[32m(release)[0m> 	l_year,
[32m(release)[0m> 	sum(volume) as revenue
[32m(release)[0m> from
[32m(release)[0m> 	(
[32m(release)[0m> 		select
[32m(release)[0m> 			n1.n_name as supp_nation,
[32m(release)[0m> 			n2.n_name as cust_nation,
[32m(release)[0m> 			extract(year from l_shipdate) as l_year,
[32m(release)[0m> 			l_extendedprice * (1 - l_discount) as volume
[32m(release)[0m> 		from
[32m(release)[0m> 			supplier,
[32m(release)[0m> 			lineitem,
[32m(release)[0m> 			orders,
[32m(release)[0m> 			customer,
[32m(release)[0m> 			nation n1,
[32m(release)[0m> 			nation n2
[32m(release)[0m> 		where
[32m(release)[0m> 			s_suppkey = l_suppkey
[32m(release)[0m> 			and o_orderkey = l_orderkey
[32m(release)[0m> 			and c_custkey = o_custkey
[32m(release)[0m> 			and s_nationkey = n1.n_nationkey
[32m(release)[0m> 			and c_nationkey = n2.n_nationkey
[32m(release)[0m> 			and (
[32m(release)[0m> 				(n1.n_name = 'FRANCE' and n2.n_name = 'GERMANY')
[32m(release)[0m> 				or (n1.n_name = 'GERMANY' and n2.n_name = 'FRANCE')
[32m(release)[0m> 			)
[32m(release)[0m> 			and l_shipdate between date '1995-01-01' and date '1996-12-31'
[32m(release)[0m> 	) as shipping
[32m(release)[0m> group by
[32m(release)[0m> 	supp_nation,
[32m(release)[0m> 	cust_nation,
[32m(release)[0m> 	l_year
[32m(release)[0m> order by
[32m(release)[0m> 	supp_nation,
[32m(release)[0m> 	cust_nation,
[32m(release)[0m> 	l_year;
VmRSS Change: 224 KB
===
4 rows total
Execution info: [PARSE: 51 µs 180 ns, SQL TRANSLATE: 0 ns, OPTIMIZE: 0 ns, LQP TRANSLATE: 40 µs 10 ns, EXECUTE: 272 ms 597 µs (wall time) | QUERY PLAN CACHE HITS: 1/1 statement(s)]
After reset, table use_count: 2
WARNING: Table still has 1 other owner(s) after pipeline reset!
Executing script file done
$:hsh mem_usage
------------------------------------------
Memory Usage Statistics:
VmSize:	216005152 kB
VmRSS:	77382788 kB
1: MemResourceStatus {MigratedColumnsAggregate,18446744073709551615,12610235929,10275988050,10275988050,0,1,N/A}
MemResourceStatus {NumaMonotonicResource,3,60000000000,3034944,758725740,17771818980,1,17771879344}
MemResourceStatus {NumaMonotonicResource,2,60000000000,0,0,0,0,0}
MemResourceStatus {NumaMonotonicResource,1,64000000000,1039541809,3671651606,18917318200,0,18917334560}
0: MemResourceStatus {MemManagerAggregate,18446744073709551615,124000000000,1039541809,3671651606,0,0,N/A}
1: MemResourceStatus {MemManagerAggregate,18446744073709551615,60000000000,3034944,758725740,0,1,N/A}
MemResourceStatus {DefaultResource,18446744073709551615,18446744073709551615,0,0,0,-1,N/A}
Quick Memory Usage Overview:
Used Capacity: 1039541809, 10279022994
------------------------------------------
Executing script file: /home/umeshsum/tpch_queries/7.sql
[32m(release)[0m> select
[32m(release)[0m> 	supp_nation,
[32m(release)[0m> 	cust_nation,
[32m(release)[0m> 	l_year,
[32m(release)[0m> 	sum(volume) as revenue
[32m(release)[0m> from
[32m(release)[0m> 	(
[32m(release)[0m> 		select
[32m(release)[0m> 			n1.n_name as supp_nation,
[32m(release)[0m> 			n2.n_name as cust_nation,
[32m(release)[0m> 			extract(year from l_shipdate) as l_year,
[32m(release)[0m> 			l_extendedprice * (1 - l_discount) as volume
[32m(release)[0m> 		from
[32m(release)[0m> 			supplier,
[32m(release)[0m> 			lineitem,
[32m(release)[0m> 			orders,
[32m(release)[0m> 			customer,
[32m(release)[0m> 			nation n1,
[32m(release)[0m> 			nation n2
[32m(release)[0m> 		where
[32m(release)[0m> 			s_suppkey = l_suppkey
[32m(release)[0m> 			and o_orderkey = l_orderkey
[32m(release)[0m> 			and c_custkey = o_custkey
[32m(release)[0m> 			and s_nationkey = n1.n_nationkey
[32m(release)[0m> 			and c_nationkey = n2.n_nationkey
[32m(release)[0m> 			and (
[32m(release)[0m> 				(n1.n_name = 'FRANCE' and n2.n_name = 'GERMANY')
[32m(release)[0m> 				or (n1.n_name = 'GERMANY' and n2.n_name = 'FRANCE')
[32m(release)[0m> 			)
[32m(release)[0m> 			and l_shipdate between date '1995-01-01' and date '1996-12-31'
[32m(release)[0m> 	) as shipping
[32m(release)[0m> group by
[32m(release)[0m> 	supp_nation,
[32m(release)[0m> 	cust_nation,
[32m(release)[0m> 	l_year
[32m(release)[0m> order by
[32m(release)[0m> 	supp_nation,
[32m(release)[0m> 	cust_nation,
[32m(release)[0m> 	l_year;
VmRSS Change: 288 KB
===
4 rows total
Execution info: [PARSE: 52 µs 330 ns, SQL TRANSLATE: 0 ns, OPTIMIZE: 0 ns, LQP TRANSLATE: 42 µs 520 ns, EXECUTE: 273 ms 813 µs (wall time) | QUERY PLAN CACHE HITS: 1/1 statement(s)]
After reset, table use_count: 2
WARNING: Table still has 1 other owner(s) after pipeline reset!
Executing script file done
$:hsh mem_usage
------------------------------------------
Memory Usage Statistics:
VmSize:	216005152 kB
VmRSS:	77383076 kB
1: MemResourceStatus {MigratedColumnsAggregate,18446744073709551615,12610235929,10275988050,10275988050,0,1,N/A}
MemResourceStatus {NumaMonotonicResource,3,60000000000,3034944,758725740,19746645096,1,19746712144}
MemResourceStatus {NumaMonotonicResource,2,60000000000,0,0,0,0,0}
MemResourceStatus {NumaMonotonicResource,1,64000000000,1039541809,3671651606,18917318200,0,18917334560}
0: MemResourceStatus {MemManagerAggregate,18446744073709551615,124000000000,1039541809,3671651606,0,0,N/A}
1: MemResourceStatus {MemManagerAggregate,18446744073709551615,60000000000,3034944,758725740,0,1,N/A}
MemResourceStatus {DefaultResource,18446744073709551615,18446744073709551615,0,0,0,-1,N/A}
Quick Memory Usage Overview:
Used Capacity: 1039541809, 10279022994
------------------------------------------
Label set to d0_tf0_q8
$:hsh clear_plan_caches
Cleared PQP and LQP caches
$:hsh clear_pipeline
Released last SQLPipeline
$:hsh reset_exec_pools
Reset execution pools (2, 3) bump pointers to start
$:hsh mem_usage
------------------------------------------
Memory Usage Statistics:
VmSize:	216005152 kB
VmRSS:	77383076 kB
1: MemResourceStatus {MigratedColumnsAggregate,18446744073709551615,12610235929,10275988050,10275988050,0,1,N/A}
MemResourceStatus {NumaMonotonicResource,3,60000000000,0,0,0,1,0}
MemResourceStatus {NumaMonotonicResource,2,60000000000,0,0,0,0,0}
MemResourceStatus {NumaMonotonicResource,1,64000000000,1039541809,3671651606,18917318200,0,18917334560}
0: MemResourceStatus {MemManagerAggregate,18446744073709551615,124000000000,1039541809,3671651606,0,0,N/A}
1: MemResourceStatus {MemManagerAggregate,18446744073709551615,60000000000,0,0,0,1,N/A}
MemResourceStatus {DefaultResource,18446744073709551615,18446744073709551615,0,0,0,-1,N/A}
Quick Memory Usage Overview:
Used Capacity: 1039541809, 10275988050
------------------------------------------
Executing script file: /home/umeshsum/tpch_queries/8.sql
[32m(release)[0m> select
[32m(release)[0m> 	o_year,
[32m(release)[0m> 	sum(case
[32m(release)[0m> 		when nation = 'BRAZIL' then volume
[32m(release)[0m> 		else 0
[32m(release)[0m> 	end) / sum(volume) as mkt_share
[32m(release)[0m> from
[32m(release)[0m> 	(
[32m(release)[0m> 		select
[32m(release)[0m> 			extract(year from o_orderdate) as o_year,
[32m(release)[0m> 			l_extendedprice * (1 - l_discount) as volume,
[32m(release)[0m> 			n2.n_name as nation
[32m(release)[0m> 		from
[32m(release)[0m> 			part,
[32m(release)[0m> 			supplier,
[32m(release)[0m> 			lineitem,
[32m(release)[0m> 			orders,
[32m(release)[0m> 			customer,
[32m(release)[0m> 			nation n1,
[32m(release)[0m> 			nation n2,
[32m(release)[0m> 			region
[32m(release)[0m> 		where
[32m(release)[0m> 			p_partkey = l_partkey
[32m(release)[0m> 			and s_suppkey = l_suppkey
[32m(release)[0m> 			and l_orderkey = o_orderkey
[32m(release)[0m> 			and o_custkey = c_custkey
[32m(release)[0m> 			and c_nationkey = n1.n_nationkey
[32m(release)[0m> 			and n1.n_regionkey = r_regionkey
[32m(release)[0m> 			and r_name = 'AMERICA'
[32m(release)[0m> 			and s_nationkey = n2.n_nationkey
[32m(release)[0m> 			and o_orderdate between date '1995-01-01' and date '1996-12-31'
[32m(release)[0m> 			and p_type = 'ECONOMY ANODIZED STEEL'
[32m(release)[0m> 	) as all_nations
[32m(release)[0m> group by
[32m(release)[0m> 	o_year
[32m(release)[0m> order by
[32m(release)[0m> 	o_year;
VmRSS Change: 68 KB
===
2 rows total
Execution info: [PARSE: 42 µs 790 ns, SQL TRANSLATE: 185 µs 998 ns, OPTIMIZE: 4 ms 598 µs, LQP TRANSLATE: 150 µs 439 ns, EXECUTE: 172 ms 354 µs (wall time) | QUERY PLAN CACHE HITS: 0/1 statement(s)]
After reset, table use_count: 2
WARNING: Table still has 1 other owner(s) after pipeline reset!
Executing script file done
$:hsh mem_usage
------------------------------------------
Memory Usage Statistics:
VmSize:	216005152 kB
VmRSS:	77383132 kB
1: MemResourceStatus {MigratedColumnsAggregate,18446744073709551615,12610235929,10275988050,10275988050,0,1,N/A}
MemResourceStatus {NumaMonotonicResource,3,60000000000,721534,1351312606,1935882014,1,1935888512}
MemResourceStatus {NumaMonotonicResource,2,60000000000,0,0,0,0,0}
MemResourceStatus {NumaMonotonicResource,1,64000000000,1039541809,3671651606,18917318200,0,18917334560}
0: MemResourceStatus {MemManagerAggregate,18446744073709551615,124000000000,1039541809,3671651606,0,0,N/A}
1: MemResourceStatus {MemManagerAggregate,18446744073709551615,60000000000,721534,1351312606,0,1,N/A}
MemResourceStatus {DefaultResource,18446744073709551615,18446744073709551615,0,0,0,-1,N/A}
Quick Memory Usage Overview:
Used Capacity: 1039541809, 10276709584
------------------------------------------
Executing script file: /home/umeshsum/tpch_queries/8.sql
[32m(release)[0m> select
[32m(release)[0m> 	o_year,
[32m(release)[0m> 	sum(case
[32m(release)[0m> 		when nation = 'BRAZIL' then volume
[32m(release)[0m> 		else 0
[32m(release)[0m> 	end) / sum(volume) as mkt_share
[32m(release)[0m> from
[32m(release)[0m> 	(
[32m(release)[0m> 		select
[32m(release)[0m> 			extract(year from o_orderdate) as o_year,
[32m(release)[0m> 			l_extendedprice * (1 - l_discount) as volume,
[32m(release)[0m> 			n2.n_name as nation
[32m(release)[0m> 		from
[32m(release)[0m> 			part,
[32m(release)[0m> 			supplier,
[32m(release)[0m> 			lineitem,
[32m(release)[0m> 			orders,
[32m(release)[0m> 			customer,
[32m(release)[0m> 			nation n1,
[32m(release)[0m> 			nation n2,
[32m(release)[0m> 			region
[32m(release)[0m> 		where
[32m(release)[0m> 			p_partkey = l_partkey
[32m(release)[0m> 			and s_suppkey = l_suppkey
[32m(release)[0m> 			and l_orderkey = o_orderkey
[32m(release)[0m> 			and o_custkey = c_custkey
[32m(release)[0m> 			and c_nationkey = n1.n_nationkey
[32m(release)[0m> 			and n1.n_regionkey = r_regionkey
[32m(release)[0m> 			and r_name = 'AMERICA'
[32m(release)[0m> 			and s_nationkey = n2.n_nationkey
[32m(release)[0m> 			and o_orderdate between date '1995-01-01' and date '1996-12-31'
[32m(release)[0m> 			and p_type = 'ECONOMY ANODIZED STEEL'
[32m(release)[0m> 	) as all_nations
[32m(release)[0m> group by
[32m(release)[0m> 	o_year
[32m(release)[0m> order by
[32m(release)[0m> 	o_year;
VmRSS Change: 18446744073709551580 KB
===
2 rows total
Execution info: [PARSE: 52 µs 419 ns, SQL TRANSLATE: 0 ns, OPTIMIZE: 0 ns, LQP TRANSLATE: 41 µs 40 ns, EXECUTE: 177 ms 353 µs (wall time) | QUERY PLAN CACHE HITS: 1/1 statement(s)]
After reset, table use_count: 2
WARNING: Table still has 1 other owner(s) after pipeline reset!
Executing script file done
$:hsh mem_usage
------------------------------------------
Memory Usage Statistics:
VmSize:	216005152 kB
VmRSS:	77383096 kB
1: MemResourceStatus {MigratedColumnsAggregate,18446744073709551615,12610235929,10275988050,10275988050,0,1,N/A}
MemResourceStatus {NumaMonotonicResource,3,60000000000,918173,1351312606,3871907522,1,3871920464}
MemResourceStatus {NumaMonotonicResource,2,60000000000,0,0,0,0,0}
MemResourceStatus {NumaMonotonicResource,1,64000000000,1039541809,3671651606,18917318200,0,18917334560}
0: MemResourceStatus {MemManagerAggregate,18446744073709551615,124000000000,1039541809,3671651606,0,0,N/A}
1: MemResourceStatus {MemManagerAggregate,18446744073709551615,60000000000,918173,1351312606,0,1,N/A}
MemResourceStatus {DefaultResource,18446744073709551615,18446744073709551615,0,0,0,-1,N/A}
Quick Memory Usage Overview:
Used Capacity: 1039541809, 10276906223
------------------------------------------
Executing script file: /home/umeshsum/tpch_queries/8.sql
[32m(release)[0m> select
[32m(release)[0m> 	o_year,
[32m(release)[0m> 	sum(case
[32m(release)[0m> 		when nation = 'BRAZIL' then volume
[32m(release)[0m> 		else 0
[32m(release)[0m> 	end) / sum(volume) as mkt_share
[32m(release)[0m> from
[32m(release)[0m> 	(
[32m(release)[0m> 		select
[32m(release)[0m> 			extract(year from o_orderdate) as o_year,
[32m(release)[0m> 			l_extendedprice * (1 - l_discount) as volume,
[32m(release)[0m> 			n2.n_name as nation
[32m(release)[0m> 		from
[32m(release)[0m> 			part,
[32m(release)[0m> 			supplier,
[32m(release)[0m> 			lineitem,
[32m(release)[0m> 			orders,
[32m(release)[0m> 			customer,
[32m(release)[0m> 			nation n1,
[32m(release)[0m> 			nation n2,
[32m(release)[0m> 			region
[32m(release)[0m> 		where
[32m(release)[0m> 			p_partkey = l_partkey
[32m(release)[0m> 			and s_suppkey = l_suppkey
[32m(release)[0m> 			and l_orderkey = o_orderkey
[32m(release)[0m> 			and o_custkey = c_custkey
[32m(release)[0m> 			and c_nationkey = n1.n_nationkey
[32m(release)[0m> 			and n1.n_regionkey = r_regionkey
[32m(release)[0m> 			and r_name = 'AMERICA'
[32m(release)[0m> 			and s_nationkey = n2.n_nationkey
[32m(release)[0m> 			and o_orderdate between date '1995-01-01' and date '1996-12-31'
[32m(release)[0m> 			and p_type = 'ECONOMY ANODIZED STEEL'
[32m(release)[0m> 	) as all_nations
[32m(release)[0m> group by
[32m(release)[0m> 	o_year
[32m(release)[0m> order by
[32m(release)[0m> 	o_year;
VmRSS Change: 18446744073709551532 KB
===
2 rows total
Execution info: [PARSE: 46 µs 149 ns, SQL TRANSLATE: 0 ns, OPTIMIZE: 0 ns, LQP TRANSLATE: 33 µs 380 ns, EXECUTE: 163 ms 346 µs (wall time) | QUERY PLAN CACHE HITS: 1/1 statement(s)]
After reset, table use_count: 2
WARNING: Table still has 1 other owner(s) after pipeline reset!
Executing script file done
$:hsh mem_usage
------------------------------------------
Memory Usage Statistics:
VmSize:	216005152 kB
VmRSS:	77383012 kB
1: MemResourceStatus {MigratedColumnsAggregate,18446744073709551615,12610235929,10275988050,10275988050,0,1,N/A}
MemResourceStatus {NumaMonotonicResource,3,60000000000,918173,1351312606,5807933030,1,5807952448}
MemResourceStatus {NumaMonotonicResource,2,60000000000,0,0,0,0,0}
MemResourceStatus {NumaMonotonicResource,1,64000000000,1039541809,3671651606,18917318200,0,18917334560}
0: MemResourceStatus {MemManagerAggregate,18446744073709551615,124000000000,1039541809,3671651606,0,0,N/A}
1: MemResourceStatus {MemManagerAggregate,18446744073709551615,60000000000,918173,1351312606,0,1,N/A}
MemResourceStatus {DefaultResource,18446744073709551615,18446744073709551615,0,0,0,-1,N/A}
Quick Memory Usage Overview:
Used Capacity: 1039541809, 10276906223
------------------------------------------
Executing script file: /home/umeshsum/tpch_queries/8.sql
[32m(release)[0m> select
[32m(release)[0m> 	o_year,
[32m(release)[0m> 	sum(case
[32m(release)[0m> 		when nation = 'BRAZIL' then volume
[32m(release)[0m> 		else 0
[32m(release)[0m> 	end) / sum(volume) as mkt_share
[32m(release)[0m> from
[32m(release)[0m> 	(
[32m(release)[0m> 		select
[32m(release)[0m> 			extract(year from o_orderdate) as o_year,
[32m(release)[0m> 			l_extendedprice * (1 - l_discount) as volume,
[32m(release)[0m> 			n2.n_name as nation
[32m(release)[0m> 		from
[32m(release)[0m> 			part,
[32m(release)[0m> 			supplier,
[32m(release)[0m> 			lineitem,
[32m(release)[0m> 			orders,
[32m(release)[0m> 			customer,
[32m(release)[0m> 			nation n1,
[32m(release)[0m> 			nation n2,
[32m(release)[0m> 			region
[32m(release)[0m> 		where
[32m(release)[0m> 			p_partkey = l_partkey
[32m(release)[0m> 			and s_suppkey = l_suppkey
[32m(release)[0m> 			and l_orderkey = o_orderkey
[32m(release)[0m> 			and o_custkey = c_custkey
[32m(release)[0m> 			and c_nationkey = n1.n_nationkey
[32m(release)[0m> 			and n1.n_regionkey = r_regionkey
[32m(release)[0m> 			and r_name = 'AMERICA'
[32m(release)[0m> 			and s_nationkey = n2.n_nationkey
[32m(release)[0m> 			and o_orderdate between date '1995-01-01' and date '1996-12-31'
[32m(release)[0m> 			and p_type = 'ECONOMY ANODIZED STEEL'
[32m(release)[0m> 	) as all_nations
[32m(release)[0m> group by
[32m(release)[0m> 	o_year
[32m(release)[0m> order by
[32m(release)[0m> 	o_year;
VmRSS Change: 18446744073709551584 KB
===
2 rows total
Execution info: [PARSE: 43 µs 469 ns, SQL TRANSLATE: 0 ns, OPTIMIZE: 0 ns, LQP TRANSLATE: 33 µs 9 ns, EXECUTE: 183 ms 802 µs (wall time) | QUERY PLAN CACHE HITS: 1/1 statement(s)]
After reset, table use_count: 2
WARNING: Table still has 1 other owner(s) after pipeline reset!
Executing script file done
$:hsh mem_usage
------------------------------------------
Memory Usage Statistics:
VmSize:	216005152 kB
VmRSS:	77382968 kB
1: MemResourceStatus {MigratedColumnsAggregate,18446744073709551615,12610235929,10275988050,10275988050,0,1,N/A}
MemResourceStatus {NumaMonotonicResource,3,60000000000,918173,1351312606,7743958538,1,7743984432}
MemResourceStatus {NumaMonotonicResource,2,60000000000,0,0,0,0,0}
MemResourceStatus {NumaMonotonicResource,1,64000000000,1039541809,3671651606,18917318200,0,18917334560}
0: MemResourceStatus {MemManagerAggregate,18446744073709551615,124000000000,1039541809,3671651606,0,0,N/A}
1: MemResourceStatus {MemManagerAggregate,18446744073709551615,60000000000,918173,1351312606,0,1,N/A}
MemResourceStatus {DefaultResource,18446744073709551615,18446744073709551615,0,0,0,-1,N/A}
Quick Memory Usage Overview:
Used Capacity: 1039541809, 10276906223
------------------------------------------
Executing script file: /home/umeshsum/tpch_queries/8.sql
[32m(release)[0m> select
[32m(release)[0m> 	o_year,
[32m(release)[0m> 	sum(case
[32m(release)[0m> 		when nation = 'BRAZIL' then volume
[32m(release)[0m> 		else 0
[32m(release)[0m> 	end) / sum(volume) as mkt_share
[32m(release)[0m> from
[32m(release)[0m> 	(
[32m(release)[0m> 		select
[32m(release)[0m> 			extract(year from o_orderdate) as o_year,
[32m(release)[0m> 			l_extendedprice * (1 - l_discount) as volume,
[32m(release)[0m> 			n2.n_name as nation
[32m(release)[0m> 		from
[32m(release)[0m> 			part,
[32m(release)[0m> 			supplier,
[32m(release)[0m> 			lineitem,
[32m(release)[0m> 			orders,
[32m(release)[0m> 			customer,
[32m(release)[0m> 			nation n1,
[32m(release)[0m> 			nation n2,
[32m(release)[0m> 			region
[32m(release)[0m> 		where
[32m(release)[0m> 			p_partkey = l_partkey
[32m(release)[0m> 			and s_suppkey = l_suppkey
[32m(release)[0m> 			and l_orderkey = o_orderkey
[32m(release)[0m> 			and o_custkey = c_custkey
[32m(release)[0m> 			and c_nationkey = n1.n_nationkey
[32m(release)[0m> 			and n1.n_regionkey = r_regionkey
[32m(release)[0m> 			and r_name = 'AMERICA'
[32m(release)[0m> 			and s_nationkey = n2.n_nationkey
[32m(release)[0m> 			and o_orderdate between date '1995-01-01' and date '1996-12-31'
[32m(release)[0m> 			and p_type = 'ECONOMY ANODIZED STEEL'
[32m(release)[0m> 	) as all_nations
[32m(release)[0m> group by
[32m(release)[0m> 	o_year
[32m(release)[0m> order by
[32m(release)[0m> 	o_year;
VmRSS Change: 18446744073709551612 KB
===
2 rows total
Execution info: [PARSE: 55 µs 790 ns, SQL TRANSLATE: 0 ns, OPTIMIZE: 0 ns, LQP TRANSLATE: 38 µs 220 ns, EXECUTE: 172 ms 837 µs (wall time) | QUERY PLAN CACHE HITS: 1/1 statement(s)]
After reset, table use_count: 2
WARNING: Table still has 1 other owner(s) after pipeline reset!
Executing script file done
$:hsh mem_usage
------------------------------------------
Memory Usage Statistics:
VmSize:	216005152 kB
VmRSS:	77382964 kB
1: MemResourceStatus {MigratedColumnsAggregate,18446744073709551615,12610235929,10275988050,10275988050,0,1,N/A}
MemResourceStatus {NumaMonotonicResource,3,60000000000,918173,1351312606,9679984046,1,9680016416}
MemResourceStatus {NumaMonotonicResource,2,60000000000,0,0,0,0,0}
MemResourceStatus {NumaMonotonicResource,1,64000000000,1039541809,3671651606,18917318200,0,18917334560}
0: MemResourceStatus {MemManagerAggregate,18446744073709551615,124000000000,1039541809,3671651606,0,0,N/A}
1: MemResourceStatus {MemManagerAggregate,18446744073709551615,60000000000,918173,1351312606,0,1,N/A}
MemResourceStatus {DefaultResource,18446744073709551615,18446744073709551615,0,0,0,-1,N/A}
Quick Memory Usage Overview:
Used Capacity: 1039541809, 10276906223
------------------------------------------
Executing script file: /home/umeshsum/tpch_queries/8.sql
[32m(release)[0m> select
[32m(release)[0m> 	o_year,
[32m(release)[0m> 	sum(case
[32m(release)[0m> 		when nation = 'BRAZIL' then volume
[32m(release)[0m> 		else 0
[32m(release)[0m> 	end) / sum(volume) as mkt_share
[32m(release)[0m> from
[32m(release)[0m> 	(
[32m(release)[0m> 		select
[32m(release)[0m> 			extract(year from o_orderdate) as o_year,
[32m(release)[0m> 			l_extendedprice * (1 - l_discount) as volume,
[32m(release)[0m> 			n2.n_name as nation
[32m(release)[0m> 		from
[32m(release)[0m> 			part,
[32m(release)[0m> 			supplier,
[32m(release)[0m> 			lineitem,
[32m(release)[0m> 			orders,
[32m(release)[0m> 			customer,
[32m(release)[0m> 			nation n1,
[32m(release)[0m> 			nation n2,
[32m(release)[0m> 			region
[32m(release)[0m> 		where
[32m(release)[0m> 			p_partkey = l_partkey
[32m(release)[0m> 			and s_suppkey = l_suppkey
[32m(release)[0m> 			and l_orderkey = o_orderkey
[32m(release)[0m> 			and o_custkey = c_custkey
[32m(release)[0m> 			and c_nationkey = n1.n_nationkey
[32m(release)[0m> 			and n1.n_regionkey = r_regionkey
[32m(release)[0m> 			and r_name = 'AMERICA'
[32m(release)[0m> 			and s_nationkey = n2.n_nationkey
[32m(release)[0m> 			and o_orderdate between date '1995-01-01' and date '1996-12-31'
[32m(release)[0m> 			and p_type = 'ECONOMY ANODIZED STEEL'
[32m(release)[0m> 	) as all_nations
[32m(release)[0m> group by
[32m(release)[0m> 	o_year
[32m(release)[0m> order by
[32m(release)[0m> 	o_year;
VmRSS Change: 18446744073709551584 KB
===
2 rows total
Execution info: [PARSE: 58 µs 370 ns, SQL TRANSLATE: 0 ns, OPTIMIZE: 0 ns, LQP TRANSLATE: 34 µs 410 ns, EXECUTE: 169 ms 687 µs (wall time) | QUERY PLAN CACHE HITS: 1/1 statement(s)]
After reset, table use_count: 2
WARNING: Table still has 1 other owner(s) after pipeline reset!
Executing script file done
$:hsh mem_usage
------------------------------------------
Memory Usage Statistics:
VmSize:	216005152 kB
VmRSS:	77382932 kB
1: MemResourceStatus {MigratedColumnsAggregate,18446744073709551615,12610235929,10275988050,10275988050,0,1,N/A}
MemResourceStatus {NumaMonotonicResource,3,60000000000,918173,1351312606,11616009554,1,11616048400}
MemResourceStatus {NumaMonotonicResource,2,60000000000,0,0,0,0,0}
MemResourceStatus {NumaMonotonicResource,1,64000000000,1039541809,3671651606,18917318200,0,18917334560}
0: MemResourceStatus {MemManagerAggregate,18446744073709551615,124000000000,1039541809,3671651606,0,0,N/A}
1: MemResourceStatus {MemManagerAggregate,18446744073709551615,60000000000,918173,1351312606,0,1,N/A}
MemResourceStatus {DefaultResource,18446744073709551615,18446744073709551615,0,0,0,-1,N/A}
Quick Memory Usage Overview:
Used Capacity: 1039541809, 10276906223
------------------------------------------
Executing script file: /home/umeshsum/tpch_queries/8.sql
[32m(release)[0m> select
[32m(release)[0m> 	o_year,
[32m(release)[0m> 	sum(case
[32m(release)[0m> 		when nation = 'BRAZIL' then volume
[32m(release)[0m> 		else 0
[32m(release)[0m> 	end) / sum(volume) as mkt_share
[32m(release)[0m> from
[32m(release)[0m> 	(
[32m(release)[0m> 		select
[32m(release)[0m> 			extract(year from o_orderdate) as o_year,
[32m(release)[0m> 			l_extendedprice * (1 - l_discount) as volume,
[32m(release)[0m> 			n2.n_name as nation
[32m(release)[0m> 		from
[32m(release)[0m> 			part,
[32m(release)[0m> 			supplier,
[32m(release)[0m> 			lineitem,
[32m(release)[0m> 			orders,
[32m(release)[0m> 			customer,
[32m(release)[0m> 			nation n1,
[32m(release)[0m> 			nation n2,
[32m(release)[0m> 			region
[32m(release)[0m> 		where
[32m(release)[0m> 			p_partkey = l_partkey
[32m(release)[0m> 			and s_suppkey = l_suppkey
[32m(release)[0m> 			and l_orderkey = o_orderkey
[32m(release)[0m> 			and o_custkey = c_custkey
[32m(release)[0m> 			and c_nationkey = n1.n_nationkey
[32m(release)[0m> 			and n1.n_regionkey = r_regionkey
[32m(release)[0m> 			and r_name = 'AMERICA'
[32m(release)[0m> 			and s_nationkey = n2.n_nationkey
[32m(release)[0m> 			and o_orderdate between date '1995-01-01' and date '1996-12-31'
[32m(release)[0m> 			and p_type = 'ECONOMY ANODIZED STEEL'
[32m(release)[0m> 	) as all_nations
[32m(release)[0m> group by
[32m(release)[0m> 	o_year
[32m(release)[0m> order by
[32m(release)[0m> 	o_year;
VmRSS Change: 18446744073709551564 KB
===
2 rows total
Execution info: [PARSE: 88 µs 889 ns, SQL TRANSLATE: 0 ns, OPTIMIZE: 0 ns, LQP TRANSLATE: 61 µs 120 ns, EXECUTE: 165 ms 993 µs (wall time) | QUERY PLAN CACHE HITS: 1/1 statement(s)]
After reset, table use_count: 2
WARNING: Table still has 1 other owner(s) after pipeline reset!
Executing script file done
$:hsh mem_usage
------------------------------------------
Memory Usage Statistics:
VmSize:	216005152 kB
VmRSS:	77382880 kB
1: MemResourceStatus {MigratedColumnsAggregate,18446744073709551615,12610235929,10275988050,10275988050,0,1,N/A}
MemResourceStatus {NumaMonotonicResource,3,60000000000,918173,1351312606,13552035062,1,13552080400}
MemResourceStatus {NumaMonotonicResource,2,60000000000,0,0,0,0,0}
MemResourceStatus {NumaMonotonicResource,1,64000000000,1039541809,3671651606,18917318200,0,18917334560}
0: MemResourceStatus {MemManagerAggregate,18446744073709551615,124000000000,1039541809,3671651606,0,0,N/A}
1: MemResourceStatus {MemManagerAggregate,18446744073709551615,60000000000,918173,1351312606,0,1,N/A}
MemResourceStatus {DefaultResource,18446744073709551615,18446744073709551615,0,0,0,-1,N/A}
Quick Memory Usage Overview:
Used Capacity: 1039541809, 10276906223
------------------------------------------
Executing script file: /home/umeshsum/tpch_queries/8.sql
[32m(release)[0m> select
[32m(release)[0m> 	o_year,
[32m(release)[0m> 	sum(case
[32m(release)[0m> 		when nation = 'BRAZIL' then volume
[32m(release)[0m> 		else 0
[32m(release)[0m> 	end) / sum(volume) as mkt_share
[32m(release)[0m> from
[32m(release)[0m> 	(
[32m(release)[0m> 		select
[32m(release)[0m> 			extract(year from o_orderdate) as o_year,
[32m(release)[0m> 			l_extendedprice * (1 - l_discount) as volume,
[32m(release)[0m> 			n2.n_name as nation
[32m(release)[0m> 		from
[32m(release)[0m> 			part,
[32m(release)[0m> 			supplier,
[32m(release)[0m> 			lineitem,
[32m(release)[0m> 			orders,
[32m(release)[0m> 			customer,
[32m(release)[0m> 			nation n1,
[32m(release)[0m> 			nation n2,
[32m(release)[0m> 			region
[32m(release)[0m> 		where
[32m(release)[0m> 			p_partkey = l_partkey
[32m(release)[0m> 			and s_suppkey = l_suppkey
[32m(release)[0m> 			and l_orderkey = o_orderkey
[32m(release)[0m> 			and o_custkey = c_custkey
[32m(release)[0m> 			and c_nationkey = n1.n_nationkey
[32m(release)[0m> 			and n1.n_regionkey = r_regionkey
[32m(release)[0m> 			and r_name = 'AMERICA'
[32m(release)[0m> 			and s_nationkey = n2.n_nationkey
[32m(release)[0m> 			and o_orderdate between date '1995-01-01' and date '1996-12-31'
[32m(release)[0m> 			and p_type = 'ECONOMY ANODIZED STEEL'
[32m(release)[0m> 	) as all_nations
[32m(release)[0m> group by
[32m(release)[0m> 	o_year
[32m(release)[0m> order by
[32m(release)[0m> 	o_year;
VmRSS Change: 60 KB
===
2 rows total
Execution info: [PARSE: 51 µs 310 ns, SQL TRANSLATE: 0 ns, OPTIMIZE: 0 ns, LQP TRANSLATE: 34 µs 200 ns, EXECUTE: 166 ms 626 µs (wall time) | QUERY PLAN CACHE HITS: 1/1 statement(s)]
After reset, table use_count: 2
WARNING: Table still has 1 other owner(s) after pipeline reset!
Executing script file done
$:hsh mem_usage
------------------------------------------
Memory Usage Statistics:
VmSize:	216005152 kB
VmRSS:	77382940 kB
1: MemResourceStatus {MigratedColumnsAggregate,18446744073709551615,12610235929,10275988050,10275988050,0,1,N/A}
MemResourceStatus {NumaMonotonicResource,3,60000000000,918173,1351312606,15488060570,1,15488112384}
MemResourceStatus {NumaMonotonicResource,2,60000000000,0,0,0,0,0}
MemResourceStatus {NumaMonotonicResource,1,64000000000,1039541809,3671651606,18917318200,0,18917334560}
0: MemResourceStatus {MemManagerAggregate,18446744073709551615,124000000000,1039541809,3671651606,0,0,N/A}
1: MemResourceStatus {MemManagerAggregate,18446744073709551615,60000000000,918173,1351312606,0,1,N/A}
MemResourceStatus {DefaultResource,18446744073709551615,18446744073709551615,0,0,0,-1,N/A}
Quick Memory Usage Overview:
Used Capacity: 1039541809, 10276906223
------------------------------------------
Executing script file: /home/umeshsum/tpch_queries/8.sql
[32m(release)[0m> select
[32m(release)[0m> 	o_year,
[32m(release)[0m> 	sum(case
[32m(release)[0m> 		when nation = 'BRAZIL' then volume
[32m(release)[0m> 		else 0
[32m(release)[0m> 	end) / sum(volume) as mkt_share
[32m(release)[0m> from
[32m(release)[0m> 	(
[32m(release)[0m> 		select
[32m(release)[0m> 			extract(year from o_orderdate) as o_year,
[32m(release)[0m> 			l_extendedprice * (1 - l_discount) as volume,
[32m(release)[0m> 			n2.n_name as nation
[32m(release)[0m> 		from
[32m(release)[0m> 			part,
[32m(release)[0m> 			supplier,
[32m(release)[0m> 			lineitem,
[32m(release)[0m> 			orders,
[32m(release)[0m> 			customer,
[32m(release)[0m> 			nation n1,
[32m(release)[0m> 			nation n2,
[32m(release)[0m> 			region
[32m(release)[0m> 		where
[32m(release)[0m> 			p_partkey = l_partkey
[32m(release)[0m> 			and s_suppkey = l_suppkey
[32m(release)[0m> 			and l_orderkey = o_orderkey
[32m(release)[0m> 			and o_custkey = c_custkey
[32m(release)[0m> 			and c_nationkey = n1.n_nationkey
[32m(release)[0m> 			and n1.n_regionkey = r_regionkey
[32m(release)[0m> 			and r_name = 'AMERICA'
[32m(release)[0m> 			and s_nationkey = n2.n_nationkey
[32m(release)[0m> 			and o_orderdate between date '1995-01-01' and date '1996-12-31'
[32m(release)[0m> 			and p_type = 'ECONOMY ANODIZED STEEL'
[32m(release)[0m> 	) as all_nations
[32m(release)[0m> group by
[32m(release)[0m> 	o_year
[32m(release)[0m> order by
[32m(release)[0m> 	o_year;
VmRSS Change: 18446744073709551368 KB
===
2 rows total
Execution info: [PARSE: 73 µs 49 ns, SQL TRANSLATE: 0 ns, OPTIMIZE: 0 ns, LQP TRANSLATE: 47 µs 739 ns, EXECUTE: 178 ms 793 µs (wall time) | QUERY PLAN CACHE HITS: 1/1 statement(s)]
After reset, table use_count: 2
WARNING: Table still has 1 other owner(s) after pipeline reset!
Executing script file done
$:hsh mem_usage
------------------------------------------
Memory Usage Statistics:
VmSize:	216005152 kB
VmRSS:	77382692 kB
1: MemResourceStatus {MigratedColumnsAggregate,18446744073709551615,12610235929,10275988050,10275988050,0,1,N/A}
MemResourceStatus {NumaMonotonicResource,3,60000000000,918173,1351312606,17424086078,1,17424144368}
MemResourceStatus {NumaMonotonicResource,2,60000000000,0,0,0,0,0}
MemResourceStatus {NumaMonotonicResource,1,64000000000,1039541809,3671651606,18917318200,0,18917334560}
0: MemResourceStatus {MemManagerAggregate,18446744073709551615,124000000000,1039541809,3671651606,0,0,N/A}
1: MemResourceStatus {MemManagerAggregate,18446744073709551615,60000000000,918173,1351312606,0,1,N/A}
MemResourceStatus {DefaultResource,18446744073709551615,18446744073709551615,0,0,0,-1,N/A}
Quick Memory Usage Overview:
Used Capacity: 1039541809, 10276906223
------------------------------------------
Executing script file: /home/umeshsum/tpch_queries/8.sql
[32m(release)[0m> select
[32m(release)[0m> 	o_year,
[32m(release)[0m> 	sum(case
[32m(release)[0m> 		when nation = 'BRAZIL' then volume
[32m(release)[0m> 		else 0
[32m(release)[0m> 	end) / sum(volume) as mkt_share
[32m(release)[0m> from
[32m(release)[0m> 	(
[32m(release)[0m> 		select
[32m(release)[0m> 			extract(year from o_orderdate) as o_year,
[32m(release)[0m> 			l_extendedprice * (1 - l_discount) as volume,
[32m(release)[0m> 			n2.n_name as nation
[32m(release)[0m> 		from
[32m(release)[0m> 			part,
[32m(release)[0m> 			supplier,
[32m(release)[0m> 			lineitem,
[32m(release)[0m> 			orders,
[32m(release)[0m> 			customer,
[32m(release)[0m> 			nation n1,
[32m(release)[0m> 			nation n2,
[32m(release)[0m> 			region
[32m(release)[0m> 		where
[32m(release)[0m> 			p_partkey = l_partkey
[32m(release)[0m> 			and s_suppkey = l_suppkey
[32m(release)[0m> 			and l_orderkey = o_orderkey
[32m(release)[0m> 			and o_custkey = c_custkey
[32m(release)[0m> 			and c_nationkey = n1.n_nationkey
[32m(release)[0m> 			and n1.n_regionkey = r_regionkey
[32m(release)[0m> 			and r_name = 'AMERICA'
[32m(release)[0m> 			and s_nationkey = n2.n_nationkey
[32m(release)[0m> 			and o_orderdate between date '1995-01-01' and date '1996-12-31'
[32m(release)[0m> 			and p_type = 'ECONOMY ANODIZED STEEL'
[32m(release)[0m> 	) as all_nations
[32m(release)[0m> group by
[32m(release)[0m> 	o_year
[32m(release)[0m> order by
[32m(release)[0m> 	o_year;
VmRSS Change: 18446744073709551604 KB
===
2 rows total
Execution info: [PARSE: 43 µs 420 ns, SQL TRANSLATE: 0 ns, OPTIMIZE: 0 ns, LQP TRANSLATE: 39 µs 139 ns, EXECUTE: 166 ms 686 µs (wall time) | QUERY PLAN CACHE HITS: 1/1 statement(s)]
After reset, table use_count: 2
WARNING: Table still has 1 other owner(s) after pipeline reset!
Executing script file done
$:hsh mem_usage
------------------------------------------
Memory Usage Statistics:
VmSize:	216005152 kB
VmRSS:	77382680 kB
1: MemResourceStatus {MigratedColumnsAggregate,18446744073709551615,12610235929,10275988050,10275988050,0,1,N/A}
MemResourceStatus {NumaMonotonicResource,3,60000000000,918173,1353362885,19360111586,1,19360176320}
MemResourceStatus {NumaMonotonicResource,2,60000000000,0,0,0,0,0}
MemResourceStatus {NumaMonotonicResource,1,64000000000,1039541809,3671651606,18917318200,0,18917334560}
0: MemResourceStatus {MemManagerAggregate,18446744073709551615,124000000000,1039541809,3671651606,0,0,N/A}
1: MemResourceStatus {MemManagerAggregate,18446744073709551615,60000000000,918173,1353362885,0,1,N/A}
MemResourceStatus {DefaultResource,18446744073709551615,18446744073709551615,0,0,0,-1,N/A}
Quick Memory Usage Overview:
Used Capacity: 1039541809, 10276906223
------------------------------------------
Label set to d0_tf0_q9
$:hsh clear_plan_caches
Cleared PQP and LQP caches
$:hsh clear_pipeline
Released last SQLPipeline
$:hsh reset_exec_pools
Reset execution pools (2, 3) bump pointers to start
$:hsh mem_usage
------------------------------------------
Memory Usage Statistics:
VmSize:	216005152 kB
VmRSS:	77382664 kB
1: MemResourceStatus {MigratedColumnsAggregate,18446744073709551615,12610235929,10275988050,10275988050,0,1,N/A}
MemResourceStatus {NumaMonotonicResource,3,60000000000,0,0,0,1,0}
MemResourceStatus {NumaMonotonicResource,2,60000000000,0,0,0,0,0}
MemResourceStatus {NumaMonotonicResource,1,64000000000,1039541809,3671651606,18917318200,0,18917334560}
0: MemResourceStatus {MemManagerAggregate,18446744073709551615,124000000000,1039541809,3671651606,0,0,N/A}
1: MemResourceStatus {MemManagerAggregate,18446744073709551615,60000000000,0,0,0,1,N/A}
MemResourceStatus {DefaultResource,18446744073709551615,18446744073709551615,0,0,0,-1,N/A}
Quick Memory Usage Overview:
Used Capacity: 1039541809, 10275988050
------------------------------------------
Executing script file: /home/umeshsum/tpch_queries/9.sql
[32m(release)[0m> select
[32m(release)[0m> 	nation,
[32m(release)[0m> 	o_year,
[32m(release)[0m> 	sum(amount) as sum_profit
[32m(release)[0m> from
[32m(release)[0m> 	(
[32m(release)[0m> 		select
[32m(release)[0m> 			n_name as nation,
[32m(release)[0m> 			extract(year from o_orderdate) as o_year,
[32m(release)[0m> 			l_extendedprice * (1 - l_discount) - ps_supplycost * l_quantity as amount
[32m(release)[0m> 		from
[32m(release)[0m> 			part,
[32m(release)[0m> 			supplier,
[32m(release)[0m> 			lineitem,
[32m(release)[0m> 			partsupp,
[32m(release)[0m> 			orders,
[32m(release)[0m> 			nation
[32m(release)[0m> 		where
[32m(release)[0m> 			s_suppkey = l_suppkey
[32m(release)[0m> 			and ps_suppkey = l_suppkey
[32m(release)[0m> 			and ps_partkey = l_partkey
[32m(release)[0m> 			and p_partkey = l_partkey
[32m(release)[0m> 			and o_orderkey = l_orderkey
[32m(release)[0m> 			and s_nationkey = n_nationkey
[32m(release)[0m> 			and p_name like '%green%'
[32m(release)[0m> 	) as profit
[32m(release)[0m> group by
[32m(release)[0m> 	nation,
[32m(release)[0m> 	o_year
[32m(release)[0m> order by
[32m(release)[0m> 	nation,
[32m(release)[0m> 	o_year desc;
VmRSS Change: 18446744073709549436 KB
===
175 rows total
Execution info: [PARSE: 32 µs 709 ns, SQL TRANSLATE: 156 µs 859 ns, OPTIMIZE: 7 ms 437 µs, LQP TRANSLATE: 99 µs 199 ns, EXECUTE: 2 s 140 ms (wall time) | QUERY PLAN CACHE HITS: 0/1 statement(s)]
After reset, table use_count: 2
WARNING: Table still has 1 other owner(s) after pipeline reset!
Executing script file done
$:hsh mem_usage
------------------------------------------
Memory Usage Statistics:
VmSize:	216005152 kB
VmRSS:	77380636 kB
1: MemResourceStatus {MigratedColumnsAggregate,18446744073709551615,12610235929,10275988050,10275988050,0,1,N/A}
MemResourceStatus {NumaMonotonicResource,3,60000000000,27673624,1205698288,5146231564,1,5146240904}
MemResourceStatus {NumaMonotonicResource,2,60000000000,0,0,0,0,0}
MemResourceStatus {NumaMonotonicResource,1,64000000000,1039541809,3671651606,18917318200,0,18917334560}
0: MemResourceStatus {MemManagerAggregate,18446744073709551615,124000000000,1039541809,3671651606,0,0,N/A}
1: MemResourceStatus {MemManagerAggregate,18446744073709551615,60000000000,27673624,1205698288,0,1,N/A}
MemResourceStatus {DefaultResource,18446744073709551615,18446744073709551615,0,0,0,-1,N/A}
Quick Memory Usage Overview:
Used Capacity: 1039541809, 10303661674
------------------------------------------
Executing script file: /home/umeshsum/tpch_queries/9.sql
[32m(release)[0m> select
[32m(release)[0m> 	nation,
[32m(release)[0m> 	o_year,
[32m(release)[0m> 	sum(amount) as sum_profit
[32m(release)[0m> from
[32m(release)[0m> 	(
[32m(release)[0m> 		select
[32m(release)[0m> 			n_name as nation,
[32m(release)[0m> 			extract(year from o_orderdate) as o_year,
[32m(release)[0m> 			l_extendedprice * (1 - l_discount) - ps_supplycost * l_quantity as amount
[32m(release)[0m> 		from
[32m(release)[0m> 			part,
[32m(release)[0m> 			supplier,
[32m(release)[0m> 			lineitem,
[32m(release)[0m> 			partsupp,
[32m(release)[0m> 			orders,
[32m(release)[0m> 			nation
[32m(release)[0m> 		where
[32m(release)[0m> 			s_suppkey = l_suppkey
[32m(release)[0m> 			and ps_suppkey = l_suppkey
[32m(release)[0m> 			and ps_partkey = l_partkey
[32m(release)[0m> 			and p_partkey = l_partkey
[32m(release)[0m> 			and o_orderkey = l_orderkey
[32m(release)[0m> 			and s_nationkey = n_nationkey
[32m(release)[0m> 			and p_name like '%green%'
[32m(release)[0m> 	) as profit
[32m(release)[0m> group by
[32m(release)[0m> 	nation,
[32m(release)[0m> 	o_year
[32m(release)[0m> order by
[32m(release)[0m> 	nation,
[32m(release)[0m> 	o_year desc;
VmRSS Change: 18446744073709550340 KB
===
175 rows total
Execution info: [PARSE: 44 µs 59 ns, SQL TRANSLATE: 0 ns, OPTIMIZE: 0 ns, LQP TRANSLATE: 46 µs 589 ns, EXECUTE: 2 s 215 ms (wall time) | QUERY PLAN CACHE HITS: 1/1 statement(s)]
After reset, table use_count: 2
WARNING: Table still has 1 other owner(s) after pipeline reset!
Executing script file done
$:hsh mem_usage
------------------------------------------
Memory Usage Statistics:
VmSize:	216005152 kB
VmRSS:	77379360 kB
1: MemResourceStatus {MigratedColumnsAggregate,18446744073709551615,12610235929,10275988050,10275988050,0,1,N/A}
MemResourceStatus {NumaMonotonicResource,3,60000000000,53773768,1231716512,10292463128,1,10292481896}
MemResourceStatus {NumaMonotonicResource,2,60000000000,0,0,0,0,0}
MemResourceStatus {NumaMonotonicResource,1,64000000000,1039541809,3671651606,18917318200,0,18917334560}
0: MemResourceStatus {MemManagerAggregate,18446744073709551615,124000000000,1039541809,3671651606,0,0,N/A}
1: MemResourceStatus {MemManagerAggregate,18446744073709551615,60000000000,53773768,1231716512,0,1,N/A}
MemResourceStatus {DefaultResource,18446744073709551615,18446744073709551615,0,0,0,-1,N/A}
Quick Memory Usage Overview:
Used Capacity: 1039541809, 10329761818
------------------------------------------
Executing script file: /home/umeshsum/tpch_queries/9.sql
[32m(release)[0m> select
[32m(release)[0m> 	nation,
[32m(release)[0m> 	o_year,
[32m(release)[0m> 	sum(amount) as sum_profit
[32m(release)[0m> from
[32m(release)[0m> 	(
[32m(release)[0m> 		select
[32m(release)[0m> 			n_name as nation,
[32m(release)[0m> 			extract(year from o_orderdate) as o_year,
[32m(release)[0m> 			l_extendedprice * (1 - l_discount) - ps_supplycost * l_quantity as amount
[32m(release)[0m> 		from
[32m(release)[0m> 			part,
[32m(release)[0m> 			supplier,
[32m(release)[0m> 			lineitem,
[32m(release)[0m> 			partsupp,
[32m(release)[0m> 			orders,
[32m(release)[0m> 			nation
[32m(release)[0m> 		where
[32m(release)[0m> 			s_suppkey = l_suppkey
[32m(release)[0m> 			and ps_suppkey = l_suppkey
[32m(release)[0m> 			and ps_partkey = l_partkey
[32m(release)[0m> 			and p_partkey = l_partkey
[32m(release)[0m> 			and o_orderkey = l_orderkey
[32m(release)[0m> 			and s_nationkey = n_nationkey
[32m(release)[0m> 			and p_name like '%green%'
[32m(release)[0m> 	) as profit
[32m(release)[0m> group by
[32m(release)[0m> 	nation,
[32m(release)[0m> 	o_year
[32m(release)[0m> order by
[32m(release)[0m> 	nation,
[32m(release)[0m> 	o_year desc;
VmRSS Change: 18446744073709550340 KB
===
175 rows total
Execution info: [PARSE: 41 µs 910 ns, SQL TRANSLATE: 0 ns, OPTIMIZE: 0 ns, LQP TRANSLATE: 30 µs 930 ns, EXECUTE: 2 s 231 ms (wall time) | QUERY PLAN CACHE HITS: 1/1 statement(s)]
After reset, table use_count: 2
WARNING: Table still has 1 other owner(s) after pipeline reset!
Executing script file done
$:hsh mem_usage
------------------------------------------
Memory Usage Statistics:
VmSize:	216005152 kB
VmRSS:	77378024 kB
1: MemResourceStatus {MigratedColumnsAggregate,18446744073709551615,12610235929,10275988050,10275988050,0,1,N/A}
MemResourceStatus {NumaMonotonicResource,3,60000000000,53773768,1231765664,15438694692,1,15438722856}
MemResourceStatus {NumaMonotonicResource,2,60000000000,0,0,0,0,0}
MemResourceStatus {NumaMonotonicResource,1,64000000000,1039541809,3671651606,18917318200,0,18917334560}
0: MemResourceStatus {MemManagerAggregate,18446744073709551615,124000000000,1039541809,3671651606,0,0,N/A}
1: MemResourceStatus {MemManagerAggregate,18446744073709551615,60000000000,53773768,1231765664,0,1,N/A}
MemResourceStatus {DefaultResource,18446744073709551615,18446744073709551615,0,0,0,-1,N/A}
Quick Memory Usage Overview:
Used Capacity: 1039541809, 10329761818
------------------------------------------
Executing script file: /home/umeshsum/tpch_queries/9.sql
[32m(release)[0m> select
[32m(release)[0m> 	nation,
[32m(release)[0m> 	o_year,
[32m(release)[0m> 	sum(amount) as sum_profit
[32m(release)[0m> from
[32m(release)[0m> 	(
[32m(release)[0m> 		select
[32m(release)[0m> 			n_name as nation,
[32m(release)[0m> 			extract(year from o_orderdate) as o_year,
[32m(release)[0m> 			l_extendedprice * (1 - l_discount) - ps_supplycost * l_quantity as amount
[32m(release)[0m> 		from
[32m(release)[0m> 			part,
[32m(release)[0m> 			supplier,
[32m(release)[0m> 			lineitem,
[32m(release)[0m> 			partsupp,
[32m(release)[0m> 			orders,
[32m(release)[0m> 			nation
[32m(release)[0m> 		where
[32m(release)[0m> 			s_suppkey = l_suppkey
[32m(release)[0m> 			and ps_suppkey = l_suppkey
[32m(release)[0m> 			and ps_partkey = l_partkey
[32m(release)[0m> 			and p_partkey = l_partkey
[32m(release)[0m> 			and o_orderkey = l_orderkey
[32m(release)[0m> 			and s_nationkey = n_nationkey
[32m(release)[0m> 			and p_name like '%green%'
[32m(release)[0m> 	) as profit
[32m(release)[0m> group by
[32m(release)[0m> 	nation,
[32m(release)[0m> 	o_year
[32m(release)[0m> order by
[32m(release)[0m> 	nation,
[32m(release)[0m> 	o_year desc;
VmRSS Change: 18446744073709551388 KB
===
175 rows total
Execution info: [PARSE: 37 µs 40 ns, SQL TRANSLATE: 0 ns, OPTIMIZE: 0 ns, LQP TRANSLATE: 32 µs 970 ns, EXECUTE: 2 s 235 ms (wall time) | QUERY PLAN CACHE HITS: 1/1 statement(s)]
After reset, table use_count: 2
WARNING: Table still has 1 other owner(s) after pipeline reset!
Executing script file done
$:hsh mem_usage
------------------------------------------
Memory Usage Statistics:
VmSize:	216005152 kB
VmRSS:	77377796 kB
1: MemResourceStatus {MigratedColumnsAggregate,18446744073709551615,12610235929,10275988050,10275988050,0,1,N/A}
MemResourceStatus {NumaMonotonicResource,3,60000000000,53773768,1231782048,20584926256,1,20584963816}
MemResourceStatus {NumaMonotonicResource,2,60000000000,0,0,0,0,0}
MemResourceStatus {NumaMonotonicResource,1,64000000000,1039541809,3671651606,18917318200,0,18917334560}
0: MemResourceStatus {MemManagerAggregate,18446744073709551615,124000000000,1039541809,3671651606,0,0,N/A}
1: MemResourceStatus {MemManagerAggregate,18446744073709551615,60000000000,53773768,1231782048,0,1,N/A}
MemResourceStatus {DefaultResource,18446744073709551615,18446744073709551615,0,0,0,-1,N/A}
Quick Memory Usage Overview:
Used Capacity: 1039541809, 10329761818
------------------------------------------
Executing script file: /home/umeshsum/tpch_queries/9.sql
[32m(release)[0m> select
[32m(release)[0m> 	nation,
[32m(release)[0m> 	o_year,
[32m(release)[0m> 	sum(amount) as sum_profit
[32m(release)[0m> from
[32m(release)[0m> 	(
[32m(release)[0m> 		select
[32m(release)[0m> 			n_name as nation,
[32m(release)[0m> 			extract(year from o_orderdate) as o_year,
[32m(release)[0m> 			l_extendedprice * (1 - l_discount) - ps_supplycost * l_quantity as amount
[32m(release)[0m> 		from
[32m(release)[0m> 			part,
[32m(release)[0m> 			supplier,
[32m(release)[0m> 			lineitem,
[32m(release)[0m> 			partsupp,
[32m(release)[0m> 			orders,
[32m(release)[0m> 			nation
[32m(release)[0m> 		where
[32m(release)[0m> 			s_suppkey = l_suppkey
[32m(release)[0m> 			and ps_suppkey = l_suppkey
[32m(release)[0m> 			and ps_partkey = l_partkey
[32m(release)[0m> 			and p_partkey = l_partkey
[32m(release)[0m> 			and o_orderkey = l_orderkey
[32m(release)[0m> 			and s_nationkey = n_nationkey
[32m(release)[0m> 			and p_name like '%green%'
[32m(release)[0m> 	) as profit
[32m(release)[0m> group by
[32m(release)[0m> 	nation,
[32m(release)[0m> 	o_year
[32m(release)[0m> order by
[32m(release)[0m> 	nation,
[32m(release)[0m> 	o_year desc;
VmRSS Change: 18446744073709551208 KB
===
175 rows total
Execution info: [PARSE: 231 µs 478 ns, SQL TRANSLATE: 0 ns, OPTIMIZE: 0 ns, LQP TRANSLATE: 53 µs 509 ns, EXECUTE: 2 s 201 ms (wall time) | QUERY PLAN CACHE HITS: 1/1 statement(s)]
After reset, table use_count: 2
WARNING: Table still has 1 other owner(s) after pipeline reset!
Executing script file done
$:hsh mem_usage
------------------------------------------
Memory Usage Statistics:
VmSize:	216005152 kB
VmRSS:	77377252 kB
1: MemResourceStatus {MigratedColumnsAggregate,18446744073709551615,12610235929,10275988050,10275988050,0,1,N/A}
MemResourceStatus {NumaMonotonicResource,3,60000000000,53773768,1231782048,25731157820,1,25731204792}
MemResourceStatus {NumaMonotonicResource,2,60000000000,0,0,0,0,0}
MemResourceStatus {NumaMonotonicResource,1,64000000000,1039541809,3671651606,18917318200,0,18917334560}
0: MemResourceStatus {MemManagerAggregate,18446744073709551615,124000000000,1039541809,3671651606,0,0,N/A}
1: MemResourceStatus {MemManagerAggregate,18446744073709551615,60000000000,53773768,1231782048,0,1,N/A}
MemResourceStatus {DefaultResource,18446744073709551615,18446744073709551615,0,0,0,-1,N/A}
Quick Memory Usage Overview:
Used Capacity: 1039541809, 10329761818
------------------------------------------
Executing script file: /home/umeshsum/tpch_queries/9.sql
[32m(release)[0m> select
[32m(release)[0m> 	nation,
[32m(release)[0m> 	o_year,
[32m(release)[0m> 	sum(amount) as sum_profit
[32m(release)[0m> from
[32m(release)[0m> 	(
[32m(release)[0m> 		select
[32m(release)[0m> 			n_name as nation,
[32m(release)[0m> 			extract(year from o_orderdate) as o_year,
[32m(release)[0m> 			l_extendedprice * (1 - l_discount) - ps_supplycost * l_quantity as amount
[32m(release)[0m> 		from
[32m(release)[0m> 			part,
[32m(release)[0m> 			supplier,
[32m(release)[0m> 			lineitem,
[32m(release)[0m> 			partsupp,
[32m(release)[0m> 			orders,
[32m(release)[0m> 			nation
[32m(release)[0m> 		where
[32m(release)[0m> 			s_suppkey = l_suppkey
[32m(release)[0m> 			and ps_suppkey = l_suppkey
[32m(release)[0m> 			and ps_partkey = l_partkey
[32m(release)[0m> 			and p_partkey = l_partkey
[32m(release)[0m> 			and o_orderkey = l_orderkey
[32m(release)[0m> 			and s_nationkey = n_nationkey
[32m(release)[0m> 			and p_name like '%green%'
[32m(release)[0m> 	) as profit
[32m(release)[0m> group by
[32m(release)[0m> 	nation,
[32m(release)[0m> 	o_year
[32m(release)[0m> order by
[32m(release)[0m> 	nation,
[32m(release)[0m> 	o_year desc;
VmRSS Change: 1472 KB
===
175 rows total
Execution info: [PARSE: 78 µs 949 ns, SQL TRANSLATE: 0 ns, OPTIMIZE: 0 ns, LQP TRANSLATE: 59 µs 269 ns, EXECUTE: 2 s 244 ms (wall time) | QUERY PLAN CACHE HITS: 1/1 statement(s)]
After reset, table use_count: 2
WARNING: Table still has 1 other owner(s) after pipeline reset!
Executing script file done
$:hsh mem_usage
------------------------------------------
Memory Usage Statistics:
VmSize:	216005152 kB
VmRSS:	77378724 kB
1: MemResourceStatus {MigratedColumnsAggregate,18446744073709551615,12610235929,10275988050,10275988050,0,1,N/A}
MemResourceStatus {NumaMonotonicResource,3,60000000000,53773768,1231782048,30877389384,1,30877445768}
MemResourceStatus {NumaMonotonicResource,2,60000000000,0,0,0,0,0}
MemResourceStatus {NumaMonotonicResource,1,64000000000,1039541809,3671651606,18917318200,0,18917334560}
0: MemResourceStatus {MemManagerAggregate,18446744073709551615,124000000000,1039541809,3671651606,0,0,N/A}
1: MemResourceStatus {MemManagerAggregate,18446744073709551615,60000000000,53773768,1231782048,0,1,N/A}
MemResourceStatus {DefaultResource,18446744073709551615,18446744073709551615,0,0,0,-1,N/A}
Quick Memory Usage Overview:
Used Capacity: 1039541809, 10329761818
------------------------------------------
Executing script file: /home/umeshsum/tpch_queries/9.sql
[32m(release)[0m> select
[32m(release)[0m> 	nation,
[32m(release)[0m> 	o_year,
[32m(release)[0m> 	sum(amount) as sum_profit
[32m(release)[0m> from
[32m(release)[0m> 	(
[32m(release)[0m> 		select
[32m(release)[0m> 			n_name as nation,
[32m(release)[0m> 			extract(year from o_orderdate) as o_year,
[32m(release)[0m> 			l_extendedprice * (1 - l_discount) - ps_supplycost * l_quantity as amount
[32m(release)[0m> 		from
[32m(release)[0m> 			part,
[32m(release)[0m> 			supplier,
[32m(release)[0m> 			lineitem,
[32m(release)[0m> 			partsupp,
[32m(release)[0m> 			orders,
[32m(release)[0m> 			nation
[32m(release)[0m> 		where
[32m(release)[0m> 			s_suppkey = l_suppkey
[32m(release)[0m> 			and ps_suppkey = l_suppkey
[32m(release)[0m> 			and ps_partkey = l_partkey
[32m(release)[0m> 			and p_partkey = l_partkey
[32m(release)[0m> 			and o_orderkey = l_orderkey
[32m(release)[0m> 			and s_nationkey = n_nationkey
[32m(release)[0m> 			and p_name like '%green%'
[32m(release)[0m> 	) as profit
[32m(release)[0m> group by
[32m(release)[0m> 	nation,
[32m(release)[0m> 	o_year
[32m(release)[0m> order by
[32m(release)[0m> 	nation,
[32m(release)[0m> 	o_year desc;
VmRSS Change: 3872 KB
===
175 rows total
Execution info: [PARSE: 40 µs 310 ns, SQL TRANSLATE: 0 ns, OPTIMIZE: 0 ns, LQP TRANSLATE: 33 µs 440 ns, EXECUTE: 2 s 220 ms (wall time) | QUERY PLAN CACHE HITS: 1/1 statement(s)]
After reset, table use_count: 2
WARNING: Table still has 1 other owner(s) after pipeline reset!
Executing script file done
$:hsh mem_usage
------------------------------------------
Memory Usage Statistics:
VmSize:	216005152 kB
VmRSS:	77382596 kB
1: MemResourceStatus {MigratedColumnsAggregate,18446744073709551615,12610235929,10275988050,10275988050,0,1,N/A}
MemResourceStatus {NumaMonotonicResource,3,60000000000,53773768,1231782048,36023620948,1,36023686728}
MemResourceStatus {NumaMonotonicResource,2,60000000000,0,0,0,0,0}
MemResourceStatus {NumaMonotonicResource,1,64000000000,1039541809,3671651606,18917318200,0,18917334560}
0: MemResourceStatus {MemManagerAggregate,18446744073709551615,124000000000,1039541809,3671651606,0,0,N/A}
1: MemResourceStatus {MemManagerAggregate,18446744073709551615,60000000000,53773768,1231782048,0,1,N/A}
MemResourceStatus {DefaultResource,18446744073709551615,18446744073709551615,0,0,0,-1,N/A}
Quick Memory Usage Overview:
Used Capacity: 1039541809, 10329761818
------------------------------------------
Executing script file: /home/umeshsum/tpch_queries/9.sql
[32m(release)[0m> select
[32m(release)[0m> 	nation,
[32m(release)[0m> 	o_year,
[32m(release)[0m> 	sum(amount) as sum_profit
[32m(release)[0m> from
[32m(release)[0m> 	(
[32m(release)[0m> 		select
[32m(release)[0m> 			n_name as nation,
[32m(release)[0m> 			extract(year from o_orderdate) as o_year,
[32m(release)[0m> 			l_extendedprice * (1 - l_discount) - ps_supplycost * l_quantity as amount
[32m(release)[0m> 		from
[32m(release)[0m> 			part,
[32m(release)[0m> 			supplier,
[32m(release)[0m> 			lineitem,
[32m(release)[0m> 			partsupp,
[32m(release)[0m> 			orders,
[32m(release)[0m> 			nation
[32m(release)[0m> 		where
[32m(release)[0m> 			s_suppkey = l_suppkey
[32m(release)[0m> 			and ps_suppkey = l_suppkey
[32m(release)[0m> 			and ps_partkey = l_partkey
[32m(release)[0m> 			and p_partkey = l_partkey
[32m(release)[0m> 			and o_orderkey = l_orderkey
[32m(release)[0m> 			and s_nationkey = n_nationkey
[32m(release)[0m> 			and p_name like '%green%'
[32m(release)[0m> 	) as profit
[32m(release)[0m> group by
[32m(release)[0m> 	nation,
[32m(release)[0m> 	o_year
[32m(release)[0m> order by
[32m(release)[0m> 	nation,
[32m(release)[0m> 	o_year desc;
VmRSS Change: 112 KB
===
175 rows total
Execution info: [PARSE: 40 µs 439 ns, SQL TRANSLATE: 0 ns, OPTIMIZE: 0 ns, LQP TRANSLATE: 35 µs 729 ns, EXECUTE: 2 s 272 ms (wall time) | QUERY PLAN CACHE HITS: 1/1 statement(s)]
After reset, table use_count: 2
WARNING: Table still has 1 other owner(s) after pipeline reset!
Executing script file done
$:hsh mem_usage
------------------------------------------
Memory Usage Statistics:
VmSize:	216005152 kB
VmRSS:	77382644 kB
1: MemResourceStatus {MigratedColumnsAggregate,18446744073709551615,12610235929,10275988050,10275988050,0,1,N/A}
MemResourceStatus {NumaMonotonicResource,3,60000000000,53773768,1231798432,41169852512,1,41169927784}
MemResourceStatus {NumaMonotonicResource,2,60000000000,0,0,0,0,0}
MemResourceStatus {NumaMonotonicResource,1,64000000000,1039541809,3671651606,18917318200,0,18917334560}
0: MemResourceStatus {MemManagerAggregate,18446744073709551615,124000000000,1039541809,3671651606,0,0,N/A}
1: MemResourceStatus {MemManagerAggregate,18446744073709551615,60000000000,53773768,1231798432,0,1,N/A}
MemResourceStatus {DefaultResource,18446744073709551615,18446744073709551615,0,0,0,-1,N/A}
Quick Memory Usage Overview:
Used Capacity: 1039541809, 10329761818
------------------------------------------
Executing script file: /home/umeshsum/tpch_queries/9.sql
[32m(release)[0m> select
[32m(release)[0m> 	nation,
[32m(release)[0m> 	o_year,
[32m(release)[0m> 	sum(amount) as sum_profit
[32m(release)[0m> from
[32m(release)[0m> 	(
[32m(release)[0m> 		select
[32m(release)[0m> 			n_name as nation,
[32m(release)[0m> 			extract(year from o_orderdate) as o_year,
[32m(release)[0m> 			l_extendedprice * (1 - l_discount) - ps_supplycost * l_quantity as amount
[32m(release)[0m> 		from
[32m(release)[0m> 			part,
[32m(release)[0m> 			supplier,
[32m(release)[0m> 			lineitem,
[32m(release)[0m> 			partsupp,
[32m(release)[0m> 			orders,
[32m(release)[0m> 			nation
[32m(release)[0m> 		where
[32m(release)[0m> 			s_suppkey = l_suppkey
[32m(release)[0m> 			and ps_suppkey = l_suppkey
[32m(release)[0m> 			and ps_partkey = l_partkey
[32m(release)[0m> 			and p_partkey = l_partkey
[32m(release)[0m> 			and o_orderkey = l_orderkey
[32m(release)[0m> 			and s_nationkey = n_nationkey
[32m(release)[0m> 			and p_name like '%green%'
[32m(release)[0m> 	) as profit
[32m(release)[0m> group by
[32m(release)[0m> 	nation,
[32m(release)[0m> 	o_year
[32m(release)[0m> order by
[32m(release)[0m> 	nation,
[32m(release)[0m> 	o_year desc;
VmRSS Change: 18446744073709551436 KB
===
175 rows total
Execution info: [PARSE: 38 µs 840 ns, SQL TRANSLATE: 0 ns, OPTIMIZE: 0 ns, LQP TRANSLATE: 32 µs 970 ns, EXECUTE: 2 s 282 ms (wall time) | QUERY PLAN CACHE HITS: 1/1 statement(s)]
After reset, table use_count: 2
WARNING: Table still has 1 other owner(s) after pipeline reset!
Executing script file done
$:hsh mem_usage
------------------------------------------
Memory Usage Statistics:
VmSize:	216005152 kB
VmRSS:	77382464 kB
1: MemResourceStatus {MigratedColumnsAggregate,18446744073709551615,12610235929,10275988050,10275988050,0,1,N/A}
MemResourceStatus {NumaMonotonicResource,3,60000000000,53773768,1231798432,46316084076,1,46316168712}
MemResourceStatus {NumaMonotonicResource,2,60000000000,0,0,0,0,0}
MemResourceStatus {NumaMonotonicResource,1,64000000000,1039541809,3671651606,18917318200,0,18917334560}
0: MemResourceStatus {MemManagerAggregate,18446744073709551615,124000000000,1039541809,3671651606,0,0,N/A}
1: MemResourceStatus {MemManagerAggregate,18446744073709551615,60000000000,53773768,1231798432,0,1,N/A}
MemResourceStatus {DefaultResource,18446744073709551615,18446744073709551615,0,0,0,-1,N/A}
Quick Memory Usage Overview:
Used Capacity: 1039541809, 10329761818
------------------------------------------
Executing script file: /home/umeshsum/tpch_queries/9.sql
[32m(release)[0m> select
[32m(release)[0m> 	nation,
[32m(release)[0m> 	o_year,
[32m(release)[0m> 	sum(amount) as sum_profit
[32m(release)[0m> from
[32m(release)[0m> 	(
[32m(release)[0m> 		select
[32m(release)[0m> 			n_name as nation,
[32m(release)[0m> 			extract(year from o_orderdate) as o_year,
[32m(release)[0m> 			l_extendedprice * (1 - l_discount) - ps_supplycost * l_quantity as amount
[32m(release)[0m> 		from
[32m(release)[0m> 			part,
[32m(release)[0m> 			supplier,
[32m(release)[0m> 			lineitem,
[32m(release)[0m> 			partsupp,
[32m(release)[0m> 			orders,
[32m(release)[0m> 			nation
[32m(release)[0m> 		where
[32m(release)[0m> 			s_suppkey = l_suppkey
[32m(release)[0m> 			and ps_suppkey = l_suppkey
[32m(release)[0m> 			and ps_partkey = l_partkey
[32m(release)[0m> 			and p_partkey = l_partkey
[32m(release)[0m> 			and o_orderkey = l_orderkey
[32m(release)[0m> 			and s_nationkey = n_nationkey
[32m(release)[0m> 			and p_name like '%green%'
[32m(release)[0m> 	) as profit
[32m(release)[0m> group by
[32m(release)[0m> 	nation,
[32m(release)[0m> 	o_year
[32m(release)[0m> order by
[32m(release)[0m> 	nation,
[32m(release)[0m> 	o_year desc;
VmRSS Change: 1288364 KB
===
175 rows total
Execution info: [PARSE: 41 µs 129 ns, SQL TRANSLATE: 0 ns, OPTIMIZE: 0 ns, LQP TRANSLATE: 33 µs 259 ns, EXECUTE: 2 s 360 ms (wall time) | QUERY PLAN CACHE HITS: 1/1 statement(s)]
After reset, table use_count: 2
WARNING: Table still has 1 other owner(s) after pipeline reset!
Executing script file done
$:hsh mem_usage
------------------------------------------
Memory Usage Statistics:
VmSize:	216005152 kB
VmRSS:	78670828 kB
1: MemResourceStatus {MigratedColumnsAggregate,18446744073709551615,12610235929,10275988050,10275988050,0,1,N/A}
MemResourceStatus {NumaMonotonicResource,3,60000000000,53773768,1231798432,51462315640,1,51462409768}
MemResourceStatus {NumaMonotonicResource,2,60000000000,0,0,0,0,0}
MemResourceStatus {NumaMonotonicResource,1,64000000000,1039541809,3671651606,18917318200,0,18917334560}
0: MemResourceStatus {MemManagerAggregate,18446744073709551615,124000000000,1039541809,3671651606,0,0,N/A}
1: MemResourceStatus {MemManagerAggregate,18446744073709551615,60000000000,53773768,1231798432,0,1,N/A}
MemResourceStatus {DefaultResource,18446744073709551615,18446744073709551615,0,0,0,-1,N/A}
Quick Memory Usage Overview:
Used Capacity: 1039541809, 10329761818
------------------------------------------
$:Quit
Executing script file done
Bye.
Backtrace:
 0# print_backtrace[abi:cxx11]() in /home/umeshsum/hyrise_pmr/build/lib/libhyrise_impl.so
 1# segfault_handler(int) in ./hyriseConsole
 2# 0x0000740659845330 in /lib/x86_64-linux-gnu/libc.so.6
 3# std::vector<std::shared_ptr<hyrise::AbstractSegment>, std::pmr::polymorphic_allocator<std::shared_ptr<hyrise::AbstractSegment> > >::~vector() in ./hyriseConsole
 4# tbb::detail::d1::concurrent_vector<std::shared_ptr<hyrise::Chunk>, hyrise::ZeroAllocator<std::shared_ptr<hyrise::Chunk> > >::destroy_segment(std::shared_ptr<hyrise::Chunk>*, unsigned long) in ./hyriseConsole
 5# tbb::detail::d1::segment_table<std::shared_ptr<hyrise::Chunk>, hyrise::ZeroAllocator<std::shared_ptr<hyrise::Chunk> >, tbb::detail::d1::concurrent_vector<std::shared_ptr<hyrise::Chunk>, hyrise::ZeroAllocator<std::shared_ptr<hyrise::Chunk> > >, 3ul>::clear() in ./hyriseConsole
 6# hyrise::Table::~Table() in ./hyriseConsole
 7# hyrise::SQLPipelineStatement::~SQLPipelineStatement() in /home/umeshsum/hyrise_pmr/build/lib/libhyrise_impl.so
 8# hyrise::SQLPipeline::~SQLPipeline() in ./hyriseConsole
 9# hyrise::Console::~Console() in ./hyriseConsole
10# 0x0000740659847A76 in /lib/x86_64-linux-gnu/libc.so.6
11# 0x0000740659847BBE in /lib/x86_64-linux-gnu/libc.so.6
12# 0x000074065982A1D1 in /lib/x86_64-linux-gnu/libc.so.6
13# __libc_start_main in /lib/x86_64-linux-gnu/libc.so.6
14# _start in ./hyriseConsole

