Number of CPUs: 48
Node #0 - Number of Node CPUs: 48, CPUIDs: [0, 1, 2, 3, 4, 5, 6, 7, 8, 9, 10, 11, 12, 13, 14, 15, 16, 17, 18, 19, 20, 21, 22, 23, 24, 25, 26, 27, 28, 29, 30, 31, 32, 33, 34, 35, 36, 37, 38, 39, 40, 41, 42, 43, 44, 45, 46, 47]

Executing script file: /home/umeshsum/hyrise_pmr/myscripts/mapping/sf10_e2e_remote_local.sql
[32m(release)[0m> setting print off
Worker 0 pinned to CPU 0on node Print output turned off
[32m(release)[0m> setting binary_caching on
0
Binary caching turned on
[32m(release)[0m> setting workers 16
Number of CPUs: 48
Node #0 - Number of Node CPUs: 48, CPUIDs: [0, 1, 2, 3, 4, 5, 6, 7, 8, 9, 10, 11, 12, 13, 14, 15, 16, 17, 18, 19, 20, 21, 22, 23, 24, 25, 26, 27, 28, 29, 30, 31, 32, 33, 34, 35, 36, 37, 38, 39, 40, 41, 42, 43, 44, 45, 46, 47]

Worker 0 pinned to CPU 0on node 0
Worker 2 pinned to CPU 2on node 0
Worker 1 pinned to CPU 1on node 0
Worker 3 pinned to CPU 3on node Worker 7 pinned to CPU 7on node 0
0
Worker 4 pinned to CPU 4on node 0
Worker Worker 510 pinned to CPU 5on node  pinned to CPU 10on node 0
0
Scheduler set to use 16 workers
Worker 12 pinned to CPU 12on node Worker 9 pinned to CPU 9on node 0
[32m(release)[0m> hsh new_mem 64000000000 0 0
0
Worker 6 pinned to CPU 6on node $:hsh new_mem 64000000000 0 0
0
Worker 11 pinned to CPU 11on node 0,0x00007d24e40d8000,0x00007d33cac00000
0
[32m(release)[0m> hsh new_mem 64000000000 0 1
Worker 8 pinned to CPU 8on node $:hsh new_mem 64000000000 0 1
0
1,0x00007d15fd2d8000,0x00007d24e3e00000
[32m(release)[0m> hsh mem_usage
$:hsh mem_usage
------------------------------------------
Memory Usage Statistics:
Worker 14 pinned to CPU 14on node 0
VmSize:	125594228 kB
VmRSS:	   37432 kB
MemResourceStatus {NumaMonotonicResource,1,64000000000,0,0,0,0,0}
MemResourceStatus {NumaMonotonicResource,0,64000000000,0,0,0,0,0}
Worker 15 pinned to CPU 15on node Worker 0: 13MemResourceStatus {MemManagerAggregate,18446744073709551615,128000000000,0,0,0,0,N/A}
 pinned to CPU 13on node MemResourceStatus {DefaultResource,18446744073709551615,18446744073709551615,0,0,0,-1,N/A}
Quick Memory Usage Overview:
Used Capacity: 0, 0
------------------------------------------
0
[32m(release)[0m> setting mem_strategy TableGen
0
Memory strategy set to TableGen
[32m(release)[0m> generate_tpch 10
Generating all TPCH tables (this might take a while) ...
Number of CPUs: 48
Node #0 - Number of Node CPUs: 48, CPUIDs: [0, 1, 2, 3, 4, 5, 6, 7, 8, 9, 10, 11, 12, 13, 14, 15, 16, 17, 18, 19, 20, 21, 22, 23, 24, 25, 26, 27, 28, 29, 30, 31, 32, 33, 34, 35, 36, 37, 38, 39, 40, 41, 42, 43, 44, 45, 46, 47]

Worker 1 pinned to CPU 1on node Worker 0 pinned to CPU 0on node 0
Worker 2 pinned to CPU 2on node 0
0
Worker 3 pinned to CPU 3on node 0
Worker 4 pinned to CPU 4on node Worker 5 pinned to CPU 5on node Worker 6 pinned to CPU 6on node 0
0
0
Worker 8 pinned to CPU 8on node 0
Worker 9 pinned to CPU 9on node Worker 7 pinned to CPU 7on node 0Worker 
10 pinned to CPU 10on node 0
0
Worker 11 pinned to CPU 11on node Worker 13 pinned to CPU 13on node 0
0
Worker 12 pinned to CPU 12on node - Loading/Generating tables
0
Worker 14 pinned to CPU 14on node 0
Worker 15 pinned to CPU 15on node 0
-  Loaded table 'nation' from cached binary "tpch_cached_tables/sf-10.000000/nation.bin" (226 µs 108 ns)
-  Loaded table 'region' from cached binary "tpch_cached_tables/sf-10.000000/region.bin" (234 µs 987 ns)
-  Loaded table 'supplier' from cached binary "tpch_cached_tables/sf-10.000000/supplier.bin" (764 ms 209 µs)
-  Loaded table 'customer' from cached binary "tpch_cached_tables/sf-10.000000/customer.bin" (5 s 481 ms)
-  Loaded table 'part' from cached binary "tpch_cached_tables/sf-10.000000/part.bin" (5 s 734 ms)
-  Loaded table 'partsupp' from cached binary "tpch_cached_tables/sf-10.000000/partsupp.bin" (9 s 99 ms)
-  Loaded table 'orders' from cached binary "tpch_cached_tables/sf-10.000000/orders.bin" (10 s 590 ms)
-  Loaded table 'lineitem' from cached binary "tpch_cached_tables/sf-10.000000/lineitem.bin" (15 s 452 ms)
- Loading/Generating tables done (15 s 463 ms)
- Encoding tables (if necessary) and generating pruning statistics
-  Processing 'nation' - no encoding necessary (287 µs 827 ns)
-  Processing 'region' - no encoding necessary (277 µs 987 ns)
-  Processing 'supplier' - no encoding necessary (15 ms 439 µs)
-  Processing 'part' - no encoding necessary (47 ms 62 µs)
-  Processing 'customer' - no encoding necessary (47 ms 431 µs)
-  Processing 'partsupp' - no encoding necessary (226 ms 408 µs)
-  Processing 'orders' - no encoding necessary (269 ms 605 µs)
-  Processing 'lineitem' - no encoding necessary (757 ms 544 µs)
- Encoding tables and generating pruning statistic done (758 ms 169 µs)
- Writing tables into binary files if necessary
- Writing tables into binary files done (53 µs 510 ns)
- Adding tables to StorageManager and generating table statistics
-  Added 'region' (260 µs 467 ns)
-  Added 'nation' (382 µs 366 ns)
-  Added 'supplier' (8 s 978 ms)
-  Added 'part' (42 s 411 ms)
-  Added 'partsupp' (42 s 411 ms)
-  Added 'customer' (48 s 62 ms)
-  Added 'orders' (1 min 2 s)
-  Added 'lineitem' (1 min 42 s)
- Adding tables to StorageManager and generating table statistics done (1 min 42 s)
- No chunk indexes created as --chunk_indexes was not specified or set to false
- No table indexes created as --table_indexes was not specified or set to false
Number of CPUs: 48
Node #0 - Number of Node CPUs: 48, CPUIDs: [0, 1, 2, 3, 4, 5, 6, 7, 8, 9, 10, 11, 12, 13, 14, 15, 16, 17, 18, 19, 20, 21, 22, 23, 24, 25, 26, 27, 28, 29, 30, 31, 32, 33, 34, 35, 36, 37, 38, 39, 40, 41, 42, 43, 44, 45, 46, 47]

Worker 16 pinned to CPU 0on node 0
Worker 18 pinned to CPU 2on node 0
Worker 17 pinned to CPU 1on node 0
Worker 19 pinned to CPU 3on node 0
Worker 20 pinned to CPU 4on node 0
Worker 21 pinned to CPU 5on node Worker 22 pinned to CPU 6on node 0
0
Worker 23 pinned to CPU 7on node 0
Worker 25 pinned to CPU 9on node 0
Worker 24 pinned to CPU 8on node 0
Worker 26 pinned to CPU 10on node Worker 27 pinned to CPU 11on node 0
0
Worker 28 pinned to CPU 12on node 0
Worker 29 pinned to CPU 13on node Worker 30 pinned to CPU 14on node 0
0
[32m(release)[0m> hsh mem_usage
Worker 31 pinned to CPU 15on node 0
$:hsh mem_usage
------------------------------------------
Memory Usage Statistics:
VmSize:	148838020 kB
VmRSS:	33179568 kB
MemResourceStatus {NumaMonotonicResource,1,64000000000,1039541809,3685752717,18917318200,0,18917334131}
MemResourceStatus {NumaMonotonicResource,0,64000000000,10510775833,10511468488,15007143237,0,15007271336}
0: MemResourceStatus {MemManagerAggregate,18446744073709551615,128000000000,11550317642,14197221205,0,0,N/A}
MemResourceStatus {DefaultResource,18446744073709551615,18446744073709551615,0,0,0,-1,N/A}
Quick Memory Usage Overview:
Used Capacity: 11550317642, 0
------------------------------------------
[32m(release)[0m> script /home/umeshsum/hyrise_pmr/myscripts/all_cols_to_local.sql
Executing script file: /home/umeshsum/hyrise_pmr/myscripts/all_cols_to_local.sql
[32m(release)[0m> move2cxl supplier s_comment 0
[32m(release)[0m> move2cxl supplier s_acctbal 0
[32m(release)[0m> move2cxl orders o_orderkey 0
[32m(release)[0m> move2cxl customer c_acctbal 0
[32m(release)[0m> move2cxl nation n_regionkey 0
[32m(release)[0m> move2cxl lineitem l_comment 0
[32m(release)[0m> move2cxl nation n_name 0
[32m(release)[0m> move2cxl lineitem l_shipmode 0
[32m(release)[0m> move2cxl supplier s_phone 0
[32m(release)[0m> move2cxl nation n_nationkey 0
[32m(release)[0m> move2cxl lineitem l_shipinstruct 0
[32m(release)[0m> move2cxl part p_comment 0
[32m(release)[0m> move2cxl supplier s_nationkey 0
[32m(release)[0m> move2cxl lineitem l_receiptdate 0
[32m(release)[0m> move2cxl part p_retailprice 0
[32m(release)[0m> move2cxl supplier s_address 0
[32m(release)[0m> move2cxl lineitem l_commitdate 0
[32m(release)[0m> move2cxl part p_container 0
[32m(release)[0m> move2cxl supplier s_name 0
[32m(release)[0m> move2cxl lineitem l_shipdate 0
[32m(release)[0m> move2cxl part p_size 0
[32m(release)[0m> move2cxl supplier s_suppkey 0
[32m(release)[0m> move2cxl lineitem l_linestatus 0
[32m(release)[0m> move2cxl part p_type 0
[32m(release)[0m> move2cxl lineitem l_returnflag 0
[32m(release)[0m> move2cxl part p_brand 0
[32m(release)[0m> move2cxl lineitem l_tax 0
[32m(release)[0m> move2cxl part p_mfgr 0
[32m(release)[0m> move2cxl lineitem l_discount 0
[32m(release)[0m> move2cxl part p_name 0
[32m(release)[0m> move2cxl lineitem l_extendedprice 0
[32m(release)[0m> move2cxl part p_partkey 0
[32m(release)[0m> move2cxl nation n_comment 0
[32m(release)[0m> move2cxl customer c_custkey 0
[32m(release)[0m> move2cxl lineitem l_quantity 0
[32m(release)[0m> move2cxl customer c_name 0
[32m(release)[0m> move2cxl customer c_address 0
[32m(release)[0m> move2cxl customer c_nationkey 0
[32m(release)[0m> move2cxl customer c_phone 0
[32m(release)[0m> move2cxl customer c_mktsegment 0
[32m(release)[0m> move2cxl orders o_custkey 0
[32m(release)[0m> move2cxl customer c_comment 0
[32m(release)[0m> move2cxl orders o_orderstatus 0
[32m(release)[0m> move2cxl lineitem l_orderkey 0
[32m(release)[0m> move2cxl lineitem l_partkey 0
[32m(release)[0m> move2cxl lineitem l_suppkey 0
[32m(release)[0m> move2cxl lineitem l_linenumber 0
[32m(release)[0m> move2cxl orders o_totalprice 0
[32m(release)[0m> move2cxl orders o_orderdate 0
[32m(release)[0m> move2cxl orders o_orderpriority 0
[32m(release)[0m> move2cxl region r_regionkey 0
[32m(release)[0m> move2cxl orders o_clerk 0
[32m(release)[0m> move2cxl region r_name 0
[32m(release)[0m> move2cxl orders o_shippriority 0
[32m(release)[0m> move2cxl region r_comment 0
[32m(release)[0m> move2cxl orders o_comment 0
[32m(release)[0m> move2cxl partsupp ps_partkey 0
[32m(release)[0m> move2cxl partsupp ps_suppkey 0
[32m(release)[0m> move2cxl partsupp ps_availqty 0
[32m(release)[0m> move2cxl partsupp ps_supplycost 0
[32m(release)[0m> move2cxl partsupp ps_comment 0
Executing script file done
$:hsh delete_mem 0
delete_mem 0
Destroyed pool 0 on NUMA node 0: freed 64000000000 bytes (had 0 bytes allocated). Pages returned to OS.
Deleted pool with ID: 0
$:hsh mem_usage
------------------------------------------
Memory Usage Statistics:
VmSize:	98655380 kB
VmRSS:	28562256 kB
0: MemResourceStatus {MigratedColumnsAggregate,18446744073709551615,12610235929,10275988050,10275988050,0,0,N/A}
MemResourceStatus {NumaMonotonicResource,1,64000000000,1039541809,3685752717,18917318200,0,18917334131}
0: MemResourceStatus {MemManagerAggregate,18446744073709551615,64000000000,1039541809,3685752717,0,0,N/A}
MemResourceStatus {DefaultResource,18446744073709551615,18446744073709551615,0,0,0,-1,N/A}
Quick Memory Usage Overview:
Used Capacity: 11315529859, 0
------------------------------------------
$:hsh new_mem 60000000000 0 2
2,0x00007d25d278a000,0x00007d33cabff800
$:hsh new_mem 60000000000 1 3
3,0x00007cff89b99000,0x00007d0d8200e800
$:hsh mem_usage
------------------------------------------
Memory Usage Statistics:
VmSize:	215842884 kB
VmRSS:	28562264 kB
0: MemResourceStatus {MigratedColumnsAggregate,18446744073709551615,12610235929,10275988050,10275988050,0,0,N/A}
MemResourceStatus {NumaMonotonicResource,3,60000000000,0,0,0,1,0}
MemResourceStatus {NumaMonotonicResource,2,60000000000,0,0,0,0,0}
MemResourceStatus {NumaMonotonicResource,1,64000000000,1039541809,3685752717,18917318200,0,18917334131}
0: MemResourceStatus {MemManagerAggregate,18446744073709551615,124000000000,1039541809,3685752717,0,0,N/A}
1: MemResourceStatus {MemManagerAggregate,18446744073709551615,60000000000,0,0,0,1,N/A}
MemResourceStatus {DefaultResource,18446744073709551615,18446744073709551615,0,0,0,-1,N/A}
Quick Memory Usage Overview:
Used Capacity: 11315529859, 0
------------------------------------------
Number of CPUs: 48
Node #0 - Number of Node CPUs: 48, CPUIDs: [0, 1, 2, 3, 4, 5, 6, 7, 8, 9, 10, 11, 12, 13, 14, 15, 16, 17, 18, 19, 20, 21, 22, 23, 24, 25, 26, 27, 28, 29, 30, 31, 32, 33, 34, 35, 36, 37, 38, 39, 40, 41, 42, 43, 44, 45, 46, 47]

Worker 0 pinned to CPU 0on node 0
Worker 1 pinned to CPU 1on node 0
Worker 3 pinned to CPU 3on node Worker 2 pinned to CPU 2on node 0
0
Worker 4 pinned to CPU 4on node 0
Worker 5 pinned to CPU 5on node Scheduler set to use 8 workers
0
Worker 6 pinned to CPU 6on node 0
Worker 7 pinned to CPU 7on node $:hsh set_mem_capacity 60000000000 1000000000000
0
Memory strategy set to Greedy
Label set to d60000000000_tf60000000000_q10
$:hsh clear_plan_caches
Cleared PQP and LQP caches
$:hsh clear_pipeline
Released last SQLPipeline
$:hsh reset_exec_pools
Reset execution pools (2, 3) bump pointers to start
$:hsh mem_usage
------------------------------------------
Memory Usage Statistics:
VmSize:	215777316 kB
VmRSS:	28562112 kB
0: MemResourceStatus {MigratedColumnsAggregate,18446744073709551615,12610235929,10275988050,10275988050,0,0,N/A}
MemResourceStatus {NumaMonotonicResource,3,60000000000,0,0,0,1,0}
MemResourceStatus {NumaMonotonicResource,2,60000000000,0,0,0,0,0}
MemResourceStatus {NumaMonotonicResource,1,64000000000,1039541809,3685752717,18917318200,0,18917334131}
0: MemResourceStatus {MemManagerAggregate,18446744073709551615,124000000000,1039541809,3685752717,0,0,N/A}
1: MemResourceStatus {MemManagerAggregate,18446744073709551615,60000000000,0,0,0,1,N/A}
MemResourceStatus {DefaultResource,18446744073709551615,18446744073709551615,0,0,0,-1,N/A}
Quick Memory Usage Overview:
Used Capacity: 11315529859, 0
------------------------------------------
Executing script file: /home/umeshsum/tpch_queries/10.sql
[32m(release)[0m> select
[32m(release)[0m> 	c_custkey,
[32m(release)[0m> 	c_name,
[32m(release)[0m> 	sum(l_extendedprice * (1 - l_discount)) as revenue,
[32m(release)[0m> 	c_acctbal,
[32m(release)[0m> 	n_name,
[32m(release)[0m> 	c_address,
[32m(release)[0m> 	c_phone,
[32m(release)[0m> 	c_comment
[32m(release)[0m> from
[32m(release)[0m> 	customer,
[32m(release)[0m> 	orders,
[32m(release)[0m> 	lineitem,
[32m(release)[0m> 	nation
[32m(release)[0m> where
[32m(release)[0m> 	c_custkey = o_custkey
[32m(release)[0m> 	and l_orderkey = o_orderkey
[32m(release)[0m> 	and o_orderdate >= date '1993-10-01'
[32m(release)[0m> 	and o_orderdate < date '1993-10-01' + interval '3' month
[32m(release)[0m> 	and l_returnflag = 'R'
[32m(release)[0m> 	and c_nationkey = n_nationkey
[32m(release)[0m> group by
[32m(release)[0m> 	c_custkey,
[32m(release)[0m> 	c_name,
[32m(release)[0m> 	c_acctbal,
[32m(release)[0m> 	c_phone,
[32m(release)[0m> 	n_name,
[32m(release)[0m> 	c_address,
[32m(release)[0m> 	c_comment
[32m(release)[0m> order by
[32m(release)[0m> 	revenue desc;
[PERF] Unresolved iterator created for AbstractPosList at src/lib/storage/pos_lists/abstract_pos_list.cpp:10
	Performance can be affected. This warning is only shown once.
VmRSS Change: 1631212 KB
===
381105 rows total
Execution info: [PARSE: 77 µs 659 ns, SQL TRANSLATE: 392 µs 795 ns, OPTIMIZE: 4 ms 66 µs, LQP TRANSLATE: 156 µs 529 ns, EXECUTE: 553 ms 443 µs (wall time) | QUERY PLAN CACHE HITS: 0/1 statement(s)]
After reset, table use_count: 2
WARNING: Table still has 1 other owner(s) after pipeline reset!
Executing script file done
$:hsh mem_usage
------------------------------------------
Memory Usage Statistics:
VmSize:	215777316 kB
VmRSS:	30194152 kB
0: MemResourceStatus {MigratedColumnsAggregate,18446744073709551615,12610235929,10275988050,10275988050,0,0,N/A}
MemResourceStatus {NumaMonotonicResource,3,60000000000,0,0,0,1,0}
MemResourceStatus {NumaMonotonicResource,2,60000000000,49579296,705165292,1942922816,0,1942925776}
MemResourceStatus {NumaMonotonicResource,1,64000000000,1039541809,3685752717,18917318200,0,18917334131}
0: MemResourceStatus {MemManagerAggregate,18446744073709551615,124000000000,1089121105,4390918009,0,0,N/A}
1: MemResourceStatus {MemManagerAggregate,18446744073709551615,60000000000,0,0,0,1,N/A}
MemResourceStatus {DefaultResource,18446744073709551615,18446744073709551615,0,0,0,-1,N/A}
Quick Memory Usage Overview:
Used Capacity: 11365109155, 0
------------------------------------------
Executing script file: /home/umeshsum/tpch_queries/10.sql
[32m(release)[0m> select
[32m(release)[0m> 	c_custkey,
[32m(release)[0m> 	c_name,
[32m(release)[0m> 	sum(l_extendedprice * (1 - l_discount)) as revenue,
[32m(release)[0m> 	c_acctbal,
[32m(release)[0m> 	n_name,
[32m(release)[0m> 	c_address,
[32m(release)[0m> 	c_phone,
[32m(release)[0m> 	c_comment
[32m(release)[0m> from
[32m(release)[0m> 	customer,
[32m(release)[0m> 	orders,
[32m(release)[0m> 	lineitem,
[32m(release)[0m> 	nation
[32m(release)[0m> where
[32m(release)[0m> 	c_custkey = o_custkey
[32m(release)[0m> 	and l_orderkey = o_orderkey
[32m(release)[0m> 	and o_orderdate >= date '1993-10-01'
[32m(release)[0m> 	and o_orderdate < date '1993-10-01' + interval '3' month
[32m(release)[0m> 	and l_returnflag = 'R'
[32m(release)[0m> 	and c_nationkey = n_nationkey
[32m(release)[0m> group by
[32m(release)[0m> 	c_custkey,
[32m(release)[0m> 	c_name,
[32m(release)[0m> 	c_acctbal,
[32m(release)[0m> 	c_phone,
[32m(release)[0m> 	n_name,
[32m(release)[0m> 	c_address,
[32m(release)[0m> 	c_comment
[32m(release)[0m> order by
[32m(release)[0m> 	revenue desc;
VmRSS Change: 1627300 KB
===
381105 rows total
Execution info: [PARSE: 85 µs 40 ns, SQL TRANSLATE: 0 ns, OPTIMIZE: 0 ns, LQP TRANSLATE: 94 µs 958 ns, EXECUTE: 575 ms 201 µs (wall time) | QUERY PLAN CACHE HITS: 1/1 statement(s)]
After reset, table use_count: 2
WARNING: Table still has 1 other owner(s) after pipeline reset!
Executing script file done
$:hsh mem_usage
------------------------------------------
Memory Usage Statistics:
VmSize:	215777316 kB
VmRSS:	31821464 kB
0: MemResourceStatus {MigratedColumnsAggregate,18446744073709551615,12610235929,10275988050,10275988050,0,0,N/A}
MemResourceStatus {NumaMonotonicResource,3,60000000000,0,0,0,1,0}
MemResourceStatus {NumaMonotonicResource,2,60000000000,73983072,729569068,3885845632,0,3885851552}
MemResourceStatus {NumaMonotonicResource,1,64000000000,1039541809,3685752717,18917318200,0,18917334131}
0: MemResourceStatus {MemManagerAggregate,18446744073709551615,124000000000,1113524881,4415321785,0,0,N/A}
1: MemResourceStatus {MemManagerAggregate,18446744073709551615,60000000000,0,0,0,1,N/A}
MemResourceStatus {DefaultResource,18446744073709551615,18446744073709551615,0,0,0,-1,N/A}
Quick Memory Usage Overview:
Used Capacity: 11389512931, 0
------------------------------------------
Executing script file: /home/umeshsum/tpch_queries/10.sql
[32m(release)[0m> select
[32m(release)[0m> 	c_custkey,
[32m(release)[0m> 	c_name,
[32m(release)[0m> 	sum(l_extendedprice * (1 - l_discount)) as revenue,
[32m(release)[0m> 	c_acctbal,
[32m(release)[0m> 	n_name,
[32m(release)[0m> 	c_address,
[32m(release)[0m> 	c_phone,
[32m(release)[0m> 	c_comment
[32m(release)[0m> from
[32m(release)[0m> 	customer,
[32m(release)[0m> 	orders,
[32m(release)[0m> 	lineitem,
[32m(release)[0m> 	nation
[32m(release)[0m> where
[32m(release)[0m> 	c_custkey = o_custkey
[32m(release)[0m> 	and l_orderkey = o_orderkey
[32m(release)[0m> 	and o_orderdate >= date '1993-10-01'
[32m(release)[0m> 	and o_orderdate < date '1993-10-01' + interval '3' month
[32m(release)[0m> 	and l_returnflag = 'R'
[32m(release)[0m> 	and c_nationkey = n_nationkey
[32m(release)[0m> group by
[32m(release)[0m> 	c_custkey,
[32m(release)[0m> 	c_name,
[32m(release)[0m> 	c_acctbal,
[32m(release)[0m> 	c_phone,
[32m(release)[0m> 	n_name,
[32m(release)[0m> 	c_address,
[32m(release)[0m> 	c_comment
[32m(release)[0m> order by
[32m(release)[0m> 	revenue desc;
VmRSS Change: 1626956 KB
===
381105 rows total
Execution info: [PARSE: 75 µs 599 ns, SQL TRANSLATE: 0 ns, OPTIMIZE: 0 ns, LQP TRANSLATE: 52 µs 119 ns, EXECUTE: 571 ms 13 µs (wall time) | QUERY PLAN CACHE HITS: 1/1 statement(s)]
After reset, table use_count: 2
WARNING: Table still has 1 other owner(s) after pipeline reset!
Executing script file done
$:hsh mem_usage
------------------------------------------
Memory Usage Statistics:
VmSize:	215777316 kB
VmRSS:	33448420 kB
0: MemResourceStatus {MigratedColumnsAggregate,18446744073709551615,12610235929,10275988050,10275988050,0,0,N/A}
MemResourceStatus {NumaMonotonicResource,3,60000000000,0,0,0,1,0}
MemResourceStatus {NumaMonotonicResource,2,60000000000,73983072,729569068,5828768448,0,5828777328}
MemResourceStatus {NumaMonotonicResource,1,64000000000,1039541809,3685752717,18917318200,0,18917334131}
0: MemResourceStatus {MemManagerAggregate,18446744073709551615,124000000000,1113524881,4415321785,0,0,N/A}
1: MemResourceStatus {MemManagerAggregate,18446744073709551615,60000000000,0,0,0,1,N/A}
MemResourceStatus {DefaultResource,18446744073709551615,18446744073709551615,0,0,0,-1,N/A}
Quick Memory Usage Overview:
Used Capacity: 11389512931, 0
------------------------------------------
Executing script file: /home/umeshsum/tpch_queries/10.sql
[32m(release)[0m> select
[32m(release)[0m> 	c_custkey,
[32m(release)[0m> 	c_name,
[32m(release)[0m> 	sum(l_extendedprice * (1 - l_discount)) as revenue,
[32m(release)[0m> 	c_acctbal,
[32m(release)[0m> 	n_name,
[32m(release)[0m> 	c_address,
[32m(release)[0m> 	c_phone,
[32m(release)[0m> 	c_comment
[32m(release)[0m> from
[32m(release)[0m> 	customer,
[32m(release)[0m> 	orders,
[32m(release)[0m> 	lineitem,
[32m(release)[0m> 	nation
[32m(release)[0m> where
[32m(release)[0m> 	c_custkey = o_custkey
[32m(release)[0m> 	and l_orderkey = o_orderkey
[32m(release)[0m> 	and o_orderdate >= date '1993-10-01'
[32m(release)[0m> 	and o_orderdate < date '1993-10-01' + interval '3' month
[32m(release)[0m> 	and l_returnflag = 'R'
[32m(release)[0m> 	and c_nationkey = n_nationkey
[32m(release)[0m> group by
[32m(release)[0m> 	c_custkey,
[32m(release)[0m> 	c_name,
[32m(release)[0m> 	c_acctbal,
[32m(release)[0m> 	c_phone,
[32m(release)[0m> 	n_name,
[32m(release)[0m> 	c_address,
[32m(release)[0m> 	c_comment
[32m(release)[0m> order by
[32m(release)[0m> 	revenue desc;
VmRSS Change: 1623328 KB
===
381105 rows total
Execution info: [PARSE: 72 µs 349 ns, SQL TRANSLATE: 0 ns, OPTIMIZE: 0 ns, LQP TRANSLATE: 51 µs 30 ns, EXECUTE: 578 ms 355 µs (wall time) | QUERY PLAN CACHE HITS: 1/1 statement(s)]
After reset, table use_count: 2
WARNING: Table still has 1 other owner(s) after pipeline reset!
Executing script file done
$:hsh mem_usage
------------------------------------------
Memory Usage Statistics:
VmSize:	215777316 kB
VmRSS:	35071748 kB
0: MemResourceStatus {MigratedColumnsAggregate,18446744073709551615,12610235929,10275988050,10275988050,0,0,N/A}
MemResourceStatus {NumaMonotonicResource,3,60000000000,0,0,0,1,0}
MemResourceStatus {NumaMonotonicResource,2,60000000000,73983072,729569068,7771691264,0,7771703120}
MemResourceStatus {NumaMonotonicResource,1,64000000000,1039541809,3685752717,18917318200,0,18917334131}
0: MemResourceStatus {MemManagerAggregate,18446744073709551615,124000000000,1113524881,4415321785,0,0,N/A}
1: MemResourceStatus {MemManagerAggregate,18446744073709551615,60000000000,0,0,0,1,N/A}
MemResourceStatus {DefaultResource,18446744073709551615,18446744073709551615,0,0,0,-1,N/A}
Quick Memory Usage Overview:
Used Capacity: 11389512931, 0
------------------------------------------
Executing script file: /home/umeshsum/tpch_queries/10.sql
[32m(release)[0m> select
[32m(release)[0m> 	c_custkey,
[32m(release)[0m> 	c_name,
[32m(release)[0m> 	sum(l_extendedprice * (1 - l_discount)) as revenue,
[32m(release)[0m> 	c_acctbal,
[32m(release)[0m> 	n_name,
[32m(release)[0m> 	c_address,
[32m(release)[0m> 	c_phone,
[32m(release)[0m> 	c_comment
[32m(release)[0m> from
[32m(release)[0m> 	customer,
[32m(release)[0m> 	orders,
[32m(release)[0m> 	lineitem,
[32m(release)[0m> 	nation
[32m(release)[0m> where
[32m(release)[0m> 	c_custkey = o_custkey
[32m(release)[0m> 	and l_orderkey = o_orderkey
[32m(release)[0m> 	and o_orderdate >= date '1993-10-01'
[32m(release)[0m> 	and o_orderdate < date '1993-10-01' + interval '3' month
[32m(release)[0m> 	and l_returnflag = 'R'
[32m(release)[0m> 	and c_nationkey = n_nationkey
[32m(release)[0m> group by
[32m(release)[0m> 	c_custkey,
[32m(release)[0m> 	c_name,
[32m(release)[0m> 	c_acctbal,
[32m(release)[0m> 	c_phone,
[32m(release)[0m> 	n_name,
[32m(release)[0m> 	c_address,
[32m(release)[0m> 	c_comment
[32m(release)[0m> order by
[32m(release)[0m> 	revenue desc;
VmRSS Change: 1626940 KB
===
381105 rows total
Execution info: [PARSE: 72 µs 719 ns, SQL TRANSLATE: 0 ns, OPTIMIZE: 0 ns, LQP TRANSLATE: 52 µs 960 ns, EXECUTE: 576 ms 311 µs (wall time) | QUERY PLAN CACHE HITS: 1/1 statement(s)]
After reset, table use_count: 2
WARNING: Table still has 1 other owner(s) after pipeline reset!
Executing script file done
$:hsh mem_usage
------------------------------------------
Memory Usage Statistics:
VmSize:	215777316 kB
VmRSS:	36698688 kB
0: MemResourceStatus {MigratedColumnsAggregate,18446744073709551615,12610235929,10275988050,10275988050,0,0,N/A}
MemResourceStatus {NumaMonotonicResource,3,60000000000,0,0,0,1,0}
MemResourceStatus {NumaMonotonicResource,2,60000000000,73983072,729569068,9714614080,0,9714628880}
MemResourceStatus {NumaMonotonicResource,1,64000000000,1039541809,3685752717,18917318200,0,18917334131}
0: MemResourceStatus {MemManagerAggregate,18446744073709551615,124000000000,1113524881,4415321785,0,0,N/A}
1: MemResourceStatus {MemManagerAggregate,18446744073709551615,60000000000,0,0,0,1,N/A}
MemResourceStatus {DefaultResource,18446744073709551615,18446744073709551615,0,0,0,-1,N/A}
Quick Memory Usage Overview:
Used Capacity: 11389512931, 0
------------------------------------------
Executing script file: /home/umeshsum/tpch_queries/10.sql
[32m(release)[0m> select
[32m(release)[0m> 	c_custkey,
[32m(release)[0m> 	c_name,
[32m(release)[0m> 	sum(l_extendedprice * (1 - l_discount)) as revenue,
[32m(release)[0m> 	c_acctbal,
[32m(release)[0m> 	n_name,
[32m(release)[0m> 	c_address,
[32m(release)[0m> 	c_phone,
[32m(release)[0m> 	c_comment
[32m(release)[0m> from
[32m(release)[0m> 	customer,
[32m(release)[0m> 	orders,
[32m(release)[0m> 	lineitem,
[32m(release)[0m> 	nation
[32m(release)[0m> where
[32m(release)[0m> 	c_custkey = o_custkey
[32m(release)[0m> 	and l_orderkey = o_orderkey
[32m(release)[0m> 	and o_orderdate >= date '1993-10-01'
[32m(release)[0m> 	and o_orderdate < date '1993-10-01' + interval '3' month
[32m(release)[0m> 	and l_returnflag = 'R'
[32m(release)[0m> 	and c_nationkey = n_nationkey
[32m(release)[0m> group by
[32m(release)[0m> 	c_custkey,
[32m(release)[0m> 	c_name,
[32m(release)[0m> 	c_acctbal,
[32m(release)[0m> 	c_phone,
[32m(release)[0m> 	n_name,
[32m(release)[0m> 	c_address,
[32m(release)[0m> 	c_comment
[32m(release)[0m> order by
[32m(release)[0m> 	revenue desc;
VmRSS Change: 1623208 KB
===
381105 rows total
Execution info: [PARSE: 74 µs 839 ns, SQL TRANSLATE: 0 ns, OPTIMIZE: 0 ns, LQP TRANSLATE: 62 µs 169 ns, EXECUTE: 570 ms 814 µs (wall time) | QUERY PLAN CACHE HITS: 1/1 statement(s)]
After reset, table use_count: 2
WARNING: Table still has 1 other owner(s) after pipeline reset!
Executing script file done
$:hsh mem_usage
------------------------------------------
Memory Usage Statistics:
VmSize:	215777316 kB
VmRSS:	38321884 kB
0: MemResourceStatus {MigratedColumnsAggregate,18446744073709551615,12610235929,10275988050,10275988050,0,0,N/A}
MemResourceStatus {NumaMonotonicResource,3,60000000000,0,0,0,1,0}
MemResourceStatus {NumaMonotonicResource,2,60000000000,73983072,729569068,11657536896,0,11657554672}
MemResourceStatus {NumaMonotonicResource,1,64000000000,1039541809,3685752717,18917318200,0,18917334131}
0: MemResourceStatus {MemManagerAggregate,18446744073709551615,124000000000,1113524881,4415321785,0,0,N/A}
1: MemResourceStatus {MemManagerAggregate,18446744073709551615,60000000000,0,0,0,1,N/A}
MemResourceStatus {DefaultResource,18446744073709551615,18446744073709551615,0,0,0,-1,N/A}
Quick Memory Usage Overview:
Used Capacity: 11389512931, 0
------------------------------------------
Executing script file: /home/umeshsum/tpch_queries/10.sql
[32m(release)[0m> select
[32m(release)[0m> 	c_custkey,
[32m(release)[0m> 	c_name,
[32m(release)[0m> 	sum(l_extendedprice * (1 - l_discount)) as revenue,
[32m(release)[0m> 	c_acctbal,
[32m(release)[0m> 	n_name,
[32m(release)[0m> 	c_address,
[32m(release)[0m> 	c_phone,
[32m(release)[0m> 	c_comment
[32m(release)[0m> from
[32m(release)[0m> 	customer,
[32m(release)[0m> 	orders,
[32m(release)[0m> 	lineitem,
[32m(release)[0m> 	nation
[32m(release)[0m> where
[32m(release)[0m> 	c_custkey = o_custkey
[32m(release)[0m> 	and l_orderkey = o_orderkey
[32m(release)[0m> 	and o_orderdate >= date '1993-10-01'
[32m(release)[0m> 	and o_orderdate < date '1993-10-01' + interval '3' month
[32m(release)[0m> 	and l_returnflag = 'R'
[32m(release)[0m> 	and c_nationkey = n_nationkey
[32m(release)[0m> group by
[32m(release)[0m> 	c_custkey,
[32m(release)[0m> 	c_name,
[32m(release)[0m> 	c_acctbal,
[32m(release)[0m> 	c_phone,
[32m(release)[0m> 	n_name,
[32m(release)[0m> 	c_address,
[32m(release)[0m> 	c_comment
[32m(release)[0m> order by
[32m(release)[0m> 	revenue desc;
VmRSS Change: 1620544 KB
===
381105 rows total
Execution info: [PARSE: 72 µs 860 ns, SQL TRANSLATE: 0 ns, OPTIMIZE: 0 ns, LQP TRANSLATE: 54 µs 370 ns, EXECUTE: 561 ms 924 µs (wall time) | QUERY PLAN CACHE HITS: 1/1 statement(s)]
After reset, table use_count: 2
WARNING: Table still has 1 other owner(s) after pipeline reset!
Executing script file done
$:hsh mem_usage
------------------------------------------
Memory Usage Statistics:
VmSize:	215777316 kB
VmRSS:	39942428 kB
0: MemResourceStatus {MigratedColumnsAggregate,18446744073709551615,12610235929,10275988050,10275988050,0,0,N/A}
MemResourceStatus {NumaMonotonicResource,3,60000000000,0,0,0,1,0}
MemResourceStatus {NumaMonotonicResource,2,60000000000,73983072,729569068,13600459712,0,13600480464}
MemResourceStatus {NumaMonotonicResource,1,64000000000,1039541809,3685752717,18917318200,0,18917334131}
0: MemResourceStatus {MemManagerAggregate,18446744073709551615,124000000000,1113524881,4415321785,0,0,N/A}
1: MemResourceStatus {MemManagerAggregate,18446744073709551615,60000000000,0,0,0,1,N/A}
MemResourceStatus {DefaultResource,18446744073709551615,18446744073709551615,0,0,0,-1,N/A}
Quick Memory Usage Overview:
Used Capacity: 11389512931, 0
------------------------------------------
Executing script file: /home/umeshsum/tpch_queries/10.sql
[32m(release)[0m> select
[32m(release)[0m> 	c_custkey,
[32m(release)[0m> 	c_name,
[32m(release)[0m> 	sum(l_extendedprice * (1 - l_discount)) as revenue,
[32m(release)[0m> 	c_acctbal,
[32m(release)[0m> 	n_name,
[32m(release)[0m> 	c_address,
[32m(release)[0m> 	c_phone,
[32m(release)[0m> 	c_comment
[32m(release)[0m> from
[32m(release)[0m> 	customer,
[32m(release)[0m> 	orders,
[32m(release)[0m> 	lineitem,
[32m(release)[0m> 	nation
[32m(release)[0m> where
[32m(release)[0m> 	c_custkey = o_custkey
[32m(release)[0m> 	and l_orderkey = o_orderkey
[32m(release)[0m> 	and o_orderdate >= date '1993-10-01'
[32m(release)[0m> 	and o_orderdate < date '1993-10-01' + interval '3' month
[32m(release)[0m> 	and l_returnflag = 'R'
[32m(release)[0m> 	and c_nationkey = n_nationkey
[32m(release)[0m> group by
[32m(release)[0m> 	c_custkey,
[32m(release)[0m> 	c_name,
[32m(release)[0m> 	c_acctbal,
[32m(release)[0m> 	c_phone,
[32m(release)[0m> 	n_name,
[32m(release)[0m> 	c_address,
[32m(release)[0m> 	c_comment
[32m(release)[0m> order by
[32m(release)[0m> 	revenue desc;
VmRSS Change: 1623124 KB
===
381105 rows total
Execution info: [PARSE: 74 µs 249 ns, SQL TRANSLATE: 0 ns, OPTIMIZE: 0 ns, LQP TRANSLATE: 55 µs 200 ns, EXECUTE: 563 ms 833 µs (wall time) | QUERY PLAN CACHE HITS: 1/1 statement(s)]
After reset, table use_count: 2
WARNING: Table still has 1 other owner(s) after pipeline reset!
Executing script file done
$:hsh mem_usage
------------------------------------------
Memory Usage Statistics:
VmSize:	215777316 kB
VmRSS:	41565552 kB
0: MemResourceStatus {MigratedColumnsAggregate,18446744073709551615,12610235929,10275988050,10275988050,0,0,N/A}
MemResourceStatus {NumaMonotonicResource,3,60000000000,0,0,0,1,0}
MemResourceStatus {NumaMonotonicResource,2,60000000000,73983072,729569068,15543382528,0,15543406240}
MemResourceStatus {NumaMonotonicResource,1,64000000000,1039541809,3685752717,18917318200,0,18917334131}
0: MemResourceStatus {MemManagerAggregate,18446744073709551615,124000000000,1113524881,4415321785,0,0,N/A}
1: MemResourceStatus {MemManagerAggregate,18446744073709551615,60000000000,0,0,0,1,N/A}
MemResourceStatus {DefaultResource,18446744073709551615,18446744073709551615,0,0,0,-1,N/A}
Quick Memory Usage Overview:
Used Capacity: 11389512931, 0
------------------------------------------
Executing script file: /home/umeshsum/tpch_queries/10.sql
[32m(release)[0m> select
[32m(release)[0m> 	c_custkey,
[32m(release)[0m> 	c_name,
[32m(release)[0m> 	sum(l_extendedprice * (1 - l_discount)) as revenue,
[32m(release)[0m> 	c_acctbal,
[32m(release)[0m> 	n_name,
[32m(release)[0m> 	c_address,
[32m(release)[0m> 	c_phone,
[32m(release)[0m> 	c_comment
[32m(release)[0m> from
[32m(release)[0m> 	customer,
[32m(release)[0m> 	orders,
[32m(release)[0m> 	lineitem,
[32m(release)[0m> 	nation
[32m(release)[0m> where
[32m(release)[0m> 	c_custkey = o_custkey
[32m(release)[0m> 	and l_orderkey = o_orderkey
[32m(release)[0m> 	and o_orderdate >= date '1993-10-01'
[32m(release)[0m> 	and o_orderdate < date '1993-10-01' + interval '3' month
[32m(release)[0m> 	and l_returnflag = 'R'
[32m(release)[0m> 	and c_nationkey = n_nationkey
[32m(release)[0m> group by
[32m(release)[0m> 	c_custkey,
[32m(release)[0m> 	c_name,
[32m(release)[0m> 	c_acctbal,
[32m(release)[0m> 	c_phone,
[32m(release)[0m> 	n_name,
[32m(release)[0m> 	c_address,
[32m(release)[0m> 	c_comment
[32m(release)[0m> order by
[32m(release)[0m> 	revenue desc;
VmRSS Change: 1626144 KB
===
381105 rows total
Execution info: [PARSE: 73 µs 470 ns, SQL TRANSLATE: 0 ns, OPTIMIZE: 0 ns, LQP TRANSLATE: 53 µs 550 ns, EXECUTE: 570 ms 770 µs (wall time) | QUERY PLAN CACHE HITS: 1/1 statement(s)]
After reset, table use_count: 2
WARNING: Table still has 1 other owner(s) after pipeline reset!
Executing script file done
$:hsh mem_usage
------------------------------------------
Memory Usage Statistics:
VmSize:	215777316 kB
VmRSS:	43191696 kB
0: MemResourceStatus {MigratedColumnsAggregate,18446744073709551615,12610235929,10275988050,10275988050,0,0,N/A}
MemResourceStatus {NumaMonotonicResource,3,60000000000,0,0,0,1,0}
MemResourceStatus {NumaMonotonicResource,2,60000000000,73983072,729569068,17486305344,0,17486332016}
MemResourceStatus {NumaMonotonicResource,1,64000000000,1039541809,3685752717,18917318200,0,18917334131}
0: MemResourceStatus {MemManagerAggregate,18446744073709551615,124000000000,1113524881,4415321785,0,0,N/A}
1: MemResourceStatus {MemManagerAggregate,18446744073709551615,60000000000,0,0,0,1,N/A}
MemResourceStatus {DefaultResource,18446744073709551615,18446744073709551615,0,0,0,-1,N/A}
Quick Memory Usage Overview:
Used Capacity: 11389512931, 0
------------------------------------------
Executing script file: /home/umeshsum/tpch_queries/10.sql
[32m(release)[0m> select
[32m(release)[0m> 	c_custkey,
[32m(release)[0m> 	c_name,
[32m(release)[0m> 	sum(l_extendedprice * (1 - l_discount)) as revenue,
[32m(release)[0m> 	c_acctbal,
[32m(release)[0m> 	n_name,
[32m(release)[0m> 	c_address,
[32m(release)[0m> 	c_phone,
[32m(release)[0m> 	c_comment
[32m(release)[0m> from
[32m(release)[0m> 	customer,
[32m(release)[0m> 	orders,
[32m(release)[0m> 	lineitem,
[32m(release)[0m> 	nation
[32m(release)[0m> where
[32m(release)[0m> 	c_custkey = o_custkey
[32m(release)[0m> 	and l_orderkey = o_orderkey
[32m(release)[0m> 	and o_orderdate >= date '1993-10-01'
[32m(release)[0m> 	and o_orderdate < date '1993-10-01' + interval '3' month
[32m(release)[0m> 	and l_returnflag = 'R'
[32m(release)[0m> 	and c_nationkey = n_nationkey
[32m(release)[0m> group by
[32m(release)[0m> 	c_custkey,
[32m(release)[0m> 	c_name,
[32m(release)[0m> 	c_acctbal,
[32m(release)[0m> 	c_phone,
[32m(release)[0m> 	n_name,
[32m(release)[0m> 	c_address,
[32m(release)[0m> 	c_comment
[32m(release)[0m> order by
[32m(release)[0m> 	revenue desc;
VmRSS Change: 1620436 KB
===
381105 rows total
Execution info: [PARSE: 73 µs 609 ns, SQL TRANSLATE: 0 ns, OPTIMIZE: 0 ns, LQP TRANSLATE: 54 µs 199 ns, EXECUTE: 559 ms 46 µs (wall time) | QUERY PLAN CACHE HITS: 1/1 statement(s)]
After reset, table use_count: 2
WARNING: Table still has 1 other owner(s) after pipeline reset!
Executing script file done
$:hsh mem_usage
------------------------------------------
Memory Usage Statistics:
VmSize:	215777316 kB
VmRSS:	44812132 kB
0: MemResourceStatus {MigratedColumnsAggregate,18446744073709551615,12610235929,10275988050,10275988050,0,0,N/A}
MemResourceStatus {NumaMonotonicResource,3,60000000000,0,0,0,1,0}
MemResourceStatus {NumaMonotonicResource,2,60000000000,73983072,729569068,19429228160,0,19429257792}
MemResourceStatus {NumaMonotonicResource,1,64000000000,1039541809,3685752717,18917318200,0,18917334131}
0: MemResourceStatus {MemManagerAggregate,18446744073709551615,124000000000,1113524881,4415321785,0,0,N/A}
1: MemResourceStatus {MemManagerAggregate,18446744073709551615,60000000000,0,0,0,1,N/A}
MemResourceStatus {DefaultResource,18446744073709551615,18446744073709551615,0,0,0,-1,N/A}
Quick Memory Usage Overview:
Used Capacity: 11389512931, 0
------------------------------------------
Label set to d60000000000_tf60000000000_q11
$:hsh clear_plan_caches
Cleared PQP and LQP caches
$:hsh clear_pipeline
Released last SQLPipeline
$:hsh reset_exec_pools
Reset execution pools (2, 3) bump pointers to start
$:hsh mem_usage
------------------------------------------
Memory Usage Statistics:
VmSize:	215777316 kB
VmRSS:	44812132 kB
0: MemResourceStatus {MigratedColumnsAggregate,18446744073709551615,12610235929,10275988050,10275988050,0,0,N/A}
MemResourceStatus {NumaMonotonicResource,3,60000000000,0,0,0,1,0}
MemResourceStatus {NumaMonotonicResource,2,60000000000,0,0,0,0,0}
MemResourceStatus {NumaMonotonicResource,1,64000000000,1039541809,3685752717,18917318200,0,18917334131}
0: MemResourceStatus {MemManagerAggregate,18446744073709551615,124000000000,1039541809,3685752717,0,0,N/A}
1: MemResourceStatus {MemManagerAggregate,18446744073709551615,60000000000,0,0,0,1,N/A}
MemResourceStatus {DefaultResource,18446744073709551615,18446744073709551615,0,0,0,-1,N/A}
Quick Memory Usage Overview:
Used Capacity: 11315529859, 0
------------------------------------------
Executing script file: /home/umeshsum/tpch_queries/11.sql
[32m(release)[0m> select
[32m(release)[0m> 	ps_partkey,
[32m(release)[0m> 	sum(ps_supplycost * ps_availqty) as value
[32m(release)[0m> from
[32m(release)[0m> 	partsupp,
[32m(release)[0m> 	supplier,
[32m(release)[0m> 	nation
[32m(release)[0m> where
[32m(release)[0m> 	ps_suppkey = s_suppkey
[32m(release)[0m> 	and s_nationkey = n_nationkey
[32m(release)[0m> 	and n_name = 'GERMANY'
[32m(release)[0m> group by
[32m(release)[0m> 	ps_partkey having
[32m(release)[0m> 		sum(ps_supplycost * ps_availqty) > (
[32m(release)[0m> 			select
[32m(release)[0m> 				sum(ps_supplycost * ps_availqty) * 0.0001000000
[32m(release)[0m> 			from
[32m(release)[0m> 				partsupp,
[32m(release)[0m> 				supplier,
[32m(release)[0m> 				nation
[32m(release)[0m> 			where
[32m(release)[0m> 				ps_suppkey = s_suppkey
[32m(release)[0m> 				and s_nationkey = n_nationkey
[32m(release)[0m> 				and n_name = 'GERMANY'
[32m(release)[0m> 		)
[32m(release)[0m> order by
[32m(release)[0m> 	value desc;
VmRSS Change: 9240 KB
===
0 rows total
Execution info: [PARSE: 78 µs 839 ns, SQL TRANSLATE: 224 µs 27 ns, OPTIMIZE: 4 ms 546 µs, LQP TRANSLATE: 189 µs 78 ns, EXECUTE: 42 ms 348 µs (wall time) | QUERY PLAN CACHE HITS: 0/1 statement(s)]
After reset, table use_count: 2
WARNING: Table still has 1 other owner(s) after pipeline reset!
Executing script file done
$:hsh mem_usage
------------------------------------------
Memory Usage Statistics:
VmSize:	215777316 kB
VmRSS:	44821356 kB
0: MemResourceStatus {MigratedColumnsAggregate,18446744073709551615,12610235929,10275988050,10275988050,0,0,N/A}
MemResourceStatus {NumaMonotonicResource,3,60000000000,0,0,0,1,0}
MemResourceStatus {NumaMonotonicResource,2,60000000000,4886968,160419888,283272336,0,283273240}
MemResourceStatus {NumaMonotonicResource,1,64000000000,1039541809,3685752717,18917318200,0,18917334131}
0: MemResourceStatus {MemManagerAggregate,18446744073709551615,124000000000,1044428777,3846172605,0,0,N/A}
1: MemResourceStatus {MemManagerAggregate,18446744073709551615,60000000000,0,0,0,1,N/A}
MemResourceStatus {DefaultResource,18446744073709551615,18446744073709551615,0,0,0,-1,N/A}
Quick Memory Usage Overview:
Used Capacity: 11320416827, 0
------------------------------------------
Executing script file: /home/umeshsum/tpch_queries/11.sql
[32m(release)[0m> select
[32m(release)[0m> 	ps_partkey,
[32m(release)[0m> 	sum(ps_supplycost * ps_availqty) as value
[32m(release)[0m> from
[32m(release)[0m> 	partsupp,
[32m(release)[0m> 	supplier,
[32m(release)[0m> 	nation
[32m(release)[0m> where
[32m(release)[0m> 	ps_suppkey = s_suppkey
[32m(release)[0m> 	and s_nationkey = n_nationkey
[32m(release)[0m> 	and n_name = 'GERMANY'
[32m(release)[0m> group by
[32m(release)[0m> 	ps_partkey having
[32m(release)[0m> 		sum(ps_supplycost * ps_availqty) > (
[32m(release)[0m> 			select
[32m(release)[0m> 				sum(ps_supplycost * ps_availqty) * 0.0001000000
[32m(release)[0m> 			from
[32m(release)[0m> 				partsupp,
[32m(release)[0m> 				supplier,
[32m(release)[0m> 				nation
[32m(release)[0m> 			where
[32m(release)[0m> 				ps_suppkey = s_suppkey
[32m(release)[0m> 				and s_nationkey = n_nationkey
[32m(release)[0m> 				and n_name = 'GERMANY'
[32m(release)[0m> 		)
[32m(release)[0m> order by
[32m(release)[0m> 	value desc;
VmRSS Change: 724 KB
===
0 rows total
Execution info: [PARSE: 60 µs 549 ns, SQL TRANSLATE: 0 ns, OPTIMIZE: 0 ns, LQP TRANSLATE: 54 µs 809 ns, EXECUTE: 41 ms 230 µs (wall time) | QUERY PLAN CACHE HITS: 1/1 statement(s)]
After reset, table use_count: 2
WARNING: Table still has 1 other owner(s) after pipeline reset!
Executing script file done
$:hsh mem_usage
------------------------------------------
Memory Usage Statistics:
VmSize:	215777316 kB
VmRSS:	44822080 kB
0: MemResourceStatus {MigratedColumnsAggregate,18446744073709551615,12610235929,10275988050,10275988050,0,0,N/A}
MemResourceStatus {NumaMonotonicResource,3,60000000000,0,0,0,1,0}
MemResourceStatus {NumaMonotonicResource,2,60000000000,9773936,165306856,566544672,0,566546488}
MemResourceStatus {NumaMonotonicResource,1,64000000000,1039541809,3685752717,18917318200,0,18917334131}
0: MemResourceStatus {MemManagerAggregate,18446744073709551615,124000000000,1049315745,3851059573,0,0,N/A}
1: MemResourceStatus {MemManagerAggregate,18446744073709551615,60000000000,0,0,0,1,N/A}
MemResourceStatus {DefaultResource,18446744073709551615,18446744073709551615,0,0,0,-1,N/A}
Quick Memory Usage Overview:
Used Capacity: 11325303795, 0
------------------------------------------
Executing script file: /home/umeshsum/tpch_queries/11.sql
[32m(release)[0m> select
[32m(release)[0m> 	ps_partkey,
[32m(release)[0m> 	sum(ps_supplycost * ps_availqty) as value
[32m(release)[0m> from
[32m(release)[0m> 	partsupp,
[32m(release)[0m> 	supplier,
[32m(release)[0m> 	nation
[32m(release)[0m> where
[32m(release)[0m> 	ps_suppkey = s_suppkey
[32m(release)[0m> 	and s_nationkey = n_nationkey
[32m(release)[0m> 	and n_name = 'GERMANY'
[32m(release)[0m> group by
[32m(release)[0m> 	ps_partkey having
[32m(release)[0m> 		sum(ps_supplycost * ps_availqty) > (
[32m(release)[0m> 			select
[32m(release)[0m> 				sum(ps_supplycost * ps_availqty) * 0.0001000000
[32m(release)[0m> 			from
[32m(release)[0m> 				partsupp,
[32m(release)[0m> 				supplier,
[32m(release)[0m> 				nation
[32m(release)[0m> 			where
[32m(release)[0m> 				ps_suppkey = s_suppkey
[32m(release)[0m> 				and s_nationkey = n_nationkey
[32m(release)[0m> 				and n_name = 'GERMANY'
[32m(release)[0m> 		)
[32m(release)[0m> order by
[32m(release)[0m> 	value desc;
VmRSS Change: 3188 KB
===
0 rows total
Execution info: [PARSE: 60 µs 860 ns, SQL TRANSLATE: 0 ns, OPTIMIZE: 0 ns, LQP TRANSLATE: 42 µs 29 ns, EXECUTE: 44 ms 408 µs (wall time) | QUERY PLAN CACHE HITS: 1/1 statement(s)]
After reset, table use_count: 2
WARNING: Table still has 1 other owner(s) after pipeline reset!
Executing script file done
$:hsh mem_usage
------------------------------------------
Memory Usage Statistics:
VmSize:	215777316 kB
VmRSS:	44825236 kB
0: MemResourceStatus {MigratedColumnsAggregate,18446744073709551615,12610235929,10275988050,10275988050,0,0,N/A}
MemResourceStatus {NumaMonotonicResource,3,60000000000,0,0,0,1,0}
MemResourceStatus {NumaMonotonicResource,2,60000000000,9773936,165306856,849817008,0,849819768}
MemResourceStatus {NumaMonotonicResource,1,64000000000,1039541809,3685752717,18917318200,0,18917334131}
0: MemResourceStatus {MemManagerAggregate,18446744073709551615,124000000000,1049315745,3851059573,0,0,N/A}
1: MemResourceStatus {MemManagerAggregate,18446744073709551615,60000000000,0,0,0,1,N/A}
MemResourceStatus {DefaultResource,18446744073709551615,18446744073709551615,0,0,0,-1,N/A}
Quick Memory Usage Overview:
Used Capacity: 11325303795, 0
------------------------------------------
Executing script file: /home/umeshsum/tpch_queries/11.sql
[32m(release)[0m> select
[32m(release)[0m> 	ps_partkey,
[32m(release)[0m> 	sum(ps_supplycost * ps_availqty) as value
[32m(release)[0m> from
[32m(release)[0m> 	partsupp,
[32m(release)[0m> 	supplier,
[32m(release)[0m> 	nation
[32m(release)[0m> where
[32m(release)[0m> 	ps_suppkey = s_suppkey
[32m(release)[0m> 	and s_nationkey = n_nationkey
[32m(release)[0m> 	and n_name = 'GERMANY'
[32m(release)[0m> group by
[32m(release)[0m> 	ps_partkey having
[32m(release)[0m> 		sum(ps_supplycost * ps_availqty) > (
[32m(release)[0m> 			select
[32m(release)[0m> 				sum(ps_supplycost * ps_availqty) * 0.0001000000
[32m(release)[0m> 			from
[32m(release)[0m> 				partsupp,
[32m(release)[0m> 				supplier,
[32m(release)[0m> 				nation
[32m(release)[0m> 			where
[32m(release)[0m> 				ps_suppkey = s_suppkey
[32m(release)[0m> 				and s_nationkey = n_nationkey
[32m(release)[0m> 				and n_name = 'GERMANY'
[32m(release)[0m> 		)
[32m(release)[0m> order by
[32m(release)[0m> 	value desc;
VmRSS Change: 1052 KB
===
0 rows total
Execution info: [PARSE: 61 µs 639 ns, SQL TRANSLATE: 0 ns, OPTIMIZE: 0 ns, LQP TRANSLATE: 44 µs 539 ns, EXECUTE: 43 ms 19 µs (wall time) | QUERY PLAN CACHE HITS: 1/1 statement(s)]
After reset, table use_count: 2
WARNING: Table still has 1 other owner(s) after pipeline reset!
Executing script file done
$:hsh mem_usage
------------------------------------------
Memory Usage Statistics:
VmSize:	215777316 kB
VmRSS:	44826288 kB
0: MemResourceStatus {MigratedColumnsAggregate,18446744073709551615,12610235929,10275988050,10275988050,0,0,N/A}
MemResourceStatus {NumaMonotonicResource,3,60000000000,0,0,0,1,0}
MemResourceStatus {NumaMonotonicResource,2,60000000000,9773936,165306856,1133089344,0,1133093128}
MemResourceStatus {NumaMonotonicResource,1,64000000000,1039541809,3685752717,18917318200,0,18917334131}
0: MemResourceStatus {MemManagerAggregate,18446744073709551615,124000000000,1049315745,3851059573,0,0,N/A}
1: MemResourceStatus {MemManagerAggregate,18446744073709551615,60000000000,0,0,0,1,N/A}
MemResourceStatus {DefaultResource,18446744073709551615,18446744073709551615,0,0,0,-1,N/A}
Quick Memory Usage Overview:
Used Capacity: 11325303795, 0
------------------------------------------
Executing script file: /home/umeshsum/tpch_queries/11.sql
[32m(release)[0m> select
[32m(release)[0m> 	ps_partkey,
[32m(release)[0m> 	sum(ps_supplycost * ps_availqty) as value
[32m(release)[0m> from
[32m(release)[0m> 	partsupp,
[32m(release)[0m> 	supplier,
[32m(release)[0m> 	nation
[32m(release)[0m> where
[32m(release)[0m> 	ps_suppkey = s_suppkey
[32m(release)[0m> 	and s_nationkey = n_nationkey
[32m(release)[0m> 	and n_name = 'GERMANY'
[32m(release)[0m> group by
[32m(release)[0m> 	ps_partkey having
[32m(release)[0m> 		sum(ps_supplycost * ps_availqty) > (
[32m(release)[0m> 			select
[32m(release)[0m> 				sum(ps_supplycost * ps_availqty) * 0.0001000000
[32m(release)[0m> 			from
[32m(release)[0m> 				partsupp,
[32m(release)[0m> 				supplier,
[32m(release)[0m> 				nation
[32m(release)[0m> 			where
[32m(release)[0m> 				ps_suppkey = s_suppkey
[32m(release)[0m> 				and s_nationkey = n_nationkey
[32m(release)[0m> 				and n_name = 'GERMANY'
[32m(release)[0m> 		)
[32m(release)[0m> order by
[32m(release)[0m> 	value desc;
VmRSS Change: 18928 KB
===
0 rows total
Execution info: [PARSE: 61 µs 420 ns, SQL TRANSLATE: 0 ns, OPTIMIZE: 0 ns, LQP TRANSLATE: 44 µs 309 ns, EXECUTE: 44 ms 837 µs (wall time) | QUERY PLAN CACHE HITS: 1/1 statement(s)]
After reset, table use_count: 2
WARNING: Table still has 1 other owner(s) after pipeline reset!
Executing script file done
$:hsh mem_usage
------------------------------------------
Memory Usage Statistics:
VmSize:	215777316 kB
VmRSS:	44845216 kB
0: MemResourceStatus {MigratedColumnsAggregate,18446744073709551615,12610235929,10275988050,10275988050,0,0,N/A}
MemResourceStatus {NumaMonotonicResource,3,60000000000,0,0,0,1,0}
MemResourceStatus {NumaMonotonicResource,2,60000000000,9773936,165306856,1416361680,0,1416366440}
MemResourceStatus {NumaMonotonicResource,1,64000000000,1039541809,3685752717,18917318200,0,18917334131}
0: MemResourceStatus {MemManagerAggregate,18446744073709551615,124000000000,1049315745,3851059573,0,0,N/A}
1: MemResourceStatus {MemManagerAggregate,18446744073709551615,60000000000,0,0,0,1,N/A}
MemResourceStatus {DefaultResource,18446744073709551615,18446744073709551615,0,0,0,-1,N/A}
Quick Memory Usage Overview:
Used Capacity: 11325303795, 0
------------------------------------------
Executing script file: /home/umeshsum/tpch_queries/11.sql
[32m(release)[0m> select
[32m(release)[0m> 	ps_partkey,
[32m(release)[0m> 	sum(ps_supplycost * ps_availqty) as value
[32m(release)[0m> from
[32m(release)[0m> 	partsupp,
[32m(release)[0m> 	supplier,
[32m(release)[0m> 	nation
[32m(release)[0m> where
[32m(release)[0m> 	ps_suppkey = s_suppkey
[32m(release)[0m> 	and s_nationkey = n_nationkey
[32m(release)[0m> 	and n_name = 'GERMANY'
[32m(release)[0m> group by
[32m(release)[0m> 	ps_partkey having
[32m(release)[0m> 		sum(ps_supplycost * ps_availqty) > (
[32m(release)[0m> 			select
[32m(release)[0m> 				sum(ps_supplycost * ps_availqty) * 0.0001000000
[32m(release)[0m> 			from
[32m(release)[0m> 				partsupp,
[32m(release)[0m> 				supplier,
[32m(release)[0m> 				nation
[32m(release)[0m> 			where
[32m(release)[0m> 				ps_suppkey = s_suppkey
[32m(release)[0m> 				and s_nationkey = n_nationkey
[32m(release)[0m> 				and n_name = 'GERMANY'
[32m(release)[0m> 		)
[32m(release)[0m> order by
[32m(release)[0m> 	value desc;
VmRSS Change: 15212 KB
===
0 rows total
Execution info: [PARSE: 60 µs 689 ns, SQL TRANSLATE: 0 ns, OPTIMIZE: 0 ns, LQP TRANSLATE: 42 µs 630 ns, EXECUTE: 49 ms 674 µs (wall time) | QUERY PLAN CACHE HITS: 1/1 statement(s)]
After reset, table use_count: 2
WARNING: Table still has 1 other owner(s) after pipeline reset!
Executing script file done
$:hsh mem_usage
------------------------------------------
Memory Usage Statistics:
VmSize:	215777316 kB
VmRSS:	44860428 kB
0: MemResourceStatus {MigratedColumnsAggregate,18446744073709551615,12610235929,10275988050,10275988050,0,0,N/A}
MemResourceStatus {NumaMonotonicResource,3,60000000000,0,0,0,1,0}
MemResourceStatus {NumaMonotonicResource,2,60000000000,9773936,165306856,1699634016,0,1699639704}
MemResourceStatus {NumaMonotonicResource,1,64000000000,1039541809,3685752717,18917318200,0,18917334131}
0: MemResourceStatus {MemManagerAggregate,18446744073709551615,124000000000,1049315745,3851059573,0,0,N/A}
1: MemResourceStatus {MemManagerAggregate,18446744073709551615,60000000000,0,0,0,1,N/A}
MemResourceStatus {DefaultResource,18446744073709551615,18446744073709551615,0,0,0,-1,N/A}
Quick Memory Usage Overview:
Used Capacity: 11325303795, 0
------------------------------------------
Executing script file: /home/umeshsum/tpch_queries/11.sql
[32m(release)[0m> select
[32m(release)[0m> 	ps_partkey,
[32m(release)[0m> 	sum(ps_supplycost * ps_availqty) as value
[32m(release)[0m> from
[32m(release)[0m> 	partsupp,
[32m(release)[0m> 	supplier,
[32m(release)[0m> 	nation
[32m(release)[0m> where
[32m(release)[0m> 	ps_suppkey = s_suppkey
[32m(release)[0m> 	and s_nationkey = n_nationkey
[32m(release)[0m> 	and n_name = 'GERMANY'
[32m(release)[0m> group by
[32m(release)[0m> 	ps_partkey having
[32m(release)[0m> 		sum(ps_supplycost * ps_availqty) > (
[32m(release)[0m> 			select
[32m(release)[0m> 				sum(ps_supplycost * ps_availqty) * 0.0001000000
[32m(release)[0m> 			from
[32m(release)[0m> 				partsupp,
[32m(release)[0m> 				supplier,
[32m(release)[0m> 				nation
[32m(release)[0m> 			where
[32m(release)[0m> 				ps_suppkey = s_suppkey
[32m(release)[0m> 				and s_nationkey = n_nationkey
[32m(release)[0m> 				and n_name = 'GERMANY'
[32m(release)[0m> 		)
[32m(release)[0m> order by
[32m(release)[0m> 	value desc;
VmRSS Change: 12304 KB
===
0 rows total
Execution info: [PARSE: 65 µs 619 ns, SQL TRANSLATE: 0 ns, OPTIMIZE: 0 ns, LQP TRANSLATE: 44 µs 550 ns, EXECUTE: 44 ms 843 µs (wall time) | QUERY PLAN CACHE HITS: 1/1 statement(s)]
After reset, table use_count: 2
WARNING: Table still has 1 other owner(s) after pipeline reset!
Executing script file done
$:hsh mem_usage
------------------------------------------
Memory Usage Statistics:
VmSize:	215777316 kB
VmRSS:	44872732 kB
0: MemResourceStatus {MigratedColumnsAggregate,18446744073709551615,12610235929,10275988050,10275988050,0,0,N/A}
MemResourceStatus {NumaMonotonicResource,3,60000000000,0,0,0,1,0}
MemResourceStatus {NumaMonotonicResource,2,60000000000,9773936,165306856,1982906352,0,1982913000}
MemResourceStatus {NumaMonotonicResource,1,64000000000,1039541809,3685752717,18917318200,0,18917334131}
0: MemResourceStatus {MemManagerAggregate,18446744073709551615,124000000000,1049315745,3851059573,0,0,N/A}
1: MemResourceStatus {MemManagerAggregate,18446744073709551615,60000000000,0,0,0,1,N/A}
MemResourceStatus {DefaultResource,18446744073709551615,18446744073709551615,0,0,0,-1,N/A}
Quick Memory Usage Overview:
Used Capacity: 11325303795, 0
------------------------------------------
Executing script file: /home/umeshsum/tpch_queries/11.sql
[32m(release)[0m> select
[32m(release)[0m> 	ps_partkey,
[32m(release)[0m> 	sum(ps_supplycost * ps_availqty) as value
[32m(release)[0m> from
[32m(release)[0m> 	partsupp,
[32m(release)[0m> 	supplier,
[32m(release)[0m> 	nation
[32m(release)[0m> where
[32m(release)[0m> 	ps_suppkey = s_suppkey
[32m(release)[0m> 	and s_nationkey = n_nationkey
[32m(release)[0m> 	and n_name = 'GERMANY'
[32m(release)[0m> group by
[32m(release)[0m> 	ps_partkey having
[32m(release)[0m> 		sum(ps_supplycost * ps_availqty) > (
[32m(release)[0m> 			select
[32m(release)[0m> 				sum(ps_supplycost * ps_availqty) * 0.0001000000
[32m(release)[0m> 			from
[32m(release)[0m> 				partsupp,
[32m(release)[0m> 				supplier,
[32m(release)[0m> 				nation
[32m(release)[0m> 			where
[32m(release)[0m> 				ps_suppkey = s_suppkey
[32m(release)[0m> 				and s_nationkey = n_nationkey
[32m(release)[0m> 				and n_name = 'GERMANY'
[32m(release)[0m> 		)
[32m(release)[0m> order by
[32m(release)[0m> 	value desc;
VmRSS Change: 8636 KB
===
0 rows total
Execution info: [PARSE: 67 µs 680 ns, SQL TRANSLATE: 0 ns, OPTIMIZE: 0 ns, LQP TRANSLATE: 45 µs 619 ns, EXECUTE: 40 ms 250 µs (wall time) | QUERY PLAN CACHE HITS: 1/1 statement(s)]
After reset, table use_count: 2
WARNING: Table still has 1 other owner(s) after pipeline reset!
Executing script file done
$:hsh mem_usage
------------------------------------------
Memory Usage Statistics:
VmSize:	215777316 kB
VmRSS:	44881368 kB
0: MemResourceStatus {MigratedColumnsAggregate,18446744073709551615,12610235929,10275988050,10275988050,0,0,N/A}
MemResourceStatus {NumaMonotonicResource,3,60000000000,0,0,0,1,0}
MemResourceStatus {NumaMonotonicResource,2,60000000000,9773936,165307816,2266178688,0,2266186232}
MemResourceStatus {NumaMonotonicResource,1,64000000000,1039541809,3685752717,18917318200,0,18917334131}
0: MemResourceStatus {MemManagerAggregate,18446744073709551615,124000000000,1049315745,3851060533,0,0,N/A}
1: MemResourceStatus {MemManagerAggregate,18446744073709551615,60000000000,0,0,0,1,N/A}
MemResourceStatus {DefaultResource,18446744073709551615,18446744073709551615,0,0,0,-1,N/A}
Quick Memory Usage Overview:
Used Capacity: 11325303795, 0
------------------------------------------
Executing script file: /home/umeshsum/tpch_queries/11.sql
[32m(release)[0m> select
[32m(release)[0m> 	ps_partkey,
[32m(release)[0m> 	sum(ps_supplycost * ps_availqty) as value
[32m(release)[0m> from
[32m(release)[0m> 	partsupp,
[32m(release)[0m> 	supplier,
[32m(release)[0m> 	nation
[32m(release)[0m> where
[32m(release)[0m> 	ps_suppkey = s_suppkey
[32m(release)[0m> 	and s_nationkey = n_nationkey
[32m(release)[0m> 	and n_name = 'GERMANY'
[32m(release)[0m> group by
[32m(release)[0m> 	ps_partkey having
[32m(release)[0m> 		sum(ps_supplycost * ps_availqty) > (
[32m(release)[0m> 			select
[32m(release)[0m> 				sum(ps_supplycost * ps_availqty) * 0.0001000000
[32m(release)[0m> 			from
[32m(release)[0m> 				partsupp,
[32m(release)[0m> 				supplier,
[32m(release)[0m> 				nation
[32m(release)[0m> 			where
[32m(release)[0m> 				ps_suppkey = s_suppkey
[32m(release)[0m> 				and s_nationkey = n_nationkey
[32m(release)[0m> 				and n_name = 'GERMANY'
[32m(release)[0m> 		)
[32m(release)[0m> order by
[32m(release)[0m> 	value desc;
VmRSS Change: 18446744073709551592 KB
===
0 rows total
Execution info: [PARSE: 61 µs 810 ns, SQL TRANSLATE: 0 ns, OPTIMIZE: 0 ns, LQP TRANSLATE: 40 µs 559 ns, EXECUTE: 42 ms 817 µs (wall time) | QUERY PLAN CACHE HITS: 1/1 statement(s)]
After reset, table use_count: 2
WARNING: Table still has 1 other owner(s) after pipeline reset!
Executing script file done
$:hsh mem_usage
------------------------------------------
Memory Usage Statistics:
VmSize:	215777316 kB
VmRSS:	44881344 kB
0: MemResourceStatus {MigratedColumnsAggregate,18446744073709551615,12610235929,10275988050,10275988050,0,0,N/A}
MemResourceStatus {NumaMonotonicResource,3,60000000000,0,0,0,1,0}
MemResourceStatus {NumaMonotonicResource,2,60000000000,9773936,165307816,2549451024,0,2549459576}
MemResourceStatus {NumaMonotonicResource,1,64000000000,1039541809,3685752717,18917318200,0,18917334131}
0: MemResourceStatus {MemManagerAggregate,18446744073709551615,124000000000,1049315745,3851060533,0,0,N/A}
1: MemResourceStatus {MemManagerAggregate,18446744073709551615,60000000000,0,0,0,1,N/A}
MemResourceStatus {DefaultResource,18446744073709551615,18446744073709551615,0,0,0,-1,N/A}
Quick Memory Usage Overview:
Used Capacity: 11325303795, 0
------------------------------------------
Executing script file: /home/umeshsum/tpch_queries/11.sql
[32m(release)[0m> select
[32m(release)[0m> 	ps_partkey,
[32m(release)[0m> 	sum(ps_supplycost * ps_availqty) as value
[32m(release)[0m> from
[32m(release)[0m> 	partsupp,
[32m(release)[0m> 	supplier,
[32m(release)[0m> 	nation
[32m(release)[0m> where
[32m(release)[0m> 	ps_suppkey = s_suppkey
[32m(release)[0m> 	and s_nationkey = n_nationkey
[32m(release)[0m> 	and n_name = 'GERMANY'
[32m(release)[0m> group by
[32m(release)[0m> 	ps_partkey having
[32m(release)[0m> 		sum(ps_supplycost * ps_availqty) > (
[32m(release)[0m> 			select
[32m(release)[0m> 				sum(ps_supplycost * ps_availqty) * 0.0001000000
[32m(release)[0m> 			from
[32m(release)[0m> 				partsupp,
[32m(release)[0m> 				supplier,
[32m(release)[0m> 				nation
[32m(release)[0m> 			where
[32m(release)[0m> 				ps_suppkey = s_suppkey
[32m(release)[0m> 				and s_nationkey = n_nationkey
[32m(release)[0m> 				and n_name = 'GERMANY'
[32m(release)[0m> 		)
[32m(release)[0m> order by
[32m(release)[0m> 	value desc;
VmRSS Change: 3360 KB
===
0 rows total
Execution info: [PARSE: 61 µs 69 ns, SQL TRANSLATE: 0 ns, OPTIMIZE: 0 ns, LQP TRANSLATE: 43 µs 739 ns, EXECUTE: 42 ms 502 µs (wall time) | QUERY PLAN CACHE HITS: 1/1 statement(s)]
After reset, table use_count: 2
WARNING: Table still has 1 other owner(s) after pipeline reset!
Executing script file done
$:hsh mem_usage
------------------------------------------
Memory Usage Statistics:
VmSize:	215777316 kB
VmRSS:	44884704 kB
0: MemResourceStatus {MigratedColumnsAggregate,18446744073709551615,12610235929,10275988050,10275988050,0,0,N/A}
MemResourceStatus {NumaMonotonicResource,3,60000000000,0,0,0,1,0}
MemResourceStatus {NumaMonotonicResource,2,60000000000,9773936,165307816,2832723360,0,2832732888}
MemResourceStatus {NumaMonotonicResource,1,64000000000,1039541809,3685752717,18917318200,0,18917334131}
0: MemResourceStatus {MemManagerAggregate,18446744073709551615,124000000000,1049315745,3851060533,0,0,N/A}
1: MemResourceStatus {MemManagerAggregate,18446744073709551615,60000000000,0,0,0,1,N/A}
MemResourceStatus {DefaultResource,18446744073709551615,18446744073709551615,0,0,0,-1,N/A}
Quick Memory Usage Overview:
Used Capacity: 11325303795, 0
------------------------------------------
Label set to d60000000000_tf60000000000_q12
$:hsh clear_plan_caches
Cleared PQP and LQP caches
$:hsh clear_pipeline
Released last SQLPipeline
$:hsh reset_exec_pools
Reset execution pools (2, 3) bump pointers to start
$:hsh mem_usage
------------------------------------------
Memory Usage Statistics:
VmSize:	215777316 kB
VmRSS:	44884704 kB
0: MemResourceStatus {MigratedColumnsAggregate,18446744073709551615,12610235929,10275988050,10275988050,0,0,N/A}
MemResourceStatus {NumaMonotonicResource,3,60000000000,0,0,0,1,0}
MemResourceStatus {NumaMonotonicResource,2,60000000000,0,0,0,0,0}
MemResourceStatus {NumaMonotonicResource,1,64000000000,1039541809,3685752717,18917318200,0,18917334131}
0: MemResourceStatus {MemManagerAggregate,18446744073709551615,124000000000,1039541809,3685752717,0,0,N/A}
1: MemResourceStatus {MemManagerAggregate,18446744073709551615,60000000000,0,0,0,1,N/A}
MemResourceStatus {DefaultResource,18446744073709551615,18446744073709551615,0,0,0,-1,N/A}
Quick Memory Usage Overview:
Used Capacity: 11315529859, 0
------------------------------------------
Executing script file: /home/umeshsum/tpch_queries/12.sql
[32m(release)[0m> select
[32m(release)[0m> 	l_shipmode,
[32m(release)[0m> 	sum(case
[32m(release)[0m> 		when o_orderpriority = '1-URGENT'
[32m(release)[0m> 			or o_orderpriority = '2-HIGH'
[32m(release)[0m> 			then 1
[32m(release)[0m> 		else 0
[32m(release)[0m> 	end) as high_line_count,
[32m(release)[0m> 	sum(case
[32m(release)[0m> 		when o_orderpriority <> '1-URGENT'
[32m(release)[0m> 			and o_orderpriority <> '2-HIGH'
[32m(release)[0m> 			then 1
[32m(release)[0m> 		else 0
[32m(release)[0m> 	end) as low_line_count
[32m(release)[0m> from
[32m(release)[0m> 	orders,
[32m(release)[0m> 	lineitem
[32m(release)[0m> where
[32m(release)[0m> 	o_orderkey = l_orderkey
[32m(release)[0m> 	and l_shipmode in ('MAIL', 'SHIP')
[32m(release)[0m> 	and l_commitdate < l_receiptdate
[32m(release)[0m> 	and l_shipdate < l_commitdate
[32m(release)[0m> 	and l_receiptdate >= date '1994-01-01'
[32m(release)[0m> 	and l_receiptdate < date '1994-01-01' + interval '1' year
[32m(release)[0m> group by
[32m(release)[0m> 	l_shipmode
[32m(release)[0m> order by
[32m(release)[0m> 	l_shipmode;
VmRSS Change: 131380 KB
===
2 rows total
Execution info: [PARSE: 80 µs 879 ns, SQL TRANSLATE: 246 µs 897 ns, OPTIMIZE: 2 ms 932 µs, LQP TRANSLATE: 211 µs 328 ns, EXECUTE: 410 ms 28 µs (wall time) | QUERY PLAN CACHE HITS: 0/1 statement(s)]
After reset, table use_count: 2
WARNING: Table still has 1 other owner(s) after pipeline reset!
Executing script file done
$:hsh mem_usage
------------------------------------------
Memory Usage Statistics:
VmSize:	215777316 kB
VmRSS:	45016100 kB
0: MemResourceStatus {MigratedColumnsAggregate,18446744073709551615,12610235929,10275988050,10275988050,0,0,N/A}
MemResourceStatus {NumaMonotonicResource,3,60000000000,0,0,0,1,0}
MemResourceStatus {NumaMonotonicResource,2,60000000000,1647552,313727336,1317162472,0,1317170856}
MemResourceStatus {NumaMonotonicResource,1,64000000000,1039541809,3685752717,18917318200,0,18917334131}
0: MemResourceStatus {MemManagerAggregate,18446744073709551615,124000000000,1041189361,3999480053,0,0,N/A}
1: MemResourceStatus {MemManagerAggregate,18446744073709551615,60000000000,0,0,0,1,N/A}
MemResourceStatus {DefaultResource,18446744073709551615,18446744073709551615,0,0,0,-1,N/A}
Quick Memory Usage Overview:
Used Capacity: 11317177411, 0
------------------------------------------
Executing script file: /home/umeshsum/tpch_queries/12.sql
[32m(release)[0m> select
[32m(release)[0m> 	l_shipmode,
[32m(release)[0m> 	sum(case
[32m(release)[0m> 		when o_orderpriority = '1-URGENT'
[32m(release)[0m> 			or o_orderpriority = '2-HIGH'
[32m(release)[0m> 			then 1
[32m(release)[0m> 		else 0
[32m(release)[0m> 	end) as high_line_count,
[32m(release)[0m> 	sum(case
[32m(release)[0m> 		when o_orderpriority <> '1-URGENT'
[32m(release)[0m> 			and o_orderpriority <> '2-HIGH'
[32m(release)[0m> 			then 1
[32m(release)[0m> 		else 0
[32m(release)[0m> 	end) as low_line_count
[32m(release)[0m> from
[32m(release)[0m> 	orders,
[32m(release)[0m> 	lineitem
[32m(release)[0m> where
[32m(release)[0m> 	o_orderkey = l_orderkey
[32m(release)[0m> 	and l_shipmode in ('MAIL', 'SHIP')
[32m(release)[0m> 	and l_commitdate < l_receiptdate
[32m(release)[0m> 	and l_shipdate < l_commitdate
[32m(release)[0m> 	and l_receiptdate >= date '1994-01-01'
[32m(release)[0m> 	and l_receiptdate < date '1994-01-01' + interval '1' year
[32m(release)[0m> group by
[32m(release)[0m> 	l_shipmode
[32m(release)[0m> order by
[32m(release)[0m> 	l_shipmode;
VmRSS Change: 89672 KB
===
2 rows total
Execution info: [PARSE: 76 µs 519 ns, SQL TRANSLATE: 0 ns, OPTIMIZE: 0 ns, LQP TRANSLATE: 60 µs 309 ns, EXECUTE: 386 ms 501 µs (wall time) | QUERY PLAN CACHE HITS: 1/1 statement(s)]
After reset, table use_count: 2
WARNING: Table still has 1 other owner(s) after pipeline reset!
Executing script file done
$:hsh mem_usage
------------------------------------------
Memory Usage Statistics:
VmSize:	215777316 kB
VmRSS:	45105776 kB
0: MemResourceStatus {MigratedColumnsAggregate,18446744073709551615,12610235929,10275988050,10275988050,0,0,N/A}
MemResourceStatus {NumaMonotonicResource,3,60000000000,0,0,0,1,0}
MemResourceStatus {NumaMonotonicResource,2,60000000000,1721608,313801392,2634324944,0,2634341688}
MemResourceStatus {NumaMonotonicResource,1,64000000000,1039541809,3685752717,18917318200,0,18917334131}
0: MemResourceStatus {MemManagerAggregate,18446744073709551615,124000000000,1041263417,3999554109,0,0,N/A}
1: MemResourceStatus {MemManagerAggregate,18446744073709551615,60000000000,0,0,0,1,N/A}
MemResourceStatus {DefaultResource,18446744073709551615,18446744073709551615,0,0,0,-1,N/A}
Quick Memory Usage Overview:
Used Capacity: 11317251467, 0
------------------------------------------
Executing script file: /home/umeshsum/tpch_queries/12.sql
[32m(release)[0m> select
[32m(release)[0m> 	l_shipmode,
[32m(release)[0m> 	sum(case
[32m(release)[0m> 		when o_orderpriority = '1-URGENT'
[32m(release)[0m> 			or o_orderpriority = '2-HIGH'
[32m(release)[0m> 			then 1
[32m(release)[0m> 		else 0
[32m(release)[0m> 	end) as high_line_count,
[32m(release)[0m> 	sum(case
[32m(release)[0m> 		when o_orderpriority <> '1-URGENT'
[32m(release)[0m> 			and o_orderpriority <> '2-HIGH'
[32m(release)[0m> 			then 1
[32m(release)[0m> 		else 0
[32m(release)[0m> 	end) as low_line_count
[32m(release)[0m> from
[32m(release)[0m> 	orders,
[32m(release)[0m> 	lineitem
[32m(release)[0m> where
[32m(release)[0m> 	o_orderkey = l_orderkey
[32m(release)[0m> 	and l_shipmode in ('MAIL', 'SHIP')
[32m(release)[0m> 	and l_commitdate < l_receiptdate
[32m(release)[0m> 	and l_shipdate < l_commitdate
[32m(release)[0m> 	and l_receiptdate >= date '1994-01-01'
[32m(release)[0m> 	and l_receiptdate < date '1994-01-01' + interval '1' year
[32m(release)[0m> group by
[32m(release)[0m> 	l_shipmode
[32m(release)[0m> order by
[32m(release)[0m> 	l_shipmode;
VmRSS Change: 221516 KB
===
2 rows total
Execution info: [PARSE: 78 µs 429 ns, SQL TRANSLATE: 0 ns, OPTIMIZE: 0 ns, LQP TRANSLATE: 57 µs 759 ns, EXECUTE: 420 ms 799 µs (wall time) | QUERY PLAN CACHE HITS: 1/1 statement(s)]
After reset, table use_count: 2
WARNING: Table still has 1 other owner(s) after pipeline reset!
Executing script file done
$:hsh mem_usage
------------------------------------------
Memory Usage Statistics:
VmSize:	215777316 kB
VmRSS:	45327292 kB
0: MemResourceStatus {MigratedColumnsAggregate,18446744073709551615,12610235929,10275988050,10275988050,0,0,N/A}
MemResourceStatus {NumaMonotonicResource,3,60000000000,0,0,0,1,0}
MemResourceStatus {NumaMonotonicResource,2,60000000000,1721608,313801392,3951487416,0,3951512552}
MemResourceStatus {NumaMonotonicResource,1,64000000000,1039541809,3685752717,18917318200,0,18917334131}
0: MemResourceStatus {MemManagerAggregate,18446744073709551615,124000000000,1041263417,3999554109,0,0,N/A}
1: MemResourceStatus {MemManagerAggregate,18446744073709551615,60000000000,0,0,0,1,N/A}
MemResourceStatus {DefaultResource,18446744073709551615,18446744073709551615,0,0,0,-1,N/A}
Quick Memory Usage Overview:
Used Capacity: 11317251467, 0
------------------------------------------
Executing script file: /home/umeshsum/tpch_queries/12.sql
[32m(release)[0m> select
[32m(release)[0m> 	l_shipmode,
[32m(release)[0m> 	sum(case
[32m(release)[0m> 		when o_orderpriority = '1-URGENT'
[32m(release)[0m> 			or o_orderpriority = '2-HIGH'
[32m(release)[0m> 			then 1
[32m(release)[0m> 		else 0
[32m(release)[0m> 	end) as high_line_count,
[32m(release)[0m> 	sum(case
[32m(release)[0m> 		when o_orderpriority <> '1-URGENT'
[32m(release)[0m> 			and o_orderpriority <> '2-HIGH'
[32m(release)[0m> 			then 1
[32m(release)[0m> 		else 0
[32m(release)[0m> 	end) as low_line_count
[32m(release)[0m> from
[32m(release)[0m> 	orders,
[32m(release)[0m> 	lineitem
[32m(release)[0m> where
[32m(release)[0m> 	o_orderkey = l_orderkey
[32m(release)[0m> 	and l_shipmode in ('MAIL', 'SHIP')
[32m(release)[0m> 	and l_commitdate < l_receiptdate
[32m(release)[0m> 	and l_shipdate < l_commitdate
[32m(release)[0m> 	and l_receiptdate >= date '1994-01-01'
[32m(release)[0m> 	and l_receiptdate < date '1994-01-01' + interval '1' year
[32m(release)[0m> group by
[32m(release)[0m> 	l_shipmode
[32m(release)[0m> order by
[32m(release)[0m> 	l_shipmode;
VmRSS Change: 156656 KB
===
2 rows total
Execution info: [PARSE: 92 µs 469 ns, SQL TRANSLATE: 0 ns, OPTIMIZE: 0 ns, LQP TRANSLATE: 57 µs 869 ns, EXECUTE: 412 ms 619 µs (wall time) | QUERY PLAN CACHE HITS: 1/1 statement(s)]
After reset, table use_count: 2
WARNING: Table still has 1 other owner(s) after pipeline reset!
Executing script file done
$:hsh mem_usage
------------------------------------------
Memory Usage Statistics:
VmSize:	215777316 kB
VmRSS:	45483948 kB
0: MemResourceStatus {MigratedColumnsAggregate,18446744073709551615,12610235929,10275988050,10275988050,0,0,N/A}
MemResourceStatus {NumaMonotonicResource,3,60000000000,0,0,0,1,0}
MemResourceStatus {NumaMonotonicResource,2,60000000000,1721608,313801392,5268649888,0,5268683432}
MemResourceStatus {NumaMonotonicResource,1,64000000000,1039541809,3685752717,18917318200,0,18917334131}
0: MemResourceStatus {MemManagerAggregate,18446744073709551615,124000000000,1041263417,3999554109,0,0,N/A}
1: MemResourceStatus {MemManagerAggregate,18446744073709551615,60000000000,0,0,0,1,N/A}
MemResourceStatus {DefaultResource,18446744073709551615,18446744073709551615,0,0,0,-1,N/A}
Quick Memory Usage Overview:
Used Capacity: 11317251467, 0
------------------------------------------
Executing script file: /home/umeshsum/tpch_queries/12.sql
[32m(release)[0m> select
[32m(release)[0m> 	l_shipmode,
[32m(release)[0m> 	sum(case
[32m(release)[0m> 		when o_orderpriority = '1-URGENT'
[32m(release)[0m> 			or o_orderpriority = '2-HIGH'
[32m(release)[0m> 			then 1
[32m(release)[0m> 		else 0
[32m(release)[0m> 	end) as high_line_count,
[32m(release)[0m> 	sum(case
[32m(release)[0m> 		when o_orderpriority <> '1-URGENT'
[32m(release)[0m> 			and o_orderpriority <> '2-HIGH'
[32m(release)[0m> 			then 1
[32m(release)[0m> 		else 0
[32m(release)[0m> 	end) as low_line_count
[32m(release)[0m> from
[32m(release)[0m> 	orders,
[32m(release)[0m> 	lineitem
[32m(release)[0m> where
[32m(release)[0m> 	o_orderkey = l_orderkey
[32m(release)[0m> 	and l_shipmode in ('MAIL', 'SHIP')
[32m(release)[0m> 	and l_commitdate < l_receiptdate
[32m(release)[0m> 	and l_shipdate < l_commitdate
[32m(release)[0m> 	and l_receiptdate >= date '1994-01-01'
[32m(release)[0m> 	and l_receiptdate < date '1994-01-01' + interval '1' year
[32m(release)[0m> group by
[32m(release)[0m> 	l_shipmode
[32m(release)[0m> order by
[32m(release)[0m> 	l_shipmode;
VmRSS Change: 121724 KB
===
2 rows total
Execution info: [PARSE: 80 µs 639 ns, SQL TRANSLATE: 0 ns, OPTIMIZE: 0 ns, LQP TRANSLATE: 67 µs 949 ns, EXECUTE: 406 ms 329 µs (wall time) | QUERY PLAN CACHE HITS: 1/1 statement(s)]
After reset, table use_count: 2
WARNING: Table still has 1 other owner(s) after pipeline reset!
Executing script file done
$:hsh mem_usage
------------------------------------------
Memory Usage Statistics:
VmSize:	215777316 kB
VmRSS:	45605668 kB
0: MemResourceStatus {MigratedColumnsAggregate,18446744073709551615,12610235929,10275988050,10275988050,0,0,N/A}
MemResourceStatus {NumaMonotonicResource,3,60000000000,0,0,0,1,0}
MemResourceStatus {NumaMonotonicResource,2,60000000000,1721608,313801392,6585812360,0,6585854296}
MemResourceStatus {NumaMonotonicResource,1,64000000000,1039541809,3685752717,18917318200,0,18917334131}
0: MemResourceStatus {MemManagerAggregate,18446744073709551615,124000000000,1041263417,3999554109,0,0,N/A}
1: MemResourceStatus {MemManagerAggregate,18446744073709551615,60000000000,0,0,0,1,N/A}
MemResourceStatus {DefaultResource,18446744073709551615,18446744073709551615,0,0,0,-1,N/A}
Quick Memory Usage Overview:
Used Capacity: 11317251467, 0
------------------------------------------
Executing script file: /home/umeshsum/tpch_queries/12.sql
[32m(release)[0m> select
[32m(release)[0m> 	l_shipmode,
[32m(release)[0m> 	sum(case
[32m(release)[0m> 		when o_orderpriority = '1-URGENT'
[32m(release)[0m> 			or o_orderpriority = '2-HIGH'
[32m(release)[0m> 			then 1
[32m(release)[0m> 		else 0
[32m(release)[0m> 	end) as high_line_count,
[32m(release)[0m> 	sum(case
[32m(release)[0m> 		when o_orderpriority <> '1-URGENT'
[32m(release)[0m> 			and o_orderpriority <> '2-HIGH'
[32m(release)[0m> 			then 1
[32m(release)[0m> 		else 0
[32m(release)[0m> 	end) as low_line_count
[32m(release)[0m> from
[32m(release)[0m> 	orders,
[32m(release)[0m> 	lineitem
[32m(release)[0m> where
[32m(release)[0m> 	o_orderkey = l_orderkey
[32m(release)[0m> 	and l_shipmode in ('MAIL', 'SHIP')
[32m(release)[0m> 	and l_commitdate < l_receiptdate
[32m(release)[0m> 	and l_shipdate < l_commitdate
[32m(release)[0m> 	and l_receiptdate >= date '1994-01-01'
[32m(release)[0m> 	and l_receiptdate < date '1994-01-01' + interval '1' year
[32m(release)[0m> group by
[32m(release)[0m> 	l_shipmode
[32m(release)[0m> order by
[32m(release)[0m> 	l_shipmode;
VmRSS Change: 220676 KB
===
2 rows total
Execution info: [PARSE: 85 µs 969 ns, SQL TRANSLATE: 0 ns, OPTIMIZE: 0 ns, LQP TRANSLATE: 60 µs 459 ns, EXECUTE: 444 ms 151 µs (wall time) | QUERY PLAN CACHE HITS: 1/1 statement(s)]
After reset, table use_count: 2
WARNING: Table still has 1 other owner(s) after pipeline reset!
Executing script file done
$:hsh mem_usage
------------------------------------------
Memory Usage Statistics:
VmSize:	215777316 kB
VmRSS:	45826344 kB
0: MemResourceStatus {MigratedColumnsAggregate,18446744073709551615,12610235929,10275988050,10275988050,0,0,N/A}
MemResourceStatus {NumaMonotonicResource,3,60000000000,0,0,0,1,0}
MemResourceStatus {NumaMonotonicResource,2,60000000000,1721608,313801392,7902974832,0,7903025160}
MemResourceStatus {NumaMonotonicResource,1,64000000000,1039541809,3685752717,18917318200,0,18917334131}
0: MemResourceStatus {MemManagerAggregate,18446744073709551615,124000000000,1041263417,3999554109,0,0,N/A}
1: MemResourceStatus {MemManagerAggregate,18446744073709551615,60000000000,0,0,0,1,N/A}
MemResourceStatus {DefaultResource,18446744073709551615,18446744073709551615,0,0,0,-1,N/A}
Quick Memory Usage Overview:
Used Capacity: 11317251467, 0
------------------------------------------
Executing script file: /home/umeshsum/tpch_queries/12.sql
[32m(release)[0m> select
[32m(release)[0m> 	l_shipmode,
[32m(release)[0m> 	sum(case
[32m(release)[0m> 		when o_orderpriority = '1-URGENT'
[32m(release)[0m> 			or o_orderpriority = '2-HIGH'
[32m(release)[0m> 			then 1
[32m(release)[0m> 		else 0
[32m(release)[0m> 	end) as high_line_count,
[32m(release)[0m> 	sum(case
[32m(release)[0m> 		when o_orderpriority <> '1-URGENT'
[32m(release)[0m> 			and o_orderpriority <> '2-HIGH'
[32m(release)[0m> 			then 1
[32m(release)[0m> 		else 0
[32m(release)[0m> 	end) as low_line_count
[32m(release)[0m> from
[32m(release)[0m> 	orders,
[32m(release)[0m> 	lineitem
[32m(release)[0m> where
[32m(release)[0m> 	o_orderkey = l_orderkey
[32m(release)[0m> 	and l_shipmode in ('MAIL', 'SHIP')
[32m(release)[0m> 	and l_commitdate < l_receiptdate
[32m(release)[0m> 	and l_shipdate < l_commitdate
[32m(release)[0m> 	and l_receiptdate >= date '1994-01-01'
[32m(release)[0m> 	and l_receiptdate < date '1994-01-01' + interval '1' year
[32m(release)[0m> group by
[32m(release)[0m> 	l_shipmode
[32m(release)[0m> order by
[32m(release)[0m> 	l_shipmode;
VmRSS Change: 154816 KB
===
2 rows total
Execution info: [PARSE: 85 µs 949 ns, SQL TRANSLATE: 0 ns, OPTIMIZE: 0 ns, LQP TRANSLATE: 59 µs 350 ns, EXECUTE: 432 ms 705 µs (wall time) | QUERY PLAN CACHE HITS: 1/1 statement(s)]
After reset, table use_count: 2
WARNING: Table still has 1 other owner(s) after pipeline reset!
Executing script file done
$:hsh mem_usage
------------------------------------------
Memory Usage Statistics:
VmSize:	215777316 kB
VmRSS:	45981160 kB
0: MemResourceStatus {MigratedColumnsAggregate,18446744073709551615,12610235929,10275988050,10275988050,0,0,N/A}
MemResourceStatus {NumaMonotonicResource,3,60000000000,0,0,0,1,0}
MemResourceStatus {NumaMonotonicResource,2,60000000000,1721608,313801392,9220137304,0,9220196024}
MemResourceStatus {NumaMonotonicResource,1,64000000000,1039541809,3685752717,18917318200,0,18917334131}
0: MemResourceStatus {MemManagerAggregate,18446744073709551615,124000000000,1041263417,3999554109,0,0,N/A}
1: MemResourceStatus {MemManagerAggregate,18446744073709551615,60000000000,0,0,0,1,N/A}
MemResourceStatus {DefaultResource,18446744073709551615,18446744073709551615,0,0,0,-1,N/A}
Quick Memory Usage Overview:
Used Capacity: 11317251467, 0
------------------------------------------
Executing script file: /home/umeshsum/tpch_queries/12.sql
[32m(release)[0m> select
[32m(release)[0m> 	l_shipmode,
[32m(release)[0m> 	sum(case
[32m(release)[0m> 		when o_orderpriority = '1-URGENT'
[32m(release)[0m> 			or o_orderpriority = '2-HIGH'
[32m(release)[0m> 			then 1
[32m(release)[0m> 		else 0
[32m(release)[0m> 	end) as high_line_count,
[32m(release)[0m> 	sum(case
[32m(release)[0m> 		when o_orderpriority <> '1-URGENT'
[32m(release)[0m> 			and o_orderpriority <> '2-HIGH'
[32m(release)[0m> 			then 1
[32m(release)[0m> 		else 0
[32m(release)[0m> 	end) as low_line_count
[32m(release)[0m> from
[32m(release)[0m> 	orders,
[32m(release)[0m> 	lineitem
[32m(release)[0m> where
[32m(release)[0m> 	o_orderkey = l_orderkey
[32m(release)[0m> 	and l_shipmode in ('MAIL', 'SHIP')
[32m(release)[0m> 	and l_commitdate < l_receiptdate
[32m(release)[0m> 	and l_shipdate < l_commitdate
[32m(release)[0m> 	and l_receiptdate >= date '1994-01-01'
[32m(release)[0m> 	and l_receiptdate < date '1994-01-01' + interval '1' year
[32m(release)[0m> group by
[32m(release)[0m> 	l_shipmode
[32m(release)[0m> order by
[32m(release)[0m> 	l_shipmode;
VmRSS Change: 124868 KB
===
2 rows total
Execution info: [PARSE: 78 µs 209 ns, SQL TRANSLATE: 0 ns, OPTIMIZE: 0 ns, LQP TRANSLATE: 58 µs 579 ns, EXECUTE: 408 ms 300 µs (wall time) | QUERY PLAN CACHE HITS: 1/1 statement(s)]
After reset, table use_count: 2
WARNING: Table still has 1 other owner(s) after pipeline reset!
Executing script file done
$:hsh mem_usage
------------------------------------------
Memory Usage Statistics:
VmSize:	215777316 kB
VmRSS:	46105972 kB
0: MemResourceStatus {MigratedColumnsAggregate,18446744073709551615,12610235929,10275988050,10275988050,0,0,N/A}
MemResourceStatus {NumaMonotonicResource,3,60000000000,0,0,0,1,0}
MemResourceStatus {NumaMonotonicResource,2,60000000000,1721608,313801392,10537299776,0,10537366872}
MemResourceStatus {NumaMonotonicResource,1,64000000000,1039541809,3685752717,18917318200,0,18917334131}
0: MemResourceStatus {MemManagerAggregate,18446744073709551615,124000000000,1041263417,3999554109,0,0,N/A}
1: MemResourceStatus {MemManagerAggregate,18446744073709551615,60000000000,0,0,0,1,N/A}
MemResourceStatus {DefaultResource,18446744073709551615,18446744073709551615,0,0,0,-1,N/A}
Quick Memory Usage Overview:
Used Capacity: 11317251467, 0
------------------------------------------
Executing script file: /home/umeshsum/tpch_queries/12.sql
[32m(release)[0m> select
[32m(release)[0m> 	l_shipmode,
[32m(release)[0m> 	sum(case
[32m(release)[0m> 		when o_orderpriority = '1-URGENT'
[32m(release)[0m> 			or o_orderpriority = '2-HIGH'
[32m(release)[0m> 			then 1
[32m(release)[0m> 		else 0
[32m(release)[0m> 	end) as high_line_count,
[32m(release)[0m> 	sum(case
[32m(release)[0m> 		when o_orderpriority <> '1-URGENT'
[32m(release)[0m> 			and o_orderpriority <> '2-HIGH'
[32m(release)[0m> 			then 1
[32m(release)[0m> 		else 0
[32m(release)[0m> 	end) as low_line_count
[32m(release)[0m> from
[32m(release)[0m> 	orders,
[32m(release)[0m> 	lineitem
[32m(release)[0m> where
[32m(release)[0m> 	o_orderkey = l_orderkey
[32m(release)[0m> 	and l_shipmode in ('MAIL', 'SHIP')
[32m(release)[0m> 	and l_commitdate < l_receiptdate
[32m(release)[0m> 	and l_shipdate < l_commitdate
[32m(release)[0m> 	and l_receiptdate >= date '1994-01-01'
[32m(release)[0m> 	and l_receiptdate < date '1994-01-01' + interval '1' year
[32m(release)[0m> group by
[32m(release)[0m> 	l_shipmode
[32m(release)[0m> order by
[32m(release)[0m> 	l_shipmode;
VmRSS Change: 233452 KB
===
2 rows total
Execution info: [PARSE: 83 µs 509 ns, SQL TRANSLATE: 0 ns, OPTIMIZE: 0 ns, LQP TRANSLATE: 59 µs 450 ns, EXECUTE: 456 ms 36 µs (wall time) | QUERY PLAN CACHE HITS: 1/1 statement(s)]
After reset, table use_count: 2
WARNING: Table still has 1 other owner(s) after pipeline reset!
Executing script file done
$:hsh mem_usage
------------------------------------------
Memory Usage Statistics:
VmSize:	215777316 kB
VmRSS:	46339424 kB
0: MemResourceStatus {MigratedColumnsAggregate,18446744073709551615,12610235929,10275988050,10275988050,0,0,N/A}
MemResourceStatus {NumaMonotonicResource,3,60000000000,0,0,0,1,0}
MemResourceStatus {NumaMonotonicResource,2,60000000000,1721608,313801392,11854462248,0,11854537736}
MemResourceStatus {NumaMonotonicResource,1,64000000000,1039541809,3685752717,18917318200,0,18917334131}
0: MemResourceStatus {MemManagerAggregate,18446744073709551615,124000000000,1041263417,3999554109,0,0,N/A}
1: MemResourceStatus {MemManagerAggregate,18446744073709551615,60000000000,0,0,0,1,N/A}
MemResourceStatus {DefaultResource,18446744073709551615,18446744073709551615,0,0,0,-1,N/A}
Quick Memory Usage Overview:
Used Capacity: 11317251467, 0
------------------------------------------
Executing script file: /home/umeshsum/tpch_queries/12.sql
[32m(release)[0m> select
[32m(release)[0m> 	l_shipmode,
[32m(release)[0m> 	sum(case
[32m(release)[0m> 		when o_orderpriority = '1-URGENT'
[32m(release)[0m> 			or o_orderpriority = '2-HIGH'
[32m(release)[0m> 			then 1
[32m(release)[0m> 		else 0
[32m(release)[0m> 	end) as high_line_count,
[32m(release)[0m> 	sum(case
[32m(release)[0m> 		when o_orderpriority <> '1-URGENT'
[32m(release)[0m> 			and o_orderpriority <> '2-HIGH'
[32m(release)[0m> 			then 1
[32m(release)[0m> 		else 0
[32m(release)[0m> 	end) as low_line_count
[32m(release)[0m> from
[32m(release)[0m> 	orders,
[32m(release)[0m> 	lineitem
[32m(release)[0m> where
[32m(release)[0m> 	o_orderkey = l_orderkey
[32m(release)[0m> 	and l_shipmode in ('MAIL', 'SHIP')
[32m(release)[0m> 	and l_commitdate < l_receiptdate
[32m(release)[0m> 	and l_shipdate < l_commitdate
[32m(release)[0m> 	and l_receiptdate >= date '1994-01-01'
[32m(release)[0m> 	and l_receiptdate < date '1994-01-01' + interval '1' year
[32m(release)[0m> group by
[32m(release)[0m> 	l_shipmode
[32m(release)[0m> order by
[32m(release)[0m> 	l_shipmode;
VmRSS Change: 117916 KB
===
2 rows total
Execution info: [PARSE: 79 µs 369 ns, SQL TRANSLATE: 0 ns, OPTIMIZE: 0 ns, LQP TRANSLATE: 58 µs 910 ns, EXECUTE: 419 ms 529 µs (wall time) | QUERY PLAN CACHE HITS: 1/1 statement(s)]
After reset, table use_count: 2
WARNING: Table still has 1 other owner(s) after pipeline reset!
Executing script file done
$:hsh mem_usage
------------------------------------------
Memory Usage Statistics:
VmSize:	215777316 kB
VmRSS:	46457332 kB
0: MemResourceStatus {MigratedColumnsAggregate,18446744073709551615,12610235929,10275988050,10275988050,0,0,N/A}
MemResourceStatus {NumaMonotonicResource,3,60000000000,0,0,0,1,0}
MemResourceStatus {NumaMonotonicResource,2,60000000000,1721608,313801392,13171624720,0,13171708616}
MemResourceStatus {NumaMonotonicResource,1,64000000000,1039541809,3685752717,18917318200,0,18917334131}
0: MemResourceStatus {MemManagerAggregate,18446744073709551615,124000000000,1041263417,3999554109,0,0,N/A}
1: MemResourceStatus {MemManagerAggregate,18446744073709551615,60000000000,0,0,0,1,N/A}
MemResourceStatus {DefaultResource,18446744073709551615,18446744073709551615,0,0,0,-1,N/A}
Quick Memory Usage Overview:
Used Capacity: 11317251467, 0
------------------------------------------
Label set to d60000000000_tf60000000000_q13
$:hsh clear_plan_caches
Cleared PQP and LQP caches
$:hsh clear_pipeline
Released last SQLPipeline
$:hsh reset_exec_pools
Reset execution pools (2, 3) bump pointers to start
$:hsh mem_usage
------------------------------------------
Memory Usage Statistics:
VmSize:	215777316 kB
VmRSS:	46457300 kB
0: MemResourceStatus {MigratedColumnsAggregate,18446744073709551615,12610235929,10275988050,10275988050,0,0,N/A}
MemResourceStatus {NumaMonotonicResource,3,60000000000,0,0,0,1,0}
MemResourceStatus {NumaMonotonicResource,2,60000000000,0,0,0,0,0}
MemResourceStatus {NumaMonotonicResource,1,64000000000,1039541809,3685752717,18917318200,0,18917334131}
0: MemResourceStatus {MemManagerAggregate,18446744073709551615,124000000000,1039541809,3685752717,0,0,N/A}
1: MemResourceStatus {MemManagerAggregate,18446744073709551615,60000000000,0,0,0,1,N/A}
MemResourceStatus {DefaultResource,18446744073709551615,18446744073709551615,0,0,0,-1,N/A}
Quick Memory Usage Overview:
Used Capacity: 11315529859, 0
------------------------------------------
Executing script file: /home/umeshsum/tpch_queries/13.sql
[32m(release)[0m> select
[32m(release)[0m> 	c_count,
[32m(release)[0m> 	count(*) as custdist
[32m(release)[0m> from
[32m(release)[0m> 	(
[32m(release)[0m> 		select
[32m(release)[0m> 			c_custkey,
[32m(release)[0m> 			count(o_orderkey)
[32m(release)[0m> 		from
[32m(release)[0m> 			customer left outer join orders on
[32m(release)[0m> 				c_custkey = o_custkey
[32m(release)[0m> 				and o_comment not like '%special%requests%'
[32m(release)[0m> 		group by
[32m(release)[0m> 			c_custkey
[32m(release)[0m> 	) as c_orders (c_custkey, c_count)
[32m(release)[0m> group by
[32m(release)[0m> 	c_count
[32m(release)[0m> order by
[32m(release)[0m> 	custdist desc,
[32m(release)[0m> 	c_count desc;
[PERF] Build side larger than probe side in hash join at src/lib/operators/join_hash.cpp:97
	Performance can be affected. This warning is only shown once.
VmRSS Change: 32216 KB
===
46 rows total
Execution info: [PARSE: 70 µs 959 ns, SQL TRANSLATE: 215 µs 488 ns, OPTIMIZE: 1 ms 243 µs, LQP TRANSLATE: 74 µs 379 ns, EXECUTE: 2 s 146 ms (wall time) | QUERY PLAN CACHE HITS: 0/1 statement(s)]
After reset, table use_count: 2
WARNING: Table still has 1 other owner(s) after pipeline reset!
Executing script file done
$:hsh mem_usage
------------------------------------------
Memory Usage Statistics:
VmSize:	215777316 kB
VmRSS:	46489520 kB
0: MemResourceStatus {MigratedColumnsAggregate,18446744073709551615,12610235929,10275988050,10275988050,0,0,N/A}
MemResourceStatus {NumaMonotonicResource,3,60000000000,0,0,0,1,0}
MemResourceStatus {NumaMonotonicResource,2,60000000000,25062710,1055743390,3399494464,0,3399495944}
MemResourceStatus {NumaMonotonicResource,1,64000000000,1039541809,3685752717,18917318200,0,18917334131}
0: MemResourceStatus {MemManagerAggregate,18446744073709551615,124000000000,1064604519,4741496107,0,0,N/A}
1: MemResourceStatus {MemManagerAggregate,18446744073709551615,60000000000,0,0,0,1,N/A}
MemResourceStatus {DefaultResource,18446744073709551615,18446744073709551615,0,0,0,-1,N/A}
Quick Memory Usage Overview:
Used Capacity: 11340592569, 0
------------------------------------------
Executing script file: /home/umeshsum/tpch_queries/13.sql
[32m(release)[0m> select
[32m(release)[0m> 	c_count,
[32m(release)[0m> 	count(*) as custdist
[32m(release)[0m> from
[32m(release)[0m> 	(
[32m(release)[0m> 		select
[32m(release)[0m> 			c_custkey,
[32m(release)[0m> 			count(o_orderkey)
[32m(release)[0m> 		from
[32m(release)[0m> 			customer left outer join orders on
[32m(release)[0m> 				c_custkey = o_custkey
[32m(release)[0m> 				and o_comment not like '%special%requests%'
[32m(release)[0m> 		group by
[32m(release)[0m> 			c_custkey
[32m(release)[0m> 	) as c_orders (c_custkey, c_count)
[32m(release)[0m> group by
[32m(release)[0m> 	c_count
[32m(release)[0m> order by
[32m(release)[0m> 	custdist desc,
[32m(release)[0m> 	c_count desc;
VmRSS Change: 30616 KB
===
46 rows total
Execution info: [PARSE: 47 µs 959 ns, SQL TRANSLATE: 0 ns, OPTIMIZE: 0 ns, LQP TRANSLATE: 32 µs 729 ns, EXECUTE: 2 s 119 ms (wall time) | QUERY PLAN CACHE HITS: 1/1 statement(s)]
After reset, table use_count: 2
WARNING: Table still has 1 other owner(s) after pipeline reset!
Executing script file done
$:hsh mem_usage
------------------------------------------
Memory Usage Statistics:
VmSize:	215777316 kB
VmRSS:	46520144 kB
0: MemResourceStatus {MigratedColumnsAggregate,18446744073709551615,12610235929,10275988050,10275988050,0,0,N/A}
MemResourceStatus {NumaMonotonicResource,3,60000000000,0,0,0,1,0}
MemResourceStatus {NumaMonotonicResource,2,60000000000,49076409,1079757089,6798984045,0,6798987048}
MemResourceStatus {NumaMonotonicResource,1,64000000000,1039541809,3685752717,18917318200,0,18917334131}
0: MemResourceStatus {MemManagerAggregate,18446744073709551615,124000000000,1088618218,4765509806,0,0,N/A}
1: MemResourceStatus {MemManagerAggregate,18446744073709551615,60000000000,0,0,0,1,N/A}
MemResourceStatus {DefaultResource,18446744073709551615,18446744073709551615,0,0,0,-1,N/A}
Quick Memory Usage Overview:
Used Capacity: 11364606268, 0
------------------------------------------
Executing script file: /home/umeshsum/tpch_queries/13.sql
[32m(release)[0m> select
[32m(release)[0m> 	c_count,
[32m(release)[0m> 	count(*) as custdist
[32m(release)[0m> from
[32m(release)[0m> 	(
[32m(release)[0m> 		select
[32m(release)[0m> 			c_custkey,
[32m(release)[0m> 			count(o_orderkey)
[32m(release)[0m> 		from
[32m(release)[0m> 			customer left outer join orders on
[32m(release)[0m> 				c_custkey = o_custkey
[32m(release)[0m> 				and o_comment not like '%special%requests%'
[32m(release)[0m> 		group by
[32m(release)[0m> 			c_custkey
[32m(release)[0m> 	) as c_orders (c_custkey, c_count)
[32m(release)[0m> group by
[32m(release)[0m> 	c_count
[32m(release)[0m> order by
[32m(release)[0m> 	custdist desc,
[32m(release)[0m> 	c_count desc;
VmRSS Change: 47244 KB
===
46 rows total
Execution info: [PARSE: 116 µs 189 ns, SQL TRANSLATE: 0 ns, OPTIMIZE: 0 ns, LQP TRANSLATE: 32 µs 880 ns, EXECUTE: 2 s 114 ms (wall time) | QUERY PLAN CACHE HITS: 1/1 statement(s)]
After reset, table use_count: 2
WARNING: Table still has 1 other owner(s) after pipeline reset!
Executing script file done
$:hsh mem_usage
------------------------------------------
Memory Usage Statistics:
VmSize:	215777316 kB
VmRSS:	46567384 kB
0: MemResourceStatus {MigratedColumnsAggregate,18446744073709551615,12610235929,10275988050,10275988050,0,0,N/A}
MemResourceStatus {NumaMonotonicResource,3,60000000000,0,0,0,1,0}
MemResourceStatus {NumaMonotonicResource,2,60000000000,49076409,1080600785,10198473626,0,10198478040}
MemResourceStatus {NumaMonotonicResource,1,64000000000,1039541809,3685752717,18917318200,0,18917334131}
0: MemResourceStatus {MemManagerAggregate,18446744073709551615,124000000000,1088618218,4766353502,0,0,N/A}
1: MemResourceStatus {MemManagerAggregate,18446744073709551615,60000000000,0,0,0,1,N/A}
MemResourceStatus {DefaultResource,18446744073709551615,18446744073709551615,0,0,0,-1,N/A}
Quick Memory Usage Overview:
Used Capacity: 11364606268, 0
------------------------------------------
Executing script file: /home/umeshsum/tpch_queries/13.sql
[32m(release)[0m> select
[32m(release)[0m> 	c_count,
[32m(release)[0m> 	count(*) as custdist
[32m(release)[0m> from
[32m(release)[0m> 	(
[32m(release)[0m> 		select
[32m(release)[0m> 			c_custkey,
[32m(release)[0m> 			count(o_orderkey)
[32m(release)[0m> 		from
[32m(release)[0m> 			customer left outer join orders on
[32m(release)[0m> 				c_custkey = o_custkey
[32m(release)[0m> 				and o_comment not like '%special%requests%'
[32m(release)[0m> 		group by
[32m(release)[0m> 			c_custkey
[32m(release)[0m> 	) as c_orders (c_custkey, c_count)
[32m(release)[0m> group by
[32m(release)[0m> 	c_count
[32m(release)[0m> order by
[32m(release)[0m> 	custdist desc,
[32m(release)[0m> 	c_count desc;
VmRSS Change: 145556 KB
===
46 rows total
Execution info: [PARSE: 48 µs 359 ns, SQL TRANSLATE: 0 ns, OPTIMIZE: 0 ns, LQP TRANSLATE: 30 µs 740 ns, EXECUTE: 2 s 210 ms (wall time) | QUERY PLAN CACHE HITS: 1/1 statement(s)]
After reset, table use_count: 2
WARNING: Table still has 1 other owner(s) after pipeline reset!
Executing script file done
$:hsh mem_usage
------------------------------------------
Memory Usage Statistics:
VmSize:	215777316 kB
VmRSS:	46712940 kB
0: MemResourceStatus {MigratedColumnsAggregate,18446744073709551615,12610235929,10275988050,10275988050,0,0,N/A}
MemResourceStatus {NumaMonotonicResource,3,60000000000,0,0,0,1,0}
MemResourceStatus {NumaMonotonicResource,2,60000000000,49076409,1080600785,13597963207,0,13597969112}
MemResourceStatus {NumaMonotonicResource,1,64000000000,1039541809,3685752717,18917318200,0,18917334131}
0: MemResourceStatus {MemManagerAggregate,18446744073709551615,124000000000,1088618218,4766353502,0,0,N/A}
1: MemResourceStatus {MemManagerAggregate,18446744073709551615,60000000000,0,0,0,1,N/A}
MemResourceStatus {DefaultResource,18446744073709551615,18446744073709551615,0,0,0,-1,N/A}
Quick Memory Usage Overview:
Used Capacity: 11364606268, 0
------------------------------------------
Executing script file: /home/umeshsum/tpch_queries/13.sql
[32m(release)[0m> select
[32m(release)[0m> 	c_count,
[32m(release)[0m> 	count(*) as custdist
[32m(release)[0m> from
[32m(release)[0m> 	(
[32m(release)[0m> 		select
[32m(release)[0m> 			c_custkey,
[32m(release)[0m> 			count(o_orderkey)
[32m(release)[0m> 		from
[32m(release)[0m> 			customer left outer join orders on
[32m(release)[0m> 				c_custkey = o_custkey
[32m(release)[0m> 				and o_comment not like '%special%requests%'
[32m(release)[0m> 		group by
[32m(release)[0m> 			c_custkey
[32m(release)[0m> 	) as c_orders (c_custkey, c_count)
[32m(release)[0m> group by
[32m(release)[0m> 	c_count
[32m(release)[0m> order by
[32m(release)[0m> 	custdist desc,
[32m(release)[0m> 	c_count desc;
VmRSS Change: 451996 KB
===
46 rows total
Execution info: [PARSE: 51 µs 779 ns, SQL TRANSLATE: 0 ns, OPTIMIZE: 0 ns, LQP TRANSLATE: 33 µs 460 ns, EXECUTE: 2 s 140 ms (wall time) | QUERY PLAN CACHE HITS: 1/1 statement(s)]
After reset, table use_count: 2
WARNING: Table still has 1 other owner(s) after pipeline reset!
Executing script file done
$:hsh mem_usage
------------------------------------------
Memory Usage Statistics:
VmSize:	215777316 kB
VmRSS:	47164936 kB
0: MemResourceStatus {MigratedColumnsAggregate,18446744073709551615,12610235929,10275988050,10275988050,0,0,N/A}
MemResourceStatus {NumaMonotonicResource,3,60000000000,0,0,0,1,0}
MemResourceStatus {NumaMonotonicResource,2,60000000000,49076409,1080600785,16997452788,0,16997460184}
MemResourceStatus {NumaMonotonicResource,1,64000000000,1039541809,3685752717,18917318200,0,18917334131}
0: MemResourceStatus {MemManagerAggregate,18446744073709551615,124000000000,1088618218,4766353502,0,0,N/A}
1: MemResourceStatus {MemManagerAggregate,18446744073709551615,60000000000,0,0,0,1,N/A}
MemResourceStatus {DefaultResource,18446744073709551615,18446744073709551615,0,0,0,-1,N/A}
Quick Memory Usage Overview:
Used Capacity: 11364606268, 0
------------------------------------------
Executing script file: /home/umeshsum/tpch_queries/13.sql
[32m(release)[0m> select
[32m(release)[0m> 	c_count,
[32m(release)[0m> 	count(*) as custdist
[32m(release)[0m> from
[32m(release)[0m> 	(
[32m(release)[0m> 		select
[32m(release)[0m> 			c_custkey,
[32m(release)[0m> 			count(o_orderkey)
[32m(release)[0m> 		from
[32m(release)[0m> 			customer left outer join orders on
[32m(release)[0m> 				c_custkey = o_custkey
[32m(release)[0m> 				and o_comment not like '%special%requests%'
[32m(release)[0m> 		group by
[32m(release)[0m> 			c_custkey
[32m(release)[0m> 	) as c_orders (c_custkey, c_count)
[32m(release)[0m> group by
[32m(release)[0m> 	c_count
[32m(release)[0m> order by
[32m(release)[0m> 	custdist desc,
[32m(release)[0m> 	c_count desc;
VmRSS Change: 1200460 KB
===
46 rows total
Execution info: [PARSE: 47 µs 970 ns, SQL TRANSLATE: 0 ns, OPTIMIZE: 0 ns, LQP TRANSLATE: 29 µs 450 ns, EXECUTE: 2 s 295 ms (wall time) | QUERY PLAN CACHE HITS: 1/1 statement(s)]
After reset, table use_count: 2
WARNING: Table still has 1 other owner(s) after pipeline reset!
Executing script file done
$:hsh mem_usage
------------------------------------------
Memory Usage Statistics:
VmSize:	215777316 kB
VmRSS:	48365396 kB
0: MemResourceStatus {MigratedColumnsAggregate,18446744073709551615,12610235929,10275988050,10275988050,0,0,N/A}
MemResourceStatus {NumaMonotonicResource,3,60000000000,0,0,0,1,0}
MemResourceStatus {NumaMonotonicResource,2,60000000000,49076409,1080600785,20396942369,0,20396951240}
MemResourceStatus {NumaMonotonicResource,1,64000000000,1039541809,3685752717,18917318200,0,18917334131}
0: MemResourceStatus {MemManagerAggregate,18446744073709551615,124000000000,1088618218,4766353502,0,0,N/A}
1: MemResourceStatus {MemManagerAggregate,18446744073709551615,60000000000,0,0,0,1,N/A}
MemResourceStatus {DefaultResource,18446744073709551615,18446744073709551615,0,0,0,-1,N/A}
Quick Memory Usage Overview:
Used Capacity: 11364606268, 0
------------------------------------------
Executing script file: /home/umeshsum/tpch_queries/13.sql
[32m(release)[0m> select
[32m(release)[0m> 	c_count,
[32m(release)[0m> 	count(*) as custdist
[32m(release)[0m> from
[32m(release)[0m> 	(
[32m(release)[0m> 		select
[32m(release)[0m> 			c_custkey,
[32m(release)[0m> 			count(o_orderkey)
[32m(release)[0m> 		from
[32m(release)[0m> 			customer left outer join orders on
[32m(release)[0m> 				c_custkey = o_custkey
[32m(release)[0m> 				and o_comment not like '%special%requests%'
[32m(release)[0m> 		group by
[32m(release)[0m> 			c_custkey
[32m(release)[0m> 	) as c_orders (c_custkey, c_count)
[32m(release)[0m> group by
[32m(release)[0m> 	c_count
[32m(release)[0m> order by
[32m(release)[0m> 	custdist desc,
[32m(release)[0m> 	c_count desc;
VmRSS Change: 3171584 KB
===
46 rows total
Execution info: [PARSE: 51 µs 220 ns, SQL TRANSLATE: 0 ns, OPTIMIZE: 0 ns, LQP TRANSLATE: 28 µs 480 ns, EXECUTE: 2 s 341 ms (wall time) | QUERY PLAN CACHE HITS: 1/1 statement(s)]
After reset, table use_count: 2
WARNING: Table still has 1 other owner(s) after pipeline reset!
Executing script file done
$:hsh mem_usage
------------------------------------------
Memory Usage Statistics:
VmSize:	215777316 kB
VmRSS:	51536960 kB
0: MemResourceStatus {MigratedColumnsAggregate,18446744073709551615,12610235929,10275988050,10275988050,0,0,N/A}
MemResourceStatus {NumaMonotonicResource,3,60000000000,0,0,0,1,0}
MemResourceStatus {NumaMonotonicResource,2,60000000000,49076409,1080600785,23796431950,0,23796442376}
MemResourceStatus {NumaMonotonicResource,1,64000000000,1039541809,3685752717,18917318200,0,18917334131}
0: MemResourceStatus {MemManagerAggregate,18446744073709551615,124000000000,1088618218,4766353502,0,0,N/A}
1: MemResourceStatus {MemManagerAggregate,18446744073709551615,60000000000,0,0,0,1,N/A}
MemResourceStatus {DefaultResource,18446744073709551615,18446744073709551615,0,0,0,-1,N/A}
Quick Memory Usage Overview:
Used Capacity: 11364606268, 0
------------------------------------------
Executing script file: /home/umeshsum/tpch_queries/13.sql
[32m(release)[0m> select
[32m(release)[0m> 	c_count,
[32m(release)[0m> 	count(*) as custdist
[32m(release)[0m> from
[32m(release)[0m> 	(
[32m(release)[0m> 		select
[32m(release)[0m> 			c_custkey,
[32m(release)[0m> 			count(o_orderkey)
[32m(release)[0m> 		from
[32m(release)[0m> 			customer left outer join orders on
[32m(release)[0m> 				c_custkey = o_custkey
[32m(release)[0m> 				and o_comment not like '%special%requests%'
[32m(release)[0m> 		group by
[32m(release)[0m> 			c_custkey
[32m(release)[0m> 	) as c_orders (c_custkey, c_count)
[32m(release)[0m> group by
[32m(release)[0m> 	c_count
[32m(release)[0m> order by
[32m(release)[0m> 	custdist desc,
[32m(release)[0m> 	c_count desc;
VmRSS Change: 3171140 KB
===
46 rows total
Execution info: [PARSE: 47 µs 720 ns, SQL TRANSLATE: 0 ns, OPTIMIZE: 0 ns, LQP TRANSLATE: 31 µs 189 ns, EXECUTE: 2 s 347 ms (wall time) | QUERY PLAN CACHE HITS: 1/1 statement(s)]
After reset, table use_count: 2
WARNING: Table still has 1 other owner(s) after pipeline reset!
Executing script file done
$:hsh mem_usage
------------------------------------------
Memory Usage Statistics:
VmSize:	215777316 kB
VmRSS:	54708100 kB
0: MemResourceStatus {MigratedColumnsAggregate,18446744073709551615,12610235929,10275988050,10275988050,0,0,N/A}
MemResourceStatus {NumaMonotonicResource,3,60000000000,0,0,0,1,0}
MemResourceStatus {NumaMonotonicResource,2,60000000000,49076409,1080600785,27195921531,0,27195933656}
MemResourceStatus {NumaMonotonicResource,1,64000000000,1039541809,3685752717,18917318200,0,18917334131}
0: MemResourceStatus {MemManagerAggregate,18446744073709551615,124000000000,1088618218,4766353502,0,0,N/A}
1: MemResourceStatus {MemManagerAggregate,18446744073709551615,60000000000,0,0,0,1,N/A}
MemResourceStatus {DefaultResource,18446744073709551615,18446744073709551615,0,0,0,-1,N/A}
Quick Memory Usage Overview:
Used Capacity: 11364606268, 0
------------------------------------------
Executing script file: /home/umeshsum/tpch_queries/13.sql
[32m(release)[0m> select
[32m(release)[0m> 	c_count,
[32m(release)[0m> 	count(*) as custdist
[32m(release)[0m> from
[32m(release)[0m> 	(
[32m(release)[0m> 		select
[32m(release)[0m> 			c_custkey,
[32m(release)[0m> 			count(o_orderkey)
[32m(release)[0m> 		from
[32m(release)[0m> 			customer left outer join orders on
[32m(release)[0m> 				c_custkey = o_custkey
[32m(release)[0m> 				and o_comment not like '%special%requests%'
[32m(release)[0m> 		group by
[32m(release)[0m> 			c_custkey
[32m(release)[0m> 	) as c_orders (c_custkey, c_count)
[32m(release)[0m> group by
[32m(release)[0m> 	c_count
[32m(release)[0m> order by
[32m(release)[0m> 	custdist desc,
[32m(release)[0m> 	c_count desc;
VmRSS Change: 3171812 KB
===
46 rows total
Execution info: [PARSE: 54 µs 339 ns, SQL TRANSLATE: 0 ns, OPTIMIZE: 0 ns, LQP TRANSLATE: 34 µs 240 ns, EXECUTE: 2 s 370 ms (wall time) | QUERY PLAN CACHE HITS: 1/1 statement(s)]
After reset, table use_count: 2
WARNING: Table still has 1 other owner(s) after pipeline reset!
Executing script file done
$:hsh mem_usage
------------------------------------------
Memory Usage Statistics:
VmSize:	215777316 kB
VmRSS:	57879912 kB
0: MemResourceStatus {MigratedColumnsAggregate,18446744073709551615,12610235929,10275988050,10275988050,0,0,N/A}
MemResourceStatus {NumaMonotonicResource,3,60000000000,0,0,0,1,0}
MemResourceStatus {NumaMonotonicResource,2,60000000000,49076409,1080600785,30595411112,0,30595424792}
MemResourceStatus {NumaMonotonicResource,1,64000000000,1039541809,3685752717,18917318200,0,18917334131}
0: MemResourceStatus {MemManagerAggregate,18446744073709551615,124000000000,1088618218,4766353502,0,0,N/A}
1: MemResourceStatus {MemManagerAggregate,18446744073709551615,60000000000,0,0,0,1,N/A}
MemResourceStatus {DefaultResource,18446744073709551615,18446744073709551615,0,0,0,-1,N/A}
Quick Memory Usage Overview:
Used Capacity: 11364606268, 0
------------------------------------------
Executing script file: /home/umeshsum/tpch_queries/13.sql
[32m(release)[0m> select
[32m(release)[0m> 	c_count,
[32m(release)[0m> 	count(*) as custdist
[32m(release)[0m> from
[32m(release)[0m> 	(
[32m(release)[0m> 		select
[32m(release)[0m> 			c_custkey,
[32m(release)[0m> 			count(o_orderkey)
[32m(release)[0m> 		from
[32m(release)[0m> 			customer left outer join orders on
[32m(release)[0m> 				c_custkey = o_custkey
[32m(release)[0m> 				and o_comment not like '%special%requests%'
[32m(release)[0m> 		group by
[32m(release)[0m> 			c_custkey
[32m(release)[0m> 	) as c_orders (c_custkey, c_count)
[32m(release)[0m> group by
[32m(release)[0m> 	c_count
[32m(release)[0m> order by
[32m(release)[0m> 	custdist desc,
[32m(release)[0m> 	c_count desc;
VmRSS Change: 3171236 KB
===
46 rows total
Execution info: [PARSE: 101 µs 308 ns, SQL TRANSLATE: 0 ns, OPTIMIZE: 0 ns, LQP TRANSLATE: 28 µs 249 ns, EXECUTE: 2 s 357 ms (wall time) | QUERY PLAN CACHE HITS: 1/1 statement(s)]
After reset, table use_count: 2
WARNING: Table still has 1 other owner(s) after pipeline reset!
Executing script file done
$:hsh mem_usage
------------------------------------------
Memory Usage Statistics:
VmSize:	215777316 kB
VmRSS:	61051132 kB
0: MemResourceStatus {MigratedColumnsAggregate,18446744073709551615,12610235929,10275988050,10275988050,0,0,N/A}
MemResourceStatus {NumaMonotonicResource,3,60000000000,0,0,0,1,0}
MemResourceStatus {NumaMonotonicResource,2,60000000000,49076409,1080600785,33994900693,0,33994916008}
MemResourceStatus {NumaMonotonicResource,1,64000000000,1039541809,3685752717,18917318200,0,18917334131}
0: MemResourceStatus {MemManagerAggregate,18446744073709551615,124000000000,1088618218,4766353502,0,0,N/A}
1: MemResourceStatus {MemManagerAggregate,18446744073709551615,60000000000,0,0,0,1,N/A}
MemResourceStatus {DefaultResource,18446744073709551615,18446744073709551615,0,0,0,-1,N/A}
Quick Memory Usage Overview:
Used Capacity: 11364606268, 0
------------------------------------------
Label set to d60000000000_tf60000000000_q14
$:hsh clear_plan_caches
Cleared PQP and LQP caches
$:hsh clear_pipeline
Released last SQLPipeline
$:hsh reset_exec_pools
Reset execution pools (2, 3) bump pointers to start
$:hsh mem_usage
------------------------------------------
Memory Usage Statistics:
VmSize:	215777316 kB
VmRSS:	61051132 kB
0: MemResourceStatus {MigratedColumnsAggregate,18446744073709551615,12610235929,10275988050,10275988050,0,0,N/A}
MemResourceStatus {NumaMonotonicResource,3,60000000000,0,0,0,1,0}
MemResourceStatus {NumaMonotonicResource,2,60000000000,0,0,0,0,0}
MemResourceStatus {NumaMonotonicResource,1,64000000000,1039541809,3685752717,18917318200,0,18917334131}
0: MemResourceStatus {MemManagerAggregate,18446744073709551615,124000000000,1039541809,3685752717,0,0,N/A}
1: MemResourceStatus {MemManagerAggregate,18446744073709551615,60000000000,0,0,0,1,N/A}
MemResourceStatus {DefaultResource,18446744073709551615,18446744073709551615,0,0,0,-1,N/A}
Quick Memory Usage Overview:
Used Capacity: 11315529859, 0
------------------------------------------
Executing script file: /home/umeshsum/tpch_queries/14.sql
[32m(release)[0m> select
[32m(release)[0m> 	100.00 * sum(case
[32m(release)[0m> 		when p_type like 'PROMO%'
[32m(release)[0m> 			then l_extendedprice * (1 - l_discount)
[32m(release)[0m> 		else 0
[32m(release)[0m> 	end) / sum(l_extendedprice * (1 - l_discount)) as promo_revenue
[32m(release)[0m> from
[32m(release)[0m> 	lineitem,
[32m(release)[0m> 	part
[32m(release)[0m> where
[32m(release)[0m> 	l_partkey = p_partkey
[32m(release)[0m> 	and l_shipdate >= date '1995-09-01'
[32m(release)[0m> 	and l_shipdate < date '1995-09-01' + interval '1' month;
VmRSS Change: 18446744073709551588 KB
===
1 rows total
Execution info: [PARSE: 66 µs 619 ns, SQL TRANSLATE: 237 µs 107 ns, OPTIMIZE: 3 ms 540 µs, LQP TRANSLATE: 111 µs 419 ns, EXECUTE: 594 ms 275 µs (wall time) | QUERY PLAN CACHE HITS: 0/1 statement(s)]
After reset, table use_count: 2
WARNING: Table still has 1 other owner(s) after pipeline reset!
Executing script file done
$:hsh mem_usage
------------------------------------------
Memory Usage Statistics:
VmSize:	215777316 kB
VmRSS:	61051132 kB
0: MemResourceStatus {MigratedColumnsAggregate,18446744073709551615,12610235929,10275988050,10275988050,0,0,N/A}
MemResourceStatus {NumaMonotonicResource,3,60000000000,0,0,0,1,0}
MemResourceStatus {NumaMonotonicResource,2,60000000000,760,75401968,428386135,0,428388272}
MemResourceStatus {NumaMonotonicResource,1,64000000000,1039541809,3685752717,18917318200,0,18917334131}
0: MemResourceStatus {MemManagerAggregate,18446744073709551615,124000000000,1039542569,3761154685,0,0,N/A}
1: MemResourceStatus {MemManagerAggregate,18446744073709551615,60000000000,0,0,0,1,N/A}
MemResourceStatus {DefaultResource,18446744073709551615,18446744073709551615,0,0,0,-1,N/A}
Quick Memory Usage Overview:
Used Capacity: 11315530619, 0
------------------------------------------
Executing script file: /home/umeshsum/tpch_queries/14.sql
[32m(release)[0m> select
[32m(release)[0m> 	100.00 * sum(case
[32m(release)[0m> 		when p_type like 'PROMO%'
[32m(release)[0m> 			then l_extendedprice * (1 - l_discount)
[32m(release)[0m> 		else 0
[32m(release)[0m> 	end) / sum(l_extendedprice * (1 - l_discount)) as promo_revenue
[32m(release)[0m> from
[32m(release)[0m> 	lineitem,
[32m(release)[0m> 	part
[32m(release)[0m> where
[32m(release)[0m> 	l_partkey = p_partkey
[32m(release)[0m> 	and l_shipdate >= date '1995-09-01'
[32m(release)[0m> 	and l_shipdate < date '1995-09-01' + interval '1' month;
VmRSS Change: 396 KB
===
1 rows total
Execution info: [PARSE: 71 µs 410 ns, SQL TRANSLATE: 0 ns, OPTIMIZE: 0 ns, LQP TRANSLATE: 52 µs 770 ns, EXECUTE: 574 ms 795 µs (wall time) | QUERY PLAN CACHE HITS: 1/1 statement(s)]
After reset, table use_count: 2
WARNING: Table still has 1 other owner(s) after pipeline reset!
Executing script file done
$:hsh mem_usage
------------------------------------------
Memory Usage Statistics:
VmSize:	215777316 kB
VmRSS:	61051528 kB
0: MemResourceStatus {MigratedColumnsAggregate,18446744073709551615,12610235929,10275988050,10275988050,0,0,N/A}
MemResourceStatus {NumaMonotonicResource,3,60000000000,0,0,0,1,0}
MemResourceStatus {NumaMonotonicResource,2,60000000000,1288,78136316,856772270,0,856776528}
MemResourceStatus {NumaMonotonicResource,1,64000000000,1039541809,3685752717,18917318200,0,18917334131}
0: MemResourceStatus {MemManagerAggregate,18446744073709551615,124000000000,1039543097,3763889033,0,0,N/A}
1: MemResourceStatus {MemManagerAggregate,18446744073709551615,60000000000,0,0,0,1,N/A}
MemResourceStatus {DefaultResource,18446744073709551615,18446744073709551615,0,0,0,-1,N/A}
Quick Memory Usage Overview:
Used Capacity: 11315531147, 0
------------------------------------------
Executing script file: /home/umeshsum/tpch_queries/14.sql
[32m(release)[0m> select
[32m(release)[0m> 	100.00 * sum(case
[32m(release)[0m> 		when p_type like 'PROMO%'
[32m(release)[0m> 			then l_extendedprice * (1 - l_discount)
[32m(release)[0m> 		else 0
[32m(release)[0m> 	end) / sum(l_extendedprice * (1 - l_discount)) as promo_revenue
[32m(release)[0m> from
[32m(release)[0m> 	lineitem,
[32m(release)[0m> 	part
[32m(release)[0m> where
[32m(release)[0m> 	l_partkey = p_partkey
[32m(release)[0m> 	and l_shipdate >= date '1995-09-01'
[32m(release)[0m> 	and l_shipdate < date '1995-09-01' + interval '1' month;
VmRSS Change: 444 KB
===
1 rows total
Execution info: [PARSE: 61 µs 609 ns, SQL TRANSLATE: 0 ns, OPTIMIZE: 0 ns, LQP TRANSLATE: 38 µs 470 ns, EXECUTE: 573 ms 160 µs (wall time) | QUERY PLAN CACHE HITS: 1/1 statement(s)]
After reset, table use_count: 2
WARNING: Table still has 1 other owner(s) after pipeline reset!
Executing script file done
$:hsh mem_usage
------------------------------------------
Memory Usage Statistics:
VmSize:	215777316 kB
VmRSS:	61051972 kB
0: MemResourceStatus {MigratedColumnsAggregate,18446744073709551615,12610235929,10275988050,10275988050,0,0,N/A}
MemResourceStatus {NumaMonotonicResource,3,60000000000,0,0,0,1,0}
MemResourceStatus {NumaMonotonicResource,2,60000000000,1288,78656076,1285158405,0,1285164752}
MemResourceStatus {NumaMonotonicResource,1,64000000000,1039541809,3685752717,18917318200,0,18917334131}
0: MemResourceStatus {MemManagerAggregate,18446744073709551615,124000000000,1039543097,3764408793,0,0,N/A}
1: MemResourceStatus {MemManagerAggregate,18446744073709551615,60000000000,0,0,0,1,N/A}
MemResourceStatus {DefaultResource,18446744073709551615,18446744073709551615,0,0,0,-1,N/A}
Quick Memory Usage Overview:
Used Capacity: 11315531147, 0
------------------------------------------
Executing script file: /home/umeshsum/tpch_queries/14.sql
[32m(release)[0m> select
[32m(release)[0m> 	100.00 * sum(case
[32m(release)[0m> 		when p_type like 'PROMO%'
[32m(release)[0m> 			then l_extendedprice * (1 - l_discount)
[32m(release)[0m> 		else 0
[32m(release)[0m> 	end) / sum(l_extendedprice * (1 - l_discount)) as promo_revenue
[32m(release)[0m> from
[32m(release)[0m> 	lineitem,
[32m(release)[0m> 	part
[32m(release)[0m> where
[32m(release)[0m> 	l_partkey = p_partkey
[32m(release)[0m> 	and l_shipdate >= date '1995-09-01'
[32m(release)[0m> 	and l_shipdate < date '1995-09-01' + interval '1' month;
VmRSS Change: 4 KB
===
1 rows total
Execution info: [PARSE: 75 µs 810 ns, SQL TRANSLATE: 0 ns, OPTIMIZE: 0 ns, LQP TRANSLATE: 38 µs 910 ns, EXECUTE: 575 ms 69 µs (wall time) | QUERY PLAN CACHE HITS: 1/1 statement(s)]
After reset, table use_count: 2
WARNING: Table still has 1 other owner(s) after pipeline reset!
Executing script file done
$:hsh mem_usage
------------------------------------------
Memory Usage Statistics:
VmSize:	215777316 kB
VmRSS:	61051976 kB
0: MemResourceStatus {MigratedColumnsAggregate,18446744073709551615,12610235929,10275988050,10275988050,0,0,N/A}
MemResourceStatus {NumaMonotonicResource,3,60000000000,0,0,0,1,0}
MemResourceStatus {NumaMonotonicResource,2,60000000000,1288,78656076,1713544540,0,1713552992}
MemResourceStatus {NumaMonotonicResource,1,64000000000,1039541809,3685752717,18917318200,0,18917334131}
0: MemResourceStatus {MemManagerAggregate,18446744073709551615,124000000000,1039543097,3764408793,0,0,N/A}
1: MemResourceStatus {MemManagerAggregate,18446744073709551615,60000000000,0,0,0,1,N/A}
MemResourceStatus {DefaultResource,18446744073709551615,18446744073709551615,0,0,0,-1,N/A}
Quick Memory Usage Overview:
Used Capacity: 11315531147, 0
------------------------------------------
Executing script file: /home/umeshsum/tpch_queries/14.sql
[32m(release)[0m> select
[32m(release)[0m> 	100.00 * sum(case
[32m(release)[0m> 		when p_type like 'PROMO%'
[32m(release)[0m> 			then l_extendedprice * (1 - l_discount)
[32m(release)[0m> 		else 0
[32m(release)[0m> 	end) / sum(l_extendedprice * (1 - l_discount)) as promo_revenue
[32m(release)[0m> from
[32m(release)[0m> 	lineitem,
[32m(release)[0m> 	part
[32m(release)[0m> where
[32m(release)[0m> 	l_partkey = p_partkey
[32m(release)[0m> 	and l_shipdate >= date '1995-09-01'
[32m(release)[0m> 	and l_shipdate < date '1995-09-01' + interval '1' month;
VmRSS Change: 18446744073709551556 KB
===
1 rows total
Execution info: [PARSE: 61 µs 209 ns, SQL TRANSLATE: 0 ns, OPTIMIZE: 0 ns, LQP TRANSLATE: 39 µs 489 ns, EXECUTE: 574 ms 624 µs (wall time) | QUERY PLAN CACHE HITS: 1/1 statement(s)]
After reset, table use_count: 2
WARNING: Table still has 1 other owner(s) after pipeline reset!
Executing script file done
$:hsh mem_usage
------------------------------------------
Memory Usage Statistics:
VmSize:	215777316 kB
VmRSS:	61051916 kB
0: MemResourceStatus {MigratedColumnsAggregate,18446744073709551615,12610235929,10275988050,10275988050,0,0,N/A}
MemResourceStatus {NumaMonotonicResource,3,60000000000,0,0,0,1,0}
MemResourceStatus {NumaMonotonicResource,2,60000000000,1288,78656076,2141930675,0,2141941232}
MemResourceStatus {NumaMonotonicResource,1,64000000000,1039541809,3685752717,18917318200,0,18917334131}
0: MemResourceStatus {MemManagerAggregate,18446744073709551615,124000000000,1039543097,3764408793,0,0,N/A}
1: MemResourceStatus {MemManagerAggregate,18446744073709551615,60000000000,0,0,0,1,N/A}
MemResourceStatus {DefaultResource,18446744073709551615,18446744073709551615,0,0,0,-1,N/A}
Quick Memory Usage Overview:
Used Capacity: 11315531147, 0
------------------------------------------
Executing script file: /home/umeshsum/tpch_queries/14.sql
[32m(release)[0m> select
[32m(release)[0m> 	100.00 * sum(case
[32m(release)[0m> 		when p_type like 'PROMO%'
[32m(release)[0m> 			then l_extendedprice * (1 - l_discount)
[32m(release)[0m> 		else 0
[32m(release)[0m> 	end) / sum(l_extendedprice * (1 - l_discount)) as promo_revenue
[32m(release)[0m> from
[32m(release)[0m> 	lineitem,
[32m(release)[0m> 	part
[32m(release)[0m> where
[32m(release)[0m> 	l_partkey = p_partkey
[32m(release)[0m> 	and l_shipdate >= date '1995-09-01'
[32m(release)[0m> 	and l_shipdate < date '1995-09-01' + interval '1' month;
VmRSS Change: 1304 KB
===
1 rows total
Execution info: [PARSE: 61 µs 9 ns, SQL TRANSLATE: 0 ns, OPTIMIZE: 0 ns, LQP TRANSLATE: 38 µs 240 ns, EXECUTE: 574 ms 619 µs (wall time) | QUERY PLAN CACHE HITS: 1/1 statement(s)]
After reset, table use_count: 2
WARNING: Table still has 1 other owner(s) after pipeline reset!
Executing script file done
$:hsh mem_usage
------------------------------------------
Memory Usage Statistics:
VmSize:	215777316 kB
VmRSS:	61053220 kB
0: MemResourceStatus {MigratedColumnsAggregate,18446744073709551615,12610235929,10275988050,10275988050,0,0,N/A}
MemResourceStatus {NumaMonotonicResource,3,60000000000,0,0,0,1,0}
MemResourceStatus {NumaMonotonicResource,2,60000000000,1288,78656076,2570316810,0,2570329456}
MemResourceStatus {NumaMonotonicResource,1,64000000000,1039541809,3685752717,18917318200,0,18917334131}
0: MemResourceStatus {MemManagerAggregate,18446744073709551615,124000000000,1039543097,3764408793,0,0,N/A}
1: MemResourceStatus {MemManagerAggregate,18446744073709551615,60000000000,0,0,0,1,N/A}
MemResourceStatus {DefaultResource,18446744073709551615,18446744073709551615,0,0,0,-1,N/A}
Quick Memory Usage Overview:
Used Capacity: 11315531147, 0
------------------------------------------
Executing script file: /home/umeshsum/tpch_queries/14.sql
[32m(release)[0m> select
[32m(release)[0m> 	100.00 * sum(case
[32m(release)[0m> 		when p_type like 'PROMO%'
[32m(release)[0m> 			then l_extendedprice * (1 - l_discount)
[32m(release)[0m> 		else 0
[32m(release)[0m> 	end) / sum(l_extendedprice * (1 - l_discount)) as promo_revenue
[32m(release)[0m> from
[32m(release)[0m> 	lineitem,
[32m(release)[0m> 	part
[32m(release)[0m> where
[32m(release)[0m> 	l_partkey = p_partkey
[32m(release)[0m> 	and l_shipdate >= date '1995-09-01'
[32m(release)[0m> 	and l_shipdate < date '1995-09-01' + interval '1' month;
VmRSS Change: 72 KB
===
1 rows total
Execution info: [PARSE: 61 µs 399 ns, SQL TRANSLATE: 0 ns, OPTIMIZE: 0 ns, LQP TRANSLATE: 40 µs 200 ns, EXECUTE: 574 ms 307 µs (wall time) | QUERY PLAN CACHE HITS: 1/1 statement(s)]
After reset, table use_count: 2
WARNING: Table still has 1 other owner(s) after pipeline reset!
Executing script file done
$:hsh mem_usage
------------------------------------------
Memory Usage Statistics:
VmSize:	215777316 kB
VmRSS:	61053292 kB
0: MemResourceStatus {MigratedColumnsAggregate,18446744073709551615,12610235929,10275988050,10275988050,0,0,N/A}
MemResourceStatus {NumaMonotonicResource,3,60000000000,0,0,0,1,0}
MemResourceStatus {NumaMonotonicResource,2,60000000000,1288,78656076,2998702945,0,2998717712}
MemResourceStatus {NumaMonotonicResource,1,64000000000,1039541809,3685752717,18917318200,0,18917334131}
0: MemResourceStatus {MemManagerAggregate,18446744073709551615,124000000000,1039543097,3764408793,0,0,N/A}
1: MemResourceStatus {MemManagerAggregate,18446744073709551615,60000000000,0,0,0,1,N/A}
MemResourceStatus {DefaultResource,18446744073709551615,18446744073709551615,0,0,0,-1,N/A}
Quick Memory Usage Overview:
Used Capacity: 11315531147, 0
------------------------------------------
Executing script file: /home/umeshsum/tpch_queries/14.sql
[32m(release)[0m> select
[32m(release)[0m> 	100.00 * sum(case
[32m(release)[0m> 		when p_type like 'PROMO%'
[32m(release)[0m> 			then l_extendedprice * (1 - l_discount)
[32m(release)[0m> 		else 0
[32m(release)[0m> 	end) / sum(l_extendedprice * (1 - l_discount)) as promo_revenue
[32m(release)[0m> from
[32m(release)[0m> 	lineitem,
[32m(release)[0m> 	part
[32m(release)[0m> where
[32m(release)[0m> 	l_partkey = p_partkey
[32m(release)[0m> 	and l_shipdate >= date '1995-09-01'
[32m(release)[0m> 	and l_shipdate < date '1995-09-01' + interval '1' month;
VmRSS Change: 18446744073709551556 KB
===
1 rows total
Execution info: [PARSE: 60 µs 969 ns, SQL TRANSLATE: 0 ns, OPTIMIZE: 0 ns, LQP TRANSLATE: 38 µs 859 ns, EXECUTE: 571 ms 751 µs (wall time) | QUERY PLAN CACHE HITS: 1/1 statement(s)]
After reset, table use_count: 2
WARNING: Table still has 1 other owner(s) after pipeline reset!
Executing script file done
$:hsh mem_usage
------------------------------------------
Memory Usage Statistics:
VmSize:	215777316 kB
VmRSS:	61053232 kB
0: MemResourceStatus {MigratedColumnsAggregate,18446744073709551615,12610235929,10275988050,10275988050,0,0,N/A}
MemResourceStatus {NumaMonotonicResource,3,60000000000,0,0,0,1,0}
MemResourceStatus {NumaMonotonicResource,2,60000000000,1288,78656076,3427089080,0,3427105968}
MemResourceStatus {NumaMonotonicResource,1,64000000000,1039541809,3685752717,18917318200,0,18917334131}
0: MemResourceStatus {MemManagerAggregate,18446744073709551615,124000000000,1039543097,3764408793,0,0,N/A}
1: MemResourceStatus {MemManagerAggregate,18446744073709551615,60000000000,0,0,0,1,N/A}
MemResourceStatus {DefaultResource,18446744073709551615,18446744073709551615,0,0,0,-1,N/A}
Quick Memory Usage Overview:
Used Capacity: 11315531147, 0
------------------------------------------
Executing script file: /home/umeshsum/tpch_queries/14.sql
[32m(release)[0m> select
[32m(release)[0m> 	100.00 * sum(case
[32m(release)[0m> 		when p_type like 'PROMO%'
[32m(release)[0m> 			then l_extendedprice * (1 - l_discount)
[32m(release)[0m> 		else 0
[32m(release)[0m> 	end) / sum(l_extendedprice * (1 - l_discount)) as promo_revenue
[32m(release)[0m> from
[32m(release)[0m> 	lineitem,
[32m(release)[0m> 	part
[32m(release)[0m> where
[32m(release)[0m> 	l_partkey = p_partkey
[32m(release)[0m> 	and l_shipdate >= date '1995-09-01'
[32m(release)[0m> 	and l_shipdate < date '1995-09-01' + interval '1' month;
VmRSS Change: 396 KB
===
1 rows total
Execution info: [PARSE: 61 µs 139 ns, SQL TRANSLATE: 0 ns, OPTIMIZE: 0 ns, LQP TRANSLATE: 38 µs 659 ns, EXECUTE: 576 ms 636 µs (wall time) | QUERY PLAN CACHE HITS: 1/1 statement(s)]
After reset, table use_count: 2
WARNING: Table still has 1 other owner(s) after pipeline reset!
Executing script file done
$:hsh mem_usage
------------------------------------------
Memory Usage Statistics:
VmSize:	215777316 kB
VmRSS:	61053628 kB
0: MemResourceStatus {MigratedColumnsAggregate,18446744073709551615,12610235929,10275988050,10275988050,0,0,N/A}
MemResourceStatus {NumaMonotonicResource,3,60000000000,0,0,0,1,0}
MemResourceStatus {NumaMonotonicResource,2,60000000000,1288,78656076,3855475215,0,3855494224}
MemResourceStatus {NumaMonotonicResource,1,64000000000,1039541809,3685752717,18917318200,0,18917334131}
0: MemResourceStatus {MemManagerAggregate,18446744073709551615,124000000000,1039543097,3764408793,0,0,N/A}
1: MemResourceStatus {MemManagerAggregate,18446744073709551615,60000000000,0,0,0,1,N/A}
MemResourceStatus {DefaultResource,18446744073709551615,18446744073709551615,0,0,0,-1,N/A}
Quick Memory Usage Overview:
Used Capacity: 11315531147, 0
------------------------------------------
Executing script file: /home/umeshsum/tpch_queries/14.sql
[32m(release)[0m> select
[32m(release)[0m> 	100.00 * sum(case
[32m(release)[0m> 		when p_type like 'PROMO%'
[32m(release)[0m> 			then l_extendedprice * (1 - l_discount)
[32m(release)[0m> 		else 0
[32m(release)[0m> 	end) / sum(l_extendedprice * (1 - l_discount)) as promo_revenue
[32m(release)[0m> from
[32m(release)[0m> 	lineitem,
[32m(release)[0m> 	part
[32m(release)[0m> where
[32m(release)[0m> 	l_partkey = p_partkey
[32m(release)[0m> 	and l_shipdate >= date '1995-09-01'
[32m(release)[0m> 	and l_shipdate < date '1995-09-01' + interval '1' month;
VmRSS Change: 18446744073709551556 KB
===
1 rows total
Execution info: [PARSE: 66 µs 49 ns, SQL TRANSLATE: 0 ns, OPTIMIZE: 0 ns, LQP TRANSLATE: 43 µs 450 ns, EXECUTE: 573 ms 616 µs (wall time) | QUERY PLAN CACHE HITS: 1/1 statement(s)]
After reset, table use_count: 2
WARNING: Table still has 1 other owner(s) after pipeline reset!
Executing script file done
$:hsh mem_usage
------------------------------------------
Memory Usage Statistics:
VmSize:	215777316 kB
VmRSS:	61053556 kB
0: MemResourceStatus {MigratedColumnsAggregate,18446744073709551615,12610235929,10275988050,10275988050,0,0,N/A}
MemResourceStatus {NumaMonotonicResource,3,60000000000,0,0,0,1,0}
MemResourceStatus {NumaMonotonicResource,2,60000000000,1288,78656076,4283861350,0,4283882496}
MemResourceStatus {NumaMonotonicResource,1,64000000000,1039541809,3685752717,18917318200,0,18917334131}
0: MemResourceStatus {MemManagerAggregate,18446744073709551615,124000000000,1039543097,3764408793,0,0,N/A}
1: MemResourceStatus {MemManagerAggregate,18446744073709551615,60000000000,0,0,0,1,N/A}
MemResourceStatus {DefaultResource,18446744073709551615,18446744073709551615,0,0,0,-1,N/A}
Quick Memory Usage Overview:
Used Capacity: 11315531147, 0
------------------------------------------
Label set to d60000000000_tf60000000000_q16
$:hsh clear_plan_caches
Cleared PQP and LQP caches
$:hsh clear_pipeline
Released last SQLPipeline
$:hsh reset_exec_pools
Reset execution pools (2, 3) bump pointers to start
$:hsh mem_usage
------------------------------------------
Memory Usage Statistics:
VmSize:	215777316 kB
VmRSS:	61053556 kB
0: MemResourceStatus {MigratedColumnsAggregate,18446744073709551615,12610235929,10275988050,10275988050,0,0,N/A}
MemResourceStatus {NumaMonotonicResource,3,60000000000,0,0,0,1,0}
MemResourceStatus {NumaMonotonicResource,2,60000000000,0,0,0,0,0}
MemResourceStatus {NumaMonotonicResource,1,64000000000,1039541809,3685752717,18917318200,0,18917334131}
0: MemResourceStatus {MemManagerAggregate,18446744073709551615,124000000000,1039541809,3685752717,0,0,N/A}
1: MemResourceStatus {MemManagerAggregate,18446744073709551615,60000000000,0,0,0,1,N/A}
MemResourceStatus {DefaultResource,18446744073709551615,18446744073709551615,0,0,0,-1,N/A}
Quick Memory Usage Overview:
Used Capacity: 11315529859, 0
------------------------------------------
Executing script file: /home/umeshsum/tpch_queries/16.sql
[32m(release)[0m> select
[32m(release)[0m> 	p_brand,
[32m(release)[0m> 	p_type,
[32m(release)[0m> 	p_size,
[32m(release)[0m> 	count(distinct ps_suppkey) as supplier_cnt
[32m(release)[0m> from
[32m(release)[0m> 	partsupp,
[32m(release)[0m> 	part
[32m(release)[0m> where
[32m(release)[0m> 	p_partkey = ps_partkey
[32m(release)[0m> 	and p_brand <> 'Brand#45'
[32m(release)[0m> 	and p_type not like 'MEDIUM POLISHED%'
[32m(release)[0m> 	and p_size in (49, 14, 23, 45, 19, 3, 36, 9)
[32m(release)[0m> 	and ps_suppkey not in (
[32m(release)[0m> 		select
[32m(release)[0m> 			s_suppkey
[32m(release)[0m> 		from
[32m(release)[0m> 			supplier
[32m(release)[0m> 		where
[32m(release)[0m> 			s_comment like '%Customer%Complaints%'
[32m(release)[0m> 	)
[32m(release)[0m> group by
[32m(release)[0m> 	p_brand,
[32m(release)[0m> 	p_type,
[32m(release)[0m> 	p_size
[32m(release)[0m> order by
[32m(release)[0m> 	supplier_cnt desc,
[32m(release)[0m> 	p_brand,
[32m(release)[0m> 	p_type,
[32m(release)[0m> 	p_size;
VmRSS Change: 1480 KB
===
27840 rows total
Execution info: [PARSE: 97 µs 859 ns, SQL TRANSLATE: 209 µs 138 ns, OPTIMIZE: 3 ms 190 µs, LQP TRANSLATE: 380 µs 356 ns, EXECUTE: 278 ms 195 µs (wall time) | QUERY PLAN CACHE HITS: 0/1 statement(s)]
After reset, table use_count: 2
WARNING: Table still has 1 other owner(s) after pipeline reset!
Executing script file done
$:hsh mem_usage
------------------------------------------
Memory Usage Statistics:
VmSize:	215777316 kB
VmRSS:	61055064 kB
0: MemResourceStatus {MigratedColumnsAggregate,18446744073709551615,12610235929,10275988050,10275988050,0,0,N/A}
MemResourceStatus {NumaMonotonicResource,3,60000000000,0,0,0,1,0}
MemResourceStatus {NumaMonotonicResource,2,60000000000,2996412,131966620,803588363,0,803590904}
MemResourceStatus {NumaMonotonicResource,1,64000000000,1039541809,3685752717,18917318200,0,18917334131}
0: MemResourceStatus {MemManagerAggregate,18446744073709551615,124000000000,1042538221,3817719337,0,0,N/A}
1: MemResourceStatus {MemManagerAggregate,18446744073709551615,60000000000,0,0,0,1,N/A}
MemResourceStatus {DefaultResource,18446744073709551615,18446744073709551615,0,0,0,-1,N/A}
Quick Memory Usage Overview:
Used Capacity: 11318526271, 0
------------------------------------------
Executing script file: /home/umeshsum/tpch_queries/16.sql
[32m(release)[0m> select
[32m(release)[0m> 	p_brand,
[32m(release)[0m> 	p_type,
[32m(release)[0m> 	p_size,
[32m(release)[0m> 	count(distinct ps_suppkey) as supplier_cnt
[32m(release)[0m> from
[32m(release)[0m> 	partsupp,
[32m(release)[0m> 	part
[32m(release)[0m> where
[32m(release)[0m> 	p_partkey = ps_partkey
[32m(release)[0m> 	and p_brand <> 'Brand#45'
[32m(release)[0m> 	and p_type not like 'MEDIUM POLISHED%'
[32m(release)[0m> 	and p_size in (49, 14, 23, 45, 19, 3, 36, 9)
[32m(release)[0m> 	and ps_suppkey not in (
[32m(release)[0m> 		select
[32m(release)[0m> 			s_suppkey
[32m(release)[0m> 		from
[32m(release)[0m> 			supplier
[32m(release)[0m> 		where
[32m(release)[0m> 			s_comment like '%Customer%Complaints%'
[32m(release)[0m> 	)
[32m(release)[0m> group by
[32m(release)[0m> 	p_brand,
[32m(release)[0m> 	p_type,
[32m(release)[0m> 	p_size
[32m(release)[0m> order by
[32m(release)[0m> 	supplier_cnt desc,
[32m(release)[0m> 	p_brand,
[32m(release)[0m> 	p_type,
[32m(release)[0m> 	p_size;
VmRSS Change: 824 KB
===
27840 rows total
Execution info: [PARSE: 65 µs 520 ns, SQL TRANSLATE: 0 ns, OPTIMIZE: 0 ns, LQP TRANSLATE: 75 µs 519 ns, EXECUTE: 356 ms 635 µs (wall time) | QUERY PLAN CACHE HITS: 1/1 statement(s)]
After reset, table use_count: 2
WARNING: Table still has 1 other owner(s) after pipeline reset!
Executing script file done
$:hsh mem_usage
------------------------------------------
Memory Usage Statistics:
VmSize:	215777316 kB
VmRSS:	61055892 kB
0: MemResourceStatus {MigratedColumnsAggregate,18446744073709551615,12610235929,10275988050,10275988050,0,0,N/A}
MemResourceStatus {NumaMonotonicResource,3,60000000000,0,0,0,1,0}
MemResourceStatus {NumaMonotonicResource,2,60000000000,3894834,132865042,1607090401,0,1607095512}
MemResourceStatus {NumaMonotonicResource,1,64000000000,1039541809,3685752717,18917318200,0,18917334131}
0: MemResourceStatus {MemManagerAggregate,18446744073709551615,124000000000,1043436643,3818617759,0,0,N/A}
1: MemResourceStatus {MemManagerAggregate,18446744073709551615,60000000000,0,0,0,1,N/A}
MemResourceStatus {DefaultResource,18446744073709551615,18446744073709551615,0,0,0,-1,N/A}
Quick Memory Usage Overview:
Used Capacity: 11319424693, 0
------------------------------------------
Executing script file: /home/umeshsum/tpch_queries/16.sql
[32m(release)[0m> select
[32m(release)[0m> 	p_brand,
[32m(release)[0m> 	p_type,
[32m(release)[0m> 	p_size,
[32m(release)[0m> 	count(distinct ps_suppkey) as supplier_cnt
[32m(release)[0m> from
[32m(release)[0m> 	partsupp,
[32m(release)[0m> 	part
[32m(release)[0m> where
[32m(release)[0m> 	p_partkey = ps_partkey
[32m(release)[0m> 	and p_brand <> 'Brand#45'
[32m(release)[0m> 	and p_type not like 'MEDIUM POLISHED%'
[32m(release)[0m> 	and p_size in (49, 14, 23, 45, 19, 3, 36, 9)
[32m(release)[0m> 	and ps_suppkey not in (
[32m(release)[0m> 		select
[32m(release)[0m> 			s_suppkey
[32m(release)[0m> 		from
[32m(release)[0m> 			supplier
[32m(release)[0m> 		where
[32m(release)[0m> 			s_comment like '%Customer%Complaints%'
[32m(release)[0m> 	)
[32m(release)[0m> group by
[32m(release)[0m> 	p_brand,
[32m(release)[0m> 	p_type,
[32m(release)[0m> 	p_size
[32m(release)[0m> order by
[32m(release)[0m> 	supplier_cnt desc,
[32m(release)[0m> 	p_brand,
[32m(release)[0m> 	p_type,
[32m(release)[0m> 	p_size;
VmRSS Change: 620 KB
===
27840 rows total
Execution info: [PARSE: 69 µs 110 ns, SQL TRANSLATE: 0 ns, OPTIMIZE: 0 ns, LQP TRANSLATE: 60 µs 839 ns, EXECUTE: 368 ms 63 µs (wall time) | QUERY PLAN CACHE HITS: 1/1 statement(s)]
After reset, table use_count: 2
WARNING: Table still has 1 other owner(s) after pipeline reset!
Executing script file done
$:hsh mem_usage
------------------------------------------
Memory Usage Statistics:
VmSize:	215777316 kB
VmRSS:	61056512 kB
0: MemResourceStatus {MigratedColumnsAggregate,18446744073709551615,12610235929,10275988050,10275988050,0,0,N/A}
MemResourceStatus {NumaMonotonicResource,3,60000000000,0,0,0,1,0}
MemResourceStatus {NumaMonotonicResource,2,60000000000,3894834,132865042,2410592439,0,2410600104}
MemResourceStatus {NumaMonotonicResource,1,64000000000,1039541809,3685752717,18917318200,0,18917334131}
0: MemResourceStatus {MemManagerAggregate,18446744073709551615,124000000000,1043436643,3818617759,0,0,N/A}
1: MemResourceStatus {MemManagerAggregate,18446744073709551615,60000000000,0,0,0,1,N/A}
MemResourceStatus {DefaultResource,18446744073709551615,18446744073709551615,0,0,0,-1,N/A}
Quick Memory Usage Overview:
Used Capacity: 11319424693, 0
------------------------------------------
Executing script file: /home/umeshsum/tpch_queries/16.sql
[32m(release)[0m> select
[32m(release)[0m> 	p_brand,
[32m(release)[0m> 	p_type,
[32m(release)[0m> 	p_size,
[32m(release)[0m> 	count(distinct ps_suppkey) as supplier_cnt
[32m(release)[0m> from
[32m(release)[0m> 	partsupp,
[32m(release)[0m> 	part
[32m(release)[0m> where
[32m(release)[0m> 	p_partkey = ps_partkey
[32m(release)[0m> 	and p_brand <> 'Brand#45'
[32m(release)[0m> 	and p_type not like 'MEDIUM POLISHED%'
[32m(release)[0m> 	and p_size in (49, 14, 23, 45, 19, 3, 36, 9)
[32m(release)[0m> 	and ps_suppkey not in (
[32m(release)[0m> 		select
[32m(release)[0m> 			s_suppkey
[32m(release)[0m> 		from
[32m(release)[0m> 			supplier
[32m(release)[0m> 		where
[32m(release)[0m> 			s_comment like '%Customer%Complaints%'
[32m(release)[0m> 	)
[32m(release)[0m> group by
[32m(release)[0m> 	p_brand,
[32m(release)[0m> 	p_type,
[32m(release)[0m> 	p_size
[32m(release)[0m> order by
[32m(release)[0m> 	supplier_cnt desc,
[32m(release)[0m> 	p_brand,
[32m(release)[0m> 	p_type,
[32m(release)[0m> 	p_size;
VmRSS Change: 864 KB
===
27840 rows total
Execution info: [PARSE: 67 µs 89 ns, SQL TRANSLATE: 0 ns, OPTIMIZE: 0 ns, LQP TRANSLATE: 61 µs 669 ns, EXECUTE: 332 ms 764 µs (wall time) | QUERY PLAN CACHE HITS: 1/1 statement(s)]
After reset, table use_count: 2
WARNING: Table still has 1 other owner(s) after pipeline reset!
Executing script file done
$:hsh mem_usage
------------------------------------------
Memory Usage Statistics:
VmSize:	215777316 kB
VmRSS:	61057376 kB
0: MemResourceStatus {MigratedColumnsAggregate,18446744073709551615,12610235929,10275988050,10275988050,0,0,N/A}
MemResourceStatus {NumaMonotonicResource,3,60000000000,0,0,0,1,0}
MemResourceStatus {NumaMonotonicResource,2,60000000000,3894834,132865042,3214094477,0,3214104712}
MemResourceStatus {NumaMonotonicResource,1,64000000000,1039541809,3685752717,18917318200,0,18917334131}
0: MemResourceStatus {MemManagerAggregate,18446744073709551615,124000000000,1043436643,3818617759,0,0,N/A}
1: MemResourceStatus {MemManagerAggregate,18446744073709551615,60000000000,0,0,0,1,N/A}
MemResourceStatus {DefaultResource,18446744073709551615,18446744073709551615,0,0,0,-1,N/A}
Quick Memory Usage Overview:
Used Capacity: 11319424693, 0
------------------------------------------
Executing script file: /home/umeshsum/tpch_queries/16.sql
[32m(release)[0m> select
[32m(release)[0m> 	p_brand,
[32m(release)[0m> 	p_type,
[32m(release)[0m> 	p_size,
[32m(release)[0m> 	count(distinct ps_suppkey) as supplier_cnt
[32m(release)[0m> from
[32m(release)[0m> 	partsupp,
[32m(release)[0m> 	part
[32m(release)[0m> where
[32m(release)[0m> 	p_partkey = ps_partkey
[32m(release)[0m> 	and p_brand <> 'Brand#45'
[32m(release)[0m> 	and p_type not like 'MEDIUM POLISHED%'
[32m(release)[0m> 	and p_size in (49, 14, 23, 45, 19, 3, 36, 9)
[32m(release)[0m> 	and ps_suppkey not in (
[32m(release)[0m> 		select
[32m(release)[0m> 			s_suppkey
[32m(release)[0m> 		from
[32m(release)[0m> 			supplier
[32m(release)[0m> 		where
[32m(release)[0m> 			s_comment like '%Customer%Complaints%'
[32m(release)[0m> 	)
[32m(release)[0m> group by
[32m(release)[0m> 	p_brand,
[32m(release)[0m> 	p_type,
[32m(release)[0m> 	p_size
[32m(release)[0m> order by
[32m(release)[0m> 	supplier_cnt desc,
[32m(release)[0m> 	p_brand,
[32m(release)[0m> 	p_type,
[32m(release)[0m> 	p_size;
VmRSS Change: 1064 KB
===
27840 rows total
Execution info: [PARSE: 92 µs 959 ns, SQL TRANSLATE: 0 ns, OPTIMIZE: 0 ns, LQP TRANSLATE: 54 µs 370 ns, EXECUTE: 365 ms 981 µs (wall time) | QUERY PLAN CACHE HITS: 1/1 statement(s)]
After reset, table use_count: 2
WARNING: Table still has 1 other owner(s) after pipeline reset!
Executing script file done
$:hsh mem_usage
------------------------------------------
Memory Usage Statistics:
VmSize:	215777316 kB
VmRSS:	61058440 kB
0: MemResourceStatus {MigratedColumnsAggregate,18446744073709551615,12610235929,10275988050,10275988050,0,0,N/A}
MemResourceStatus {NumaMonotonicResource,3,60000000000,0,0,0,1,0}
MemResourceStatus {NumaMonotonicResource,2,60000000000,3894834,132865042,4017596515,0,4017609304}
MemResourceStatus {NumaMonotonicResource,1,64000000000,1039541809,3685752717,18917318200,0,18917334131}
0: MemResourceStatus {MemManagerAggregate,18446744073709551615,124000000000,1043436643,3818617759,0,0,N/A}
1: MemResourceStatus {MemManagerAggregate,18446744073709551615,60000000000,0,0,0,1,N/A}
MemResourceStatus {DefaultResource,18446744073709551615,18446744073709551615,0,0,0,-1,N/A}
Quick Memory Usage Overview:
Used Capacity: 11319424693, 0
------------------------------------------
Executing script file: /home/umeshsum/tpch_queries/16.sql
[32m(release)[0m> select
[32m(release)[0m> 	p_brand,
[32m(release)[0m> 	p_type,
[32m(release)[0m> 	p_size,
[32m(release)[0m> 	count(distinct ps_suppkey) as supplier_cnt
[32m(release)[0m> from
[32m(release)[0m> 	partsupp,
[32m(release)[0m> 	part
[32m(release)[0m> where
[32m(release)[0m> 	p_partkey = ps_partkey
[32m(release)[0m> 	and p_brand <> 'Brand#45'
[32m(release)[0m> 	and p_type not like 'MEDIUM POLISHED%'
[32m(release)[0m> 	and p_size in (49, 14, 23, 45, 19, 3, 36, 9)
[32m(release)[0m> 	and ps_suppkey not in (
[32m(release)[0m> 		select
[32m(release)[0m> 			s_suppkey
[32m(release)[0m> 		from
[32m(release)[0m> 			supplier
[32m(release)[0m> 		where
[32m(release)[0m> 			s_comment like '%Customer%Complaints%'
[32m(release)[0m> 	)
[32m(release)[0m> group by
[32m(release)[0m> 	p_brand,
[32m(release)[0m> 	p_type,
[32m(release)[0m> 	p_size
[32m(release)[0m> order by
[32m(release)[0m> 	supplier_cnt desc,
[32m(release)[0m> 	p_brand,
[32m(release)[0m> 	p_type,
[32m(release)[0m> 	p_size;
VmRSS Change: 48 KB
===
27840 rows total
Execution info: [PARSE: 73 µs 590 ns, SQL TRANSLATE: 0 ns, OPTIMIZE: 0 ns, LQP TRANSLATE: 64 µs 760 ns, EXECUTE: 360 ms 536 µs (wall time) | QUERY PLAN CACHE HITS: 1/1 statement(s)]
After reset, table use_count: 2
WARNING: Table still has 1 other owner(s) after pipeline reset!
Executing script file done
$:hsh mem_usage
------------------------------------------
Memory Usage Statistics:
VmSize:	215777316 kB
VmRSS:	61058488 kB
0: MemResourceStatus {MigratedColumnsAggregate,18446744073709551615,12610235929,10275988050,10275988050,0,0,N/A}
MemResourceStatus {NumaMonotonicResource,3,60000000000,0,0,0,1,0}
MemResourceStatus {NumaMonotonicResource,2,60000000000,3894834,132865042,4821098553,0,4821113896}
MemResourceStatus {NumaMonotonicResource,1,64000000000,1039541809,3685752717,18917318200,0,18917334131}
0: MemResourceStatus {MemManagerAggregate,18446744073709551615,124000000000,1043436643,3818617759,0,0,N/A}
1: MemResourceStatus {MemManagerAggregate,18446744073709551615,60000000000,0,0,0,1,N/A}
MemResourceStatus {DefaultResource,18446744073709551615,18446744073709551615,0,0,0,-1,N/A}
Quick Memory Usage Overview:
Used Capacity: 11319424693, 0
------------------------------------------
Executing script file: /home/umeshsum/tpch_queries/16.sql
[32m(release)[0m> select
[32m(release)[0m> 	p_brand,
[32m(release)[0m> 	p_type,
[32m(release)[0m> 	p_size,
[32m(release)[0m> 	count(distinct ps_suppkey) as supplier_cnt
[32m(release)[0m> from
[32m(release)[0m> 	partsupp,
[32m(release)[0m> 	part
[32m(release)[0m> where
[32m(release)[0m> 	p_partkey = ps_partkey
[32m(release)[0m> 	and p_brand <> 'Brand#45'
[32m(release)[0m> 	and p_type not like 'MEDIUM POLISHED%'
[32m(release)[0m> 	and p_size in (49, 14, 23, 45, 19, 3, 36, 9)
[32m(release)[0m> 	and ps_suppkey not in (
[32m(release)[0m> 		select
[32m(release)[0m> 			s_suppkey
[32m(release)[0m> 		from
[32m(release)[0m> 			supplier
[32m(release)[0m> 		where
[32m(release)[0m> 			s_comment like '%Customer%Complaints%'
[32m(release)[0m> 	)
[32m(release)[0m> group by
[32m(release)[0m> 	p_brand,
[32m(release)[0m> 	p_type,
[32m(release)[0m> 	p_size
[32m(release)[0m> order by
[32m(release)[0m> 	supplier_cnt desc,
[32m(release)[0m> 	p_brand,
[32m(release)[0m> 	p_type,
[32m(release)[0m> 	p_size;
VmRSS Change: 18446744073709551516 KB
===
27840 rows total
Execution info: [PARSE: 83 µs 949 ns, SQL TRANSLATE: 0 ns, OPTIMIZE: 0 ns, LQP TRANSLATE: 66 µs 639 ns, EXECUTE: 352 ms 736 µs (wall time) | QUERY PLAN CACHE HITS: 1/1 statement(s)]
After reset, table use_count: 2
WARNING: Table still has 1 other owner(s) after pipeline reset!
Executing script file done
$:hsh mem_usage
------------------------------------------
Memory Usage Statistics:
VmSize:	215777316 kB
VmRSS:	61058388 kB
0: MemResourceStatus {MigratedColumnsAggregate,18446744073709551615,12610235929,10275988050,10275988050,0,0,N/A}
MemResourceStatus {NumaMonotonicResource,3,60000000000,0,0,0,1,0}
MemResourceStatus {NumaMonotonicResource,2,60000000000,3894834,132865042,5624600591,0,5624618488}
MemResourceStatus {NumaMonotonicResource,1,64000000000,1039541809,3685752717,18917318200,0,18917334131}
0: MemResourceStatus {MemManagerAggregate,18446744073709551615,124000000000,1043436643,3818617759,0,0,N/A}
1: MemResourceStatus {MemManagerAggregate,18446744073709551615,60000000000,0,0,0,1,N/A}
MemResourceStatus {DefaultResource,18446744073709551615,18446744073709551615,0,0,0,-1,N/A}
Quick Memory Usage Overview:
Used Capacity: 11319424693, 0
------------------------------------------
Executing script file: /home/umeshsum/tpch_queries/16.sql
[32m(release)[0m> select
[32m(release)[0m> 	p_brand,
[32m(release)[0m> 	p_type,
[32m(release)[0m> 	p_size,
[32m(release)[0m> 	count(distinct ps_suppkey) as supplier_cnt
[32m(release)[0m> from
[32m(release)[0m> 	partsupp,
[32m(release)[0m> 	part
[32m(release)[0m> where
[32m(release)[0m> 	p_partkey = ps_partkey
[32m(release)[0m> 	and p_brand <> 'Brand#45'
[32m(release)[0m> 	and p_type not like 'MEDIUM POLISHED%'
[32m(release)[0m> 	and p_size in (49, 14, 23, 45, 19, 3, 36, 9)
[32m(release)[0m> 	and ps_suppkey not in (
[32m(release)[0m> 		select
[32m(release)[0m> 			s_suppkey
[32m(release)[0m> 		from
[32m(release)[0m> 			supplier
[32m(release)[0m> 		where
[32m(release)[0m> 			s_comment like '%Customer%Complaints%'
[32m(release)[0m> 	)
[32m(release)[0m> group by
[32m(release)[0m> 	p_brand,
[32m(release)[0m> 	p_type,
[32m(release)[0m> 	p_size
[32m(release)[0m> order by
[32m(release)[0m> 	supplier_cnt desc,
[32m(release)[0m> 	p_brand,
[32m(release)[0m> 	p_type,
[32m(release)[0m> 	p_size;
VmRSS Change: 2712 KB
===
27840 rows total
Execution info: [PARSE: 80 µs 159 ns, SQL TRANSLATE: 0 ns, OPTIMIZE: 0 ns, LQP TRANSLATE: 62 µs 499 ns, EXECUTE: 366 ms 784 µs (wall time) | QUERY PLAN CACHE HITS: 1/1 statement(s)]
After reset, table use_count: 2
WARNING: Table still has 1 other owner(s) after pipeline reset!
Executing script file done
$:hsh mem_usage
------------------------------------------
Memory Usage Statistics:
VmSize:	215777316 kB
VmRSS:	61061096 kB
0: MemResourceStatus {MigratedColumnsAggregate,18446744073709551615,12610235929,10275988050,10275988050,0,0,N/A}
MemResourceStatus {NumaMonotonicResource,3,60000000000,0,0,0,1,0}
MemResourceStatus {NumaMonotonicResource,2,60000000000,3894834,132865042,6428102629,0,6428123048}
MemResourceStatus {NumaMonotonicResource,1,64000000000,1039541809,3685752717,18917318200,0,18917334131}
0: MemResourceStatus {MemManagerAggregate,18446744073709551615,124000000000,1043436643,3818617759,0,0,N/A}
1: MemResourceStatus {MemManagerAggregate,18446744073709551615,60000000000,0,0,0,1,N/A}
MemResourceStatus {DefaultResource,18446744073709551615,18446744073709551615,0,0,0,-1,N/A}
Quick Memory Usage Overview:
Used Capacity: 11319424693, 0
------------------------------------------
Executing script file: /home/umeshsum/tpch_queries/16.sql
[32m(release)[0m> select
[32m(release)[0m> 	p_brand,
[32m(release)[0m> 	p_type,
[32m(release)[0m> 	p_size,
[32m(release)[0m> 	count(distinct ps_suppkey) as supplier_cnt
[32m(release)[0m> from
[32m(release)[0m> 	partsupp,
[32m(release)[0m> 	part
[32m(release)[0m> where
[32m(release)[0m> 	p_partkey = ps_partkey
[32m(release)[0m> 	and p_brand <> 'Brand#45'
[32m(release)[0m> 	and p_type not like 'MEDIUM POLISHED%'
[32m(release)[0m> 	and p_size in (49, 14, 23, 45, 19, 3, 36, 9)
[32m(release)[0m> 	and ps_suppkey not in (
[32m(release)[0m> 		select
[32m(release)[0m> 			s_suppkey
[32m(release)[0m> 		from
[32m(release)[0m> 			supplier
[32m(release)[0m> 		where
[32m(release)[0m> 			s_comment like '%Customer%Complaints%'
[32m(release)[0m> 	)
[32m(release)[0m> group by
[32m(release)[0m> 	p_brand,
[32m(release)[0m> 	p_type,
[32m(release)[0m> 	p_size
[32m(release)[0m> order by
[32m(release)[0m> 	supplier_cnt desc,
[32m(release)[0m> 	p_brand,
[32m(release)[0m> 	p_type,
[32m(release)[0m> 	p_size;
VmRSS Change: 1000 KB
===
27840 rows total
Execution info: [PARSE: 65 µs 359 ns, SQL TRANSLATE: 0 ns, OPTIMIZE: 0 ns, LQP TRANSLATE: 55 µs 409 ns, EXECUTE: 351 ms 322 µs (wall time) | QUERY PLAN CACHE HITS: 1/1 statement(s)]
After reset, table use_count: 2
WARNING: Table still has 1 other owner(s) after pipeline reset!
Executing script file done
$:hsh mem_usage
------------------------------------------
Memory Usage Statistics:
VmSize:	215777316 kB
VmRSS:	61062096 kB
0: MemResourceStatus {MigratedColumnsAggregate,18446744073709551615,12610235929,10275988050,10275988050,0,0,N/A}
MemResourceStatus {NumaMonotonicResource,3,60000000000,0,0,0,1,0}
MemResourceStatus {NumaMonotonicResource,2,60000000000,3894834,132865042,7231604667,0,7231627656}
MemResourceStatus {NumaMonotonicResource,1,64000000000,1039541809,3685752717,18917318200,0,18917334131}
0: MemResourceStatus {MemManagerAggregate,18446744073709551615,124000000000,1043436643,3818617759,0,0,N/A}
1: MemResourceStatus {MemManagerAggregate,18446744073709551615,60000000000,0,0,0,1,N/A}
MemResourceStatus {DefaultResource,18446744073709551615,18446744073709551615,0,0,0,-1,N/A}
Quick Memory Usage Overview:
Used Capacity: 11319424693, 0
------------------------------------------
Executing script file: /home/umeshsum/tpch_queries/16.sql
[32m(release)[0m> select
[32m(release)[0m> 	p_brand,
[32m(release)[0m> 	p_type,
[32m(release)[0m> 	p_size,
[32m(release)[0m> 	count(distinct ps_suppkey) as supplier_cnt
[32m(release)[0m> from
[32m(release)[0m> 	partsupp,
[32m(release)[0m> 	part
[32m(release)[0m> where
[32m(release)[0m> 	p_partkey = ps_partkey
[32m(release)[0m> 	and p_brand <> 'Brand#45'
[32m(release)[0m> 	and p_type not like 'MEDIUM POLISHED%'
[32m(release)[0m> 	and p_size in (49, 14, 23, 45, 19, 3, 36, 9)
[32m(release)[0m> 	and ps_suppkey not in (
[32m(release)[0m> 		select
[32m(release)[0m> 			s_suppkey
[32m(release)[0m> 		from
[32m(release)[0m> 			supplier
[32m(release)[0m> 		where
[32m(release)[0m> 			s_comment like '%Customer%Complaints%'
[32m(release)[0m> 	)
[32m(release)[0m> group by
[32m(release)[0m> 	p_brand,
[32m(release)[0m> 	p_type,
[32m(release)[0m> 	p_size
[32m(release)[0m> order by
[32m(release)[0m> 	supplier_cnt desc,
[32m(release)[0m> 	p_brand,
[32m(release)[0m> 	p_type,
[32m(release)[0m> 	p_size;
VmRSS Change: 844 KB
===
27840 rows total
Execution info: [PARSE: 74 µs 579 ns, SQL TRANSLATE: 0 ns, OPTIMIZE: 0 ns, LQP TRANSLATE: 64 µs 120 ns, EXECUTE: 344 ms 902 µs (wall time) | QUERY PLAN CACHE HITS: 1/1 statement(s)]
After reset, table use_count: 2
WARNING: Table still has 1 other owner(s) after pipeline reset!
Executing script file done
$:hsh mem_usage
------------------------------------------
Memory Usage Statistics:
VmSize:	215777316 kB
VmRSS:	61062940 kB
0: MemResourceStatus {MigratedColumnsAggregate,18446744073709551615,12610235929,10275988050,10275988050,0,0,N/A}
MemResourceStatus {NumaMonotonicResource,3,60000000000,0,0,0,1,0}
MemResourceStatus {NumaMonotonicResource,2,60000000000,3894834,132865042,8035106705,0,8035132264}
MemResourceStatus {NumaMonotonicResource,1,64000000000,1039541809,3685752717,18917318200,0,18917334131}
0: MemResourceStatus {MemManagerAggregate,18446744073709551615,124000000000,1043436643,3818617759,0,0,N/A}
1: MemResourceStatus {MemManagerAggregate,18446744073709551615,60000000000,0,0,0,1,N/A}
MemResourceStatus {DefaultResource,18446744073709551615,18446744073709551615,0,0,0,-1,N/A}
Quick Memory Usage Overview:
Used Capacity: 11319424693, 0
------------------------------------------
Label set to d60000000000_tf60000000000_q17
$:hsh clear_plan_caches
Cleared PQP and LQP caches
$:hsh clear_pipeline
Released last SQLPipeline
$:hsh reset_exec_pools
Reset execution pools (2, 3) bump pointers to start
$:hsh mem_usage
------------------------------------------
Memory Usage Statistics:
VmSize:	215777316 kB
VmRSS:	61062940 kB
0: MemResourceStatus {MigratedColumnsAggregate,18446744073709551615,12610235929,10275988050,10275988050,0,0,N/A}
MemResourceStatus {NumaMonotonicResource,3,60000000000,0,0,0,1,0}
MemResourceStatus {NumaMonotonicResource,2,60000000000,0,0,0,0,0}
MemResourceStatus {NumaMonotonicResource,1,64000000000,1039541809,3685752717,18917318200,0,18917334131}
0: MemResourceStatus {MemManagerAggregate,18446744073709551615,124000000000,1039541809,3685752717,0,0,N/A}
1: MemResourceStatus {MemManagerAggregate,18446744073709551615,60000000000,0,0,0,1,N/A}
MemResourceStatus {DefaultResource,18446744073709551615,18446744073709551615,0,0,0,-1,N/A}
Quick Memory Usage Overview:
Used Capacity: 11315529859, 0
------------------------------------------
Executing script file: /home/umeshsum/tpch_queries/17.sql
[32m(release)[0m> select
[32m(release)[0m> 	sum(l_extendedprice) / 7.0 as avg_yearly
[32m(release)[0m> from
[32m(release)[0m> 	lineitem,
[32m(release)[0m> 	part
[32m(release)[0m> where
[32m(release)[0m> 	p_partkey = l_partkey
[32m(release)[0m> 	and p_brand = 'Brand#23'
[32m(release)[0m> 	and p_container = 'MED BOX'
[32m(release)[0m> 	and l_quantity < (
[32m(release)[0m> 		select
[32m(release)[0m> 			0.2 * avg(l_quantity)
[32m(release)[0m> 		from
[32m(release)[0m> 			lineitem
[32m(release)[0m> 		where
[32m(release)[0m> 			l_partkey = p_partkey
[32m(release)[0m> 	);
VmRSS Change: 18446744073709551184 KB
===
1 rows total
Execution info: [PARSE: 50 µs 279 ns, SQL TRANSLATE: 233 µs 408 ns, OPTIMIZE: 3 ms 122 µs, LQP TRANSLATE: 139 µs 959 ns, EXECUTE: 57 ms 24 µs (wall time) | QUERY PLAN CACHE HITS: 0/1 statement(s)]
After reset, table use_count: 2
WARNING: Table still has 1 other owner(s) after pipeline reset!
Executing script file done
$:hsh mem_usage
------------------------------------------
Memory Usage Statistics:
VmSize:	215777316 kB
VmRSS:	61062516 kB
0: MemResourceStatus {MigratedColumnsAggregate,18446744073709551615,12610235929,10275988050,10275988050,0,0,N/A}
MemResourceStatus {NumaMonotonicResource,3,60000000000,0,0,0,1,0}
MemResourceStatus {NumaMonotonicResource,2,60000000000,77664,1200291888,1372781496,0,1372785736}
MemResourceStatus {NumaMonotonicResource,1,64000000000,1039541809,3685752717,18917318200,0,18917334131}
0: MemResourceStatus {MemManagerAggregate,18446744073709551615,124000000000,1039619473,4886044605,0,0,N/A}
1: MemResourceStatus {MemManagerAggregate,18446744073709551615,60000000000,0,0,0,1,N/A}
MemResourceStatus {DefaultResource,18446744073709551615,18446744073709551615,0,0,0,-1,N/A}
Quick Memory Usage Overview:
Used Capacity: 11315607523, 0
------------------------------------------
Executing script file: /home/umeshsum/tpch_queries/17.sql
[32m(release)[0m> select
[32m(release)[0m> 	sum(l_extendedprice) / 7.0 as avg_yearly
[32m(release)[0m> from
[32m(release)[0m> 	lineitem,
[32m(release)[0m> 	part
[32m(release)[0m> where
[32m(release)[0m> 	p_partkey = l_partkey
[32m(release)[0m> 	and p_brand = 'Brand#23'
[32m(release)[0m> 	and p_container = 'MED BOX'
[32m(release)[0m> 	and l_quantity < (
[32m(release)[0m> 		select
[32m(release)[0m> 			0.2 * avg(l_quantity)
[32m(release)[0m> 		from
[32m(release)[0m> 			lineitem
[32m(release)[0m> 		where
[32m(release)[0m> 			l_partkey = p_partkey
[32m(release)[0m> 	);
VmRSS Change: 360 KB
===
1 rows total
Execution info: [PARSE: 46 µs 140 ns, SQL TRANSLATE: 0 ns, OPTIMIZE: 0 ns, LQP TRANSLATE: 46 µs 790 ns, EXECUTE: 58 ms 327 µs (wall time) | QUERY PLAN CACHE HITS: 1/1 statement(s)]
After reset, table use_count: 2
WARNING: Table still has 1 other owner(s) after pipeline reset!
Executing script file done
$:hsh mem_usage
------------------------------------------
Memory Usage Statistics:
VmSize:	215777316 kB
VmRSS:	61062876 kB
0: MemResourceStatus {MigratedColumnsAggregate,18446744073709551615,12610235929,10275988050,10275988050,0,0,N/A}
MemResourceStatus {NumaMonotonicResource,3,60000000000,0,0,0,1,0}
MemResourceStatus {NumaMonotonicResource,2,60000000000,155096,1200369320,2745562992,0,2745571480}
MemResourceStatus {NumaMonotonicResource,1,64000000000,1039541809,3685752717,18917318200,0,18917334131}
0: MemResourceStatus {MemManagerAggregate,18446744073709551615,124000000000,1039696905,4886122037,0,0,N/A}
1: MemResourceStatus {MemManagerAggregate,18446744073709551615,60000000000,0,0,0,1,N/A}
MemResourceStatus {DefaultResource,18446744073709551615,18446744073709551615,0,0,0,-1,N/A}
Quick Memory Usage Overview:
Used Capacity: 11315684955, 0
------------------------------------------
Executing script file: /home/umeshsum/tpch_queries/17.sql
[32m(release)[0m> select
[32m(release)[0m> 	sum(l_extendedprice) / 7.0 as avg_yearly
[32m(release)[0m> from
[32m(release)[0m> 	lineitem,
[32m(release)[0m> 	part
[32m(release)[0m> where
[32m(release)[0m> 	p_partkey = l_partkey
[32m(release)[0m> 	and p_brand = 'Brand#23'
[32m(release)[0m> 	and p_container = 'MED BOX'
[32m(release)[0m> 	and l_quantity < (
[32m(release)[0m> 		select
[32m(release)[0m> 			0.2 * avg(l_quantity)
[32m(release)[0m> 		from
[32m(release)[0m> 			lineitem
[32m(release)[0m> 		where
[32m(release)[0m> 			l_partkey = p_partkey
[32m(release)[0m> 	);
VmRSS Change: 36 KB
===
1 rows total
Execution info: [PARSE: 42 µs 200 ns, SQL TRANSLATE: 0 ns, OPTIMIZE: 0 ns, LQP TRANSLATE: 35 µs 269 ns, EXECUTE: 57 ms 390 µs (wall time) | QUERY PLAN CACHE HITS: 1/1 statement(s)]
After reset, table use_count: 2
WARNING: Table still has 1 other owner(s) after pipeline reset!
Executing script file done
$:hsh mem_usage
------------------------------------------
Memory Usage Statistics:
VmSize:	215777316 kB
VmRSS:	61062912 kB
0: MemResourceStatus {MigratedColumnsAggregate,18446744073709551615,12610235929,10275988050,10275988050,0,0,N/A}
MemResourceStatus {NumaMonotonicResource,3,60000000000,0,0,0,1,0}
MemResourceStatus {NumaMonotonicResource,2,60000000000,155096,1200369320,4118344488,0,4118357208}
MemResourceStatus {NumaMonotonicResource,1,64000000000,1039541809,3685752717,18917318200,0,18917334131}
0: MemResourceStatus {MemManagerAggregate,18446744073709551615,124000000000,1039696905,4886122037,0,0,N/A}
1: MemResourceStatus {MemManagerAggregate,18446744073709551615,60000000000,0,0,0,1,N/A}
MemResourceStatus {DefaultResource,18446744073709551615,18446744073709551615,0,0,0,-1,N/A}
Quick Memory Usage Overview:
Used Capacity: 11315684955, 0
------------------------------------------
Executing script file: /home/umeshsum/tpch_queries/17.sql
[32m(release)[0m> select
[32m(release)[0m> 	sum(l_extendedprice) / 7.0 as avg_yearly
[32m(release)[0m> from
[32m(release)[0m> 	lineitem,
[32m(release)[0m> 	part
[32m(release)[0m> where
[32m(release)[0m> 	p_partkey = l_partkey
[32m(release)[0m> 	and p_brand = 'Brand#23'
[32m(release)[0m> 	and p_container = 'MED BOX'
[32m(release)[0m> 	and l_quantity < (
[32m(release)[0m> 		select
[32m(release)[0m> 			0.2 * avg(l_quantity)
[32m(release)[0m> 		from
[32m(release)[0m> 			lineitem
[32m(release)[0m> 		where
[32m(release)[0m> 			l_partkey = p_partkey
[32m(release)[0m> 	);
VmRSS Change: 32 KB
===
1 rows total
Execution info: [PARSE: 43 µs 160 ns, SQL TRANSLATE: 0 ns, OPTIMIZE: 0 ns, LQP TRANSLATE: 35 µs 719 ns, EXECUTE: 54 ms 865 µs (wall time) | QUERY PLAN CACHE HITS: 1/1 statement(s)]
After reset, table use_count: 2
WARNING: Table still has 1 other owner(s) after pipeline reset!
Executing script file done
$:hsh mem_usage
------------------------------------------
Memory Usage Statistics:
VmSize:	215777316 kB
VmRSS:	61062944 kB
0: MemResourceStatus {MigratedColumnsAggregate,18446744073709551615,12610235929,10275988050,10275988050,0,0,N/A}
MemResourceStatus {NumaMonotonicResource,3,60000000000,0,0,0,1,0}
MemResourceStatus {NumaMonotonicResource,2,60000000000,155096,1200369320,5491125984,0,5491142952}
MemResourceStatus {NumaMonotonicResource,1,64000000000,1039541809,3685752717,18917318200,0,18917334131}
0: MemResourceStatus {MemManagerAggregate,18446744073709551615,124000000000,1039696905,4886122037,0,0,N/A}
1: MemResourceStatus {MemManagerAggregate,18446744073709551615,60000000000,0,0,0,1,N/A}
MemResourceStatus {DefaultResource,18446744073709551615,18446744073709551615,0,0,0,-1,N/A}
Quick Memory Usage Overview:
Used Capacity: 11315684955, 0
------------------------------------------
Executing script file: /home/umeshsum/tpch_queries/17.sql
[32m(release)[0m> select
[32m(release)[0m> 	sum(l_extendedprice) / 7.0 as avg_yearly
[32m(release)[0m> from
[32m(release)[0m> 	lineitem,
[32m(release)[0m> 	part
[32m(release)[0m> where
[32m(release)[0m> 	p_partkey = l_partkey
[32m(release)[0m> 	and p_brand = 'Brand#23'
[32m(release)[0m> 	and p_container = 'MED BOX'
[32m(release)[0m> 	and l_quantity < (
[32m(release)[0m> 		select
[32m(release)[0m> 			0.2 * avg(l_quantity)
[32m(release)[0m> 		from
[32m(release)[0m> 			lineitem
[32m(release)[0m> 		where
[32m(release)[0m> 			l_partkey = p_partkey
[32m(release)[0m> 	);
VmRSS Change: 368 KB
===
1 rows total
Execution info: [PARSE: 47 µs 570 ns, SQL TRANSLATE: 0 ns, OPTIMIZE: 0 ns, LQP TRANSLATE: 37 µs 209 ns, EXECUTE: 55 ms 287 µs (wall time) | QUERY PLAN CACHE HITS: 1/1 statement(s)]
After reset, table use_count: 2
WARNING: Table still has 1 other owner(s) after pipeline reset!
Executing script file done
$:hsh mem_usage
------------------------------------------
Memory Usage Statistics:
VmSize:	215777316 kB
VmRSS:	61063312 kB
0: MemResourceStatus {MigratedColumnsAggregate,18446744073709551615,12610235929,10275988050,10275988050,0,0,N/A}
MemResourceStatus {NumaMonotonicResource,3,60000000000,0,0,0,1,0}
MemResourceStatus {NumaMonotonicResource,2,60000000000,155096,1200369320,6863907480,0,6863928696}
MemResourceStatus {NumaMonotonicResource,1,64000000000,1039541809,3685752717,18917318200,0,18917334131}
0: MemResourceStatus {MemManagerAggregate,18446744073709551615,124000000000,1039696905,4886122037,0,0,N/A}
1: MemResourceStatus {MemManagerAggregate,18446744073709551615,60000000000,0,0,0,1,N/A}
MemResourceStatus {DefaultResource,18446744073709551615,18446744073709551615,0,0,0,-1,N/A}
Quick Memory Usage Overview:
Used Capacity: 11315684955, 0
------------------------------------------
Executing script file: /home/umeshsum/tpch_queries/17.sql
[32m(release)[0m> select
[32m(release)[0m> 	sum(l_extendedprice) / 7.0 as avg_yearly
[32m(release)[0m> from
[32m(release)[0m> 	lineitem,
[32m(release)[0m> 	part
[32m(release)[0m> where
[32m(release)[0m> 	p_partkey = l_partkey
[32m(release)[0m> 	and p_brand = 'Brand#23'
[32m(release)[0m> 	and p_container = 'MED BOX'
[32m(release)[0m> 	and l_quantity < (
[32m(release)[0m> 		select
[32m(release)[0m> 			0.2 * avg(l_quantity)
[32m(release)[0m> 		from
[32m(release)[0m> 			lineitem
[32m(release)[0m> 		where
[32m(release)[0m> 			l_partkey = p_partkey
[32m(release)[0m> 	);
VmRSS Change: 20 KB
===
1 rows total
Execution info: [PARSE: 42 µs 170 ns, SQL TRANSLATE: 0 ns, OPTIMIZE: 0 ns, LQP TRANSLATE: 34 µs 859 ns, EXECUTE: 57 ms 347 µs (wall time) | QUERY PLAN CACHE HITS: 1/1 statement(s)]
After reset, table use_count: 2
WARNING: Table still has 1 other owner(s) after pipeline reset!
Executing script file done
$:hsh mem_usage
------------------------------------------
Memory Usage Statistics:
VmSize:	215777316 kB
VmRSS:	61063332 kB
0: MemResourceStatus {MigratedColumnsAggregate,18446744073709551615,12610235929,10275988050,10275988050,0,0,N/A}
MemResourceStatus {NumaMonotonicResource,3,60000000000,0,0,0,1,0}
MemResourceStatus {NumaMonotonicResource,2,60000000000,155096,1200369320,8236688976,0,8236714440}
MemResourceStatus {NumaMonotonicResource,1,64000000000,1039541809,3685752717,18917318200,0,18917334131}
0: MemResourceStatus {MemManagerAggregate,18446744073709551615,124000000000,1039696905,4886122037,0,0,N/A}
1: MemResourceStatus {MemManagerAggregate,18446744073709551615,60000000000,0,0,0,1,N/A}
MemResourceStatus {DefaultResource,18446744073709551615,18446744073709551615,0,0,0,-1,N/A}
Quick Memory Usage Overview:
Used Capacity: 11315684955, 0
------------------------------------------
Executing script file: /home/umeshsum/tpch_queries/17.sql
[32m(release)[0m> select
[32m(release)[0m> 	sum(l_extendedprice) / 7.0 as avg_yearly
[32m(release)[0m> from
[32m(release)[0m> 	lineitem,
[32m(release)[0m> 	part
[32m(release)[0m> where
[32m(release)[0m> 	p_partkey = l_partkey
[32m(release)[0m> 	and p_brand = 'Brand#23'
[32m(release)[0m> 	and p_container = 'MED BOX'
[32m(release)[0m> 	and l_quantity < (
[32m(release)[0m> 		select
[32m(release)[0m> 			0.2 * avg(l_quantity)
[32m(release)[0m> 		from
[32m(release)[0m> 			lineitem
[32m(release)[0m> 		where
[32m(release)[0m> 			l_partkey = p_partkey
[32m(release)[0m> 	);
VmRSS Change: 36 KB
===
1 rows total
Execution info: [PARSE: 40 µs 10 ns, SQL TRANSLATE: 0 ns, OPTIMIZE: 0 ns, LQP TRANSLATE: 35 µs 439 ns, EXECUTE: 57 ms 439 µs (wall time) | QUERY PLAN CACHE HITS: 1/1 statement(s)]
After reset, table use_count: 2
WARNING: Table still has 1 other owner(s) after pipeline reset!
Executing script file done
$:hsh mem_usage
------------------------------------------
Memory Usage Statistics:
VmSize:	215777316 kB
VmRSS:	61063368 kB
0: MemResourceStatus {MigratedColumnsAggregate,18446744073709551615,12610235929,10275988050,10275988050,0,0,N/A}
MemResourceStatus {NumaMonotonicResource,3,60000000000,0,0,0,1,0}
MemResourceStatus {NumaMonotonicResource,2,60000000000,155096,1200369320,9609470472,0,9609500184}
MemResourceStatus {NumaMonotonicResource,1,64000000000,1039541809,3685752717,18917318200,0,18917334131}
0: MemResourceStatus {MemManagerAggregate,18446744073709551615,124000000000,1039696905,4886122037,0,0,N/A}
1: MemResourceStatus {MemManagerAggregate,18446744073709551615,60000000000,0,0,0,1,N/A}
MemResourceStatus {DefaultResource,18446744073709551615,18446744073709551615,0,0,0,-1,N/A}
Quick Memory Usage Overview:
Used Capacity: 11315684955, 0
------------------------------------------
Executing script file: /home/umeshsum/tpch_queries/17.sql
[32m(release)[0m> select
[32m(release)[0m> 	sum(l_extendedprice) / 7.0 as avg_yearly
[32m(release)[0m> from
[32m(release)[0m> 	lineitem,
[32m(release)[0m> 	part
[32m(release)[0m> where
[32m(release)[0m> 	p_partkey = l_partkey
[32m(release)[0m> 	and p_brand = 'Brand#23'
[32m(release)[0m> 	and p_container = 'MED BOX'
[32m(release)[0m> 	and l_quantity < (
[32m(release)[0m> 		select
[32m(release)[0m> 			0.2 * avg(l_quantity)
[32m(release)[0m> 		from
[32m(release)[0m> 			lineitem
[32m(release)[0m> 		where
[32m(release)[0m> 			l_partkey = p_partkey
[32m(release)[0m> 	);
VmRSS Change: 0 KB
===
1 rows total
Execution info: [PARSE: 47 µs 539 ns, SQL TRANSLATE: 0 ns, OPTIMIZE: 0 ns, LQP TRANSLATE: 40 µs 219 ns, EXECUTE: 55 ms 841 µs (wall time) | QUERY PLAN CACHE HITS: 1/1 statement(s)]
After reset, table use_count: 2
WARNING: Table still has 1 other owner(s) after pipeline reset!
Executing script file done
$:hsh mem_usage
------------------------------------------
Memory Usage Statistics:
VmSize:	215777316 kB
VmRSS:	61063368 kB
0: MemResourceStatus {MigratedColumnsAggregate,18446744073709551615,12610235929,10275988050,10275988050,0,0,N/A}
MemResourceStatus {NumaMonotonicResource,3,60000000000,0,0,0,1,0}
MemResourceStatus {NumaMonotonicResource,2,60000000000,155096,1200369320,10982251968,0,10982285928}
MemResourceStatus {NumaMonotonicResource,1,64000000000,1039541809,3685752717,18917318200,0,18917334131}
0: MemResourceStatus {MemManagerAggregate,18446744073709551615,124000000000,1039696905,4886122037,0,0,N/A}
1: MemResourceStatus {MemManagerAggregate,18446744073709551615,60000000000,0,0,0,1,N/A}
MemResourceStatus {DefaultResource,18446744073709551615,18446744073709551615,0,0,0,-1,N/A}
Quick Memory Usage Overview:
Used Capacity: 11315684955, 0
------------------------------------------
Executing script file: /home/umeshsum/tpch_queries/17.sql
[32m(release)[0m> select
[32m(release)[0m> 	sum(l_extendedprice) / 7.0 as avg_yearly
[32m(release)[0m> from
[32m(release)[0m> 	lineitem,
[32m(release)[0m> 	part
[32m(release)[0m> where
[32m(release)[0m> 	p_partkey = l_partkey
[32m(release)[0m> 	and p_brand = 'Brand#23'
[32m(release)[0m> 	and p_container = 'MED BOX'
[32m(release)[0m> 	and l_quantity < (
[32m(release)[0m> 		select
[32m(release)[0m> 			0.2 * avg(l_quantity)
[32m(release)[0m> 		from
[32m(release)[0m> 			lineitem
[32m(release)[0m> 		where
[32m(release)[0m> 			l_partkey = p_partkey
[32m(release)[0m> 	);
VmRSS Change: 40 KB
===
1 rows total
Execution info: [PARSE: 41 µs 979 ns, SQL TRANSLATE: 0 ns, OPTIMIZE: 0 ns, LQP TRANSLATE: 35 µs 920 ns, EXECUTE: 48 ms 452 µs (wall time) | QUERY PLAN CACHE HITS: 1/1 statement(s)]
After reset, table use_count: 2
WARNING: Table still has 1 other owner(s) after pipeline reset!
Executing script file done
$:hsh mem_usage
------------------------------------------
Memory Usage Statistics:
VmSize:	215777316 kB
VmRSS:	61063408 kB
0: MemResourceStatus {MigratedColumnsAggregate,18446744073709551615,12610235929,10275988050,10275988050,0,0,N/A}
MemResourceStatus {NumaMonotonicResource,3,60000000000,0,0,0,1,0}
MemResourceStatus {NumaMonotonicResource,2,60000000000,155096,1200369320,12355033464,0,12355071672}
MemResourceStatus {NumaMonotonicResource,1,64000000000,1039541809,3685752717,18917318200,0,18917334131}
0: MemResourceStatus {MemManagerAggregate,18446744073709551615,124000000000,1039696905,4886122037,0,0,N/A}
1: MemResourceStatus {MemManagerAggregate,18446744073709551615,60000000000,0,0,0,1,N/A}
MemResourceStatus {DefaultResource,18446744073709551615,18446744073709551615,0,0,0,-1,N/A}
Quick Memory Usage Overview:
Used Capacity: 11315684955, 0
------------------------------------------
Executing script file: /home/umeshsum/tpch_queries/17.sql
[32m(release)[0m> select
[32m(release)[0m> 	sum(l_extendedprice) / 7.0 as avg_yearly
[32m(release)[0m> from
[32m(release)[0m> 	lineitem,
[32m(release)[0m> 	part
[32m(release)[0m> where
[32m(release)[0m> 	p_partkey = l_partkey
[32m(release)[0m> 	and p_brand = 'Brand#23'
[32m(release)[0m> 	and p_container = 'MED BOX'
[32m(release)[0m> 	and l_quantity < (
[32m(release)[0m> 		select
[32m(release)[0m> 			0.2 * avg(l_quantity)
[32m(release)[0m> 		from
[32m(release)[0m> 			lineitem
[32m(release)[0m> 		where
[32m(release)[0m> 			l_partkey = p_partkey
[32m(release)[0m> 	);
VmRSS Change: 1844 KB
===
1 rows total
Execution info: [PARSE: 51 µs 659 ns, SQL TRANSLATE: 0 ns, OPTIMIZE: 0 ns, LQP TRANSLATE: 40 µs 760 ns, EXECUTE: 52 ms 533 µs (wall time) | QUERY PLAN CACHE HITS: 1/1 statement(s)]
After reset, table use_count: 2
WARNING: Table still has 1 other owner(s) after pipeline reset!
Executing script file done
$:hsh mem_usage
------------------------------------------
Memory Usage Statistics:
VmSize:	215777316 kB
VmRSS:	61065252 kB
0: MemResourceStatus {MigratedColumnsAggregate,18446744073709551615,12610235929,10275988050,10275988050,0,0,N/A}
MemResourceStatus {NumaMonotonicResource,3,60000000000,0,0,0,1,0}
MemResourceStatus {NumaMonotonicResource,2,60000000000,155096,1200369320,13727814960,0,13727857416}
MemResourceStatus {NumaMonotonicResource,1,64000000000,1039541809,3685752717,18917318200,0,18917334131}
0: MemResourceStatus {MemManagerAggregate,18446744073709551615,124000000000,1039696905,4886122037,0,0,N/A}
1: MemResourceStatus {MemManagerAggregate,18446744073709551615,60000000000,0,0,0,1,N/A}
MemResourceStatus {DefaultResource,18446744073709551615,18446744073709551615,0,0,0,-1,N/A}
Quick Memory Usage Overview:
Used Capacity: 11315684955, 0
------------------------------------------
Label set to d60000000000_tf60000000000_q18
$:hsh clear_plan_caches
Cleared PQP and LQP caches
$:hsh clear_pipeline
Released last SQLPipeline
$:hsh reset_exec_pools
Reset execution pools (2, 3) bump pointers to start
$:hsh mem_usage
------------------------------------------
Memory Usage Statistics:
VmSize:	215777316 kB
VmRSS:	61065252 kB
0: MemResourceStatus {MigratedColumnsAggregate,18446744073709551615,12610235929,10275988050,10275988050,0,0,N/A}
MemResourceStatus {NumaMonotonicResource,3,60000000000,0,0,0,1,0}
MemResourceStatus {NumaMonotonicResource,2,60000000000,0,0,0,0,0}
MemResourceStatus {NumaMonotonicResource,1,64000000000,1039541809,3685752717,18917318200,0,18917334131}
0: MemResourceStatus {MemManagerAggregate,18446744073709551615,124000000000,1039541809,3685752717,0,0,N/A}
1: MemResourceStatus {MemManagerAggregate,18446744073709551615,60000000000,0,0,0,1,N/A}
MemResourceStatus {DefaultResource,18446744073709551615,18446744073709551615,0,0,0,-1,N/A}
Quick Memory Usage Overview:
Used Capacity: 11315529859, 0
------------------------------------------
Executing script file: /home/umeshsum/tpch_queries/18.sql
[32m(release)[0m> select
[32m(release)[0m> 	c_name,
[32m(release)[0m> 	c_custkey,
[32m(release)[0m> 	o_orderkey,
[32m(release)[0m> 	o_orderdate,
[32m(release)[0m> 	o_totalprice,
[32m(release)[0m> 	sum(l_quantity)
[32m(release)[0m> from
[32m(release)[0m> 	customer,
[32m(release)[0m> 	orders,
[32m(release)[0m> 	lineitem
[32m(release)[0m> where
[32m(release)[0m> 	o_orderkey in (
[32m(release)[0m> 		select
[32m(release)[0m> 			l_orderkey
[32m(release)[0m> 		from
[32m(release)[0m> 			lineitem
[32m(release)[0m> 		group by
[32m(release)[0m> 			l_orderkey having
[32m(release)[0m> 				sum(l_quantity) > 300
[32m(release)[0m> 	)
[32m(release)[0m> 	and c_custkey = o_custkey
[32m(release)[0m> 	and o_orderkey = l_orderkey
[32m(release)[0m> group by
[32m(release)[0m> 	c_name,
[32m(release)[0m> 	c_custkey,
[32m(release)[0m> 	o_orderkey,
[32m(release)[0m> 	o_orderdate,
[32m(release)[0m> 	o_totalprice
[32m(release)[0m> order by
[32m(release)[0m> 	o_totalprice desc,
[32m(release)[0m> 	o_orderdate;
VmRSS Change: 432 KB
===
624 rows total
Execution info: [PARSE: 82 µs 699 ns, SQL TRANSLATE: 250 µs 97 ns, OPTIMIZE: 4 ms 88 µs, LQP TRANSLATE: 139 µs 839 ns, EXECUTE: 866 ms 994 µs (wall time) | QUERY PLAN CACHE HITS: 0/1 statement(s)]
After reset, table use_count: 2
WARNING: Table still has 1 other owner(s) after pipeline reset!
Executing script file done
$:hsh mem_usage
------------------------------------------
Memory Usage Statistics:
VmSize:	215777316 kB
VmRSS:	61065692 kB
0: MemResourceStatus {MigratedColumnsAggregate,18446744073709551615,12610235929,10275988050,10275988050,0,0,N/A}
MemResourceStatus {NumaMonotonicResource,3,60000000000,0,0,0,1,0}
MemResourceStatus {NumaMonotonicResource,2,60000000000,963651472,2408426664,4640118976,0,4640125016}
MemResourceStatus {NumaMonotonicResource,1,64000000000,1039541809,3685752717,18917318200,0,18917334131}
0: MemResourceStatus {MemManagerAggregate,18446744073709551615,124000000000,2003193281,6094179381,0,0,N/A}
1: MemResourceStatus {MemManagerAggregate,18446744073709551615,60000000000,0,0,0,1,N/A}
MemResourceStatus {DefaultResource,18446744073709551615,18446744073709551615,0,0,0,-1,N/A}
Quick Memory Usage Overview:
Used Capacity: 12279181331, 0
------------------------------------------
Executing script file: /home/umeshsum/tpch_queries/18.sql
[32m(release)[0m> select
[32m(release)[0m> 	c_name,
[32m(release)[0m> 	c_custkey,
[32m(release)[0m> 	o_orderkey,
[32m(release)[0m> 	o_orderdate,
[32m(release)[0m> 	o_totalprice,
[32m(release)[0m> 	sum(l_quantity)
[32m(release)[0m> from
[32m(release)[0m> 	customer,
[32m(release)[0m> 	orders,
[32m(release)[0m> 	lineitem
[32m(release)[0m> where
[32m(release)[0m> 	o_orderkey in (
[32m(release)[0m> 		select
[32m(release)[0m> 			l_orderkey
[32m(release)[0m> 		from
[32m(release)[0m> 			lineitem
[32m(release)[0m> 		group by
[32m(release)[0m> 			l_orderkey having
[32m(release)[0m> 				sum(l_quantity) > 300
[32m(release)[0m> 	)
[32m(release)[0m> 	and c_custkey = o_custkey
[32m(release)[0m> 	and o_orderkey = l_orderkey
[32m(release)[0m> group by
[32m(release)[0m> 	c_name,
[32m(release)[0m> 	c_custkey,
[32m(release)[0m> 	o_orderkey,
[32m(release)[0m> 	o_orderdate,
[32m(release)[0m> 	o_totalprice
[32m(release)[0m> order by
[32m(release)[0m> 	o_totalprice desc,
[32m(release)[0m> 	o_orderdate;
VmRSS Change: 1764 KB
===
624 rows total
Execution info: [PARSE: 63 µs 139 ns, SQL TRANSLATE: 0 ns, OPTIMIZE: 0 ns, LQP TRANSLATE: 43 µs 999 ns, EXECUTE: 907 ms 967 µs (wall time) | QUERY PLAN CACHE HITS: 1/1 statement(s)]
After reset, table use_count: 2
WARNING: Table still has 1 other owner(s) after pipeline reset!
Executing script file done
$:hsh mem_usage
------------------------------------------
Memory Usage Statistics:
VmSize:	215777316 kB
VmRSS:	61067456 kB
0: MemResourceStatus {MigratedColumnsAggregate,18446744073709551615,12610235929,10275988050,10275988050,0,0,N/A}
MemResourceStatus {NumaMonotonicResource,3,60000000000,0,0,0,1,0}
MemResourceStatus {NumaMonotonicResource,2,60000000000,1924156000,3368931192,9280237952,0,9280250088}
MemResourceStatus {NumaMonotonicResource,1,64000000000,1039541809,3685752717,18917318200,0,18917334131}
0: MemResourceStatus {MemManagerAggregate,18446744073709551615,124000000000,2963697809,7054683909,0,0,N/A}
1: MemResourceStatus {MemManagerAggregate,18446744073709551615,60000000000,0,0,0,1,N/A}
MemResourceStatus {DefaultResource,18446744073709551615,18446744073709551615,0,0,0,-1,N/A}
Quick Memory Usage Overview:
Used Capacity: 13239685859, 0
------------------------------------------
Executing script file: /home/umeshsum/tpch_queries/18.sql
[32m(release)[0m> select
[32m(release)[0m> 	c_name,
[32m(release)[0m> 	c_custkey,
[32m(release)[0m> 	o_orderkey,
[32m(release)[0m> 	o_orderdate,
[32m(release)[0m> 	o_totalprice,
[32m(release)[0m> 	sum(l_quantity)
[32m(release)[0m> from
[32m(release)[0m> 	customer,
[32m(release)[0m> 	orders,
[32m(release)[0m> 	lineitem
[32m(release)[0m> where
[32m(release)[0m> 	o_orderkey in (
[32m(release)[0m> 		select
[32m(release)[0m> 			l_orderkey
[32m(release)[0m> 		from
[32m(release)[0m> 			lineitem
[32m(release)[0m> 		group by
[32m(release)[0m> 			l_orderkey having
[32m(release)[0m> 				sum(l_quantity) > 300
[32m(release)[0m> 	)
[32m(release)[0m> 	and c_custkey = o_custkey
[32m(release)[0m> 	and o_orderkey = l_orderkey
[32m(release)[0m> group by
[32m(release)[0m> 	c_name,
[32m(release)[0m> 	c_custkey,
[32m(release)[0m> 	o_orderkey,
[32m(release)[0m> 	o_orderdate,
[32m(release)[0m> 	o_totalprice
[32m(release)[0m> order by
[32m(release)[0m> 	o_totalprice desc,
[32m(release)[0m> 	o_orderdate;
VmRSS Change: 1908 KB
===
624 rows total
Execution info: [PARSE: 106 µs 919 ns, SQL TRANSLATE: 0 ns, OPTIMIZE: 0 ns, LQP TRANSLATE: 39 µs 269 ns, EXECUTE: 889 ms 440 µs (wall time) | QUERY PLAN CACHE HITS: 1/1 statement(s)]
After reset, table use_count: 2
WARNING: Table still has 1 other owner(s) after pipeline reset!
Executing script file done
$:hsh mem_usage
------------------------------------------
Memory Usage Statistics:
VmSize:	215777316 kB
VmRSS:	61069364 kB
0: MemResourceStatus {MigratedColumnsAggregate,18446744073709551615,12610235929,10275988050,10275988050,0,0,N/A}
MemResourceStatus {NumaMonotonicResource,3,60000000000,0,0,0,1,0}
MemResourceStatus {NumaMonotonicResource,2,60000000000,1924156000,3368931192,13920356064,0,13920374280}
MemResourceStatus {NumaMonotonicResource,1,64000000000,1039541809,3685752717,18917318200,0,18917334131}
0: MemResourceStatus {MemManagerAggregate,18446744073709551615,124000000000,2963697809,7054683909,0,0,N/A}
1: MemResourceStatus {MemManagerAggregate,18446744073709551615,60000000000,0,0,0,1,N/A}
MemResourceStatus {DefaultResource,18446744073709551615,18446744073709551615,0,0,0,-1,N/A}
Quick Memory Usage Overview:
Used Capacity: 13239685859, 0
------------------------------------------
Executing script file: /home/umeshsum/tpch_queries/18.sql
[32m(release)[0m> select
[32m(release)[0m> 	c_name,
[32m(release)[0m> 	c_custkey,
[32m(release)[0m> 	o_orderkey,
[32m(release)[0m> 	o_orderdate,
[32m(release)[0m> 	o_totalprice,
[32m(release)[0m> 	sum(l_quantity)
[32m(release)[0m> from
[32m(release)[0m> 	customer,
[32m(release)[0m> 	orders,
[32m(release)[0m> 	lineitem
[32m(release)[0m> where
[32m(release)[0m> 	o_orderkey in (
[32m(release)[0m> 		select
[32m(release)[0m> 			l_orderkey
[32m(release)[0m> 		from
[32m(release)[0m> 			lineitem
[32m(release)[0m> 		group by
[32m(release)[0m> 			l_orderkey having
[32m(release)[0m> 				sum(l_quantity) > 300
[32m(release)[0m> 	)
[32m(release)[0m> 	and c_custkey = o_custkey
[32m(release)[0m> 	and o_orderkey = l_orderkey
[32m(release)[0m> group by
[32m(release)[0m> 	c_name,
[32m(release)[0m> 	c_custkey,
[32m(release)[0m> 	o_orderkey,
[32m(release)[0m> 	o_orderdate,
[32m(release)[0m> 	o_totalprice
[32m(release)[0m> order by
[32m(release)[0m> 	o_totalprice desc,
[32m(release)[0m> 	o_orderdate;
VmRSS Change: 712 KB
===
624 rows total
Execution info: [PARSE: 63 µs 49 ns, SQL TRANSLATE: 0 ns, OPTIMIZE: 0 ns, LQP TRANSLATE: 40 µs 489 ns, EXECUTE: 887 ms 763 µs (wall time) | QUERY PLAN CACHE HITS: 1/1 statement(s)]
After reset, table use_count: 2
WARNING: Table still has 1 other owner(s) after pipeline reset!
Executing script file done
$:hsh mem_usage
------------------------------------------
Memory Usage Statistics:
VmSize:	215777316 kB
VmRSS:	61069860 kB
0: MemResourceStatus {MigratedColumnsAggregate,18446744073709551615,12610235929,10275988050,10275988050,0,0,N/A}
MemResourceStatus {NumaMonotonicResource,3,60000000000,0,0,0,1,0}
MemResourceStatus {NumaMonotonicResource,2,60000000000,1924156000,3368931192,18560474896,0,18560499176}
MemResourceStatus {NumaMonotonicResource,1,64000000000,1039541809,3685752717,18917318200,0,18917334131}
0: MemResourceStatus {MemManagerAggregate,18446744073709551615,124000000000,2963697809,7054683909,0,0,N/A}
1: MemResourceStatus {MemManagerAggregate,18446744073709551615,60000000000,0,0,0,1,N/A}
MemResourceStatus {DefaultResource,18446744073709551615,18446744073709551615,0,0,0,-1,N/A}
Quick Memory Usage Overview:
Used Capacity: 13239685859, 0
------------------------------------------
Executing script file: /home/umeshsum/tpch_queries/18.sql
[32m(release)[0m> select
[32m(release)[0m> 	c_name,
[32m(release)[0m> 	c_custkey,
[32m(release)[0m> 	o_orderkey,
[32m(release)[0m> 	o_orderdate,
[32m(release)[0m> 	o_totalprice,
[32m(release)[0m> 	sum(l_quantity)
[32m(release)[0m> from
[32m(release)[0m> 	customer,
[32m(release)[0m> 	orders,
[32m(release)[0m> 	lineitem
[32m(release)[0m> where
[32m(release)[0m> 	o_orderkey in (
[32m(release)[0m> 		select
[32m(release)[0m> 			l_orderkey
[32m(release)[0m> 		from
[32m(release)[0m> 			lineitem
[32m(release)[0m> 		group by
[32m(release)[0m> 			l_orderkey having
[32m(release)[0m> 				sum(l_quantity) > 300
[32m(release)[0m> 	)
[32m(release)[0m> 	and c_custkey = o_custkey
[32m(release)[0m> 	and o_orderkey = l_orderkey
[32m(release)[0m> group by
[32m(release)[0m> 	c_name,
[32m(release)[0m> 	c_custkey,
[32m(release)[0m> 	o_orderkey,
[32m(release)[0m> 	o_orderdate,
[32m(release)[0m> 	o_totalprice
[32m(release)[0m> order by
[32m(release)[0m> 	o_totalprice desc,
[32m(release)[0m> 	o_orderdate;
VmRSS Change: 116472 KB
===
624 rows total
Execution info: [PARSE: 60 µs 380 ns, SQL TRANSLATE: 0 ns, OPTIMIZE: 0 ns, LQP TRANSLATE: 33 µs 759 ns, EXECUTE: 920 ms 921 µs (wall time) | QUERY PLAN CACHE HITS: 1/1 statement(s)]
After reset, table use_count: 2
WARNING: Table still has 1 other owner(s) after pipeline reset!
Executing script file done
$:hsh mem_usage
------------------------------------------
Memory Usage Statistics:
VmSize:	215777316 kB
VmRSS:	61186308 kB
0: MemResourceStatus {MigratedColumnsAggregate,18446744073709551615,12610235929,10275988050,10275988050,0,0,N/A}
MemResourceStatus {NumaMonotonicResource,3,60000000000,0,0,0,1,0}
MemResourceStatus {NumaMonotonicResource,2,60000000000,1924156000,3368931192,23200593008,0,23200623352}
MemResourceStatus {NumaMonotonicResource,1,64000000000,1039541809,3685752717,18917318200,0,18917334131}
0: MemResourceStatus {MemManagerAggregate,18446744073709551615,124000000000,2963697809,7054683909,0,0,N/A}
1: MemResourceStatus {MemManagerAggregate,18446744073709551615,60000000000,0,0,0,1,N/A}
MemResourceStatus {DefaultResource,18446744073709551615,18446744073709551615,0,0,0,-1,N/A}
Quick Memory Usage Overview:
Used Capacity: 13239685859, 0
------------------------------------------
Executing script file: /home/umeshsum/tpch_queries/18.sql
[32m(release)[0m> select
[32m(release)[0m> 	c_name,
[32m(release)[0m> 	c_custkey,
[32m(release)[0m> 	o_orderkey,
[32m(release)[0m> 	o_orderdate,
[32m(release)[0m> 	o_totalprice,
[32m(release)[0m> 	sum(l_quantity)
[32m(release)[0m> from
[32m(release)[0m> 	customer,
[32m(release)[0m> 	orders,
[32m(release)[0m> 	lineitem
[32m(release)[0m> where
[32m(release)[0m> 	o_orderkey in (
[32m(release)[0m> 		select
[32m(release)[0m> 			l_orderkey
[32m(release)[0m> 		from
[32m(release)[0m> 			lineitem
[32m(release)[0m> 		group by
[32m(release)[0m> 			l_orderkey having
[32m(release)[0m> 				sum(l_quantity) > 300
[32m(release)[0m> 	)
[32m(release)[0m> 	and c_custkey = o_custkey
[32m(release)[0m> 	and o_orderkey = l_orderkey
[32m(release)[0m> group by
[32m(release)[0m> 	c_name,
[32m(release)[0m> 	c_custkey,
[32m(release)[0m> 	o_orderkey,
[32m(release)[0m> 	o_orderdate,
[32m(release)[0m> 	o_totalprice
[32m(release)[0m> order by
[32m(release)[0m> 	o_totalprice desc,
[32m(release)[0m> 	o_orderdate;
VmRSS Change: 67796 KB
===
624 rows total
Execution info: [PARSE: 126 µs 219 ns, SQL TRANSLATE: 0 ns, OPTIMIZE: 0 ns, LQP TRANSLATE: 40 µs 609 ns, EXECUTE: 888 ms 542 µs (wall time) | QUERY PLAN CACHE HITS: 1/1 statement(s)]
After reset, table use_count: 2
WARNING: Table still has 1 other owner(s) after pipeline reset!
Executing script file done
$:hsh mem_usage
------------------------------------------
Memory Usage Statistics:
VmSize:	215777316 kB
VmRSS:	61254084 kB
0: MemResourceStatus {MigratedColumnsAggregate,18446744073709551615,12610235929,10275988050,10275988050,0,0,N/A}
MemResourceStatus {NumaMonotonicResource,3,60000000000,0,0,0,1,0}
MemResourceStatus {NumaMonotonicResource,2,60000000000,1924156000,3368931192,27840712560,0,27840748968}
MemResourceStatus {NumaMonotonicResource,1,64000000000,1039541809,3685752717,18917318200,0,18917334131}
0: MemResourceStatus {MemManagerAggregate,18446744073709551615,124000000000,2963697809,7054683909,0,0,N/A}
1: MemResourceStatus {MemManagerAggregate,18446744073709551615,60000000000,0,0,0,1,N/A}
MemResourceStatus {DefaultResource,18446744073709551615,18446744073709551615,0,0,0,-1,N/A}
Quick Memory Usage Overview:
Used Capacity: 13239685859, 0
------------------------------------------
Executing script file: /home/umeshsum/tpch_queries/18.sql
[32m(release)[0m> select
[32m(release)[0m> 	c_name,
[32m(release)[0m> 	c_custkey,
[32m(release)[0m> 	o_orderkey,
[32m(release)[0m> 	o_orderdate,
[32m(release)[0m> 	o_totalprice,
[32m(release)[0m> 	sum(l_quantity)
[32m(release)[0m> from
[32m(release)[0m> 	customer,
[32m(release)[0m> 	orders,
[32m(release)[0m> 	lineitem
[32m(release)[0m> where
[32m(release)[0m> 	o_orderkey in (
[32m(release)[0m> 		select
[32m(release)[0m> 			l_orderkey
[32m(release)[0m> 		from
[32m(release)[0m> 			lineitem
[32m(release)[0m> 		group by
[32m(release)[0m> 			l_orderkey having
[32m(release)[0m> 				sum(l_quantity) > 300
[32m(release)[0m> 	)
[32m(release)[0m> 	and c_custkey = o_custkey
[32m(release)[0m> 	and o_orderkey = l_orderkey
[32m(release)[0m> group by
[32m(release)[0m> 	c_name,
[32m(release)[0m> 	c_custkey,
[32m(release)[0m> 	o_orderkey,
[32m(release)[0m> 	o_orderdate,
[32m(release)[0m> 	o_totalprice
[32m(release)[0m> order by
[32m(release)[0m> 	o_totalprice desc,
[32m(release)[0m> 	o_orderdate;
VmRSS Change: 92896 KB
===
624 rows total
Execution info: [PARSE: 58 µs 340 ns, SQL TRANSLATE: 0 ns, OPTIMIZE: 0 ns, LQP TRANSLATE: 39 µs 20 ns, EXECUTE: 911 ms 381 µs (wall time) | QUERY PLAN CACHE HITS: 1/1 statement(s)]
After reset, table use_count: 2
WARNING: Table still has 1 other owner(s) after pipeline reset!
Executing script file done
$:hsh mem_usage
------------------------------------------
Memory Usage Statistics:
VmSize:	215777316 kB
VmRSS:	61346980 kB
0: MemResourceStatus {MigratedColumnsAggregate,18446744073709551615,12610235929,10275988050,10275988050,0,0,N/A}
MemResourceStatus {NumaMonotonicResource,3,60000000000,0,0,0,1,0}
MemResourceStatus {NumaMonotonicResource,2,60000000000,1924156000,3368931192,32480831104,0,32480873592}
MemResourceStatus {NumaMonotonicResource,1,64000000000,1039541809,3685752717,18917318200,0,18917334131}
0: MemResourceStatus {MemManagerAggregate,18446744073709551615,124000000000,2963697809,7054683909,0,0,N/A}
1: MemResourceStatus {MemManagerAggregate,18446744073709551615,60000000000,0,0,0,1,N/A}
MemResourceStatus {DefaultResource,18446744073709551615,18446744073709551615,0,0,0,-1,N/A}
Quick Memory Usage Overview:
Used Capacity: 13239685859, 0
------------------------------------------
Executing script file: /home/umeshsum/tpch_queries/18.sql
[32m(release)[0m> select
[32m(release)[0m> 	c_name,
[32m(release)[0m> 	c_custkey,
[32m(release)[0m> 	o_orderkey,
[32m(release)[0m> 	o_orderdate,
[32m(release)[0m> 	o_totalprice,
[32m(release)[0m> 	sum(l_quantity)
[32m(release)[0m> from
[32m(release)[0m> 	customer,
[32m(release)[0m> 	orders,
[32m(release)[0m> 	lineitem
[32m(release)[0m> where
[32m(release)[0m> 	o_orderkey in (
[32m(release)[0m> 		select
[32m(release)[0m> 			l_orderkey
[32m(release)[0m> 		from
[32m(release)[0m> 			lineitem
[32m(release)[0m> 		group by
[32m(release)[0m> 			l_orderkey having
[32m(release)[0m> 				sum(l_quantity) > 300
[32m(release)[0m> 	)
[32m(release)[0m> 	and c_custkey = o_custkey
[32m(release)[0m> 	and o_orderkey = l_orderkey
[32m(release)[0m> group by
[32m(release)[0m> 	c_name,
[32m(release)[0m> 	c_custkey,
[32m(release)[0m> 	o_orderkey,
[32m(release)[0m> 	o_orderdate,
[32m(release)[0m> 	o_totalprice
[32m(release)[0m> order by
[32m(release)[0m> 	o_totalprice desc,
[32m(release)[0m> 	o_orderdate;
VmRSS Change: 1014664 KB
===
624 rows total
Execution info: [PARSE: 62 µs 419 ns, SQL TRANSLATE: 0 ns, OPTIMIZE: 0 ns, LQP TRANSLATE: 40 µs 60 ns, EXECUTE: 1 s 90 ms (wall time) | QUERY PLAN CACHE HITS: 1/1 statement(s)]
After reset, table use_count: 2
WARNING: Table still has 1 other owner(s) after pipeline reset!
Executing script file done
$:hsh mem_usage
------------------------------------------
Memory Usage Statistics:
VmSize:	215777316 kB
VmRSS:	62361180 kB
0: MemResourceStatus {MigratedColumnsAggregate,18446744073709551615,12610235929,10275988050,10275988050,0,0,N/A}
MemResourceStatus {NumaMonotonicResource,3,60000000000,0,0,0,1,0}
MemResourceStatus {NumaMonotonicResource,2,60000000000,1924156000,3368931192,37120949648,0,37120998184}
MemResourceStatus {NumaMonotonicResource,1,64000000000,1039541809,3685752717,18917318200,0,18917334131}
0: MemResourceStatus {MemManagerAggregate,18446744073709551615,124000000000,2963697809,7054683909,0,0,N/A}
1: MemResourceStatus {MemManagerAggregate,18446744073709551615,60000000000,0,0,0,1,N/A}
MemResourceStatus {DefaultResource,18446744073709551615,18446744073709551615,0,0,0,-1,N/A}
Quick Memory Usage Overview:
Used Capacity: 13239685859, 0
------------------------------------------
Executing script file: /home/umeshsum/tpch_queries/18.sql
[32m(release)[0m> select
[32m(release)[0m> 	c_name,
[32m(release)[0m> 	c_custkey,
[32m(release)[0m> 	o_orderkey,
[32m(release)[0m> 	o_orderdate,
[32m(release)[0m> 	o_totalprice,
[32m(release)[0m> 	sum(l_quantity)
[32m(release)[0m> from
[32m(release)[0m> 	customer,
[32m(release)[0m> 	orders,
[32m(release)[0m> 	lineitem
[32m(release)[0m> where
[32m(release)[0m> 	o_orderkey in (
[32m(release)[0m> 		select
[32m(release)[0m> 			l_orderkey
[32m(release)[0m> 		from
[32m(release)[0m> 			lineitem
[32m(release)[0m> 		group by
[32m(release)[0m> 			l_orderkey having
[32m(release)[0m> 				sum(l_quantity) > 300
[32m(release)[0m> 	)
[32m(release)[0m> 	and c_custkey = o_custkey
[32m(release)[0m> 	and o_orderkey = l_orderkey
[32m(release)[0m> group by
[32m(release)[0m> 	c_name,
[32m(release)[0m> 	c_custkey,
[32m(release)[0m> 	o_orderkey,
[32m(release)[0m> 	o_orderdate,
[32m(release)[0m> 	o_totalprice
[32m(release)[0m> order by
[32m(release)[0m> 	o_totalprice desc,
[32m(release)[0m> 	o_orderdate;
VmRSS Change: 2345384 KB
===
624 rows total
Execution info: [PARSE: 68 µs 640 ns, SQL TRANSLATE: 0 ns, OPTIMIZE: 0 ns, LQP TRANSLATE: 40 µs 840 ns, EXECUTE: 1 s 584 ms (wall time) | QUERY PLAN CACHE HITS: 1/1 statement(s)]
After reset, table use_count: 2
WARNING: Table still has 1 other owner(s) after pipeline reset!
Executing script file done
$:hsh mem_usage
------------------------------------------
Memory Usage Statistics:
VmSize:	215777316 kB
VmRSS:	64706516 kB
0: MemResourceStatus {MigratedColumnsAggregate,18446744073709551615,12610235929,10275988050,10275988050,0,0,N/A}
MemResourceStatus {NumaMonotonicResource,3,60000000000,0,0,0,1,0}
MemResourceStatus {NumaMonotonicResource,2,60000000000,1924156000,3368931192,41761068912,0,41761123496}
MemResourceStatus {NumaMonotonicResource,1,64000000000,1039541809,3685752717,18917318200,0,18917334131}
0: MemResourceStatus {MemManagerAggregate,18446744073709551615,124000000000,2963697809,7054683909,0,0,N/A}
1: MemResourceStatus {MemManagerAggregate,18446744073709551615,60000000000,0,0,0,1,N/A}
MemResourceStatus {DefaultResource,18446744073709551615,18446744073709551615,0,0,0,-1,N/A}
Quick Memory Usage Overview:
Used Capacity: 13239685859, 0
------------------------------------------
Executing script file: /home/umeshsum/tpch_queries/18.sql
[32m(release)[0m> select
[32m(release)[0m> 	c_name,
[32m(release)[0m> 	c_custkey,
[32m(release)[0m> 	o_orderkey,
[32m(release)[0m> 	o_orderdate,
[32m(release)[0m> 	o_totalprice,
[32m(release)[0m> 	sum(l_quantity)
[32m(release)[0m> from
[32m(release)[0m> 	customer,
[32m(release)[0m> 	orders,
[32m(release)[0m> 	lineitem
[32m(release)[0m> where
[32m(release)[0m> 	o_orderkey in (
[32m(release)[0m> 		select
[32m(release)[0m> 			l_orderkey
[32m(release)[0m> 		from
[32m(release)[0m> 			lineitem
[32m(release)[0m> 		group by
[32m(release)[0m> 			l_orderkey having
[32m(release)[0m> 				sum(l_quantity) > 300
[32m(release)[0m> 	)
[32m(release)[0m> 	and c_custkey = o_custkey
[32m(release)[0m> 	and o_orderkey = l_orderkey
[32m(release)[0m> group by
[32m(release)[0m> 	c_name,
[32m(release)[0m> 	c_custkey,
[32m(release)[0m> 	o_orderkey,
[32m(release)[0m> 	o_orderdate,
[32m(release)[0m> 	o_totalprice
[32m(release)[0m> order by
[32m(release)[0m> 	o_totalprice desc,
[32m(release)[0m> 	o_orderdate;
VmRSS Change: 2342904 KB
===
624 rows total
Execution info: [PARSE: 54 µs 859 ns, SQL TRANSLATE: 0 ns, OPTIMIZE: 0 ns, LQP TRANSLATE: 33 µs 660 ns, EXECUTE: 1 s 587 ms (wall time) | QUERY PLAN CACHE HITS: 1/1 statement(s)]
After reset, table use_count: 2
WARNING: Table still has 1 other owner(s) after pipeline reset!
Executing script file done
$:hsh mem_usage
------------------------------------------
Memory Usage Statistics:
VmSize:	215777316 kB
VmRSS:	67049420 kB
0: MemResourceStatus {MigratedColumnsAggregate,18446744073709551615,12610235929,10275988050,10275988050,0,0,N/A}
MemResourceStatus {NumaMonotonicResource,3,60000000000,0,0,0,1,0}
MemResourceStatus {NumaMonotonicResource,2,60000000000,1924156000,3368931192,46401188320,0,46401249000}
MemResourceStatus {NumaMonotonicResource,1,64000000000,1039541809,3685752717,18917318200,0,18917334131}
0: MemResourceStatus {MemManagerAggregate,18446744073709551615,124000000000,2963697809,7054683909,0,0,N/A}
1: MemResourceStatus {MemManagerAggregate,18446744073709551615,60000000000,0,0,0,1,N/A}
MemResourceStatus {DefaultResource,18446744073709551615,18446744073709551615,0,0,0,-1,N/A}
Quick Memory Usage Overview:
Used Capacity: 13239685859, 0
------------------------------------------
Label set to d60000000000_tf60000000000_q19
$:hsh clear_plan_caches
Cleared PQP and LQP caches
$:hsh clear_pipeline
Released last SQLPipeline
$:hsh reset_exec_pools
Reset execution pools (2, 3) bump pointers to start
$:hsh mem_usage
------------------------------------------
Memory Usage Statistics:
VmSize:	215777316 kB
VmRSS:	67049308 kB
0: MemResourceStatus {MigratedColumnsAggregate,18446744073709551615,12610235929,10275988050,10275988050,0,0,N/A}
MemResourceStatus {NumaMonotonicResource,3,60000000000,0,0,0,1,0}
MemResourceStatus {NumaMonotonicResource,2,60000000000,0,0,0,0,0}
MemResourceStatus {NumaMonotonicResource,1,64000000000,1039541809,3685752717,18917318200,0,18917334131}
0: MemResourceStatus {MemManagerAggregate,18446744073709551615,124000000000,1039541809,3685752717,0,0,N/A}
1: MemResourceStatus {MemManagerAggregate,18446744073709551615,60000000000,0,0,0,1,N/A}
MemResourceStatus {DefaultResource,18446744073709551615,18446744073709551615,0,0,0,-1,N/A}
Quick Memory Usage Overview:
Used Capacity: 11315529859, 0
------------------------------------------
Executing script file: /home/umeshsum/tpch_queries/19.sql
[32m(release)[0m> select
[32m(release)[0m> 	sum(l_extendedprice* (1 - l_discount)) as revenue
[32m(release)[0m> from
[32m(release)[0m> 	lineitem,
[32m(release)[0m> 	part
[32m(release)[0m> where
[32m(release)[0m> 	(
[32m(release)[0m> 		p_partkey = l_partkey
[32m(release)[0m> 		and p_brand = 'Brand#12'
[32m(release)[0m> 		and p_container in ('SM CASE', 'SM BOX', 'SM PACK', 'SM PKG')
[32m(release)[0m> 		and l_quantity >= 1 and l_quantity <= 1 + 10
[32m(release)[0m> 		and p_size between 1 and 5
[32m(release)[0m> 		and l_shipmode in ('AIR', 'AIR REG')
[32m(release)[0m> 		and l_shipinstruct = 'DELIVER IN PERSON'
[32m(release)[0m> 	)
[32m(release)[0m> 	or
[32m(release)[0m> 	(
[32m(release)[0m> 		p_partkey = l_partkey
[32m(release)[0m> 		and p_brand = 'Brand#23'
[32m(release)[0m> 		and p_container in ('MED BAG', 'MED BOX', 'MED PKG', 'MED PACK')
[32m(release)[0m> 		and l_quantity >= 10 and l_quantity <= 10 + 10
[32m(release)[0m> 		and p_size between 1 and 10
[32m(release)[0m> 		and l_shipmode in ('AIR', 'AIR REG')
[32m(release)[0m> 		and l_shipinstruct = 'DELIVER IN PERSON'
[32m(release)[0m> 	)
[32m(release)[0m> 	or
[32m(release)[0m> 	(
[32m(release)[0m> 		p_partkey = l_partkey
[32m(release)[0m> 		and p_brand = 'Brand#34'
[32m(release)[0m> 		and p_container in ('LG CASE', 'LG BOX', 'LG PACK', 'LG PKG')
[32m(release)[0m> 		and l_quantity >= 20 and l_quantity <= 20 + 10
[32m(release)[0m> 		and p_size between 1 and 15
[32m(release)[0m> 		and l_shipmode in ('AIR', 'AIR REG')
[32m(release)[0m> 		and l_shipinstruct = 'DELIVER IN PERSON'
[32m(release)[0m> 	);
VmRSS Change: 296 KB
===
1 rows total
Execution info: [PARSE: 125 µs 449 ns, SQL TRANSLATE: 213 µs 537 ns, OPTIMIZE: 7 ms 128 µs, LQP TRANSLATE: 706 µs 252 ns, EXECUTE: 61 ms 382 µs (wall time) | QUERY PLAN CACHE HITS: 0/1 statement(s)]
After reset, table use_count: 2
WARNING: Table still has 1 other owner(s) after pipeline reset!
Executing script file done
$:hsh mem_usage
------------------------------------------
Memory Usage Statistics:
VmSize:	215777316 kB
VmRSS:	67049708 kB
0: MemResourceStatus {MigratedColumnsAggregate,18446744073709551615,12610235929,10275988050,10275988050,0,0,N/A}
MemResourceStatus {NumaMonotonicResource,3,60000000000,0,0,0,1,0}
MemResourceStatus {NumaMonotonicResource,2,60000000000,468,125633670,421356942,0,421366232}
MemResourceStatus {NumaMonotonicResource,1,64000000000,1039541809,3685752717,18917318200,0,18917334131}
0: MemResourceStatus {MemManagerAggregate,18446744073709551615,124000000000,1039542277,3811386387,0,0,N/A}
1: MemResourceStatus {MemManagerAggregate,18446744073709551615,60000000000,0,0,0,1,N/A}
MemResourceStatus {DefaultResource,18446744073709551615,18446744073709551615,0,0,0,-1,N/A}
Quick Memory Usage Overview:
Used Capacity: 11315530327, 0
------------------------------------------
Executing script file: /home/umeshsum/tpch_queries/19.sql
[32m(release)[0m> select
[32m(release)[0m> 	sum(l_extendedprice* (1 - l_discount)) as revenue
[32m(release)[0m> from
[32m(release)[0m> 	lineitem,
[32m(release)[0m> 	part
[32m(release)[0m> where
[32m(release)[0m> 	(
[32m(release)[0m> 		p_partkey = l_partkey
[32m(release)[0m> 		and p_brand = 'Brand#12'
[32m(release)[0m> 		and p_container in ('SM CASE', 'SM BOX', 'SM PACK', 'SM PKG')
[32m(release)[0m> 		and l_quantity >= 1 and l_quantity <= 1 + 10
[32m(release)[0m> 		and p_size between 1 and 5
[32m(release)[0m> 		and l_shipmode in ('AIR', 'AIR REG')
[32m(release)[0m> 		and l_shipinstruct = 'DELIVER IN PERSON'
[32m(release)[0m> 	)
[32m(release)[0m> 	or
[32m(release)[0m> 	(
[32m(release)[0m> 		p_partkey = l_partkey
[32m(release)[0m> 		and p_brand = 'Brand#23'
[32m(release)[0m> 		and p_container in ('MED BAG', 'MED BOX', 'MED PKG', 'MED PACK')
[32m(release)[0m> 		and l_quantity >= 10 and l_quantity <= 10 + 10
[32m(release)[0m> 		and p_size between 1 and 10
[32m(release)[0m> 		and l_shipmode in ('AIR', 'AIR REG')
[32m(release)[0m> 		and l_shipinstruct = 'DELIVER IN PERSON'
[32m(release)[0m> 	)
[32m(release)[0m> 	or
[32m(release)[0m> 	(
[32m(release)[0m> 		p_partkey = l_partkey
[32m(release)[0m> 		and p_brand = 'Brand#34'
[32m(release)[0m> 		and p_container in ('LG CASE', 'LG BOX', 'LG PACK', 'LG PKG')
[32m(release)[0m> 		and l_quantity >= 20 and l_quantity <= 20 + 10
[32m(release)[0m> 		and p_size between 1 and 15
[32m(release)[0m> 		and l_shipmode in ('AIR', 'AIR REG')
[32m(release)[0m> 		and l_shipinstruct = 'DELIVER IN PERSON'
[32m(release)[0m> 	);
VmRSS Change: 18446744073709551148 KB
===
1 rows total
Execution info: [PARSE: 100 µs 879 ns, SQL TRANSLATE: 0 ns, OPTIMIZE: 0 ns, LQP TRANSLATE: 117 µs 598 ns, EXECUTE: 52 ms 34 µs (wall time) | QUERY PLAN CACHE HITS: 1/1 statement(s)]
After reset, table use_count: 2
WARNING: Table still has 1 other owner(s) after pipeline reset!
Executing script file done
$:hsh mem_usage
------------------------------------------
Memory Usage Statistics:
VmSize:	215777316 kB
VmRSS:	67049268 kB
0: MemResourceStatus {MigratedColumnsAggregate,18446744073709551615,12610235929,10275988050,10275988050,0,0,N/A}
MemResourceStatus {NumaMonotonicResource,3,60000000000,0,0,0,1,0}
MemResourceStatus {NumaMonotonicResource,2,60000000000,766,125688856,842701056,0,842719976}
MemResourceStatus {NumaMonotonicResource,1,64000000000,1039541809,3685752717,18917318200,0,18917334131}
0: MemResourceStatus {MemManagerAggregate,18446744073709551615,124000000000,1039542575,3811441573,0,0,N/A}
1: MemResourceStatus {MemManagerAggregate,18446744073709551615,60000000000,0,0,0,1,N/A}
MemResourceStatus {DefaultResource,18446744073709551615,18446744073709551615,0,0,0,-1,N/A}
Quick Memory Usage Overview:
Used Capacity: 11315530625, 0
------------------------------------------
Executing script file: /home/umeshsum/tpch_queries/19.sql
[32m(release)[0m> select
[32m(release)[0m> 	sum(l_extendedprice* (1 - l_discount)) as revenue
[32m(release)[0m> from
[32m(release)[0m> 	lineitem,
[32m(release)[0m> 	part
[32m(release)[0m> where
[32m(release)[0m> 	(
[32m(release)[0m> 		p_partkey = l_partkey
[32m(release)[0m> 		and p_brand = 'Brand#12'
[32m(release)[0m> 		and p_container in ('SM CASE', 'SM BOX', 'SM PACK', 'SM PKG')
[32m(release)[0m> 		and l_quantity >= 1 and l_quantity <= 1 + 10
[32m(release)[0m> 		and p_size between 1 and 5
[32m(release)[0m> 		and l_shipmode in ('AIR', 'AIR REG')
[32m(release)[0m> 		and l_shipinstruct = 'DELIVER IN PERSON'
[32m(release)[0m> 	)
[32m(release)[0m> 	or
[32m(release)[0m> 	(
[32m(release)[0m> 		p_partkey = l_partkey
[32m(release)[0m> 		and p_brand = 'Brand#23'
[32m(release)[0m> 		and p_container in ('MED BAG', 'MED BOX', 'MED PKG', 'MED PACK')
[32m(release)[0m> 		and l_quantity >= 10 and l_quantity <= 10 + 10
[32m(release)[0m> 		and p_size between 1 and 10
[32m(release)[0m> 		and l_shipmode in ('AIR', 'AIR REG')
[32m(release)[0m> 		and l_shipinstruct = 'DELIVER IN PERSON'
[32m(release)[0m> 	)
[32m(release)[0m> 	or
[32m(release)[0m> 	(
[32m(release)[0m> 		p_partkey = l_partkey
[32m(release)[0m> 		and p_brand = 'Brand#34'
[32m(release)[0m> 		and p_container in ('LG CASE', 'LG BOX', 'LG PACK', 'LG PKG')
[32m(release)[0m> 		and l_quantity >= 20 and l_quantity <= 20 + 10
[32m(release)[0m> 		and p_size between 1 and 15
[32m(release)[0m> 		and l_shipmode in ('AIR', 'AIR REG')
[32m(release)[0m> 		and l_shipinstruct = 'DELIVER IN PERSON'
[32m(release)[0m> 	);
VmRSS Change: 36 KB
===
1 rows total
Execution info: [PARSE: 84 µs 429 ns, SQL TRANSLATE: 0 ns, OPTIMIZE: 0 ns, LQP TRANSLATE: 81 µs 899 ns, EXECUTE: 49 ms 532 µs (wall time) | QUERY PLAN CACHE HITS: 1/1 statement(s)]
After reset, table use_count: 2
WARNING: Table still has 1 other owner(s) after pipeline reset!
Executing script file done
$:hsh mem_usage
------------------------------------------
Memory Usage Statistics:
VmSize:	215777316 kB
VmRSS:	67049304 kB
0: MemResourceStatus {MigratedColumnsAggregate,18446744073709551615,12610235929,10275988050,10275988050,0,0,N/A}
MemResourceStatus {NumaMonotonicResource,3,60000000000,0,0,0,1,0}
MemResourceStatus {NumaMonotonicResource,2,60000000000,766,125688856,1264019882,0,1264048072}
MemResourceStatus {NumaMonotonicResource,1,64000000000,1039541809,3685752717,18917318200,0,18917334131}
0: MemResourceStatus {MemManagerAggregate,18446744073709551615,124000000000,1039542575,3811441573,0,0,N/A}
1: MemResourceStatus {MemManagerAggregate,18446744073709551615,60000000000,0,0,0,1,N/A}
MemResourceStatus {DefaultResource,18446744073709551615,18446744073709551615,0,0,0,-1,N/A}
Quick Memory Usage Overview:
Used Capacity: 11315530625, 0
------------------------------------------
Executing script file: /home/umeshsum/tpch_queries/19.sql
[32m(release)[0m> select
[32m(release)[0m> 	sum(l_extendedprice* (1 - l_discount)) as revenue
[32m(release)[0m> from
[32m(release)[0m> 	lineitem,
[32m(release)[0m> 	part
[32m(release)[0m> where
[32m(release)[0m> 	(
[32m(release)[0m> 		p_partkey = l_partkey
[32m(release)[0m> 		and p_brand = 'Brand#12'
[32m(release)[0m> 		and p_container in ('SM CASE', 'SM BOX', 'SM PACK', 'SM PKG')
[32m(release)[0m> 		and l_quantity >= 1 and l_quantity <= 1 + 10
[32m(release)[0m> 		and p_size between 1 and 5
[32m(release)[0m> 		and l_shipmode in ('AIR', 'AIR REG')
[32m(release)[0m> 		and l_shipinstruct = 'DELIVER IN PERSON'
[32m(release)[0m> 	)
[32m(release)[0m> 	or
[32m(release)[0m> 	(
[32m(release)[0m> 		p_partkey = l_partkey
[32m(release)[0m> 		and p_brand = 'Brand#23'
[32m(release)[0m> 		and p_container in ('MED BAG', 'MED BOX', 'MED PKG', 'MED PACK')
[32m(release)[0m> 		and l_quantity >= 10 and l_quantity <= 10 + 10
[32m(release)[0m> 		and p_size between 1 and 10
[32m(release)[0m> 		and l_shipmode in ('AIR', 'AIR REG')
[32m(release)[0m> 		and l_shipinstruct = 'DELIVER IN PERSON'
[32m(release)[0m> 	)
[32m(release)[0m> 	or
[32m(release)[0m> 	(
[32m(release)[0m> 		p_partkey = l_partkey
[32m(release)[0m> 		and p_brand = 'Brand#34'
[32m(release)[0m> 		and p_container in ('LG CASE', 'LG BOX', 'LG PACK', 'LG PKG')
[32m(release)[0m> 		and l_quantity >= 20 and l_quantity <= 20 + 10
[32m(release)[0m> 		and p_size between 1 and 15
[32m(release)[0m> 		and l_shipmode in ('AIR', 'AIR REG')
[32m(release)[0m> 		and l_shipinstruct = 'DELIVER IN PERSON'
[32m(release)[0m> 	);
VmRSS Change: 232 KB
===
1 rows total
Execution info: [PARSE: 86 µs 779 ns, SQL TRANSLATE: 0 ns, OPTIMIZE: 0 ns, LQP TRANSLATE: 74 µs 609 ns, EXECUTE: 47 ms 890 µs (wall time) | QUERY PLAN CACHE HITS: 1/1 statement(s)]
After reset, table use_count: 2
WARNING: Table still has 1 other owner(s) after pipeline reset!
Executing script file done
$:hsh mem_usage
------------------------------------------
Memory Usage Statistics:
VmSize:	215777316 kB
VmRSS:	67049536 kB
0: MemResourceStatus {MigratedColumnsAggregate,18446744073709551615,12610235929,10275988050,10275988050,0,0,N/A}
MemResourceStatus {NumaMonotonicResource,3,60000000000,0,0,0,1,0}
MemResourceStatus {NumaMonotonicResource,2,60000000000,766,125688856,1685369916,0,1685407320}
MemResourceStatus {NumaMonotonicResource,1,64000000000,1039541809,3685752717,18917318200,0,18917334131}
0: MemResourceStatus {MemManagerAggregate,18446744073709551615,124000000000,1039542575,3811441573,0,0,N/A}
1: MemResourceStatus {MemManagerAggregate,18446744073709551615,60000000000,0,0,0,1,N/A}
MemResourceStatus {DefaultResource,18446744073709551615,18446744073709551615,0,0,0,-1,N/A}
Quick Memory Usage Overview:
Used Capacity: 11315530625, 0
------------------------------------------
Executing script file: /home/umeshsum/tpch_queries/19.sql
[32m(release)[0m> select
[32m(release)[0m> 	sum(l_extendedprice* (1 - l_discount)) as revenue
[32m(release)[0m> from
[32m(release)[0m> 	lineitem,
[32m(release)[0m> 	part
[32m(release)[0m> where
[32m(release)[0m> 	(
[32m(release)[0m> 		p_partkey = l_partkey
[32m(release)[0m> 		and p_brand = 'Brand#12'
[32m(release)[0m> 		and p_container in ('SM CASE', 'SM BOX', 'SM PACK', 'SM PKG')
[32m(release)[0m> 		and l_quantity >= 1 and l_quantity <= 1 + 10
[32m(release)[0m> 		and p_size between 1 and 5
[32m(release)[0m> 		and l_shipmode in ('AIR', 'AIR REG')
[32m(release)[0m> 		and l_shipinstruct = 'DELIVER IN PERSON'
[32m(release)[0m> 	)
[32m(release)[0m> 	or
[32m(release)[0m> 	(
[32m(release)[0m> 		p_partkey = l_partkey
[32m(release)[0m> 		and p_brand = 'Brand#23'
[32m(release)[0m> 		and p_container in ('MED BAG', 'MED BOX', 'MED PKG', 'MED PACK')
[32m(release)[0m> 		and l_quantity >= 10 and l_quantity <= 10 + 10
[32m(release)[0m> 		and p_size between 1 and 10
[32m(release)[0m> 		and l_shipmode in ('AIR', 'AIR REG')
[32m(release)[0m> 		and l_shipinstruct = 'DELIVER IN PERSON'
[32m(release)[0m> 	)
[32m(release)[0m> 	or
[32m(release)[0m> 	(
[32m(release)[0m> 		p_partkey = l_partkey
[32m(release)[0m> 		and p_brand = 'Brand#34'
[32m(release)[0m> 		and p_container in ('LG CASE', 'LG BOX', 'LG PACK', 'LG PKG')
[32m(release)[0m> 		and l_quantity >= 20 and l_quantity <= 20 + 10
[32m(release)[0m> 		and p_size between 1 and 15
[32m(release)[0m> 		and l_shipmode in ('AIR', 'AIR REG')
[32m(release)[0m> 		and l_shipinstruct = 'DELIVER IN PERSON'
[32m(release)[0m> 	);
VmRSS Change: 44 KB
===
1 rows total
Execution info: [PARSE: 117 µs 449 ns, SQL TRANSLATE: 0 ns, OPTIMIZE: 0 ns, LQP TRANSLATE: 82 µs 819 ns, EXECUTE: 47 ms 337 µs (wall time) | QUERY PLAN CACHE HITS: 1/1 statement(s)]
After reset, table use_count: 2
WARNING: Table still has 1 other owner(s) after pipeline reset!
Executing script file done
$:hsh mem_usage
------------------------------------------
Memory Usage Statistics:
VmSize:	215777316 kB
VmRSS:	67049584 kB
0: MemResourceStatus {MigratedColumnsAggregate,18446744073709551615,12610235929,10275988050,10275988050,0,0,N/A}
MemResourceStatus {NumaMonotonicResource,3,60000000000,0,0,0,1,0}
MemResourceStatus {NumaMonotonicResource,2,60000000000,766,125688856,2106683326,0,2106729528}
MemResourceStatus {NumaMonotonicResource,1,64000000000,1039541809,3685752717,18917318200,0,18917334131}
0: MemResourceStatus {MemManagerAggregate,18446744073709551615,124000000000,1039542575,3811441573,0,0,N/A}
1: MemResourceStatus {MemManagerAggregate,18446744073709551615,60000000000,0,0,0,1,N/A}
MemResourceStatus {DefaultResource,18446744073709551615,18446744073709551615,0,0,0,-1,N/A}
Quick Memory Usage Overview:
Used Capacity: 11315530625, 0
------------------------------------------
Executing script file: /home/umeshsum/tpch_queries/19.sql
[32m(release)[0m> select
[32m(release)[0m> 	sum(l_extendedprice* (1 - l_discount)) as revenue
[32m(release)[0m> from
[32m(release)[0m> 	lineitem,
[32m(release)[0m> 	part
[32m(release)[0m> where
[32m(release)[0m> 	(
[32m(release)[0m> 		p_partkey = l_partkey
[32m(release)[0m> 		and p_brand = 'Brand#12'
[32m(release)[0m> 		and p_container in ('SM CASE', 'SM BOX', 'SM PACK', 'SM PKG')
[32m(release)[0m> 		and l_quantity >= 1 and l_quantity <= 1 + 10
[32m(release)[0m> 		and p_size between 1 and 5
[32m(release)[0m> 		and l_shipmode in ('AIR', 'AIR REG')
[32m(release)[0m> 		and l_shipinstruct = 'DELIVER IN PERSON'
[32m(release)[0m> 	)
[32m(release)[0m> 	or
[32m(release)[0m> 	(
[32m(release)[0m> 		p_partkey = l_partkey
[32m(release)[0m> 		and p_brand = 'Brand#23'
[32m(release)[0m> 		and p_container in ('MED BAG', 'MED BOX', 'MED PKG', 'MED PACK')
[32m(release)[0m> 		and l_quantity >= 10 and l_quantity <= 10 + 10
[32m(release)[0m> 		and p_size between 1 and 10
[32m(release)[0m> 		and l_shipmode in ('AIR', 'AIR REG')
[32m(release)[0m> 		and l_shipinstruct = 'DELIVER IN PERSON'
[32m(release)[0m> 	)
[32m(release)[0m> 	or
[32m(release)[0m> 	(
[32m(release)[0m> 		p_partkey = l_partkey
[32m(release)[0m> 		and p_brand = 'Brand#34'
[32m(release)[0m> 		and p_container in ('LG CASE', 'LG BOX', 'LG PACK', 'LG PKG')
[32m(release)[0m> 		and l_quantity >= 20 and l_quantity <= 20 + 10
[32m(release)[0m> 		and p_size between 1 and 15
[32m(release)[0m> 		and l_shipmode in ('AIR', 'AIR REG')
[32m(release)[0m> 		and l_shipinstruct = 'DELIVER IN PERSON'
[32m(release)[0m> 	);
VmRSS Change: 4 KB
===
1 rows total
Execution info: [PARSE: 92 µs 719 ns, SQL TRANSLATE: 0 ns, OPTIMIZE: 0 ns, LQP TRANSLATE: 85 µs 959 ns, EXECUTE: 47 ms 201 µs (wall time) | QUERY PLAN CACHE HITS: 1/1 statement(s)]
After reset, table use_count: 2
WARNING: Table still has 1 other owner(s) after pipeline reset!
Executing script file done
$:hsh mem_usage
------------------------------------------
Memory Usage Statistics:
VmSize:	215777316 kB
VmRSS:	67049588 kB
0: MemResourceStatus {MigratedColumnsAggregate,18446744073709551615,12610235929,10275988050,10275988050,0,0,N/A}
MemResourceStatus {NumaMonotonicResource,3,60000000000,0,0,0,1,0}
MemResourceStatus {NumaMonotonicResource,2,60000000000,766,125688856,2528059848,0,2528115064}
MemResourceStatus {NumaMonotonicResource,1,64000000000,1039541809,3685752717,18917318200,0,18917334131}
0: MemResourceStatus {MemManagerAggregate,18446744073709551615,124000000000,1039542575,3811441573,0,0,N/A}
1: MemResourceStatus {MemManagerAggregate,18446744073709551615,60000000000,0,0,0,1,N/A}
MemResourceStatus {DefaultResource,18446744073709551615,18446744073709551615,0,0,0,-1,N/A}
Quick Memory Usage Overview:
Used Capacity: 11315530625, 0
------------------------------------------
Executing script file: /home/umeshsum/tpch_queries/19.sql
[32m(release)[0m> select
[32m(release)[0m> 	sum(l_extendedprice* (1 - l_discount)) as revenue
[32m(release)[0m> from
[32m(release)[0m> 	lineitem,
[32m(release)[0m> 	part
[32m(release)[0m> where
[32m(release)[0m> 	(
[32m(release)[0m> 		p_partkey = l_partkey
[32m(release)[0m> 		and p_brand = 'Brand#12'
[32m(release)[0m> 		and p_container in ('SM CASE', 'SM BOX', 'SM PACK', 'SM PKG')
[32m(release)[0m> 		and l_quantity >= 1 and l_quantity <= 1 + 10
[32m(release)[0m> 		and p_size between 1 and 5
[32m(release)[0m> 		and l_shipmode in ('AIR', 'AIR REG')
[32m(release)[0m> 		and l_shipinstruct = 'DELIVER IN PERSON'
[32m(release)[0m> 	)
[32m(release)[0m> 	or
[32m(release)[0m> 	(
[32m(release)[0m> 		p_partkey = l_partkey
[32m(release)[0m> 		and p_brand = 'Brand#23'
[32m(release)[0m> 		and p_container in ('MED BAG', 'MED BOX', 'MED PKG', 'MED PACK')
[32m(release)[0m> 		and l_quantity >= 10 and l_quantity <= 10 + 10
[32m(release)[0m> 		and p_size between 1 and 10
[32m(release)[0m> 		and l_shipmode in ('AIR', 'AIR REG')
[32m(release)[0m> 		and l_shipinstruct = 'DELIVER IN PERSON'
[32m(release)[0m> 	)
[32m(release)[0m> 	or
[32m(release)[0m> 	(
[32m(release)[0m> 		p_partkey = l_partkey
[32m(release)[0m> 		and p_brand = 'Brand#34'
[32m(release)[0m> 		and p_container in ('LG CASE', 'LG BOX', 'LG PACK', 'LG PKG')
[32m(release)[0m> 		and l_quantity >= 20 and l_quantity <= 20 + 10
[32m(release)[0m> 		and p_size between 1 and 15
[32m(release)[0m> 		and l_shipmode in ('AIR', 'AIR REG')
[32m(release)[0m> 		and l_shipinstruct = 'DELIVER IN PERSON'
[32m(release)[0m> 	);
VmRSS Change: 120 KB
===
1 rows total
Execution info: [PARSE: 100 µs 19 ns, SQL TRANSLATE: 0 ns, OPTIMIZE: 0 ns, LQP TRANSLATE: 80 µs 689 ns, EXECUTE: 45 ms 690 µs (wall time) | QUERY PLAN CACHE HITS: 1/1 statement(s)]
After reset, table use_count: 2
WARNING: Table still has 1 other owner(s) after pipeline reset!
Executing script file done
$:hsh mem_usage
------------------------------------------
Memory Usage Statistics:
VmSize:	215777316 kB
VmRSS:	67049708 kB
0: MemResourceStatus {MigratedColumnsAggregate,18446744073709551615,12610235929,10275988050,10275988050,0,0,N/A}
MemResourceStatus {NumaMonotonicResource,3,60000000000,0,0,0,1,0}
MemResourceStatus {NumaMonotonicResource,2,60000000000,766,125688856,2949413138,0,2949477288}
MemResourceStatus {NumaMonotonicResource,1,64000000000,1039541809,3685752717,18917318200,0,18917334131}
0: MemResourceStatus {MemManagerAggregate,18446744073709551615,124000000000,1039542575,3811441573,0,0,N/A}
1: MemResourceStatus {MemManagerAggregate,18446744073709551615,60000000000,0,0,0,1,N/A}
MemResourceStatus {DefaultResource,18446744073709551615,18446744073709551615,0,0,0,-1,N/A}
Quick Memory Usage Overview:
Used Capacity: 11315530625, 0
------------------------------------------
Executing script file: /home/umeshsum/tpch_queries/19.sql
[32m(release)[0m> select
[32m(release)[0m> 	sum(l_extendedprice* (1 - l_discount)) as revenue
[32m(release)[0m> from
[32m(release)[0m> 	lineitem,
[32m(release)[0m> 	part
[32m(release)[0m> where
[32m(release)[0m> 	(
[32m(release)[0m> 		p_partkey = l_partkey
[32m(release)[0m> 		and p_brand = 'Brand#12'
[32m(release)[0m> 		and p_container in ('SM CASE', 'SM BOX', 'SM PACK', 'SM PKG')
[32m(release)[0m> 		and l_quantity >= 1 and l_quantity <= 1 + 10
[32m(release)[0m> 		and p_size between 1 and 5
[32m(release)[0m> 		and l_shipmode in ('AIR', 'AIR REG')
[32m(release)[0m> 		and l_shipinstruct = 'DELIVER IN PERSON'
[32m(release)[0m> 	)
[32m(release)[0m> 	or
[32m(release)[0m> 	(
[32m(release)[0m> 		p_partkey = l_partkey
[32m(release)[0m> 		and p_brand = 'Brand#23'
[32m(release)[0m> 		and p_container in ('MED BAG', 'MED BOX', 'MED PKG', 'MED PACK')
[32m(release)[0m> 		and l_quantity >= 10 and l_quantity <= 10 + 10
[32m(release)[0m> 		and p_size between 1 and 10
[32m(release)[0m> 		and l_shipmode in ('AIR', 'AIR REG')
[32m(release)[0m> 		and l_shipinstruct = 'DELIVER IN PERSON'
[32m(release)[0m> 	)
[32m(release)[0m> 	or
[32m(release)[0m> 	(
[32m(release)[0m> 		p_partkey = l_partkey
[32m(release)[0m> 		and p_brand = 'Brand#34'
[32m(release)[0m> 		and p_container in ('LG CASE', 'LG BOX', 'LG PACK', 'LG PKG')
[32m(release)[0m> 		and l_quantity >= 20 and l_quantity <= 20 + 10
[32m(release)[0m> 		and p_size between 1 and 15
[32m(release)[0m> 		and l_shipmode in ('AIR', 'AIR REG')
[32m(release)[0m> 		and l_shipinstruct = 'DELIVER IN PERSON'
[32m(release)[0m> 	);
VmRSS Change: 108 KB
===
1 rows total
Execution info: [PARSE: 83 µs 839 ns, SQL TRANSLATE: 0 ns, OPTIMIZE: 0 ns, LQP TRANSLATE: 83 µs 609 ns, EXECUTE: 45 ms 463 µs (wall time) | QUERY PLAN CACHE HITS: 1/1 statement(s)]
After reset, table use_count: 2
WARNING: Table still has 1 other owner(s) after pipeline reset!
Executing script file done
$:hsh mem_usage
------------------------------------------
Memory Usage Statistics:
VmSize:	215777316 kB
VmRSS:	67049816 kB
0: MemResourceStatus {MigratedColumnsAggregate,18446744073709551615,12610235929,10275988050,10275988050,0,0,N/A}
MemResourceStatus {NumaMonotonicResource,3,60000000000,0,0,0,1,0}
MemResourceStatus {NumaMonotonicResource,2,60000000000,766,125688856,3370805284,0,3370878552}
MemResourceStatus {NumaMonotonicResource,1,64000000000,1039541809,3685752717,18917318200,0,18917334131}
0: MemResourceStatus {MemManagerAggregate,18446744073709551615,124000000000,1039542575,3811441573,0,0,N/A}
1: MemResourceStatus {MemManagerAggregate,18446744073709551615,60000000000,0,0,0,1,N/A}
MemResourceStatus {DefaultResource,18446744073709551615,18446744073709551615,0,0,0,-1,N/A}
Quick Memory Usage Overview:
Used Capacity: 11315530625, 0
------------------------------------------
Executing script file: /home/umeshsum/tpch_queries/19.sql
[32m(release)[0m> select
[32m(release)[0m> 	sum(l_extendedprice* (1 - l_discount)) as revenue
[32m(release)[0m> from
[32m(release)[0m> 	lineitem,
[32m(release)[0m> 	part
[32m(release)[0m> where
[32m(release)[0m> 	(
[32m(release)[0m> 		p_partkey = l_partkey
[32m(release)[0m> 		and p_brand = 'Brand#12'
[32m(release)[0m> 		and p_container in ('SM CASE', 'SM BOX', 'SM PACK', 'SM PKG')
[32m(release)[0m> 		and l_quantity >= 1 and l_quantity <= 1 + 10
[32m(release)[0m> 		and p_size between 1 and 5
[32m(release)[0m> 		and l_shipmode in ('AIR', 'AIR REG')
[32m(release)[0m> 		and l_shipinstruct = 'DELIVER IN PERSON'
[32m(release)[0m> 	)
[32m(release)[0m> 	or
[32m(release)[0m> 	(
[32m(release)[0m> 		p_partkey = l_partkey
[32m(release)[0m> 		and p_brand = 'Brand#23'
[32m(release)[0m> 		and p_container in ('MED BAG', 'MED BOX', 'MED PKG', 'MED PACK')
[32m(release)[0m> 		and l_quantity >= 10 and l_quantity <= 10 + 10
[32m(release)[0m> 		and p_size between 1 and 10
[32m(release)[0m> 		and l_shipmode in ('AIR', 'AIR REG')
[32m(release)[0m> 		and l_shipinstruct = 'DELIVER IN PERSON'
[32m(release)[0m> 	)
[32m(release)[0m> 	or
[32m(release)[0m> 	(
[32m(release)[0m> 		p_partkey = l_partkey
[32m(release)[0m> 		and p_brand = 'Brand#34'
[32m(release)[0m> 		and p_container in ('LG CASE', 'LG BOX', 'LG PACK', 'LG PKG')
[32m(release)[0m> 		and l_quantity >= 20 and l_quantity <= 20 + 10
[32m(release)[0m> 		and p_size between 1 and 15
[32m(release)[0m> 		and l_shipmode in ('AIR', 'AIR REG')
[32m(release)[0m> 		and l_shipinstruct = 'DELIVER IN PERSON'
[32m(release)[0m> 	);
VmRSS Change: 164 KB
===
1 rows total
Execution info: [PARSE: 85 µs 599 ns, SQL TRANSLATE: 0 ns, OPTIMIZE: 0 ns, LQP TRANSLATE: 84 µs 629 ns, EXECUTE: 45 ms 952 µs (wall time) | QUERY PLAN CACHE HITS: 1/1 statement(s)]
After reset, table use_count: 2
WARNING: Table still has 1 other owner(s) after pipeline reset!
Executing script file done
$:hsh mem_usage
------------------------------------------
Memory Usage Statistics:
VmSize:	215777316 kB
VmRSS:	67049980 kB
0: MemResourceStatus {MigratedColumnsAggregate,18446744073709551615,12610235929,10275988050,10275988050,0,0,N/A}
MemResourceStatus {NumaMonotonicResource,3,60000000000,0,0,0,1,0}
MemResourceStatus {NumaMonotonicResource,2,60000000000,766,125688856,3792171486,0,3792253752}
MemResourceStatus {NumaMonotonicResource,1,64000000000,1039541809,3685752717,18917318200,0,18917334131}
0: MemResourceStatus {MemManagerAggregate,18446744073709551615,124000000000,1039542575,3811441573,0,0,N/A}
1: MemResourceStatus {MemManagerAggregate,18446744073709551615,60000000000,0,0,0,1,N/A}
MemResourceStatus {DefaultResource,18446744073709551615,18446744073709551615,0,0,0,-1,N/A}
Quick Memory Usage Overview:
Used Capacity: 11315530625, 0
------------------------------------------
Executing script file: /home/umeshsum/tpch_queries/19.sql
[32m(release)[0m> select
[32m(release)[0m> 	sum(l_extendedprice* (1 - l_discount)) as revenue
[32m(release)[0m> from
[32m(release)[0m> 	lineitem,
[32m(release)[0m> 	part
[32m(release)[0m> where
[32m(release)[0m> 	(
[32m(release)[0m> 		p_partkey = l_partkey
[32m(release)[0m> 		and p_brand = 'Brand#12'
[32m(release)[0m> 		and p_container in ('SM CASE', 'SM BOX', 'SM PACK', 'SM PKG')
[32m(release)[0m> 		and l_quantity >= 1 and l_quantity <= 1 + 10
[32m(release)[0m> 		and p_size between 1 and 5
[32m(release)[0m> 		and l_shipmode in ('AIR', 'AIR REG')
[32m(release)[0m> 		and l_shipinstruct = 'DELIVER IN PERSON'
[32m(release)[0m> 	)
[32m(release)[0m> 	or
[32m(release)[0m> 	(
[32m(release)[0m> 		p_partkey = l_partkey
[32m(release)[0m> 		and p_brand = 'Brand#23'
[32m(release)[0m> 		and p_container in ('MED BAG', 'MED BOX', 'MED PKG', 'MED PACK')
[32m(release)[0m> 		and l_quantity >= 10 and l_quantity <= 10 + 10
[32m(release)[0m> 		and p_size between 1 and 10
[32m(release)[0m> 		and l_shipmode in ('AIR', 'AIR REG')
[32m(release)[0m> 		and l_shipinstruct = 'DELIVER IN PERSON'
[32m(release)[0m> 	)
[32m(release)[0m> 	or
[32m(release)[0m> 	(
[32m(release)[0m> 		p_partkey = l_partkey
[32m(release)[0m> 		and p_brand = 'Brand#34'
[32m(release)[0m> 		and p_container in ('LG CASE', 'LG BOX', 'LG PACK', 'LG PKG')
[32m(release)[0m> 		and l_quantity >= 20 and l_quantity <= 20 + 10
[32m(release)[0m> 		and p_size between 1 and 15
[32m(release)[0m> 		and l_shipmode in ('AIR', 'AIR REG')
[32m(release)[0m> 		and l_shipinstruct = 'DELIVER IN PERSON'
[32m(release)[0m> 	);
VmRSS Change: 60 KB
===
1 rows total
Execution info: [PARSE: 92 µs 959 ns, SQL TRANSLATE: 0 ns, OPTIMIZE: 0 ns, LQP TRANSLATE: 87 µs 109 ns, EXECUTE: 44 ms 371 µs (wall time) | QUERY PLAN CACHE HITS: 1/1 statement(s)]
After reset, table use_count: 2
WARNING: Table still has 1 other owner(s) after pipeline reset!
Executing script file done
$:hsh mem_usage
------------------------------------------
Memory Usage Statistics:
VmSize:	215777316 kB
VmRSS:	67050040 kB
0: MemResourceStatus {MigratedColumnsAggregate,18446744073709551615,12610235929,10275988050,10275988050,0,0,N/A}
MemResourceStatus {NumaMonotonicResource,3,60000000000,0,0,0,1,0}
MemResourceStatus {NumaMonotonicResource,2,60000000000,766,125688856,4213537608,0,4213628712}
MemResourceStatus {NumaMonotonicResource,1,64000000000,1039541809,3685752717,18917318200,0,18917334131}
0: MemResourceStatus {MemManagerAggregate,18446744073709551615,124000000000,1039542575,3811441573,0,0,N/A}
1: MemResourceStatus {MemManagerAggregate,18446744073709551615,60000000000,0,0,0,1,N/A}
MemResourceStatus {DefaultResource,18446744073709551615,18446744073709551615,0,0,0,-1,N/A}
Quick Memory Usage Overview:
Used Capacity: 11315530625, 0
------------------------------------------
Label set to d60000000000_tf60000000000_q1
$:hsh clear_plan_caches
Cleared PQP and LQP caches
$:hsh clear_pipeline
Released last SQLPipeline
$:hsh reset_exec_pools
Reset execution pools (2, 3) bump pointers to start
$:hsh mem_usage
------------------------------------------
Memory Usage Statistics:
VmSize:	215777316 kB
VmRSS:	67050040 kB
0: MemResourceStatus {MigratedColumnsAggregate,18446744073709551615,12610235929,10275988050,10275988050,0,0,N/A}
MemResourceStatus {NumaMonotonicResource,3,60000000000,0,0,0,1,0}
MemResourceStatus {NumaMonotonicResource,2,60000000000,0,0,0,0,0}
MemResourceStatus {NumaMonotonicResource,1,64000000000,1039541809,3685752717,18917318200,0,18917334131}
0: MemResourceStatus {MemManagerAggregate,18446744073709551615,124000000000,1039541809,3685752717,0,0,N/A}
1: MemResourceStatus {MemManagerAggregate,18446744073709551615,60000000000,0,0,0,1,N/A}
MemResourceStatus {DefaultResource,18446744073709551615,18446744073709551615,0,0,0,-1,N/A}
Quick Memory Usage Overview:
Used Capacity: 11315529859, 0
------------------------------------------
Executing script file: /home/umeshsum/tpch_queries/1.sql
[32m(release)[0m> select
[32m(release)[0m> 	l_returnflag,
[32m(release)[0m> 	l_linestatus,
[32m(release)[0m> 	sum(l_quantity) as sum_qty,
[32m(release)[0m> 	sum(l_extendedprice) as sum_base_price,
[32m(release)[0m> 	sum(l_extendedprice * (1 - l_discount)) as sum_disc_price,
[32m(release)[0m> 	sum(l_extendedprice * (1 - l_discount) * (1 + l_tax)) as sum_charge,
[32m(release)[0m> 	avg(l_quantity) as avg_qty,
[32m(release)[0m> 	avg(l_extendedprice) as avg_price,
[32m(release)[0m> 	avg(l_discount) as avg_disc,
[32m(release)[0m> 	count(*) as count_order
[32m(release)[0m> from
[32m(release)[0m> 	lineitem
[32m(release)[0m> where
[32m(release)[0m> 	l_shipdate <= date '1998-12-01' - interval '90' day
[32m(release)[0m> group by
[32m(release)[0m> 	l_returnflag,
[32m(release)[0m> 	l_linestatus
[32m(release)[0m> order by
[32m(release)[0m> 	l_returnflag,
[32m(release)[0m> 	l_linestatus;
VmRSS Change: 472 KB
===
4 rows total
Execution info: [PARSE: 65 µs 190 ns, SQL TRANSLATE: 146 µs 548 ns, OPTIMIZE: 1 ms 529 µs, LQP TRANSLATE: 146 µs 799 ns, EXECUTE: 3 s 579 ms (wall time) | QUERY PLAN CACHE HITS: 0/1 statement(s)]
After reset, table use_count: 2
WARNING: Table still has 1 other owner(s) after pipeline reset!
Executing script file done
$:hsh mem_usage
------------------------------------------
Memory Usage Statistics:
VmSize:	215777316 kB
VmRSS:	67050504 kB
0: MemResourceStatus {MigratedColumnsAggregate,18446744073709551615,12610235929,10275988050,10275988050,0,0,N/A}
MemResourceStatus {NumaMonotonicResource,3,60000000000,0,0,0,1,0}
MemResourceStatus {NumaMonotonicResource,2,60000000000,5351104,2855253120,4998071900,0,4998078256}
MemResourceStatus {NumaMonotonicResource,1,64000000000,1039541809,3685752717,18917318200,0,18917334131}
0: MemResourceStatus {MemManagerAggregate,18446744073709551615,124000000000,1044892913,6541005837,0,0,N/A}
1: MemResourceStatus {MemManagerAggregate,18446744073709551615,60000000000,0,0,0,1,N/A}
MemResourceStatus {DefaultResource,18446744073709551615,18446744073709551615,0,0,0,-1,N/A}
Quick Memory Usage Overview:
Used Capacity: 11320880963, 0
------------------------------------------
Executing script file: /home/umeshsum/tpch_queries/1.sql
[32m(release)[0m> select
[32m(release)[0m> 	l_returnflag,
[32m(release)[0m> 	l_linestatus,
[32m(release)[0m> 	sum(l_quantity) as sum_qty,
[32m(release)[0m> 	sum(l_extendedprice) as sum_base_price,
[32m(release)[0m> 	sum(l_extendedprice * (1 - l_discount)) as sum_disc_price,
[32m(release)[0m> 	sum(l_extendedprice * (1 - l_discount) * (1 + l_tax)) as sum_charge,
[32m(release)[0m> 	avg(l_quantity) as avg_qty,
[32m(release)[0m> 	avg(l_extendedprice) as avg_price,
[32m(release)[0m> 	avg(l_discount) as avg_disc,
[32m(release)[0m> 	count(*) as count_order
[32m(release)[0m> from
[32m(release)[0m> 	lineitem
[32m(release)[0m> where
[32m(release)[0m> 	l_shipdate <= date '1998-12-01' - interval '90' day
[32m(release)[0m> group by
[32m(release)[0m> 	l_returnflag,
[32m(release)[0m> 	l_linestatus
[32m(release)[0m> order by
[32m(release)[0m> 	l_returnflag,
[32m(release)[0m> 	l_linestatus;
VmRSS Change: 18446744073709551540 KB
===
4 rows total
Execution info: [PARSE: 77 µs 529 ns, SQL TRANSLATE: 0 ns, OPTIMIZE: 0 ns, LQP TRANSLATE: 59 µs 680 ns, EXECUTE: 3 s 549 ms (wall time) | QUERY PLAN CACHE HITS: 1/1 statement(s)]
After reset, table use_count: 2
WARNING: Table still has 1 other owner(s) after pipeline reset!
Executing script file done
$:hsh mem_usage
------------------------------------------
Memory Usage Statistics:
VmSize:	215777316 kB
VmRSS:	67050428 kB
0: MemResourceStatus {MigratedColumnsAggregate,18446744073709551615,12610235929,10275988050,10275988050,0,0,N/A}
MemResourceStatus {NumaMonotonicResource,3,60000000000,0,0,0,1,0}
MemResourceStatus {NumaMonotonicResource,2,60000000000,5455920,2855357936,9996143800,0,9996156448}
MemResourceStatus {NumaMonotonicResource,1,64000000000,1039541809,3685752717,18917318200,0,18917334131}
0: MemResourceStatus {MemManagerAggregate,18446744073709551615,124000000000,1044997729,6541110653,0,0,N/A}
1: MemResourceStatus {MemManagerAggregate,18446744073709551615,60000000000,0,0,0,1,N/A}
MemResourceStatus {DefaultResource,18446744073709551615,18446744073709551615,0,0,0,-1,N/A}
Quick Memory Usage Overview:
Used Capacity: 11320985779, 0
------------------------------------------
Executing script file: /home/umeshsum/tpch_queries/1.sql
[32m(release)[0m> select
[32m(release)[0m> 	l_returnflag,
[32m(release)[0m> 	l_linestatus,
[32m(release)[0m> 	sum(l_quantity) as sum_qty,
[32m(release)[0m> 	sum(l_extendedprice) as sum_base_price,
[32m(release)[0m> 	sum(l_extendedprice * (1 - l_discount)) as sum_disc_price,
[32m(release)[0m> 	sum(l_extendedprice * (1 - l_discount) * (1 + l_tax)) as sum_charge,
[32m(release)[0m> 	avg(l_quantity) as avg_qty,
[32m(release)[0m> 	avg(l_extendedprice) as avg_price,
[32m(release)[0m> 	avg(l_discount) as avg_disc,
[32m(release)[0m> 	count(*) as count_order
[32m(release)[0m> from
[32m(release)[0m> 	lineitem
[32m(release)[0m> where
[32m(release)[0m> 	l_shipdate <= date '1998-12-01' - interval '90' day
[32m(release)[0m> group by
[32m(release)[0m> 	l_returnflag,
[32m(release)[0m> 	l_linestatus
[32m(release)[0m> order by
[32m(release)[0m> 	l_returnflag,
[32m(release)[0m> 	l_linestatus;
VmRSS Change: 4008 KB
===
4 rows total
Execution info: [PARSE: 79 µs 879 ns, SQL TRANSLATE: 0 ns, OPTIMIZE: 0 ns, LQP TRANSLATE: 49 µs 819 ns, EXECUTE: 3 s 553 ms (wall time) | QUERY PLAN CACHE HITS: 1/1 statement(s)]
After reset, table use_count: 2
WARNING: Table still has 1 other owner(s) after pipeline reset!
Executing script file done
$:hsh mem_usage
------------------------------------------
Memory Usage Statistics:
VmSize:	215777316 kB
VmRSS:	67054436 kB
0: MemResourceStatus {MigratedColumnsAggregate,18446744073709551615,12610235929,10275988050,10275988050,0,0,N/A}
MemResourceStatus {NumaMonotonicResource,3,60000000000,0,0,0,1,0}
MemResourceStatus {NumaMonotonicResource,2,60000000000,5455920,2855357936,14994215700,0,14994234832}
MemResourceStatus {NumaMonotonicResource,1,64000000000,1039541809,3685752717,18917318200,0,18917334131}
0: MemResourceStatus {MemManagerAggregate,18446744073709551615,124000000000,1044997729,6541110653,0,0,N/A}
1: MemResourceStatus {MemManagerAggregate,18446744073709551615,60000000000,0,0,0,1,N/A}
MemResourceStatus {DefaultResource,18446744073709551615,18446744073709551615,0,0,0,-1,N/A}
Quick Memory Usage Overview:
Used Capacity: 11320985779, 0
------------------------------------------
Executing script file: /home/umeshsum/tpch_queries/1.sql
[32m(release)[0m> select
[32m(release)[0m> 	l_returnflag,
[32m(release)[0m> 	l_linestatus,
[32m(release)[0m> 	sum(l_quantity) as sum_qty,
[32m(release)[0m> 	sum(l_extendedprice) as sum_base_price,
[32m(release)[0m> 	sum(l_extendedprice * (1 - l_discount)) as sum_disc_price,
[32m(release)[0m> 	sum(l_extendedprice * (1 - l_discount) * (1 + l_tax)) as sum_charge,
[32m(release)[0m> 	avg(l_quantity) as avg_qty,
[32m(release)[0m> 	avg(l_extendedprice) as avg_price,
[32m(release)[0m> 	avg(l_discount) as avg_disc,
[32m(release)[0m> 	count(*) as count_order
[32m(release)[0m> from
[32m(release)[0m> 	lineitem
[32m(release)[0m> where
[32m(release)[0m> 	l_shipdate <= date '1998-12-01' - interval '90' day
[32m(release)[0m> group by
[32m(release)[0m> 	l_returnflag,
[32m(release)[0m> 	l_linestatus
[32m(release)[0m> order by
[32m(release)[0m> 	l_returnflag,
[32m(release)[0m> 	l_linestatus;
VmRSS Change: 1268 KB
===
4 rows total
Execution info: [PARSE: 156 µs 69 ns, SQL TRANSLATE: 0 ns, OPTIMIZE: 0 ns, LQP TRANSLATE: 48 µs 949 ns, EXECUTE: 3 s 557 ms (wall time) | QUERY PLAN CACHE HITS: 1/1 statement(s)]
After reset, table use_count: 2
WARNING: Table still has 1 other owner(s) after pipeline reset!
Executing script file done
$:hsh mem_usage
------------------------------------------
Memory Usage Statistics:
VmSize:	215777316 kB
VmRSS:	67055636 kB
0: MemResourceStatus {MigratedColumnsAggregate,18446744073709551615,12610235929,10275988050,10275988050,0,0,N/A}
MemResourceStatus {NumaMonotonicResource,3,60000000000,0,0,0,1,0}
MemResourceStatus {NumaMonotonicResource,2,60000000000,5455920,2855357936,19992287600,0,19992313216}
MemResourceStatus {NumaMonotonicResource,1,64000000000,1039541809,3685752717,18917318200,0,18917334131}
0: MemResourceStatus {MemManagerAggregate,18446744073709551615,124000000000,1044997729,6541110653,0,0,N/A}
1: MemResourceStatus {MemManagerAggregate,18446744073709551615,60000000000,0,0,0,1,N/A}
MemResourceStatus {DefaultResource,18446744073709551615,18446744073709551615,0,0,0,-1,N/A}
Quick Memory Usage Overview:
Used Capacity: 11320985779, 0
------------------------------------------
Executing script file: /home/umeshsum/tpch_queries/1.sql
[32m(release)[0m> select
[32m(release)[0m> 	l_returnflag,
[32m(release)[0m> 	l_linestatus,
[32m(release)[0m> 	sum(l_quantity) as sum_qty,
[32m(release)[0m> 	sum(l_extendedprice) as sum_base_price,
[32m(release)[0m> 	sum(l_extendedprice * (1 - l_discount)) as sum_disc_price,
[32m(release)[0m> 	sum(l_extendedprice * (1 - l_discount) * (1 + l_tax)) as sum_charge,
[32m(release)[0m> 	avg(l_quantity) as avg_qty,
[32m(release)[0m> 	avg(l_extendedprice) as avg_price,
[32m(release)[0m> 	avg(l_discount) as avg_disc,
[32m(release)[0m> 	count(*) as count_order
[32m(release)[0m> from
[32m(release)[0m> 	lineitem
[32m(release)[0m> where
[32m(release)[0m> 	l_shipdate <= date '1998-12-01' - interval '90' day
[32m(release)[0m> group by
[32m(release)[0m> 	l_returnflag,
[32m(release)[0m> 	l_linestatus
[32m(release)[0m> order by
[32m(release)[0m> 	l_returnflag,
[32m(release)[0m> 	l_linestatus;
VmRSS Change: 110332 KB
===
4 rows total
Execution info: [PARSE: 41 µs 359 ns, SQL TRANSLATE: 0 ns, OPTIMIZE: 0 ns, LQP TRANSLATE: 30 µs 690 ns, EXECUTE: 3 s 551 ms (wall time) | QUERY PLAN CACHE HITS: 1/1 statement(s)]
After reset, table use_count: 2
WARNING: Table still has 1 other owner(s) after pipeline reset!
Executing script file done
$:hsh mem_usage
------------------------------------------
Memory Usage Statistics:
VmSize:	215777316 kB
VmRSS:	67165624 kB
0: MemResourceStatus {MigratedColumnsAggregate,18446744073709551615,12610235929,10275988050,10275988050,0,0,N/A}
MemResourceStatus {NumaMonotonicResource,3,60000000000,0,0,0,1,0}
MemResourceStatus {NumaMonotonicResource,2,60000000000,5455920,2855357936,24990359500,0,24990391648}
MemResourceStatus {NumaMonotonicResource,1,64000000000,1039541809,3685752717,18917318200,0,18917334131}
0: MemResourceStatus {MemManagerAggregate,18446744073709551615,124000000000,1044997729,6541110653,0,0,N/A}
1: MemResourceStatus {MemManagerAggregate,18446744073709551615,60000000000,0,0,0,1,N/A}
MemResourceStatus {DefaultResource,18446744073709551615,18446744073709551615,0,0,0,-1,N/A}
Quick Memory Usage Overview:
Used Capacity: 11320985779, 0
------------------------------------------
Executing script file: /home/umeshsum/tpch_queries/1.sql
[32m(release)[0m> select
[32m(release)[0m> 	l_returnflag,
[32m(release)[0m> 	l_linestatus,
[32m(release)[0m> 	sum(l_quantity) as sum_qty,
[32m(release)[0m> 	sum(l_extendedprice) as sum_base_price,
[32m(release)[0m> 	sum(l_extendedprice * (1 - l_discount)) as sum_disc_price,
[32m(release)[0m> 	sum(l_extendedprice * (1 - l_discount) * (1 + l_tax)) as sum_charge,
[32m(release)[0m> 	avg(l_quantity) as avg_qty,
[32m(release)[0m> 	avg(l_extendedprice) as avg_price,
[32m(release)[0m> 	avg(l_discount) as avg_disc,
[32m(release)[0m> 	count(*) as count_order
[32m(release)[0m> from
[32m(release)[0m> 	lineitem
[32m(release)[0m> where
[32m(release)[0m> 	l_shipdate <= date '1998-12-01' - interval '90' day
[32m(release)[0m> group by
[32m(release)[0m> 	l_returnflag,
[32m(release)[0m> 	l_linestatus
[32m(release)[0m> order by
[32m(release)[0m> 	l_returnflag,
[32m(release)[0m> 	l_linestatus;
VmRSS Change: 143280 KB
===
4 rows total
Execution info: [PARSE: 74 µs 779 ns, SQL TRANSLATE: 0 ns, OPTIMIZE: 0 ns, LQP TRANSLATE: 42 µs 10 ns, EXECUTE: 3 s 559 ms (wall time) | QUERY PLAN CACHE HITS: 1/1 statement(s)]
After reset, table use_count: 2
WARNING: Table still has 1 other owner(s) after pipeline reset!
Executing script file done
$:hsh mem_usage
------------------------------------------
Memory Usage Statistics:
VmSize:	215777316 kB
VmRSS:	67308904 kB
0: MemResourceStatus {MigratedColumnsAggregate,18446744073709551615,12610235929,10275988050,10275988050,0,0,N/A}
MemResourceStatus {NumaMonotonicResource,3,60000000000,0,0,0,1,0}
MemResourceStatus {NumaMonotonicResource,2,60000000000,5455920,2855357936,29988431400,0,29988469952}
MemResourceStatus {NumaMonotonicResource,1,64000000000,1039541809,3685752717,18917318200,0,18917334131}
0: MemResourceStatus {MemManagerAggregate,18446744073709551615,124000000000,1044997729,6541110653,0,0,N/A}
1: MemResourceStatus {MemManagerAggregate,18446744073709551615,60000000000,0,0,0,1,N/A}
MemResourceStatus {DefaultResource,18446744073709551615,18446744073709551615,0,0,0,-1,N/A}
Quick Memory Usage Overview:
Used Capacity: 11320985779, 0
------------------------------------------
Executing script file: /home/umeshsum/tpch_queries/1.sql
[32m(release)[0m> select
[32m(release)[0m> 	l_returnflag,
[32m(release)[0m> 	l_linestatus,
[32m(release)[0m> 	sum(l_quantity) as sum_qty,
[32m(release)[0m> 	sum(l_extendedprice) as sum_base_price,
[32m(release)[0m> 	sum(l_extendedprice * (1 - l_discount)) as sum_disc_price,
[32m(release)[0m> 	sum(l_extendedprice * (1 - l_discount) * (1 + l_tax)) as sum_charge,
[32m(release)[0m> 	avg(l_quantity) as avg_qty,
[32m(release)[0m> 	avg(l_extendedprice) as avg_price,
[32m(release)[0m> 	avg(l_discount) as avg_disc,
[32m(release)[0m> 	count(*) as count_order
[32m(release)[0m> from
[32m(release)[0m> 	lineitem
[32m(release)[0m> where
[32m(release)[0m> 	l_shipdate <= date '1998-12-01' - interval '90' day
[32m(release)[0m> group by
[32m(release)[0m> 	l_returnflag,
[32m(release)[0m> 	l_linestatus
[32m(release)[0m> order by
[32m(release)[0m> 	l_returnflag,
[32m(release)[0m> 	l_linestatus;
VmRSS Change: 444124 KB
===
4 rows total
Execution info: [PARSE: 206 µs 808 ns, SQL TRANSLATE: 0 ns, OPTIMIZE: 0 ns, LQP TRANSLATE: 49 µs 120 ns, EXECUTE: 3 s 690 ms (wall time) | QUERY PLAN CACHE HITS: 1/1 statement(s)]
After reset, table use_count: 2
WARNING: Table still has 1 other owner(s) after pipeline reset!
Executing script file done
$:hsh mem_usage
------------------------------------------
Memory Usage Statistics:
VmSize:	215777316 kB
VmRSS:	67752960 kB
0: MemResourceStatus {MigratedColumnsAggregate,18446744073709551615,12610235929,10275988050,10275988050,0,0,N/A}
MemResourceStatus {NumaMonotonicResource,3,60000000000,0,0,0,1,0}
MemResourceStatus {NumaMonotonicResource,2,60000000000,5455920,2855357936,34986503300,0,34986548400}
MemResourceStatus {NumaMonotonicResource,1,64000000000,1039541809,3685752717,18917318200,0,18917334131}
0: MemResourceStatus {MemManagerAggregate,18446744073709551615,124000000000,1044997729,6541110653,0,0,N/A}
1: MemResourceStatus {MemManagerAggregate,18446744073709551615,60000000000,0,0,0,1,N/A}
MemResourceStatus {DefaultResource,18446744073709551615,18446744073709551615,0,0,0,-1,N/A}
Quick Memory Usage Overview:
Used Capacity: 11320985779, 0
------------------------------------------
Executing script file: /home/umeshsum/tpch_queries/1.sql
[32m(release)[0m> select
[32m(release)[0m> 	l_returnflag,
[32m(release)[0m> 	l_linestatus,
[32m(release)[0m> 	sum(l_quantity) as sum_qty,
[32m(release)[0m> 	sum(l_extendedprice) as sum_base_price,
[32m(release)[0m> 	sum(l_extendedprice * (1 - l_discount)) as sum_disc_price,
[32m(release)[0m> 	sum(l_extendedprice * (1 - l_discount) * (1 + l_tax)) as sum_charge,
[32m(release)[0m> 	avg(l_quantity) as avg_qty,
[32m(release)[0m> 	avg(l_extendedprice) as avg_price,
[32m(release)[0m> 	avg(l_discount) as avg_disc,
[32m(release)[0m> 	count(*) as count_order
[32m(release)[0m> from
[32m(release)[0m> 	lineitem
[32m(release)[0m> where
[32m(release)[0m> 	l_shipdate <= date '1998-12-01' - interval '90' day
[32m(release)[0m> group by
[32m(release)[0m> 	l_returnflag,
[32m(release)[0m> 	l_linestatus
[32m(release)[0m> order by
[32m(release)[0m> 	l_returnflag,
[32m(release)[0m> 	l_linestatus;
VmRSS Change: 2437296 KB
===
4 rows total
Execution info: [PARSE: 80 µs 359 ns, SQL TRANSLATE: 0 ns, OPTIMIZE: 0 ns, LQP TRANSLATE: 52 µs 150 ns, EXECUTE: 3 s 940 ms (wall time) | QUERY PLAN CACHE HITS: 1/1 statement(s)]
After reset, table use_count: 2
WARNING: Table still has 1 other owner(s) after pipeline reset!
Executing script file done
$:hsh mem_usage
------------------------------------------
Memory Usage Statistics:
VmSize:	215777316 kB
VmRSS:	70190216 kB
0: MemResourceStatus {MigratedColumnsAggregate,18446744073709551615,12610235929,10275988050,10275988050,0,0,N/A}
MemResourceStatus {NumaMonotonicResource,3,60000000000,0,0,0,1,0}
MemResourceStatus {NumaMonotonicResource,2,60000000000,5455920,2855357936,39984575200,0,39984626992}
MemResourceStatus {NumaMonotonicResource,1,64000000000,1039541809,3685752717,18917318200,0,18917334131}
0: MemResourceStatus {MemManagerAggregate,18446744073709551615,124000000000,1044997729,6541110653,0,0,N/A}
1: MemResourceStatus {MemManagerAggregate,18446744073709551615,60000000000,0,0,0,1,N/A}
MemResourceStatus {DefaultResource,18446744073709551615,18446744073709551615,0,0,0,-1,N/A}
Quick Memory Usage Overview:
Used Capacity: 11320985779, 0
------------------------------------------
Executing script file: /home/umeshsum/tpch_queries/1.sql
[32m(release)[0m> select
[32m(release)[0m> 	l_returnflag,
[32m(release)[0m> 	l_linestatus,
[32m(release)[0m> 	sum(l_quantity) as sum_qty,
[32m(release)[0m> 	sum(l_extendedprice) as sum_base_price,
[32m(release)[0m> 	sum(l_extendedprice * (1 - l_discount)) as sum_disc_price,
[32m(release)[0m> 	sum(l_extendedprice * (1 - l_discount) * (1 + l_tax)) as sum_charge,
[32m(release)[0m> 	avg(l_quantity) as avg_qty,
[32m(release)[0m> 	avg(l_extendedprice) as avg_price,
[32m(release)[0m> 	avg(l_discount) as avg_disc,
[32m(release)[0m> 	count(*) as count_order
[32m(release)[0m> from
[32m(release)[0m> 	lineitem
[32m(release)[0m> where
[32m(release)[0m> 	l_shipdate <= date '1998-12-01' - interval '90' day
[32m(release)[0m> group by
[32m(release)[0m> 	l_returnflag,
[32m(release)[0m> 	l_linestatus
[32m(release)[0m> order by
[32m(release)[0m> 	l_returnflag,
[32m(release)[0m> 	l_linestatus;
VmRSS Change: 2431208 KB
===
4 rows total
Execution info: [PARSE: 77 µs 529 ns, SQL TRANSLATE: 0 ns, OPTIMIZE: 0 ns, LQP TRANSLATE: 43 µs 429 ns, EXECUTE: 3 s 936 ms (wall time) | QUERY PLAN CACHE HITS: 1/1 statement(s)]
After reset, table use_count: 2
WARNING: Table still has 1 other owner(s) after pipeline reset!
Executing script file done
$:hsh mem_usage
------------------------------------------
Memory Usage Statistics:
VmSize:	215777316 kB
VmRSS:	72621424 kB
0: MemResourceStatus {MigratedColumnsAggregate,18446744073709551615,12610235929,10275988050,10275988050,0,0,N/A}
MemResourceStatus {NumaMonotonicResource,3,60000000000,0,0,0,1,0}
MemResourceStatus {NumaMonotonicResource,2,60000000000,5455920,2855357936,44982647100,0,44982705616}
MemResourceStatus {NumaMonotonicResource,1,64000000000,1039541809,3685752717,18917318200,0,18917334131}
0: MemResourceStatus {MemManagerAggregate,18446744073709551615,124000000000,1044997729,6541110653,0,0,N/A}
1: MemResourceStatus {MemManagerAggregate,18446744073709551615,60000000000,0,0,0,1,N/A}
MemResourceStatus {DefaultResource,18446744073709551615,18446744073709551615,0,0,0,-1,N/A}
Quick Memory Usage Overview:
Used Capacity: 11320985779, 0
------------------------------------------
Executing script file: /home/umeshsum/tpch_queries/1.sql
[32m(release)[0m> select
[32m(release)[0m> 	l_returnflag,
[32m(release)[0m> 	l_linestatus,
[32m(release)[0m> 	sum(l_quantity) as sum_qty,
[32m(release)[0m> 	sum(l_extendedprice) as sum_base_price,
[32m(release)[0m> 	sum(l_extendedprice * (1 - l_discount)) as sum_disc_price,
[32m(release)[0m> 	sum(l_extendedprice * (1 - l_discount) * (1 + l_tax)) as sum_charge,
[32m(release)[0m> 	avg(l_quantity) as avg_qty,
[32m(release)[0m> 	avg(l_extendedprice) as avg_price,
[32m(release)[0m> 	avg(l_discount) as avg_disc,
[32m(release)[0m> 	count(*) as count_order
[32m(release)[0m> from
[32m(release)[0m> 	lineitem
[32m(release)[0m> where
[32m(release)[0m> 	l_shipdate <= date '1998-12-01' - interval '90' day
[32m(release)[0m> group by
[32m(release)[0m> 	l_returnflag,
[32m(release)[0m> 	l_linestatus
[32m(release)[0m> order by
[32m(release)[0m> 	l_returnflag,
[32m(release)[0m> 	l_linestatus;
VmRSS Change: 4748976 KB
===
4 rows total
Execution info: [PARSE: 82 µs 229 ns, SQL TRANSLATE: 0 ns, OPTIMIZE: 0 ns, LQP TRANSLATE: 51 µs 879 ns, EXECUTE: 4 s 126 ms (wall time) | QUERY PLAN CACHE HITS: 1/1 statement(s)]
After reset, table use_count: 2
WARNING: Table still has 1 other owner(s) after pipeline reset!
Executing script file done
$:hsh mem_usage
------------------------------------------
Memory Usage Statistics:
VmSize:	215777316 kB
VmRSS:	77370392 kB
0: MemResourceStatus {MigratedColumnsAggregate,18446744073709551615,12610235929,10275988050,10275988050,0,0,N/A}
MemResourceStatus {NumaMonotonicResource,3,60000000000,0,0,0,1,0}
MemResourceStatus {NumaMonotonicResource,2,60000000000,5455920,2855357936,49980719000,0,49980783984}
MemResourceStatus {NumaMonotonicResource,1,64000000000,1039541809,3685752717,18917318200,0,18917334131}
0: MemResourceStatus {MemManagerAggregate,18446744073709551615,124000000000,1044997729,6541110653,0,0,N/A}
1: MemResourceStatus {MemManagerAggregate,18446744073709551615,60000000000,0,0,0,1,N/A}
MemResourceStatus {DefaultResource,18446744073709551615,18446744073709551615,0,0,0,-1,N/A}
Quick Memory Usage Overview:
Used Capacity: 11320985779, 0
------------------------------------------
Label set to d60000000000_tf60000000000_q20
$:hsh clear_plan_caches
Cleared PQP and LQP caches
$:hsh clear_pipeline
Released last SQLPipeline
$:hsh reset_exec_pools
Reset execution pools (2, 3) bump pointers to start
$:hsh mem_usage
------------------------------------------
Memory Usage Statistics:
VmSize:	215777316 kB
VmRSS:	77370216 kB
0: MemResourceStatus {MigratedColumnsAggregate,18446744073709551615,12610235929,10275988050,10275988050,0,0,N/A}
MemResourceStatus {NumaMonotonicResource,3,60000000000,0,0,0,1,0}
MemResourceStatus {NumaMonotonicResource,2,60000000000,0,0,0,0,0}
MemResourceStatus {NumaMonotonicResource,1,64000000000,1039541809,3685752717,18917318200,0,18917334131}
0: MemResourceStatus {MemManagerAggregate,18446744073709551615,124000000000,1039541809,3685752717,0,0,N/A}
1: MemResourceStatus {MemManagerAggregate,18446744073709551615,60000000000,0,0,0,1,N/A}
MemResourceStatus {DefaultResource,18446744073709551615,18446744073709551615,0,0,0,-1,N/A}
Quick Memory Usage Overview:
Used Capacity: 11315529859, 0
------------------------------------------
Executing script file: /home/umeshsum/tpch_queries/20.sql
[32m(release)[0m> select
[32m(release)[0m> 	s_name,
[32m(release)[0m> 	s_address
[32m(release)[0m> from
[32m(release)[0m> 	supplier,
[32m(release)[0m> 	nation
[32m(release)[0m> where
[32m(release)[0m> 	s_suppkey in (
[32m(release)[0m> 		select
[32m(release)[0m> 			ps_suppkey
[32m(release)[0m> 		from
[32m(release)[0m> 			partsupp
[32m(release)[0m> 		where
[32m(release)[0m> 			ps_partkey in (
[32m(release)[0m> 				select
[32m(release)[0m> 					p_partkey
[32m(release)[0m> 				from
[32m(release)[0m> 					part
[32m(release)[0m> 				where
[32m(release)[0m> 					p_name like 'forest%'
[32m(release)[0m> 			)
[32m(release)[0m> 			and ps_availqty > (
[32m(release)[0m> 				select
[32m(release)[0m> 					0.5 * sum(l_quantity)
[32m(release)[0m> 				from
[32m(release)[0m> 					lineitem
[32m(release)[0m> 				where
[32m(release)[0m> 					l_partkey = ps_partkey
[32m(release)[0m> 					and l_suppkey = ps_suppkey
[32m(release)[0m> 					and l_shipdate >= date '1994-01-01'
[32m(release)[0m> 					and l_shipdate < date '1994-01-01' + interval '1' year
[32m(release)[0m> 			)
[32m(release)[0m> 	)
[32m(release)[0m> 	and s_nationkey = n_nationkey
[32m(release)[0m> 	and n_name = 'CANADA'
[32m(release)[0m> order by
[32m(release)[0m> 	s_name;
VmRSS Change: 18446744073709550820 KB
===
1804 rows total
Execution info: [PARSE: 45 µs 629 ns, SQL TRANSLATE: 182 µs 538 ns, OPTIMIZE: 4 ms 958 µs, LQP TRANSLATE: 141 µs 758 ns, EXECUTE: 142 ms 103 µs (wall time) | QUERY PLAN CACHE HITS: 0/1 statement(s)]
After reset, table use_count: 2
WARNING: Table still has 1 other owner(s) after pipeline reset!
Executing script file done
$:hsh mem_usage
------------------------------------------
Memory Usage Statistics:
VmSize:	215777316 kB
VmRSS:	77369444 kB
0: MemResourceStatus {MigratedColumnsAggregate,18446744073709551615,12610235929,10275988050,10275988050,0,0,N/A}
MemResourceStatus {NumaMonotonicResource,3,60000000000,0,0,0,1,0}
MemResourceStatus {NumaMonotonicResource,2,60000000000,2519184,291935860,786626644,0,786629624}
MemResourceStatus {NumaMonotonicResource,1,64000000000,1039541809,3685752717,18917318200,0,18917334131}
0: MemResourceStatus {MemManagerAggregate,18446744073709551615,124000000000,1042060993,3977688577,0,0,N/A}
1: MemResourceStatus {MemManagerAggregate,18446744073709551615,60000000000,0,0,0,1,N/A}
MemResourceStatus {DefaultResource,18446744073709551615,18446744073709551615,0,0,0,-1,N/A}
Quick Memory Usage Overview:
Used Capacity: 11318049043, 0
------------------------------------------
Executing script file: /home/umeshsum/tpch_queries/20.sql
[32m(release)[0m> select
[32m(release)[0m> 	s_name,
[32m(release)[0m> 	s_address
[32m(release)[0m> from
[32m(release)[0m> 	supplier,
[32m(release)[0m> 	nation
[32m(release)[0m> where
[32m(release)[0m> 	s_suppkey in (
[32m(release)[0m> 		select
[32m(release)[0m> 			ps_suppkey
[32m(release)[0m> 		from
[32m(release)[0m> 			partsupp
[32m(release)[0m> 		where
[32m(release)[0m> 			ps_partkey in (
[32m(release)[0m> 				select
[32m(release)[0m> 					p_partkey
[32m(release)[0m> 				from
[32m(release)[0m> 					part
[32m(release)[0m> 				where
[32m(release)[0m> 					p_name like 'forest%'
[32m(release)[0m> 			)
[32m(release)[0m> 			and ps_availqty > (
[32m(release)[0m> 				select
[32m(release)[0m> 					0.5 * sum(l_quantity)
[32m(release)[0m> 				from
[32m(release)[0m> 					lineitem
[32m(release)[0m> 				where
[32m(release)[0m> 					l_partkey = ps_partkey
[32m(release)[0m> 					and l_suppkey = ps_suppkey
[32m(release)[0m> 					and l_shipdate >= date '1994-01-01'
[32m(release)[0m> 					and l_shipdate < date '1994-01-01' + interval '1' year
[32m(release)[0m> 			)
[32m(release)[0m> 	)
[32m(release)[0m> 	and s_nationkey = n_nationkey
[32m(release)[0m> 	and n_name = 'CANADA'
[32m(release)[0m> order by
[32m(release)[0m> 	s_name;
VmRSS Change: 432 KB
===
1804 rows total
Execution info: [PARSE: 42 µs 550 ns, SQL TRANSLATE: 0 ns, OPTIMIZE: 0 ns, LQP TRANSLATE: 36 µs 900 ns, EXECUTE: 135 ms 804 µs (wall time) | QUERY PLAN CACHE HITS: 1/1 statement(s)]
After reset, table use_count: 2
WARNING: Table still has 1 other owner(s) after pipeline reset!
Executing script file done
$:hsh mem_usage
------------------------------------------
Memory Usage Statistics:
VmSize:	215777316 kB
VmRSS:	77369876 kB
0: MemResourceStatus {MigratedColumnsAggregate,18446744073709551615,12610235929,10275988050,10275988050,0,0,N/A}
MemResourceStatus {NumaMonotonicResource,3,60000000000,0,0,0,1,0}
MemResourceStatus {NumaMonotonicResource,2,60000000000,3989264,293405940,1572565968,0,1572571864}
MemResourceStatus {NumaMonotonicResource,1,64000000000,1039541809,3685752717,18917318200,0,18917334131}
0: MemResourceStatus {MemManagerAggregate,18446744073709551615,124000000000,1043531073,3979158657,0,0,N/A}
1: MemResourceStatus {MemManagerAggregate,18446744073709551615,60000000000,0,0,0,1,N/A}
MemResourceStatus {DefaultResource,18446744073709551615,18446744073709551615,0,0,0,-1,N/A}
Quick Memory Usage Overview:
Used Capacity: 11319519123, 0
------------------------------------------
Executing script file: /home/umeshsum/tpch_queries/20.sql
[32m(release)[0m> select
[32m(release)[0m> 	s_name,
[32m(release)[0m> 	s_address
[32m(release)[0m> from
[32m(release)[0m> 	supplier,
[32m(release)[0m> 	nation
[32m(release)[0m> where
[32m(release)[0m> 	s_suppkey in (
[32m(release)[0m> 		select
[32m(release)[0m> 			ps_suppkey
[32m(release)[0m> 		from
[32m(release)[0m> 			partsupp
[32m(release)[0m> 		where
[32m(release)[0m> 			ps_partkey in (
[32m(release)[0m> 				select
[32m(release)[0m> 					p_partkey
[32m(release)[0m> 				from
[32m(release)[0m> 					part
[32m(release)[0m> 				where
[32m(release)[0m> 					p_name like 'forest%'
[32m(release)[0m> 			)
[32m(release)[0m> 			and ps_availqty > (
[32m(release)[0m> 				select
[32m(release)[0m> 					0.5 * sum(l_quantity)
[32m(release)[0m> 				from
[32m(release)[0m> 					lineitem
[32m(release)[0m> 				where
[32m(release)[0m> 					l_partkey = ps_partkey
[32m(release)[0m> 					and l_suppkey = ps_suppkey
[32m(release)[0m> 					and l_shipdate >= date '1994-01-01'
[32m(release)[0m> 					and l_shipdate < date '1994-01-01' + interval '1' year
[32m(release)[0m> 			)
[32m(release)[0m> 	)
[32m(release)[0m> 	and s_nationkey = n_nationkey
[32m(release)[0m> 	and n_name = 'CANADA'
[32m(release)[0m> order by
[32m(release)[0m> 	s_name;
VmRSS Change: 480 KB
===
1804 rows total
Execution info: [PARSE: 78 µs 480 ns, SQL TRANSLATE: 0 ns, OPTIMIZE: 0 ns, LQP TRANSLATE: 47 µs 379 ns, EXECUTE: 133 ms 128 µs (wall time) | QUERY PLAN CACHE HITS: 1/1 statement(s)]
After reset, table use_count: 2
WARNING: Table still has 1 other owner(s) after pipeline reset!
Executing script file done
$:hsh mem_usage
------------------------------------------
Memory Usage Statistics:
VmSize:	215777316 kB
VmRSS:	77370356 kB
0: MemResourceStatus {MigratedColumnsAggregate,18446744073709551615,12610235929,10275988050,10275988050,0,0,N/A}
MemResourceStatus {NumaMonotonicResource,3,60000000000,0,0,0,1,0}
MemResourceStatus {NumaMonotonicResource,2,60000000000,3989264,293405940,2358666012,0,2358674840}
MemResourceStatus {NumaMonotonicResource,1,64000000000,1039541809,3685752717,18917318200,0,18917334131}
0: MemResourceStatus {MemManagerAggregate,18446744073709551615,124000000000,1043531073,3979158657,0,0,N/A}
1: MemResourceStatus {MemManagerAggregate,18446744073709551615,60000000000,0,0,0,1,N/A}
MemResourceStatus {DefaultResource,18446744073709551615,18446744073709551615,0,0,0,-1,N/A}
Quick Memory Usage Overview:
Used Capacity: 11319519123, 0
------------------------------------------
Executing script file: /home/umeshsum/tpch_queries/20.sql
[32m(release)[0m> select
[32m(release)[0m> 	s_name,
[32m(release)[0m> 	s_address
[32m(release)[0m> from
[32m(release)[0m> 	supplier,
[32m(release)[0m> 	nation
[32m(release)[0m> where
[32m(release)[0m> 	s_suppkey in (
[32m(release)[0m> 		select
[32m(release)[0m> 			ps_suppkey
[32m(release)[0m> 		from
[32m(release)[0m> 			partsupp
[32m(release)[0m> 		where
[32m(release)[0m> 			ps_partkey in (
[32m(release)[0m> 				select
[32m(release)[0m> 					p_partkey
[32m(release)[0m> 				from
[32m(release)[0m> 					part
[32m(release)[0m> 				where
[32m(release)[0m> 					p_name like 'forest%'
[32m(release)[0m> 			)
[32m(release)[0m> 			and ps_availqty > (
[32m(release)[0m> 				select
[32m(release)[0m> 					0.5 * sum(l_quantity)
[32m(release)[0m> 				from
[32m(release)[0m> 					lineitem
[32m(release)[0m> 				where
[32m(release)[0m> 					l_partkey = ps_partkey
[32m(release)[0m> 					and l_suppkey = ps_suppkey
[32m(release)[0m> 					and l_shipdate >= date '1994-01-01'
[32m(release)[0m> 					and l_shipdate < date '1994-01-01' + interval '1' year
[32m(release)[0m> 			)
[32m(release)[0m> 	)
[32m(release)[0m> 	and s_nationkey = n_nationkey
[32m(release)[0m> 	and n_name = 'CANADA'
[32m(release)[0m> order by
[32m(release)[0m> 	s_name;
VmRSS Change: 392 KB
===
1804 rows total
Execution info: [PARSE: 46 µs 980 ns, SQL TRANSLATE: 0 ns, OPTIMIZE: 0 ns, LQP TRANSLATE: 33 µs 439 ns, EXECUTE: 125 ms 381 µs (wall time) | QUERY PLAN CACHE HITS: 1/1 statement(s)]
After reset, table use_count: 2
WARNING: Table still has 1 other owner(s) after pipeline reset!
Executing script file done
$:hsh mem_usage
------------------------------------------
Memory Usage Statistics:
VmSize:	215777316 kB
VmRSS:	77370748 kB
0: MemResourceStatus {MigratedColumnsAggregate,18446744073709551615,12610235929,10275988050,10275988050,0,0,N/A}
MemResourceStatus {NumaMonotonicResource,3,60000000000,0,0,0,1,0}
MemResourceStatus {NumaMonotonicResource,2,60000000000,3989264,293405940,3144882608,0,3144894328}
MemResourceStatus {NumaMonotonicResource,1,64000000000,1039541809,3685752717,18917318200,0,18917334131}
0: MemResourceStatus {MemManagerAggregate,18446744073709551615,124000000000,1043531073,3979158657,0,0,N/A}
1: MemResourceStatus {MemManagerAggregate,18446744073709551615,60000000000,0,0,0,1,N/A}
MemResourceStatus {DefaultResource,18446744073709551615,18446744073709551615,0,0,0,-1,N/A}
Quick Memory Usage Overview:
Used Capacity: 11319519123, 0
------------------------------------------
Executing script file: /home/umeshsum/tpch_queries/20.sql
[32m(release)[0m> select
[32m(release)[0m> 	s_name,
[32m(release)[0m> 	s_address
[32m(release)[0m> from
[32m(release)[0m> 	supplier,
[32m(release)[0m> 	nation
[32m(release)[0m> where
[32m(release)[0m> 	s_suppkey in (
[32m(release)[0m> 		select
[32m(release)[0m> 			ps_suppkey
[32m(release)[0m> 		from
[32m(release)[0m> 			partsupp
[32m(release)[0m> 		where
[32m(release)[0m> 			ps_partkey in (
[32m(release)[0m> 				select
[32m(release)[0m> 					p_partkey
[32m(release)[0m> 				from
[32m(release)[0m> 					part
[32m(release)[0m> 				where
[32m(release)[0m> 					p_name like 'forest%'
[32m(release)[0m> 			)
[32m(release)[0m> 			and ps_availqty > (
[32m(release)[0m> 				select
[32m(release)[0m> 					0.5 * sum(l_quantity)
[32m(release)[0m> 				from
[32m(release)[0m> 					lineitem
[32m(release)[0m> 				where
[32m(release)[0m> 					l_partkey = ps_partkey
[32m(release)[0m> 					and l_suppkey = ps_suppkey
[32m(release)[0m> 					and l_shipdate >= date '1994-01-01'
[32m(release)[0m> 					and l_shipdate < date '1994-01-01' + interval '1' year
[32m(release)[0m> 			)
[32m(release)[0m> 	)
[32m(release)[0m> 	and s_nationkey = n_nationkey
[32m(release)[0m> 	and n_name = 'CANADA'
[32m(release)[0m> order by
[32m(release)[0m> 	s_name;
VmRSS Change: 216 KB
===
1804 rows total
Execution info: [PARSE: 40 µs 560 ns, SQL TRANSLATE: 0 ns, OPTIMIZE: 0 ns, LQP TRANSLATE: 30 µs 559 ns, EXECUTE: 124 ms 102 µs (wall time) | QUERY PLAN CACHE HITS: 1/1 statement(s)]
After reset, table use_count: 2
WARNING: Table still has 1 other owner(s) after pipeline reset!
Executing script file done
$:hsh mem_usage
------------------------------------------
Memory Usage Statistics:
VmSize:	215777316 kB
VmRSS:	77370964 kB
0: MemResourceStatus {MigratedColumnsAggregate,18446744073709551615,12610235929,10275988050,10275988050,0,0,N/A}
MemResourceStatus {NumaMonotonicResource,3,60000000000,0,0,0,1,0}
MemResourceStatus {NumaMonotonicResource,2,60000000000,3989264,293405940,3931147508,0,3931162184}
MemResourceStatus {NumaMonotonicResource,1,64000000000,1039541809,3685752717,18917318200,0,18917334131}
0: MemResourceStatus {MemManagerAggregate,18446744073709551615,124000000000,1043531073,3979158657,0,0,N/A}
1: MemResourceStatus {MemManagerAggregate,18446744073709551615,60000000000,0,0,0,1,N/A}
MemResourceStatus {DefaultResource,18446744073709551615,18446744073709551615,0,0,0,-1,N/A}
Quick Memory Usage Overview:
Used Capacity: 11319519123, 0
------------------------------------------
Executing script file: /home/umeshsum/tpch_queries/20.sql
[32m(release)[0m> select
[32m(release)[0m> 	s_name,
[32m(release)[0m> 	s_address
[32m(release)[0m> from
[32m(release)[0m> 	supplier,
[32m(release)[0m> 	nation
[32m(release)[0m> where
[32m(release)[0m> 	s_suppkey in (
[32m(release)[0m> 		select
[32m(release)[0m> 			ps_suppkey
[32m(release)[0m> 		from
[32m(release)[0m> 			partsupp
[32m(release)[0m> 		where
[32m(release)[0m> 			ps_partkey in (
[32m(release)[0m> 				select
[32m(release)[0m> 					p_partkey
[32m(release)[0m> 				from
[32m(release)[0m> 					part
[32m(release)[0m> 				where
[32m(release)[0m> 					p_name like 'forest%'
[32m(release)[0m> 			)
[32m(release)[0m> 			and ps_availqty > (
[32m(release)[0m> 				select
[32m(release)[0m> 					0.5 * sum(l_quantity)
[32m(release)[0m> 				from
[32m(release)[0m> 					lineitem
[32m(release)[0m> 				where
[32m(release)[0m> 					l_partkey = ps_partkey
[32m(release)[0m> 					and l_suppkey = ps_suppkey
[32m(release)[0m> 					and l_shipdate >= date '1994-01-01'
[32m(release)[0m> 					and l_shipdate < date '1994-01-01' + interval '1' year
[32m(release)[0m> 			)
[32m(release)[0m> 	)
[32m(release)[0m> 	and s_nationkey = n_nationkey
[32m(release)[0m> 	and n_name = 'CANADA'
[32m(release)[0m> order by
[32m(release)[0m> 	s_name;
VmRSS Change: 100 KB
===
1804 rows total
Execution info: [PARSE: 59 µs 930 ns, SQL TRANSLATE: 0 ns, OPTIMIZE: 0 ns, LQP TRANSLATE: 30 µs 649 ns, EXECUTE: 122 ms 747 µs (wall time) | QUERY PLAN CACHE HITS: 1/1 statement(s)]
After reset, table use_count: 2
WARNING: Table still has 1 other owner(s) after pipeline reset!
Executing script file done
$:hsh mem_usage
------------------------------------------
Memory Usage Statistics:
VmSize:	215777316 kB
VmRSS:	77371064 kB
0: MemResourceStatus {MigratedColumnsAggregate,18446744073709551615,12610235929,10275988050,10275988050,0,0,N/A}
MemResourceStatus {NumaMonotonicResource,3,60000000000,0,0,0,1,0}
MemResourceStatus {NumaMonotonicResource,2,60000000000,3989264,293405940,4717409408,0,4717426968}
MemResourceStatus {NumaMonotonicResource,1,64000000000,1039541809,3685752717,18917318200,0,18917334131}
0: MemResourceStatus {MemManagerAggregate,18446744073709551615,124000000000,1043531073,3979158657,0,0,N/A}
1: MemResourceStatus {MemManagerAggregate,18446744073709551615,60000000000,0,0,0,1,N/A}
MemResourceStatus {DefaultResource,18446744073709551615,18446744073709551615,0,0,0,-1,N/A}
Quick Memory Usage Overview:
Used Capacity: 11319519123, 0
------------------------------------------
Executing script file: /home/umeshsum/tpch_queries/20.sql
[32m(release)[0m> select
[32m(release)[0m> 	s_name,
[32m(release)[0m> 	s_address
[32m(release)[0m> from
[32m(release)[0m> 	supplier,
[32m(release)[0m> 	nation
[32m(release)[0m> where
[32m(release)[0m> 	s_suppkey in (
[32m(release)[0m> 		select
[32m(release)[0m> 			ps_suppkey
[32m(release)[0m> 		from
[32m(release)[0m> 			partsupp
[32m(release)[0m> 		where
[32m(release)[0m> 			ps_partkey in (
[32m(release)[0m> 				select
[32m(release)[0m> 					p_partkey
[32m(release)[0m> 				from
[32m(release)[0m> 					part
[32m(release)[0m> 				where
[32m(release)[0m> 					p_name like 'forest%'
[32m(release)[0m> 			)
[32m(release)[0m> 			and ps_availqty > (
[32m(release)[0m> 				select
[32m(release)[0m> 					0.5 * sum(l_quantity)
[32m(release)[0m> 				from
[32m(release)[0m> 					lineitem
[32m(release)[0m> 				where
[32m(release)[0m> 					l_partkey = ps_partkey
[32m(release)[0m> 					and l_suppkey = ps_suppkey
[32m(release)[0m> 					and l_shipdate >= date '1994-01-01'
[32m(release)[0m> 					and l_shipdate < date '1994-01-01' + interval '1' year
[32m(release)[0m> 			)
[32m(release)[0m> 	)
[32m(release)[0m> 	and s_nationkey = n_nationkey
[32m(release)[0m> 	and n_name = 'CANADA'
[32m(release)[0m> order by
[32m(release)[0m> 	s_name;
VmRSS Change: 180 KB
===
1804 rows total
Execution info: [PARSE: 38 µs 720 ns, SQL TRANSLATE: 0 ns, OPTIMIZE: 0 ns, LQP TRANSLATE: 30 µs 320 ns, EXECUTE: 124 ms 159 µs (wall time) | QUERY PLAN CACHE HITS: 1/1 statement(s)]
After reset, table use_count: 2
WARNING: Table still has 1 other owner(s) after pipeline reset!
Executing script file done
$:hsh mem_usage
------------------------------------------
Memory Usage Statistics:
VmSize:	215777316 kB
VmRSS:	77371244 kB
0: MemResourceStatus {MigratedColumnsAggregate,18446744073709551615,12610235929,10275988050,10275988050,0,0,N/A}
MemResourceStatus {NumaMonotonicResource,3,60000000000,0,0,0,1,0}
MemResourceStatus {NumaMonotonicResource,2,60000000000,3989264,293405940,5503348540,0,5503369016}
MemResourceStatus {NumaMonotonicResource,1,64000000000,1039541809,3685752717,18917318200,0,18917334131}
0: MemResourceStatus {MemManagerAggregate,18446744073709551615,124000000000,1043531073,3979158657,0,0,N/A}
1: MemResourceStatus {MemManagerAggregate,18446744073709551615,60000000000,0,0,0,1,N/A}
MemResourceStatus {DefaultResource,18446744073709551615,18446744073709551615,0,0,0,-1,N/A}
Quick Memory Usage Overview:
Used Capacity: 11319519123, 0
------------------------------------------
Executing script file: /home/umeshsum/tpch_queries/20.sql
[32m(release)[0m> select
[32m(release)[0m> 	s_name,
[32m(release)[0m> 	s_address
[32m(release)[0m> from
[32m(release)[0m> 	supplier,
[32m(release)[0m> 	nation
[32m(release)[0m> where
[32m(release)[0m> 	s_suppkey in (
[32m(release)[0m> 		select
[32m(release)[0m> 			ps_suppkey
[32m(release)[0m> 		from
[32m(release)[0m> 			partsupp
[32m(release)[0m> 		where
[32m(release)[0m> 			ps_partkey in (
[32m(release)[0m> 				select
[32m(release)[0m> 					p_partkey
[32m(release)[0m> 				from
[32m(release)[0m> 					part
[32m(release)[0m> 				where
[32m(release)[0m> 					p_name like 'forest%'
[32m(release)[0m> 			)
[32m(release)[0m> 			and ps_availqty > (
[32m(release)[0m> 				select
[32m(release)[0m> 					0.5 * sum(l_quantity)
[32m(release)[0m> 				from
[32m(release)[0m> 					lineitem
[32m(release)[0m> 				where
[32m(release)[0m> 					l_partkey = ps_partkey
[32m(release)[0m> 					and l_suppkey = ps_suppkey
[32m(release)[0m> 					and l_shipdate >= date '1994-01-01'
[32m(release)[0m> 					and l_shipdate < date '1994-01-01' + interval '1' year
[32m(release)[0m> 			)
[32m(release)[0m> 	)
[32m(release)[0m> 	and s_nationkey = n_nationkey
[32m(release)[0m> 	and n_name = 'CANADA'
[32m(release)[0m> order by
[32m(release)[0m> 	s_name;
VmRSS Change: 76 KB
===
1804 rows total
Execution info: [PARSE: 79 µs 750 ns, SQL TRANSLATE: 0 ns, OPTIMIZE: 0 ns, LQP TRANSLATE: 48 µs 529 ns, EXECUTE: 124 ms 744 µs (wall time) | QUERY PLAN CACHE HITS: 1/1 statement(s)]
After reset, table use_count: 2
WARNING: Table still has 1 other owner(s) after pipeline reset!
Executing script file done
$:hsh mem_usage
------------------------------------------
Memory Usage Statistics:
VmSize:	215777316 kB
VmRSS:	77371320 kB
0: MemResourceStatus {MigratedColumnsAggregate,18446744073709551615,12610235929,10275988050,10275988050,0,0,N/A}
MemResourceStatus {NumaMonotonicResource,3,60000000000,0,0,0,1,0}
MemResourceStatus {NumaMonotonicResource,2,60000000000,3989264,293405940,6289285496,0,6289308872}
MemResourceStatus {NumaMonotonicResource,1,64000000000,1039541809,3685752717,18917318200,0,18917334131}
0: MemResourceStatus {MemManagerAggregate,18446744073709551615,124000000000,1043531073,3979158657,0,0,N/A}
1: MemResourceStatus {MemManagerAggregate,18446744073709551615,60000000000,0,0,0,1,N/A}
MemResourceStatus {DefaultResource,18446744073709551615,18446744073709551615,0,0,0,-1,N/A}
Quick Memory Usage Overview:
Used Capacity: 11319519123, 0
------------------------------------------
Executing script file: /home/umeshsum/tpch_queries/20.sql
[32m(release)[0m> select
[32m(release)[0m> 	s_name,
[32m(release)[0m> 	s_address
[32m(release)[0m> from
[32m(release)[0m> 	supplier,
[32m(release)[0m> 	nation
[32m(release)[0m> where
[32m(release)[0m> 	s_suppkey in (
[32m(release)[0m> 		select
[32m(release)[0m> 			ps_suppkey
[32m(release)[0m> 		from
[32m(release)[0m> 			partsupp
[32m(release)[0m> 		where
[32m(release)[0m> 			ps_partkey in (
[32m(release)[0m> 				select
[32m(release)[0m> 					p_partkey
[32m(release)[0m> 				from
[32m(release)[0m> 					part
[32m(release)[0m> 				where
[32m(release)[0m> 					p_name like 'forest%'
[32m(release)[0m> 			)
[32m(release)[0m> 			and ps_availqty > (
[32m(release)[0m> 				select
[32m(release)[0m> 					0.5 * sum(l_quantity)
[32m(release)[0m> 				from
[32m(release)[0m> 					lineitem
[32m(release)[0m> 				where
[32m(release)[0m> 					l_partkey = ps_partkey
[32m(release)[0m> 					and l_suppkey = ps_suppkey
[32m(release)[0m> 					and l_shipdate >= date '1994-01-01'
[32m(release)[0m> 					and l_shipdate < date '1994-01-01' + interval '1' year
[32m(release)[0m> 			)
[32m(release)[0m> 	)
[32m(release)[0m> 	and s_nationkey = n_nationkey
[32m(release)[0m> 	and n_name = 'CANADA'
[32m(release)[0m> order by
[32m(release)[0m> 	s_name;
VmRSS Change: 4 KB
===
1804 rows total
Execution info: [PARSE: 42 µs 0 ns, SQL TRANSLATE: 0 ns, OPTIMIZE: 0 ns, LQP TRANSLATE: 37 µs 690 ns, EXECUTE: 121 ms 209 µs (wall time) | QUERY PLAN CACHE HITS: 1/1 statement(s)]
After reset, table use_count: 2
WARNING: Table still has 1 other owner(s) after pipeline reset!
Executing script file done
$:hsh mem_usage
------------------------------------------
Memory Usage Statistics:
VmSize:	215777316 kB
VmRSS:	77371324 kB
0: MemResourceStatus {MigratedColumnsAggregate,18446744073709551615,12610235929,10275988050,10275988050,0,0,N/A}
MemResourceStatus {NumaMonotonicResource,3,60000000000,0,0,0,1,0}
MemResourceStatus {NumaMonotonicResource,2,60000000000,3989264,293405940,7075680756,0,7075707032}
MemResourceStatus {NumaMonotonicResource,1,64000000000,1039541809,3685752717,18917318200,0,18917334131}
0: MemResourceStatus {MemManagerAggregate,18446744073709551615,124000000000,1043531073,3979158657,0,0,N/A}
1: MemResourceStatus {MemManagerAggregate,18446744073709551615,60000000000,0,0,0,1,N/A}
MemResourceStatus {DefaultResource,18446744073709551615,18446744073709551615,0,0,0,-1,N/A}
Quick Memory Usage Overview:
Used Capacity: 11319519123, 0
------------------------------------------
Executing script file: /home/umeshsum/tpch_queries/20.sql
[32m(release)[0m> select
[32m(release)[0m> 	s_name,
[32m(release)[0m> 	s_address
[32m(release)[0m> from
[32m(release)[0m> 	supplier,
[32m(release)[0m> 	nation
[32m(release)[0m> where
[32m(release)[0m> 	s_suppkey in (
[32m(release)[0m> 		select
[32m(release)[0m> 			ps_suppkey
[32m(release)[0m> 		from
[32m(release)[0m> 			partsupp
[32m(release)[0m> 		where
[32m(release)[0m> 			ps_partkey in (
[32m(release)[0m> 				select
[32m(release)[0m> 					p_partkey
[32m(release)[0m> 				from
[32m(release)[0m> 					part
[32m(release)[0m> 				where
[32m(release)[0m> 					p_name like 'forest%'
[32m(release)[0m> 			)
[32m(release)[0m> 			and ps_availqty > (
[32m(release)[0m> 				select
[32m(release)[0m> 					0.5 * sum(l_quantity)
[32m(release)[0m> 				from
[32m(release)[0m> 					lineitem
[32m(release)[0m> 				where
[32m(release)[0m> 					l_partkey = ps_partkey
[32m(release)[0m> 					and l_suppkey = ps_suppkey
[32m(release)[0m> 					and l_shipdate >= date '1994-01-01'
[32m(release)[0m> 					and l_shipdate < date '1994-01-01' + interval '1' year
[32m(release)[0m> 			)
[32m(release)[0m> 	)
[32m(release)[0m> 	and s_nationkey = n_nationkey
[32m(release)[0m> 	and n_name = 'CANADA'
[32m(release)[0m> order by
[32m(release)[0m> 	s_name;
VmRSS Change: 88 KB
===
1804 rows total
Execution info: [PARSE: 78 µs 489 ns, SQL TRANSLATE: 0 ns, OPTIMIZE: 0 ns, LQP TRANSLATE: 49 µs 249 ns, EXECUTE: 123 ms 80 µs (wall time) | QUERY PLAN CACHE HITS: 1/1 statement(s)]
After reset, table use_count: 2
WARNING: Table still has 1 other owner(s) after pipeline reset!
Executing script file done
$:hsh mem_usage
------------------------------------------
Memory Usage Statistics:
VmSize:	215777316 kB
VmRSS:	77371412 kB
0: MemResourceStatus {MigratedColumnsAggregate,18446744073709551615,12610235929,10275988050,10275988050,0,0,N/A}
MemResourceStatus {NumaMonotonicResource,3,60000000000,0,0,0,1,0}
MemResourceStatus {NumaMonotonicResource,2,60000000000,3989264,293405940,7861621040,0,7861650264}
MemResourceStatus {NumaMonotonicResource,1,64000000000,1039541809,3685752717,18917318200,0,18917334131}
0: MemResourceStatus {MemManagerAggregate,18446744073709551615,124000000000,1043531073,3979158657,0,0,N/A}
1: MemResourceStatus {MemManagerAggregate,18446744073709551615,60000000000,0,0,0,1,N/A}
MemResourceStatus {DefaultResource,18446744073709551615,18446744073709551615,0,0,0,-1,N/A}
Quick Memory Usage Overview:
Used Capacity: 11319519123, 0
------------------------------------------
Label set to d60000000000_tf60000000000_q21
$:hsh clear_plan_caches
Cleared PQP and LQP caches
$:hsh clear_pipeline
Released last SQLPipeline
$:hsh reset_exec_pools
Reset execution pools (2, 3) bump pointers to start
$:hsh mem_usage
------------------------------------------
Memory Usage Statistics:
VmSize:	215777316 kB
VmRSS:	77371412 kB
0: MemResourceStatus {MigratedColumnsAggregate,18446744073709551615,12610235929,10275988050,10275988050,0,0,N/A}
MemResourceStatus {NumaMonotonicResource,3,60000000000,0,0,0,1,0}
MemResourceStatus {NumaMonotonicResource,2,60000000000,0,0,0,0,0}
MemResourceStatus {NumaMonotonicResource,1,64000000000,1039541809,3685752717,18917318200,0,18917334131}
0: MemResourceStatus {MemManagerAggregate,18446744073709551615,124000000000,1039541809,3685752717,0,0,N/A}
1: MemResourceStatus {MemManagerAggregate,18446744073709551615,60000000000,0,0,0,1,N/A}
MemResourceStatus {DefaultResource,18446744073709551615,18446744073709551615,0,0,0,-1,N/A}
Quick Memory Usage Overview:
Used Capacity: 11315529859, 0
------------------------------------------
Executing script file: /home/umeshsum/tpch_queries/21.sql
[32m(release)[0m> select
[32m(release)[0m> 	s_name,
[32m(release)[0m> 	count(*) as numwait
[32m(release)[0m> from
[32m(release)[0m> 	supplier,
[32m(release)[0m> 	lineitem l1,
[32m(release)[0m> 	orders,
[32m(release)[0m> 	nation
[32m(release)[0m> where
[32m(release)[0m> 	s_suppkey = l1.l_suppkey
[32m(release)[0m> 	and o_orderkey = l1.l_orderkey
[32m(release)[0m> 	and o_orderstatus = 'F'
[32m(release)[0m> 	and l1.l_receiptdate > l1.l_commitdate
[32m(release)[0m> 	and exists (
[32m(release)[0m> 		select
[32m(release)[0m> 			*
[32m(release)[0m> 		from
[32m(release)[0m> 			lineitem l2
[32m(release)[0m> 		where
[32m(release)[0m> 			l2.l_orderkey = l1.l_orderkey
[32m(release)[0m> 			and l2.l_suppkey <> l1.l_suppkey
[32m(release)[0m> 	)
[32m(release)[0m> 	and not exists (
[32m(release)[0m> 		select
[32m(release)[0m> 			*
[32m(release)[0m> 		from
[32m(release)[0m> 			lineitem l3
[32m(release)[0m> 		where
[32m(release)[0m> 			l3.l_orderkey = l1.l_orderkey
[32m(release)[0m> 			and l3.l_suppkey <> l1.l_suppkey
[32m(release)[0m> 			and l3.l_receiptdate > l3.l_commitdate
[32m(release)[0m> 	)
[32m(release)[0m> 	and s_nationkey = n_nationkey
[32m(release)[0m> 	and n_name = 'SAUDI ARABIA'
[32m(release)[0m> group by
[32m(release)[0m> 	s_name
[32m(release)[0m> order by
[32m(release)[0m> 	numwait desc,
[32m(release)[0m> 	s_name;
VmRSS Change: 152 KB
===
4009 rows total
Execution info: [PARSE: 87 µs 539 ns, SQL TRANSLATE: 325 µs 536 ns, OPTIMIZE: 10 ms 116 µs, LQP TRANSLATE: 283 µs 757 ns, EXECUTE: 828 ms 803 µs (wall time) | QUERY PLAN CACHE HITS: 0/1 statement(s)]
After reset, table use_count: 2
WARNING: Table still has 1 other owner(s) after pipeline reset!
Executing script file done
$:hsh mem_usage
------------------------------------------
Memory Usage Statistics:
VmSize:	215777316 kB
VmRSS:	77371588 kB
0: MemResourceStatus {MigratedColumnsAggregate,18446744073709551615,12610235929,10275988050,10275988050,0,0,N/A}
MemResourceStatus {NumaMonotonicResource,3,60000000000,0,0,0,1,0}
MemResourceStatus {NumaMonotonicResource,2,60000000000,1177856,1423052112,4807996676,0,4808006688}
MemResourceStatus {NumaMonotonicResource,1,64000000000,1039541809,3685752717,18917318200,0,18917334131}
0: MemResourceStatus {MemManagerAggregate,18446744073709551615,124000000000,1040719665,5108804829,0,0,N/A}
1: MemResourceStatus {MemManagerAggregate,18446744073709551615,60000000000,0,0,0,1,N/A}
MemResourceStatus {DefaultResource,18446744073709551615,18446744073709551615,0,0,0,-1,N/A}
Quick Memory Usage Overview:
Used Capacity: 11316707715, 0
------------------------------------------
Executing script file: /home/umeshsum/tpch_queries/21.sql
[32m(release)[0m> select
[32m(release)[0m> 	s_name,
[32m(release)[0m> 	count(*) as numwait
[32m(release)[0m> from
[32m(release)[0m> 	supplier,
[32m(release)[0m> 	lineitem l1,
[32m(release)[0m> 	orders,
[32m(release)[0m> 	nation
[32m(release)[0m> where
[32m(release)[0m> 	s_suppkey = l1.l_suppkey
[32m(release)[0m> 	and o_orderkey = l1.l_orderkey
[32m(release)[0m> 	and o_orderstatus = 'F'
[32m(release)[0m> 	and l1.l_receiptdate > l1.l_commitdate
[32m(release)[0m> 	and exists (
[32m(release)[0m> 		select
[32m(release)[0m> 			*
[32m(release)[0m> 		from
[32m(release)[0m> 			lineitem l2
[32m(release)[0m> 		where
[32m(release)[0m> 			l2.l_orderkey = l1.l_orderkey
[32m(release)[0m> 			and l2.l_suppkey <> l1.l_suppkey
[32m(release)[0m> 	)
[32m(release)[0m> 	and not exists (
[32m(release)[0m> 		select
[32m(release)[0m> 			*
[32m(release)[0m> 		from
[32m(release)[0m> 			lineitem l3
[32m(release)[0m> 		where
[32m(release)[0m> 			l3.l_orderkey = l1.l_orderkey
[32m(release)[0m> 			and l3.l_suppkey <> l1.l_suppkey
[32m(release)[0m> 			and l3.l_receiptdate > l3.l_commitdate
[32m(release)[0m> 	)
[32m(release)[0m> 	and s_nationkey = n_nationkey
[32m(release)[0m> 	and n_name = 'SAUDI ARABIA'
[32m(release)[0m> group by
[32m(release)[0m> 	s_name
[32m(release)[0m> order by
[32m(release)[0m> 	numwait desc,
[32m(release)[0m> 	s_name;
VmRSS Change: 120 KB
===
4009 rows total
Execution info: [PARSE: 71 µs 389 ns, SQL TRANSLATE: 0 ns, OPTIMIZE: 0 ns, LQP TRANSLATE: 45 µs 89 ns, EXECUTE: 790 ms 487 µs (wall time) | QUERY PLAN CACHE HITS: 1/1 statement(s)]
After reset, table use_count: 2
WARNING: Table still has 1 other owner(s) after pipeline reset!
Executing script file done
$:hsh mem_usage
------------------------------------------
Memory Usage Statistics:
VmSize:	215777316 kB
VmRSS:	77371708 kB
0: MemResourceStatus {MigratedColumnsAggregate,18446744073709551615,12610235929,10275988050,10275988050,0,0,N/A}
MemResourceStatus {NumaMonotonicResource,3,60000000000,0,0,0,1,0}
MemResourceStatus {NumaMonotonicResource,2,60000000000,1306720,1423180976,9615993352,0,9616013328}
MemResourceStatus {NumaMonotonicResource,1,64000000000,1039541809,3685752717,18917318200,0,18917334131}
0: MemResourceStatus {MemManagerAggregate,18446744073709551615,124000000000,1040848529,5108933693,0,0,N/A}
1: MemResourceStatus {MemManagerAggregate,18446744073709551615,60000000000,0,0,0,1,N/A}
MemResourceStatus {DefaultResource,18446744073709551615,18446744073709551615,0,0,0,-1,N/A}
Quick Memory Usage Overview:
Used Capacity: 11316836579, 0
------------------------------------------
Executing script file: /home/umeshsum/tpch_queries/21.sql
[32m(release)[0m> select
[32m(release)[0m> 	s_name,
[32m(release)[0m> 	count(*) as numwait
[32m(release)[0m> from
[32m(release)[0m> 	supplier,
[32m(release)[0m> 	lineitem l1,
[32m(release)[0m> 	orders,
[32m(release)[0m> 	nation
[32m(release)[0m> where
[32m(release)[0m> 	s_suppkey = l1.l_suppkey
[32m(release)[0m> 	and o_orderkey = l1.l_orderkey
[32m(release)[0m> 	and o_orderstatus = 'F'
[32m(release)[0m> 	and l1.l_receiptdate > l1.l_commitdate
[32m(release)[0m> 	and exists (
[32m(release)[0m> 		select
[32m(release)[0m> 			*
[32m(release)[0m> 		from
[32m(release)[0m> 			lineitem l2
[32m(release)[0m> 		where
[32m(release)[0m> 			l2.l_orderkey = l1.l_orderkey
[32m(release)[0m> 			and l2.l_suppkey <> l1.l_suppkey
[32m(release)[0m> 	)
[32m(release)[0m> 	and not exists (
[32m(release)[0m> 		select
[32m(release)[0m> 			*
[32m(release)[0m> 		from
[32m(release)[0m> 			lineitem l3
[32m(release)[0m> 		where
[32m(release)[0m> 			l3.l_orderkey = l1.l_orderkey
[32m(release)[0m> 			and l3.l_suppkey <> l1.l_suppkey
[32m(release)[0m> 			and l3.l_receiptdate > l3.l_commitdate
[32m(release)[0m> 	)
[32m(release)[0m> 	and s_nationkey = n_nationkey
[32m(release)[0m> 	and n_name = 'SAUDI ARABIA'
[32m(release)[0m> group by
[32m(release)[0m> 	s_name
[32m(release)[0m> order by
[32m(release)[0m> 	numwait desc,
[32m(release)[0m> 	s_name;
VmRSS Change: 268 KB
===
4009 rows total
Execution info: [PARSE: 89 µs 180 ns, SQL TRANSLATE: 0 ns, OPTIMIZE: 0 ns, LQP TRANSLATE: 48 µs 659 ns, EXECUTE: 790 ms 69 µs (wall time) | QUERY PLAN CACHE HITS: 1/1 statement(s)]
After reset, table use_count: 2
WARNING: Table still has 1 other owner(s) after pipeline reset!
Executing script file done
$:hsh mem_usage
------------------------------------------
Memory Usage Statistics:
VmSize:	215777316 kB
VmRSS:	77371976 kB
0: MemResourceStatus {MigratedColumnsAggregate,18446744073709551615,12610235929,10275988050,10275988050,0,0,N/A}
MemResourceStatus {NumaMonotonicResource,3,60000000000,0,0,0,1,0}
MemResourceStatus {NumaMonotonicResource,2,60000000000,1306720,1423180976,14423990028,0,14424019952}
MemResourceStatus {NumaMonotonicResource,1,64000000000,1039541809,3685752717,18917318200,0,18917334131}
0: MemResourceStatus {MemManagerAggregate,18446744073709551615,124000000000,1040848529,5108933693,0,0,N/A}
1: MemResourceStatus {MemManagerAggregate,18446744073709551615,60000000000,0,0,0,1,N/A}
MemResourceStatus {DefaultResource,18446744073709551615,18446744073709551615,0,0,0,-1,N/A}
Quick Memory Usage Overview:
Used Capacity: 11316836579, 0
------------------------------------------
Executing script file: /home/umeshsum/tpch_queries/21.sql
[32m(release)[0m> select
[32m(release)[0m> 	s_name,
[32m(release)[0m> 	count(*) as numwait
[32m(release)[0m> from
[32m(release)[0m> 	supplier,
[32m(release)[0m> 	lineitem l1,
[32m(release)[0m> 	orders,
[32m(release)[0m> 	nation
[32m(release)[0m> where
[32m(release)[0m> 	s_suppkey = l1.l_suppkey
[32m(release)[0m> 	and o_orderkey = l1.l_orderkey
[32m(release)[0m> 	and o_orderstatus = 'F'
[32m(release)[0m> 	and l1.l_receiptdate > l1.l_commitdate
[32m(release)[0m> 	and exists (
[32m(release)[0m> 		select
[32m(release)[0m> 			*
[32m(release)[0m> 		from
[32m(release)[0m> 			lineitem l2
[32m(release)[0m> 		where
[32m(release)[0m> 			l2.l_orderkey = l1.l_orderkey
[32m(release)[0m> 			and l2.l_suppkey <> l1.l_suppkey
[32m(release)[0m> 	)
[32m(release)[0m> 	and not exists (
[32m(release)[0m> 		select
[32m(release)[0m> 			*
[32m(release)[0m> 		from
[32m(release)[0m> 			lineitem l3
[32m(release)[0m> 		where
[32m(release)[0m> 			l3.l_orderkey = l1.l_orderkey
[32m(release)[0m> 			and l3.l_suppkey <> l1.l_suppkey
[32m(release)[0m> 			and l3.l_receiptdate > l3.l_commitdate
[32m(release)[0m> 	)
[32m(release)[0m> 	and s_nationkey = n_nationkey
[32m(release)[0m> 	and n_name = 'SAUDI ARABIA'
[32m(release)[0m> group by
[32m(release)[0m> 	s_name
[32m(release)[0m> order by
[32m(release)[0m> 	numwait desc,
[32m(release)[0m> 	s_name;
VmRSS Change: 108 KB
===
4009 rows total
Execution info: [PARSE: 92 µs 119 ns, SQL TRANSLATE: 0 ns, OPTIMIZE: 0 ns, LQP TRANSLATE: 42 µs 579 ns, EXECUTE: 790 ms 243 µs (wall time) | QUERY PLAN CACHE HITS: 1/1 statement(s)]
After reset, table use_count: 2
WARNING: Table still has 1 other owner(s) after pipeline reset!
Executing script file done
$:hsh mem_usage
------------------------------------------
Memory Usage Statistics:
VmSize:	215777316 kB
VmRSS:	77372084 kB
0: MemResourceStatus {MigratedColumnsAggregate,18446744073709551615,12610235929,10275988050,10275988050,0,0,N/A}
MemResourceStatus {NumaMonotonicResource,3,60000000000,0,0,0,1,0}
MemResourceStatus {NumaMonotonicResource,2,60000000000,1306720,1423180976,19231986704,0,19232026560}
MemResourceStatus {NumaMonotonicResource,1,64000000000,1039541809,3685752717,18917318200,0,18917334131}
0: MemResourceStatus {MemManagerAggregate,18446744073709551615,124000000000,1040848529,5108933693,0,0,N/A}
1: MemResourceStatus {MemManagerAggregate,18446744073709551615,60000000000,0,0,0,1,N/A}
MemResourceStatus {DefaultResource,18446744073709551615,18446744073709551615,0,0,0,-1,N/A}
Quick Memory Usage Overview:
Used Capacity: 11316836579, 0
------------------------------------------
Executing script file: /home/umeshsum/tpch_queries/21.sql
[32m(release)[0m> select
[32m(release)[0m> 	s_name,
[32m(release)[0m> 	count(*) as numwait
[32m(release)[0m> from
[32m(release)[0m> 	supplier,
[32m(release)[0m> 	lineitem l1,
[32m(release)[0m> 	orders,
[32m(release)[0m> 	nation
[32m(release)[0m> where
[32m(release)[0m> 	s_suppkey = l1.l_suppkey
[32m(release)[0m> 	and o_orderkey = l1.l_orderkey
[32m(release)[0m> 	and o_orderstatus = 'F'
[32m(release)[0m> 	and l1.l_receiptdate > l1.l_commitdate
[32m(release)[0m> 	and exists (
[32m(release)[0m> 		select
[32m(release)[0m> 			*
[32m(release)[0m> 		from
[32m(release)[0m> 			lineitem l2
[32m(release)[0m> 		where
[32m(release)[0m> 			l2.l_orderkey = l1.l_orderkey
[32m(release)[0m> 			and l2.l_suppkey <> l1.l_suppkey
[32m(release)[0m> 	)
[32m(release)[0m> 	and not exists (
[32m(release)[0m> 		select
[32m(release)[0m> 			*
[32m(release)[0m> 		from
[32m(release)[0m> 			lineitem l3
[32m(release)[0m> 		where
[32m(release)[0m> 			l3.l_orderkey = l1.l_orderkey
[32m(release)[0m> 			and l3.l_suppkey <> l1.l_suppkey
[32m(release)[0m> 			and l3.l_receiptdate > l3.l_commitdate
[32m(release)[0m> 	)
[32m(release)[0m> 	and s_nationkey = n_nationkey
[32m(release)[0m> 	and n_name = 'SAUDI ARABIA'
[32m(release)[0m> group by
[32m(release)[0m> 	s_name
[32m(release)[0m> order by
[32m(release)[0m> 	numwait desc,
[32m(release)[0m> 	s_name;
VmRSS Change: 160 KB
===
4009 rows total
Execution info: [PARSE: 83 µs 229 ns, SQL TRANSLATE: 0 ns, OPTIMIZE: 0 ns, LQP TRANSLATE: 50 µs 120 ns, EXECUTE: 823 ms 962 µs (wall time) | QUERY PLAN CACHE HITS: 1/1 statement(s)]
After reset, table use_count: 2
WARNING: Table still has 1 other owner(s) after pipeline reset!
Executing script file done
$:hsh mem_usage
------------------------------------------
Memory Usage Statistics:
VmSize:	215777316 kB
VmRSS:	77372244 kB
0: MemResourceStatus {MigratedColumnsAggregate,18446744073709551615,12610235929,10275988050,10275988050,0,0,N/A}
MemResourceStatus {NumaMonotonicResource,3,60000000000,0,0,0,1,0}
MemResourceStatus {NumaMonotonicResource,2,60000000000,1306720,1423180976,24039983380,0,24040033216}
MemResourceStatus {NumaMonotonicResource,1,64000000000,1039541809,3685752717,18917318200,0,18917334131}
0: MemResourceStatus {MemManagerAggregate,18446744073709551615,124000000000,1040848529,5108933693,0,0,N/A}
1: MemResourceStatus {MemManagerAggregate,18446744073709551615,60000000000,0,0,0,1,N/A}
MemResourceStatus {DefaultResource,18446744073709551615,18446744073709551615,0,0,0,-1,N/A}
Quick Memory Usage Overview:
Used Capacity: 11316836579, 0
------------------------------------------
Executing script file: /home/umeshsum/tpch_queries/21.sql
[32m(release)[0m> select
[32m(release)[0m> 	s_name,
[32m(release)[0m> 	count(*) as numwait
[32m(release)[0m> from
[32m(release)[0m> 	supplier,
[32m(release)[0m> 	lineitem l1,
[32m(release)[0m> 	orders,
[32m(release)[0m> 	nation
[32m(release)[0m> where
[32m(release)[0m> 	s_suppkey = l1.l_suppkey
[32m(release)[0m> 	and o_orderkey = l1.l_orderkey
[32m(release)[0m> 	and o_orderstatus = 'F'
[32m(release)[0m> 	and l1.l_receiptdate > l1.l_commitdate
[32m(release)[0m> 	and exists (
[32m(release)[0m> 		select
[32m(release)[0m> 			*
[32m(release)[0m> 		from
[32m(release)[0m> 			lineitem l2
[32m(release)[0m> 		where
[32m(release)[0m> 			l2.l_orderkey = l1.l_orderkey
[32m(release)[0m> 			and l2.l_suppkey <> l1.l_suppkey
[32m(release)[0m> 	)
[32m(release)[0m> 	and not exists (
[32m(release)[0m> 		select
[32m(release)[0m> 			*
[32m(release)[0m> 		from
[32m(release)[0m> 			lineitem l3
[32m(release)[0m> 		where
[32m(release)[0m> 			l3.l_orderkey = l1.l_orderkey
[32m(release)[0m> 			and l3.l_suppkey <> l1.l_suppkey
[32m(release)[0m> 			and l3.l_receiptdate > l3.l_commitdate
[32m(release)[0m> 	)
[32m(release)[0m> 	and s_nationkey = n_nationkey
[32m(release)[0m> 	and n_name = 'SAUDI ARABIA'
[32m(release)[0m> group by
[32m(release)[0m> 	s_name
[32m(release)[0m> order by
[32m(release)[0m> 	numwait desc,
[32m(release)[0m> 	s_name;
VmRSS Change: 18446744073709551344 KB
===
4009 rows total
Execution info: [PARSE: 87 µs 479 ns, SQL TRANSLATE: 0 ns, OPTIMIZE: 0 ns, LQP TRANSLATE: 43 µs 480 ns, EXECUTE: 825 ms 317 µs (wall time) | QUERY PLAN CACHE HITS: 1/1 statement(s)]
After reset, table use_count: 2
WARNING: Table still has 1 other owner(s) after pipeline reset!
Executing script file done
$:hsh mem_usage
------------------------------------------
Memory Usage Statistics:
VmSize:	215777316 kB
VmRSS:	77371972 kB
0: MemResourceStatus {MigratedColumnsAggregate,18446744073709551615,12610235929,10275988050,10275988050,0,0,N/A}
MemResourceStatus {NumaMonotonicResource,3,60000000000,0,0,0,1,0}
MemResourceStatus {NumaMonotonicResource,2,60000000000,1306720,1423180976,28847980056,0,28848039872}
MemResourceStatus {NumaMonotonicResource,1,64000000000,1039541809,3685752717,18917318200,0,18917334131}
0: MemResourceStatus {MemManagerAggregate,18446744073709551615,124000000000,1040848529,5108933693,0,0,N/A}
1: MemResourceStatus {MemManagerAggregate,18446744073709551615,60000000000,0,0,0,1,N/A}
MemResourceStatus {DefaultResource,18446744073709551615,18446744073709551615,0,0,0,-1,N/A}
Quick Memory Usage Overview:
Used Capacity: 11316836579, 0
------------------------------------------
Executing script file: /home/umeshsum/tpch_queries/21.sql
[32m(release)[0m> select
[32m(release)[0m> 	s_name,
[32m(release)[0m> 	count(*) as numwait
[32m(release)[0m> from
[32m(release)[0m> 	supplier,
[32m(release)[0m> 	lineitem l1,
[32m(release)[0m> 	orders,
[32m(release)[0m> 	nation
[32m(release)[0m> where
[32m(release)[0m> 	s_suppkey = l1.l_suppkey
[32m(release)[0m> 	and o_orderkey = l1.l_orderkey
[32m(release)[0m> 	and o_orderstatus = 'F'
[32m(release)[0m> 	and l1.l_receiptdate > l1.l_commitdate
[32m(release)[0m> 	and exists (
[32m(release)[0m> 		select
[32m(release)[0m> 			*
[32m(release)[0m> 		from
[32m(release)[0m> 			lineitem l2
[32m(release)[0m> 		where
[32m(release)[0m> 			l2.l_orderkey = l1.l_orderkey
[32m(release)[0m> 			and l2.l_suppkey <> l1.l_suppkey
[32m(release)[0m> 	)
[32m(release)[0m> 	and not exists (
[32m(release)[0m> 		select
[32m(release)[0m> 			*
[32m(release)[0m> 		from
[32m(release)[0m> 			lineitem l3
[32m(release)[0m> 		where
[32m(release)[0m> 			l3.l_orderkey = l1.l_orderkey
[32m(release)[0m> 			and l3.l_suppkey <> l1.l_suppkey
[32m(release)[0m> 			and l3.l_receiptdate > l3.l_commitdate
[32m(release)[0m> 	)
[32m(release)[0m> 	and s_nationkey = n_nationkey
[32m(release)[0m> 	and n_name = 'SAUDI ARABIA'
[32m(release)[0m> group by
[32m(release)[0m> 	s_name
[32m(release)[0m> order by
[32m(release)[0m> 	numwait desc,
[32m(release)[0m> 	s_name;
VmRSS Change: 18446744073709551496 KB
===
4009 rows total
Execution info: [PARSE: 72 µs 829 ns, SQL TRANSLATE: 0 ns, OPTIMIZE: 0 ns, LQP TRANSLATE: 40 µs 209 ns, EXECUTE: 816 ms 114 µs (wall time) | QUERY PLAN CACHE HITS: 1/1 statement(s)]
After reset, table use_count: 2
WARNING: Table still has 1 other owner(s) after pipeline reset!
Executing script file done
$:hsh mem_usage
------------------------------------------
Memory Usage Statistics:
VmSize:	215777316 kB
VmRSS:	77371852 kB
0: MemResourceStatus {MigratedColumnsAggregate,18446744073709551615,12610235929,10275988050,10275988050,0,0,N/A}
MemResourceStatus {NumaMonotonicResource,3,60000000000,0,0,0,1,0}
MemResourceStatus {NumaMonotonicResource,2,60000000000,1306720,1423180976,33655976732,0,33656046512}
MemResourceStatus {NumaMonotonicResource,1,64000000000,1039541809,3685752717,18917318200,0,18917334131}
0: MemResourceStatus {MemManagerAggregate,18446744073709551615,124000000000,1040848529,5108933693,0,0,N/A}
1: MemResourceStatus {MemManagerAggregate,18446744073709551615,60000000000,0,0,0,1,N/A}
MemResourceStatus {DefaultResource,18446744073709551615,18446744073709551615,0,0,0,-1,N/A}
Quick Memory Usage Overview:
Used Capacity: 11316836579, 0
------------------------------------------
Executing script file: /home/umeshsum/tpch_queries/21.sql
[32m(release)[0m> select
[32m(release)[0m> 	s_name,
[32m(release)[0m> 	count(*) as numwait
[32m(release)[0m> from
[32m(release)[0m> 	supplier,
[32m(release)[0m> 	lineitem l1,
[32m(release)[0m> 	orders,
[32m(release)[0m> 	nation
[32m(release)[0m> where
[32m(release)[0m> 	s_suppkey = l1.l_suppkey
[32m(release)[0m> 	and o_orderkey = l1.l_orderkey
[32m(release)[0m> 	and o_orderstatus = 'F'
[32m(release)[0m> 	and l1.l_receiptdate > l1.l_commitdate
[32m(release)[0m> 	and exists (
[32m(release)[0m> 		select
[32m(release)[0m> 			*
[32m(release)[0m> 		from
[32m(release)[0m> 			lineitem l2
[32m(release)[0m> 		where
[32m(release)[0m> 			l2.l_orderkey = l1.l_orderkey
[32m(release)[0m> 			and l2.l_suppkey <> l1.l_suppkey
[32m(release)[0m> 	)
[32m(release)[0m> 	and not exists (
[32m(release)[0m> 		select
[32m(release)[0m> 			*
[32m(release)[0m> 		from
[32m(release)[0m> 			lineitem l3
[32m(release)[0m> 		where
[32m(release)[0m> 			l3.l_orderkey = l1.l_orderkey
[32m(release)[0m> 			and l3.l_suppkey <> l1.l_suppkey
[32m(release)[0m> 			and l3.l_receiptdate > l3.l_commitdate
[32m(release)[0m> 	)
[32m(release)[0m> 	and s_nationkey = n_nationkey
[32m(release)[0m> 	and n_name = 'SAUDI ARABIA'
[32m(release)[0m> group by
[32m(release)[0m> 	s_name
[32m(release)[0m> order by
[32m(release)[0m> 	numwait desc,
[32m(release)[0m> 	s_name;
VmRSS Change: 18446744073709551376 KB
===
4009 rows total
Execution info: [PARSE: 71 µs 809 ns, SQL TRANSLATE: 0 ns, OPTIMIZE: 0 ns, LQP TRANSLATE: 40 µs 810 ns, EXECUTE: 791 ms 365 µs (wall time) | QUERY PLAN CACHE HITS: 1/1 statement(s)]
After reset, table use_count: 2
WARNING: Table still has 1 other owner(s) after pipeline reset!
Executing script file done
$:hsh mem_usage
------------------------------------------
Memory Usage Statistics:
VmSize:	215777316 kB
VmRSS:	77371612 kB
0: MemResourceStatus {MigratedColumnsAggregate,18446744073709551615,12610235929,10275988050,10275988050,0,0,N/A}
MemResourceStatus {NumaMonotonicResource,3,60000000000,0,0,0,1,0}
MemResourceStatus {NumaMonotonicResource,2,60000000000,1306720,1423180976,38463973408,0,38464053168}
MemResourceStatus {NumaMonotonicResource,1,64000000000,1039541809,3685752717,18917318200,0,18917334131}
0: MemResourceStatus {MemManagerAggregate,18446744073709551615,124000000000,1040848529,5108933693,0,0,N/A}
1: MemResourceStatus {MemManagerAggregate,18446744073709551615,60000000000,0,0,0,1,N/A}
MemResourceStatus {DefaultResource,18446744073709551615,18446744073709551615,0,0,0,-1,N/A}
Quick Memory Usage Overview:
Used Capacity: 11316836579, 0
------------------------------------------
Executing script file: /home/umeshsum/tpch_queries/21.sql
[32m(release)[0m> select
[32m(release)[0m> 	s_name,
[32m(release)[0m> 	count(*) as numwait
[32m(release)[0m> from
[32m(release)[0m> 	supplier,
[32m(release)[0m> 	lineitem l1,
[32m(release)[0m> 	orders,
[32m(release)[0m> 	nation
[32m(release)[0m> where
[32m(release)[0m> 	s_suppkey = l1.l_suppkey
[32m(release)[0m> 	and o_orderkey = l1.l_orderkey
[32m(release)[0m> 	and o_orderstatus = 'F'
[32m(release)[0m> 	and l1.l_receiptdate > l1.l_commitdate
[32m(release)[0m> 	and exists (
[32m(release)[0m> 		select
[32m(release)[0m> 			*
[32m(release)[0m> 		from
[32m(release)[0m> 			lineitem l2
[32m(release)[0m> 		where
[32m(release)[0m> 			l2.l_orderkey = l1.l_orderkey
[32m(release)[0m> 			and l2.l_suppkey <> l1.l_suppkey
[32m(release)[0m> 	)
[32m(release)[0m> 	and not exists (
[32m(release)[0m> 		select
[32m(release)[0m> 			*
[32m(release)[0m> 		from
[32m(release)[0m> 			lineitem l3
[32m(release)[0m> 		where
[32m(release)[0m> 			l3.l_orderkey = l1.l_orderkey
[32m(release)[0m> 			and l3.l_suppkey <> l1.l_suppkey
[32m(release)[0m> 			and l3.l_receiptdate > l3.l_commitdate
[32m(release)[0m> 	)
[32m(release)[0m> 	and s_nationkey = n_nationkey
[32m(release)[0m> 	and n_name = 'SAUDI ARABIA'
[32m(release)[0m> group by
[32m(release)[0m> 	s_name
[32m(release)[0m> order by
[32m(release)[0m> 	numwait desc,
[32m(release)[0m> 	s_name;
VmRSS Change: 3944 KB
===
4009 rows total
Execution info: [PARSE: 91 µs 929 ns, SQL TRANSLATE: 0 ns, OPTIMIZE: 0 ns, LQP TRANSLATE: 40 µs 770 ns, EXECUTE: 786 ms 183 µs (wall time) | QUERY PLAN CACHE HITS: 1/1 statement(s)]
After reset, table use_count: 2
WARNING: Table still has 1 other owner(s) after pipeline reset!
Executing script file done
$:hsh mem_usage
------------------------------------------
Memory Usage Statistics:
VmSize:	215777316 kB
VmRSS:	77375552 kB
0: MemResourceStatus {MigratedColumnsAggregate,18446744073709551615,12610235929,10275988050,10275988050,0,0,N/A}
MemResourceStatus {NumaMonotonicResource,3,60000000000,0,0,0,1,0}
MemResourceStatus {NumaMonotonicResource,2,60000000000,1306720,1423180976,43271970084,0,43272059824}
MemResourceStatus {NumaMonotonicResource,1,64000000000,1039541809,3685752717,18917318200,0,18917334131}
0: MemResourceStatus {MemManagerAggregate,18446744073709551615,124000000000,1040848529,5108933693,0,0,N/A}
1: MemResourceStatus {MemManagerAggregate,18446744073709551615,60000000000,0,0,0,1,N/A}
MemResourceStatus {DefaultResource,18446744073709551615,18446744073709551615,0,0,0,-1,N/A}
Quick Memory Usage Overview:
Used Capacity: 11316836579, 0
------------------------------------------
Executing script file: /home/umeshsum/tpch_queries/21.sql
[32m(release)[0m> select
[32m(release)[0m> 	s_name,
[32m(release)[0m> 	count(*) as numwait
[32m(release)[0m> from
[32m(release)[0m> 	supplier,
[32m(release)[0m> 	lineitem l1,
[32m(release)[0m> 	orders,
[32m(release)[0m> 	nation
[32m(release)[0m> where
[32m(release)[0m> 	s_suppkey = l1.l_suppkey
[32m(release)[0m> 	and o_orderkey = l1.l_orderkey
[32m(release)[0m> 	and o_orderstatus = 'F'
[32m(release)[0m> 	and l1.l_receiptdate > l1.l_commitdate
[32m(release)[0m> 	and exists (
[32m(release)[0m> 		select
[32m(release)[0m> 			*
[32m(release)[0m> 		from
[32m(release)[0m> 			lineitem l2
[32m(release)[0m> 		where
[32m(release)[0m> 			l2.l_orderkey = l1.l_orderkey
[32m(release)[0m> 			and l2.l_suppkey <> l1.l_suppkey
[32m(release)[0m> 	)
[32m(release)[0m> 	and not exists (
[32m(release)[0m> 		select
[32m(release)[0m> 			*
[32m(release)[0m> 		from
[32m(release)[0m> 			lineitem l3
[32m(release)[0m> 		where
[32m(release)[0m> 			l3.l_orderkey = l1.l_orderkey
[32m(release)[0m> 			and l3.l_suppkey <> l1.l_suppkey
[32m(release)[0m> 			and l3.l_receiptdate > l3.l_commitdate
[32m(release)[0m> 	)
[32m(release)[0m> 	and s_nationkey = n_nationkey
[32m(release)[0m> 	and n_name = 'SAUDI ARABIA'
[32m(release)[0m> group by
[32m(release)[0m> 	s_name
[32m(release)[0m> order by
[32m(release)[0m> 	numwait desc,
[32m(release)[0m> 	s_name;
VmRSS Change: 4608 KB
===
4009 rows total
Execution info: [PARSE: 84 µs 939 ns, SQL TRANSLATE: 0 ns, OPTIMIZE: 0 ns, LQP TRANSLATE: 45 µs 410 ns, EXECUTE: 805 ms 149 µs (wall time) | QUERY PLAN CACHE HITS: 1/1 statement(s)]
After reset, table use_count: 2
WARNING: Table still has 1 other owner(s) after pipeline reset!
Executing script file done
$:hsh mem_usage
------------------------------------------
Memory Usage Statistics:
VmSize:	215777316 kB
VmRSS:	77380160 kB
0: MemResourceStatus {MigratedColumnsAggregate,18446744073709551615,12610235929,10275988050,10275988050,0,0,N/A}
MemResourceStatus {NumaMonotonicResource,3,60000000000,0,0,0,1,0}
MemResourceStatus {NumaMonotonicResource,2,60000000000,1306720,1423180976,48079966760,0,48080066464}
MemResourceStatus {NumaMonotonicResource,1,64000000000,1039541809,3685752717,18917318200,0,18917334131}
0: MemResourceStatus {MemManagerAggregate,18446744073709551615,124000000000,1040848529,5108933693,0,0,N/A}
1: MemResourceStatus {MemManagerAggregate,18446744073709551615,60000000000,0,0,0,1,N/A}
MemResourceStatus {DefaultResource,18446744073709551615,18446744073709551615,0,0,0,-1,N/A}
Quick Memory Usage Overview:
Used Capacity: 11316836579, 0
------------------------------------------
Label set to d60000000000_tf60000000000_q22
$:hsh clear_plan_caches
Cleared PQP and LQP caches
$:hsh clear_pipeline
Released last SQLPipeline
$:hsh reset_exec_pools
Reset execution pools (2, 3) bump pointers to start
$:hsh mem_usage
------------------------------------------
Memory Usage Statistics:
VmSize:	215777316 kB
VmRSS:	77380160 kB
0: MemResourceStatus {MigratedColumnsAggregate,18446744073709551615,12610235929,10275988050,10275988050,0,0,N/A}
MemResourceStatus {NumaMonotonicResource,3,60000000000,0,0,0,1,0}
MemResourceStatus {NumaMonotonicResource,2,60000000000,0,0,0,0,0}
MemResourceStatus {NumaMonotonicResource,1,64000000000,1039541809,3685752717,18917318200,0,18917334131}
0: MemResourceStatus {MemManagerAggregate,18446744073709551615,124000000000,1039541809,3685752717,0,0,N/A}
1: MemResourceStatus {MemManagerAggregate,18446744073709551615,60000000000,0,0,0,1,N/A}
MemResourceStatus {DefaultResource,18446744073709551615,18446744073709551615,0,0,0,-1,N/A}
Quick Memory Usage Overview:
Used Capacity: 11315529859, 0
------------------------------------------
Executing script file: /home/umeshsum/tpch_queries/22.sql
[32m(release)[0m> select
[32m(release)[0m> 	cntrycode,
[32m(release)[0m> 	count(*) as numcust,
[32m(release)[0m> 	sum(c_acctbal) as totacctbal
[32m(release)[0m> from
[32m(release)[0m> 	(
[32m(release)[0m> 		select
[32m(release)[0m> 			substring(c_phone, 1, 2) as cntrycode,
[32m(release)[0m> 			c_acctbal
[32m(release)[0m> 		from
[32m(release)[0m> 			customer
[32m(release)[0m> 		where
[32m(release)[0m> 			substring(c_phone, 1, 2) in
[32m(release)[0m> 				('13', '31', '23', '29', '30', '18', '17')
[32m(release)[0m> 			and c_acctbal > (
[32m(release)[0m> 				select
[32m(release)[0m> 					avg(c_acctbal)
[32m(release)[0m> 				from
[32m(release)[0m> 					customer
[32m(release)[0m> 				where
[32m(release)[0m> 					c_acctbal > 0.00
[32m(release)[0m> 					and substring(c_phone, 1, 2) in
[32m(release)[0m> 						('13', '31', '23', '29', '30', '18', '17')
[32m(release)[0m> 			)
[32m(release)[0m> 			and not exists (
[32m(release)[0m> 				select
[32m(release)[0m> 					*
[32m(release)[0m> 				from
[32m(release)[0m> 					orders
[32m(release)[0m> 				where
[32m(release)[0m> 					o_custkey = c_custkey
[32m(release)[0m> 			)
[32m(release)[0m> 	) as custsale
[32m(release)[0m> group by
[32m(release)[0m> 	cntrycode
[32m(release)[0m> order by
[32m(release)[0m> 	cntrycode;
VmRSS Change: 68 KB
===
7 rows total
Execution info: [PARSE: 79 µs 819 ns, SQL TRANSLATE: 248 µs 857 ns, OPTIMIZE: 1 ms 543 µs, LQP TRANSLATE: 131 µs 449 ns, EXECUTE: 82 ms 343 µs (wall time) | QUERY PLAN CACHE HITS: 0/1 statement(s)]
After reset, table use_count: 2
WARNING: Table still has 1 other owner(s) after pipeline reset!
Executing script file done
$:hsh mem_usage
------------------------------------------
Memory Usage Statistics:
VmSize:	215777316 kB
VmRSS:	77380220 kB
0: MemResourceStatus {MigratedColumnsAggregate,18446744073709551615,12610235929,10275988050,10275988050,0,0,N/A}
MemResourceStatus {NumaMonotonicResource,3,60000000000,0,0,0,1,0}
MemResourceStatus {NumaMonotonicResource,2,60000000000,4161120,222124327,636833899,0,636836368}
MemResourceStatus {NumaMonotonicResource,1,64000000000,1039541809,3685752717,18917318200,0,18917334131}
0: MemResourceStatus {MemManagerAggregate,18446744073709551615,124000000000,1043702929,3907877044,0,0,N/A}
1: MemResourceStatus {MemManagerAggregate,18446744073709551615,60000000000,0,0,0,1,N/A}
MemResourceStatus {DefaultResource,18446744073709551615,18446744073709551615,0,0,0,-1,N/A}
Quick Memory Usage Overview:
Used Capacity: 11319690979, 0
------------------------------------------
Executing script file: /home/umeshsum/tpch_queries/22.sql
[32m(release)[0m> select
[32m(release)[0m> 	cntrycode,
[32m(release)[0m> 	count(*) as numcust,
[32m(release)[0m> 	sum(c_acctbal) as totacctbal
[32m(release)[0m> from
[32m(release)[0m> 	(
[32m(release)[0m> 		select
[32m(release)[0m> 			substring(c_phone, 1, 2) as cntrycode,
[32m(release)[0m> 			c_acctbal
[32m(release)[0m> 		from
[32m(release)[0m> 			customer
[32m(release)[0m> 		where
[32m(release)[0m> 			substring(c_phone, 1, 2) in
[32m(release)[0m> 				('13', '31', '23', '29', '30', '18', '17')
[32m(release)[0m> 			and c_acctbal > (
[32m(release)[0m> 				select
[32m(release)[0m> 					avg(c_acctbal)
[32m(release)[0m> 				from
[32m(release)[0m> 					customer
[32m(release)[0m> 				where
[32m(release)[0m> 					c_acctbal > 0.00
[32m(release)[0m> 					and substring(c_phone, 1, 2) in
[32m(release)[0m> 						('13', '31', '23', '29', '30', '18', '17')
[32m(release)[0m> 			)
[32m(release)[0m> 			and not exists (
[32m(release)[0m> 				select
[32m(release)[0m> 					*
[32m(release)[0m> 				from
[32m(release)[0m> 					orders
[32m(release)[0m> 				where
[32m(release)[0m> 					o_custkey = c_custkey
[32m(release)[0m> 			)
[32m(release)[0m> 	) as custsale
[32m(release)[0m> group by
[32m(release)[0m> 	cntrycode
[32m(release)[0m> order by
[32m(release)[0m> 	cntrycode;
VmRSS Change: 0 KB
===
7 rows total
Execution info: [PARSE: 73 µs 909 ns, SQL TRANSLATE: 0 ns, OPTIMIZE: 0 ns, LQP TRANSLATE: 60 µs 409 ns, EXECUTE: 82 ms 225 µs (wall time) | QUERY PLAN CACHE HITS: 1/1 statement(s)]
After reset, table use_count: 2
WARNING: Table still has 1 other owner(s) after pipeline reset!
Executing script file done
$:hsh mem_usage
------------------------------------------
Memory Usage Statistics:
VmSize:	215777316 kB
VmRSS:	77380220 kB
0: MemResourceStatus {MigratedColumnsAggregate,18446744073709551615,12610235929,10275988050,10275988050,0,0,N/A}
MemResourceStatus {NumaMonotonicResource,3,60000000000,0,0,0,1,0}
MemResourceStatus {NumaMonotonicResource,2,60000000000,6748744,224711951,1273667798,0,1273672704}
MemResourceStatus {NumaMonotonicResource,1,64000000000,1039541809,3685752717,18917318200,0,18917334131}
0: MemResourceStatus {MemManagerAggregate,18446744073709551615,124000000000,1046290553,3910464668,0,0,N/A}
1: MemResourceStatus {MemManagerAggregate,18446744073709551615,60000000000,0,0,0,1,N/A}
MemResourceStatus {DefaultResource,18446744073709551615,18446744073709551615,0,0,0,-1,N/A}
Quick Memory Usage Overview:
Used Capacity: 11322278603, 0
------------------------------------------
Executing script file: /home/umeshsum/tpch_queries/22.sql
[32m(release)[0m> select
[32m(release)[0m> 	cntrycode,
[32m(release)[0m> 	count(*) as numcust,
[32m(release)[0m> 	sum(c_acctbal) as totacctbal
[32m(release)[0m> from
[32m(release)[0m> 	(
[32m(release)[0m> 		select
[32m(release)[0m> 			substring(c_phone, 1, 2) as cntrycode,
[32m(release)[0m> 			c_acctbal
[32m(release)[0m> 		from
[32m(release)[0m> 			customer
[32m(release)[0m> 		where
[32m(release)[0m> 			substring(c_phone, 1, 2) in
[32m(release)[0m> 				('13', '31', '23', '29', '30', '18', '17')
[32m(release)[0m> 			and c_acctbal > (
[32m(release)[0m> 				select
[32m(release)[0m> 					avg(c_acctbal)
[32m(release)[0m> 				from
[32m(release)[0m> 					customer
[32m(release)[0m> 				where
[32m(release)[0m> 					c_acctbal > 0.00
[32m(release)[0m> 					and substring(c_phone, 1, 2) in
[32m(release)[0m> 						('13', '31', '23', '29', '30', '18', '17')
[32m(release)[0m> 			)
[32m(release)[0m> 			and not exists (
[32m(release)[0m> 				select
[32m(release)[0m> 					*
[32m(release)[0m> 				from
[32m(release)[0m> 					orders
[32m(release)[0m> 				where
[32m(release)[0m> 					o_custkey = c_custkey
[32m(release)[0m> 			)
[32m(release)[0m> 	) as custsale
[32m(release)[0m> group by
[32m(release)[0m> 	cntrycode
[32m(release)[0m> order by
[32m(release)[0m> 	cntrycode;
VmRSS Change: 0 KB
===
7 rows total
Execution info: [PARSE: 110 µs 449 ns, SQL TRANSLATE: 0 ns, OPTIMIZE: 0 ns, LQP TRANSLATE: 49 µs 820 ns, EXECUTE: 82 ms 956 µs (wall time) | QUERY PLAN CACHE HITS: 1/1 statement(s)]
After reset, table use_count: 2
WARNING: Table still has 1 other owner(s) after pipeline reset!
Executing script file done
$:hsh mem_usage
------------------------------------------
Memory Usage Statistics:
VmSize:	215777316 kB
VmRSS:	77380224 kB
0: MemResourceStatus {MigratedColumnsAggregate,18446744073709551615,12610235929,10275988050,10275988050,0,0,N/A}
MemResourceStatus {NumaMonotonicResource,3,60000000000,0,0,0,1,0}
MemResourceStatus {NumaMonotonicResource,2,60000000000,6748744,224711951,1910501697,0,1910509040}
MemResourceStatus {NumaMonotonicResource,1,64000000000,1039541809,3685752717,18917318200,0,18917334131}
0: MemResourceStatus {MemManagerAggregate,18446744073709551615,124000000000,1046290553,3910464668,0,0,N/A}
1: MemResourceStatus {MemManagerAggregate,18446744073709551615,60000000000,0,0,0,1,N/A}
MemResourceStatus {DefaultResource,18446744073709551615,18446744073709551615,0,0,0,-1,N/A}
Quick Memory Usage Overview:
Used Capacity: 11322278603, 0
------------------------------------------
Executing script file: /home/umeshsum/tpch_queries/22.sql
[32m(release)[0m> select
[32m(release)[0m> 	cntrycode,
[32m(release)[0m> 	count(*) as numcust,
[32m(release)[0m> 	sum(c_acctbal) as totacctbal
[32m(release)[0m> from
[32m(release)[0m> 	(
[32m(release)[0m> 		select
[32m(release)[0m> 			substring(c_phone, 1, 2) as cntrycode,
[32m(release)[0m> 			c_acctbal
[32m(release)[0m> 		from
[32m(release)[0m> 			customer
[32m(release)[0m> 		where
[32m(release)[0m> 			substring(c_phone, 1, 2) in
[32m(release)[0m> 				('13', '31', '23', '29', '30', '18', '17')
[32m(release)[0m> 			and c_acctbal > (
[32m(release)[0m> 				select
[32m(release)[0m> 					avg(c_acctbal)
[32m(release)[0m> 				from
[32m(release)[0m> 					customer
[32m(release)[0m> 				where
[32m(release)[0m> 					c_acctbal > 0.00
[32m(release)[0m> 					and substring(c_phone, 1, 2) in
[32m(release)[0m> 						('13', '31', '23', '29', '30', '18', '17')
[32m(release)[0m> 			)
[32m(release)[0m> 			and not exists (
[32m(release)[0m> 				select
[32m(release)[0m> 					*
[32m(release)[0m> 				from
[32m(release)[0m> 					orders
[32m(release)[0m> 				where
[32m(release)[0m> 					o_custkey = c_custkey
[32m(release)[0m> 			)
[32m(release)[0m> 	) as custsale
[32m(release)[0m> group by
[32m(release)[0m> 	cntrycode
[32m(release)[0m> order by
[32m(release)[0m> 	cntrycode;
VmRSS Change: 18446744073709551612 KB
===
7 rows total
Execution info: [PARSE: 85 µs 49 ns, SQL TRANSLATE: 0 ns, OPTIMIZE: 0 ns, LQP TRANSLATE: 52 µs 800 ns, EXECUTE: 81 ms 992 µs (wall time) | QUERY PLAN CACHE HITS: 1/1 statement(s)]
After reset, table use_count: 2
WARNING: Table still has 1 other owner(s) after pipeline reset!
Executing script file done
$:hsh mem_usage
------------------------------------------
Memory Usage Statistics:
VmSize:	215777316 kB
VmRSS:	77380220 kB
0: MemResourceStatus {MigratedColumnsAggregate,18446744073709551615,12610235929,10275988050,10275988050,0,0,N/A}
MemResourceStatus {NumaMonotonicResource,3,60000000000,0,0,0,1,0}
MemResourceStatus {NumaMonotonicResource,2,60000000000,6748744,224711951,2547335596,0,2547345440}
MemResourceStatus {NumaMonotonicResource,1,64000000000,1039541809,3685752717,18917318200,0,18917334131}
0: MemResourceStatus {MemManagerAggregate,18446744073709551615,124000000000,1046290553,3910464668,0,0,N/A}
1: MemResourceStatus {MemManagerAggregate,18446744073709551615,60000000000,0,0,0,1,N/A}
MemResourceStatus {DefaultResource,18446744073709551615,18446744073709551615,0,0,0,-1,N/A}
Quick Memory Usage Overview:
Used Capacity: 11322278603, 0
------------------------------------------
Executing script file: /home/umeshsum/tpch_queries/22.sql
[32m(release)[0m> select
[32m(release)[0m> 	cntrycode,
[32m(release)[0m> 	count(*) as numcust,
[32m(release)[0m> 	sum(c_acctbal) as totacctbal
[32m(release)[0m> from
[32m(release)[0m> 	(
[32m(release)[0m> 		select
[32m(release)[0m> 			substring(c_phone, 1, 2) as cntrycode,
[32m(release)[0m> 			c_acctbal
[32m(release)[0m> 		from
[32m(release)[0m> 			customer
[32m(release)[0m> 		where
[32m(release)[0m> 			substring(c_phone, 1, 2) in
[32m(release)[0m> 				('13', '31', '23', '29', '30', '18', '17')
[32m(release)[0m> 			and c_acctbal > (
[32m(release)[0m> 				select
[32m(release)[0m> 					avg(c_acctbal)
[32m(release)[0m> 				from
[32m(release)[0m> 					customer
[32m(release)[0m> 				where
[32m(release)[0m> 					c_acctbal > 0.00
[32m(release)[0m> 					and substring(c_phone, 1, 2) in
[32m(release)[0m> 						('13', '31', '23', '29', '30', '18', '17')
[32m(release)[0m> 			)
[32m(release)[0m> 			and not exists (
[32m(release)[0m> 				select
[32m(release)[0m> 					*
[32m(release)[0m> 				from
[32m(release)[0m> 					orders
[32m(release)[0m> 				where
[32m(release)[0m> 					o_custkey = c_custkey
[32m(release)[0m> 			)
[32m(release)[0m> 	) as custsale
[32m(release)[0m> group by
[32m(release)[0m> 	cntrycode
[32m(release)[0m> order by
[32m(release)[0m> 	cntrycode;
VmRSS Change: 18446744073709551576 KB
===
7 rows total
Execution info: [PARSE: 71 µs 389 ns, SQL TRANSLATE: 0 ns, OPTIMIZE: 0 ns, LQP TRANSLATE: 51 µs 160 ns, EXECUTE: 83 ms 246 µs (wall time) | QUERY PLAN CACHE HITS: 1/1 statement(s)]
After reset, table use_count: 2
WARNING: Table still has 1 other owner(s) after pipeline reset!
Executing script file done
$:hsh mem_usage
------------------------------------------
Memory Usage Statistics:
VmSize:	215777316 kB
VmRSS:	77380180 kB
0: MemResourceStatus {MigratedColumnsAggregate,18446744073709551615,12610235929,10275988050,10275988050,0,0,N/A}
MemResourceStatus {NumaMonotonicResource,3,60000000000,0,0,0,1,0}
MemResourceStatus {NumaMonotonicResource,2,60000000000,6748744,224711951,3184169495,0,3184181776}
MemResourceStatus {NumaMonotonicResource,1,64000000000,1039541809,3685752717,18917318200,0,18917334131}
0: MemResourceStatus {MemManagerAggregate,18446744073709551615,124000000000,1046290553,3910464668,0,0,N/A}
1: MemResourceStatus {MemManagerAggregate,18446744073709551615,60000000000,0,0,0,1,N/A}
MemResourceStatus {DefaultResource,18446744073709551615,18446744073709551615,0,0,0,-1,N/A}
Quick Memory Usage Overview:
Used Capacity: 11322278603, 0
------------------------------------------
Executing script file: /home/umeshsum/tpch_queries/22.sql
[32m(release)[0m> select
[32m(release)[0m> 	cntrycode,
[32m(release)[0m> 	count(*) as numcust,
[32m(release)[0m> 	sum(c_acctbal) as totacctbal
[32m(release)[0m> from
[32m(release)[0m> 	(
[32m(release)[0m> 		select
[32m(release)[0m> 			substring(c_phone, 1, 2) as cntrycode,
[32m(release)[0m> 			c_acctbal
[32m(release)[0m> 		from
[32m(release)[0m> 			customer
[32m(release)[0m> 		where
[32m(release)[0m> 			substring(c_phone, 1, 2) in
[32m(release)[0m> 				('13', '31', '23', '29', '30', '18', '17')
[32m(release)[0m> 			and c_acctbal > (
[32m(release)[0m> 				select
[32m(release)[0m> 					avg(c_acctbal)
[32m(release)[0m> 				from
[32m(release)[0m> 					customer
[32m(release)[0m> 				where
[32m(release)[0m> 					c_acctbal > 0.00
[32m(release)[0m> 					and substring(c_phone, 1, 2) in
[32m(release)[0m> 						('13', '31', '23', '29', '30', '18', '17')
[32m(release)[0m> 			)
[32m(release)[0m> 			and not exists (
[32m(release)[0m> 				select
[32m(release)[0m> 					*
[32m(release)[0m> 				from
[32m(release)[0m> 					orders
[32m(release)[0m> 				where
[32m(release)[0m> 					o_custkey = c_custkey
[32m(release)[0m> 			)
[32m(release)[0m> 	) as custsale
[32m(release)[0m> group by
[32m(release)[0m> 	cntrycode
[32m(release)[0m> order by
[32m(release)[0m> 	cntrycode;
VmRSS Change: 4 KB
===
7 rows total
Execution info: [PARSE: 77 µs 290 ns, SQL TRANSLATE: 0 ns, OPTIMIZE: 0 ns, LQP TRANSLATE: 52 µs 809 ns, EXECUTE: 82 ms 853 µs (wall time) | QUERY PLAN CACHE HITS: 1/1 statement(s)]
After reset, table use_count: 2
WARNING: Table still has 1 other owner(s) after pipeline reset!
Executing script file done
$:hsh mem_usage
------------------------------------------
Memory Usage Statistics:
VmSize:	215777316 kB
VmRSS:	77380184 kB
0: MemResourceStatus {MigratedColumnsAggregate,18446744073709551615,12610235929,10275988050,10275988050,0,0,N/A}
MemResourceStatus {NumaMonotonicResource,3,60000000000,0,0,0,1,0}
MemResourceStatus {NumaMonotonicResource,2,60000000000,6748744,224711951,3821003394,0,3821018144}
MemResourceStatus {NumaMonotonicResource,1,64000000000,1039541809,3685752717,18917318200,0,18917334131}
0: MemResourceStatus {MemManagerAggregate,18446744073709551615,124000000000,1046290553,3910464668,0,0,N/A}
1: MemResourceStatus {MemManagerAggregate,18446744073709551615,60000000000,0,0,0,1,N/A}
MemResourceStatus {DefaultResource,18446744073709551615,18446744073709551615,0,0,0,-1,N/A}
Quick Memory Usage Overview:
Used Capacity: 11322278603, 0
------------------------------------------
Executing script file: /home/umeshsum/tpch_queries/22.sql
[32m(release)[0m> select
[32m(release)[0m> 	cntrycode,
[32m(release)[0m> 	count(*) as numcust,
[32m(release)[0m> 	sum(c_acctbal) as totacctbal
[32m(release)[0m> from
[32m(release)[0m> 	(
[32m(release)[0m> 		select
[32m(release)[0m> 			substring(c_phone, 1, 2) as cntrycode,
[32m(release)[0m> 			c_acctbal
[32m(release)[0m> 		from
[32m(release)[0m> 			customer
[32m(release)[0m> 		where
[32m(release)[0m> 			substring(c_phone, 1, 2) in
[32m(release)[0m> 				('13', '31', '23', '29', '30', '18', '17')
[32m(release)[0m> 			and c_acctbal > (
[32m(release)[0m> 				select
[32m(release)[0m> 					avg(c_acctbal)
[32m(release)[0m> 				from
[32m(release)[0m> 					customer
[32m(release)[0m> 				where
[32m(release)[0m> 					c_acctbal > 0.00
[32m(release)[0m> 					and substring(c_phone, 1, 2) in
[32m(release)[0m> 						('13', '31', '23', '29', '30', '18', '17')
[32m(release)[0m> 			)
[32m(release)[0m> 			and not exists (
[32m(release)[0m> 				select
[32m(release)[0m> 					*
[32m(release)[0m> 				from
[32m(release)[0m> 					orders
[32m(release)[0m> 				where
[32m(release)[0m> 					o_custkey = c_custkey
[32m(release)[0m> 			)
[32m(release)[0m> 	) as custsale
[32m(release)[0m> group by
[32m(release)[0m> 	cntrycode
[32m(release)[0m> order by
[32m(release)[0m> 	cntrycode;
VmRSS Change: 0 KB
===
7 rows total
Execution info: [PARSE: 71 µs 900 ns, SQL TRANSLATE: 0 ns, OPTIMIZE: 0 ns, LQP TRANSLATE: 50 µs 899 ns, EXECUTE: 82 ms 633 µs (wall time) | QUERY PLAN CACHE HITS: 1/1 statement(s)]
After reset, table use_count: 2
WARNING: Table still has 1 other owner(s) after pipeline reset!
Executing script file done
$:hsh mem_usage
------------------------------------------
Memory Usage Statistics:
VmSize:	215777316 kB
VmRSS:	77380184 kB
0: MemResourceStatus {MigratedColumnsAggregate,18446744073709551615,12610235929,10275988050,10275988050,0,0,N/A}
MemResourceStatus {NumaMonotonicResource,3,60000000000,0,0,0,1,0}
MemResourceStatus {NumaMonotonicResource,2,60000000000,6748744,224711951,4457837293,0,4457854496}
MemResourceStatus {NumaMonotonicResource,1,64000000000,1039541809,3685752717,18917318200,0,18917334131}
0: MemResourceStatus {MemManagerAggregate,18446744073709551615,124000000000,1046290553,3910464668,0,0,N/A}
1: MemResourceStatus {MemManagerAggregate,18446744073709551615,60000000000,0,0,0,1,N/A}
MemResourceStatus {DefaultResource,18446744073709551615,18446744073709551615,0,0,0,-1,N/A}
Quick Memory Usage Overview:
Used Capacity: 11322278603, 0
------------------------------------------
Executing script file: /home/umeshsum/tpch_queries/22.sql
[32m(release)[0m> select
[32m(release)[0m> 	cntrycode,
[32m(release)[0m> 	count(*) as numcust,
[32m(release)[0m> 	sum(c_acctbal) as totacctbal
[32m(release)[0m> from
[32m(release)[0m> 	(
[32m(release)[0m> 		select
[32m(release)[0m> 			substring(c_phone, 1, 2) as cntrycode,
[32m(release)[0m> 			c_acctbal
[32m(release)[0m> 		from
[32m(release)[0m> 			customer
[32m(release)[0m> 		where
[32m(release)[0m> 			substring(c_phone, 1, 2) in
[32m(release)[0m> 				('13', '31', '23', '29', '30', '18', '17')
[32m(release)[0m> 			and c_acctbal > (
[32m(release)[0m> 				select
[32m(release)[0m> 					avg(c_acctbal)
[32m(release)[0m> 				from
[32m(release)[0m> 					customer
[32m(release)[0m> 				where
[32m(release)[0m> 					c_acctbal > 0.00
[32m(release)[0m> 					and substring(c_phone, 1, 2) in
[32m(release)[0m> 						('13', '31', '23', '29', '30', '18', '17')
[32m(release)[0m> 			)
[32m(release)[0m> 			and not exists (
[32m(release)[0m> 				select
[32m(release)[0m> 					*
[32m(release)[0m> 				from
[32m(release)[0m> 					orders
[32m(release)[0m> 				where
[32m(release)[0m> 					o_custkey = c_custkey
[32m(release)[0m> 			)
[32m(release)[0m> 	) as custsale
[32m(release)[0m> group by
[32m(release)[0m> 	cntrycode
[32m(release)[0m> order by
[32m(release)[0m> 	cntrycode;
VmRSS Change: 18446744073709551352 KB
===
7 rows total
Execution info: [PARSE: 71 µs 450 ns, SQL TRANSLATE: 0 ns, OPTIMIZE: 0 ns, LQP TRANSLATE: 49 µs 829 ns, EXECUTE: 84 ms 474 µs (wall time) | QUERY PLAN CACHE HITS: 1/1 statement(s)]
After reset, table use_count: 2
WARNING: Table still has 1 other owner(s) after pipeline reset!
Executing script file done
$:hsh mem_usage
------------------------------------------
Memory Usage Statistics:
VmSize:	215777316 kB
VmRSS:	77379920 kB
0: MemResourceStatus {MigratedColumnsAggregate,18446744073709551615,12610235929,10275988050,10275988050,0,0,N/A}
MemResourceStatus {NumaMonotonicResource,3,60000000000,0,0,0,1,0}
MemResourceStatus {NumaMonotonicResource,2,60000000000,6748744,224711951,5094671192,0,5094690816}
MemResourceStatus {NumaMonotonicResource,1,64000000000,1039541809,3685752717,18917318200,0,18917334131}
0: MemResourceStatus {MemManagerAggregate,18446744073709551615,124000000000,1046290553,3910464668,0,0,N/A}
1: MemResourceStatus {MemManagerAggregate,18446744073709551615,60000000000,0,0,0,1,N/A}
MemResourceStatus {DefaultResource,18446744073709551615,18446744073709551615,0,0,0,-1,N/A}
Quick Memory Usage Overview:
Used Capacity: 11322278603, 0
------------------------------------------
Executing script file: /home/umeshsum/tpch_queries/22.sql
[32m(release)[0m> select
[32m(release)[0m> 	cntrycode,
[32m(release)[0m> 	count(*) as numcust,
[32m(release)[0m> 	sum(c_acctbal) as totacctbal
[32m(release)[0m> from
[32m(release)[0m> 	(
[32m(release)[0m> 		select
[32m(release)[0m> 			substring(c_phone, 1, 2) as cntrycode,
[32m(release)[0m> 			c_acctbal
[32m(release)[0m> 		from
[32m(release)[0m> 			customer
[32m(release)[0m> 		where
[32m(release)[0m> 			substring(c_phone, 1, 2) in
[32m(release)[0m> 				('13', '31', '23', '29', '30', '18', '17')
[32m(release)[0m> 			and c_acctbal > (
[32m(release)[0m> 				select
[32m(release)[0m> 					avg(c_acctbal)
[32m(release)[0m> 				from
[32m(release)[0m> 					customer
[32m(release)[0m> 				where
[32m(release)[0m> 					c_acctbal > 0.00
[32m(release)[0m> 					and substring(c_phone, 1, 2) in
[32m(release)[0m> 						('13', '31', '23', '29', '30', '18', '17')
[32m(release)[0m> 			)
[32m(release)[0m> 			and not exists (
[32m(release)[0m> 				select
[32m(release)[0m> 					*
[32m(release)[0m> 				from
[32m(release)[0m> 					orders
[32m(release)[0m> 				where
[32m(release)[0m> 					o_custkey = c_custkey
[32m(release)[0m> 			)
[32m(release)[0m> 	) as custsale
[32m(release)[0m> group by
[32m(release)[0m> 	cntrycode
[32m(release)[0m> order by
[32m(release)[0m> 	cntrycode;
VmRSS Change: 0 KB
===
7 rows total
Execution info: [PARSE: 88 µs 869 ns, SQL TRANSLATE: 0 ns, OPTIMIZE: 0 ns, LQP TRANSLATE: 53 µs 729 ns, EXECUTE: 89 ms 879 µs (wall time) | QUERY PLAN CACHE HITS: 1/1 statement(s)]
After reset, table use_count: 2
WARNING: Table still has 1 other owner(s) after pipeline reset!
Executing script file done
$:hsh mem_usage
------------------------------------------
Memory Usage Statistics:
VmSize:	215777316 kB
VmRSS:	77379920 kB
0: MemResourceStatus {MigratedColumnsAggregate,18446744073709551615,12610235929,10275988050,10275988050,0,0,N/A}
MemResourceStatus {NumaMonotonicResource,3,60000000000,0,0,0,1,0}
MemResourceStatus {NumaMonotonicResource,2,60000000000,6748744,224711951,5731505091,0,5731527136}
MemResourceStatus {NumaMonotonicResource,1,64000000000,1039541809,3685752717,18917318200,0,18917334131}
0: MemResourceStatus {MemManagerAggregate,18446744073709551615,124000000000,1046290553,3910464668,0,0,N/A}
1: MemResourceStatus {MemManagerAggregate,18446744073709551615,60000000000,0,0,0,1,N/A}
MemResourceStatus {DefaultResource,18446744073709551615,18446744073709551615,0,0,0,-1,N/A}
Quick Memory Usage Overview:
Used Capacity: 11322278603, 0
------------------------------------------
Executing script file: /home/umeshsum/tpch_queries/22.sql
[32m(release)[0m> select
[32m(release)[0m> 	cntrycode,
[32m(release)[0m> 	count(*) as numcust,
[32m(release)[0m> 	sum(c_acctbal) as totacctbal
[32m(release)[0m> from
[32m(release)[0m> 	(
[32m(release)[0m> 		select
[32m(release)[0m> 			substring(c_phone, 1, 2) as cntrycode,
[32m(release)[0m> 			c_acctbal
[32m(release)[0m> 		from
[32m(release)[0m> 			customer
[32m(release)[0m> 		where
[32m(release)[0m> 			substring(c_phone, 1, 2) in
[32m(release)[0m> 				('13', '31', '23', '29', '30', '18', '17')
[32m(release)[0m> 			and c_acctbal > (
[32m(release)[0m> 				select
[32m(release)[0m> 					avg(c_acctbal)
[32m(release)[0m> 				from
[32m(release)[0m> 					customer
[32m(release)[0m> 				where
[32m(release)[0m> 					c_acctbal > 0.00
[32m(release)[0m> 					and substring(c_phone, 1, 2) in
[32m(release)[0m> 						('13', '31', '23', '29', '30', '18', '17')
[32m(release)[0m> 			)
[32m(release)[0m> 			and not exists (
[32m(release)[0m> 				select
[32m(release)[0m> 					*
[32m(release)[0m> 				from
[32m(release)[0m> 					orders
[32m(release)[0m> 				where
[32m(release)[0m> 					o_custkey = c_custkey
[32m(release)[0m> 			)
[32m(release)[0m> 	) as custsale
[32m(release)[0m> group by
[32m(release)[0m> 	cntrycode
[32m(release)[0m> order by
[32m(release)[0m> 	cntrycode;
VmRSS Change: 18446744073709551472 KB
===
7 rows total
Execution info: [PARSE: 82 µs 839 ns, SQL TRANSLATE: 0 ns, OPTIMIZE: 0 ns, LQP TRANSLATE: 54 µs 699 ns, EXECUTE: 83 ms 197 µs (wall time) | QUERY PLAN CACHE HITS: 1/1 statement(s)]
After reset, table use_count: 2
WARNING: Table still has 1 other owner(s) after pipeline reset!
Executing script file done
$:hsh mem_usage
------------------------------------------
Memory Usage Statistics:
VmSize:	215777316 kB
VmRSS:	77379776 kB
0: MemResourceStatus {MigratedColumnsAggregate,18446744073709551615,12610235929,10275988050,10275988050,0,0,N/A}
MemResourceStatus {NumaMonotonicResource,3,60000000000,0,0,0,1,0}
MemResourceStatus {NumaMonotonicResource,2,60000000000,6748744,224711951,6368338990,0,6368363536}
MemResourceStatus {NumaMonotonicResource,1,64000000000,1039541809,3685752717,18917318200,0,18917334131}
0: MemResourceStatus {MemManagerAggregate,18446744073709551615,124000000000,1046290553,3910464668,0,0,N/A}
1: MemResourceStatus {MemManagerAggregate,18446744073709551615,60000000000,0,0,0,1,N/A}
MemResourceStatus {DefaultResource,18446744073709551615,18446744073709551615,0,0,0,-1,N/A}
Quick Memory Usage Overview:
Used Capacity: 11322278603, 0
------------------------------------------
Label set to d60000000000_tf60000000000_q2
$:hsh clear_plan_caches
Cleared PQP and LQP caches
$:hsh clear_pipeline
Released last SQLPipeline
$:hsh reset_exec_pools
Reset execution pools (2, 3) bump pointers to start
$:hsh mem_usage
------------------------------------------
Memory Usage Statistics:
VmSize:	215777316 kB
VmRSS:	77379776 kB
0: MemResourceStatus {MigratedColumnsAggregate,18446744073709551615,12610235929,10275988050,10275988050,0,0,N/A}
MemResourceStatus {NumaMonotonicResource,3,60000000000,0,0,0,1,0}
MemResourceStatus {NumaMonotonicResource,2,60000000000,0,0,0,0,0}
MemResourceStatus {NumaMonotonicResource,1,64000000000,1039541809,3685752717,18917318200,0,18917334131}
0: MemResourceStatus {MemManagerAggregate,18446744073709551615,124000000000,1039541809,3685752717,0,0,N/A}
1: MemResourceStatus {MemManagerAggregate,18446744073709551615,60000000000,0,0,0,1,N/A}
MemResourceStatus {DefaultResource,18446744073709551615,18446744073709551615,0,0,0,-1,N/A}
Quick Memory Usage Overview:
Used Capacity: 11315529859, 0
------------------------------------------
Executing script file: /home/umeshsum/tpch_queries/2.sql
[32m(release)[0m> select
[32m(release)[0m> 	s_acctbal,
[32m(release)[0m> 	s_name,
[32m(release)[0m> 	n_name,
[32m(release)[0m> 	p_partkey,
[32m(release)[0m> 	p_mfgr,
[32m(release)[0m> 	s_address,
[32m(release)[0m> 	s_phone,
[32m(release)[0m> 	s_comment
[32m(release)[0m> from
[32m(release)[0m> 	part,
[32m(release)[0m> 	supplier,
[32m(release)[0m> 	partsupp,
[32m(release)[0m> 	nation,
[32m(release)[0m> 	region
[32m(release)[0m> where
[32m(release)[0m> 	p_partkey = ps_partkey
[32m(release)[0m> 	and s_suppkey = ps_suppkey
[32m(release)[0m> 	and p_size = 15
[32m(release)[0m> 	and p_type like '%BRASS'
[32m(release)[0m> 	and s_nationkey = n_nationkey
[32m(release)[0m> 	and n_regionkey = r_regionkey
[32m(release)[0m> 	and r_name = 'EUROPE'
[32m(release)[0m> 	and ps_supplycost = (
[32m(release)[0m> 		select
[32m(release)[0m> 			min(ps_supplycost)
[32m(release)[0m> 		from
[32m(release)[0m> 			partsupp,
[32m(release)[0m> 			supplier,
[32m(release)[0m> 			nation,
[32m(release)[0m> 			region
[32m(release)[0m> 		where
[32m(release)[0m> 			p_partkey = ps_partkey
[32m(release)[0m> 			and s_suppkey = ps_suppkey
[32m(release)[0m> 			and s_nationkey = n_nationkey
[32m(release)[0m> 			and n_regionkey = r_regionkey
[32m(release)[0m> 			and r_name = 'EUROPE'
[32m(release)[0m> 	)
[32m(release)[0m> order by
[32m(release)[0m> 	s_acctbal desc,
[32m(release)[0m> 	n_name,
[32m(release)[0m> 	s_name,
[32m(release)[0m> 	p_partkey;
VmRSS Change: 444 KB
===
4667 rows total
Execution info: [PARSE: 72 µs 89 ns, SQL TRANSLATE: 278 µs 157 ns, OPTIMIZE: 11 ms 85 µs, LQP TRANSLATE: 333 µs 416 ns, EXECUTE: 13 ms 755 µs (wall time) | QUERY PLAN CACHE HITS: 0/1 statement(s)]
After reset, table use_count: 2
WARNING: Table still has 1 other owner(s) after pipeline reset!
Executing script file done
$:hsh mem_usage
------------------------------------------
Memory Usage Statistics:
VmSize:	215777316 kB
VmRSS:	77380260 kB
0: MemResourceStatus {MigratedColumnsAggregate,18446744073709551615,12610235929,10275988050,10275988050,0,0,N/A}
MemResourceStatus {NumaMonotonicResource,3,60000000000,0,0,0,1,0}
MemResourceStatus {NumaMonotonicResource,2,60000000000,4260324,161047472,233599266,0,233600048}
MemResourceStatus {NumaMonotonicResource,1,64000000000,1039541809,3685752717,18917318200,0,18917334131}
0: MemResourceStatus {MemManagerAggregate,18446744073709551615,124000000000,1043802133,3846800189,0,0,N/A}
1: MemResourceStatus {MemManagerAggregate,18446744073709551615,60000000000,0,0,0,1,N/A}
MemResourceStatus {DefaultResource,18446744073709551615,18446744073709551615,0,0,0,-1,N/A}
Quick Memory Usage Overview:
Used Capacity: 11319790183, 0
------------------------------------------
Executing script file: /home/umeshsum/tpch_queries/2.sql
[32m(release)[0m> select
[32m(release)[0m> 	s_acctbal,
[32m(release)[0m> 	s_name,
[32m(release)[0m> 	n_name,
[32m(release)[0m> 	p_partkey,
[32m(release)[0m> 	p_mfgr,
[32m(release)[0m> 	s_address,
[32m(release)[0m> 	s_phone,
[32m(release)[0m> 	s_comment
[32m(release)[0m> from
[32m(release)[0m> 	part,
[32m(release)[0m> 	supplier,
[32m(release)[0m> 	partsupp,
[32m(release)[0m> 	nation,
[32m(release)[0m> 	region
[32m(release)[0m> where
[32m(release)[0m> 	p_partkey = ps_partkey
[32m(release)[0m> 	and s_suppkey = ps_suppkey
[32m(release)[0m> 	and p_size = 15
[32m(release)[0m> 	and p_type like '%BRASS'
[32m(release)[0m> 	and s_nationkey = n_nationkey
[32m(release)[0m> 	and n_regionkey = r_regionkey
[32m(release)[0m> 	and r_name = 'EUROPE'
[32m(release)[0m> 	and ps_supplycost = (
[32m(release)[0m> 		select
[32m(release)[0m> 			min(ps_supplycost)
[32m(release)[0m> 		from
[32m(release)[0m> 			partsupp,
[32m(release)[0m> 			supplier,
[32m(release)[0m> 			nation,
[32m(release)[0m> 			region
[32m(release)[0m> 		where
[32m(release)[0m> 			p_partkey = ps_partkey
[32m(release)[0m> 			and s_suppkey = ps_suppkey
[32m(release)[0m> 			and s_nationkey = n_nationkey
[32m(release)[0m> 			and n_regionkey = r_regionkey
[32m(release)[0m> 			and r_name = 'EUROPE'
[32m(release)[0m> 	)
[32m(release)[0m> order by
[32m(release)[0m> 	s_acctbal desc,
[32m(release)[0m> 	n_name,
[32m(release)[0m> 	s_name,
[32m(release)[0m> 	p_partkey;
VmRSS Change: 8 KB
===
4667 rows total
Execution info: [PARSE: 67 µs 719 ns, SQL TRANSLATE: 0 ns, OPTIMIZE: 0 ns, LQP TRANSLATE: 51 µs 210 ns, EXECUTE: 12 ms 277 µs (wall time) | QUERY PLAN CACHE HITS: 1/1 statement(s)]
After reset, table use_count: 2
WARNING: Table still has 1 other owner(s) after pipeline reset!
Executing script file done
$:hsh mem_usage
------------------------------------------
Memory Usage Statistics:
VmSize:	215777316 kB
VmRSS:	77380276 kB
0: MemResourceStatus {MigratedColumnsAggregate,18446744073709551615,12610235929,10275988050,10275988050,0,0,N/A}
MemResourceStatus {NumaMonotonicResource,3,60000000000,0,0,0,1,0}
MemResourceStatus {NumaMonotonicResource,2,60000000000,4322712,161109860,467198532,0,467200096}
MemResourceStatus {NumaMonotonicResource,1,64000000000,1039541809,3685752717,18917318200,0,18917334131}
0: MemResourceStatus {MemManagerAggregate,18446744073709551615,124000000000,1043864521,3846862577,0,0,N/A}
1: MemResourceStatus {MemManagerAggregate,18446744073709551615,60000000000,0,0,0,1,N/A}
MemResourceStatus {DefaultResource,18446744073709551615,18446744073709551615,0,0,0,-1,N/A}
Quick Memory Usage Overview:
Used Capacity: 11319852571, 0
------------------------------------------
Executing script file: /home/umeshsum/tpch_queries/2.sql
[32m(release)[0m> select
[32m(release)[0m> 	s_acctbal,
[32m(release)[0m> 	s_name,
[32m(release)[0m> 	n_name,
[32m(release)[0m> 	p_partkey,
[32m(release)[0m> 	p_mfgr,
[32m(release)[0m> 	s_address,
[32m(release)[0m> 	s_phone,
[32m(release)[0m> 	s_comment
[32m(release)[0m> from
[32m(release)[0m> 	part,
[32m(release)[0m> 	supplier,
[32m(release)[0m> 	partsupp,
[32m(release)[0m> 	nation,
[32m(release)[0m> 	region
[32m(release)[0m> where
[32m(release)[0m> 	p_partkey = ps_partkey
[32m(release)[0m> 	and s_suppkey = ps_suppkey
[32m(release)[0m> 	and p_size = 15
[32m(release)[0m> 	and p_type like '%BRASS'
[32m(release)[0m> 	and s_nationkey = n_nationkey
[32m(release)[0m> 	and n_regionkey = r_regionkey
[32m(release)[0m> 	and r_name = 'EUROPE'
[32m(release)[0m> 	and ps_supplycost = (
[32m(release)[0m> 		select
[32m(release)[0m> 			min(ps_supplycost)
[32m(release)[0m> 		from
[32m(release)[0m> 			partsupp,
[32m(release)[0m> 			supplier,
[32m(release)[0m> 			nation,
[32m(release)[0m> 			region
[32m(release)[0m> 		where
[32m(release)[0m> 			p_partkey = ps_partkey
[32m(release)[0m> 			and s_suppkey = ps_suppkey
[32m(release)[0m> 			and s_nationkey = n_nationkey
[32m(release)[0m> 			and n_regionkey = r_regionkey
[32m(release)[0m> 			and r_name = 'EUROPE'
[32m(release)[0m> 	)
[32m(release)[0m> order by
[32m(release)[0m> 	s_acctbal desc,
[32m(release)[0m> 	n_name,
[32m(release)[0m> 	s_name,
[32m(release)[0m> 	p_partkey;
VmRSS Change: 0 KB
===
4667 rows total
Execution info: [PARSE: 67 µs 360 ns, SQL TRANSLATE: 0 ns, OPTIMIZE: 0 ns, LQP TRANSLATE: 39 µs 970 ns, EXECUTE: 17 ms 977 µs (wall time) | QUERY PLAN CACHE HITS: 1/1 statement(s)]
After reset, table use_count: 2
WARNING: Table still has 1 other owner(s) after pipeline reset!
Executing script file done
$:hsh mem_usage
------------------------------------------
Memory Usage Statistics:
VmSize:	215777316 kB
VmRSS:	77380276 kB
0: MemResourceStatus {MigratedColumnsAggregate,18446744073709551615,12610235929,10275988050,10275988050,0,0,N/A}
MemResourceStatus {NumaMonotonicResource,3,60000000000,0,0,0,1,0}
MemResourceStatus {NumaMonotonicResource,2,60000000000,4322712,161109860,700623494,0,700625888}
MemResourceStatus {NumaMonotonicResource,1,64000000000,1039541809,3685752717,18917318200,0,18917334131}
0: MemResourceStatus {MemManagerAggregate,18446744073709551615,124000000000,1043864521,3846862577,0,0,N/A}
1: MemResourceStatus {MemManagerAggregate,18446744073709551615,60000000000,0,0,0,1,N/A}
MemResourceStatus {DefaultResource,18446744073709551615,18446744073709551615,0,0,0,-1,N/A}
Quick Memory Usage Overview:
Used Capacity: 11319852571, 0
------------------------------------------
Executing script file: /home/umeshsum/tpch_queries/2.sql
[32m(release)[0m> select
[32m(release)[0m> 	s_acctbal,
[32m(release)[0m> 	s_name,
[32m(release)[0m> 	n_name,
[32m(release)[0m> 	p_partkey,
[32m(release)[0m> 	p_mfgr,
[32m(release)[0m> 	s_address,
[32m(release)[0m> 	s_phone,
[32m(release)[0m> 	s_comment
[32m(release)[0m> from
[32m(release)[0m> 	part,
[32m(release)[0m> 	supplier,
[32m(release)[0m> 	partsupp,
[32m(release)[0m> 	nation,
[32m(release)[0m> 	region
[32m(release)[0m> where
[32m(release)[0m> 	p_partkey = ps_partkey
[32m(release)[0m> 	and s_suppkey = ps_suppkey
[32m(release)[0m> 	and p_size = 15
[32m(release)[0m> 	and p_type like '%BRASS'
[32m(release)[0m> 	and s_nationkey = n_nationkey
[32m(release)[0m> 	and n_regionkey = r_regionkey
[32m(release)[0m> 	and r_name = 'EUROPE'
[32m(release)[0m> 	and ps_supplycost = (
[32m(release)[0m> 		select
[32m(release)[0m> 			min(ps_supplycost)
[32m(release)[0m> 		from
[32m(release)[0m> 			partsupp,
[32m(release)[0m> 			supplier,
[32m(release)[0m> 			nation,
[32m(release)[0m> 			region
[32m(release)[0m> 		where
[32m(release)[0m> 			p_partkey = ps_partkey
[32m(release)[0m> 			and s_suppkey = ps_suppkey
[32m(release)[0m> 			and s_nationkey = n_nationkey
[32m(release)[0m> 			and n_regionkey = r_regionkey
[32m(release)[0m> 			and r_name = 'EUROPE'
[32m(release)[0m> 	)
[32m(release)[0m> order by
[32m(release)[0m> 	s_acctbal desc,
[32m(release)[0m> 	n_name,
[32m(release)[0m> 	s_name,
[32m(release)[0m> 	p_partkey;
VmRSS Change: 0 KB
===
4667 rows total
Execution info: [PARSE: 71 µs 170 ns, SQL TRANSLATE: 0 ns, OPTIMIZE: 0 ns, LQP TRANSLATE: 38 µs 460 ns, EXECUTE: 21 ms 928 µs (wall time) | QUERY PLAN CACHE HITS: 1/1 statement(s)]
After reset, table use_count: 2
WARNING: Table still has 1 other owner(s) after pipeline reset!
Executing script file done
$:hsh mem_usage
------------------------------------------
Memory Usage Statistics:
VmSize:	215777316 kB
VmRSS:	77380276 kB
0: MemResourceStatus {MigratedColumnsAggregate,18446744073709551615,12610235929,10275988050,10275988050,0,0,N/A}
MemResourceStatus {NumaMonotonicResource,3,60000000000,0,0,0,1,0}
MemResourceStatus {NumaMonotonicResource,2,60000000000,4322712,161109860,934067936,0,934071128}
MemResourceStatus {NumaMonotonicResource,1,64000000000,1039541809,3685752717,18917318200,0,18917334131}
0: MemResourceStatus {MemManagerAggregate,18446744073709551615,124000000000,1043864521,3846862577,0,0,N/A}
1: MemResourceStatus {MemManagerAggregate,18446744073709551615,60000000000,0,0,0,1,N/A}
MemResourceStatus {DefaultResource,18446744073709551615,18446744073709551615,0,0,0,-1,N/A}
Quick Memory Usage Overview:
Used Capacity: 11319852571, 0
------------------------------------------
Executing script file: /home/umeshsum/tpch_queries/2.sql
[32m(release)[0m> select
[32m(release)[0m> 	s_acctbal,
[32m(release)[0m> 	s_name,
[32m(release)[0m> 	n_name,
[32m(release)[0m> 	p_partkey,
[32m(release)[0m> 	p_mfgr,
[32m(release)[0m> 	s_address,
[32m(release)[0m> 	s_phone,
[32m(release)[0m> 	s_comment
[32m(release)[0m> from
[32m(release)[0m> 	part,
[32m(release)[0m> 	supplier,
[32m(release)[0m> 	partsupp,
[32m(release)[0m> 	nation,
[32m(release)[0m> 	region
[32m(release)[0m> where
[32m(release)[0m> 	p_partkey = ps_partkey
[32m(release)[0m> 	and s_suppkey = ps_suppkey
[32m(release)[0m> 	and p_size = 15
[32m(release)[0m> 	and p_type like '%BRASS'
[32m(release)[0m> 	and s_nationkey = n_nationkey
[32m(release)[0m> 	and n_regionkey = r_regionkey
[32m(release)[0m> 	and r_name = 'EUROPE'
[32m(release)[0m> 	and ps_supplycost = (
[32m(release)[0m> 		select
[32m(release)[0m> 			min(ps_supplycost)
[32m(release)[0m> 		from
[32m(release)[0m> 			partsupp,
[32m(release)[0m> 			supplier,
[32m(release)[0m> 			nation,
[32m(release)[0m> 			region
[32m(release)[0m> 		where
[32m(release)[0m> 			p_partkey = ps_partkey
[32m(release)[0m> 			and s_suppkey = ps_suppkey
[32m(release)[0m> 			and s_nationkey = n_nationkey
[32m(release)[0m> 			and n_regionkey = r_regionkey
[32m(release)[0m> 			and r_name = 'EUROPE'
[32m(release)[0m> 	)
[32m(release)[0m> order by
[32m(release)[0m> 	s_acctbal desc,
[32m(release)[0m> 	n_name,
[32m(release)[0m> 	s_name,
[32m(release)[0m> 	p_partkey;
VmRSS Change: 4 KB
===
4667 rows total
Execution info: [PARSE: 66 µs 999 ns, SQL TRANSLATE: 0 ns, OPTIMIZE: 0 ns, LQP TRANSLATE: 38 µs 969 ns, EXECUTE: 21 ms 893 µs (wall time) | QUERY PLAN CACHE HITS: 1/1 statement(s)]
After reset, table use_count: 2
WARNING: Table still has 1 other owner(s) after pipeline reset!
Executing script file done
$:hsh mem_usage
------------------------------------------
Memory Usage Statistics:
VmSize:	215777316 kB
VmRSS:	77380280 kB
0: MemResourceStatus {MigratedColumnsAggregate,18446744073709551615,12610235929,10275988050,10275988050,0,0,N/A}
MemResourceStatus {NumaMonotonicResource,3,60000000000,0,0,0,1,0}
MemResourceStatus {NumaMonotonicResource,2,60000000000,4322712,161109860,1167667202,0,1167671200}
MemResourceStatus {NumaMonotonicResource,1,64000000000,1039541809,3685752717,18917318200,0,18917334131}
0: MemResourceStatus {MemManagerAggregate,18446744073709551615,124000000000,1043864521,3846862577,0,0,N/A}
1: MemResourceStatus {MemManagerAggregate,18446744073709551615,60000000000,0,0,0,1,N/A}
MemResourceStatus {DefaultResource,18446744073709551615,18446744073709551615,0,0,0,-1,N/A}
Quick Memory Usage Overview:
Used Capacity: 11319852571, 0
------------------------------------------
Executing script file: /home/umeshsum/tpch_queries/2.sql
[32m(release)[0m> select
[32m(release)[0m> 	s_acctbal,
[32m(release)[0m> 	s_name,
[32m(release)[0m> 	n_name,
[32m(release)[0m> 	p_partkey,
[32m(release)[0m> 	p_mfgr,
[32m(release)[0m> 	s_address,
[32m(release)[0m> 	s_phone,
[32m(release)[0m> 	s_comment
[32m(release)[0m> from
[32m(release)[0m> 	part,
[32m(release)[0m> 	supplier,
[32m(release)[0m> 	partsupp,
[32m(release)[0m> 	nation,
[32m(release)[0m> 	region
[32m(release)[0m> where
[32m(release)[0m> 	p_partkey = ps_partkey
[32m(release)[0m> 	and s_suppkey = ps_suppkey
[32m(release)[0m> 	and p_size = 15
[32m(release)[0m> 	and p_type like '%BRASS'
[32m(release)[0m> 	and s_nationkey = n_nationkey
[32m(release)[0m> 	and n_regionkey = r_regionkey
[32m(release)[0m> 	and r_name = 'EUROPE'
[32m(release)[0m> 	and ps_supplycost = (
[32m(release)[0m> 		select
[32m(release)[0m> 			min(ps_supplycost)
[32m(release)[0m> 		from
[32m(release)[0m> 			partsupp,
[32m(release)[0m> 			supplier,
[32m(release)[0m> 			nation,
[32m(release)[0m> 			region
[32m(release)[0m> 		where
[32m(release)[0m> 			p_partkey = ps_partkey
[32m(release)[0m> 			and s_suppkey = ps_suppkey
[32m(release)[0m> 			and s_nationkey = n_nationkey
[32m(release)[0m> 			and n_regionkey = r_regionkey
[32m(release)[0m> 			and r_name = 'EUROPE'
[32m(release)[0m> 	)
[32m(release)[0m> order by
[32m(release)[0m> 	s_acctbal desc,
[32m(release)[0m> 	n_name,
[32m(release)[0m> 	s_name,
[32m(release)[0m> 	p_partkey;
VmRSS Change: 112 KB
===
4667 rows total
Execution info: [PARSE: 70 µs 549 ns, SQL TRANSLATE: 0 ns, OPTIMIZE: 0 ns, LQP TRANSLATE: 43 µs 70 ns, EXECUTE: 22 ms 840 µs (wall time) | QUERY PLAN CACHE HITS: 1/1 statement(s)]
After reset, table use_count: 2
WARNING: Table still has 1 other owner(s) after pipeline reset!
Executing script file done
$:hsh mem_usage
------------------------------------------
Memory Usage Statistics:
VmSize:	215777316 kB
VmRSS:	77380392 kB
0: MemResourceStatus {MigratedColumnsAggregate,18446744073709551615,12610235929,10275988050,10275988050,0,0,N/A}
MemResourceStatus {NumaMonotonicResource,3,60000000000,0,0,0,1,0}
MemResourceStatus {NumaMonotonicResource,2,60000000000,4322712,161109860,1401111836,0,1401116600}
MemResourceStatus {NumaMonotonicResource,1,64000000000,1039541809,3685752717,18917318200,0,18917334131}
0: MemResourceStatus {MemManagerAggregate,18446744073709551615,124000000000,1043864521,3846862577,0,0,N/A}
1: MemResourceStatus {MemManagerAggregate,18446744073709551615,60000000000,0,0,0,1,N/A}
MemResourceStatus {DefaultResource,18446744073709551615,18446744073709551615,0,0,0,-1,N/A}
Quick Memory Usage Overview:
Used Capacity: 11319852571, 0
------------------------------------------
Executing script file: /home/umeshsum/tpch_queries/2.sql
[32m(release)[0m> select
[32m(release)[0m> 	s_acctbal,
[32m(release)[0m> 	s_name,
[32m(release)[0m> 	n_name,
[32m(release)[0m> 	p_partkey,
[32m(release)[0m> 	p_mfgr,
[32m(release)[0m> 	s_address,
[32m(release)[0m> 	s_phone,
[32m(release)[0m> 	s_comment
[32m(release)[0m> from
[32m(release)[0m> 	part,
[32m(release)[0m> 	supplier,
[32m(release)[0m> 	partsupp,
[32m(release)[0m> 	nation,
[32m(release)[0m> 	region
[32m(release)[0m> where
[32m(release)[0m> 	p_partkey = ps_partkey
[32m(release)[0m> 	and s_suppkey = ps_suppkey
[32m(release)[0m> 	and p_size = 15
[32m(release)[0m> 	and p_type like '%BRASS'
[32m(release)[0m> 	and s_nationkey = n_nationkey
[32m(release)[0m> 	and n_regionkey = r_regionkey
[32m(release)[0m> 	and r_name = 'EUROPE'
[32m(release)[0m> 	and ps_supplycost = (
[32m(release)[0m> 		select
[32m(release)[0m> 			min(ps_supplycost)
[32m(release)[0m> 		from
[32m(release)[0m> 			partsupp,
[32m(release)[0m> 			supplier,
[32m(release)[0m> 			nation,
[32m(release)[0m> 			region
[32m(release)[0m> 		where
[32m(release)[0m> 			p_partkey = ps_partkey
[32m(release)[0m> 			and s_suppkey = ps_suppkey
[32m(release)[0m> 			and s_nationkey = n_nationkey
[32m(release)[0m> 			and n_regionkey = r_regionkey
[32m(release)[0m> 			and r_name = 'EUROPE'
[32m(release)[0m> 	)
[32m(release)[0m> order by
[32m(release)[0m> 	s_acctbal desc,
[32m(release)[0m> 	n_name,
[32m(release)[0m> 	s_name,
[32m(release)[0m> 	p_partkey;
VmRSS Change: 0 KB
===
4667 rows total
Execution info: [PARSE: 73 µs 750 ns, SQL TRANSLATE: 0 ns, OPTIMIZE: 0 ns, LQP TRANSLATE: 42 µs 170 ns, EXECUTE: 21 ms 32 µs (wall time) | QUERY PLAN CACHE HITS: 1/1 statement(s)]
After reset, table use_count: 2
WARNING: Table still has 1 other owner(s) after pipeline reset!
Executing script file done
$:hsh mem_usage
------------------------------------------
Memory Usage Statistics:
VmSize:	215777316 kB
VmRSS:	77380392 kB
0: MemResourceStatus {MigratedColumnsAggregate,18446744073709551615,12610235929,10275988050,10275988050,0,0,N/A}
MemResourceStatus {NumaMonotonicResource,3,60000000000,0,0,0,1,0}
MemResourceStatus {NumaMonotonicResource,2,60000000000,4322712,161109860,1634711102,0,1634716656}
MemResourceStatus {NumaMonotonicResource,1,64000000000,1039541809,3685752717,18917318200,0,18917334131}
0: MemResourceStatus {MemManagerAggregate,18446744073709551615,124000000000,1043864521,3846862577,0,0,N/A}
1: MemResourceStatus {MemManagerAggregate,18446744073709551615,60000000000,0,0,0,1,N/A}
MemResourceStatus {DefaultResource,18446744073709551615,18446744073709551615,0,0,0,-1,N/A}
Quick Memory Usage Overview:
Used Capacity: 11319852571, 0
------------------------------------------
Executing script file: /home/umeshsum/tpch_queries/2.sql
[32m(release)[0m> select
[32m(release)[0m> 	s_acctbal,
[32m(release)[0m> 	s_name,
[32m(release)[0m> 	n_name,
[32m(release)[0m> 	p_partkey,
[32m(release)[0m> 	p_mfgr,
[32m(release)[0m> 	s_address,
[32m(release)[0m> 	s_phone,
[32m(release)[0m> 	s_comment
[32m(release)[0m> from
[32m(release)[0m> 	part,
[32m(release)[0m> 	supplier,
[32m(release)[0m> 	partsupp,
[32m(release)[0m> 	nation,
[32m(release)[0m> 	region
[32m(release)[0m> where
[32m(release)[0m> 	p_partkey = ps_partkey
[32m(release)[0m> 	and s_suppkey = ps_suppkey
[32m(release)[0m> 	and p_size = 15
[32m(release)[0m> 	and p_type like '%BRASS'
[32m(release)[0m> 	and s_nationkey = n_nationkey
[32m(release)[0m> 	and n_regionkey = r_regionkey
[32m(release)[0m> 	and r_name = 'EUROPE'
[32m(release)[0m> 	and ps_supplycost = (
[32m(release)[0m> 		select
[32m(release)[0m> 			min(ps_supplycost)
[32m(release)[0m> 		from
[32m(release)[0m> 			partsupp,
[32m(release)[0m> 			supplier,
[32m(release)[0m> 			nation,
[32m(release)[0m> 			region
[32m(release)[0m> 		where
[32m(release)[0m> 			p_partkey = ps_partkey
[32m(release)[0m> 			and s_suppkey = ps_suppkey
[32m(release)[0m> 			and s_nationkey = n_nationkey
[32m(release)[0m> 			and n_regionkey = r_regionkey
[32m(release)[0m> 			and r_name = 'EUROPE'
[32m(release)[0m> 	)
[32m(release)[0m> order by
[32m(release)[0m> 	s_acctbal desc,
[32m(release)[0m> 	n_name,
[32m(release)[0m> 	s_name,
[32m(release)[0m> 	p_partkey;
VmRSS Change: 4 KB
===
4667 rows total
Execution info: [PARSE: 66 µs 279 ns, SQL TRANSLATE: 0 ns, OPTIMIZE: 0 ns, LQP TRANSLATE: 39 µs 880 ns, EXECUTE: 23 ms 719 µs (wall time) | QUERY PLAN CACHE HITS: 1/1 statement(s)]
After reset, table use_count: 2
WARNING: Table still has 1 other owner(s) after pipeline reset!
Executing script file done
$:hsh mem_usage
------------------------------------------
Memory Usage Statistics:
VmSize:	215777316 kB
VmRSS:	77380396 kB
0: MemResourceStatus {MigratedColumnsAggregate,18446744073709551615,12610235929,10275988050,10275988050,0,0,N/A}
MemResourceStatus {NumaMonotonicResource,3,60000000000,0,0,0,1,0}
MemResourceStatus {NumaMonotonicResource,2,60000000000,4322712,161109860,1868310368,0,1868316720}
MemResourceStatus {NumaMonotonicResource,1,64000000000,1039541809,3685752717,18917318200,0,18917334131}
0: MemResourceStatus {MemManagerAggregate,18446744073709551615,124000000000,1043864521,3846862577,0,0,N/A}
1: MemResourceStatus {MemManagerAggregate,18446744073709551615,60000000000,0,0,0,1,N/A}
MemResourceStatus {DefaultResource,18446744073709551615,18446744073709551615,0,0,0,-1,N/A}
Quick Memory Usage Overview:
Used Capacity: 11319852571, 0
------------------------------------------
Executing script file: /home/umeshsum/tpch_queries/2.sql
[32m(release)[0m> select
[32m(release)[0m> 	s_acctbal,
[32m(release)[0m> 	s_name,
[32m(release)[0m> 	n_name,
[32m(release)[0m> 	p_partkey,
[32m(release)[0m> 	p_mfgr,
[32m(release)[0m> 	s_address,
[32m(release)[0m> 	s_phone,
[32m(release)[0m> 	s_comment
[32m(release)[0m> from
[32m(release)[0m> 	part,
[32m(release)[0m> 	supplier,
[32m(release)[0m> 	partsupp,
[32m(release)[0m> 	nation,
[32m(release)[0m> 	region
[32m(release)[0m> where
[32m(release)[0m> 	p_partkey = ps_partkey
[32m(release)[0m> 	and s_suppkey = ps_suppkey
[32m(release)[0m> 	and p_size = 15
[32m(release)[0m> 	and p_type like '%BRASS'
[32m(release)[0m> 	and s_nationkey = n_nationkey
[32m(release)[0m> 	and n_regionkey = r_regionkey
[32m(release)[0m> 	and r_name = 'EUROPE'
[32m(release)[0m> 	and ps_supplycost = (
[32m(release)[0m> 		select
[32m(release)[0m> 			min(ps_supplycost)
[32m(release)[0m> 		from
[32m(release)[0m> 			partsupp,
[32m(release)[0m> 			supplier,
[32m(release)[0m> 			nation,
[32m(release)[0m> 			region
[32m(release)[0m> 		where
[32m(release)[0m> 			p_partkey = ps_partkey
[32m(release)[0m> 			and s_suppkey = ps_suppkey
[32m(release)[0m> 			and s_nationkey = n_nationkey
[32m(release)[0m> 			and n_regionkey = r_regionkey
[32m(release)[0m> 			and r_name = 'EUROPE'
[32m(release)[0m> 	)
[32m(release)[0m> order by
[32m(release)[0m> 	s_acctbal desc,
[32m(release)[0m> 	n_name,
[32m(release)[0m> 	s_name,
[32m(release)[0m> 	p_partkey;
VmRSS Change: 0 KB
===
4667 rows total
Execution info: [PARSE: 74 µs 890 ns, SQL TRANSLATE: 0 ns, OPTIMIZE: 0 ns, LQP TRANSLATE: 47 µs 670 ns, EXECUTE: 22 ms 178 µs (wall time) | QUERY PLAN CACHE HITS: 1/1 statement(s)]
After reset, table use_count: 2
WARNING: Table still has 1 other owner(s) after pipeline reset!
Executing script file done
$:hsh mem_usage
------------------------------------------
Memory Usage Statistics:
VmSize:	215777316 kB
VmRSS:	77380396 kB
0: MemResourceStatus {MigratedColumnsAggregate,18446744073709551615,12610235929,10275988050,10275988050,0,0,N/A}
MemResourceStatus {NumaMonotonicResource,3,60000000000,0,0,0,1,0}
MemResourceStatus {NumaMonotonicResource,2,60000000000,4322712,161109860,2101909634,0,2101916800}
MemResourceStatus {NumaMonotonicResource,1,64000000000,1039541809,3685752717,18917318200,0,18917334131}
0: MemResourceStatus {MemManagerAggregate,18446744073709551615,124000000000,1043864521,3846862577,0,0,N/A}
1: MemResourceStatus {MemManagerAggregate,18446744073709551615,60000000000,0,0,0,1,N/A}
MemResourceStatus {DefaultResource,18446744073709551615,18446744073709551615,0,0,0,-1,N/A}
Quick Memory Usage Overview:
Used Capacity: 11319852571, 0
------------------------------------------
Executing script file: /home/umeshsum/tpch_queries/2.sql
[32m(release)[0m> select
[32m(release)[0m> 	s_acctbal,
[32m(release)[0m> 	s_name,
[32m(release)[0m> 	n_name,
[32m(release)[0m> 	p_partkey,
[32m(release)[0m> 	p_mfgr,
[32m(release)[0m> 	s_address,
[32m(release)[0m> 	s_phone,
[32m(release)[0m> 	s_comment
[32m(release)[0m> from
[32m(release)[0m> 	part,
[32m(release)[0m> 	supplier,
[32m(release)[0m> 	partsupp,
[32m(release)[0m> 	nation,
[32m(release)[0m> 	region
[32m(release)[0m> where
[32m(release)[0m> 	p_partkey = ps_partkey
[32m(release)[0m> 	and s_suppkey = ps_suppkey
[32m(release)[0m> 	and p_size = 15
[32m(release)[0m> 	and p_type like '%BRASS'
[32m(release)[0m> 	and s_nationkey = n_nationkey
[32m(release)[0m> 	and n_regionkey = r_regionkey
[32m(release)[0m> 	and r_name = 'EUROPE'
[32m(release)[0m> 	and ps_supplycost = (
[32m(release)[0m> 		select
[32m(release)[0m> 			min(ps_supplycost)
[32m(release)[0m> 		from
[32m(release)[0m> 			partsupp,
[32m(release)[0m> 			supplier,
[32m(release)[0m> 			nation,
[32m(release)[0m> 			region
[32m(release)[0m> 		where
[32m(release)[0m> 			p_partkey = ps_partkey
[32m(release)[0m> 			and s_suppkey = ps_suppkey
[32m(release)[0m> 			and s_nationkey = n_nationkey
[32m(release)[0m> 			and n_regionkey = r_regionkey
[32m(release)[0m> 			and r_name = 'EUROPE'
[32m(release)[0m> 	)
[32m(release)[0m> order by
[32m(release)[0m> 	s_acctbal desc,
[32m(release)[0m> 	n_name,
[32m(release)[0m> 	s_name,
[32m(release)[0m> 	p_partkey;
VmRSS Change: 0 KB
===
4667 rows total
Execution info: [PARSE: 65 µs 80 ns, SQL TRANSLATE: 0 ns, OPTIMIZE: 0 ns, LQP TRANSLATE: 40 µs 150 ns, EXECUTE: 21 ms 594 µs (wall time) | QUERY PLAN CACHE HITS: 1/1 statement(s)]
After reset, table use_count: 2
WARNING: Table still has 1 other owner(s) after pipeline reset!
Executing script file done
$:hsh mem_usage
------------------------------------------
Memory Usage Statistics:
VmSize:	215777316 kB
VmRSS:	77380396 kB
0: MemResourceStatus {MigratedColumnsAggregate,18446744073709551615,12610235929,10275988050,10275988050,0,0,N/A}
MemResourceStatus {NumaMonotonicResource,3,60000000000,0,0,0,1,0}
MemResourceStatus {NumaMonotonicResource,2,60000000000,4322712,161109860,2335508900,0,2335516864}
MemResourceStatus {NumaMonotonicResource,1,64000000000,1039541809,3685752717,18917318200,0,18917334131}
0: MemResourceStatus {MemManagerAggregate,18446744073709551615,124000000000,1043864521,3846862577,0,0,N/A}
1: MemResourceStatus {MemManagerAggregate,18446744073709551615,60000000000,0,0,0,1,N/A}
MemResourceStatus {DefaultResource,18446744073709551615,18446744073709551615,0,0,0,-1,N/A}
Quick Memory Usage Overview:
Used Capacity: 11319852571, 0
------------------------------------------
Label set to d60000000000_tf60000000000_q3
$:hsh clear_plan_caches
Cleared PQP and LQP caches
$:hsh clear_pipeline
Released last SQLPipeline
$:hsh reset_exec_pools
Reset execution pools (2, 3) bump pointers to start
$:hsh mem_usage
------------------------------------------
Memory Usage Statistics:
VmSize:	215777316 kB
VmRSS:	77380396 kB
0: MemResourceStatus {MigratedColumnsAggregate,18446744073709551615,12610235929,10275988050,10275988050,0,0,N/A}
MemResourceStatus {NumaMonotonicResource,3,60000000000,0,0,0,1,0}
MemResourceStatus {NumaMonotonicResource,2,60000000000,0,0,0,0,0}
MemResourceStatus {NumaMonotonicResource,1,64000000000,1039541809,3685752717,18917318200,0,18917334131}
0: MemResourceStatus {MemManagerAggregate,18446744073709551615,124000000000,1039541809,3685752717,0,0,N/A}
1: MemResourceStatus {MemManagerAggregate,18446744073709551615,60000000000,0,0,0,1,N/A}
MemResourceStatus {DefaultResource,18446744073709551615,18446744073709551615,0,0,0,-1,N/A}
Quick Memory Usage Overview:
Used Capacity: 11315529859, 0
------------------------------------------
Executing script file: /home/umeshsum/tpch_queries/3.sql
[32m(release)[0m> select
[32m(release)[0m> 	l_orderkey,
[32m(release)[0m> 	sum(l_extendedprice * (1 - l_discount)) as revenue,
[32m(release)[0m> 	o_orderdate,
[32m(release)[0m> 	o_shippriority
[32m(release)[0m> from
[32m(release)[0m> 	customer,
[32m(release)[0m> 	orders,
[32m(release)[0m> 	lineitem
[32m(release)[0m> where
[32m(release)[0m> 	c_mktsegment = 'BUILDING'
[32m(release)[0m> 	and c_custkey = o_custkey
[32m(release)[0m> 	and l_orderkey = o_orderkey
[32m(release)[0m> 	and o_orderdate < date '1995-03-15'
[32m(release)[0m> 	and l_shipdate > date '1995-03-15'
[32m(release)[0m> group by
[32m(release)[0m> 	l_orderkey,
[32m(release)[0m> 	o_orderdate,
[32m(release)[0m> 	o_shippriority
[32m(release)[0m> order by
[32m(release)[0m> 	revenue desc,
[32m(release)[0m> 	o_orderdate;
VmRSS Change: 2860 KB
===
114003 rows total
Execution info: [PARSE: 54 µs 729 ns, SQL TRANSLATE: 244 µs 168 ns, OPTIMIZE: 8 ms 458 µs, LQP TRANSLATE: 181 µs 808 ns, EXECUTE: 382 ms 458 µs (wall time) | QUERY PLAN CACHE HITS: 0/1 statement(s)]
After reset, table use_count: 2
WARNING: Table still has 1 other owner(s) after pipeline reset!
Executing script file done
$:hsh mem_usage
------------------------------------------
Memory Usage Statistics:
VmSize:	215777316 kB
VmRSS:	77383264 kB
0: MemResourceStatus {MigratedColumnsAggregate,18446744073709551615,12610235929,10275988050,10275988050,0,0,N/A}
MemResourceStatus {NumaMonotonicResource,3,60000000000,0,0,0,1,0}
MemResourceStatus {NumaMonotonicResource,2,60000000000,7922928,1143039060,2294409444,0,2294411824}
MemResourceStatus {NumaMonotonicResource,1,64000000000,1039541809,3685752717,18917318200,0,18917334131}
0: MemResourceStatus {MemManagerAggregate,18446744073709551615,124000000000,1047464737,4828791777,0,0,N/A}
1: MemResourceStatus {MemManagerAggregate,18446744073709551615,60000000000,0,0,0,1,N/A}
MemResourceStatus {DefaultResource,18446744073709551615,18446744073709551615,0,0,0,-1,N/A}
Quick Memory Usage Overview:
Used Capacity: 11323452787, 0
------------------------------------------
Executing script file: /home/umeshsum/tpch_queries/3.sql
[32m(release)[0m> select
[32m(release)[0m> 	l_orderkey,
[32m(release)[0m> 	sum(l_extendedprice * (1 - l_discount)) as revenue,
[32m(release)[0m> 	o_orderdate,
[32m(release)[0m> 	o_shippriority
[32m(release)[0m> from
[32m(release)[0m> 	customer,
[32m(release)[0m> 	orders,
[32m(release)[0m> 	lineitem
[32m(release)[0m> where
[32m(release)[0m> 	c_mktsegment = 'BUILDING'
[32m(release)[0m> 	and c_custkey = o_custkey
[32m(release)[0m> 	and l_orderkey = o_orderkey
[32m(release)[0m> 	and o_orderdate < date '1995-03-15'
[32m(release)[0m> 	and l_shipdate > date '1995-03-15'
[32m(release)[0m> group by
[32m(release)[0m> 	l_orderkey,
[32m(release)[0m> 	o_orderdate,
[32m(release)[0m> 	o_shippriority
[32m(release)[0m> order by
[32m(release)[0m> 	revenue desc,
[32m(release)[0m> 	o_orderdate;
VmRSS Change: 2848 KB
===
114003 rows total
Execution info: [PARSE: 68 µs 19 ns, SQL TRANSLATE: 0 ns, OPTIMIZE: 0 ns, LQP TRANSLATE: 46 µs 709 ns, EXECUTE: 352 ms 212 µs (wall time) | QUERY PLAN CACHE HITS: 1/1 statement(s)]
After reset, table use_count: 2
WARNING: Table still has 1 other owner(s) after pipeline reset!
Executing script file done
$:hsh mem_usage
------------------------------------------
Memory Usage Statistics:
VmSize:	215777316 kB
VmRSS:	77386112 kB
0: MemResourceStatus {MigratedColumnsAggregate,18446744073709551615,12610235929,10275988050,10275988050,0,0,N/A}
MemResourceStatus {NumaMonotonicResource,3,60000000000,0,0,0,1,0}
MemResourceStatus {NumaMonotonicResource,2,60000000000,11649920,1146766052,4588818888,0,4588823648}
MemResourceStatus {NumaMonotonicResource,1,64000000000,1039541809,3685752717,18917318200,0,18917334131}
0: MemResourceStatus {MemManagerAggregate,18446744073709551615,124000000000,1051191729,4832518769,0,0,N/A}
1: MemResourceStatus {MemManagerAggregate,18446744073709551615,60000000000,0,0,0,1,N/A}
MemResourceStatus {DefaultResource,18446744073709551615,18446744073709551615,0,0,0,-1,N/A}
Quick Memory Usage Overview:
Used Capacity: 11327179779, 0
------------------------------------------
Executing script file: /home/umeshsum/tpch_queries/3.sql
[32m(release)[0m> select
[32m(release)[0m> 	l_orderkey,
[32m(release)[0m> 	sum(l_extendedprice * (1 - l_discount)) as revenue,
[32m(release)[0m> 	o_orderdate,
[32m(release)[0m> 	o_shippriority
[32m(release)[0m> from
[32m(release)[0m> 	customer,
[32m(release)[0m> 	orders,
[32m(release)[0m> 	lineitem
[32m(release)[0m> where
[32m(release)[0m> 	c_mktsegment = 'BUILDING'
[32m(release)[0m> 	and c_custkey = o_custkey
[32m(release)[0m> 	and l_orderkey = o_orderkey
[32m(release)[0m> 	and o_orderdate < date '1995-03-15'
[32m(release)[0m> 	and l_shipdate > date '1995-03-15'
[32m(release)[0m> group by
[32m(release)[0m> 	l_orderkey,
[32m(release)[0m> 	o_orderdate,
[32m(release)[0m> 	o_shippriority
[32m(release)[0m> order by
[32m(release)[0m> 	revenue desc,
[32m(release)[0m> 	o_orderdate;
VmRSS Change: 128 KB
===
114003 rows total
Execution info: [PARSE: 59 µs 919 ns, SQL TRANSLATE: 0 ns, OPTIMIZE: 0 ns, LQP TRANSLATE: 42 µs 879 ns, EXECUTE: 379 ms 825 µs (wall time) | QUERY PLAN CACHE HITS: 1/1 statement(s)]
After reset, table use_count: 2
WARNING: Table still has 1 other owner(s) after pipeline reset!
Executing script file done
$:hsh mem_usage
------------------------------------------
Memory Usage Statistics:
VmSize:	215777316 kB
VmRSS:	77386240 kB
0: MemResourceStatus {MigratedColumnsAggregate,18446744073709551615,12610235929,10275988050,10275988050,0,0,N/A}
MemResourceStatus {NumaMonotonicResource,3,60000000000,0,0,0,1,0}
MemResourceStatus {NumaMonotonicResource,2,60000000000,11649920,1146766052,6883228332,0,6883235456}
MemResourceStatus {NumaMonotonicResource,1,64000000000,1039541809,3685752717,18917318200,0,18917334131}
0: MemResourceStatus {MemManagerAggregate,18446744073709551615,124000000000,1051191729,4832518769,0,0,N/A}
1: MemResourceStatus {MemManagerAggregate,18446744073709551615,60000000000,0,0,0,1,N/A}
MemResourceStatus {DefaultResource,18446744073709551615,18446744073709551615,0,0,0,-1,N/A}
Quick Memory Usage Overview:
Used Capacity: 11327179779, 0
------------------------------------------
Executing script file: /home/umeshsum/tpch_queries/3.sql
[32m(release)[0m> select
[32m(release)[0m> 	l_orderkey,
[32m(release)[0m> 	sum(l_extendedprice * (1 - l_discount)) as revenue,
[32m(release)[0m> 	o_orderdate,
[32m(release)[0m> 	o_shippriority
[32m(release)[0m> from
[32m(release)[0m> 	customer,
[32m(release)[0m> 	orders,
[32m(release)[0m> 	lineitem
[32m(release)[0m> where
[32m(release)[0m> 	c_mktsegment = 'BUILDING'
[32m(release)[0m> 	and c_custkey = o_custkey
[32m(release)[0m> 	and l_orderkey = o_orderkey
[32m(release)[0m> 	and o_orderdate < date '1995-03-15'
[32m(release)[0m> 	and l_shipdate > date '1995-03-15'
[32m(release)[0m> group by
[32m(release)[0m> 	l_orderkey,
[32m(release)[0m> 	o_orderdate,
[32m(release)[0m> 	o_shippriority
[32m(release)[0m> order by
[32m(release)[0m> 	revenue desc,
[32m(release)[0m> 	o_orderdate;
VmRSS Change: 18446744073709551568 KB
===
114003 rows total
Execution info: [PARSE: 60 µs 159 ns, SQL TRANSLATE: 0 ns, OPTIMIZE: 0 ns, LQP TRANSLATE: 53 µs 949 ns, EXECUTE: 367 ms 872 µs (wall time) | QUERY PLAN CACHE HITS: 1/1 statement(s)]
After reset, table use_count: 2
WARNING: Table still has 1 other owner(s) after pipeline reset!
Executing script file done
$:hsh mem_usage
------------------------------------------
Memory Usage Statistics:
VmSize:	215777316 kB
VmRSS:	77386188 kB
0: MemResourceStatus {MigratedColumnsAggregate,18446744073709551615,12610235929,10275988050,10275988050,0,0,N/A}
MemResourceStatus {NumaMonotonicResource,3,60000000000,0,0,0,1,0}
MemResourceStatus {NumaMonotonicResource,2,60000000000,11649920,1146766052,9177637776,0,9177647264}
MemResourceStatus {NumaMonotonicResource,1,64000000000,1039541809,3685752717,18917318200,0,18917334131}
0: MemResourceStatus {MemManagerAggregate,18446744073709551615,124000000000,1051191729,4832518769,0,0,N/A}
1: MemResourceStatus {MemManagerAggregate,18446744073709551615,60000000000,0,0,0,1,N/A}
MemResourceStatus {DefaultResource,18446744073709551615,18446744073709551615,0,0,0,-1,N/A}
Quick Memory Usage Overview:
Used Capacity: 11327179779, 0
------------------------------------------
Executing script file: /home/umeshsum/tpch_queries/3.sql
[32m(release)[0m> select
[32m(release)[0m> 	l_orderkey,
[32m(release)[0m> 	sum(l_extendedprice * (1 - l_discount)) as revenue,
[32m(release)[0m> 	o_orderdate,
[32m(release)[0m> 	o_shippriority
[32m(release)[0m> from
[32m(release)[0m> 	customer,
[32m(release)[0m> 	orders,
[32m(release)[0m> 	lineitem
[32m(release)[0m> where
[32m(release)[0m> 	c_mktsegment = 'BUILDING'
[32m(release)[0m> 	and c_custkey = o_custkey
[32m(release)[0m> 	and l_orderkey = o_orderkey
[32m(release)[0m> 	and o_orderdate < date '1995-03-15'
[32m(release)[0m> 	and l_shipdate > date '1995-03-15'
[32m(release)[0m> group by
[32m(release)[0m> 	l_orderkey,
[32m(release)[0m> 	o_orderdate,
[32m(release)[0m> 	o_shippriority
[32m(release)[0m> order by
[32m(release)[0m> 	revenue desc,
[32m(release)[0m> 	o_orderdate;
VmRSS Change: 2632 KB
===
114003 rows total
Execution info: [PARSE: 63 µs 669 ns, SQL TRANSLATE: 0 ns, OPTIMIZE: 0 ns, LQP TRANSLATE: 44 µs 410 ns, EXECUTE: 375 ms 999 µs (wall time) | QUERY PLAN CACHE HITS: 1/1 statement(s)]
After reset, table use_count: 2
WARNING: Table still has 1 other owner(s) after pipeline reset!
Executing script file done
$:hsh mem_usage
------------------------------------------
Memory Usage Statistics:
VmSize:	215777316 kB
VmRSS:	77388820 kB
0: MemResourceStatus {MigratedColumnsAggregate,18446744073709551615,12610235929,10275988050,10275988050,0,0,N/A}
MemResourceStatus {NumaMonotonicResource,3,60000000000,0,0,0,1,0}
MemResourceStatus {NumaMonotonicResource,2,60000000000,11649920,1146766052,11472047220,0,11472059088}
MemResourceStatus {NumaMonotonicResource,1,64000000000,1039541809,3685752717,18917318200,0,18917334131}
0: MemResourceStatus {MemManagerAggregate,18446744073709551615,124000000000,1051191729,4832518769,0,0,N/A}
1: MemResourceStatus {MemManagerAggregate,18446744073709551615,60000000000,0,0,0,1,N/A}
MemResourceStatus {DefaultResource,18446744073709551615,18446744073709551615,0,0,0,-1,N/A}
Quick Memory Usage Overview:
Used Capacity: 11327179779, 0
------------------------------------------
Executing script file: /home/umeshsum/tpch_queries/3.sql
[32m(release)[0m> select
[32m(release)[0m> 	l_orderkey,
[32m(release)[0m> 	sum(l_extendedprice * (1 - l_discount)) as revenue,
[32m(release)[0m> 	o_orderdate,
[32m(release)[0m> 	o_shippriority
[32m(release)[0m> from
[32m(release)[0m> 	customer,
[32m(release)[0m> 	orders,
[32m(release)[0m> 	lineitem
[32m(release)[0m> where
[32m(release)[0m> 	c_mktsegment = 'BUILDING'
[32m(release)[0m> 	and c_custkey = o_custkey
[32m(release)[0m> 	and l_orderkey = o_orderkey
[32m(release)[0m> 	and o_orderdate < date '1995-03-15'
[32m(release)[0m> 	and l_shipdate > date '1995-03-15'
[32m(release)[0m> group by
[32m(release)[0m> 	l_orderkey,
[32m(release)[0m> 	o_orderdate,
[32m(release)[0m> 	o_shippriority
[32m(release)[0m> order by
[32m(release)[0m> 	revenue desc,
[32m(release)[0m> 	o_orderdate;
VmRSS Change: 2520 KB
===
114003 rows total
Execution info: [PARSE: 60 µs 860 ns, SQL TRANSLATE: 0 ns, OPTIMIZE: 0 ns, LQP TRANSLATE: 45 µs 729 ns, EXECUTE: 354 ms 497 µs (wall time) | QUERY PLAN CACHE HITS: 1/1 statement(s)]
After reset, table use_count: 2
WARNING: Table still has 1 other owner(s) after pipeline reset!
Executing script file done
$:hsh mem_usage
------------------------------------------
Memory Usage Statistics:
VmSize:	215777316 kB
VmRSS:	77391328 kB
0: MemResourceStatus {MigratedColumnsAggregate,18446744073709551615,12610235929,10275988050,10275988050,0,0,N/A}
MemResourceStatus {NumaMonotonicResource,3,60000000000,0,0,0,1,0}
MemResourceStatus {NumaMonotonicResource,2,60000000000,11649920,1146766052,13766456664,0,13766470912}
MemResourceStatus {NumaMonotonicResource,1,64000000000,1039541809,3685752717,18917318200,0,18917334131}
0: MemResourceStatus {MemManagerAggregate,18446744073709551615,124000000000,1051191729,4832518769,0,0,N/A}
1: MemResourceStatus {MemManagerAggregate,18446744073709551615,60000000000,0,0,0,1,N/A}
MemResourceStatus {DefaultResource,18446744073709551615,18446744073709551615,0,0,0,-1,N/A}
Quick Memory Usage Overview:
Used Capacity: 11327179779, 0
------------------------------------------
Executing script file: /home/umeshsum/tpch_queries/3.sql
[32m(release)[0m> select
[32m(release)[0m> 	l_orderkey,
[32m(release)[0m> 	sum(l_extendedprice * (1 - l_discount)) as revenue,
[32m(release)[0m> 	o_orderdate,
[32m(release)[0m> 	o_shippriority
[32m(release)[0m> from
[32m(release)[0m> 	customer,
[32m(release)[0m> 	orders,
[32m(release)[0m> 	lineitem
[32m(release)[0m> where
[32m(release)[0m> 	c_mktsegment = 'BUILDING'
[32m(release)[0m> 	and c_custkey = o_custkey
[32m(release)[0m> 	and l_orderkey = o_orderkey
[32m(release)[0m> 	and o_orderdate < date '1995-03-15'
[32m(release)[0m> 	and l_shipdate > date '1995-03-15'
[32m(release)[0m> group by
[32m(release)[0m> 	l_orderkey,
[32m(release)[0m> 	o_orderdate,
[32m(release)[0m> 	o_shippriority
[32m(release)[0m> order by
[32m(release)[0m> 	revenue desc,
[32m(release)[0m> 	o_orderdate;
VmRSS Change: 18446744073709548888 KB
===
114003 rows total
Execution info: [PARSE: 67 µs 989 ns, SQL TRANSLATE: 0 ns, OPTIMIZE: 0 ns, LQP TRANSLATE: 50 µs 160 ns, EXECUTE: 372 ms 331 µs (wall time) | QUERY PLAN CACHE HITS: 1/1 statement(s)]
After reset, table use_count: 2
WARNING: Table still has 1 other owner(s) after pipeline reset!
Executing script file done
$:hsh mem_usage
------------------------------------------
Memory Usage Statistics:
VmSize:	215777316 kB
VmRSS:	77388600 kB
0: MemResourceStatus {MigratedColumnsAggregate,18446744073709551615,12610235929,10275988050,10275988050,0,0,N/A}
MemResourceStatus {NumaMonotonicResource,3,60000000000,0,0,0,1,0}
MemResourceStatus {NumaMonotonicResource,2,60000000000,11649920,1146766052,16060866108,0,16060882768}
MemResourceStatus {NumaMonotonicResource,1,64000000000,1039541809,3685752717,18917318200,0,18917334131}
0: MemResourceStatus {MemManagerAggregate,18446744073709551615,124000000000,1051191729,4832518769,0,0,N/A}
1: MemResourceStatus {MemManagerAggregate,18446744073709551615,60000000000,0,0,0,1,N/A}
MemResourceStatus {DefaultResource,18446744073709551615,18446744073709551615,0,0,0,-1,N/A}
Quick Memory Usage Overview:
Used Capacity: 11327179779, 0
------------------------------------------
Executing script file: /home/umeshsum/tpch_queries/3.sql
[32m(release)[0m> select
[32m(release)[0m> 	l_orderkey,
[32m(release)[0m> 	sum(l_extendedprice * (1 - l_discount)) as revenue,
[32m(release)[0m> 	o_orderdate,
[32m(release)[0m> 	o_shippriority
[32m(release)[0m> from
[32m(release)[0m> 	customer,
[32m(release)[0m> 	orders,
[32m(release)[0m> 	lineitem
[32m(release)[0m> where
[32m(release)[0m> 	c_mktsegment = 'BUILDING'
[32m(release)[0m> 	and c_custkey = o_custkey
[32m(release)[0m> 	and l_orderkey = o_orderkey
[32m(release)[0m> 	and o_orderdate < date '1995-03-15'
[32m(release)[0m> 	and l_shipdate > date '1995-03-15'
[32m(release)[0m> group by
[32m(release)[0m> 	l_orderkey,
[32m(release)[0m> 	o_orderdate,
[32m(release)[0m> 	o_shippriority
[32m(release)[0m> order by
[32m(release)[0m> 	revenue desc,
[32m(release)[0m> 	o_orderdate;
VmRSS Change: 2576 KB
===
114003 rows total
Execution info: [PARSE: 60 µs 159 ns, SQL TRANSLATE: 0 ns, OPTIMIZE: 0 ns, LQP TRANSLATE: 46 µs 730 ns, EXECUTE: 376 ms 925 µs (wall time) | QUERY PLAN CACHE HITS: 1/1 statement(s)]
After reset, table use_count: 2
WARNING: Table still has 1 other owner(s) after pipeline reset!
Executing script file done
$:hsh mem_usage
------------------------------------------
Memory Usage Statistics:
VmSize:	215777316 kB
VmRSS:	77391176 kB
0: MemResourceStatus {MigratedColumnsAggregate,18446744073709551615,12610235929,10275988050,10275988050,0,0,N/A}
MemResourceStatus {NumaMonotonicResource,3,60000000000,0,0,0,1,0}
MemResourceStatus {NumaMonotonicResource,2,60000000000,11649920,1146766052,18355275552,0,18355294592}
MemResourceStatus {NumaMonotonicResource,1,64000000000,1039541809,3685752717,18917318200,0,18917334131}
0: MemResourceStatus {MemManagerAggregate,18446744073709551615,124000000000,1051191729,4832518769,0,0,N/A}
1: MemResourceStatus {MemManagerAggregate,18446744073709551615,60000000000,0,0,0,1,N/A}
MemResourceStatus {DefaultResource,18446744073709551615,18446744073709551615,0,0,0,-1,N/A}
Quick Memory Usage Overview:
Used Capacity: 11327179779, 0
------------------------------------------
Executing script file: /home/umeshsum/tpch_queries/3.sql
[32m(release)[0m> select
[32m(release)[0m> 	l_orderkey,
[32m(release)[0m> 	sum(l_extendedprice * (1 - l_discount)) as revenue,
[32m(release)[0m> 	o_orderdate,
[32m(release)[0m> 	o_shippriority
[32m(release)[0m> from
[32m(release)[0m> 	customer,
[32m(release)[0m> 	orders,
[32m(release)[0m> 	lineitem
[32m(release)[0m> where
[32m(release)[0m> 	c_mktsegment = 'BUILDING'
[32m(release)[0m> 	and c_custkey = o_custkey
[32m(release)[0m> 	and l_orderkey = o_orderkey
[32m(release)[0m> 	and o_orderdate < date '1995-03-15'
[32m(release)[0m> 	and l_shipdate > date '1995-03-15'
[32m(release)[0m> group by
[32m(release)[0m> 	l_orderkey,
[32m(release)[0m> 	o_orderdate,
[32m(release)[0m> 	o_shippriority
[32m(release)[0m> order by
[32m(release)[0m> 	revenue desc,
[32m(release)[0m> 	o_orderdate;
VmRSS Change: 18446744073709551220 KB
===
114003 rows total
Execution info: [PARSE: 48 µs 900 ns, SQL TRANSLATE: 0 ns, OPTIMIZE: 0 ns, LQP TRANSLATE: 33 µs 900 ns, EXECUTE: 370 ms 277 µs (wall time) | QUERY PLAN CACHE HITS: 1/1 statement(s)]
After reset, table use_count: 2
WARNING: Table still has 1 other owner(s) after pipeline reset!
Executing script file done
$:hsh mem_usage
------------------------------------------
Memory Usage Statistics:
VmSize:	215777316 kB
VmRSS:	77390780 kB
0: MemResourceStatus {MigratedColumnsAggregate,18446744073709551615,12610235929,10275988050,10275988050,0,0,N/A}
MemResourceStatus {NumaMonotonicResource,3,60000000000,0,0,0,1,0}
MemResourceStatus {NumaMonotonicResource,2,60000000000,11649920,1146766052,20649684996,0,20649706432}
MemResourceStatus {NumaMonotonicResource,1,64000000000,1039541809,3685752717,18917318200,0,18917334131}
0: MemResourceStatus {MemManagerAggregate,18446744073709551615,124000000000,1051191729,4832518769,0,0,N/A}
1: MemResourceStatus {MemManagerAggregate,18446744073709551615,60000000000,0,0,0,1,N/A}
MemResourceStatus {DefaultResource,18446744073709551615,18446744073709551615,0,0,0,-1,N/A}
Quick Memory Usage Overview:
Used Capacity: 11327179779, 0
------------------------------------------
Executing script file: /home/umeshsum/tpch_queries/3.sql
[32m(release)[0m> select
[32m(release)[0m> 	l_orderkey,
[32m(release)[0m> 	sum(l_extendedprice * (1 - l_discount)) as revenue,
[32m(release)[0m> 	o_orderdate,
[32m(release)[0m> 	o_shippriority
[32m(release)[0m> from
[32m(release)[0m> 	customer,
[32m(release)[0m> 	orders,
[32m(release)[0m> 	lineitem
[32m(release)[0m> where
[32m(release)[0m> 	c_mktsegment = 'BUILDING'
[32m(release)[0m> 	and c_custkey = o_custkey
[32m(release)[0m> 	and l_orderkey = o_orderkey
[32m(release)[0m> 	and o_orderdate < date '1995-03-15'
[32m(release)[0m> 	and l_shipdate > date '1995-03-15'
[32m(release)[0m> group by
[32m(release)[0m> 	l_orderkey,
[32m(release)[0m> 	o_orderdate,
[32m(release)[0m> 	o_shippriority
[32m(release)[0m> order by
[32m(release)[0m> 	revenue desc,
[32m(release)[0m> 	o_orderdate;
VmRSS Change: 18446744073709551456 KB
===
114003 rows total
Execution info: [PARSE: 66 µs 869 ns, SQL TRANSLATE: 0 ns, OPTIMIZE: 0 ns, LQP TRANSLATE: 46 µs 260 ns, EXECUTE: 368 ms 437 µs (wall time) | QUERY PLAN CACHE HITS: 1/1 statement(s)]
After reset, table use_count: 2
WARNING: Table still has 1 other owner(s) after pipeline reset!
Executing script file done
$:hsh mem_usage
------------------------------------------
Memory Usage Statistics:
VmSize:	215777316 kB
VmRSS:	77390616 kB
0: MemResourceStatus {MigratedColumnsAggregate,18446744073709551615,12610235929,10275988050,10275988050,0,0,N/A}
MemResourceStatus {NumaMonotonicResource,3,60000000000,0,0,0,1,0}
MemResourceStatus {NumaMonotonicResource,2,60000000000,11649920,1146766052,22944094440,0,22944118272}
MemResourceStatus {NumaMonotonicResource,1,64000000000,1039541809,3685752717,18917318200,0,18917334131}
0: MemResourceStatus {MemManagerAggregate,18446744073709551615,124000000000,1051191729,4832518769,0,0,N/A}
1: MemResourceStatus {MemManagerAggregate,18446744073709551615,60000000000,0,0,0,1,N/A}
MemResourceStatus {DefaultResource,18446744073709551615,18446744073709551615,0,0,0,-1,N/A}
Quick Memory Usage Overview:
Used Capacity: 11327179779, 0
------------------------------------------
Label set to d60000000000_tf60000000000_q4
$:hsh clear_plan_caches
Cleared PQP and LQP caches
$:hsh clear_pipeline
Released last SQLPipeline
$:hsh reset_exec_pools
Reset execution pools (2, 3) bump pointers to start
$:hsh mem_usage
------------------------------------------
Memory Usage Statistics:
VmSize:	215777316 kB
VmRSS:	77390604 kB
0: MemResourceStatus {MigratedColumnsAggregate,18446744073709551615,12610235929,10275988050,10275988050,0,0,N/A}
MemResourceStatus {NumaMonotonicResource,3,60000000000,0,0,0,1,0}
MemResourceStatus {NumaMonotonicResource,2,60000000000,0,0,0,0,0}
MemResourceStatus {NumaMonotonicResource,1,64000000000,1039541809,3685752717,18917318200,0,18917334131}
0: MemResourceStatus {MemManagerAggregate,18446744073709551615,124000000000,1039541809,3685752717,0,0,N/A}
1: MemResourceStatus {MemManagerAggregate,18446744073709551615,60000000000,0,0,0,1,N/A}
MemResourceStatus {DefaultResource,18446744073709551615,18446744073709551615,0,0,0,-1,N/A}
Quick Memory Usage Overview:
Used Capacity: 11315529859, 0
------------------------------------------
Executing script file: /home/umeshsum/tpch_queries/4.sql
[32m(release)[0m> select
[32m(release)[0m> 	o_orderpriority,
[32m(release)[0m> 	count(*) as order_count
[32m(release)[0m> from
[32m(release)[0m> 	orders
[32m(release)[0m> where
[32m(release)[0m> 	o_orderdate >= date '1993-07-01'
[32m(release)[0m> 	and o_orderdate < date '1993-07-01' + interval '3' month
[32m(release)[0m> 	and exists (
[32m(release)[0m> 		select
[32m(release)[0m> 			*
[32m(release)[0m> 		from
[32m(release)[0m> 			lineitem
[32m(release)[0m> 		where
[32m(release)[0m> 			l_orderkey = o_orderkey
[32m(release)[0m> 			and l_commitdate < l_receiptdate
[32m(release)[0m> 	)
[32m(release)[0m> group by
[32m(release)[0m> 	o_orderpriority
[32m(release)[0m> order by
[32m(release)[0m> 	o_orderpriority;
VmRSS Change: 18446744073709551572 KB
===
5 rows total
Execution info: [PARSE: 56 µs 160 ns, SQL TRANSLATE: 250 µs 987 ns, OPTIMIZE: 1 ms 924 µs, LQP TRANSLATE: 95 µs 169 ns, EXECUTE: 333 ms 516 µs (wall time) | QUERY PLAN CACHE HITS: 0/1 statement(s)]
After reset, table use_count: 2
WARNING: Table still has 1 other owner(s) after pipeline reset!
Executing script file done
$:hsh mem_usage
------------------------------------------
Memory Usage Statistics:
VmSize:	215777316 kB
VmRSS:	77390548 kB
0: MemResourceStatus {MigratedColumnsAggregate,18446744073709551615,12610235929,10275988050,10275988050,0,0,N/A}
MemResourceStatus {NumaMonotonicResource,3,60000000000,0,0,0,1,0}
MemResourceStatus {NumaMonotonicResource,2,60000000000,1060624,1385525696,2287623848,0,2287628432}
MemResourceStatus {NumaMonotonicResource,1,64000000000,1039541809,3685752717,18917318200,0,18917334131}
0: MemResourceStatus {MemManagerAggregate,18446744073709551615,124000000000,1040602433,5071278413,0,0,N/A}
1: MemResourceStatus {MemManagerAggregate,18446744073709551615,60000000000,0,0,0,1,N/A}
MemResourceStatus {DefaultResource,18446744073709551615,18446744073709551615,0,0,0,-1,N/A}
Quick Memory Usage Overview:
Used Capacity: 11316590483, 0
------------------------------------------
Executing script file: /home/umeshsum/tpch_queries/4.sql
[32m(release)[0m> select
[32m(release)[0m> 	o_orderpriority,
[32m(release)[0m> 	count(*) as order_count
[32m(release)[0m> from
[32m(release)[0m> 	orders
[32m(release)[0m> where
[32m(release)[0m> 	o_orderdate >= date '1993-07-01'
[32m(release)[0m> 	and o_orderdate < date '1993-07-01' + interval '3' month
[32m(release)[0m> 	and exists (
[32m(release)[0m> 		select
[32m(release)[0m> 			*
[32m(release)[0m> 		from
[32m(release)[0m> 			lineitem
[32m(release)[0m> 		where
[32m(release)[0m> 			l_orderkey = o_orderkey
[32m(release)[0m> 			and l_commitdate < l_receiptdate
[32m(release)[0m> 	)
[32m(release)[0m> group by
[32m(release)[0m> 	o_orderpriority
[32m(release)[0m> order by
[32m(release)[0m> 	o_orderpriority;
VmRSS Change: 200 KB
===
5 rows total
Execution info: [PARSE: 61 µs 379 ns, SQL TRANSLATE: 0 ns, OPTIMIZE: 0 ns, LQP TRANSLATE: 42 µs 450 ns, EXECUTE: 309 ms 231 µs (wall time) | QUERY PLAN CACHE HITS: 1/1 statement(s)]
After reset, table use_count: 2
WARNING: Table still has 1 other owner(s) after pipeline reset!
Executing script file done
$:hsh mem_usage
------------------------------------------
Memory Usage Statistics:
VmSize:	215777316 kB
VmRSS:	77390748 kB
0: MemResourceStatus {MigratedColumnsAggregate,18446744073709551615,12610235929,10275988050,10275988050,0,0,N/A}
MemResourceStatus {NumaMonotonicResource,3,60000000000,0,0,0,1,0}
MemResourceStatus {NumaMonotonicResource,2,60000000000,1072256,1385537328,4575247696,0,4575256832}
MemResourceStatus {NumaMonotonicResource,1,64000000000,1039541809,3685752717,18917318200,0,18917334131}
0: MemResourceStatus {MemManagerAggregate,18446744073709551615,124000000000,1040614065,5071290045,0,0,N/A}
1: MemResourceStatus {MemManagerAggregate,18446744073709551615,60000000000,0,0,0,1,N/A}
MemResourceStatus {DefaultResource,18446744073709551615,18446744073709551615,0,0,0,-1,N/A}
Quick Memory Usage Overview:
Used Capacity: 11316602115, 0
------------------------------------------
Executing script file: /home/umeshsum/tpch_queries/4.sql
[32m(release)[0m> select
[32m(release)[0m> 	o_orderpriority,
[32m(release)[0m> 	count(*) as order_count
[32m(release)[0m> from
[32m(release)[0m> 	orders
[32m(release)[0m> where
[32m(release)[0m> 	o_orderdate >= date '1993-07-01'
[32m(release)[0m> 	and o_orderdate < date '1993-07-01' + interval '3' month
[32m(release)[0m> 	and exists (
[32m(release)[0m> 		select
[32m(release)[0m> 			*
[32m(release)[0m> 		from
[32m(release)[0m> 			lineitem
[32m(release)[0m> 		where
[32m(release)[0m> 			l_orderkey = o_orderkey
[32m(release)[0m> 			and l_commitdate < l_receiptdate
[32m(release)[0m> 	)
[32m(release)[0m> group by
[32m(release)[0m> 	o_orderpriority
[32m(release)[0m> order by
[32m(release)[0m> 	o_orderpriority;
VmRSS Change: 18446744073709548736 KB
===
5 rows total
Execution info: [PARSE: 77 µs 80 ns, SQL TRANSLATE: 0 ns, OPTIMIZE: 0 ns, LQP TRANSLATE: 37 µs 360 ns, EXECUTE: 310 ms 416 µs (wall time) | QUERY PLAN CACHE HITS: 1/1 statement(s)]
After reset, table use_count: 2
WARNING: Table still has 1 other owner(s) after pipeline reset!
Executing script file done
$:hsh mem_usage
------------------------------------------
Memory Usage Statistics:
VmSize:	215777316 kB
VmRSS:	77387868 kB
0: MemResourceStatus {MigratedColumnsAggregate,18446744073709551615,12610235929,10275988050,10275988050,0,0,N/A}
MemResourceStatus {NumaMonotonicResource,3,60000000000,0,0,0,1,0}
MemResourceStatus {NumaMonotonicResource,2,60000000000,1072256,1385537328,6862871544,0,6862885264}
MemResourceStatus {NumaMonotonicResource,1,64000000000,1039541809,3685752717,18917318200,0,18917334131}
0: MemResourceStatus {MemManagerAggregate,18446744073709551615,124000000000,1040614065,5071290045,0,0,N/A}
1: MemResourceStatus {MemManagerAggregate,18446744073709551615,60000000000,0,0,0,1,N/A}
MemResourceStatus {DefaultResource,18446744073709551615,18446744073709551615,0,0,0,-1,N/A}
Quick Memory Usage Overview:
Used Capacity: 11316602115, 0
------------------------------------------
Executing script file: /home/umeshsum/tpch_queries/4.sql
[32m(release)[0m> select
[32m(release)[0m> 	o_orderpriority,
[32m(release)[0m> 	count(*) as order_count
[32m(release)[0m> from
[32m(release)[0m> 	orders
[32m(release)[0m> where
[32m(release)[0m> 	o_orderdate >= date '1993-07-01'
[32m(release)[0m> 	and o_orderdate < date '1993-07-01' + interval '3' month
[32m(release)[0m> 	and exists (
[32m(release)[0m> 		select
[32m(release)[0m> 			*
[32m(release)[0m> 		from
[32m(release)[0m> 			lineitem
[32m(release)[0m> 		where
[32m(release)[0m> 			l_orderkey = o_orderkey
[32m(release)[0m> 			and l_commitdate < l_receiptdate
[32m(release)[0m> 	)
[32m(release)[0m> group by
[32m(release)[0m> 	o_orderpriority
[32m(release)[0m> order by
[32m(release)[0m> 	o_orderpriority;
VmRSS Change: 18446744073709548900 KB
===
5 rows total
Execution info: [PARSE: 56 µs 849 ns, SQL TRANSLATE: 0 ns, OPTIMIZE: 0 ns, LQP TRANSLATE: 33 µs 560 ns, EXECUTE: 306 ms 833 µs (wall time) | QUERY PLAN CACHE HITS: 1/1 statement(s)]
After reset, table use_count: 2
WARNING: Table still has 1 other owner(s) after pipeline reset!
Executing script file done
$:hsh mem_usage
------------------------------------------
Memory Usage Statistics:
VmSize:	215777316 kB
VmRSS:	77385144 kB
0: MemResourceStatus {MigratedColumnsAggregate,18446744073709551615,12610235929,10275988050,10275988050,0,0,N/A}
MemResourceStatus {NumaMonotonicResource,3,60000000000,0,0,0,1,0}
MemResourceStatus {NumaMonotonicResource,2,60000000000,1072256,1385537328,9150495392,0,9150513696}
MemResourceStatus {NumaMonotonicResource,1,64000000000,1039541809,3685752717,18917318200,0,18917334131}
0: MemResourceStatus {MemManagerAggregate,18446744073709551615,124000000000,1040614065,5071290045,0,0,N/A}
1: MemResourceStatus {MemManagerAggregate,18446744073709551615,60000000000,0,0,0,1,N/A}
MemResourceStatus {DefaultResource,18446744073709551615,18446744073709551615,0,0,0,-1,N/A}
Quick Memory Usage Overview:
Used Capacity: 11316602115, 0
------------------------------------------
Executing script file: /home/umeshsum/tpch_queries/4.sql
[32m(release)[0m> select
[32m(release)[0m> 	o_orderpriority,
[32m(release)[0m> 	count(*) as order_count
[32m(release)[0m> from
[32m(release)[0m> 	orders
[32m(release)[0m> where
[32m(release)[0m> 	o_orderdate >= date '1993-07-01'
[32m(release)[0m> 	and o_orderdate < date '1993-07-01' + interval '3' month
[32m(release)[0m> 	and exists (
[32m(release)[0m> 		select
[32m(release)[0m> 			*
[32m(release)[0m> 		from
[32m(release)[0m> 			lineitem
[32m(release)[0m> 		where
[32m(release)[0m> 			l_orderkey = o_orderkey
[32m(release)[0m> 			and l_commitdate < l_receiptdate
[32m(release)[0m> 	)
[32m(release)[0m> group by
[32m(release)[0m> 	o_orderpriority
[32m(release)[0m> order by
[32m(release)[0m> 	o_orderpriority;
VmRSS Change: 18446744073709548920 KB
===
5 rows total
Execution info: [PARSE: 57 µs 99 ns, SQL TRANSLATE: 0 ns, OPTIMIZE: 0 ns, LQP TRANSLATE: 34 µs 399 ns, EXECUTE: 314 ms 343 µs (wall time) | QUERY PLAN CACHE HITS: 1/1 statement(s)]
After reset, table use_count: 2
WARNING: Table still has 1 other owner(s) after pipeline reset!
Executing script file done
$:hsh mem_usage
------------------------------------------
Memory Usage Statistics:
VmSize:	215777316 kB
VmRSS:	77382448 kB
0: MemResourceStatus {MigratedColumnsAggregate,18446744073709551615,12610235929,10275988050,10275988050,0,0,N/A}
MemResourceStatus {NumaMonotonicResource,3,60000000000,0,0,0,1,0}
MemResourceStatus {NumaMonotonicResource,2,60000000000,1072256,1385537328,11438119240,0,11438142128}
MemResourceStatus {NumaMonotonicResource,1,64000000000,1039541809,3685752717,18917318200,0,18917334131}
0: MemResourceStatus {MemManagerAggregate,18446744073709551615,124000000000,1040614065,5071290045,0,0,N/A}
1: MemResourceStatus {MemManagerAggregate,18446744073709551615,60000000000,0,0,0,1,N/A}
MemResourceStatus {DefaultResource,18446744073709551615,18446744073709551615,0,0,0,-1,N/A}
Quick Memory Usage Overview:
Used Capacity: 11316602115, 0
------------------------------------------
Executing script file: /home/umeshsum/tpch_queries/4.sql
[32m(release)[0m> select
[32m(release)[0m> 	o_orderpriority,
[32m(release)[0m> 	count(*) as order_count
[32m(release)[0m> from
[32m(release)[0m> 	orders
[32m(release)[0m> where
[32m(release)[0m> 	o_orderdate >= date '1993-07-01'
[32m(release)[0m> 	and o_orderdate < date '1993-07-01' + interval '3' month
[32m(release)[0m> 	and exists (
[32m(release)[0m> 		select
[32m(release)[0m> 			*
[32m(release)[0m> 		from
[32m(release)[0m> 			lineitem
[32m(release)[0m> 		where
[32m(release)[0m> 			l_orderkey = o_orderkey
[32m(release)[0m> 			and l_commitdate < l_receiptdate
[32m(release)[0m> 	)
[32m(release)[0m> group by
[32m(release)[0m> 	o_orderpriority
[32m(release)[0m> order by
[32m(release)[0m> 	o_orderpriority;
VmRSS Change: 18446744073709551604 KB
===
5 rows total
Execution info: [PARSE: 60 µs 460 ns, SQL TRANSLATE: 0 ns, OPTIMIZE: 0 ns, LQP TRANSLATE: 34 µs 100 ns, EXECUTE: 303 ms 403 µs (wall time) | QUERY PLAN CACHE HITS: 1/1 statement(s)]
After reset, table use_count: 2
WARNING: Table still has 1 other owner(s) after pipeline reset!
Executing script file done
$:hsh mem_usage
------------------------------------------
Memory Usage Statistics:
VmSize:	215777316 kB
VmRSS:	77382436 kB
0: MemResourceStatus {MigratedColumnsAggregate,18446744073709551615,12610235929,10275988050,10275988050,0,0,N/A}
MemResourceStatus {NumaMonotonicResource,3,60000000000,0,0,0,1,0}
MemResourceStatus {NumaMonotonicResource,2,60000000000,1072256,1385537328,13725743088,0,13725770576}
MemResourceStatus {NumaMonotonicResource,1,64000000000,1039541809,3685752717,18917318200,0,18917334131}
0: MemResourceStatus {MemManagerAggregate,18446744073709551615,124000000000,1040614065,5071290045,0,0,N/A}
1: MemResourceStatus {MemManagerAggregate,18446744073709551615,60000000000,0,0,0,1,N/A}
MemResourceStatus {DefaultResource,18446744073709551615,18446744073709551615,0,0,0,-1,N/A}
Quick Memory Usage Overview:
Used Capacity: 11316602115, 0
------------------------------------------
Executing script file: /home/umeshsum/tpch_queries/4.sql
[32m(release)[0m> select
[32m(release)[0m> 	o_orderpriority,
[32m(release)[0m> 	count(*) as order_count
[32m(release)[0m> from
[32m(release)[0m> 	orders
[32m(release)[0m> where
[32m(release)[0m> 	o_orderdate >= date '1993-07-01'
[32m(release)[0m> 	and o_orderdate < date '1993-07-01' + interval '3' month
[32m(release)[0m> 	and exists (
[32m(release)[0m> 		select
[32m(release)[0m> 			*
[32m(release)[0m> 		from
[32m(release)[0m> 			lineitem
[32m(release)[0m> 		where
[32m(release)[0m> 			l_orderkey = o_orderkey
[32m(release)[0m> 			and l_commitdate < l_receiptdate
[32m(release)[0m> 	)
[32m(release)[0m> group by
[32m(release)[0m> 	o_orderpriority
[32m(release)[0m> order by
[32m(release)[0m> 	o_orderpriority;
VmRSS Change: 52 KB
===
5 rows total
Execution info: [PARSE: 68 µs 129 ns, SQL TRANSLATE: 0 ns, OPTIMIZE: 0 ns, LQP TRANSLATE: 33 µs 860 ns, EXECUTE: 325 ms 613 µs (wall time) | QUERY PLAN CACHE HITS: 1/1 statement(s)]
After reset, table use_count: 2
WARNING: Table still has 1 other owner(s) after pipeline reset!
Executing script file done
$:hsh mem_usage
------------------------------------------
Memory Usage Statistics:
VmSize:	215777316 kB
VmRSS:	77382488 kB
0: MemResourceStatus {MigratedColumnsAggregate,18446744073709551615,12610235929,10275988050,10275988050,0,0,N/A}
MemResourceStatus {NumaMonotonicResource,3,60000000000,0,0,0,1,0}
MemResourceStatus {NumaMonotonicResource,2,60000000000,1072256,1385537328,16013366936,0,16013399024}
MemResourceStatus {NumaMonotonicResource,1,64000000000,1039541809,3685752717,18917318200,0,18917334131}
0: MemResourceStatus {MemManagerAggregate,18446744073709551615,124000000000,1040614065,5071290045,0,0,N/A}
1: MemResourceStatus {MemManagerAggregate,18446744073709551615,60000000000,0,0,0,1,N/A}
MemResourceStatus {DefaultResource,18446744073709551615,18446744073709551615,0,0,0,-1,N/A}
Quick Memory Usage Overview:
Used Capacity: 11316602115, 0
------------------------------------------
Executing script file: /home/umeshsum/tpch_queries/4.sql
[32m(release)[0m> select
[32m(release)[0m> 	o_orderpriority,
[32m(release)[0m> 	count(*) as order_count
[32m(release)[0m> from
[32m(release)[0m> 	orders
[32m(release)[0m> where
[32m(release)[0m> 	o_orderdate >= date '1993-07-01'
[32m(release)[0m> 	and o_orderdate < date '1993-07-01' + interval '3' month
[32m(release)[0m> 	and exists (
[32m(release)[0m> 		select
[32m(release)[0m> 			*
[32m(release)[0m> 		from
[32m(release)[0m> 			lineitem
[32m(release)[0m> 		where
[32m(release)[0m> 			l_orderkey = o_orderkey
[32m(release)[0m> 			and l_commitdate < l_receiptdate
[32m(release)[0m> 	)
[32m(release)[0m> group by
[32m(release)[0m> 	o_orderpriority
[32m(release)[0m> order by
[32m(release)[0m> 	o_orderpriority;
VmRSS Change: 18446744073709548984 KB
===
5 rows total
Execution info: [PARSE: 63 µs 999 ns, SQL TRANSLATE: 0 ns, OPTIMIZE: 0 ns, LQP TRANSLATE: 38 µs 479 ns, EXECUTE: 313 ms 533 µs (wall time) | QUERY PLAN CACHE HITS: 1/1 statement(s)]
After reset, table use_count: 2
WARNING: Table still has 1 other owner(s) after pipeline reset!
Executing script file done
$:hsh mem_usage
------------------------------------------
Memory Usage Statistics:
VmSize:	215777316 kB
VmRSS:	77379856 kB
0: MemResourceStatus {MigratedColumnsAggregate,18446744073709551615,12610235929,10275988050,10275988050,0,0,N/A}
MemResourceStatus {NumaMonotonicResource,3,60000000000,0,0,0,1,0}
MemResourceStatus {NumaMonotonicResource,2,60000000000,1072256,1385537328,18300990784,0,18301027488}
MemResourceStatus {NumaMonotonicResource,1,64000000000,1039541809,3685752717,18917318200,0,18917334131}
0: MemResourceStatus {MemManagerAggregate,18446744073709551615,124000000000,1040614065,5071290045,0,0,N/A}
1: MemResourceStatus {MemManagerAggregate,18446744073709551615,60000000000,0,0,0,1,N/A}
MemResourceStatus {DefaultResource,18446744073709551615,18446744073709551615,0,0,0,-1,N/A}
Quick Memory Usage Overview:
Used Capacity: 11316602115, 0
------------------------------------------
Executing script file: /home/umeshsum/tpch_queries/4.sql
[32m(release)[0m> select
[32m(release)[0m> 	o_orderpriority,
[32m(release)[0m> 	count(*) as order_count
[32m(release)[0m> from
[32m(release)[0m> 	orders
[32m(release)[0m> where
[32m(release)[0m> 	o_orderdate >= date '1993-07-01'
[32m(release)[0m> 	and o_orderdate < date '1993-07-01' + interval '3' month
[32m(release)[0m> 	and exists (
[32m(release)[0m> 		select
[32m(release)[0m> 			*
[32m(release)[0m> 		from
[32m(release)[0m> 			lineitem
[32m(release)[0m> 		where
[32m(release)[0m> 			l_orderkey = o_orderkey
[32m(release)[0m> 			and l_commitdate < l_receiptdate
[32m(release)[0m> 	)
[32m(release)[0m> group by
[32m(release)[0m> 	o_orderpriority
[32m(release)[0m> order by
[32m(release)[0m> 	o_orderpriority;
VmRSS Change: 168 KB
===
5 rows total
Execution info: [PARSE: 62 µs 259 ns, SQL TRANSLATE: 0 ns, OPTIMIZE: 0 ns, LQP TRANSLATE: 37 µs 559 ns, EXECUTE: 295 ms 940 µs (wall time) | QUERY PLAN CACHE HITS: 1/1 statement(s)]
After reset, table use_count: 2
WARNING: Table still has 1 other owner(s) after pipeline reset!
Executing script file done
$:hsh mem_usage
------------------------------------------
Memory Usage Statistics:
VmSize:	215777316 kB
VmRSS:	77380024 kB
0: MemResourceStatus {MigratedColumnsAggregate,18446744073709551615,12610235929,10275988050,10275988050,0,0,N/A}
MemResourceStatus {NumaMonotonicResource,3,60000000000,0,0,0,1,0}
MemResourceStatus {NumaMonotonicResource,2,60000000000,1072256,1385537328,20588614632,0,20588655920}
MemResourceStatus {NumaMonotonicResource,1,64000000000,1039541809,3685752717,18917318200,0,18917334131}
0: MemResourceStatus {MemManagerAggregate,18446744073709551615,124000000000,1040614065,5071290045,0,0,N/A}
1: MemResourceStatus {MemManagerAggregate,18446744073709551615,60000000000,0,0,0,1,N/A}
MemResourceStatus {DefaultResource,18446744073709551615,18446744073709551615,0,0,0,-1,N/A}
Quick Memory Usage Overview:
Used Capacity: 11316602115, 0
------------------------------------------
Executing script file: /home/umeshsum/tpch_queries/4.sql
[32m(release)[0m> select
[32m(release)[0m> 	o_orderpriority,
[32m(release)[0m> 	count(*) as order_count
[32m(release)[0m> from
[32m(release)[0m> 	orders
[32m(release)[0m> where
[32m(release)[0m> 	o_orderdate >= date '1993-07-01'
[32m(release)[0m> 	and o_orderdate < date '1993-07-01' + interval '3' month
[32m(release)[0m> 	and exists (
[32m(release)[0m> 		select
[32m(release)[0m> 			*
[32m(release)[0m> 		from
[32m(release)[0m> 			lineitem
[32m(release)[0m> 		where
[32m(release)[0m> 			l_orderkey = o_orderkey
[32m(release)[0m> 			and l_commitdate < l_receiptdate
[32m(release)[0m> 	)
[32m(release)[0m> group by
[32m(release)[0m> 	o_orderpriority
[32m(release)[0m> order by
[32m(release)[0m> 	o_orderpriority;
VmRSS Change: 18446744073709551596 KB
===
5 rows total
Execution info: [PARSE: 62 µs 599 ns, SQL TRANSLATE: 0 ns, OPTIMIZE: 0 ns, LQP TRANSLATE: 43 µs 379 ns, EXECUTE: 338 ms 130 µs (wall time) | QUERY PLAN CACHE HITS: 1/1 statement(s)]
After reset, table use_count: 2
WARNING: Table still has 1 other owner(s) after pipeline reset!
Executing script file done
$:hsh mem_usage
------------------------------------------
Memory Usage Statistics:
VmSize:	215777316 kB
VmRSS:	77380004 kB
0: MemResourceStatus {MigratedColumnsAggregate,18446744073709551615,12610235929,10275988050,10275988050,0,0,N/A}
MemResourceStatus {NumaMonotonicResource,3,60000000000,0,0,0,1,0}
MemResourceStatus {NumaMonotonicResource,2,60000000000,1072256,1385537328,22876238480,0,22876284368}
MemResourceStatus {NumaMonotonicResource,1,64000000000,1039541809,3685752717,18917318200,0,18917334131}
0: MemResourceStatus {MemManagerAggregate,18446744073709551615,124000000000,1040614065,5071290045,0,0,N/A}
1: MemResourceStatus {MemManagerAggregate,18446744073709551615,60000000000,0,0,0,1,N/A}
MemResourceStatus {DefaultResource,18446744073709551615,18446744073709551615,0,0,0,-1,N/A}
Quick Memory Usage Overview:
Used Capacity: 11316602115, 0
------------------------------------------
Label set to d60000000000_tf60000000000_q5
$:hsh clear_plan_caches
Cleared PQP and LQP caches
$:hsh clear_pipeline
Released last SQLPipeline
$:hsh reset_exec_pools
Reset execution pools (2, 3) bump pointers to start
$:hsh mem_usage
------------------------------------------
Memory Usage Statistics:
VmSize:	215777316 kB
VmRSS:	77380004 kB
0: MemResourceStatus {MigratedColumnsAggregate,18446744073709551615,12610235929,10275988050,10275988050,0,0,N/A}
MemResourceStatus {NumaMonotonicResource,3,60000000000,0,0,0,1,0}
MemResourceStatus {NumaMonotonicResource,2,60000000000,0,0,0,0,0}
MemResourceStatus {NumaMonotonicResource,1,64000000000,1039541809,3685752717,18917318200,0,18917334131}
0: MemResourceStatus {MemManagerAggregate,18446744073709551615,124000000000,1039541809,3685752717,0,0,N/A}
1: MemResourceStatus {MemManagerAggregate,18446744073709551615,60000000000,0,0,0,1,N/A}
MemResourceStatus {DefaultResource,18446744073709551615,18446744073709551615,0,0,0,-1,N/A}
Quick Memory Usage Overview:
Used Capacity: 11315529859, 0
------------------------------------------
Executing script file: /home/umeshsum/tpch_queries/5.sql
[32m(release)[0m> select
[32m(release)[0m> 	n_name,
[32m(release)[0m> 	sum(l_extendedprice * (1 - l_discount)) as revenue
[32m(release)[0m> from
[32m(release)[0m> 	customer,
[32m(release)[0m> 	orders,
[32m(release)[0m> 	lineitem,
[32m(release)[0m> 	supplier,
[32m(release)[0m> 	nation,
[32m(release)[0m> 	region
[32m(release)[0m> where
[32m(release)[0m> 	c_custkey = o_custkey
[32m(release)[0m> 	and l_orderkey = o_orderkey
[32m(release)[0m> 	and l_suppkey = s_suppkey
[32m(release)[0m> 	and c_nationkey = s_nationkey
[32m(release)[0m> 	and s_nationkey = n_nationkey
[32m(release)[0m> 	and n_regionkey = r_regionkey
[32m(release)[0m> 	and r_name = 'ASIA'
[32m(release)[0m> 	and o_orderdate >= date '1994-01-01'
[32m(release)[0m> 	and o_orderdate < date '1994-01-01' + interval '1' year
[32m(release)[0m> group by
[32m(release)[0m> 	n_name
[32m(release)[0m> order by
[32m(release)[0m> 	revenue desc;
VmRSS Change: 136 KB
===
5 rows total
Execution info: [PARSE: 73 µs 99 ns, SQL TRANSLATE: 328 µs 616 ns, OPTIMIZE: 18 ms 464 µs, LQP TRANSLATE: 284 µs 377 ns, EXECUTE: 355 ms 982 µs (wall time) | QUERY PLAN CACHE HITS: 0/1 statement(s)]
After reset, table use_count: 2
WARNING: Table still has 1 other owner(s) after pipeline reset!
Executing script file done
$:hsh mem_usage
------------------------------------------
Memory Usage Statistics:
VmSize:	215777316 kB
VmRSS:	77380332 kB
0: MemResourceStatus {MigratedColumnsAggregate,18446744073709551615,12610235929,10275988050,10275988050,0,0,N/A}
MemResourceStatus {NumaMonotonicResource,3,60000000000,0,0,0,1,0}
MemResourceStatus {NumaMonotonicResource,2,60000000000,1049680,1228520000,3204626372,0,3204633112}
MemResourceStatus {NumaMonotonicResource,1,64000000000,1039541809,3685752717,18917318200,0,18917334131}
0: MemResourceStatus {MemManagerAggregate,18446744073709551615,124000000000,1040591489,4914272717,0,0,N/A}
1: MemResourceStatus {MemManagerAggregate,18446744073709551615,60000000000,0,0,0,1,N/A}
MemResourceStatus {DefaultResource,18446744073709551615,18446744073709551615,0,0,0,-1,N/A}
Quick Memory Usage Overview:
Used Capacity: 11316579539, 0
------------------------------------------
Executing script file: /home/umeshsum/tpch_queries/5.sql
[32m(release)[0m> select
[32m(release)[0m> 	n_name,
[32m(release)[0m> 	sum(l_extendedprice * (1 - l_discount)) as revenue
[32m(release)[0m> from
[32m(release)[0m> 	customer,
[32m(release)[0m> 	orders,
[32m(release)[0m> 	lineitem,
[32m(release)[0m> 	supplier,
[32m(release)[0m> 	nation,
[32m(release)[0m> 	region
[32m(release)[0m> where
[32m(release)[0m> 	c_custkey = o_custkey
[32m(release)[0m> 	and l_orderkey = o_orderkey
[32m(release)[0m> 	and l_suppkey = s_suppkey
[32m(release)[0m> 	and c_nationkey = s_nationkey
[32m(release)[0m> 	and s_nationkey = n_nationkey
[32m(release)[0m> 	and n_regionkey = r_regionkey
[32m(release)[0m> 	and r_name = 'ASIA'
[32m(release)[0m> 	and o_orderdate >= date '1994-01-01'
[32m(release)[0m> 	and o_orderdate < date '1994-01-01' + interval '1' year
[32m(release)[0m> group by
[32m(release)[0m> 	n_name
[32m(release)[0m> order by
[32m(release)[0m> 	revenue desc;
VmRSS Change: 72 KB
===
5 rows total
Execution info: [PARSE: 67 µs 509 ns, SQL TRANSLATE: 0 ns, OPTIMIZE: 0 ns, LQP TRANSLATE: 103 µs 369 ns, EXECUTE: 335 ms 687 µs (wall time) | QUERY PLAN CACHE HITS: 1/1 statement(s)]
After reset, table use_count: 2
WARNING: Table still has 1 other owner(s) after pipeline reset!
Executing script file done
$:hsh mem_usage
------------------------------------------
Memory Usage Statistics:
VmSize:	215777316 kB
VmRSS:	77380404 kB
0: MemResourceStatus {MigratedColumnsAggregate,18446744073709551615,12610235929,10275988050,10275988050,0,0,N/A}
MemResourceStatus {NumaMonotonicResource,3,60000000000,0,0,0,1,0}
MemResourceStatus {NumaMonotonicResource,2,60000000000,1050368,1228602408,6409252744,0,6409266248}
MemResourceStatus {NumaMonotonicResource,1,64000000000,1039541809,3685752717,18917318200,0,18917334131}
0: MemResourceStatus {MemManagerAggregate,18446744073709551615,124000000000,1040592177,4914355125,0,0,N/A}
1: MemResourceStatus {MemManagerAggregate,18446744073709551615,60000000000,0,0,0,1,N/A}
MemResourceStatus {DefaultResource,18446744073709551615,18446744073709551615,0,0,0,-1,N/A}
Quick Memory Usage Overview:
Used Capacity: 11316580227, 0
------------------------------------------
Executing script file: /home/umeshsum/tpch_queries/5.sql
[32m(release)[0m> select
[32m(release)[0m> 	n_name,
[32m(release)[0m> 	sum(l_extendedprice * (1 - l_discount)) as revenue
[32m(release)[0m> from
[32m(release)[0m> 	customer,
[32m(release)[0m> 	orders,
[32m(release)[0m> 	lineitem,
[32m(release)[0m> 	supplier,
[32m(release)[0m> 	nation,
[32m(release)[0m> 	region
[32m(release)[0m> where
[32m(release)[0m> 	c_custkey = o_custkey
[32m(release)[0m> 	and l_orderkey = o_orderkey
[32m(release)[0m> 	and l_suppkey = s_suppkey
[32m(release)[0m> 	and c_nationkey = s_nationkey
[32m(release)[0m> 	and s_nationkey = n_nationkey
[32m(release)[0m> 	and n_regionkey = r_regionkey
[32m(release)[0m> 	and r_name = 'ASIA'
[32m(release)[0m> 	and o_orderdate >= date '1994-01-01'
[32m(release)[0m> 	and o_orderdate < date '1994-01-01' + interval '1' year
[32m(release)[0m> group by
[32m(release)[0m> 	n_name
[32m(release)[0m> order by
[32m(release)[0m> 	revenue desc;
VmRSS Change: 308 KB
===
5 rows total
Execution info: [PARSE: 78 µs 349 ns, SQL TRANSLATE: 0 ns, OPTIMIZE: 0 ns, LQP TRANSLATE: 52 µs 689 ns, EXECUTE: 334 ms 825 µs (wall time) | QUERY PLAN CACHE HITS: 1/1 statement(s)]
After reset, table use_count: 2
WARNING: Table still has 1 other owner(s) after pipeline reset!
Executing script file done
$:hsh mem_usage
------------------------------------------
Memory Usage Statistics:
VmSize:	215777316 kB
VmRSS:	77380712 kB
0: MemResourceStatus {MigratedColumnsAggregate,18446744073709551615,12610235929,10275988050,10275988050,0,0,N/A}
MemResourceStatus {NumaMonotonicResource,3,60000000000,0,0,0,1,0}
MemResourceStatus {NumaMonotonicResource,2,60000000000,1050368,1228733480,9613879116,0,9613899368}
MemResourceStatus {NumaMonotonicResource,1,64000000000,1039541809,3685752717,18917318200,0,18917334131}
0: MemResourceStatus {MemManagerAggregate,18446744073709551615,124000000000,1040592177,4914486197,0,0,N/A}
1: MemResourceStatus {MemManagerAggregate,18446744073709551615,60000000000,0,0,0,1,N/A}
MemResourceStatus {DefaultResource,18446744073709551615,18446744073709551615,0,0,0,-1,N/A}
Quick Memory Usage Overview:
Used Capacity: 11316580227, 0
------------------------------------------
Executing script file: /home/umeshsum/tpch_queries/5.sql
[32m(release)[0m> select
[32m(release)[0m> 	n_name,
[32m(release)[0m> 	sum(l_extendedprice * (1 - l_discount)) as revenue
[32m(release)[0m> from
[32m(release)[0m> 	customer,
[32m(release)[0m> 	orders,
[32m(release)[0m> 	lineitem,
[32m(release)[0m> 	supplier,
[32m(release)[0m> 	nation,
[32m(release)[0m> 	region
[32m(release)[0m> where
[32m(release)[0m> 	c_custkey = o_custkey
[32m(release)[0m> 	and l_orderkey = o_orderkey
[32m(release)[0m> 	and l_suppkey = s_suppkey
[32m(release)[0m> 	and c_nationkey = s_nationkey
[32m(release)[0m> 	and s_nationkey = n_nationkey
[32m(release)[0m> 	and n_regionkey = r_regionkey
[32m(release)[0m> 	and r_name = 'ASIA'
[32m(release)[0m> 	and o_orderdate >= date '1994-01-01'
[32m(release)[0m> 	and o_orderdate < date '1994-01-01' + interval '1' year
[32m(release)[0m> group by
[32m(release)[0m> 	n_name
[32m(release)[0m> order by
[32m(release)[0m> 	revenue desc;
VmRSS Change: 168 KB
===
5 rows total
Execution info: [PARSE: 66 µs 809 ns, SQL TRANSLATE: 0 ns, OPTIMIZE: 0 ns, LQP TRANSLATE: 48 µs 10 ns, EXECUTE: 334 ms 738 µs (wall time) | QUERY PLAN CACHE HITS: 1/1 statement(s)]
After reset, table use_count: 2
WARNING: Table still has 1 other owner(s) after pipeline reset!
Executing script file done
$:hsh mem_usage
------------------------------------------
Memory Usage Statistics:
VmSize:	215777316 kB
VmRSS:	77380880 kB
0: MemResourceStatus {MigratedColumnsAggregate,18446744073709551615,12610235929,10275988050,10275988050,0,0,N/A}
MemResourceStatus {NumaMonotonicResource,3,60000000000,0,0,0,1,0}
MemResourceStatus {NumaMonotonicResource,2,60000000000,1050368,1228831784,12818505488,0,12818532504}
MemResourceStatus {NumaMonotonicResource,1,64000000000,1039541809,3685752717,18917318200,0,18917334131}
0: MemResourceStatus {MemManagerAggregate,18446744073709551615,124000000000,1040592177,4914584501,0,0,N/A}
1: MemResourceStatus {MemManagerAggregate,18446744073709551615,60000000000,0,0,0,1,N/A}
MemResourceStatus {DefaultResource,18446744073709551615,18446744073709551615,0,0,0,-1,N/A}
Quick Memory Usage Overview:
Used Capacity: 11316580227, 0
------------------------------------------
Executing script file: /home/umeshsum/tpch_queries/5.sql
[32m(release)[0m> select
[32m(release)[0m> 	n_name,
[32m(release)[0m> 	sum(l_extendedprice * (1 - l_discount)) as revenue
[32m(release)[0m> from
[32m(release)[0m> 	customer,
[32m(release)[0m> 	orders,
[32m(release)[0m> 	lineitem,
[32m(release)[0m> 	supplier,
[32m(release)[0m> 	nation,
[32m(release)[0m> 	region
[32m(release)[0m> where
[32m(release)[0m> 	c_custkey = o_custkey
[32m(release)[0m> 	and l_orderkey = o_orderkey
[32m(release)[0m> 	and l_suppkey = s_suppkey
[32m(release)[0m> 	and c_nationkey = s_nationkey
[32m(release)[0m> 	and s_nationkey = n_nationkey
[32m(release)[0m> 	and n_regionkey = r_regionkey
[32m(release)[0m> 	and r_name = 'ASIA'
[32m(release)[0m> 	and o_orderdate >= date '1994-01-01'
[32m(release)[0m> 	and o_orderdate < date '1994-01-01' + interval '1' year
[32m(release)[0m> group by
[32m(release)[0m> 	n_name
[32m(release)[0m> order by
[32m(release)[0m> 	revenue desc;
VmRSS Change: 64 KB
===
5 rows total
Execution info: [PARSE: 67 µs 289 ns, SQL TRANSLATE: 0 ns, OPTIMIZE: 0 ns, LQP TRANSLATE: 46 µs 550 ns, EXECUTE: 335 ms 172 µs (wall time) | QUERY PLAN CACHE HITS: 1/1 statement(s)]
After reset, table use_count: 2
WARNING: Table still has 1 other owner(s) after pipeline reset!
Executing script file done
$:hsh mem_usage
------------------------------------------
Memory Usage Statistics:
VmSize:	215777316 kB
VmRSS:	77380944 kB
0: MemResourceStatus {MigratedColumnsAggregate,18446744073709551615,12610235929,10275988050,10275988050,0,0,N/A}
MemResourceStatus {NumaMonotonicResource,3,60000000000,0,0,0,1,0}
MemResourceStatus {NumaMonotonicResource,2,60000000000,1050368,1228831784,16023131860,0,16023165672}
MemResourceStatus {NumaMonotonicResource,1,64000000000,1039541809,3685752717,18917318200,0,18917334131}
0: MemResourceStatus {MemManagerAggregate,18446744073709551615,124000000000,1040592177,4914584501,0,0,N/A}
1: MemResourceStatus {MemManagerAggregate,18446744073709551615,60000000000,0,0,0,1,N/A}
MemResourceStatus {DefaultResource,18446744073709551615,18446744073709551615,0,0,0,-1,N/A}
Quick Memory Usage Overview:
Used Capacity: 11316580227, 0
------------------------------------------
Executing script file: /home/umeshsum/tpch_queries/5.sql
[32m(release)[0m> select
[32m(release)[0m> 	n_name,
[32m(release)[0m> 	sum(l_extendedprice * (1 - l_discount)) as revenue
[32m(release)[0m> from
[32m(release)[0m> 	customer,
[32m(release)[0m> 	orders,
[32m(release)[0m> 	lineitem,
[32m(release)[0m> 	supplier,
[32m(release)[0m> 	nation,
[32m(release)[0m> 	region
[32m(release)[0m> where
[32m(release)[0m> 	c_custkey = o_custkey
[32m(release)[0m> 	and l_orderkey = o_orderkey
[32m(release)[0m> 	and l_suppkey = s_suppkey
[32m(release)[0m> 	and c_nationkey = s_nationkey
[32m(release)[0m> 	and s_nationkey = n_nationkey
[32m(release)[0m> 	and n_regionkey = r_regionkey
[32m(release)[0m> 	and r_name = 'ASIA'
[32m(release)[0m> 	and o_orderdate >= date '1994-01-01'
[32m(release)[0m> 	and o_orderdate < date '1994-01-01' + interval '1' year
[32m(release)[0m> group by
[32m(release)[0m> 	n_name
[32m(release)[0m> order by
[32m(release)[0m> 	revenue desc;
VmRSS Change: 28 KB
===
5 rows total
Execution info: [PARSE: 68 µs 179 ns, SQL TRANSLATE: 0 ns, OPTIMIZE: 0 ns, LQP TRANSLATE: 46 µs 919 ns, EXECUTE: 334 ms 565 µs (wall time) | QUERY PLAN CACHE HITS: 1/1 statement(s)]
After reset, table use_count: 2
WARNING: Table still has 1 other owner(s) after pipeline reset!
Executing script file done
$:hsh mem_usage
------------------------------------------
Memory Usage Statistics:
VmSize:	215777316 kB
VmRSS:	77380972 kB
0: MemResourceStatus {MigratedColumnsAggregate,18446744073709551615,12610235929,10275988050,10275988050,0,0,N/A}
MemResourceStatus {NumaMonotonicResource,3,60000000000,0,0,0,1,0}
MemResourceStatus {NumaMonotonicResource,2,60000000000,1050368,1228913704,19227758232,0,19227798840}
MemResourceStatus {NumaMonotonicResource,1,64000000000,1039541809,3685752717,18917318200,0,18917334131}
0: MemResourceStatus {MemManagerAggregate,18446744073709551615,124000000000,1040592177,4914666421,0,0,N/A}
1: MemResourceStatus {MemManagerAggregate,18446744073709551615,60000000000,0,0,0,1,N/A}
MemResourceStatus {DefaultResource,18446744073709551615,18446744073709551615,0,0,0,-1,N/A}
Quick Memory Usage Overview:
Used Capacity: 11316580227, 0
------------------------------------------
Executing script file: /home/umeshsum/tpch_queries/5.sql
[32m(release)[0m> select
[32m(release)[0m> 	n_name,
[32m(release)[0m> 	sum(l_extendedprice * (1 - l_discount)) as revenue
[32m(release)[0m> from
[32m(release)[0m> 	customer,
[32m(release)[0m> 	orders,
[32m(release)[0m> 	lineitem,
[32m(release)[0m> 	supplier,
[32m(release)[0m> 	nation,
[32m(release)[0m> 	region
[32m(release)[0m> where
[32m(release)[0m> 	c_custkey = o_custkey
[32m(release)[0m> 	and l_orderkey = o_orderkey
[32m(release)[0m> 	and l_suppkey = s_suppkey
[32m(release)[0m> 	and c_nationkey = s_nationkey
[32m(release)[0m> 	and s_nationkey = n_nationkey
[32m(release)[0m> 	and n_regionkey = r_regionkey
[32m(release)[0m> 	and r_name = 'ASIA'
[32m(release)[0m> 	and o_orderdate >= date '1994-01-01'
[32m(release)[0m> 	and o_orderdate < date '1994-01-01' + interval '1' year
[32m(release)[0m> group by
[32m(release)[0m> 	n_name
[32m(release)[0m> order by
[32m(release)[0m> 	revenue desc;
VmRSS Change: 18446744073709551612 KB
===
5 rows total
Execution info: [PARSE: 68 µs 279 ns, SQL TRANSLATE: 0 ns, OPTIMIZE: 0 ns, LQP TRANSLATE: 46 µs 209 ns, EXECUTE: 331 ms 841 µs (wall time) | QUERY PLAN CACHE HITS: 1/1 statement(s)]
After reset, table use_count: 2
WARNING: Table still has 1 other owner(s) after pipeline reset!
Executing script file done
$:hsh mem_usage
------------------------------------------
Memory Usage Statistics:
VmSize:	215777316 kB
VmRSS:	77380968 kB
0: MemResourceStatus {MigratedColumnsAggregate,18446744073709551615,12610235929,10275988050,10275988050,0,0,N/A}
MemResourceStatus {NumaMonotonicResource,3,60000000000,0,0,0,1,0}
MemResourceStatus {NumaMonotonicResource,2,60000000000,1050368,1228962856,22432384604,0,22432431976}
MemResourceStatus {NumaMonotonicResource,1,64000000000,1039541809,3685752717,18917318200,0,18917334131}
0: MemResourceStatus {MemManagerAggregate,18446744073709551615,124000000000,1040592177,4914715573,0,0,N/A}
1: MemResourceStatus {MemManagerAggregate,18446744073709551615,60000000000,0,0,0,1,N/A}
MemResourceStatus {DefaultResource,18446744073709551615,18446744073709551615,0,0,0,-1,N/A}
Quick Memory Usage Overview:
Used Capacity: 11316580227, 0
------------------------------------------
Executing script file: /home/umeshsum/tpch_queries/5.sql
[32m(release)[0m> select
[32m(release)[0m> 	n_name,
[32m(release)[0m> 	sum(l_extendedprice * (1 - l_discount)) as revenue
[32m(release)[0m> from
[32m(release)[0m> 	customer,
[32m(release)[0m> 	orders,
[32m(release)[0m> 	lineitem,
[32m(release)[0m> 	supplier,
[32m(release)[0m> 	nation,
[32m(release)[0m> 	region
[32m(release)[0m> where
[32m(release)[0m> 	c_custkey = o_custkey
[32m(release)[0m> 	and l_orderkey = o_orderkey
[32m(release)[0m> 	and l_suppkey = s_suppkey
[32m(release)[0m> 	and c_nationkey = s_nationkey
[32m(release)[0m> 	and s_nationkey = n_nationkey
[32m(release)[0m> 	and n_regionkey = r_regionkey
[32m(release)[0m> 	and r_name = 'ASIA'
[32m(release)[0m> 	and o_orderdate >= date '1994-01-01'
[32m(release)[0m> 	and o_orderdate < date '1994-01-01' + interval '1' year
[32m(release)[0m> group by
[32m(release)[0m> 	n_name
[32m(release)[0m> order by
[32m(release)[0m> 	revenue desc;
VmRSS Change: 0 KB
===
5 rows total
Execution info: [PARSE: 71 µs 729 ns, SQL TRANSLATE: 0 ns, OPTIMIZE: 0 ns, LQP TRANSLATE: 45 µs 609 ns, EXECUTE: 335 ms 784 µs (wall time) | QUERY PLAN CACHE HITS: 1/1 statement(s)]
After reset, table use_count: 2
WARNING: Table still has 1 other owner(s) after pipeline reset!
Executing script file done
$:hsh mem_usage
------------------------------------------
Memory Usage Statistics:
VmSize:	215777316 kB
VmRSS:	77380960 kB
0: MemResourceStatus {MigratedColumnsAggregate,18446744073709551615,12610235929,10275988050,10275988050,0,0,N/A}
MemResourceStatus {NumaMonotonicResource,3,60000000000,0,0,0,1,0}
MemResourceStatus {NumaMonotonicResource,2,60000000000,1050368,1228962856,25637010976,0,25637065128}
MemResourceStatus {NumaMonotonicResource,1,64000000000,1039541809,3685752717,18917318200,0,18917334131}
0: MemResourceStatus {MemManagerAggregate,18446744073709551615,124000000000,1040592177,4914715573,0,0,N/A}
1: MemResourceStatus {MemManagerAggregate,18446744073709551615,60000000000,0,0,0,1,N/A}
MemResourceStatus {DefaultResource,18446744073709551615,18446744073709551615,0,0,0,-1,N/A}
Quick Memory Usage Overview:
Used Capacity: 11316580227, 0
------------------------------------------
Executing script file: /home/umeshsum/tpch_queries/5.sql
[32m(release)[0m> select
[32m(release)[0m> 	n_name,
[32m(release)[0m> 	sum(l_extendedprice * (1 - l_discount)) as revenue
[32m(release)[0m> from
[32m(release)[0m> 	customer,
[32m(release)[0m> 	orders,
[32m(release)[0m> 	lineitem,
[32m(release)[0m> 	supplier,
[32m(release)[0m> 	nation,
[32m(release)[0m> 	region
[32m(release)[0m> where
[32m(release)[0m> 	c_custkey = o_custkey
[32m(release)[0m> 	and l_orderkey = o_orderkey
[32m(release)[0m> 	and l_suppkey = s_suppkey
[32m(release)[0m> 	and c_nationkey = s_nationkey
[32m(release)[0m> 	and s_nationkey = n_nationkey
[32m(release)[0m> 	and n_regionkey = r_regionkey
[32m(release)[0m> 	and r_name = 'ASIA'
[32m(release)[0m> 	and o_orderdate >= date '1994-01-01'
[32m(release)[0m> 	and o_orderdate < date '1994-01-01' + interval '1' year
[32m(release)[0m> group by
[32m(release)[0m> 	n_name
[32m(release)[0m> order by
[32m(release)[0m> 	revenue desc;
VmRSS Change: 18446744073709551604 KB
===
5 rows total
Execution info: [PARSE: 66 µs 889 ns, SQL TRANSLATE: 0 ns, OPTIMIZE: 0 ns, LQP TRANSLATE: 48 µs 860 ns, EXECUTE: 336 ms 415 µs (wall time) | QUERY PLAN CACHE HITS: 1/1 statement(s)]
After reset, table use_count: 2
WARNING: Table still has 1 other owner(s) after pipeline reset!
Executing script file done
$:hsh mem_usage
------------------------------------------
Memory Usage Statistics:
VmSize:	215777316 kB
VmRSS:	77380948 kB
0: MemResourceStatus {MigratedColumnsAggregate,18446744073709551615,12610235929,10275988050,10275988050,0,0,N/A}
MemResourceStatus {NumaMonotonicResource,3,60000000000,0,0,0,1,0}
MemResourceStatus {NumaMonotonicResource,2,60000000000,1050368,1228962856,28841637348,0,28841698296}
MemResourceStatus {NumaMonotonicResource,1,64000000000,1039541809,3685752717,18917318200,0,18917334131}
0: MemResourceStatus {MemManagerAggregate,18446744073709551615,124000000000,1040592177,4914715573,0,0,N/A}
1: MemResourceStatus {MemManagerAggregate,18446744073709551615,60000000000,0,0,0,1,N/A}
MemResourceStatus {DefaultResource,18446744073709551615,18446744073709551615,0,0,0,-1,N/A}
Quick Memory Usage Overview:
Used Capacity: 11316580227, 0
------------------------------------------
Executing script file: /home/umeshsum/tpch_queries/5.sql
[32m(release)[0m> select
[32m(release)[0m> 	n_name,
[32m(release)[0m> 	sum(l_extendedprice * (1 - l_discount)) as revenue
[32m(release)[0m> from
[32m(release)[0m> 	customer,
[32m(release)[0m> 	orders,
[32m(release)[0m> 	lineitem,
[32m(release)[0m> 	supplier,
[32m(release)[0m> 	nation,
[32m(release)[0m> 	region
[32m(release)[0m> where
[32m(release)[0m> 	c_custkey = o_custkey
[32m(release)[0m> 	and l_orderkey = o_orderkey
[32m(release)[0m> 	and l_suppkey = s_suppkey
[32m(release)[0m> 	and c_nationkey = s_nationkey
[32m(release)[0m> 	and s_nationkey = n_nationkey
[32m(release)[0m> 	and n_regionkey = r_regionkey
[32m(release)[0m> 	and r_name = 'ASIA'
[32m(release)[0m> 	and o_orderdate >= date '1994-01-01'
[32m(release)[0m> 	and o_orderdate < date '1994-01-01' + interval '1' year
[32m(release)[0m> group by
[32m(release)[0m> 	n_name
[32m(release)[0m> order by
[32m(release)[0m> 	revenue desc;
VmRSS Change: 18446744073709551440 KB
===
5 rows total
Execution info: [PARSE: 79 µs 519 ns, SQL TRANSLATE: 0 ns, OPTIMIZE: 0 ns, LQP TRANSLATE: 52 µs 289 ns, EXECUTE: 335 ms 937 µs (wall time) | QUERY PLAN CACHE HITS: 1/1 statement(s)]
After reset, table use_count: 2
WARNING: Table still has 1 other owner(s) after pipeline reset!
Executing script file done
$:hsh mem_usage
------------------------------------------
Memory Usage Statistics:
VmSize:	215777316 kB
VmRSS:	77380772 kB
0: MemResourceStatus {MigratedColumnsAggregate,18446744073709551615,12610235929,10275988050,10275988050,0,0,N/A}
MemResourceStatus {NumaMonotonicResource,3,60000000000,0,0,0,1,0}
MemResourceStatus {NumaMonotonicResource,2,60000000000,1050368,1228962856,32046263720,0,32046331416}
MemResourceStatus {NumaMonotonicResource,1,64000000000,1039541809,3685752717,18917318200,0,18917334131}
0: MemResourceStatus {MemManagerAggregate,18446744073709551615,124000000000,1040592177,4914715573,0,0,N/A}
1: MemResourceStatus {MemManagerAggregate,18446744073709551615,60000000000,0,0,0,1,N/A}
MemResourceStatus {DefaultResource,18446744073709551615,18446744073709551615,0,0,0,-1,N/A}
Quick Memory Usage Overview:
Used Capacity: 11316580227, 0
------------------------------------------
Label set to d60000000000_tf60000000000_q6
$:hsh clear_plan_caches
Cleared PQP and LQP caches
$:hsh clear_pipeline
Released last SQLPipeline
$:hsh reset_exec_pools
Reset execution pools (2, 3) bump pointers to start
$:hsh mem_usage
------------------------------------------
Memory Usage Statistics:
VmSize:	215777316 kB
VmRSS:	77380748 kB
0: MemResourceStatus {MigratedColumnsAggregate,18446744073709551615,12610235929,10275988050,10275988050,0,0,N/A}
MemResourceStatus {NumaMonotonicResource,3,60000000000,0,0,0,1,0}
MemResourceStatus {NumaMonotonicResource,2,60000000000,0,0,0,0,0}
MemResourceStatus {NumaMonotonicResource,1,64000000000,1039541809,3685752717,18917318200,0,18917334131}
0: MemResourceStatus {MemManagerAggregate,18446744073709551615,124000000000,1039541809,3685752717,0,0,N/A}
1: MemResourceStatus {MemManagerAggregate,18446744073709551615,60000000000,0,0,0,1,N/A}
MemResourceStatus {DefaultResource,18446744073709551615,18446744073709551615,0,0,0,-1,N/A}
Quick Memory Usage Overview:
Used Capacity: 11315529859, 0
------------------------------------------
Executing script file: /home/umeshsum/tpch_queries/6.sql
[32m(release)[0m> select
[32m(release)[0m> 	sum(l_extendedprice * l_discount) as revenue
[32m(release)[0m> from
[32m(release)[0m> 	lineitem
[32m(release)[0m> where
[32m(release)[0m> 	l_shipdate >= date '1994-01-01'
[32m(release)[0m> 	and l_shipdate < date '1994-01-01' + interval '1' year
[32m(release)[0m> 	and l_discount between .06 - 0.01 and .06 + 0.01
[32m(release)[0m> 	and l_quantity < 24;
VmRSS Change: 240 KB
===
1 rows total
Execution info: [PARSE: 51 µs 690 ns, SQL TRANSLATE: 154 µs 418 ns, OPTIMIZE: 4 ms 94 µs, LQP TRANSLATE: 58 µs 190 ns, EXECUTE: 48 ms 119 µs (wall time) | QUERY PLAN CACHE HITS: 0/1 statement(s)]
After reset, table use_count: 2
WARNING: Table still has 1 other owner(s) after pipeline reset!
Executing script file done
$:hsh mem_usage
------------------------------------------
Memory Usage Statistics:
VmSize:	215777316 kB
VmRSS:	77381052 kB
0: MemResourceStatus {MigratedColumnsAggregate,18446744073709551615,12610235929,10275988050,10275988050,0,0,N/A}
MemResourceStatus {NumaMonotonicResource,3,60000000000,0,0,0,1,0}
MemResourceStatus {NumaMonotonicResource,2,60000000000,432,121142008,264026752,0,264028248}
MemResourceStatus {NumaMonotonicResource,1,64000000000,1039541809,3685752717,18917318200,0,18917334131}
0: MemResourceStatus {MemManagerAggregate,18446744073709551615,124000000000,1039542241,3806894725,0,0,N/A}
1: MemResourceStatus {MemManagerAggregate,18446744073709551615,60000000000,0,0,0,1,N/A}
MemResourceStatus {DefaultResource,18446744073709551615,18446744073709551615,0,0,0,-1,N/A}
Quick Memory Usage Overview:
Used Capacity: 11315530291, 0
------------------------------------------
Executing script file: /home/umeshsum/tpch_queries/6.sql
[32m(release)[0m> select
[32m(release)[0m> 	sum(l_extendedprice * l_discount) as revenue
[32m(release)[0m> from
[32m(release)[0m> 	lineitem
[32m(release)[0m> where
[32m(release)[0m> 	l_shipdate >= date '1994-01-01'
[32m(release)[0m> 	and l_shipdate < date '1994-01-01' + interval '1' year
[32m(release)[0m> 	and l_discount between .06 - 0.01 and .06 + 0.01
[32m(release)[0m> 	and l_quantity < 24;
VmRSS Change: 18446744073709551492 KB
===
1 rows total
Execution info: [PARSE: 49 µs 90 ns, SQL TRANSLATE: 0 ns, OPTIMIZE: 0 ns, LQP TRANSLATE: 35 µs 480 ns, EXECUTE: 48 ms 498 µs (wall time) | QUERY PLAN CACHE HITS: 1/1 statement(s)]
After reset, table use_count: 2
WARNING: Table still has 1 other owner(s) after pipeline reset!
Executing script file done
$:hsh mem_usage
------------------------------------------
Memory Usage Statistics:
VmSize:	215777316 kB
VmRSS:	77380928 kB
0: MemResourceStatus {MigratedColumnsAggregate,18446744073709551615,12610235929,10275988050,10275988050,0,0,N/A}
MemResourceStatus {NumaMonotonicResource,3,60000000000,0,0,0,1,0}
MemResourceStatus {NumaMonotonicResource,2,60000000000,712,121142008,528053456,0,528056376}
MemResourceStatus {NumaMonotonicResource,1,64000000000,1039541809,3685752717,18917318200,0,18917334131}
0: MemResourceStatus {MemManagerAggregate,18446744073709551615,124000000000,1039542521,3806894725,0,0,N/A}
1: MemResourceStatus {MemManagerAggregate,18446744073709551615,60000000000,0,0,0,1,N/A}
MemResourceStatus {DefaultResource,18446744073709551615,18446744073709551615,0,0,0,-1,N/A}
Quick Memory Usage Overview:
Used Capacity: 11315530571, 0
------------------------------------------
Executing script file: /home/umeshsum/tpch_queries/6.sql
[32m(release)[0m> select
[32m(release)[0m> 	sum(l_extendedprice * l_discount) as revenue
[32m(release)[0m> from
[32m(release)[0m> 	lineitem
[32m(release)[0m> where
[32m(release)[0m> 	l_shipdate >= date '1994-01-01'
[32m(release)[0m> 	and l_shipdate < date '1994-01-01' + interval '1' year
[32m(release)[0m> 	and l_discount between .06 - 0.01 and .06 + 0.01
[32m(release)[0m> 	and l_quantity < 24;
VmRSS Change: 204 KB
===
1 rows total
Execution info: [PARSE: 52 µs 890 ns, SQL TRANSLATE: 0 ns, OPTIMIZE: 0 ns, LQP TRANSLATE: 32 µs 130 ns, EXECUTE: 48 ms 60 µs (wall time) | QUERY PLAN CACHE HITS: 1/1 statement(s)]
After reset, table use_count: 2
WARNING: Table still has 1 other owner(s) after pipeline reset!
Executing script file done
$:hsh mem_usage
------------------------------------------
Memory Usage Statistics:
VmSize:	215777316 kB
VmRSS:	77381132 kB
0: MemResourceStatus {MigratedColumnsAggregate,18446744073709551615,12610235929,10275988050,10275988050,0,0,N/A}
MemResourceStatus {NumaMonotonicResource,3,60000000000,0,0,0,1,0}
MemResourceStatus {NumaMonotonicResource,2,60000000000,712,121143632,792080160,0,792084392}
MemResourceStatus {NumaMonotonicResource,1,64000000000,1039541809,3685752717,18917318200,0,18917334131}
0: MemResourceStatus {MemManagerAggregate,18446744073709551615,124000000000,1039542521,3806896349,0,0,N/A}
1: MemResourceStatus {MemManagerAggregate,18446744073709551615,60000000000,0,0,0,1,N/A}
MemResourceStatus {DefaultResource,18446744073709551615,18446744073709551615,0,0,0,-1,N/A}
Quick Memory Usage Overview:
Used Capacity: 11315530571, 0
------------------------------------------
Executing script file: /home/umeshsum/tpch_queries/6.sql
[32m(release)[0m> select
[32m(release)[0m> 	sum(l_extendedprice * l_discount) as revenue
[32m(release)[0m> from
[32m(release)[0m> 	lineitem
[32m(release)[0m> where
[32m(release)[0m> 	l_shipdate >= date '1994-01-01'
[32m(release)[0m> 	and l_shipdate < date '1994-01-01' + interval '1' year
[32m(release)[0m> 	and l_discount between .06 - 0.01 and .06 + 0.01
[32m(release)[0m> 	and l_quantity < 24;
VmRSS Change: 44 KB
===
1 rows total
Execution info: [PARSE: 65 µs 829 ns, SQL TRANSLATE: 0 ns, OPTIMIZE: 0 ns, LQP TRANSLATE: 34 µs 289 ns, EXECUTE: 47 ms 305 µs (wall time) | QUERY PLAN CACHE HITS: 1/1 statement(s)]
After reset, table use_count: 2
WARNING: Table still has 1 other owner(s) after pipeline reset!
Executing script file done
$:hsh mem_usage
------------------------------------------
Memory Usage Statistics:
VmSize:	215777316 kB
VmRSS:	77381176 kB
0: MemResourceStatus {MigratedColumnsAggregate,18446744073709551615,12610235929,10275988050,10275988050,0,0,N/A}
MemResourceStatus {NumaMonotonicResource,3,60000000000,0,0,0,1,0}
MemResourceStatus {NumaMonotonicResource,2,60000000000,712,121143632,1056106864,0,1056112424}
MemResourceStatus {NumaMonotonicResource,1,64000000000,1039541809,3685752717,18917318200,0,18917334131}
0: MemResourceStatus {MemManagerAggregate,18446744073709551615,124000000000,1039542521,3806896349,0,0,N/A}
1: MemResourceStatus {MemManagerAggregate,18446744073709551615,60000000000,0,0,0,1,N/A}
MemResourceStatus {DefaultResource,18446744073709551615,18446744073709551615,0,0,0,-1,N/A}
Quick Memory Usage Overview:
Used Capacity: 11315530571, 0
------------------------------------------
Executing script file: /home/umeshsum/tpch_queries/6.sql
[32m(release)[0m> select
[32m(release)[0m> 	sum(l_extendedprice * l_discount) as revenue
[32m(release)[0m> from
[32m(release)[0m> 	lineitem
[32m(release)[0m> where
[32m(release)[0m> 	l_shipdate >= date '1994-01-01'
[32m(release)[0m> 	and l_shipdate < date '1994-01-01' + interval '1' year
[32m(release)[0m> 	and l_discount between .06 - 0.01 and .06 + 0.01
[32m(release)[0m> 	and l_quantity < 24;
VmRSS Change: 28 KB
===
1 rows total
Execution info: [PARSE: 84 µs 389 ns, SQL TRANSLATE: 0 ns, OPTIMIZE: 0 ns, LQP TRANSLATE: 32 µs 649 ns, EXECUTE: 47 ms 544 µs (wall time) | QUERY PLAN CACHE HITS: 1/1 statement(s)]
After reset, table use_count: 2
WARNING: Table still has 1 other owner(s) after pipeline reset!
Executing script file done
$:hsh mem_usage
------------------------------------------
Memory Usage Statistics:
VmSize:	215777316 kB
VmRSS:	77381184 kB
0: MemResourceStatus {MigratedColumnsAggregate,18446744073709551615,12610235929,10275988050,10275988050,0,0,N/A}
MemResourceStatus {NumaMonotonicResource,3,60000000000,0,0,0,1,0}
MemResourceStatus {NumaMonotonicResource,2,60000000000,712,121143632,1320133568,0,1320140488}
MemResourceStatus {NumaMonotonicResource,1,64000000000,1039541809,3685752717,18917318200,0,18917334131}
0: MemResourceStatus {MemManagerAggregate,18446744073709551615,124000000000,1039542521,3806896349,0,0,N/A}
1: MemResourceStatus {MemManagerAggregate,18446744073709551615,60000000000,0,0,0,1,N/A}
MemResourceStatus {DefaultResource,18446744073709551615,18446744073709551615,0,0,0,-1,N/A}
Quick Memory Usage Overview:
Used Capacity: 11315530571, 0
------------------------------------------
Executing script file: /home/umeshsum/tpch_queries/6.sql
[32m(release)[0m> select
[32m(release)[0m> 	sum(l_extendedprice * l_discount) as revenue
[32m(release)[0m> from
[32m(release)[0m> 	lineitem
[32m(release)[0m> where
[32m(release)[0m> 	l_shipdate >= date '1994-01-01'
[32m(release)[0m> 	and l_shipdate < date '1994-01-01' + interval '1' year
[32m(release)[0m> 	and l_discount between .06 - 0.01 and .06 + 0.01
[32m(release)[0m> 	and l_quantity < 24;
VmRSS Change: 8 KB
===
1 rows total
Execution info: [PARSE: 49 µs 270 ns, SQL TRANSLATE: 0 ns, OPTIMIZE: 0 ns, LQP TRANSLATE: 35 µs 580 ns, EXECUTE: 48 ms 103 µs (wall time) | QUERY PLAN CACHE HITS: 1/1 statement(s)]
After reset, table use_count: 2
WARNING: Table still has 1 other owner(s) after pipeline reset!
Executing script file done
$:hsh mem_usage
------------------------------------------
Memory Usage Statistics:
VmSize:	215777316 kB
VmRSS:	77381192 kB
0: MemResourceStatus {MigratedColumnsAggregate,18446744073709551615,12610235929,10275988050,10275988050,0,0,N/A}
MemResourceStatus {NumaMonotonicResource,3,60000000000,0,0,0,1,0}
MemResourceStatus {NumaMonotonicResource,2,60000000000,712,121143632,1584160272,0,1584168504}
MemResourceStatus {NumaMonotonicResource,1,64000000000,1039541809,3685752717,18917318200,0,18917334131}
0: MemResourceStatus {MemManagerAggregate,18446744073709551615,124000000000,1039542521,3806896349,0,0,N/A}
1: MemResourceStatus {MemManagerAggregate,18446744073709551615,60000000000,0,0,0,1,N/A}
MemResourceStatus {DefaultResource,18446744073709551615,18446744073709551615,0,0,0,-1,N/A}
Quick Memory Usage Overview:
Used Capacity: 11315530571, 0
------------------------------------------
Executing script file: /home/umeshsum/tpch_queries/6.sql
[32m(release)[0m> select
[32m(release)[0m> 	sum(l_extendedprice * l_discount) as revenue
[32m(release)[0m> from
[32m(release)[0m> 	lineitem
[32m(release)[0m> where
[32m(release)[0m> 	l_shipdate >= date '1994-01-01'
[32m(release)[0m> 	and l_shipdate < date '1994-01-01' + interval '1' year
[32m(release)[0m> 	and l_discount between .06 - 0.01 and .06 + 0.01
[32m(release)[0m> 	and l_quantity < 24;
VmRSS Change: 0 KB
===
1 rows total
Execution info: [PARSE: 53 µs 790 ns, SQL TRANSLATE: 0 ns, OPTIMIZE: 0 ns, LQP TRANSLATE: 33 µs 660 ns, EXECUTE: 47 ms 318 µs (wall time) | QUERY PLAN CACHE HITS: 1/1 statement(s)]
After reset, table use_count: 2
WARNING: Table still has 1 other owner(s) after pipeline reset!
Executing script file done
$:hsh mem_usage
------------------------------------------
Memory Usage Statistics:
VmSize:	215777316 kB
VmRSS:	77381192 kB
0: MemResourceStatus {MigratedColumnsAggregate,18446744073709551615,12610235929,10275988050,10275988050,0,0,N/A}
MemResourceStatus {NumaMonotonicResource,3,60000000000,0,0,0,1,0}
MemResourceStatus {NumaMonotonicResource,2,60000000000,712,121144008,1848186976,0,1848196632}
MemResourceStatus {NumaMonotonicResource,1,64000000000,1039541809,3685752717,18917318200,0,18917334131}
0: MemResourceStatus {MemManagerAggregate,18446744073709551615,124000000000,1039542521,3806896725,0,0,N/A}
1: MemResourceStatus {MemManagerAggregate,18446744073709551615,60000000000,0,0,0,1,N/A}
MemResourceStatus {DefaultResource,18446744073709551615,18446744073709551615,0,0,0,-1,N/A}
Quick Memory Usage Overview:
Used Capacity: 11315530571, 0
------------------------------------------
Executing script file: /home/umeshsum/tpch_queries/6.sql
[32m(release)[0m> select
[32m(release)[0m> 	sum(l_extendedprice * l_discount) as revenue
[32m(release)[0m> from
[32m(release)[0m> 	lineitem
[32m(release)[0m> where
[32m(release)[0m> 	l_shipdate >= date '1994-01-01'
[32m(release)[0m> 	and l_shipdate < date '1994-01-01' + interval '1' year
[32m(release)[0m> 	and l_discount between .06 - 0.01 and .06 + 0.01
[32m(release)[0m> 	and l_quantity < 24;
VmRSS Change: 4 KB
===
1 rows total
Execution info: [PARSE: 49 µs 550 ns, SQL TRANSLATE: 0 ns, OPTIMIZE: 0 ns, LQP TRANSLATE: 28 µs 670 ns, EXECUTE: 48 ms 318 µs (wall time) | QUERY PLAN CACHE HITS: 1/1 statement(s)]
After reset, table use_count: 2
WARNING: Table still has 1 other owner(s) after pipeline reset!
Executing script file done
$:hsh mem_usage
------------------------------------------
Memory Usage Statistics:
VmSize:	215777316 kB
VmRSS:	77381196 kB
0: MemResourceStatus {MigratedColumnsAggregate,18446744073709551615,12610235929,10275988050,10275988050,0,0,N/A}
MemResourceStatus {NumaMonotonicResource,3,60000000000,0,0,0,1,0}
MemResourceStatus {NumaMonotonicResource,2,60000000000,712,121144008,2112213680,0,2112224760}
MemResourceStatus {NumaMonotonicResource,1,64000000000,1039541809,3685752717,18917318200,0,18917334131}
0: MemResourceStatus {MemManagerAggregate,18446744073709551615,124000000000,1039542521,3806896725,0,0,N/A}
1: MemResourceStatus {MemManagerAggregate,18446744073709551615,60000000000,0,0,0,1,N/A}
MemResourceStatus {DefaultResource,18446744073709551615,18446744073709551615,0,0,0,-1,N/A}
Quick Memory Usage Overview:
Used Capacity: 11315530571, 0
------------------------------------------
Executing script file: /home/umeshsum/tpch_queries/6.sql
[32m(release)[0m> select
[32m(release)[0m> 	sum(l_extendedprice * l_discount) as revenue
[32m(release)[0m> from
[32m(release)[0m> 	lineitem
[32m(release)[0m> where
[32m(release)[0m> 	l_shipdate >= date '1994-01-01'
[32m(release)[0m> 	and l_shipdate < date '1994-01-01' + interval '1' year
[32m(release)[0m> 	and l_discount between .06 - 0.01 and .06 + 0.01
[32m(release)[0m> 	and l_quantity < 24;
VmRSS Change: 8 KB
===
1 rows total
Execution info: [PARSE: 46 µs 659 ns, SQL TRANSLATE: 0 ns, OPTIMIZE: 0 ns, LQP TRANSLATE: 26 µs 639 ns, EXECUTE: 47 ms 677 µs (wall time) | QUERY PLAN CACHE HITS: 1/1 statement(s)]
After reset, table use_count: 2
WARNING: Table still has 1 other owner(s) after pipeline reset!
Executing script file done
$:hsh mem_usage
------------------------------------------
Memory Usage Statistics:
VmSize:	215777316 kB
VmRSS:	77381184 kB
0: MemResourceStatus {MigratedColumnsAggregate,18446744073709551615,12610235929,10275988050,10275988050,0,0,N/A}
MemResourceStatus {NumaMonotonicResource,3,60000000000,0,0,0,1,0}
MemResourceStatus {NumaMonotonicResource,2,60000000000,712,121153520,2376240384,0,2376252760}
MemResourceStatus {NumaMonotonicResource,1,64000000000,1039541809,3685752717,18917318200,0,18917334131}
0: MemResourceStatus {MemManagerAggregate,18446744073709551615,124000000000,1039542521,3806906237,0,0,N/A}
1: MemResourceStatus {MemManagerAggregate,18446744073709551615,60000000000,0,0,0,1,N/A}
MemResourceStatus {DefaultResource,18446744073709551615,18446744073709551615,0,0,0,-1,N/A}
Quick Memory Usage Overview:
Used Capacity: 11315530571, 0
------------------------------------------
Executing script file: /home/umeshsum/tpch_queries/6.sql
[32m(release)[0m> select
[32m(release)[0m> 	sum(l_extendedprice * l_discount) as revenue
[32m(release)[0m> from
[32m(release)[0m> 	lineitem
[32m(release)[0m> where
[32m(release)[0m> 	l_shipdate >= date '1994-01-01'
[32m(release)[0m> 	and l_shipdate < date '1994-01-01' + interval '1' year
[32m(release)[0m> 	and l_discount between .06 - 0.01 and .06 + 0.01
[32m(release)[0m> 	and l_quantity < 24;
VmRSS Change: 18446744073709551528 KB
===
1 rows total
Execution info: [PARSE: 44 µs 289 ns, SQL TRANSLATE: 0 ns, OPTIMIZE: 0 ns, LQP TRANSLATE: 28 µs 500 ns, EXECUTE: 47 ms 458 µs (wall time) | QUERY PLAN CACHE HITS: 1/1 statement(s)]
After reset, table use_count: 2
WARNING: Table still has 1 other owner(s) after pipeline reset!
Executing script file done
$:hsh mem_usage
------------------------------------------
Memory Usage Statistics:
VmSize:	215777316 kB
VmRSS:	77381096 kB
0: MemResourceStatus {MigratedColumnsAggregate,18446744073709551615,12610235929,10275988050,10275988050,0,0,N/A}
MemResourceStatus {NumaMonotonicResource,3,60000000000,0,0,0,1,0}
MemResourceStatus {NumaMonotonicResource,2,60000000000,712,121183080,2640267088,0,2640280904}
MemResourceStatus {NumaMonotonicResource,1,64000000000,1039541809,3685752717,18917318200,0,18917334131}
0: MemResourceStatus {MemManagerAggregate,18446744073709551615,124000000000,1039542521,3806935797,0,0,N/A}
1: MemResourceStatus {MemManagerAggregate,18446744073709551615,60000000000,0,0,0,1,N/A}
MemResourceStatus {DefaultResource,18446744073709551615,18446744073709551615,0,0,0,-1,N/A}
Quick Memory Usage Overview:
Used Capacity: 11315530571, 0
------------------------------------------
Label set to d60000000000_tf60000000000_q7
$:hsh clear_plan_caches
Cleared PQP and LQP caches
$:hsh clear_pipeline
Released last SQLPipeline
$:hsh reset_exec_pools
Reset execution pools (2, 3) bump pointers to start
$:hsh mem_usage
------------------------------------------
Memory Usage Statistics:
VmSize:	215777316 kB
VmRSS:	77381096 kB
0: MemResourceStatus {MigratedColumnsAggregate,18446744073709551615,12610235929,10275988050,10275988050,0,0,N/A}
MemResourceStatus {NumaMonotonicResource,3,60000000000,0,0,0,1,0}
MemResourceStatus {NumaMonotonicResource,2,60000000000,0,0,0,0,0}
MemResourceStatus {NumaMonotonicResource,1,64000000000,1039541809,3685752717,18917318200,0,18917334131}
0: MemResourceStatus {MemManagerAggregate,18446744073709551615,124000000000,1039541809,3685752717,0,0,N/A}
1: MemResourceStatus {MemManagerAggregate,18446744073709551615,60000000000,0,0,0,1,N/A}
MemResourceStatus {DefaultResource,18446744073709551615,18446744073709551615,0,0,0,-1,N/A}
Quick Memory Usage Overview:
Used Capacity: 11315529859, 0
------------------------------------------
Executing script file: /home/umeshsum/tpch_queries/7.sql
[32m(release)[0m> select
[32m(release)[0m> 	supp_nation,
[32m(release)[0m> 	cust_nation,
[32m(release)[0m> 	l_year,
[32m(release)[0m> 	sum(volume) as revenue
[32m(release)[0m> from
[32m(release)[0m> 	(
[32m(release)[0m> 		select
[32m(release)[0m> 			n1.n_name as supp_nation,
[32m(release)[0m> 			n2.n_name as cust_nation,
[32m(release)[0m> 			extract(year from l_shipdate) as l_year,
[32m(release)[0m> 			l_extendedprice * (1 - l_discount) as volume
[32m(release)[0m> 		from
[32m(release)[0m> 			supplier,
[32m(release)[0m> 			lineitem,
[32m(release)[0m> 			orders,
[32m(release)[0m> 			customer,
[32m(release)[0m> 			nation n1,
[32m(release)[0m> 			nation n2
[32m(release)[0m> 		where
[32m(release)[0m> 			s_suppkey = l_suppkey
[32m(release)[0m> 			and o_orderkey = l_orderkey
[32m(release)[0m> 			and c_custkey = o_custkey
[32m(release)[0m> 			and s_nationkey = n1.n_nationkey
[32m(release)[0m> 			and c_nationkey = n2.n_nationkey
[32m(release)[0m> 			and (
[32m(release)[0m> 				(n1.n_name = 'FRANCE' and n2.n_name = 'GERMANY')
[32m(release)[0m> 				or (n1.n_name = 'GERMANY' and n2.n_name = 'FRANCE')
[32m(release)[0m> 			)
[32m(release)[0m> 			and l_shipdate between date '1995-01-01' and date '1996-12-31'
[32m(release)[0m> 	) as shipping
[32m(release)[0m> group by
[32m(release)[0m> 	supp_nation,
[32m(release)[0m> 	cust_nation,
[32m(release)[0m> 	l_year
[32m(release)[0m> order by
[32m(release)[0m> 	supp_nation,
[32m(release)[0m> 	cust_nation,
[32m(release)[0m> 	l_year;
VmRSS Change: 812 KB
===
4 rows total
Execution info: [PARSE: 96 µs 129 ns, SQL TRANSLATE: 303 µs 607 ns, OPTIMIZE: 23 ms 163 µs, LQP TRANSLATE: 495 µs 204 ns, EXECUTE: 163 ms 535 µs (wall time) | QUERY PLAN CACHE HITS: 0/1 statement(s)]
After reset, table use_count: 2
WARNING: Table still has 1 other owner(s) after pipeline reset!
Executing script file done
$:hsh mem_usage
------------------------------------------
Memory Usage Statistics:
VmSize:	215777316 kB
VmRSS:	77382000 kB
0: MemResourceStatus {MigratedColumnsAggregate,18446744073709551615,12610235929,10275988050,10275988050,0,0,N/A}
MemResourceStatus {NumaMonotonicResource,3,60000000000,0,0,0,1,0}
MemResourceStatus {NumaMonotonicResource,2,60000000000,2566456,748072752,1974752268,0,1974758976}
MemResourceStatus {NumaMonotonicResource,1,64000000000,1039541809,3685752717,18917318200,0,18917334131}
0: MemResourceStatus {MemManagerAggregate,18446744073709551615,124000000000,1042108265,4433825469,0,0,N/A}
1: MemResourceStatus {MemManagerAggregate,18446744073709551615,60000000000,0,0,0,1,N/A}
MemResourceStatus {DefaultResource,18446744073709551615,18446744073709551615,0,0,0,-1,N/A}
Quick Memory Usage Overview:
Used Capacity: 11318096315, 0
------------------------------------------
Executing script file: /home/umeshsum/tpch_queries/7.sql
[32m(release)[0m> select
[32m(release)[0m> 	supp_nation,
[32m(release)[0m> 	cust_nation,
[32m(release)[0m> 	l_year,
[32m(release)[0m> 	sum(volume) as revenue
[32m(release)[0m> from
[32m(release)[0m> 	(
[32m(release)[0m> 		select
[32m(release)[0m> 			n1.n_name as supp_nation,
[32m(release)[0m> 			n2.n_name as cust_nation,
[32m(release)[0m> 			extract(year from l_shipdate) as l_year,
[32m(release)[0m> 			l_extendedprice * (1 - l_discount) as volume
[32m(release)[0m> 		from
[32m(release)[0m> 			supplier,
[32m(release)[0m> 			lineitem,
[32m(release)[0m> 			orders,
[32m(release)[0m> 			customer,
[32m(release)[0m> 			nation n1,
[32m(release)[0m> 			nation n2
[32m(release)[0m> 		where
[32m(release)[0m> 			s_suppkey = l_suppkey
[32m(release)[0m> 			and o_orderkey = l_orderkey
[32m(release)[0m> 			and c_custkey = o_custkey
[32m(release)[0m> 			and s_nationkey = n1.n_nationkey
[32m(release)[0m> 			and c_nationkey = n2.n_nationkey
[32m(release)[0m> 			and (
[32m(release)[0m> 				(n1.n_name = 'FRANCE' and n2.n_name = 'GERMANY')
[32m(release)[0m> 				or (n1.n_name = 'GERMANY' and n2.n_name = 'FRANCE')
[32m(release)[0m> 			)
[32m(release)[0m> 			and l_shipdate between date '1995-01-01' and date '1996-12-31'
[32m(release)[0m> 	) as shipping
[32m(release)[0m> group by
[32m(release)[0m> 	supp_nation,
[32m(release)[0m> 	cust_nation,
[32m(release)[0m> 	l_year
[32m(release)[0m> order by
[32m(release)[0m> 	supp_nation,
[32m(release)[0m> 	cust_nation,
[32m(release)[0m> 	l_year;
VmRSS Change: 488 KB
===
4 rows total
Execution info: [PARSE: 95 µs 949 ns, SQL TRANSLATE: 0 ns, OPTIMIZE: 0 ns, LQP TRANSLATE: 78 µs 939 ns, EXECUTE: 162 ms 215 µs (wall time) | QUERY PLAN CACHE HITS: 1/1 statement(s)]
After reset, table use_count: 2
WARNING: Table still has 1 other owner(s) after pipeline reset!
Executing script file done
$:hsh mem_usage
------------------------------------------
Memory Usage Statistics:
VmSize:	215777316 kB
VmRSS:	77382488 kB
0: MemResourceStatus {MigratedColumnsAggregate,18446744073709551615,12610235929,10275988050,10275988050,0,0,N/A}
MemResourceStatus {NumaMonotonicResource,3,60000000000,0,0,0,1,0}
MemResourceStatus {NumaMonotonicResource,2,60000000000,3034944,754102400,3950152472,0,3950165920}
MemResourceStatus {NumaMonotonicResource,1,64000000000,1039541809,3685752717,18917318200,0,18917334131}
0: MemResourceStatus {MemManagerAggregate,18446744073709551615,124000000000,1042576753,4439855117,0,0,N/A}
1: MemResourceStatus {MemManagerAggregate,18446744073709551615,60000000000,0,0,0,1,N/A}
MemResourceStatus {DefaultResource,18446744073709551615,18446744073709551615,0,0,0,-1,N/A}
Quick Memory Usage Overview:
Used Capacity: 11318564803, 0
------------------------------------------
Executing script file: /home/umeshsum/tpch_queries/7.sql
[32m(release)[0m> select
[32m(release)[0m> 	supp_nation,
[32m(release)[0m> 	cust_nation,
[32m(release)[0m> 	l_year,
[32m(release)[0m> 	sum(volume) as revenue
[32m(release)[0m> from
[32m(release)[0m> 	(
[32m(release)[0m> 		select
[32m(release)[0m> 			n1.n_name as supp_nation,
[32m(release)[0m> 			n2.n_name as cust_nation,
[32m(release)[0m> 			extract(year from l_shipdate) as l_year,
[32m(release)[0m> 			l_extendedprice * (1 - l_discount) as volume
[32m(release)[0m> 		from
[32m(release)[0m> 			supplier,
[32m(release)[0m> 			lineitem,
[32m(release)[0m> 			orders,
[32m(release)[0m> 			customer,
[32m(release)[0m> 			nation n1,
[32m(release)[0m> 			nation n2
[32m(release)[0m> 		where
[32m(release)[0m> 			s_suppkey = l_suppkey
[32m(release)[0m> 			and o_orderkey = l_orderkey
[32m(release)[0m> 			and c_custkey = o_custkey
[32m(release)[0m> 			and s_nationkey = n1.n_nationkey
[32m(release)[0m> 			and c_nationkey = n2.n_nationkey
[32m(release)[0m> 			and (
[32m(release)[0m> 				(n1.n_name = 'FRANCE' and n2.n_name = 'GERMANY')
[32m(release)[0m> 				or (n1.n_name = 'GERMANY' and n2.n_name = 'FRANCE')
[32m(release)[0m> 			)
[32m(release)[0m> 			and l_shipdate between date '1995-01-01' and date '1996-12-31'
[32m(release)[0m> 	) as shipping
[32m(release)[0m> group by
[32m(release)[0m> 	supp_nation,
[32m(release)[0m> 	cust_nation,
[32m(release)[0m> 	l_year
[32m(release)[0m> order by
[32m(release)[0m> 	supp_nation,
[32m(release)[0m> 	cust_nation,
[32m(release)[0m> 	l_year;
VmRSS Change: 140 KB
===
4 rows total
Execution info: [PARSE: 91 µs 59 ns, SQL TRANSLATE: 0 ns, OPTIMIZE: 0 ns, LQP TRANSLATE: 60 µs 689 ns, EXECUTE: 165 ms 182 µs (wall time) | QUERY PLAN CACHE HITS: 1/1 statement(s)]
After reset, table use_count: 2
WARNING: Table still has 1 other owner(s) after pipeline reset!
Executing script file done
$:hsh mem_usage
------------------------------------------
Memory Usage Statistics:
VmSize:	215777316 kB
VmRSS:	77382628 kB
0: MemResourceStatus {MigratedColumnsAggregate,18446744073709551615,12610235929,10275988050,10275988050,0,0,N/A}
MemResourceStatus {NumaMonotonicResource,3,60000000000,0,0,0,1,0}
MemResourceStatus {NumaMonotonicResource,2,60000000000,3034944,754102400,5924770340,0,5924790464}
MemResourceStatus {NumaMonotonicResource,1,64000000000,1039541809,3685752717,18917318200,0,18917334131}
0: MemResourceStatus {MemManagerAggregate,18446744073709551615,124000000000,1042576753,4439855117,0,0,N/A}
1: MemResourceStatus {MemManagerAggregate,18446744073709551615,60000000000,0,0,0,1,N/A}
MemResourceStatus {DefaultResource,18446744073709551615,18446744073709551615,0,0,0,-1,N/A}
Quick Memory Usage Overview:
Used Capacity: 11318564803, 0
------------------------------------------
Executing script file: /home/umeshsum/tpch_queries/7.sql
[32m(release)[0m> select
[32m(release)[0m> 	supp_nation,
[32m(release)[0m> 	cust_nation,
[32m(release)[0m> 	l_year,
[32m(release)[0m> 	sum(volume) as revenue
[32m(release)[0m> from
[32m(release)[0m> 	(
[32m(release)[0m> 		select
[32m(release)[0m> 			n1.n_name as supp_nation,
[32m(release)[0m> 			n2.n_name as cust_nation,
[32m(release)[0m> 			extract(year from l_shipdate) as l_year,
[32m(release)[0m> 			l_extendedprice * (1 - l_discount) as volume
[32m(release)[0m> 		from
[32m(release)[0m> 			supplier,
[32m(release)[0m> 			lineitem,
[32m(release)[0m> 			orders,
[32m(release)[0m> 			customer,
[32m(release)[0m> 			nation n1,
[32m(release)[0m> 			nation n2
[32m(release)[0m> 		where
[32m(release)[0m> 			s_suppkey = l_suppkey
[32m(release)[0m> 			and o_orderkey = l_orderkey
[32m(release)[0m> 			and c_custkey = o_custkey
[32m(release)[0m> 			and s_nationkey = n1.n_nationkey
[32m(release)[0m> 			and c_nationkey = n2.n_nationkey
[32m(release)[0m> 			and (
[32m(release)[0m> 				(n1.n_name = 'FRANCE' and n2.n_name = 'GERMANY')
[32m(release)[0m> 				or (n1.n_name = 'GERMANY' and n2.n_name = 'FRANCE')
[32m(release)[0m> 			)
[32m(release)[0m> 			and l_shipdate between date '1995-01-01' and date '1996-12-31'
[32m(release)[0m> 	) as shipping
[32m(release)[0m> group by
[32m(release)[0m> 	supp_nation,
[32m(release)[0m> 	cust_nation,
[32m(release)[0m> 	l_year
[32m(release)[0m> order by
[32m(release)[0m> 	supp_nation,
[32m(release)[0m> 	cust_nation,
[32m(release)[0m> 	l_year;
VmRSS Change: 400 KB
===
4 rows total
Execution info: [PARSE: 103 µs 339 ns, SQL TRANSLATE: 0 ns, OPTIMIZE: 0 ns, LQP TRANSLATE: 78 µs 399 ns, EXECUTE: 164 ms 639 µs (wall time) | QUERY PLAN CACHE HITS: 1/1 statement(s)]
After reset, table use_count: 2
WARNING: Table still has 1 other owner(s) after pipeline reset!
Executing script file done
$:hsh mem_usage
------------------------------------------
Memory Usage Statistics:
VmSize:	215777316 kB
VmRSS:	77383028 kB
0: MemResourceStatus {MigratedColumnsAggregate,18446744073709551615,12610235929,10275988050,10275988050,0,0,N/A}
MemResourceStatus {NumaMonotonicResource,3,60000000000,0,0,0,1,0}
MemResourceStatus {NumaMonotonicResource,2,60000000000,3034944,754102400,7899854784,0,7899881632}
MemResourceStatus {NumaMonotonicResource,1,64000000000,1039541809,3685752717,18917318200,0,18917334131}
0: MemResourceStatus {MemManagerAggregate,18446744073709551615,124000000000,1042576753,4439855117,0,0,N/A}
1: MemResourceStatus {MemManagerAggregate,18446744073709551615,60000000000,0,0,0,1,N/A}
MemResourceStatus {DefaultResource,18446744073709551615,18446744073709551615,0,0,0,-1,N/A}
Quick Memory Usage Overview:
Used Capacity: 11318564803, 0
------------------------------------------
Executing script file: /home/umeshsum/tpch_queries/7.sql
[32m(release)[0m> select
[32m(release)[0m> 	supp_nation,
[32m(release)[0m> 	cust_nation,
[32m(release)[0m> 	l_year,
[32m(release)[0m> 	sum(volume) as revenue
[32m(release)[0m> from
[32m(release)[0m> 	(
[32m(release)[0m> 		select
[32m(release)[0m> 			n1.n_name as supp_nation,
[32m(release)[0m> 			n2.n_name as cust_nation,
[32m(release)[0m> 			extract(year from l_shipdate) as l_year,
[32m(release)[0m> 			l_extendedprice * (1 - l_discount) as volume
[32m(release)[0m> 		from
[32m(release)[0m> 			supplier,
[32m(release)[0m> 			lineitem,
[32m(release)[0m> 			orders,
[32m(release)[0m> 			customer,
[32m(release)[0m> 			nation n1,
[32m(release)[0m> 			nation n2
[32m(release)[0m> 		where
[32m(release)[0m> 			s_suppkey = l_suppkey
[32m(release)[0m> 			and o_orderkey = l_orderkey
[32m(release)[0m> 			and c_custkey = o_custkey
[32m(release)[0m> 			and s_nationkey = n1.n_nationkey
[32m(release)[0m> 			and c_nationkey = n2.n_nationkey
[32m(release)[0m> 			and (
[32m(release)[0m> 				(n1.n_name = 'FRANCE' and n2.n_name = 'GERMANY')
[32m(release)[0m> 				or (n1.n_name = 'GERMANY' and n2.n_name = 'FRANCE')
[32m(release)[0m> 			)
[32m(release)[0m> 			and l_shipdate between date '1995-01-01' and date '1996-12-31'
[32m(release)[0m> 	) as shipping
[32m(release)[0m> group by
[32m(release)[0m> 	supp_nation,
[32m(release)[0m> 	cust_nation,
[32m(release)[0m> 	l_year
[32m(release)[0m> order by
[32m(release)[0m> 	supp_nation,
[32m(release)[0m> 	cust_nation,
[32m(release)[0m> 	l_year;
VmRSS Change: 820 KB
===
4 rows total
Execution info: [PARSE: 90 µs 159 ns, SQL TRANSLATE: 0 ns, OPTIMIZE: 0 ns, LQP TRANSLATE: 62 µs 589 ns, EXECUTE: 165 ms 827 µs (wall time) | QUERY PLAN CACHE HITS: 1/1 statement(s)]
After reset, table use_count: 2
WARNING: Table still has 1 other owner(s) after pipeline reset!
Executing script file done
$:hsh mem_usage
------------------------------------------
Memory Usage Statistics:
VmSize:	215777316 kB
VmRSS:	77383848 kB
0: MemResourceStatus {MigratedColumnsAggregate,18446744073709551615,12610235929,10275988050,10275988050,0,0,N/A}
MemResourceStatus {NumaMonotonicResource,3,60000000000,0,0,0,1,0}
MemResourceStatus {NumaMonotonicResource,2,60000000000,3034944,754102400,9874472652,0,9874506208}
MemResourceStatus {NumaMonotonicResource,1,64000000000,1039541809,3685752717,18917318200,0,18917334131}
0: MemResourceStatus {MemManagerAggregate,18446744073709551615,124000000000,1042576753,4439855117,0,0,N/A}
1: MemResourceStatus {MemManagerAggregate,18446744073709551615,60000000000,0,0,0,1,N/A}
MemResourceStatus {DefaultResource,18446744073709551615,18446744073709551615,0,0,0,-1,N/A}
Quick Memory Usage Overview:
Used Capacity: 11318564803, 0
------------------------------------------
Executing script file: /home/umeshsum/tpch_queries/7.sql
[32m(release)[0m> select
[32m(release)[0m> 	supp_nation,
[32m(release)[0m> 	cust_nation,
[32m(release)[0m> 	l_year,
[32m(release)[0m> 	sum(volume) as revenue
[32m(release)[0m> from
[32m(release)[0m> 	(
[32m(release)[0m> 		select
[32m(release)[0m> 			n1.n_name as supp_nation,
[32m(release)[0m> 			n2.n_name as cust_nation,
[32m(release)[0m> 			extract(year from l_shipdate) as l_year,
[32m(release)[0m> 			l_extendedprice * (1 - l_discount) as volume
[32m(release)[0m> 		from
[32m(release)[0m> 			supplier,
[32m(release)[0m> 			lineitem,
[32m(release)[0m> 			orders,
[32m(release)[0m> 			customer,
[32m(release)[0m> 			nation n1,
[32m(release)[0m> 			nation n2
[32m(release)[0m> 		where
[32m(release)[0m> 			s_suppkey = l_suppkey
[32m(release)[0m> 			and o_orderkey = l_orderkey
[32m(release)[0m> 			and c_custkey = o_custkey
[32m(release)[0m> 			and s_nationkey = n1.n_nationkey
[32m(release)[0m> 			and c_nationkey = n2.n_nationkey
[32m(release)[0m> 			and (
[32m(release)[0m> 				(n1.n_name = 'FRANCE' and n2.n_name = 'GERMANY')
[32m(release)[0m> 				or (n1.n_name = 'GERMANY' and n2.n_name = 'FRANCE')
[32m(release)[0m> 			)
[32m(release)[0m> 			and l_shipdate between date '1995-01-01' and date '1996-12-31'
[32m(release)[0m> 	) as shipping
[32m(release)[0m> group by
[32m(release)[0m> 	supp_nation,
[32m(release)[0m> 	cust_nation,
[32m(release)[0m> 	l_year
[32m(release)[0m> order by
[32m(release)[0m> 	supp_nation,
[32m(release)[0m> 	cust_nation,
[32m(release)[0m> 	l_year;
VmRSS Change: 540 KB
===
4 rows total
Execution info: [PARSE: 93 µs 489 ns, SQL TRANSLATE: 0 ns, OPTIMIZE: 0 ns, LQP TRANSLATE: 58 µs 199 ns, EXECUTE: 163 ms 922 µs (wall time) | QUERY PLAN CACHE HITS: 1/1 statement(s)]
After reset, table use_count: 2
WARNING: Table still has 1 other owner(s) after pipeline reset!
Executing script file done
$:hsh mem_usage
------------------------------------------
Memory Usage Statistics:
VmSize:	215777316 kB
VmRSS:	77384388 kB
0: MemResourceStatus {MigratedColumnsAggregate,18446744073709551615,12610235929,10275988050,10275988050,0,0,N/A}
MemResourceStatus {NumaMonotonicResource,3,60000000000,0,0,0,1,0}
MemResourceStatus {NumaMonotonicResource,2,60000000000,3034944,754102400,11849346288,0,11849386528}
MemResourceStatus {NumaMonotonicResource,1,64000000000,1039541809,3685752717,18917318200,0,18917334131}
0: MemResourceStatus {MemManagerAggregate,18446744073709551615,124000000000,1042576753,4439855117,0,0,N/A}
1: MemResourceStatus {MemManagerAggregate,18446744073709551615,60000000000,0,0,0,1,N/A}
MemResourceStatus {DefaultResource,18446744073709551615,18446744073709551615,0,0,0,-1,N/A}
Quick Memory Usage Overview:
Used Capacity: 11318564803, 0
------------------------------------------
Executing script file: /home/umeshsum/tpch_queries/7.sql
[32m(release)[0m> select
[32m(release)[0m> 	supp_nation,
[32m(release)[0m> 	cust_nation,
[32m(release)[0m> 	l_year,
[32m(release)[0m> 	sum(volume) as revenue
[32m(release)[0m> from
[32m(release)[0m> 	(
[32m(release)[0m> 		select
[32m(release)[0m> 			n1.n_name as supp_nation,
[32m(release)[0m> 			n2.n_name as cust_nation,
[32m(release)[0m> 			extract(year from l_shipdate) as l_year,
[32m(release)[0m> 			l_extendedprice * (1 - l_discount) as volume
[32m(release)[0m> 		from
[32m(release)[0m> 			supplier,
[32m(release)[0m> 			lineitem,
[32m(release)[0m> 			orders,
[32m(release)[0m> 			customer,
[32m(release)[0m> 			nation n1,
[32m(release)[0m> 			nation n2
[32m(release)[0m> 		where
[32m(release)[0m> 			s_suppkey = l_suppkey
[32m(release)[0m> 			and o_orderkey = l_orderkey
[32m(release)[0m> 			and c_custkey = o_custkey
[32m(release)[0m> 			and s_nationkey = n1.n_nationkey
[32m(release)[0m> 			and c_nationkey = n2.n_nationkey
[32m(release)[0m> 			and (
[32m(release)[0m> 				(n1.n_name = 'FRANCE' and n2.n_name = 'GERMANY')
[32m(release)[0m> 				or (n1.n_name = 'GERMANY' and n2.n_name = 'FRANCE')
[32m(release)[0m> 			)
[32m(release)[0m> 			and l_shipdate between date '1995-01-01' and date '1996-12-31'
[32m(release)[0m> 	) as shipping
[32m(release)[0m> group by
[32m(release)[0m> 	supp_nation,
[32m(release)[0m> 	cust_nation,
[32m(release)[0m> 	l_year
[32m(release)[0m> order by
[32m(release)[0m> 	supp_nation,
[32m(release)[0m> 	cust_nation,
[32m(release)[0m> 	l_year;
VmRSS Change: 596 KB
===
4 rows total
Execution info: [PARSE: 117 µs 49 ns, SQL TRANSLATE: 0 ns, OPTIMIZE: 0 ns, LQP TRANSLATE: 59 µs 870 ns, EXECUTE: 162 ms 984 µs (wall time) | QUERY PLAN CACHE HITS: 1/1 statement(s)]
After reset, table use_count: 2
WARNING: Table still has 1 other owner(s) after pipeline reset!
Executing script file done
$:hsh mem_usage
------------------------------------------
Memory Usage Statistics:
VmSize:	215777316 kB
VmRSS:	77384984 kB
0: MemResourceStatus {MigratedColumnsAggregate,18446744073709551615,12610235929,10275988050,10275988050,0,0,N/A}
MemResourceStatus {NumaMonotonicResource,3,60000000000,0,0,0,1,0}
MemResourceStatus {NumaMonotonicResource,2,60000000000,3034944,754102400,13823823748,0,13823870688}
MemResourceStatus {NumaMonotonicResource,1,64000000000,1039541809,3685752717,18917318200,0,18917334131}
0: MemResourceStatus {MemManagerAggregate,18446744073709551615,124000000000,1042576753,4439855117,0,0,N/A}
1: MemResourceStatus {MemManagerAggregate,18446744073709551615,60000000000,0,0,0,1,N/A}
MemResourceStatus {DefaultResource,18446744073709551615,18446744073709551615,0,0,0,-1,N/A}
Quick Memory Usage Overview:
Used Capacity: 11318564803, 0
------------------------------------------
Executing script file: /home/umeshsum/tpch_queries/7.sql
[32m(release)[0m> select
[32m(release)[0m> 	supp_nation,
[32m(release)[0m> 	cust_nation,
[32m(release)[0m> 	l_year,
[32m(release)[0m> 	sum(volume) as revenue
[32m(release)[0m> from
[32m(release)[0m> 	(
[32m(release)[0m> 		select
[32m(release)[0m> 			n1.n_name as supp_nation,
[32m(release)[0m> 			n2.n_name as cust_nation,
[32m(release)[0m> 			extract(year from l_shipdate) as l_year,
[32m(release)[0m> 			l_extendedprice * (1 - l_discount) as volume
[32m(release)[0m> 		from
[32m(release)[0m> 			supplier,
[32m(release)[0m> 			lineitem,
[32m(release)[0m> 			orders,
[32m(release)[0m> 			customer,
[32m(release)[0m> 			nation n1,
[32m(release)[0m> 			nation n2
[32m(release)[0m> 		where
[32m(release)[0m> 			s_suppkey = l_suppkey
[32m(release)[0m> 			and o_orderkey = l_orderkey
[32m(release)[0m> 			and c_custkey = o_custkey
[32m(release)[0m> 			and s_nationkey = n1.n_nationkey
[32m(release)[0m> 			and c_nationkey = n2.n_nationkey
[32m(release)[0m> 			and (
[32m(release)[0m> 				(n1.n_name = 'FRANCE' and n2.n_name = 'GERMANY')
[32m(release)[0m> 				or (n1.n_name = 'GERMANY' and n2.n_name = 'FRANCE')
[32m(release)[0m> 			)
[32m(release)[0m> 			and l_shipdate between date '1995-01-01' and date '1996-12-31'
[32m(release)[0m> 	) as shipping
[32m(release)[0m> group by
[32m(release)[0m> 	supp_nation,
[32m(release)[0m> 	cust_nation,
[32m(release)[0m> 	l_year
[32m(release)[0m> order by
[32m(release)[0m> 	supp_nation,
[32m(release)[0m> 	cust_nation,
[32m(release)[0m> 	l_year;
VmRSS Change: 18446744073709551448 KB
===
4 rows total
Execution info: [PARSE: 90 µs 399 ns, SQL TRANSLATE: 0 ns, OPTIMIZE: 0 ns, LQP TRANSLATE: 61 µs 899 ns, EXECUTE: 170 ms 125 µs (wall time) | QUERY PLAN CACHE HITS: 1/1 statement(s)]
After reset, table use_count: 2
WARNING: Table still has 1 other owner(s) after pipeline reset!
Executing script file done
$:hsh mem_usage
------------------------------------------
Memory Usage Statistics:
VmSize:	215777316 kB
VmRSS:	77384816 kB
0: MemResourceStatus {MigratedColumnsAggregate,18446744073709551615,12610235929,10275988050,10275988050,0,0,N/A}
MemResourceStatus {NumaMonotonicResource,3,60000000000,0,0,0,1,0}
MemResourceStatus {NumaMonotonicResource,2,60000000000,3034944,754102400,15798884472,0,15798938176}
MemResourceStatus {NumaMonotonicResource,1,64000000000,1039541809,3685752717,18917318200,0,18917334131}
0: MemResourceStatus {MemManagerAggregate,18446744073709551615,124000000000,1042576753,4439855117,0,0,N/A}
1: MemResourceStatus {MemManagerAggregate,18446744073709551615,60000000000,0,0,0,1,N/A}
MemResourceStatus {DefaultResource,18446744073709551615,18446744073709551615,0,0,0,-1,N/A}
Quick Memory Usage Overview:
Used Capacity: 11318564803, 0
------------------------------------------
Executing script file: /home/umeshsum/tpch_queries/7.sql
[32m(release)[0m> select
[32m(release)[0m> 	supp_nation,
[32m(release)[0m> 	cust_nation,
[32m(release)[0m> 	l_year,
[32m(release)[0m> 	sum(volume) as revenue
[32m(release)[0m> from
[32m(release)[0m> 	(
[32m(release)[0m> 		select
[32m(release)[0m> 			n1.n_name as supp_nation,
[32m(release)[0m> 			n2.n_name as cust_nation,
[32m(release)[0m> 			extract(year from l_shipdate) as l_year,
[32m(release)[0m> 			l_extendedprice * (1 - l_discount) as volume
[32m(release)[0m> 		from
[32m(release)[0m> 			supplier,
[32m(release)[0m> 			lineitem,
[32m(release)[0m> 			orders,
[32m(release)[0m> 			customer,
[32m(release)[0m> 			nation n1,
[32m(release)[0m> 			nation n2
[32m(release)[0m> 		where
[32m(release)[0m> 			s_suppkey = l_suppkey
[32m(release)[0m> 			and o_orderkey = l_orderkey
[32m(release)[0m> 			and c_custkey = o_custkey
[32m(release)[0m> 			and s_nationkey = n1.n_nationkey
[32m(release)[0m> 			and c_nationkey = n2.n_nationkey
[32m(release)[0m> 			and (
[32m(release)[0m> 				(n1.n_name = 'FRANCE' and n2.n_name = 'GERMANY')
[32m(release)[0m> 				or (n1.n_name = 'GERMANY' and n2.n_name = 'FRANCE')
[32m(release)[0m> 			)
[32m(release)[0m> 			and l_shipdate between date '1995-01-01' and date '1996-12-31'
[32m(release)[0m> 	) as shipping
[32m(release)[0m> group by
[32m(release)[0m> 	supp_nation,
[32m(release)[0m> 	cust_nation,
[32m(release)[0m> 	l_year
[32m(release)[0m> order by
[32m(release)[0m> 	supp_nation,
[32m(release)[0m> 	cust_nation,
[32m(release)[0m> 	l_year;
VmRSS Change: 384 KB
===
4 rows total
Execution info: [PARSE: 105 µs 919 ns, SQL TRANSLATE: 0 ns, OPTIMIZE: 0 ns, LQP TRANSLATE: 87 µs 409 ns, EXECUTE: 172 ms 695 µs (wall time) | QUERY PLAN CACHE HITS: 1/1 statement(s)]
After reset, table use_count: 2
WARNING: Table still has 1 other owner(s) after pipeline reset!
Executing script file done
$:hsh mem_usage
------------------------------------------
Memory Usage Statistics:
VmSize:	215777316 kB
VmRSS:	77385200 kB
0: MemResourceStatus {MigratedColumnsAggregate,18446744073709551615,12610235929,10275988050,10275988050,0,0,N/A}
MemResourceStatus {NumaMonotonicResource,3,60000000000,0,0,0,1,0}
MemResourceStatus {NumaMonotonicResource,2,60000000000,3034944,754102400,17773502340,0,17773562736}
MemResourceStatus {NumaMonotonicResource,1,64000000000,1039541809,3685752717,18917318200,0,18917334131}
0: MemResourceStatus {MemManagerAggregate,18446744073709551615,124000000000,1042576753,4439855117,0,0,N/A}
1: MemResourceStatus {MemManagerAggregate,18446744073709551615,60000000000,0,0,0,1,N/A}
MemResourceStatus {DefaultResource,18446744073709551615,18446744073709551615,0,0,0,-1,N/A}
Quick Memory Usage Overview:
Used Capacity: 11318564803, 0
------------------------------------------
Executing script file: /home/umeshsum/tpch_queries/7.sql
[32m(release)[0m> select
[32m(release)[0m> 	supp_nation,
[32m(release)[0m> 	cust_nation,
[32m(release)[0m> 	l_year,
[32m(release)[0m> 	sum(volume) as revenue
[32m(release)[0m> from
[32m(release)[0m> 	(
[32m(release)[0m> 		select
[32m(release)[0m> 			n1.n_name as supp_nation,
[32m(release)[0m> 			n2.n_name as cust_nation,
[32m(release)[0m> 			extract(year from l_shipdate) as l_year,
[32m(release)[0m> 			l_extendedprice * (1 - l_discount) as volume
[32m(release)[0m> 		from
[32m(release)[0m> 			supplier,
[32m(release)[0m> 			lineitem,
[32m(release)[0m> 			orders,
[32m(release)[0m> 			customer,
[32m(release)[0m> 			nation n1,
[32m(release)[0m> 			nation n2
[32m(release)[0m> 		where
[32m(release)[0m> 			s_suppkey = l_suppkey
[32m(release)[0m> 			and o_orderkey = l_orderkey
[32m(release)[0m> 			and c_custkey = o_custkey
[32m(release)[0m> 			and s_nationkey = n1.n_nationkey
[32m(release)[0m> 			and c_nationkey = n2.n_nationkey
[32m(release)[0m> 			and (
[32m(release)[0m> 				(n1.n_name = 'FRANCE' and n2.n_name = 'GERMANY')
[32m(release)[0m> 				or (n1.n_name = 'GERMANY' and n2.n_name = 'FRANCE')
[32m(release)[0m> 			)
[32m(release)[0m> 			and l_shipdate between date '1995-01-01' and date '1996-12-31'
[32m(release)[0m> 	) as shipping
[32m(release)[0m> group by
[32m(release)[0m> 	supp_nation,
[32m(release)[0m> 	cust_nation,
[32m(release)[0m> 	l_year
[32m(release)[0m> order by
[32m(release)[0m> 	supp_nation,
[32m(release)[0m> 	cust_nation,
[32m(release)[0m> 	l_year;
VmRSS Change: 18446744073709551560 KB
===
4 rows total
Execution info: [PARSE: 89 µs 679 ns, SQL TRANSLATE: 0 ns, OPTIMIZE: 0 ns, LQP TRANSLATE: 58 µs 319 ns, EXECUTE: 163 ms 434 µs (wall time) | QUERY PLAN CACHE HITS: 1/1 statement(s)]
After reset, table use_count: 2
WARNING: Table still has 1 other owner(s) after pipeline reset!
Executing script file done
$:hsh mem_usage
------------------------------------------
Memory Usage Statistics:
VmSize:	215777316 kB
VmRSS:	77385144 kB
0: MemResourceStatus {MigratedColumnsAggregate,18446744073709551615,12610235929,10275988050,10275988050,0,0,N/A}
MemResourceStatus {NumaMonotonicResource,3,60000000000,0,0,0,1,0}
MemResourceStatus {NumaMonotonicResource,2,60000000000,3034944,754102400,19748752464,0,19748819616}
MemResourceStatus {NumaMonotonicResource,1,64000000000,1039541809,3685752717,18917318200,0,18917334131}
0: MemResourceStatus {MemManagerAggregate,18446744073709551615,124000000000,1042576753,4439855117,0,0,N/A}
1: MemResourceStatus {MemManagerAggregate,18446744073709551615,60000000000,0,0,0,1,N/A}
MemResourceStatus {DefaultResource,18446744073709551615,18446744073709551615,0,0,0,-1,N/A}
Quick Memory Usage Overview:
Used Capacity: 11318564803, 0
------------------------------------------
Label set to d60000000000_tf60000000000_q8
$:hsh clear_plan_caches
Cleared PQP and LQP caches
$:hsh clear_pipeline
Released last SQLPipeline
$:hsh reset_exec_pools
Reset execution pools (2, 3) bump pointers to start
$:hsh mem_usage
------------------------------------------
Memory Usage Statistics:
VmSize:	215777316 kB
VmRSS:	77385144 kB
0: MemResourceStatus {MigratedColumnsAggregate,18446744073709551615,12610235929,10275988050,10275988050,0,0,N/A}
MemResourceStatus {NumaMonotonicResource,3,60000000000,0,0,0,1,0}
MemResourceStatus {NumaMonotonicResource,2,60000000000,0,0,0,0,0}
MemResourceStatus {NumaMonotonicResource,1,64000000000,1039541809,3685752717,18917318200,0,18917334131}
0: MemResourceStatus {MemManagerAggregate,18446744073709551615,124000000000,1039541809,3685752717,0,0,N/A}
1: MemResourceStatus {MemManagerAggregate,18446744073709551615,60000000000,0,0,0,1,N/A}
MemResourceStatus {DefaultResource,18446744073709551615,18446744073709551615,0,0,0,-1,N/A}
Quick Memory Usage Overview:
Used Capacity: 11315529859, 0
------------------------------------------
Executing script file: /home/umeshsum/tpch_queries/8.sql
[32m(release)[0m> select
[32m(release)[0m> 	o_year,
[32m(release)[0m> 	sum(case
[32m(release)[0m> 		when nation = 'BRAZIL' then volume
[32m(release)[0m> 		else 0
[32m(release)[0m> 	end) / sum(volume) as mkt_share
[32m(release)[0m> from
[32m(release)[0m> 	(
[32m(release)[0m> 		select
[32m(release)[0m> 			extract(year from o_orderdate) as o_year,
[32m(release)[0m> 			l_extendedprice * (1 - l_discount) as volume,
[32m(release)[0m> 			n2.n_name as nation
[32m(release)[0m> 		from
[32m(release)[0m> 			part,
[32m(release)[0m> 			supplier,
[32m(release)[0m> 			lineitem,
[32m(release)[0m> 			orders,
[32m(release)[0m> 			customer,
[32m(release)[0m> 			nation n1,
[32m(release)[0m> 			nation n2,
[32m(release)[0m> 			region
[32m(release)[0m> 		where
[32m(release)[0m> 			p_partkey = l_partkey
[32m(release)[0m> 			and s_suppkey = l_suppkey
[32m(release)[0m> 			and l_orderkey = o_orderkey
[32m(release)[0m> 			and o_custkey = c_custkey
[32m(release)[0m> 			and c_nationkey = n1.n_nationkey
[32m(release)[0m> 			and n1.n_regionkey = r_regionkey
[32m(release)[0m> 			and r_name = 'AMERICA'
[32m(release)[0m> 			and s_nationkey = n2.n_nationkey
[32m(release)[0m> 			and o_orderdate between date '1995-01-01' and date '1996-12-31'
[32m(release)[0m> 			and p_type = 'ECONOMY ANODIZED STEEL'
[32m(release)[0m> 	) as all_nations
[32m(release)[0m> group by
[32m(release)[0m> 	o_year
[32m(release)[0m> order by
[32m(release)[0m> 	o_year;
VmRSS Change: 72 KB
===
2 rows total
Execution info: [PARSE: 87 µs 379 ns, SQL TRANSLATE: 396 µs 626 ns, OPTIMIZE: 11 ms 59 µs, LQP TRANSLATE: 366 µs 66 ns, EXECUTE: 99 ms 430 µs (wall time) | QUERY PLAN CACHE HITS: 0/1 statement(s)]
After reset, table use_count: 2
WARNING: Table still has 1 other owner(s) after pipeline reset!
Executing script file done
$:hsh mem_usage
------------------------------------------
Memory Usage Statistics:
VmSize:	215777316 kB
VmRSS:	77385220 kB
0: MemResourceStatus {MigratedColumnsAggregate,18446744073709551615,12610235929,10275988050,10275988050,0,0,N/A}
MemResourceStatus {NumaMonotonicResource,3,60000000000,0,0,0,1,0}
MemResourceStatus {NumaMonotonicResource,2,60000000000,721534,1321957246,1936031350,0,1936037808}
MemResourceStatus {NumaMonotonicResource,1,64000000000,1039541809,3685752717,18917318200,0,18917334131}
0: MemResourceStatus {MemManagerAggregate,18446744073709551615,124000000000,1040263343,5007709963,0,0,N/A}
1: MemResourceStatus {MemManagerAggregate,18446744073709551615,60000000000,0,0,0,1,N/A}
MemResourceStatus {DefaultResource,18446744073709551615,18446744073709551615,0,0,0,-1,N/A}
Quick Memory Usage Overview:
Used Capacity: 11316251393, 0
------------------------------------------
Executing script file: /home/umeshsum/tpch_queries/8.sql
[32m(release)[0m> select
[32m(release)[0m> 	o_year,
[32m(release)[0m> 	sum(case
[32m(release)[0m> 		when nation = 'BRAZIL' then volume
[32m(release)[0m> 		else 0
[32m(release)[0m> 	end) / sum(volume) as mkt_share
[32m(release)[0m> from
[32m(release)[0m> 	(
[32m(release)[0m> 		select
[32m(release)[0m> 			extract(year from o_orderdate) as o_year,
[32m(release)[0m> 			l_extendedprice * (1 - l_discount) as volume,
[32m(release)[0m> 			n2.n_name as nation
[32m(release)[0m> 		from
[32m(release)[0m> 			part,
[32m(release)[0m> 			supplier,
[32m(release)[0m> 			lineitem,
[32m(release)[0m> 			orders,
[32m(release)[0m> 			customer,
[32m(release)[0m> 			nation n1,
[32m(release)[0m> 			nation n2,
[32m(release)[0m> 			region
[32m(release)[0m> 		where
[32m(release)[0m> 			p_partkey = l_partkey
[32m(release)[0m> 			and s_suppkey = l_suppkey
[32m(release)[0m> 			and l_orderkey = o_orderkey
[32m(release)[0m> 			and o_custkey = c_custkey
[32m(release)[0m> 			and c_nationkey = n1.n_nationkey
[32m(release)[0m> 			and n1.n_regionkey = r_regionkey
[32m(release)[0m> 			and r_name = 'AMERICA'
[32m(release)[0m> 			and s_nationkey = n2.n_nationkey
[32m(release)[0m> 			and o_orderdate between date '1995-01-01' and date '1996-12-31'
[32m(release)[0m> 			and p_type = 'ECONOMY ANODIZED STEEL'
[32m(release)[0m> 	) as all_nations
[32m(release)[0m> group by
[32m(release)[0m> 	o_year
[32m(release)[0m> order by
[32m(release)[0m> 	o_year;
VmRSS Change: 18446744073709551368 KB
===
2 rows total
Execution info: [PARSE: 86 µs 719 ns, SQL TRANSLATE: 0 ns, OPTIMIZE: 0 ns, LQP TRANSLATE: 80 µs 480 ns, EXECUTE: 102 ms 651 µs (wall time) | QUERY PLAN CACHE HITS: 1/1 statement(s)]
After reset, table use_count: 2
WARNING: Table still has 1 other owner(s) after pipeline reset!
Executing script file done
$:hsh mem_usage
------------------------------------------
Memory Usage Statistics:
VmSize:	215777316 kB
VmRSS:	77384976 kB
0: MemResourceStatus {MigratedColumnsAggregate,18446744073709551615,12610235929,10275988050,10275988050,0,0,N/A}
MemResourceStatus {NumaMonotonicResource,3,60000000000,0,0,0,1,0}
MemResourceStatus {NumaMonotonicResource,2,60000000000,918173,1321957246,3871923522,0,3871936464}
MemResourceStatus {NumaMonotonicResource,1,64000000000,1039541809,3685752717,18917318200,0,18917334131}
0: MemResourceStatus {MemManagerAggregate,18446744073709551615,124000000000,1040459982,5007709963,0,0,N/A}
1: MemResourceStatus {MemManagerAggregate,18446744073709551615,60000000000,0,0,0,1,N/A}
MemResourceStatus {DefaultResource,18446744073709551615,18446744073709551615,0,0,0,-1,N/A}
Quick Memory Usage Overview:
Used Capacity: 11316448032, 0
------------------------------------------
Executing script file: /home/umeshsum/tpch_queries/8.sql
[32m(release)[0m> select
[32m(release)[0m> 	o_year,
[32m(release)[0m> 	sum(case
[32m(release)[0m> 		when nation = 'BRAZIL' then volume
[32m(release)[0m> 		else 0
[32m(release)[0m> 	end) / sum(volume) as mkt_share
[32m(release)[0m> from
[32m(release)[0m> 	(
[32m(release)[0m> 		select
[32m(release)[0m> 			extract(year from o_orderdate) as o_year,
[32m(release)[0m> 			l_extendedprice * (1 - l_discount) as volume,
[32m(release)[0m> 			n2.n_name as nation
[32m(release)[0m> 		from
[32m(release)[0m> 			part,
[32m(release)[0m> 			supplier,
[32m(release)[0m> 			lineitem,
[32m(release)[0m> 			orders,
[32m(release)[0m> 			customer,
[32m(release)[0m> 			nation n1,
[32m(release)[0m> 			nation n2,
[32m(release)[0m> 			region
[32m(release)[0m> 		where
[32m(release)[0m> 			p_partkey = l_partkey
[32m(release)[0m> 			and s_suppkey = l_suppkey
[32m(release)[0m> 			and l_orderkey = o_orderkey
[32m(release)[0m> 			and o_custkey = c_custkey
[32m(release)[0m> 			and c_nationkey = n1.n_nationkey
[32m(release)[0m> 			and n1.n_regionkey = r_regionkey
[32m(release)[0m> 			and r_name = 'AMERICA'
[32m(release)[0m> 			and s_nationkey = n2.n_nationkey
[32m(release)[0m> 			and o_orderdate between date '1995-01-01' and date '1996-12-31'
[32m(release)[0m> 			and p_type = 'ECONOMY ANODIZED STEEL'
[32m(release)[0m> 	) as all_nations
[32m(release)[0m> group by
[32m(release)[0m> 	o_year
[32m(release)[0m> order by
[32m(release)[0m> 	o_year;
VmRSS Change: 16 KB
===
2 rows total
Execution info: [PARSE: 84 µs 389 ns, SQL TRANSLATE: 0 ns, OPTIMIZE: 0 ns, LQP TRANSLATE: 56 µs 999 ns, EXECUTE: 105 ms 2 µs (wall time) | QUERY PLAN CACHE HITS: 1/1 statement(s)]
After reset, table use_count: 2
WARNING: Table still has 1 other owner(s) after pipeline reset!
Executing script file done
$:hsh mem_usage
------------------------------------------
Memory Usage Statistics:
VmSize:	215777316 kB
VmRSS:	77384992 kB
0: MemResourceStatus {MigratedColumnsAggregate,18446744073709551615,12610235929,10275988050,10275988050,0,0,N/A}
MemResourceStatus {NumaMonotonicResource,3,60000000000,0,0,0,1,0}
MemResourceStatus {NumaMonotonicResource,2,60000000000,918173,1332793849,5807949030,0,5807968448}
MemResourceStatus {NumaMonotonicResource,1,64000000000,1039541809,3685752717,18917318200,0,18917334131}
0: MemResourceStatus {MemManagerAggregate,18446744073709551615,124000000000,1040459982,5018546566,0,0,N/A}
1: MemResourceStatus {MemManagerAggregate,18446744073709551615,60000000000,0,0,0,1,N/A}
MemResourceStatus {DefaultResource,18446744073709551615,18446744073709551615,0,0,0,-1,N/A}
Quick Memory Usage Overview:
Used Capacity: 11316448032, 0
------------------------------------------
Executing script file: /home/umeshsum/tpch_queries/8.sql
[32m(release)[0m> select
[32m(release)[0m> 	o_year,
[32m(release)[0m> 	sum(case
[32m(release)[0m> 		when nation = 'BRAZIL' then volume
[32m(release)[0m> 		else 0
[32m(release)[0m> 	end) / sum(volume) as mkt_share
[32m(release)[0m> from
[32m(release)[0m> 	(
[32m(release)[0m> 		select
[32m(release)[0m> 			extract(year from o_orderdate) as o_year,
[32m(release)[0m> 			l_extendedprice * (1 - l_discount) as volume,
[32m(release)[0m> 			n2.n_name as nation
[32m(release)[0m> 		from
[32m(release)[0m> 			part,
[32m(release)[0m> 			supplier,
[32m(release)[0m> 			lineitem,
[32m(release)[0m> 			orders,
[32m(release)[0m> 			customer,
[32m(release)[0m> 			nation n1,
[32m(release)[0m> 			nation n2,
[32m(release)[0m> 			region
[32m(release)[0m> 		where
[32m(release)[0m> 			p_partkey = l_partkey
[32m(release)[0m> 			and s_suppkey = l_suppkey
[32m(release)[0m> 			and l_orderkey = o_orderkey
[32m(release)[0m> 			and o_custkey = c_custkey
[32m(release)[0m> 			and c_nationkey = n1.n_nationkey
[32m(release)[0m> 			and n1.n_regionkey = r_regionkey
[32m(release)[0m> 			and r_name = 'AMERICA'
[32m(release)[0m> 			and s_nationkey = n2.n_nationkey
[32m(release)[0m> 			and o_orderdate between date '1995-01-01' and date '1996-12-31'
[32m(release)[0m> 			and p_type = 'ECONOMY ANODIZED STEEL'
[32m(release)[0m> 	) as all_nations
[32m(release)[0m> group by
[32m(release)[0m> 	o_year
[32m(release)[0m> order by
[32m(release)[0m> 	o_year;
VmRSS Change: 4 KB
===
2 rows total
Execution info: [PARSE: 85 µs 819 ns, SQL TRANSLATE: 0 ns, OPTIMIZE: 0 ns, LQP TRANSLATE: 54 µs 249 ns, EXECUTE: 98 ms 875 µs (wall time) | QUERY PLAN CACHE HITS: 1/1 statement(s)]
After reset, table use_count: 2
WARNING: Table still has 1 other owner(s) after pipeline reset!
Executing script file done
$:hsh mem_usage
------------------------------------------
Memory Usage Statistics:
VmSize:	215777316 kB
VmRSS:	77384996 kB
0: MemResourceStatus {MigratedColumnsAggregate,18446744073709551615,12610235929,10275988050,10275988050,0,0,N/A}
MemResourceStatus {NumaMonotonicResource,3,60000000000,0,0,0,1,0}
MemResourceStatus {NumaMonotonicResource,2,60000000000,918173,1347314941,7743841202,0,7743867088}
MemResourceStatus {NumaMonotonicResource,1,64000000000,1039541809,3685752717,18917318200,0,18917334131}
0: MemResourceStatus {MemManagerAggregate,18446744073709551615,124000000000,1040459982,5033067658,0,0,N/A}
1: MemResourceStatus {MemManagerAggregate,18446744073709551615,60000000000,0,0,0,1,N/A}
MemResourceStatus {DefaultResource,18446744073709551615,18446744073709551615,0,0,0,-1,N/A}
Quick Memory Usage Overview:
Used Capacity: 11316448032, 0
------------------------------------------
Executing script file: /home/umeshsum/tpch_queries/8.sql
[32m(release)[0m> select
[32m(release)[0m> 	o_year,
[32m(release)[0m> 	sum(case
[32m(release)[0m> 		when nation = 'BRAZIL' then volume
[32m(release)[0m> 		else 0
[32m(release)[0m> 	end) / sum(volume) as mkt_share
[32m(release)[0m> from
[32m(release)[0m> 	(
[32m(release)[0m> 		select
[32m(release)[0m> 			extract(year from o_orderdate) as o_year,
[32m(release)[0m> 			l_extendedprice * (1 - l_discount) as volume,
[32m(release)[0m> 			n2.n_name as nation
[32m(release)[0m> 		from
[32m(release)[0m> 			part,
[32m(release)[0m> 			supplier,
[32m(release)[0m> 			lineitem,
[32m(release)[0m> 			orders,
[32m(release)[0m> 			customer,
[32m(release)[0m> 			nation n1,
[32m(release)[0m> 			nation n2,
[32m(release)[0m> 			region
[32m(release)[0m> 		where
[32m(release)[0m> 			p_partkey = l_partkey
[32m(release)[0m> 			and s_suppkey = l_suppkey
[32m(release)[0m> 			and l_orderkey = o_orderkey
[32m(release)[0m> 			and o_custkey = c_custkey
[32m(release)[0m> 			and c_nationkey = n1.n_nationkey
[32m(release)[0m> 			and n1.n_regionkey = r_regionkey
[32m(release)[0m> 			and r_name = 'AMERICA'
[32m(release)[0m> 			and s_nationkey = n2.n_nationkey
[32m(release)[0m> 			and o_orderdate between date '1995-01-01' and date '1996-12-31'
[32m(release)[0m> 			and p_type = 'ECONOMY ANODIZED STEEL'
[32m(release)[0m> 	) as all_nations
[32m(release)[0m> group by
[32m(release)[0m> 	o_year
[32m(release)[0m> order by
[32m(release)[0m> 	o_year;
VmRSS Change: 4 KB
===
2 rows total
Execution info: [PARSE: 82 µs 729 ns, SQL TRANSLATE: 0 ns, OPTIMIZE: 0 ns, LQP TRANSLATE: 57 µs 709 ns, EXECUTE: 100 ms 751 µs (wall time) | QUERY PLAN CACHE HITS: 1/1 statement(s)]
After reset, table use_count: 2
WARNING: Table still has 1 other owner(s) after pipeline reset!
Executing script file done
$:hsh mem_usage
------------------------------------------
Memory Usage Statistics:
VmSize:	215777316 kB
VmRSS:	77385000 kB
0: MemResourceStatus {MigratedColumnsAggregate,18446744073709551615,12610235929,10275988050,10275988050,0,0,N/A}
MemResourceStatus {NumaMonotonicResource,3,60000000000,0,0,0,1,0}
MemResourceStatus {NumaMonotonicResource,2,60000000000,918173,1347314941,9679866710,0,9679899024}
MemResourceStatus {NumaMonotonicResource,1,64000000000,1039541809,3685752717,18917318200,0,18917334131}
0: MemResourceStatus {MemManagerAggregate,18446744073709551615,124000000000,1040459982,5033067658,0,0,N/A}
1: MemResourceStatus {MemManagerAggregate,18446744073709551615,60000000000,0,0,0,1,N/A}
MemResourceStatus {DefaultResource,18446744073709551615,18446744073709551615,0,0,0,-1,N/A}
Quick Memory Usage Overview:
Used Capacity: 11316448032, 0
------------------------------------------
Executing script file: /home/umeshsum/tpch_queries/8.sql
[32m(release)[0m> select
[32m(release)[0m> 	o_year,
[32m(release)[0m> 	sum(case
[32m(release)[0m> 		when nation = 'BRAZIL' then volume
[32m(release)[0m> 		else 0
[32m(release)[0m> 	end) / sum(volume) as mkt_share
[32m(release)[0m> from
[32m(release)[0m> 	(
[32m(release)[0m> 		select
[32m(release)[0m> 			extract(year from o_orderdate) as o_year,
[32m(release)[0m> 			l_extendedprice * (1 - l_discount) as volume,
[32m(release)[0m> 			n2.n_name as nation
[32m(release)[0m> 		from
[32m(release)[0m> 			part,
[32m(release)[0m> 			supplier,
[32m(release)[0m> 			lineitem,
[32m(release)[0m> 			orders,
[32m(release)[0m> 			customer,
[32m(release)[0m> 			nation n1,
[32m(release)[0m> 			nation n2,
[32m(release)[0m> 			region
[32m(release)[0m> 		where
[32m(release)[0m> 			p_partkey = l_partkey
[32m(release)[0m> 			and s_suppkey = l_suppkey
[32m(release)[0m> 			and l_orderkey = o_orderkey
[32m(release)[0m> 			and o_custkey = c_custkey
[32m(release)[0m> 			and c_nationkey = n1.n_nationkey
[32m(release)[0m> 			and n1.n_regionkey = r_regionkey
[32m(release)[0m> 			and r_name = 'AMERICA'
[32m(release)[0m> 			and s_nationkey = n2.n_nationkey
[32m(release)[0m> 			and o_orderdate between date '1995-01-01' and date '1996-12-31'
[32m(release)[0m> 			and p_type = 'ECONOMY ANODIZED STEEL'
[32m(release)[0m> 	) as all_nations
[32m(release)[0m> group by
[32m(release)[0m> 	o_year
[32m(release)[0m> order by
[32m(release)[0m> 	o_year;
VmRSS Change: 18446744073709551368 KB
===
2 rows total
Execution info: [PARSE: 83 µs 469 ns, SQL TRANSLATE: 0 ns, OPTIMIZE: 0 ns, LQP TRANSLATE: 59 µs 219 ns, EXECUTE: 104 ms 162 µs (wall time) | QUERY PLAN CACHE HITS: 1/1 statement(s)]
After reset, table use_count: 2
WARNING: Table still has 1 other owner(s) after pipeline reset!
Executing script file done
$:hsh mem_usage
------------------------------------------
Memory Usage Statistics:
VmSize:	215777316 kB
VmRSS:	77384752 kB
0: MemResourceStatus {MigratedColumnsAggregate,18446744073709551615,12610235929,10275988050,10275988050,0,0,N/A}
MemResourceStatus {NumaMonotonicResource,3,60000000000,0,0,0,1,0}
MemResourceStatus {NumaMonotonicResource,2,60000000000,918173,1360500185,11615892218,0,11615931008}
MemResourceStatus {NumaMonotonicResource,1,64000000000,1039541809,3685752717,18917318200,0,18917334131}
0: MemResourceStatus {MemManagerAggregate,18446744073709551615,124000000000,1040459982,5046252902,0,0,N/A}
1: MemResourceStatus {MemManagerAggregate,18446744073709551615,60000000000,0,0,0,1,N/A}
MemResourceStatus {DefaultResource,18446744073709551615,18446744073709551615,0,0,0,-1,N/A}
Quick Memory Usage Overview:
Used Capacity: 11316448032, 0
------------------------------------------
Executing script file: /home/umeshsum/tpch_queries/8.sql
[32m(release)[0m> select
[32m(release)[0m> 	o_year,
[32m(release)[0m> 	sum(case
[32m(release)[0m> 		when nation = 'BRAZIL' then volume
[32m(release)[0m> 		else 0
[32m(release)[0m> 	end) / sum(volume) as mkt_share
[32m(release)[0m> from
[32m(release)[0m> 	(
[32m(release)[0m> 		select
[32m(release)[0m> 			extract(year from o_orderdate) as o_year,
[32m(release)[0m> 			l_extendedprice * (1 - l_discount) as volume,
[32m(release)[0m> 			n2.n_name as nation
[32m(release)[0m> 		from
[32m(release)[0m> 			part,
[32m(release)[0m> 			supplier,
[32m(release)[0m> 			lineitem,
[32m(release)[0m> 			orders,
[32m(release)[0m> 			customer,
[32m(release)[0m> 			nation n1,
[32m(release)[0m> 			nation n2,
[32m(release)[0m> 			region
[32m(release)[0m> 		where
[32m(release)[0m> 			p_partkey = l_partkey
[32m(release)[0m> 			and s_suppkey = l_suppkey
[32m(release)[0m> 			and l_orderkey = o_orderkey
[32m(release)[0m> 			and o_custkey = c_custkey
[32m(release)[0m> 			and c_nationkey = n1.n_nationkey
[32m(release)[0m> 			and n1.n_regionkey = r_regionkey
[32m(release)[0m> 			and r_name = 'AMERICA'
[32m(release)[0m> 			and s_nationkey = n2.n_nationkey
[32m(release)[0m> 			and o_orderdate between date '1995-01-01' and date '1996-12-31'
[32m(release)[0m> 			and p_type = 'ECONOMY ANODIZED STEEL'
[32m(release)[0m> 	) as all_nations
[32m(release)[0m> group by
[32m(release)[0m> 	o_year
[32m(release)[0m> order by
[32m(release)[0m> 	o_year;
VmRSS Change: 60 KB
===
2 rows total
Execution info: [PARSE: 81 µs 249 ns, SQL TRANSLATE: 0 ns, OPTIMIZE: 0 ns, LQP TRANSLATE: 58 µs 399 ns, EXECUTE: 101 ms 134 µs (wall time) | QUERY PLAN CACHE HITS: 1/1 statement(s)]
After reset, table use_count: 2
WARNING: Table still has 1 other owner(s) after pipeline reset!
Executing script file done
$:hsh mem_usage
------------------------------------------
Memory Usage Statistics:
VmSize:	215777316 kB
VmRSS:	77384812 kB
0: MemResourceStatus {MigratedColumnsAggregate,18446744073709551615,12610235929,10275988050,10275988050,0,0,N/A}
MemResourceStatus {NumaMonotonicResource,3,60000000000,0,0,0,1,0}
MemResourceStatus {NumaMonotonicResource,2,60000000000,918173,1360500185,13551917726,0,13551962992}
MemResourceStatus {NumaMonotonicResource,1,64000000000,1039541809,3685752717,18917318200,0,18917334131}
0: MemResourceStatus {MemManagerAggregate,18446744073709551615,124000000000,1040459982,5046252902,0,0,N/A}
1: MemResourceStatus {MemManagerAggregate,18446744073709551615,60000000000,0,0,0,1,N/A}
MemResourceStatus {DefaultResource,18446744073709551615,18446744073709551615,0,0,0,-1,N/A}
Quick Memory Usage Overview:
Used Capacity: 11316448032, 0
------------------------------------------
Executing script file: /home/umeshsum/tpch_queries/8.sql
[32m(release)[0m> select
[32m(release)[0m> 	o_year,
[32m(release)[0m> 	sum(case
[32m(release)[0m> 		when nation = 'BRAZIL' then volume
[32m(release)[0m> 		else 0
[32m(release)[0m> 	end) / sum(volume) as mkt_share
[32m(release)[0m> from
[32m(release)[0m> 	(
[32m(release)[0m> 		select
[32m(release)[0m> 			extract(year from o_orderdate) as o_year,
[32m(release)[0m> 			l_extendedprice * (1 - l_discount) as volume,
[32m(release)[0m> 			n2.n_name as nation
[32m(release)[0m> 		from
[32m(release)[0m> 			part,
[32m(release)[0m> 			supplier,
[32m(release)[0m> 			lineitem,
[32m(release)[0m> 			orders,
[32m(release)[0m> 			customer,
[32m(release)[0m> 			nation n1,
[32m(release)[0m> 			nation n2,
[32m(release)[0m> 			region
[32m(release)[0m> 		where
[32m(release)[0m> 			p_partkey = l_partkey
[32m(release)[0m> 			and s_suppkey = l_suppkey
[32m(release)[0m> 			and l_orderkey = o_orderkey
[32m(release)[0m> 			and o_custkey = c_custkey
[32m(release)[0m> 			and c_nationkey = n1.n_nationkey
[32m(release)[0m> 			and n1.n_regionkey = r_regionkey
[32m(release)[0m> 			and r_name = 'AMERICA'
[32m(release)[0m> 			and s_nationkey = n2.n_nationkey
[32m(release)[0m> 			and o_orderdate between date '1995-01-01' and date '1996-12-31'
[32m(release)[0m> 			and p_type = 'ECONOMY ANODIZED STEEL'
[32m(release)[0m> 	) as all_nations
[32m(release)[0m> group by
[32m(release)[0m> 	o_year
[32m(release)[0m> order by
[32m(release)[0m> 	o_year;
VmRSS Change: 18446744073709551600 KB
===
2 rows total
Execution info: [PARSE: 82 µs 479 ns, SQL TRANSLATE: 0 ns, OPTIMIZE: 0 ns, LQP TRANSLATE: 53 µs 660 ns, EXECUTE: 104 ms 818 µs (wall time) | QUERY PLAN CACHE HITS: 1/1 statement(s)]
After reset, table use_count: 2
WARNING: Table still has 1 other owner(s) after pipeline reset!
Executing script file done
$:hsh mem_usage
------------------------------------------
Memory Usage Statistics:
VmSize:	215777316 kB
VmRSS:	77384796 kB
0: MemResourceStatus {MigratedColumnsAggregate,18446744073709551615,12610235929,10275988050,10275988050,0,0,N/A}
MemResourceStatus {NumaMonotonicResource,3,60000000000,0,0,0,1,0}
MemResourceStatus {NumaMonotonicResource,2,60000000000,918173,1360500185,15487943234,0,15487994976}
MemResourceStatus {NumaMonotonicResource,1,64000000000,1039541809,3685752717,18917318200,0,18917334131}
0: MemResourceStatus {MemManagerAggregate,18446744073709551615,124000000000,1040459982,5046252902,0,0,N/A}
1: MemResourceStatus {MemManagerAggregate,18446744073709551615,60000000000,0,0,0,1,N/A}
MemResourceStatus {DefaultResource,18446744073709551615,18446744073709551615,0,0,0,-1,N/A}
Quick Memory Usage Overview:
Used Capacity: 11316448032, 0
------------------------------------------
Executing script file: /home/umeshsum/tpch_queries/8.sql
[32m(release)[0m> select
[32m(release)[0m> 	o_year,
[32m(release)[0m> 	sum(case
[32m(release)[0m> 		when nation = 'BRAZIL' then volume
[32m(release)[0m> 		else 0
[32m(release)[0m> 	end) / sum(volume) as mkt_share
[32m(release)[0m> from
[32m(release)[0m> 	(
[32m(release)[0m> 		select
[32m(release)[0m> 			extract(year from o_orderdate) as o_year,
[32m(release)[0m> 			l_extendedprice * (1 - l_discount) as volume,
[32m(release)[0m> 			n2.n_name as nation
[32m(release)[0m> 		from
[32m(release)[0m> 			part,
[32m(release)[0m> 			supplier,
[32m(release)[0m> 			lineitem,
[32m(release)[0m> 			orders,
[32m(release)[0m> 			customer,
[32m(release)[0m> 			nation n1,
[32m(release)[0m> 			nation n2,
[32m(release)[0m> 			region
[32m(release)[0m> 		where
[32m(release)[0m> 			p_partkey = l_partkey
[32m(release)[0m> 			and s_suppkey = l_suppkey
[32m(release)[0m> 			and l_orderkey = o_orderkey
[32m(release)[0m> 			and o_custkey = c_custkey
[32m(release)[0m> 			and c_nationkey = n1.n_nationkey
[32m(release)[0m> 			and n1.n_regionkey = r_regionkey
[32m(release)[0m> 			and r_name = 'AMERICA'
[32m(release)[0m> 			and s_nationkey = n2.n_nationkey
[32m(release)[0m> 			and o_orderdate between date '1995-01-01' and date '1996-12-31'
[32m(release)[0m> 			and p_type = 'ECONOMY ANODIZED STEEL'
[32m(release)[0m> 	) as all_nations
[32m(release)[0m> group by
[32m(release)[0m> 	o_year
[32m(release)[0m> order by
[32m(release)[0m> 	o_year;
VmRSS Change: 4 KB
===
2 rows total
Execution info: [PARSE: 96 µs 299 ns, SQL TRANSLATE: 0 ns, OPTIMIZE: 0 ns, LQP TRANSLATE: 62 µs 660 ns, EXECUTE: 101 ms 179 µs (wall time) | QUERY PLAN CACHE HITS: 1/1 statement(s)]
After reset, table use_count: 2
WARNING: Table still has 1 other owner(s) after pipeline reset!
Executing script file done
$:hsh mem_usage
------------------------------------------
Memory Usage Statistics:
VmSize:	215777316 kB
VmRSS:	77384800 kB
0: MemResourceStatus {MigratedColumnsAggregate,18446744073709551615,12610235929,10275988050,10275988050,0,0,N/A}
MemResourceStatus {NumaMonotonicResource,3,60000000000,0,0,0,1,0}
MemResourceStatus {NumaMonotonicResource,2,60000000000,918173,1360500185,17423968742,0,17424026944}
MemResourceStatus {NumaMonotonicResource,1,64000000000,1039541809,3685752717,18917318200,0,18917334131}
0: MemResourceStatus {MemManagerAggregate,18446744073709551615,124000000000,1040459982,5046252902,0,0,N/A}
1: MemResourceStatus {MemManagerAggregate,18446744073709551615,60000000000,0,0,0,1,N/A}
MemResourceStatus {DefaultResource,18446744073709551615,18446744073709551615,0,0,0,-1,N/A}
Quick Memory Usage Overview:
Used Capacity: 11316448032, 0
------------------------------------------
Executing script file: /home/umeshsum/tpch_queries/8.sql
[32m(release)[0m> select
[32m(release)[0m> 	o_year,
[32m(release)[0m> 	sum(case
[32m(release)[0m> 		when nation = 'BRAZIL' then volume
[32m(release)[0m> 		else 0
[32m(release)[0m> 	end) / sum(volume) as mkt_share
[32m(release)[0m> from
[32m(release)[0m> 	(
[32m(release)[0m> 		select
[32m(release)[0m> 			extract(year from o_orderdate) as o_year,
[32m(release)[0m> 			l_extendedprice * (1 - l_discount) as volume,
[32m(release)[0m> 			n2.n_name as nation
[32m(release)[0m> 		from
[32m(release)[0m> 			part,
[32m(release)[0m> 			supplier,
[32m(release)[0m> 			lineitem,
[32m(release)[0m> 			orders,
[32m(release)[0m> 			customer,
[32m(release)[0m> 			nation n1,
[32m(release)[0m> 			nation n2,
[32m(release)[0m> 			region
[32m(release)[0m> 		where
[32m(release)[0m> 			p_partkey = l_partkey
[32m(release)[0m> 			and s_suppkey = l_suppkey
[32m(release)[0m> 			and l_orderkey = o_orderkey
[32m(release)[0m> 			and o_custkey = c_custkey
[32m(release)[0m> 			and c_nationkey = n1.n_nationkey
[32m(release)[0m> 			and n1.n_regionkey = r_regionkey
[32m(release)[0m> 			and r_name = 'AMERICA'
[32m(release)[0m> 			and s_nationkey = n2.n_nationkey
[32m(release)[0m> 			and o_orderdate between date '1995-01-01' and date '1996-12-31'
[32m(release)[0m> 			and p_type = 'ECONOMY ANODIZED STEEL'
[32m(release)[0m> 	) as all_nations
[32m(release)[0m> group by
[32m(release)[0m> 	o_year
[32m(release)[0m> order by
[32m(release)[0m> 	o_year;
VmRSS Change: 0 KB
===
2 rows total
Execution info: [PARSE: 86 µs 319 ns, SQL TRANSLATE: 0 ns, OPTIMIZE: 0 ns, LQP TRANSLATE: 58 µs 279 ns, EXECUTE: 100 ms 757 µs (wall time) | QUERY PLAN CACHE HITS: 1/1 statement(s)]
After reset, table use_count: 2
WARNING: Table still has 1 other owner(s) after pipeline reset!
Executing script file done
$:hsh mem_usage
------------------------------------------
Memory Usage Statistics:
VmSize:	215777316 kB
VmRSS:	77384800 kB
0: MemResourceStatus {MigratedColumnsAggregate,18446744073709551615,12610235929,10275988050,10275988050,0,0,N/A}
MemResourceStatus {NumaMonotonicResource,3,60000000000,0,0,0,1,0}
MemResourceStatus {NumaMonotonicResource,2,60000000000,918173,1360500185,19359994250,0,19360058912}
MemResourceStatus {NumaMonotonicResource,1,64000000000,1039541809,3685752717,18917318200,0,18917334131}
0: MemResourceStatus {MemManagerAggregate,18446744073709551615,124000000000,1040459982,5046252902,0,0,N/A}
1: MemResourceStatus {MemManagerAggregate,18446744073709551615,60000000000,0,0,0,1,N/A}
MemResourceStatus {DefaultResource,18446744073709551615,18446744073709551615,0,0,0,-1,N/A}
Quick Memory Usage Overview:
Used Capacity: 11316448032, 0
------------------------------------------
Label set to d60000000000_tf60000000000_q9
$:hsh clear_plan_caches
Cleared PQP and LQP caches
$:hsh clear_pipeline
Released last SQLPipeline
$:hsh reset_exec_pools
Reset execution pools (2, 3) bump pointers to start
$:hsh mem_usage
------------------------------------------
Memory Usage Statistics:
VmSize:	215777316 kB
VmRSS:	77384800 kB
0: MemResourceStatus {MigratedColumnsAggregate,18446744073709551615,12610235929,10275988050,10275988050,0,0,N/A}
MemResourceStatus {NumaMonotonicResource,3,60000000000,0,0,0,1,0}
MemResourceStatus {NumaMonotonicResource,2,60000000000,0,0,0,0,0}
MemResourceStatus {NumaMonotonicResource,1,64000000000,1039541809,3685752717,18917318200,0,18917334131}
0: MemResourceStatus {MemManagerAggregate,18446744073709551615,124000000000,1039541809,3685752717,0,0,N/A}
1: MemResourceStatus {MemManagerAggregate,18446744073709551615,60000000000,0,0,0,1,N/A}
MemResourceStatus {DefaultResource,18446744073709551615,18446744073709551615,0,0,0,-1,N/A}
Quick Memory Usage Overview:
Used Capacity: 11315529859, 0
------------------------------------------
Executing script file: /home/umeshsum/tpch_queries/9.sql
[32m(release)[0m> select
[32m(release)[0m> 	nation,
[32m(release)[0m> 	o_year,
[32m(release)[0m> 	sum(amount) as sum_profit
[32m(release)[0m> from
[32m(release)[0m> 	(
[32m(release)[0m> 		select
[32m(release)[0m> 			n_name as nation,
[32m(release)[0m> 			extract(year from o_orderdate) as o_year,
[32m(release)[0m> 			l_extendedprice * (1 - l_discount) - ps_supplycost * l_quantity as amount
[32m(release)[0m> 		from
[32m(release)[0m> 			part,
[32m(release)[0m> 			supplier,
[32m(release)[0m> 			lineitem,
[32m(release)[0m> 			partsupp,
[32m(release)[0m> 			orders,
[32m(release)[0m> 			nation
[32m(release)[0m> 		where
[32m(release)[0m> 			s_suppkey = l_suppkey
[32m(release)[0m> 			and ps_suppkey = l_suppkey
[32m(release)[0m> 			and ps_partkey = l_partkey
[32m(release)[0m> 			and p_partkey = l_partkey
[32m(release)[0m> 			and o_orderkey = l_orderkey
[32m(release)[0m> 			and s_nationkey = n_nationkey
[32m(release)[0m> 			and p_name like '%green%'
[32m(release)[0m> 	) as profit
[32m(release)[0m> group by
[32m(release)[0m> 	nation,
[32m(release)[0m> 	o_year
[32m(release)[0m> order by
[32m(release)[0m> 	nation,
[32m(release)[0m> 	o_year desc;
VmRSS Change: 18446744073709551396 KB
===
175 rows total
Execution info: [PARSE: 64 µs 169 ns, SQL TRANSLATE: 294 µs 486 ns, OPTIMIZE: 19 ms 89 µs, LQP TRANSLATE: 241 µs 587 ns, EXECUTE: 1 s 317 ms (wall time) | QUERY PLAN CACHE HITS: 0/1 statement(s)]
After reset, table use_count: 2
WARNING: Table still has 1 other owner(s) after pipeline reset!
Executing script file done
$:hsh mem_usage
------------------------------------------
Memory Usage Statistics:
VmSize:	215777316 kB
VmRSS:	77384672 kB
0: MemResourceStatus {MigratedColumnsAggregate,18446744073709551615,12610235929,10275988050,10275988050,0,0,N/A}
MemResourceStatus {NumaMonotonicResource,3,60000000000,0,0,0,1,0}
MemResourceStatus {NumaMonotonicResource,2,60000000000,27673624,1205657328,5146231564,0,5146240888}
MemResourceStatus {NumaMonotonicResource,1,64000000000,1039541809,3685752717,18917318200,0,18917334131}
0: MemResourceStatus {MemManagerAggregate,18446744073709551615,124000000000,1067215433,4891410045,0,0,N/A}
1: MemResourceStatus {MemManagerAggregate,18446744073709551615,60000000000,0,0,0,1,N/A}
MemResourceStatus {DefaultResource,18446744073709551615,18446744073709551615,0,0,0,-1,N/A}
Quick Memory Usage Overview:
Used Capacity: 11343203483, 0
------------------------------------------
Executing script file: /home/umeshsum/tpch_queries/9.sql
[32m(release)[0m> select
[32m(release)[0m> 	nation,
[32m(release)[0m> 	o_year,
[32m(release)[0m> 	sum(amount) as sum_profit
[32m(release)[0m> from
[32m(release)[0m> 	(
[32m(release)[0m> 		select
[32m(release)[0m> 			n_name as nation,
[32m(release)[0m> 			extract(year from o_orderdate) as o_year,
[32m(release)[0m> 			l_extendedprice * (1 - l_discount) - ps_supplycost * l_quantity as amount
[32m(release)[0m> 		from
[32m(release)[0m> 			part,
[32m(release)[0m> 			supplier,
[32m(release)[0m> 			lineitem,
[32m(release)[0m> 			partsupp,
[32m(release)[0m> 			orders,
[32m(release)[0m> 			nation
[32m(release)[0m> 		where
[32m(release)[0m> 			s_suppkey = l_suppkey
[32m(release)[0m> 			and ps_suppkey = l_suppkey
[32m(release)[0m> 			and ps_partkey = l_partkey
[32m(release)[0m> 			and p_partkey = l_partkey
[32m(release)[0m> 			and o_orderkey = l_orderkey
[32m(release)[0m> 			and s_nationkey = n_nationkey
[32m(release)[0m> 			and p_name like '%green%'
[32m(release)[0m> 	) as profit
[32m(release)[0m> group by
[32m(release)[0m> 	nation,
[32m(release)[0m> 	o_year
[32m(release)[0m> order by
[32m(release)[0m> 	nation,
[32m(release)[0m> 	o_year desc;
VmRSS Change: 18446744073709550332 KB
===
175 rows total
Execution info: [PARSE: 82 µs 389 ns, SQL TRANSLATE: 0 ns, OPTIMIZE: 0 ns, LQP TRANSLATE: 70 µs 960 ns, EXECUTE: 1 s 312 ms (wall time) | QUERY PLAN CACHE HITS: 1/1 statement(s)]
After reset, table use_count: 2
WARNING: Table still has 1 other owner(s) after pipeline reset!
Executing script file done
$:hsh mem_usage
------------------------------------------
Memory Usage Statistics:
VmSize:	215777316 kB
VmRSS:	77383388 kB
0: MemResourceStatus {MigratedColumnsAggregate,18446744073709551615,12610235929,10275988050,10275988050,0,0,N/A}
MemResourceStatus {NumaMonotonicResource,3,60000000000,0,0,0,1,0}
MemResourceStatus {NumaMonotonicResource,2,60000000000,53773768,1231716512,10292463128,0,10292481928}
MemResourceStatus {NumaMonotonicResource,1,64000000000,1039541809,3685752717,18917318200,0,18917334131}
0: MemResourceStatus {MemManagerAggregate,18446744073709551615,124000000000,1093315577,4917469229,0,0,N/A}
1: MemResourceStatus {MemManagerAggregate,18446744073709551615,60000000000,0,0,0,1,N/A}
MemResourceStatus {DefaultResource,18446744073709551615,18446744073709551615,0,0,0,-1,N/A}
Quick Memory Usage Overview:
Used Capacity: 11369303627, 0
------------------------------------------
Executing script file: /home/umeshsum/tpch_queries/9.sql
[32m(release)[0m> select
[32m(release)[0m> 	nation,
[32m(release)[0m> 	o_year,
[32m(release)[0m> 	sum(amount) as sum_profit
[32m(release)[0m> from
[32m(release)[0m> 	(
[32m(release)[0m> 		select
[32m(release)[0m> 			n_name as nation,
[32m(release)[0m> 			extract(year from o_orderdate) as o_year,
[32m(release)[0m> 			l_extendedprice * (1 - l_discount) - ps_supplycost * l_quantity as amount
[32m(release)[0m> 		from
[32m(release)[0m> 			part,
[32m(release)[0m> 			supplier,
[32m(release)[0m> 			lineitem,
[32m(release)[0m> 			partsupp,
[32m(release)[0m> 			orders,
[32m(release)[0m> 			nation
[32m(release)[0m> 		where
[32m(release)[0m> 			s_suppkey = l_suppkey
[32m(release)[0m> 			and ps_suppkey = l_suppkey
[32m(release)[0m> 			and ps_partkey = l_partkey
[32m(release)[0m> 			and p_partkey = l_partkey
[32m(release)[0m> 			and o_orderkey = l_orderkey
[32m(release)[0m> 			and s_nationkey = n_nationkey
[32m(release)[0m> 			and p_name like '%green%'
[32m(release)[0m> 	) as profit
[32m(release)[0m> group by
[32m(release)[0m> 	nation,
[32m(release)[0m> 	o_year
[32m(release)[0m> order by
[32m(release)[0m> 	nation,
[32m(release)[0m> 	o_year desc;
VmRSS Change: 18446744073709550232 KB
===
175 rows total
Execution info: [PARSE: 82 µs 849 ns, SQL TRANSLATE: 0 ns, OPTIMIZE: 0 ns, LQP TRANSLATE: 52 µs 679 ns, EXECUTE: 1 s 363 ms (wall time) | QUERY PLAN CACHE HITS: 1/1 statement(s)]
After reset, table use_count: 2
WARNING: Table still has 1 other owner(s) after pipeline reset!
Executing script file done
$:hsh mem_usage
------------------------------------------
Memory Usage Statistics:
VmSize:	215777316 kB
VmRSS:	77381948 kB
0: MemResourceStatus {MigratedColumnsAggregate,18446744073709551615,12610235929,10275988050,10275988050,0,0,N/A}
MemResourceStatus {NumaMonotonicResource,3,60000000000,0,0,0,1,0}
MemResourceStatus {NumaMonotonicResource,2,60000000000,53773768,1231716512,15438694692,0,15438722952}
MemResourceStatus {NumaMonotonicResource,1,64000000000,1039541809,3685752717,18917318200,0,18917334131}
0: MemResourceStatus {MemManagerAggregate,18446744073709551615,124000000000,1093315577,4917469229,0,0,N/A}
1: MemResourceStatus {MemManagerAggregate,18446744073709551615,60000000000,0,0,0,1,N/A}
MemResourceStatus {DefaultResource,18446744073709551615,18446744073709551615,0,0,0,-1,N/A}
Quick Memory Usage Overview:
Used Capacity: 11369303627, 0
------------------------------------------
Executing script file: /home/umeshsum/tpch_queries/9.sql
[32m(release)[0m> select
[32m(release)[0m> 	nation,
[32m(release)[0m> 	o_year,
[32m(release)[0m> 	sum(amount) as sum_profit
[32m(release)[0m> from
[32m(release)[0m> 	(
[32m(release)[0m> 		select
[32m(release)[0m> 			n_name as nation,
[32m(release)[0m> 			extract(year from o_orderdate) as o_year,
[32m(release)[0m> 			l_extendedprice * (1 - l_discount) - ps_supplycost * l_quantity as amount
[32m(release)[0m> 		from
[32m(release)[0m> 			part,
[32m(release)[0m> 			supplier,
[32m(release)[0m> 			lineitem,
[32m(release)[0m> 			partsupp,
[32m(release)[0m> 			orders,
[32m(release)[0m> 			nation
[32m(release)[0m> 		where
[32m(release)[0m> 			s_suppkey = l_suppkey
[32m(release)[0m> 			and ps_suppkey = l_suppkey
[32m(release)[0m> 			and ps_partkey = l_partkey
[32m(release)[0m> 			and p_partkey = l_partkey
[32m(release)[0m> 			and o_orderkey = l_orderkey
[32m(release)[0m> 			and s_nationkey = n_nationkey
[32m(release)[0m> 			and p_name like '%green%'
[32m(release)[0m> 	) as profit
[32m(release)[0m> group by
[32m(release)[0m> 	nation,
[32m(release)[0m> 	o_year
[32m(release)[0m> order by
[32m(release)[0m> 	nation,
[32m(release)[0m> 	o_year desc;
VmRSS Change: 18446744073709550488 KB
===
175 rows total
Execution info: [PARSE: 70 µs 570 ns, SQL TRANSLATE: 0 ns, OPTIMIZE: 0 ns, LQP TRANSLATE: 49 µs 259 ns, EXECUTE: 1 s 411 ms (wall time) | QUERY PLAN CACHE HITS: 1/1 statement(s)]
After reset, table use_count: 2
WARNING: Table still has 1 other owner(s) after pipeline reset!
Executing script file done
$:hsh mem_usage
------------------------------------------
Memory Usage Statistics:
VmSize:	215777316 kB
VmRSS:	77380820 kB
0: MemResourceStatus {MigratedColumnsAggregate,18446744073709551615,12610235929,10275988050,10275988050,0,0,N/A}
MemResourceStatus {NumaMonotonicResource,3,60000000000,0,0,0,1,0}
MemResourceStatus {NumaMonotonicResource,2,60000000000,53773768,1231716512,20584926256,0,20584963960}
MemResourceStatus {NumaMonotonicResource,1,64000000000,1039541809,3685752717,18917318200,0,18917334131}
0: MemResourceStatus {MemManagerAggregate,18446744073709551615,124000000000,1093315577,4917469229,0,0,N/A}
1: MemResourceStatus {MemManagerAggregate,18446744073709551615,60000000000,0,0,0,1,N/A}
MemResourceStatus {DefaultResource,18446744073709551615,18446744073709551615,0,0,0,-1,N/A}
Quick Memory Usage Overview:
Used Capacity: 11369303627, 0
------------------------------------------
Executing script file: /home/umeshsum/tpch_queries/9.sql
[32m(release)[0m> select
[32m(release)[0m> 	nation,
[32m(release)[0m> 	o_year,
[32m(release)[0m> 	sum(amount) as sum_profit
[32m(release)[0m> from
[32m(release)[0m> 	(
[32m(release)[0m> 		select
[32m(release)[0m> 			n_name as nation,
[32m(release)[0m> 			extract(year from o_orderdate) as o_year,
[32m(release)[0m> 			l_extendedprice * (1 - l_discount) - ps_supplycost * l_quantity as amount
[32m(release)[0m> 		from
[32m(release)[0m> 			part,
[32m(release)[0m> 			supplier,
[32m(release)[0m> 			lineitem,
[32m(release)[0m> 			partsupp,
[32m(release)[0m> 			orders,
[32m(release)[0m> 			nation
[32m(release)[0m> 		where
[32m(release)[0m> 			s_suppkey = l_suppkey
[32m(release)[0m> 			and ps_suppkey = l_suppkey
[32m(release)[0m> 			and ps_partkey = l_partkey
[32m(release)[0m> 			and p_partkey = l_partkey
[32m(release)[0m> 			and o_orderkey = l_orderkey
[32m(release)[0m> 			and s_nationkey = n_nationkey
[32m(release)[0m> 			and p_name like '%green%'
[32m(release)[0m> 	) as profit
[32m(release)[0m> group by
[32m(release)[0m> 	nation,
[32m(release)[0m> 	o_year
[32m(release)[0m> order by
[32m(release)[0m> 	nation,
[32m(release)[0m> 	o_year desc;
VmRSS Change: 18446744073709551272 KB
===
175 rows total
Execution info: [PARSE: 170 µs 428 ns, SQL TRANSLATE: 0 ns, OPTIMIZE: 0 ns, LQP TRANSLATE: 53 µs 210 ns, EXECUTE: 1 s 348 ms (wall time) | QUERY PLAN CACHE HITS: 1/1 statement(s)]
After reset, table use_count: 2
WARNING: Table still has 1 other owner(s) after pipeline reset!
Executing script file done
$:hsh mem_usage
------------------------------------------
Memory Usage Statistics:
VmSize:	215777316 kB
VmRSS:	77380360 kB
0: MemResourceStatus {MigratedColumnsAggregate,18446744073709551615,12610235929,10275988050,10275988050,0,0,N/A}
MemResourceStatus {NumaMonotonicResource,3,60000000000,0,0,0,1,0}
MemResourceStatus {NumaMonotonicResource,2,60000000000,53773768,1231716512,25731157820,0,25731204888}
MemResourceStatus {NumaMonotonicResource,1,64000000000,1039541809,3685752717,18917318200,0,18917334131}
0: MemResourceStatus {MemManagerAggregate,18446744073709551615,124000000000,1093315577,4917469229,0,0,N/A}
1: MemResourceStatus {MemManagerAggregate,18446744073709551615,60000000000,0,0,0,1,N/A}
MemResourceStatus {DefaultResource,18446744073709551615,18446744073709551615,0,0,0,-1,N/A}
Quick Memory Usage Overview:
Used Capacity: 11369303627, 0
------------------------------------------
Executing script file: /home/umeshsum/tpch_queries/9.sql
[32m(release)[0m> select
[32m(release)[0m> 	nation,
[32m(release)[0m> 	o_year,
[32m(release)[0m> 	sum(amount) as sum_profit
[32m(release)[0m> from
[32m(release)[0m> 	(
[32m(release)[0m> 		select
[32m(release)[0m> 			n_name as nation,
[32m(release)[0m> 			extract(year from o_orderdate) as o_year,
[32m(release)[0m> 			l_extendedprice * (1 - l_discount) - ps_supplycost * l_quantity as amount
[32m(release)[0m> 		from
[32m(release)[0m> 			part,
[32m(release)[0m> 			supplier,
[32m(release)[0m> 			lineitem,
[32m(release)[0m> 			partsupp,
[32m(release)[0m> 			orders,
[32m(release)[0m> 			nation
[32m(release)[0m> 		where
[32m(release)[0m> 			s_suppkey = l_suppkey
[32m(release)[0m> 			and ps_suppkey = l_suppkey
[32m(release)[0m> 			and ps_partkey = l_partkey
[32m(release)[0m> 			and p_partkey = l_partkey
[32m(release)[0m> 			and o_orderkey = l_orderkey
[32m(release)[0m> 			and s_nationkey = n_nationkey
[32m(release)[0m> 			and p_name like '%green%'
[32m(release)[0m> 	) as profit
[32m(release)[0m> group by
[32m(release)[0m> 	nation,
[32m(release)[0m> 	o_year
[32m(release)[0m> order by
[32m(release)[0m> 	nation,
[32m(release)[0m> 	o_year desc;
VmRSS Change: 18446744073709550980 KB
===
175 rows total
Execution info: [PARSE: 82 µs 619 ns, SQL TRANSLATE: 0 ns, OPTIMIZE: 0 ns, LQP TRANSLATE: 54 µs 700 ns, EXECUTE: 1 s 350 ms (wall time) | QUERY PLAN CACHE HITS: 1/1 statement(s)]
After reset, table use_count: 2
WARNING: Table still has 1 other owner(s) after pipeline reset!
Executing script file done
$:hsh mem_usage
------------------------------------------
Memory Usage Statistics:
VmSize:	215777316 kB
VmRSS:	77379724 kB
0: MemResourceStatus {MigratedColumnsAggregate,18446744073709551615,12610235929,10275988050,10275988050,0,0,N/A}
MemResourceStatus {NumaMonotonicResource,3,60000000000,0,0,0,1,0}
MemResourceStatus {NumaMonotonicResource,2,60000000000,53773768,1231782048,30877389384,0,30877445912}
MemResourceStatus {NumaMonotonicResource,1,64000000000,1039541809,3685752717,18917318200,0,18917334131}
0: MemResourceStatus {MemManagerAggregate,18446744073709551615,124000000000,1093315577,4917534765,0,0,N/A}
1: MemResourceStatus {MemManagerAggregate,18446744073709551615,60000000000,0,0,0,1,N/A}
MemResourceStatus {DefaultResource,18446744073709551615,18446744073709551615,0,0,0,-1,N/A}
Quick Memory Usage Overview:
Used Capacity: 11369303627, 0
------------------------------------------
Executing script file: /home/umeshsum/tpch_queries/9.sql
[32m(release)[0m> select
[32m(release)[0m> 	nation,
[32m(release)[0m> 	o_year,
[32m(release)[0m> 	sum(amount) as sum_profit
[32m(release)[0m> from
[32m(release)[0m> 	(
[32m(release)[0m> 		select
[32m(release)[0m> 			n_name as nation,
[32m(release)[0m> 			extract(year from o_orderdate) as o_year,
[32m(release)[0m> 			l_extendedprice * (1 - l_discount) - ps_supplycost * l_quantity as amount
[32m(release)[0m> 		from
[32m(release)[0m> 			part,
[32m(release)[0m> 			supplier,
[32m(release)[0m> 			lineitem,
[32m(release)[0m> 			partsupp,
[32m(release)[0m> 			orders,
[32m(release)[0m> 			nation
[32m(release)[0m> 		where
[32m(release)[0m> 			s_suppkey = l_suppkey
[32m(release)[0m> 			and ps_suppkey = l_suppkey
[32m(release)[0m> 			and ps_partkey = l_partkey
[32m(release)[0m> 			and p_partkey = l_partkey
[32m(release)[0m> 			and o_orderkey = l_orderkey
[32m(release)[0m> 			and s_nationkey = n_nationkey
[32m(release)[0m> 			and p_name like '%green%'
[32m(release)[0m> 	) as profit
[32m(release)[0m> group by
[32m(release)[0m> 	nation,
[32m(release)[0m> 	o_year
[32m(release)[0m> order by
[32m(release)[0m> 	nation,
[32m(release)[0m> 	o_year desc;
VmRSS Change: 3432 KB
===
175 rows total
Execution info: [PARSE: 72 µs 539 ns, SQL TRANSLATE: 0 ns, OPTIMIZE: 0 ns, LQP TRANSLATE: 45 µs 500 ns, EXECUTE: 1 s 350 ms (wall time) | QUERY PLAN CACHE HITS: 1/1 statement(s)]
After reset, table use_count: 2
WARNING: Table still has 1 other owner(s) after pipeline reset!
Executing script file done
$:hsh mem_usage
------------------------------------------
Memory Usage Statistics:
VmSize:	215777316 kB
VmRSS:	77383156 kB
0: MemResourceStatus {MigratedColumnsAggregate,18446744073709551615,12610235929,10275988050,10275988050,0,0,N/A}
MemResourceStatus {NumaMonotonicResource,3,60000000000,0,0,0,1,0}
MemResourceStatus {NumaMonotonicResource,2,60000000000,53773768,1231782048,36023620948,0,36023686872}
MemResourceStatus {NumaMonotonicResource,1,64000000000,1039541809,3685752717,18917318200,0,18917334131}
0: MemResourceStatus {MemManagerAggregate,18446744073709551615,124000000000,1093315577,4917534765,0,0,N/A}
1: MemResourceStatus {MemManagerAggregate,18446744073709551615,60000000000,0,0,0,1,N/A}
MemResourceStatus {DefaultResource,18446744073709551615,18446744073709551615,0,0,0,-1,N/A}
Quick Memory Usage Overview:
Used Capacity: 11369303627, 0
------------------------------------------
Executing script file: /home/umeshsum/tpch_queries/9.sql
[32m(release)[0m> select
[32m(release)[0m> 	nation,
[32m(release)[0m> 	o_year,
[32m(release)[0m> 	sum(amount) as sum_profit
[32m(release)[0m> from
[32m(release)[0m> 	(
[32m(release)[0m> 		select
[32m(release)[0m> 			n_name as nation,
[32m(release)[0m> 			extract(year from o_orderdate) as o_year,
[32m(release)[0m> 			l_extendedprice * (1 - l_discount) - ps_supplycost * l_quantity as amount
[32m(release)[0m> 		from
[32m(release)[0m> 			part,
[32m(release)[0m> 			supplier,
[32m(release)[0m> 			lineitem,
[32m(release)[0m> 			partsupp,
[32m(release)[0m> 			orders,
[32m(release)[0m> 			nation
[32m(release)[0m> 		where
[32m(release)[0m> 			s_suppkey = l_suppkey
[32m(release)[0m> 			and ps_suppkey = l_suppkey
[32m(release)[0m> 			and ps_partkey = l_partkey
[32m(release)[0m> 			and p_partkey = l_partkey
[32m(release)[0m> 			and o_orderkey = l_orderkey
[32m(release)[0m> 			and s_nationkey = n_nationkey
[32m(release)[0m> 			and p_name like '%green%'
[32m(release)[0m> 	) as profit
[32m(release)[0m> group by
[32m(release)[0m> 	nation,
[32m(release)[0m> 	o_year
[32m(release)[0m> order by
[32m(release)[0m> 	nation,
[32m(release)[0m> 	o_year desc;
VmRSS Change: 184 KB
===
175 rows total
Execution info: [PARSE: 92 µs 29 ns, SQL TRANSLATE: 0 ns, OPTIMIZE: 0 ns, LQP TRANSLATE: 55 µs 120 ns, EXECUTE: 1 s 313 ms (wall time) | QUERY PLAN CACHE HITS: 1/1 statement(s)]
After reset, table use_count: 2
WARNING: Table still has 1 other owner(s) after pipeline reset!
Executing script file done
$:hsh mem_usage
------------------------------------------
Memory Usage Statistics:
VmSize:	215777316 kB
VmRSS:	77383232 kB
0: MemResourceStatus {MigratedColumnsAggregate,18446744073709551615,12610235929,10275988050,10275988050,0,0,N/A}
MemResourceStatus {NumaMonotonicResource,3,60000000000,0,0,0,1,0}
MemResourceStatus {NumaMonotonicResource,2,60000000000,53773768,1231782048,41169852512,0,41169927848}
MemResourceStatus {NumaMonotonicResource,1,64000000000,1039541809,3685752717,18917318200,0,18917334131}
0: MemResourceStatus {MemManagerAggregate,18446744073709551615,124000000000,1093315577,4917534765,0,0,N/A}
1: MemResourceStatus {MemManagerAggregate,18446744073709551615,60000000000,0,0,0,1,N/A}
MemResourceStatus {DefaultResource,18446744073709551615,18446744073709551615,0,0,0,-1,N/A}
Quick Memory Usage Overview:
Used Capacity: 11369303627, 0
------------------------------------------
Executing script file: /home/umeshsum/tpch_queries/9.sql
[32m(release)[0m> select
[32m(release)[0m> 	nation,
[32m(release)[0m> 	o_year,
[32m(release)[0m> 	sum(amount) as sum_profit
[32m(release)[0m> from
[32m(release)[0m> 	(
[32m(release)[0m> 		select
[32m(release)[0m> 			n_name as nation,
[32m(release)[0m> 			extract(year from o_orderdate) as o_year,
[32m(release)[0m> 			l_extendedprice * (1 - l_discount) - ps_supplycost * l_quantity as amount
[32m(release)[0m> 		from
[32m(release)[0m> 			part,
[32m(release)[0m> 			supplier,
[32m(release)[0m> 			lineitem,
[32m(release)[0m> 			partsupp,
[32m(release)[0m> 			orders,
[32m(release)[0m> 			nation
[32m(release)[0m> 		where
[32m(release)[0m> 			s_suppkey = l_suppkey
[32m(release)[0m> 			and ps_suppkey = l_suppkey
[32m(release)[0m> 			and ps_partkey = l_partkey
[32m(release)[0m> 			and p_partkey = l_partkey
[32m(release)[0m> 			and o_orderkey = l_orderkey
[32m(release)[0m> 			and s_nationkey = n_nationkey
[32m(release)[0m> 			and p_name like '%green%'
[32m(release)[0m> 	) as profit
[32m(release)[0m> group by
[32m(release)[0m> 	nation,
[32m(release)[0m> 	o_year
[32m(release)[0m> order by
[32m(release)[0m> 	nation,
[32m(release)[0m> 	o_year desc;
VmRSS Change: 18446744073709551364 KB
===
175 rows total
Execution info: [PARSE: 77 µs 639 ns, SQL TRANSLATE: 0 ns, OPTIMIZE: 0 ns, LQP TRANSLATE: 54 µs 50 ns, EXECUTE: 1 s 361 ms (wall time) | QUERY PLAN CACHE HITS: 1/1 statement(s)]
After reset, table use_count: 2
WARNING: Table still has 1 other owner(s) after pipeline reset!
Executing script file done
$:hsh mem_usage
------------------------------------------
Memory Usage Statistics:
VmSize:	215777316 kB
VmRSS:	77382980 kB
0: MemResourceStatus {MigratedColumnsAggregate,18446744073709551615,12610235929,10275988050,10275988050,0,0,N/A}
MemResourceStatus {NumaMonotonicResource,3,60000000000,0,0,0,1,0}
MemResourceStatus {NumaMonotonicResource,2,60000000000,53773768,1231798432,46316084076,0,46316168776}
MemResourceStatus {NumaMonotonicResource,1,64000000000,1039541809,3685752717,18917318200,0,18917334131}
0: MemResourceStatus {MemManagerAggregate,18446744073709551615,124000000000,1093315577,4917551149,0,0,N/A}
1: MemResourceStatus {MemManagerAggregate,18446744073709551615,60000000000,0,0,0,1,N/A}
MemResourceStatus {DefaultResource,18446744073709551615,18446744073709551615,0,0,0,-1,N/A}
Quick Memory Usage Overview:
Used Capacity: 11369303627, 0
------------------------------------------
Executing script file: /home/umeshsum/tpch_queries/9.sql
[32m(release)[0m> select
[32m(release)[0m> 	nation,
[32m(release)[0m> 	o_year,
[32m(release)[0m> 	sum(amount) as sum_profit
[32m(release)[0m> from
[32m(release)[0m> 	(
[32m(release)[0m> 		select
[32m(release)[0m> 			n_name as nation,
[32m(release)[0m> 			extract(year from o_orderdate) as o_year,
[32m(release)[0m> 			l_extendedprice * (1 - l_discount) - ps_supplycost * l_quantity as amount
[32m(release)[0m> 		from
[32m(release)[0m> 			part,
[32m(release)[0m> 			supplier,
[32m(release)[0m> 			lineitem,
[32m(release)[0m> 			partsupp,
[32m(release)[0m> 			orders,
[32m(release)[0m> 			nation
[32m(release)[0m> 		where
[32m(release)[0m> 			s_suppkey = l_suppkey
[32m(release)[0m> 			and ps_suppkey = l_suppkey
[32m(release)[0m> 			and ps_partkey = l_partkey
[32m(release)[0m> 			and p_partkey = l_partkey
[32m(release)[0m> 			and o_orderkey = l_orderkey
[32m(release)[0m> 			and s_nationkey = n_nationkey
[32m(release)[0m> 			and p_name like '%green%'
[32m(release)[0m> 	) as profit
[32m(release)[0m> group by
[32m(release)[0m> 	nation,
[32m(release)[0m> 	o_year
[32m(release)[0m> order by
[32m(release)[0m> 	nation,
[32m(release)[0m> 	o_year desc;
VmRSS Change: 1288724 KB
===
175 rows total
Execution info: [PARSE: 85 µs 879 ns, SQL TRANSLATE: 0 ns, OPTIMIZE: 0 ns, LQP TRANSLATE: 52 µs 880 ns, EXECUTE: 1 s 503 ms (wall time) | QUERY PLAN CACHE HITS: 1/1 statement(s)]
After reset, table use_count: 2
WARNING: Table still has 1 other owner(s) after pipeline reset!
Executing script file done
$:hsh mem_usage
------------------------------------------
Memory Usage Statistics:
VmSize:	215777316 kB
VmRSS:	78671704 kB
0: MemResourceStatus {MigratedColumnsAggregate,18446744073709551615,12610235929,10275988050,10275988050,0,0,N/A}
MemResourceStatus {NumaMonotonicResource,3,60000000000,0,0,0,1,0}
MemResourceStatus {NumaMonotonicResource,2,60000000000,53773768,1231798432,51462315640,0,51462409624}
MemResourceStatus {NumaMonotonicResource,1,64000000000,1039541809,3685752717,18917318200,0,18917334131}
0: MemResourceStatus {MemManagerAggregate,18446744073709551615,124000000000,1093315577,4917551149,0,0,N/A}
1: MemResourceStatus {MemManagerAggregate,18446744073709551615,60000000000,0,0,0,1,N/A}
MemResourceStatus {DefaultResource,18446744073709551615,18446744073709551615,0,0,0,-1,N/A}
Quick Memory Usage Overview:
Used Capacity: 11369303627, 0
------------------------------------------
$:Quit
Executing script file done
Bye.
Backtrace:
 0# print_backtrace[abi:cxx11]() in /home/umeshsum/hyrise_pmr/build/lib/libhyrise_impl.so
 1# segfault_handler(int) in ./hyriseConsole
 2# 0x00007D33D7C45330 in /lib/x86_64-linux-gnu/libc.so.6
 3# std::vector<std::shared_ptr<hyrise::AbstractSegment>, std::pmr::polymorphic_allocator<std::shared_ptr<hyrise::AbstractSegment> > >::~vector() in ./hyriseConsole
 4# tbb::detail::d1::concurrent_vector<std::shared_ptr<hyrise::Chunk>, hyrise::ZeroAllocator<std::shared_ptr<hyrise::Chunk> > >::destroy_segment(std::shared_ptr<hyrise::Chunk>*, unsigned long) in ./hyriseConsole
 5# tbb::detail::d1::segment_table<std::shared_ptr<hyrise::Chunk>, hyrise::ZeroAllocator<std::shared_ptr<hyrise::Chunk> >, tbb::detail::d1::concurrent_vector<std::shared_ptr<hyrise::Chunk>, hyrise::ZeroAllocator<std::shared_ptr<hyrise::Chunk> > >, 3ul>::clear() in ./hyriseConsole
 6# hyrise::Table::~Table() in ./hyriseConsole
 7# hyrise::SQLPipelineStatement::~SQLPipelineStatement() in /home/umeshsum/hyrise_pmr/build/lib/libhyrise_impl.so
 8# hyrise::SQLPipeline::~SQLPipeline() in ./hyriseConsole
 9# hyrise::Console::~Console() in ./hyriseConsole
10# 0x00007D33D7C47A76 in /lib/x86_64-linux-gnu/libc.so.6
11# 0x00007D33D7C47BBE in /lib/x86_64-linux-gnu/libc.so.6
12# 0x00007D33D7C2A1D1 in /lib/x86_64-linux-gnu/libc.so.6
13# __libc_start_main in /lib/x86_64-linux-gnu/libc.so.6
14# _start in ./hyriseConsole

