Number of CPUs: 48
Node #0 - Number of Node CPUs: 48, CPUIDs: [0, 1, 2, 3, 4, 5, 6, 7, 8, 9, 10, 11, 12, 13, 14, 15, 16, 17, 18, 19, 20, 21, 22, 23, 24, 25, 26, 27, 28, 29, 30, 31, 32, 33, 34, 35, 36, 37, 38, 39, 40, 41, 42, 43, 44, 45, 46, 47]

Executing script file: /home/umeshsum/hyrise_pmr/myscripts/mapping/sf50_scripts/sf50_e2e_baseline_heap.sql
[32m(release)[0m> setting print off
Print output turned off
[32m(release)[0m> setting binary_caching on
Worker Binary caching turned on
0 pinned to CPU 0on node [32m(release)[0m> setting workers 16
0
Number of CPUs: 48
Node #0 - Number of Node CPUs: 48, CPUIDs: [0, 1, 2, 3, 4, 5, 6, 7, 8, 9, 10, 11, 12, 13, 14, 15, 16, 17, 18, 19, 20, 21, 22, 23, 24, 25, 26, 27, 28, 29, 30, 31, 32, 33, 34, 35, 36, 37, 38, 39, 40, 41, 42, 43, 44, 45, 46, 47]

Worker 0 pinned to CPU 0on node 0
Worker 3 pinned to CPU 3on node 0
Worker 1 pinned to CPU 1on node 0
Worker 6 pinned to CPU 6on node 0
Worker 4 pinned to CPU 4on node 0
Scheduler set to use 16 workers
Worker 10 pinned to CPU 10on node 0
[32m(release)[0m> generate_tpch 50
Generating all TPCH tables (this might take a while) ...
Worker 12 pinned to CPU 12on node Worker 14 pinned to CPU 14on node 0
0
Worker 9 pinned to CPU 9on node 0
Worker 5 pinned to CPU 5on node 0
Worker 11 pinned to CPU 11on node Worker 8 pinned to CPU 8on node 0
0
Worker 7 pinned to CPU 7on node Worker 13 pinned to CPU 13on node Worker 15 pinned to CPU 15on node 0
0
Worker 0
2 pinned to CPU 2on node 0
Number of CPUs: 48
Node #0 - Number of Node CPUs: 48, CPUIDs: [0, 1, 2, 3, 4, 5, 6, 7, 8, 9, 10, 11, 12, 13, 14, 15, 16, 17, 18, 19, 20, 21, 22, 23, 24, 25, 26, 27, 28, 29, 30, 31, 32, 33, 34, 35, 36, 37, 38, 39, 40, 41, 42, 43, 44, 45, 46, 47]

Worker 0 pinned to CPU 0on node 0
Worker 2 pinned to CPU 2on node 0
Worker 4 pinned to CPU 4on node Worker 3 pinned to CPU 3on node 0
0
Worker 1 pinned to CPU 1on node Worker Worker 5 pinned to CPU 5on node 6 pinned to CPU 6on node 0
0
Worker 9 pinned to CPU 9on node 0
0
Worker 7 pinned to CPU 7on node Worker 8 pinned to CPU 8on node 0
0
Worker 11 pinned to CPU 11on node 0
Worker 10 pinned to CPU 10on node - Loading/Generating tables
0
Worker 12 pinned to CPU 12on node 0
Worker 14 pinned to CPU 14on node 0
Worker 13 pinned to CPU 13on node 0
Worker 15 pinned to CPU 15on node -  Loaded table 'nation' from cached binary "tpch_cached_tables/sf-50.000000/nation.bin" (219 µs 998 ns)
0
-  Loaded table 'region' from cached binary "tpch_cached_tables/sf-50.000000/region.bin" (235 µs 348 ns)
-  Loaded table 'supplier' from cached binary "tpch_cached_tables/sf-50.000000/supplier.bin" (302 ms 145 µs)
-  Loaded table 'part' from cached binary "tpch_cached_tables/sf-50.000000/part.bin" (2 s 466 ms)
-  Loaded table 'customer' from cached binary "tpch_cached_tables/sf-50.000000/customer.bin" (3 s 619 ms)
-  Loaded table 'partsupp' from cached binary "tpch_cached_tables/sf-50.000000/partsupp.bin" (8 s 510 ms)
-  Loaded table 'orders' from cached binary "tpch_cached_tables/sf-50.000000/orders.bin" (11 s 197 ms)
-  Loaded table 'lineitem' from cached binary "tpch_cached_tables/sf-50.000000/lineitem.bin" (28 s 986 ms)
- Loading/Generating tables done (28 s 997 ms)
- Encoding tables (if necessary) and generating pruning statistics
-  Processing 'nation' - no encoding necessary (303 µs 437 ns)
-  Processing 'region' - no encoding necessary (290 µs 357 ns)
-  Processing 'supplier' - no encoding necessary (21 ms 538 µs)
-  Processing 'part' - no encoding necessary (133 ms 888 µs)
-  Processing 'customer' - no encoding necessary (234 ms 478 µs)
-  Processing 'partsupp' - no encoding necessary (847 ms 377 µs)
-  Processing 'orders' - no encoding necessary (2 s 7 ms)
-  Processing 'lineitem' - no encoding necessary (4 s 269 ms)
- Encoding tables and generating pruning statistic done (4 s 271 ms)
- Writing tables into binary files if necessary
- Writing tables into binary files done (33 µs 319 ns)
- Adding tables to StorageManager and generating table statistics
-  Added 'region' (169 µs 688 ns)
-  Added 'nation' (4 s 729 ms)
-  Added 'supplier' (5 s 663 ms)
-  Added 'part' (27 s 37 ms)
-  Added 'customer' (50 s 846 ms)
-  Added 'partsupp' (2 min 11 s)
-  Added 'orders' (3 min 1 s)
-  Added 'lineitem' (6 min 8 s)
- Adding tables to StorageManager and generating table statistics done (6 min 8 s)
- No chunk indexes created as --chunk_indexes was not specified or set to false
- No table indexes created as --table_indexes was not specified or set to false
Number of CPUs: 48
Node #0 - Number of Node CPUs: 48, CPUIDs: [0, 1, 2, 3, 4, 5, 6, 7, 8, 9, 10, 11, 12, 13, 14, 15, 16, 17, 18, 19, 20, 21, 22, 23, 24, 25, 26, 27, 28, 29, 30, 31, 32, 33, 34, 35, 36, 37, 38, 39, 40, 41, 42, 43, 44, 45, 46, 47]

Worker 19 pinned to CPU 3on node 0
Worker 21 pinned to CPU 5on node Worker Worker 20 pinned to CPU 4on node 16 pinned to CPU 0on node 0
0Worker 17 pinned to CPU 1on node 
Worker Worker 26 pinned to CPU 10on node 24 pinned to CPU 8on node Worker 23 pinned to CPU 7on node 0
0
Worker Worker 27 pinned to CPU 11on node 25 pinned to CPU 9on node 0
Worker 29 pinned to CPU 13on node Worker 28 pinned to CPU 12on node [32m(release)[0m> hsh mem_usage
Worker 30 pinned to CPU 14on node Worker 22 pinned to CPU 6on node Worker 31 pinned to CPU 15on node $:hsh mem_usage
------------------------------------------
Memory Usage Statistics:
0
VmSize:	161219532 kB
VmRSS:	62035876 kB
MemResourceStatus {DefaultResource,18446744073709551615,18446744073709551615,48866928203,60530953333,0,-1,N/A}
Quick Memory Usage Overview:
Used Capacity: 0, 0
------------------------------------------
[32m(release)[0m> script /home/umeshsum/hyrise_pmr/myscripts/all_cols_to_remote.sql
Executing script file: /home/umeshsum/hyrise_pmr/myscripts/all_cols_to_remote.sql
[32m(release)[0m> move2cxl supplier s_comment 1
0
0
0
0
0
0
[32m(release)[0m> move2cxl supplier s_acctbal 1
[32m(release)[0m> move2cxl orders o_orderkey 1
[32m(release)[0m> move2cxl customer c_acctbal 1
[32m(release)[0m> move2cxl nation n_regionkey 1
[32m(release)[0m> move2cxl lineitem l_comment 1
0
0
Worker 18 pinned to CPU 2on node 0
[32m(release)[0m> move2cxl nation n_name 1
[32m(release)[0m> move2cxl lineitem l_shipmode 1
[32m(release)[0m> move2cxl supplier s_phone 1
[32m(release)[0m> move2cxl nation n_nationkey 1
[32m(release)[0m> move2cxl lineitem l_shipinstruct 1
[32m(release)[0m> move2cxl part p_comment 1
[32m(release)[0m> move2cxl supplier s_nationkey 1
[32m(release)[0m> move2cxl lineitem l_receiptdate 1
[32m(release)[0m> move2cxl part p_retailprice 1
[32m(release)[0m> move2cxl supplier s_address 1
[32m(release)[0m> move2cxl lineitem l_commitdate 1
[32m(release)[0m> move2cxl part p_container 1
[32m(release)[0m> move2cxl supplier s_name 1
[32m(release)[0m> move2cxl lineitem l_shipdate 1
[32m(release)[0m> move2cxl part p_size 1
[32m(release)[0m> move2cxl supplier s_suppkey 1
[32m(release)[0m> move2cxl lineitem l_linestatus 1
[32m(release)[0m> move2cxl part p_type 1
[32m(release)[0m> move2cxl lineitem l_returnflag 1
[32m(release)[0m> move2cxl part p_brand 1
[32m(release)[0m> move2cxl lineitem l_tax 1
[32m(release)[0m> move2cxl part p_mfgr 1
[32m(release)[0m> move2cxl lineitem l_discount 1
[32m(release)[0m> move2cxl part p_name 1
[32m(release)[0m> move2cxl lineitem l_extendedprice 1
[32m(release)[0m> move2cxl part p_partkey 1
[32m(release)[0m> move2cxl nation n_comment 1
[32m(release)[0m> move2cxl customer c_custkey 1
[32m(release)[0m> move2cxl lineitem l_quantity 1
[32m(release)[0m> move2cxl customer c_name 1
[32m(release)[0m> move2cxl customer c_address 1
[32m(release)[0m> move2cxl customer c_nationkey 1
[32m(release)[0m> move2cxl customer c_phone 1
[32m(release)[0m> move2cxl customer c_mktsegment 1
[32m(release)[0m> move2cxl orders o_custkey 1
[32m(release)[0m> move2cxl customer c_comment 1
[32m(release)[0m> move2cxl orders o_orderstatus 1
[32m(release)[0m> move2cxl lineitem l_orderkey 1
[32m(release)[0m> move2cxl lineitem l_partkey 1
[32m(release)[0m> move2cxl lineitem l_suppkey 1
[32m(release)[0m> move2cxl lineitem l_linenumber 1
[32m(release)[0m> move2cxl orders o_totalprice 1
[32m(release)[0m> move2cxl orders o_orderdate 1
[32m(release)[0m> move2cxl orders o_orderpriority 1
[32m(release)[0m> move2cxl region r_regionkey 1
[32m(release)[0m> move2cxl orders o_clerk 1
[32m(release)[0m> move2cxl region r_name 1
[32m(release)[0m> move2cxl orders o_shippriority 1
[32m(release)[0m> move2cxl region r_comment 1
[32m(release)[0m> move2cxl orders o_comment 1
[32m(release)[0m> move2cxl partsupp ps_partkey 1
[32m(release)[0m> move2cxl partsupp ps_suppkey 1
[32m(release)[0m> move2cxl partsupp ps_availqty 1
[32m(release)[0m> move2cxl partsupp ps_supplycost 1
[32m(release)[0m> move2cxl partsupp ps_comment 1
Executing script file done
$:hsh mem_usage
------------------------------------------
Memory Usage Statistics:
VmSize:	223368668 kB
VmRSS:	86967212 kB
1: MemResourceStatus {MigratedColumnsAggregate,18446744073709551615,63541608448,52888587462,0,0,1,N/A}
MemResourceStatus {DefaultResource,18446744073709551615,18446744073709551615,18446744071318973865,60530953333,0,-1,N/A}
Quick Memory Usage Overview:
Used Capacity: 0, 52888587462
------------------------------------------
$:hsh new_mem 53687091200 0 2
2,0x00007b3aa3600000,0x00007b4723600000
$:hsh new_mem 53687091200 1 3
3,0x00007b2e23400000,0x00007b3aa3400000
$:hsh mem_usage
------------------------------------------
Memory Usage Statistics:
VmSize:	328226268 kB
VmRSS:	86967216 kB
1: MemResourceStatus {MigratedColumnsAggregate,18446744073709551615,63541608448,52888587462,0,0,1,N/A}
MemResourceStatus {NumaMonotonicResource,3,53687091200,0,0,0,1,0}
MemResourceStatus {NumaMonotonicResource,2,53687091200,0,0,0,0,0}
0: MemResourceStatus {MemManagerAggregate,18446744073709551615,53687091200,0,0,0,0,N/A}
1: MemResourceStatus {MemManagerAggregate,18446744073709551615,53687091200,0,0,0,1,N/A}
MemResourceStatus {DefaultResource,18446744073709551615,18446744073709551615,18446744071318973865,60530953333,0,-1,N/A}
Quick Memory Usage Overview:
Used Capacity: 0, 52888587462
------------------------------------------
Number of CPUs: 48
Node #0 - Number of Node CPUs: 48, CPUIDs: [0, 1, 2, 3, 4, 5, 6, 7, 8, 9, 10, 11, 12, 13, 14, 15, 16, 17, 18, 19, 20, 21, 22, 23, 24, 25, 26, 27, 28, 29, 30, 31, 32, 33, 34, 35, 36, 37, 38, 39, 40, 41, 42, 43, 44, 45, 46, 47]

Worker 0 pinned to CPU 0on node Worker 2 pinned to CPU 2on node 00

Scheduler set to use 8 workers
Worker 1 pinned to CPU 1on node 0
$:hsh set_mem_capacity 53687091200 1000000000000
Worker 6 pinned to CPU 6on node Worker 7 pinned to CPU 7on node Worker 3 pinned to CPU 3on node 0
0
Memory strategy set to Greedy
0
Label set to d53687091200_tf1000000000000_q10
$:hsh clear_plan_caches
Cleared PQP and LQP caches
$:hsh clear_pipeline
Released last SQLPipeline
$:hsh reset_exec_pools
Reset execution pools (2, 3) bump pointers to start
$:hsh mem_usage
------------------------------------------
Memory Usage Statistics:
VmSize:	328127916 kB
VmRSS:	68582220 kB
1: MemResourceStatus {MigratedColumnsAggregate,18446744073709551615,63541608448,52888587462,0,0,1,N/A}
MemResourceStatus {NumaMonotonicResource,3,53687091200,0,0,0,1,0}
MemResourceStatus {NumaMonotonicResource,2,53687091200,0,0,0,0,0}
0: MemResourceStatus {MemManagerAggregate,18446744073709551615,53687091200,0,0,0,0,N/A}
1: MemResourceStatus {MemManagerAggregate,18446744073709551615,53687091200,0,0,0,1,N/A}
MemResourceStatus {DefaultResource,18446744073709551615,18446744073709551615,18446744071318973865,60530953333,0,-1,N/A}
Quick Memory Usage Overview:
Used Capacity: 0, 52888587462
------------------------------------------
Worker 4 pinned to CPU 4on node 0
Executing script file: /home/umeshsum/tpch_queries/10.sql
Worker 5 pinned to CPU 5on node [32m(release)[0m> select
[32m(release)[0m> 	c_custkey,
[32m(release)[0m> 	c_name,
[32m(release)[0m> 	sum(l_extendedprice * (1 - l_discount)) as revenue,
[32m(release)[0m> 	c_acctbal,
[32m(release)[0m> 	n_name,
[32m(release)[0m> 	c_address,
[32m(release)[0m> 	c_phone,
[32m(release)[0m> 	c_comment
[32m(release)[0m> from
[32m(release)[0m> 	customer,
[32m(release)[0m> 	orders,
[32m(release)[0m> 	lineitem,
[32m(release)[0m> 	nation
[32m(release)[0m> where
[32m(release)[0m> 	c_custkey = o_custkey
[32m(release)[0m> 	and l_orderkey = o_orderkey
[32m(release)[0m> 	and o_orderdate >= date '1993-10-01'
[32m(release)[0m> 	and o_orderdate < date '1993-10-01' + interval '3' month
[32m(release)[0m> 	and l_returnflag = 'R'
[32m(release)[0m> 	and c_nationkey = n_nationkey
[32m(release)[0m> group by
[32m(release)[0m> 	c_custkey,
[32m(release)[0m> 	c_name,
[32m(release)[0m> 	c_acctbal,
[32m(release)[0m> 	c_phone,
[32m(release)[0m> 	n_name,
[32m(release)[0m> 	c_address,
[32m(release)[0m> 	c_comment
[32m(release)[0m> order by
[32m(release)[0m> 	revenue desc;
0
[PERF] Unresolved iterator created for AbstractPosList at src/lib/storage/pos_lists/abstract_pos_list.cpp:10
	Performance can be affected. This warning is only shown once.
VmRSS Change: 8023596 KB
===
1922903 rows total
Execution info: [PARSE: 75 µs 169 ns, SQL TRANSLATE: 336 µs 726 ns, OPTIMIZE: 8 ms 767 µs, LQP TRANSLATE: 140 µs 219 ns, EXECUTE: 2 s 374 ms (wall time) | QUERY PLAN CACHE HITS: 0/1 statement(s)]
After reset, table use_count: 2
WARNING: Table still has 1 other owner(s) after pipeline reset!
Executing script file done
$:hsh clear_plan_caches
Cleared PQP and LQP caches
$:hsh clear_pipeline
Released last SQLPipeline
$:hsh reset_exec_pools
Reset execution pools (2, 3) bump pointers to start
$:hsh mem_usage
------------------------------------------
Memory Usage Statistics:
VmSize:	328127916 kB
VmRSS:	76606384 kB
1: MemResourceStatus {MigratedColumnsAggregate,18446744073709551615,63541608448,52888587462,0,0,1,N/A}
MemResourceStatus {NumaMonotonicResource,3,53687091200,0,0,0,1,0}
MemResourceStatus {NumaMonotonicResource,2,53687091200,0,0,0,0,0}
0: MemResourceStatus {MemManagerAggregate,18446744073709551615,53687091200,0,0,0,0,N/A}
1: MemResourceStatus {MemManagerAggregate,18446744073709551615,53687091200,0,0,0,1,N/A}
MemResourceStatus {DefaultResource,18446744073709551615,18446744073709551615,18446744071318973865,60530953333,0,-1,N/A}
Quick Memory Usage Overview:
Used Capacity: 0, 52888587462
------------------------------------------
Executing script file: /home/umeshsum/tpch_queries/10.sql
[32m(release)[0m> select
[32m(release)[0m> 	c_custkey,
[32m(release)[0m> 	c_name,
[32m(release)[0m> 	sum(l_extendedprice * (1 - l_discount)) as revenue,
[32m(release)[0m> 	c_acctbal,
[32m(release)[0m> 	n_name,
[32m(release)[0m> 	c_address,
[32m(release)[0m> 	c_phone,
[32m(release)[0m> 	c_comment
[32m(release)[0m> from
[32m(release)[0m> 	customer,
[32m(release)[0m> 	orders,
[32m(release)[0m> 	lineitem,
[32m(release)[0m> 	nation
[32m(release)[0m> where
[32m(release)[0m> 	c_custkey = o_custkey
[32m(release)[0m> 	and l_orderkey = o_orderkey
[32m(release)[0m> 	and o_orderdate >= date '1993-10-01'
[32m(release)[0m> 	and o_orderdate < date '1993-10-01' + interval '3' month
[32m(release)[0m> 	and l_returnflag = 'R'
[32m(release)[0m> 	and c_nationkey = n_nationkey
[32m(release)[0m> group by
[32m(release)[0m> 	c_custkey,
[32m(release)[0m> 	c_name,
[32m(release)[0m> 	c_acctbal,
[32m(release)[0m> 	c_phone,
[32m(release)[0m> 	n_name,
[32m(release)[0m> 	c_address,
[32m(release)[0m> 	c_comment
[32m(release)[0m> order by
[32m(release)[0m> 	revenue desc;
VmRSS Change: 651068 KB
===
1922903 rows total
Execution info: [PARSE: 74 µs 919 ns, SQL TRANSLATE: 222 µs 258 ns, OPTIMIZE: 7 ms 815 µs, LQP TRANSLATE: 231 µs 887 ns, EXECUTE: 1 s 911 ms (wall time) | QUERY PLAN CACHE HITS: 0/1 statement(s)]
After reset, table use_count: 2
WARNING: Table still has 1 other owner(s) after pipeline reset!
Executing script file done
$:hsh clear_plan_caches
Cleared PQP and LQP caches
$:hsh clear_pipeline
Released last SQLPipeline
$:hsh reset_exec_pools
Reset execution pools (2, 3) bump pointers to start
$:hsh mem_usage
------------------------------------------
Memory Usage Statistics:
VmSize:	328127916 kB
VmRSS:	77257352 kB
1: MemResourceStatus {MigratedColumnsAggregate,18446744073709551615,63541608448,52888587462,0,0,1,N/A}
MemResourceStatus {NumaMonotonicResource,3,53687091200,0,0,0,1,0}
MemResourceStatus {NumaMonotonicResource,2,53687091200,0,0,0,0,0}
0: MemResourceStatus {MemManagerAggregate,18446744073709551615,53687091200,0,0,0,0,N/A}
1: MemResourceStatus {MemManagerAggregate,18446744073709551615,53687091200,0,0,0,1,N/A}
MemResourceStatus {DefaultResource,18446744073709551615,18446744073709551615,18446744071318973865,60530953333,0,-1,N/A}
Quick Memory Usage Overview:
Used Capacity: 0, 52888587462
------------------------------------------
Executing script file: /home/umeshsum/tpch_queries/10.sql
[32m(release)[0m> select
[32m(release)[0m> 	c_custkey,
[32m(release)[0m> 	c_name,
[32m(release)[0m> 	sum(l_extendedprice * (1 - l_discount)) as revenue,
[32m(release)[0m> 	c_acctbal,
[32m(release)[0m> 	n_name,
[32m(release)[0m> 	c_address,
[32m(release)[0m> 	c_phone,
[32m(release)[0m> 	c_comment
[32m(release)[0m> from
[32m(release)[0m> 	customer,
[32m(release)[0m> 	orders,
[32m(release)[0m> 	lineitem,
[32m(release)[0m> 	nation
[32m(release)[0m> where
[32m(release)[0m> 	c_custkey = o_custkey
[32m(release)[0m> 	and l_orderkey = o_orderkey
[32m(release)[0m> 	and o_orderdate >= date '1993-10-01'
[32m(release)[0m> 	and o_orderdate < date '1993-10-01' + interval '3' month
[32m(release)[0m> 	and l_returnflag = 'R'
[32m(release)[0m> 	and c_nationkey = n_nationkey
[32m(release)[0m> group by
[32m(release)[0m> 	c_custkey,
[32m(release)[0m> 	c_name,
[32m(release)[0m> 	c_acctbal,
[32m(release)[0m> 	c_phone,
[32m(release)[0m> 	n_name,
[32m(release)[0m> 	c_address,
[32m(release)[0m> 	c_comment
[32m(release)[0m> order by
[32m(release)[0m> 	revenue desc;
VmRSS Change: 59568 KB
===
1922903 rows total
Execution info: [PARSE: 80 µs 9 ns, SQL TRANSLATE: 220 µs 157 ns, OPTIMIZE: 8 ms 384 µs, LQP TRANSLATE: 218 µs 918 ns, EXECUTE: 1 s 907 ms (wall time) | QUERY PLAN CACHE HITS: 0/1 statement(s)]
After reset, table use_count: 2
WARNING: Table still has 1 other owner(s) after pipeline reset!
Executing script file done
$:hsh clear_plan_caches
Cleared PQP and LQP caches
$:hsh clear_pipeline
Released last SQLPipeline
$:hsh reset_exec_pools
Reset execution pools (2, 3) bump pointers to start
$:hsh mem_usage
------------------------------------------
Memory Usage Statistics:
VmSize:	328127916 kB
VmRSS:	77316920 kB
1: MemResourceStatus {MigratedColumnsAggregate,18446744073709551615,63541608448,52888587462,0,0,1,N/A}
MemResourceStatus {NumaMonotonicResource,3,53687091200,0,0,0,1,0}
MemResourceStatus {NumaMonotonicResource,2,53687091200,0,0,0,0,0}
0: MemResourceStatus {MemManagerAggregate,18446744073709551615,53687091200,0,0,0,0,N/A}
1: MemResourceStatus {MemManagerAggregate,18446744073709551615,53687091200,0,0,0,1,N/A}
MemResourceStatus {DefaultResource,18446744073709551615,18446744073709551615,18446744071318973865,60530953333,0,-1,N/A}
Quick Memory Usage Overview:
Used Capacity: 0, 52888587462
------------------------------------------
Executing script file: /home/umeshsum/tpch_queries/10.sql
[32m(release)[0m> select
[32m(release)[0m> 	c_custkey,
[32m(release)[0m> 	c_name,
[32m(release)[0m> 	sum(l_extendedprice * (1 - l_discount)) as revenue,
[32m(release)[0m> 	c_acctbal,
[32m(release)[0m> 	n_name,
[32m(release)[0m> 	c_address,
[32m(release)[0m> 	c_phone,
[32m(release)[0m> 	c_comment
[32m(release)[0m> from
[32m(release)[0m> 	customer,
[32m(release)[0m> 	orders,
[32m(release)[0m> 	lineitem,
[32m(release)[0m> 	nation
[32m(release)[0m> where
[32m(release)[0m> 	c_custkey = o_custkey
[32m(release)[0m> 	and l_orderkey = o_orderkey
[32m(release)[0m> 	and o_orderdate >= date '1993-10-01'
[32m(release)[0m> 	and o_orderdate < date '1993-10-01' + interval '3' month
[32m(release)[0m> 	and l_returnflag = 'R'
[32m(release)[0m> 	and c_nationkey = n_nationkey
[32m(release)[0m> group by
[32m(release)[0m> 	c_custkey,
[32m(release)[0m> 	c_name,
[32m(release)[0m> 	c_acctbal,
[32m(release)[0m> 	c_phone,
[32m(release)[0m> 	n_name,
[32m(release)[0m> 	c_address,
[32m(release)[0m> 	c_comment
[32m(release)[0m> order by
[32m(release)[0m> 	revenue desc;
VmRSS Change: 21544 KB
===
1922903 rows total
Execution info: [PARSE: 68 µs 939 ns, SQL TRANSLATE: 219 µs 468 ns, OPTIMIZE: 7 ms 798 µs, LQP TRANSLATE: 219 µs 498 ns, EXECUTE: 1 s 929 ms (wall time) | QUERY PLAN CACHE HITS: 0/1 statement(s)]
After reset, table use_count: 2
WARNING: Table still has 1 other owner(s) after pipeline reset!
Executing script file done
$:hsh clear_plan_caches
Cleared PQP and LQP caches
$:hsh clear_pipeline
Released last SQLPipeline
$:hsh reset_exec_pools
Reset execution pools (2, 3) bump pointers to start
$:hsh mem_usage
------------------------------------------
Memory Usage Statistics:
VmSize:	328127916 kB
VmRSS:	77338380 kB
1: MemResourceStatus {MigratedColumnsAggregate,18446744073709551615,63541608448,52888587462,0,0,1,N/A}
MemResourceStatus {NumaMonotonicResource,3,53687091200,0,0,0,1,0}
MemResourceStatus {NumaMonotonicResource,2,53687091200,0,0,0,0,0}
0: MemResourceStatus {MemManagerAggregate,18446744073709551615,53687091200,0,0,0,0,N/A}
1: MemResourceStatus {MemManagerAggregate,18446744073709551615,53687091200,0,0,0,1,N/A}
MemResourceStatus {DefaultResource,18446744073709551615,18446744073709551615,18446744071318973865,60530953333,0,-1,N/A}
Quick Memory Usage Overview:
Used Capacity: 0, 52888587462
------------------------------------------
Executing script file: /home/umeshsum/tpch_queries/10.sql
[32m(release)[0m> select
[32m(release)[0m> 	c_custkey,
[32m(release)[0m> 	c_name,
[32m(release)[0m> 	sum(l_extendedprice * (1 - l_discount)) as revenue,
[32m(release)[0m> 	c_acctbal,
[32m(release)[0m> 	n_name,
[32m(release)[0m> 	c_address,
[32m(release)[0m> 	c_phone,
[32m(release)[0m> 	c_comment
[32m(release)[0m> from
[32m(release)[0m> 	customer,
[32m(release)[0m> 	orders,
[32m(release)[0m> 	lineitem,
[32m(release)[0m> 	nation
[32m(release)[0m> where
[32m(release)[0m> 	c_custkey = o_custkey
[32m(release)[0m> 	and l_orderkey = o_orderkey
[32m(release)[0m> 	and o_orderdate >= date '1993-10-01'
[32m(release)[0m> 	and o_orderdate < date '1993-10-01' + interval '3' month
[32m(release)[0m> 	and l_returnflag = 'R'
[32m(release)[0m> 	and c_nationkey = n_nationkey
[32m(release)[0m> group by
[32m(release)[0m> 	c_custkey,
[32m(release)[0m> 	c_name,
[32m(release)[0m> 	c_acctbal,
[32m(release)[0m> 	c_phone,
[32m(release)[0m> 	n_name,
[32m(release)[0m> 	c_address,
[32m(release)[0m> 	c_comment
[32m(release)[0m> order by
[32m(release)[0m> 	revenue desc;
VmRSS Change: 1372 KB
===
1922903 rows total
Execution info: [PARSE: 78 µs 169 ns, SQL TRANSLATE: 401 µs 576 ns, OPTIMIZE: 7 ms 822 µs, LQP TRANSLATE: 221 µs 758 ns, EXECUTE: 1 s 909 ms (wall time) | QUERY PLAN CACHE HITS: 0/1 statement(s)]
After reset, table use_count: 2
WARNING: Table still has 1 other owner(s) after pipeline reset!
Executing script file done
$:hsh clear_plan_caches
Cleared PQP and LQP caches
$:hsh clear_pipeline
Released last SQLPipeline
$:hsh reset_exec_pools
Reset execution pools (2, 3) bump pointers to start
$:hsh mem_usage
------------------------------------------
Memory Usage Statistics:
VmSize:	328127916 kB
VmRSS:	77339668 kB
1: MemResourceStatus {MigratedColumnsAggregate,18446744073709551615,63541608448,52888587462,0,0,1,N/A}
MemResourceStatus {NumaMonotonicResource,3,53687091200,0,0,0,1,0}
MemResourceStatus {NumaMonotonicResource,2,53687091200,0,0,0,0,0}
0: MemResourceStatus {MemManagerAggregate,18446744073709551615,53687091200,0,0,0,0,N/A}
1: MemResourceStatus {MemManagerAggregate,18446744073709551615,53687091200,0,0,0,1,N/A}
MemResourceStatus {DefaultResource,18446744073709551615,18446744073709551615,18446744071318973865,60530953333,0,-1,N/A}
Quick Memory Usage Overview:
Used Capacity: 0, 52888587462
------------------------------------------
Executing script file: /home/umeshsum/tpch_queries/10.sql
[32m(release)[0m> select
[32m(release)[0m> 	c_custkey,
[32m(release)[0m> 	c_name,
[32m(release)[0m> 	sum(l_extendedprice * (1 - l_discount)) as revenue,
[32m(release)[0m> 	c_acctbal,
[32m(release)[0m> 	n_name,
[32m(release)[0m> 	c_address,
[32m(release)[0m> 	c_phone,
[32m(release)[0m> 	c_comment
[32m(release)[0m> from
[32m(release)[0m> 	customer,
[32m(release)[0m> 	orders,
[32m(release)[0m> 	lineitem,
[32m(release)[0m> 	nation
[32m(release)[0m> where
[32m(release)[0m> 	c_custkey = o_custkey
[32m(release)[0m> 	and l_orderkey = o_orderkey
[32m(release)[0m> 	and o_orderdate >= date '1993-10-01'
[32m(release)[0m> 	and o_orderdate < date '1993-10-01' + interval '3' month
[32m(release)[0m> 	and l_returnflag = 'R'
[32m(release)[0m> 	and c_nationkey = n_nationkey
[32m(release)[0m> group by
[32m(release)[0m> 	c_custkey,
[32m(release)[0m> 	c_name,
[32m(release)[0m> 	c_acctbal,
[32m(release)[0m> 	c_phone,
[32m(release)[0m> 	n_name,
[32m(release)[0m> 	c_address,
[32m(release)[0m> 	c_comment
[32m(release)[0m> order by
[32m(release)[0m> 	revenue desc;
VmRSS Change: 18446744073709535980 KB
===
1922903 rows total
Execution info: [PARSE: 67 µs 649 ns, SQL TRANSLATE: 246 µs 887 ns, OPTIMIZE: 7 ms 817 µs, LQP TRANSLATE: 223 µs 118 ns, EXECUTE: 1 s 887 ms (wall time) | QUERY PLAN CACHE HITS: 0/1 statement(s)]
After reset, table use_count: 2
WARNING: Table still has 1 other owner(s) after pipeline reset!
Executing script file done
$:hsh clear_plan_caches
Cleared PQP and LQP caches
$:hsh clear_pipeline
Released last SQLPipeline
$:hsh reset_exec_pools
Reset execution pools (2, 3) bump pointers to start
$:hsh mem_usage
------------------------------------------
Memory Usage Statistics:
VmSize:	328127916 kB
VmRSS:	77324028 kB
1: MemResourceStatus {MigratedColumnsAggregate,18446744073709551615,63541608448,52888587462,0,0,1,N/A}
MemResourceStatus {NumaMonotonicResource,3,53687091200,0,0,0,1,0}
MemResourceStatus {NumaMonotonicResource,2,53687091200,0,0,0,0,0}
0: MemResourceStatus {MemManagerAggregate,18446744073709551615,53687091200,0,0,0,0,N/A}
1: MemResourceStatus {MemManagerAggregate,18446744073709551615,53687091200,0,0,0,1,N/A}
MemResourceStatus {DefaultResource,18446744073709551615,18446744073709551615,18446744071318973865,60530953333,0,-1,N/A}
Quick Memory Usage Overview:
Used Capacity: 0, 52888587462
------------------------------------------
Executing script file: /home/umeshsum/tpch_queries/10.sql
[32m(release)[0m> select
[32m(release)[0m> 	c_custkey,
[32m(release)[0m> 	c_name,
[32m(release)[0m> 	sum(l_extendedprice * (1 - l_discount)) as revenue,
[32m(release)[0m> 	c_acctbal,
[32m(release)[0m> 	n_name,
[32m(release)[0m> 	c_address,
[32m(release)[0m> 	c_phone,
[32m(release)[0m> 	c_comment
[32m(release)[0m> from
[32m(release)[0m> 	customer,
[32m(release)[0m> 	orders,
[32m(release)[0m> 	lineitem,
[32m(release)[0m> 	nation
[32m(release)[0m> where
[32m(release)[0m> 	c_custkey = o_custkey
[32m(release)[0m> 	and l_orderkey = o_orderkey
[32m(release)[0m> 	and o_orderdate >= date '1993-10-01'
[32m(release)[0m> 	and o_orderdate < date '1993-10-01' + interval '3' month
[32m(release)[0m> 	and l_returnflag = 'R'
[32m(release)[0m> 	and c_nationkey = n_nationkey
[32m(release)[0m> group by
[32m(release)[0m> 	c_custkey,
[32m(release)[0m> 	c_name,
[32m(release)[0m> 	c_acctbal,
[32m(release)[0m> 	c_phone,
[32m(release)[0m> 	n_name,
[32m(release)[0m> 	c_address,
[32m(release)[0m> 	c_comment
[32m(release)[0m> order by
[32m(release)[0m> 	revenue desc;
VmRSS Change: 2212 KB
===
1922903 rows total
Execution info: [PARSE: 72 µs 89 ns, SQL TRANSLATE: 238 µs 338 ns, OPTIMIZE: 7 ms 918 µs, LQP TRANSLATE: 234 µs 477 ns, EXECUTE: 1 s 894 ms (wall time) | QUERY PLAN CACHE HITS: 0/1 statement(s)]
After reset, table use_count: 2
WARNING: Table still has 1 other owner(s) after pipeline reset!
Executing script file done
$:hsh clear_plan_caches
Cleared PQP and LQP caches
$:hsh clear_pipeline
Released last SQLPipeline
$:hsh reset_exec_pools
Reset execution pools (2, 3) bump pointers to start
$:hsh mem_usage
------------------------------------------
Memory Usage Statistics:
VmSize:	328127916 kB
VmRSS:	77326228 kB
1: MemResourceStatus {MigratedColumnsAggregate,18446744073709551615,63541608448,52888587462,0,0,1,N/A}
MemResourceStatus {NumaMonotonicResource,3,53687091200,0,0,0,1,0}
MemResourceStatus {NumaMonotonicResource,2,53687091200,0,0,0,0,0}
0: MemResourceStatus {MemManagerAggregate,18446744073709551615,53687091200,0,0,0,0,N/A}
1: MemResourceStatus {MemManagerAggregate,18446744073709551615,53687091200,0,0,0,1,N/A}
MemResourceStatus {DefaultResource,18446744073709551615,18446744073709551615,18446744071318973865,60530953333,0,-1,N/A}
Quick Memory Usage Overview:
Used Capacity: 0, 52888587462
------------------------------------------
Executing script file: /home/umeshsum/tpch_queries/10.sql
[32m(release)[0m> select
[32m(release)[0m> 	c_custkey,
[32m(release)[0m> 	c_name,
[32m(release)[0m> 	sum(l_extendedprice * (1 - l_discount)) as revenue,
[32m(release)[0m> 	c_acctbal,
[32m(release)[0m> 	n_name,
[32m(release)[0m> 	c_address,
[32m(release)[0m> 	c_phone,
[32m(release)[0m> 	c_comment
[32m(release)[0m> from
[32m(release)[0m> 	customer,
[32m(release)[0m> 	orders,
[32m(release)[0m> 	lineitem,
[32m(release)[0m> 	nation
[32m(release)[0m> where
[32m(release)[0m> 	c_custkey = o_custkey
[32m(release)[0m> 	and l_orderkey = o_orderkey
[32m(release)[0m> 	and o_orderdate >= date '1993-10-01'
[32m(release)[0m> 	and o_orderdate < date '1993-10-01' + interval '3' month
[32m(release)[0m> 	and l_returnflag = 'R'
[32m(release)[0m> 	and c_nationkey = n_nationkey
[32m(release)[0m> group by
[32m(release)[0m> 	c_custkey,
[32m(release)[0m> 	c_name,
[32m(release)[0m> 	c_acctbal,
[32m(release)[0m> 	c_phone,
[32m(release)[0m> 	n_name,
[32m(release)[0m> 	c_address,
[32m(release)[0m> 	c_comment
[32m(release)[0m> order by
[32m(release)[0m> 	revenue desc;
VmRSS Change: 13608 KB
===
1922903 rows total
Execution info: [PARSE: 69 µs 619 ns, SQL TRANSLATE: 231 µs 508 ns, OPTIMIZE: 7 ms 822 µs, LQP TRANSLATE: 218 µs 48 ns, EXECUTE: 1 s 917 ms (wall time) | QUERY PLAN CACHE HITS: 0/1 statement(s)]
After reset, table use_count: 2
WARNING: Table still has 1 other owner(s) after pipeline reset!
Executing script file done
$:hsh clear_plan_caches
Cleared PQP and LQP caches
$:hsh clear_pipeline
Released last SQLPipeline
$:hsh reset_exec_pools
Reset execution pools (2, 3) bump pointers to start
$:hsh mem_usage
------------------------------------------
Memory Usage Statistics:
VmSize:	328127916 kB
VmRSS:	77323164 kB
1: MemResourceStatus {MigratedColumnsAggregate,18446744073709551615,63541608448,52888587462,0,0,1,N/A}
MemResourceStatus {NumaMonotonicResource,3,53687091200,0,0,0,1,0}
MemResourceStatus {NumaMonotonicResource,2,53687091200,0,0,0,0,0}
0: MemResourceStatus {MemManagerAggregate,18446744073709551615,53687091200,0,0,0,0,N/A}
1: MemResourceStatus {MemManagerAggregate,18446744073709551615,53687091200,0,0,0,1,N/A}
MemResourceStatus {DefaultResource,18446744073709551615,18446744073709551615,18446744071318973865,60530953333,0,-1,N/A}
Quick Memory Usage Overview:
Used Capacity: 0, 52888587462
------------------------------------------
Executing script file: /home/umeshsum/tpch_queries/10.sql
[32m(release)[0m> select
[32m(release)[0m> 	c_custkey,
[32m(release)[0m> 	c_name,
[32m(release)[0m> 	sum(l_extendedprice * (1 - l_discount)) as revenue,
[32m(release)[0m> 	c_acctbal,
[32m(release)[0m> 	n_name,
[32m(release)[0m> 	c_address,
[32m(release)[0m> 	c_phone,
[32m(release)[0m> 	c_comment
[32m(release)[0m> from
[32m(release)[0m> 	customer,
[32m(release)[0m> 	orders,
[32m(release)[0m> 	lineitem,
[32m(release)[0m> 	nation
[32m(release)[0m> where
[32m(release)[0m> 	c_custkey = o_custkey
[32m(release)[0m> 	and l_orderkey = o_orderkey
[32m(release)[0m> 	and o_orderdate >= date '1993-10-01'
[32m(release)[0m> 	and o_orderdate < date '1993-10-01' + interval '3' month
[32m(release)[0m> 	and l_returnflag = 'R'
[32m(release)[0m> 	and c_nationkey = n_nationkey
[32m(release)[0m> group by
[32m(release)[0m> 	c_custkey,
[32m(release)[0m> 	c_name,
[32m(release)[0m> 	c_acctbal,
[32m(release)[0m> 	c_phone,
[32m(release)[0m> 	n_name,
[32m(release)[0m> 	c_address,
[32m(release)[0m> 	c_comment
[32m(release)[0m> order by
[32m(release)[0m> 	revenue desc;
VmRSS Change: 18446744073709537612 KB
===
1922903 rows total
Execution info: [PARSE: 69 µs 139 ns, SQL TRANSLATE: 235 µs 268 ns, OPTIMIZE: 7 ms 842 µs, LQP TRANSLATE: 218 µs 558 ns, EXECUTE: 1 s 905 ms (wall time) | QUERY PLAN CACHE HITS: 0/1 statement(s)]
After reset, table use_count: 2
WARNING: Table still has 1 other owner(s) after pipeline reset!
Executing script file done
$:hsh clear_plan_caches
Cleared PQP and LQP caches
$:hsh clear_pipeline
Released last SQLPipeline
$:hsh reset_exec_pools
Reset execution pools (2, 3) bump pointers to start
$:hsh mem_usage
------------------------------------------
Memory Usage Statistics:
VmSize:	328127916 kB
VmRSS:	77309176 kB
1: MemResourceStatus {MigratedColumnsAggregate,18446744073709551615,63541608448,52888587462,0,0,1,N/A}
MemResourceStatus {NumaMonotonicResource,3,53687091200,0,0,0,1,0}
MemResourceStatus {NumaMonotonicResource,2,53687091200,0,0,0,0,0}
0: MemResourceStatus {MemManagerAggregate,18446744073709551615,53687091200,0,0,0,0,N/A}
1: MemResourceStatus {MemManagerAggregate,18446744073709551615,53687091200,0,0,0,1,N/A}
MemResourceStatus {DefaultResource,18446744073709551615,18446744073709551615,18446744071318973865,60530953333,0,-1,N/A}
Quick Memory Usage Overview:
Used Capacity: 0, 52888587462
------------------------------------------
Executing script file: /home/umeshsum/tpch_queries/10.sql
[32m(release)[0m> select
[32m(release)[0m> 	c_custkey,
[32m(release)[0m> 	c_name,
[32m(release)[0m> 	sum(l_extendedprice * (1 - l_discount)) as revenue,
[32m(release)[0m> 	c_acctbal,
[32m(release)[0m> 	n_name,
[32m(release)[0m> 	c_address,
[32m(release)[0m> 	c_phone,
[32m(release)[0m> 	c_comment
[32m(release)[0m> from
[32m(release)[0m> 	customer,
[32m(release)[0m> 	orders,
[32m(release)[0m> 	lineitem,
[32m(release)[0m> 	nation
[32m(release)[0m> where
[32m(release)[0m> 	c_custkey = o_custkey
[32m(release)[0m> 	and l_orderkey = o_orderkey
[32m(release)[0m> 	and o_orderdate >= date '1993-10-01'
[32m(release)[0m> 	and o_orderdate < date '1993-10-01' + interval '3' month
[32m(release)[0m> 	and l_returnflag = 'R'
[32m(release)[0m> 	and c_nationkey = n_nationkey
[32m(release)[0m> group by
[32m(release)[0m> 	c_custkey,
[32m(release)[0m> 	c_name,
[32m(release)[0m> 	c_acctbal,
[32m(release)[0m> 	c_phone,
[32m(release)[0m> 	n_name,
[32m(release)[0m> 	c_address,
[32m(release)[0m> 	c_comment
[32m(release)[0m> order by
[32m(release)[0m> 	revenue desc;
VmRSS Change: 15520 KB
===
1922903 rows total
Execution info: [PARSE: 68 µs 989 ns, SQL TRANSLATE: 221 µs 268 ns, OPTIMIZE: 7 ms 788 µs, LQP TRANSLATE: 223 µs 908 ns, EXECUTE: 1 s 888 ms (wall time) | QUERY PLAN CACHE HITS: 0/1 statement(s)]
After reset, table use_count: 2
WARNING: Table still has 1 other owner(s) after pipeline reset!
Executing script file done
$:hsh clear_plan_caches
Cleared PQP and LQP caches
$:hsh clear_pipeline
Released last SQLPipeline
$:hsh reset_exec_pools
Reset execution pools (2, 3) bump pointers to start
$:hsh mem_usage
------------------------------------------
Memory Usage Statistics:
VmSize:	328127916 kB
VmRSS:	77324708 kB
1: MemResourceStatus {MigratedColumnsAggregate,18446744073709551615,63541608448,52888587462,0,0,1,N/A}
MemResourceStatus {NumaMonotonicResource,3,53687091200,0,0,0,1,0}
MemResourceStatus {NumaMonotonicResource,2,53687091200,0,0,0,0,0}
0: MemResourceStatus {MemManagerAggregate,18446744073709551615,53687091200,0,0,0,0,N/A}
1: MemResourceStatus {MemManagerAggregate,18446744073709551615,53687091200,0,0,0,1,N/A}
MemResourceStatus {DefaultResource,18446744073709551615,18446744073709551615,18446744071318973865,60530953333,0,-1,N/A}
Quick Memory Usage Overview:
Used Capacity: 0, 52888587462
------------------------------------------
Label set to d53687091200_tf1000000000000_q11
$:hsh clear_plan_caches
Cleared PQP and LQP caches
$:hsh clear_pipeline
Released last SQLPipeline
$:hsh reset_exec_pools
Reset execution pools (2, 3) bump pointers to start
$:hsh mem_usage
------------------------------------------
Memory Usage Statistics:
VmSize:	328127916 kB
VmRSS:	77324700 kB
1: MemResourceStatus {MigratedColumnsAggregate,18446744073709551615,63541608448,52888587462,0,0,1,N/A}
MemResourceStatus {NumaMonotonicResource,3,53687091200,0,0,0,1,0}
MemResourceStatus {NumaMonotonicResource,2,53687091200,0,0,0,0,0}
0: MemResourceStatus {MemManagerAggregate,18446744073709551615,53687091200,0,0,0,0,N/A}
1: MemResourceStatus {MemManagerAggregate,18446744073709551615,53687091200,0,0,0,1,N/A}
MemResourceStatus {DefaultResource,18446744073709551615,18446744073709551615,18446744071318973865,60530953333,0,-1,N/A}
Quick Memory Usage Overview:
Used Capacity: 0, 52888587462
------------------------------------------
Executing script file: /home/umeshsum/tpch_queries/11.sql
[32m(release)[0m> select
[32m(release)[0m> 	ps_partkey,
[32m(release)[0m> 	sum(ps_supplycost * ps_availqty) as value
[32m(release)[0m> from
[32m(release)[0m> 	partsupp,
[32m(release)[0m> 	supplier,
[32m(release)[0m> 	nation
[32m(release)[0m> where
[32m(release)[0m> 	ps_suppkey = s_suppkey
[32m(release)[0m> 	and s_nationkey = n_nationkey
[32m(release)[0m> 	and n_name = 'GERMANY'
[32m(release)[0m> group by
[32m(release)[0m> 	ps_partkey having
[32m(release)[0m> 		sum(ps_supplycost * ps_availqty) > (
[32m(release)[0m> 			select
[32m(release)[0m> 				sum(ps_supplycost * ps_availqty) * 0.0001000000
[32m(release)[0m> 			from
[32m(release)[0m> 				partsupp,
[32m(release)[0m> 				supplier,
[32m(release)[0m> 				nation
[32m(release)[0m> 			where
[32m(release)[0m> 				ps_suppkey = s_suppkey
[32m(release)[0m> 				and s_nationkey = n_nationkey
[32m(release)[0m> 				and n_name = 'GERMANY'
[32m(release)[0m> 		)
[32m(release)[0m> order by
[32m(release)[0m> 	value desc;
VmRSS Change: 28 KB
===
0 rows total
Execution info: [PARSE: 72 µs 749 ns, SQL TRANSLATE: 220 µs 548 ns, OPTIMIZE: 4 ms 644 µs, LQP TRANSLATE: 184 µs 818 ns, EXECUTE: 163 ms 559 µs (wall time) | QUERY PLAN CACHE HITS: 0/1 statement(s)]
After reset, table use_count: 2
WARNING: Table still has 1 other owner(s) after pipeline reset!
Executing script file done
$:hsh clear_plan_caches
Cleared PQP and LQP caches
$:hsh clear_pipeline
Released last SQLPipeline
$:hsh reset_exec_pools
Reset execution pools (2, 3) bump pointers to start
$:hsh mem_usage
------------------------------------------
Memory Usage Statistics:
VmSize:	328127916 kB
VmRSS:	77324728 kB
1: MemResourceStatus {MigratedColumnsAggregate,18446744073709551615,63541608448,52888587462,0,0,1,N/A}
MemResourceStatus {NumaMonotonicResource,3,53687091200,0,0,0,1,0}
MemResourceStatus {NumaMonotonicResource,2,53687091200,0,0,0,0,0}
0: MemResourceStatus {MemManagerAggregate,18446744073709551615,53687091200,0,0,0,0,N/A}
1: MemResourceStatus {MemManagerAggregate,18446744073709551615,53687091200,0,0,0,1,N/A}
MemResourceStatus {DefaultResource,18446744073709551615,18446744073709551615,18446744071318973865,60530953333,0,-1,N/A}
Quick Memory Usage Overview:
Used Capacity: 0, 52888587462
------------------------------------------
Executing script file: /home/umeshsum/tpch_queries/11.sql
[32m(release)[0m> select
[32m(release)[0m> 	ps_partkey,
[32m(release)[0m> 	sum(ps_supplycost * ps_availqty) as value
[32m(release)[0m> from
[32m(release)[0m> 	partsupp,
[32m(release)[0m> 	supplier,
[32m(release)[0m> 	nation
[32m(release)[0m> where
[32m(release)[0m> 	ps_suppkey = s_suppkey
[32m(release)[0m> 	and s_nationkey = n_nationkey
[32m(release)[0m> 	and n_name = 'GERMANY'
[32m(release)[0m> group by
[32m(release)[0m> 	ps_partkey having
[32m(release)[0m> 		sum(ps_supplycost * ps_availqty) > (
[32m(release)[0m> 			select
[32m(release)[0m> 				sum(ps_supplycost * ps_availqty) * 0.0001000000
[32m(release)[0m> 			from
[32m(release)[0m> 				partsupp,
[32m(release)[0m> 				supplier,
[32m(release)[0m> 				nation
[32m(release)[0m> 			where
[32m(release)[0m> 				ps_suppkey = s_suppkey
[32m(release)[0m> 				and s_nationkey = n_nationkey
[32m(release)[0m> 				and n_name = 'GERMANY'
[32m(release)[0m> 		)
[32m(release)[0m> order by
[32m(release)[0m> 	value desc;
VmRSS Change: 18446744073709536596 KB
===
0 rows total
Execution info: [PARSE: 71 µs 199 ns, SQL TRANSLATE: 193 µs 958 ns, OPTIMIZE: 4 ms 517 µs, LQP TRANSLATE: 175 µs 108 ns, EXECUTE: 147 ms 624 µs (wall time) | QUERY PLAN CACHE HITS: 0/1 statement(s)]
After reset, table use_count: 2
WARNING: Table still has 1 other owner(s) after pipeline reset!
Executing script file done
$:hsh clear_plan_caches
Cleared PQP and LQP caches
$:hsh clear_pipeline
Released last SQLPipeline
$:hsh reset_exec_pools
Reset execution pools (2, 3) bump pointers to start
$:hsh mem_usage
------------------------------------------
Memory Usage Statistics:
VmSize:	328127916 kB
VmRSS:	77309708 kB
1: MemResourceStatus {MigratedColumnsAggregate,18446744073709551615,63541608448,52888587462,0,0,1,N/A}
MemResourceStatus {NumaMonotonicResource,3,53687091200,0,0,0,1,0}
MemResourceStatus {NumaMonotonicResource,2,53687091200,0,0,0,0,0}
0: MemResourceStatus {MemManagerAggregate,18446744073709551615,53687091200,0,0,0,0,N/A}
1: MemResourceStatus {MemManagerAggregate,18446744073709551615,53687091200,0,0,0,1,N/A}
MemResourceStatus {DefaultResource,18446744073709551615,18446744073709551615,18446744071318973865,60530953333,0,-1,N/A}
Quick Memory Usage Overview:
Used Capacity: 0, 52888587462
------------------------------------------
Executing script file: /home/umeshsum/tpch_queries/11.sql
[32m(release)[0m> select
[32m(release)[0m> 	ps_partkey,
[32m(release)[0m> 	sum(ps_supplycost * ps_availqty) as value
[32m(release)[0m> from
[32m(release)[0m> 	partsupp,
[32m(release)[0m> 	supplier,
[32m(release)[0m> 	nation
[32m(release)[0m> where
[32m(release)[0m> 	ps_suppkey = s_suppkey
[32m(release)[0m> 	and s_nationkey = n_nationkey
[32m(release)[0m> 	and n_name = 'GERMANY'
[32m(release)[0m> group by
[32m(release)[0m> 	ps_partkey having
[32m(release)[0m> 		sum(ps_supplycost * ps_availqty) > (
[32m(release)[0m> 			select
[32m(release)[0m> 				sum(ps_supplycost * ps_availqty) * 0.0001000000
[32m(release)[0m> 			from
[32m(release)[0m> 				partsupp,
[32m(release)[0m> 				supplier,
[32m(release)[0m> 				nation
[32m(release)[0m> 			where
[32m(release)[0m> 				ps_suppkey = s_suppkey
[32m(release)[0m> 				and s_nationkey = n_nationkey
[32m(release)[0m> 				and n_name = 'GERMANY'
[32m(release)[0m> 		)
[32m(release)[0m> order by
[32m(release)[0m> 	value desc;
VmRSS Change: 148 KB
===
0 rows total
Execution info: [PARSE: 74 µs 719 ns, SQL TRANSLATE: 192 µs 478 ns, OPTIMIZE: 4 ms 510 µs, LQP TRANSLATE: 174 µs 298 ns, EXECUTE: 153 ms 592 µs (wall time) | QUERY PLAN CACHE HITS: 0/1 statement(s)]
After reset, table use_count: 2
WARNING: Table still has 1 other owner(s) after pipeline reset!
Executing script file done
$:hsh clear_plan_caches
Cleared PQP and LQP caches
$:hsh clear_pipeline
Released last SQLPipeline
$:hsh reset_exec_pools
Reset execution pools (2, 3) bump pointers to start
$:hsh mem_usage
------------------------------------------
Memory Usage Statistics:
VmSize:	328127916 kB
VmRSS:	77309856 kB
1: MemResourceStatus {MigratedColumnsAggregate,18446744073709551615,63541608448,52888587462,0,0,1,N/A}
MemResourceStatus {NumaMonotonicResource,3,53687091200,0,0,0,1,0}
MemResourceStatus {NumaMonotonicResource,2,53687091200,0,0,0,0,0}
0: MemResourceStatus {MemManagerAggregate,18446744073709551615,53687091200,0,0,0,0,N/A}
1: MemResourceStatus {MemManagerAggregate,18446744073709551615,53687091200,0,0,0,1,N/A}
MemResourceStatus {DefaultResource,18446744073709551615,18446744073709551615,18446744071318973865,60530953333,0,-1,N/A}
Quick Memory Usage Overview:
Used Capacity: 0, 52888587462
------------------------------------------
Executing script file: /home/umeshsum/tpch_queries/11.sql
[32m(release)[0m> select
[32m(release)[0m> 	ps_partkey,
[32m(release)[0m> 	sum(ps_supplycost * ps_availqty) as value
[32m(release)[0m> from
[32m(release)[0m> 	partsupp,
[32m(release)[0m> 	supplier,
[32m(release)[0m> 	nation
[32m(release)[0m> where
[32m(release)[0m> 	ps_suppkey = s_suppkey
[32m(release)[0m> 	and s_nationkey = n_nationkey
[32m(release)[0m> 	and n_name = 'GERMANY'
[32m(release)[0m> group by
[32m(release)[0m> 	ps_partkey having
[32m(release)[0m> 		sum(ps_supplycost * ps_availqty) > (
[32m(release)[0m> 			select
[32m(release)[0m> 				sum(ps_supplycost * ps_availqty) * 0.0001000000
[32m(release)[0m> 			from
[32m(release)[0m> 				partsupp,
[32m(release)[0m> 				supplier,
[32m(release)[0m> 				nation
[32m(release)[0m> 			where
[32m(release)[0m> 				ps_suppkey = s_suppkey
[32m(release)[0m> 				and s_nationkey = n_nationkey
[32m(release)[0m> 				and n_name = 'GERMANY'
[32m(release)[0m> 		)
[32m(release)[0m> order by
[32m(release)[0m> 	value desc;
VmRSS Change: 52 KB
===
0 rows total
Execution info: [PARSE: 72 µs 430 ns, SQL TRANSLATE: 197 µs 209 ns, OPTIMIZE: 4 ms 530 µs, LQP TRANSLATE: 173 µs 8 ns, EXECUTE: 153 ms 848 µs (wall time) | QUERY PLAN CACHE HITS: 0/1 statement(s)]
After reset, table use_count: 2
WARNING: Table still has 1 other owner(s) after pipeline reset!
Executing script file done
$:hsh clear_plan_caches
Cleared PQP and LQP caches
$:hsh clear_pipeline
Released last SQLPipeline
$:hsh reset_exec_pools
Reset execution pools (2, 3) bump pointers to start
$:hsh mem_usage
------------------------------------------
Memory Usage Statistics:
VmSize:	328127916 kB
VmRSS:	77309908 kB
1: MemResourceStatus {MigratedColumnsAggregate,18446744073709551615,63541608448,52888587462,0,0,1,N/A}
MemResourceStatus {NumaMonotonicResource,3,53687091200,0,0,0,1,0}
MemResourceStatus {NumaMonotonicResource,2,53687091200,0,0,0,0,0}
0: MemResourceStatus {MemManagerAggregate,18446744073709551615,53687091200,0,0,0,0,N/A}
1: MemResourceStatus {MemManagerAggregate,18446744073709551615,53687091200,0,0,0,1,N/A}
MemResourceStatus {DefaultResource,18446744073709551615,18446744073709551615,18446744071318973865,60530953333,0,-1,N/A}
Quick Memory Usage Overview:
Used Capacity: 0, 52888587462
------------------------------------------
Executing script file: /home/umeshsum/tpch_queries/11.sql
[32m(release)[0m> select
[32m(release)[0m> 	ps_partkey,
[32m(release)[0m> 	sum(ps_supplycost * ps_availqty) as value
[32m(release)[0m> from
[32m(release)[0m> 	partsupp,
[32m(release)[0m> 	supplier,
[32m(release)[0m> 	nation
[32m(release)[0m> where
[32m(release)[0m> 	ps_suppkey = s_suppkey
[32m(release)[0m> 	and s_nationkey = n_nationkey
[32m(release)[0m> 	and n_name = 'GERMANY'
[32m(release)[0m> group by
[32m(release)[0m> 	ps_partkey having
[32m(release)[0m> 		sum(ps_supplycost * ps_availqty) > (
[32m(release)[0m> 			select
[32m(release)[0m> 				sum(ps_supplycost * ps_availqty) * 0.0001000000
[32m(release)[0m> 			from
[32m(release)[0m> 				partsupp,
[32m(release)[0m> 				supplier,
[32m(release)[0m> 				nation
[32m(release)[0m> 			where
[32m(release)[0m> 				ps_suppkey = s_suppkey
[32m(release)[0m> 				and s_nationkey = n_nationkey
[32m(release)[0m> 				and n_name = 'GERMANY'
[32m(release)[0m> 		)
[32m(release)[0m> order by
[32m(release)[0m> 	value desc;
VmRSS Change: 88 KB
===
0 rows total
Execution info: [PARSE: 62 µs 519 ns, SQL TRANSLATE: 193 µs 388 ns, OPTIMIZE: 4 ms 588 µs, LQP TRANSLATE: 174 µs 79 ns, EXECUTE: 152 ms 832 µs (wall time) | QUERY PLAN CACHE HITS: 0/1 statement(s)]
After reset, table use_count: 2
WARNING: Table still has 1 other owner(s) after pipeline reset!
Executing script file done
$:hsh clear_plan_caches
Cleared PQP and LQP caches
$:hsh clear_pipeline
Released last SQLPipeline
$:hsh reset_exec_pools
Reset execution pools (2, 3) bump pointers to start
$:hsh mem_usage
------------------------------------------
Memory Usage Statistics:
VmSize:	328127916 kB
VmRSS:	77309996 kB
1: MemResourceStatus {MigratedColumnsAggregate,18446744073709551615,63541608448,52888587462,0,0,1,N/A}
MemResourceStatus {NumaMonotonicResource,3,53687091200,0,0,0,1,0}
MemResourceStatus {NumaMonotonicResource,2,53687091200,0,0,0,0,0}
0: MemResourceStatus {MemManagerAggregate,18446744073709551615,53687091200,0,0,0,0,N/A}
1: MemResourceStatus {MemManagerAggregate,18446744073709551615,53687091200,0,0,0,1,N/A}
MemResourceStatus {DefaultResource,18446744073709551615,18446744073709551615,18446744071318973865,60530953333,0,-1,N/A}
Quick Memory Usage Overview:
Used Capacity: 0, 52888587462
------------------------------------------
Executing script file: /home/umeshsum/tpch_queries/11.sql
[32m(release)[0m> select
[32m(release)[0m> 	ps_partkey,
[32m(release)[0m> 	sum(ps_supplycost * ps_availqty) as value
[32m(release)[0m> from
[32m(release)[0m> 	partsupp,
[32m(release)[0m> 	supplier,
[32m(release)[0m> 	nation
[32m(release)[0m> where
[32m(release)[0m> 	ps_suppkey = s_suppkey
[32m(release)[0m> 	and s_nationkey = n_nationkey
[32m(release)[0m> 	and n_name = 'GERMANY'
[32m(release)[0m> group by
[32m(release)[0m> 	ps_partkey having
[32m(release)[0m> 		sum(ps_supplycost * ps_availqty) > (
[32m(release)[0m> 			select
[32m(release)[0m> 				sum(ps_supplycost * ps_availqty) * 0.0001000000
[32m(release)[0m> 			from
[32m(release)[0m> 				partsupp,
[32m(release)[0m> 				supplier,
[32m(release)[0m> 				nation
[32m(release)[0m> 			where
[32m(release)[0m> 				ps_suppkey = s_suppkey
[32m(release)[0m> 				and s_nationkey = n_nationkey
[32m(release)[0m> 				and n_name = 'GERMANY'
[32m(release)[0m> 		)
[32m(release)[0m> order by
[32m(release)[0m> 	value desc;
VmRSS Change: 18446744073709550920 KB
===
0 rows total
Execution info: [PARSE: 63 µs 909 ns, SQL TRANSLATE: 191 µs 468 ns, OPTIMIZE: 4 ms 473 µs, LQP TRANSLATE: 176 µs 129 ns, EXECUTE: 150 ms 210 µs (wall time) | QUERY PLAN CACHE HITS: 0/1 statement(s)]
After reset, table use_count: 2
WARNING: Table still has 1 other owner(s) after pipeline reset!
Executing script file done
$:hsh clear_plan_caches
Cleared PQP and LQP caches
$:hsh clear_pipeline
Released last SQLPipeline
$:hsh reset_exec_pools
Reset execution pools (2, 3) bump pointers to start
$:hsh mem_usage
------------------------------------------
Memory Usage Statistics:
VmSize:	328127916 kB
VmRSS:	77309300 kB
1: MemResourceStatus {MigratedColumnsAggregate,18446744073709551615,63541608448,52888587462,0,0,1,N/A}
MemResourceStatus {NumaMonotonicResource,3,53687091200,0,0,0,1,0}
MemResourceStatus {NumaMonotonicResource,2,53687091200,0,0,0,0,0}
0: MemResourceStatus {MemManagerAggregate,18446744073709551615,53687091200,0,0,0,0,N/A}
1: MemResourceStatus {MemManagerAggregate,18446744073709551615,53687091200,0,0,0,1,N/A}
MemResourceStatus {DefaultResource,18446744073709551615,18446744073709551615,18446744071318973865,60530953333,0,-1,N/A}
Quick Memory Usage Overview:
Used Capacity: 0, 52888587462
------------------------------------------
Executing script file: /home/umeshsum/tpch_queries/11.sql
[32m(release)[0m> select
[32m(release)[0m> 	ps_partkey,
[32m(release)[0m> 	sum(ps_supplycost * ps_availqty) as value
[32m(release)[0m> from
[32m(release)[0m> 	partsupp,
[32m(release)[0m> 	supplier,
[32m(release)[0m> 	nation
[32m(release)[0m> where
[32m(release)[0m> 	ps_suppkey = s_suppkey
[32m(release)[0m> 	and s_nationkey = n_nationkey
[32m(release)[0m> 	and n_name = 'GERMANY'
[32m(release)[0m> group by
[32m(release)[0m> 	ps_partkey having
[32m(release)[0m> 		sum(ps_supplycost * ps_availqty) > (
[32m(release)[0m> 			select
[32m(release)[0m> 				sum(ps_supplycost * ps_availqty) * 0.0001000000
[32m(release)[0m> 			from
[32m(release)[0m> 				partsupp,
[32m(release)[0m> 				supplier,
[32m(release)[0m> 				nation
[32m(release)[0m> 			where
[32m(release)[0m> 				ps_suppkey = s_suppkey
[32m(release)[0m> 				and s_nationkey = n_nationkey
[32m(release)[0m> 				and n_name = 'GERMANY'
[32m(release)[0m> 		)
[32m(release)[0m> order by
[32m(release)[0m> 	value desc;
VmRSS Change: 18446744073709536664 KB
===
0 rows total
Execution info: [PARSE: 63 µs 710 ns, SQL TRANSLATE: 192 µs 38 ns, OPTIMIZE: 4 ms 567 µs, LQP TRANSLATE: 181 µs 18 ns, EXECUTE: 152 ms 201 µs (wall time) | QUERY PLAN CACHE HITS: 0/1 statement(s)]
After reset, table use_count: 2
WARNING: Table still has 1 other owner(s) after pipeline reset!
Executing script file done
$:hsh clear_plan_caches
Cleared PQP and LQP caches
$:hsh clear_pipeline
Released last SQLPipeline
$:hsh reset_exec_pools
Reset execution pools (2, 3) bump pointers to start
$:hsh mem_usage
------------------------------------------
Memory Usage Statistics:
VmSize:	328127916 kB
VmRSS:	77294332 kB
1: MemResourceStatus {MigratedColumnsAggregate,18446744073709551615,63541608448,52888587462,0,0,1,N/A}
MemResourceStatus {NumaMonotonicResource,3,53687091200,0,0,0,1,0}
MemResourceStatus {NumaMonotonicResource,2,53687091200,0,0,0,0,0}
0: MemResourceStatus {MemManagerAggregate,18446744073709551615,53687091200,0,0,0,0,N/A}
1: MemResourceStatus {MemManagerAggregate,18446744073709551615,53687091200,0,0,0,1,N/A}
MemResourceStatus {DefaultResource,18446744073709551615,18446744073709551615,18446744071318973865,60530953333,0,-1,N/A}
Quick Memory Usage Overview:
Used Capacity: 0, 52888587462
------------------------------------------
Executing script file: /home/umeshsum/tpch_queries/11.sql
[32m(release)[0m> select
[32m(release)[0m> 	ps_partkey,
[32m(release)[0m> 	sum(ps_supplycost * ps_availqty) as value
[32m(release)[0m> from
[32m(release)[0m> 	partsupp,
[32m(release)[0m> 	supplier,
[32m(release)[0m> 	nation
[32m(release)[0m> where
[32m(release)[0m> 	ps_suppkey = s_suppkey
[32m(release)[0m> 	and s_nationkey = n_nationkey
[32m(release)[0m> 	and n_name = 'GERMANY'
[32m(release)[0m> group by
[32m(release)[0m> 	ps_partkey having
[32m(release)[0m> 		sum(ps_supplycost * ps_availqty) > (
[32m(release)[0m> 			select
[32m(release)[0m> 				sum(ps_supplycost * ps_availqty) * 0.0001000000
[32m(release)[0m> 			from
[32m(release)[0m> 				partsupp,
[32m(release)[0m> 				supplier,
[32m(release)[0m> 				nation
[32m(release)[0m> 			where
[32m(release)[0m> 				ps_suppkey = s_suppkey
[32m(release)[0m> 				and s_nationkey = n_nationkey
[32m(release)[0m> 				and n_name = 'GERMANY'
[32m(release)[0m> 		)
[32m(release)[0m> order by
[32m(release)[0m> 	value desc;
VmRSS Change: 18446744073709551204 KB
===
0 rows total
Execution info: [PARSE: 78 µs 9 ns, SQL TRANSLATE: 191 µs 788 ns, OPTIMIZE: 4 ms 542 µs, LQP TRANSLATE: 175 µs 568 ns, EXECUTE: 147 ms 535 µs (wall time) | QUERY PLAN CACHE HITS: 0/1 statement(s)]
After reset, table use_count: 2
WARNING: Table still has 1 other owner(s) after pipeline reset!
Executing script file done
$:hsh clear_plan_caches
Cleared PQP and LQP caches
$:hsh clear_pipeline
Released last SQLPipeline
$:hsh reset_exec_pools
Reset execution pools (2, 3) bump pointers to start
$:hsh mem_usage
------------------------------------------
Memory Usage Statistics:
VmSize:	328127916 kB
VmRSS:	77293920 kB
1: MemResourceStatus {MigratedColumnsAggregate,18446744073709551615,63541608448,52888587462,0,0,1,N/A}
MemResourceStatus {NumaMonotonicResource,3,53687091200,0,0,0,1,0}
MemResourceStatus {NumaMonotonicResource,2,53687091200,0,0,0,0,0}
0: MemResourceStatus {MemManagerAggregate,18446744073709551615,53687091200,0,0,0,0,N/A}
1: MemResourceStatus {MemManagerAggregate,18446744073709551615,53687091200,0,0,0,1,N/A}
MemResourceStatus {DefaultResource,18446744073709551615,18446744073709551615,18446744071318973865,60530953333,0,-1,N/A}
Quick Memory Usage Overview:
Used Capacity: 0, 52888587462
------------------------------------------
Executing script file: /home/umeshsum/tpch_queries/11.sql
[32m(release)[0m> select
[32m(release)[0m> 	ps_partkey,
[32m(release)[0m> 	sum(ps_supplycost * ps_availqty) as value
[32m(release)[0m> from
[32m(release)[0m> 	partsupp,
[32m(release)[0m> 	supplier,
[32m(release)[0m> 	nation
[32m(release)[0m> where
[32m(release)[0m> 	ps_suppkey = s_suppkey
[32m(release)[0m> 	and s_nationkey = n_nationkey
[32m(release)[0m> 	and n_name = 'GERMANY'
[32m(release)[0m> group by
[32m(release)[0m> 	ps_partkey having
[32m(release)[0m> 		sum(ps_supplycost * ps_availqty) > (
[32m(release)[0m> 			select
[32m(release)[0m> 				sum(ps_supplycost * ps_availqty) * 0.0001000000
[32m(release)[0m> 			from
[32m(release)[0m> 				partsupp,
[32m(release)[0m> 				supplier,
[32m(release)[0m> 				nation
[32m(release)[0m> 			where
[32m(release)[0m> 				ps_suppkey = s_suppkey
[32m(release)[0m> 				and s_nationkey = n_nationkey
[32m(release)[0m> 				and n_name = 'GERMANY'
[32m(release)[0m> 		)
[32m(release)[0m> order by
[32m(release)[0m> 	value desc;
VmRSS Change: 20 KB
===
0 rows total
Execution info: [PARSE: 63 µs 0 ns, SQL TRANSLATE: 202 µs 278 ns, OPTIMIZE: 4 ms 587 µs, LQP TRANSLATE: 173 µs 698 ns, EXECUTE: 155 ms 268 µs (wall time) | QUERY PLAN CACHE HITS: 0/1 statement(s)]
After reset, table use_count: 2
WARNING: Table still has 1 other owner(s) after pipeline reset!
Executing script file done
$:hsh clear_plan_caches
Cleared PQP and LQP caches
$:hsh clear_pipeline
Released last SQLPipeline
$:hsh reset_exec_pools
Reset execution pools (2, 3) bump pointers to start
$:hsh mem_usage
------------------------------------------
Memory Usage Statistics:
VmSize:	328127916 kB
VmRSS:	77293940 kB
1: MemResourceStatus {MigratedColumnsAggregate,18446744073709551615,63541608448,52888587462,0,0,1,N/A}
MemResourceStatus {NumaMonotonicResource,3,53687091200,0,0,0,1,0}
MemResourceStatus {NumaMonotonicResource,2,53687091200,0,0,0,0,0}
0: MemResourceStatus {MemManagerAggregate,18446744073709551615,53687091200,0,0,0,0,N/A}
1: MemResourceStatus {MemManagerAggregate,18446744073709551615,53687091200,0,0,0,1,N/A}
MemResourceStatus {DefaultResource,18446744073709551615,18446744073709551615,18446744071318973865,60530953333,0,-1,N/A}
Quick Memory Usage Overview:
Used Capacity: 0, 52888587462
------------------------------------------
Executing script file: /home/umeshsum/tpch_queries/11.sql
[32m(release)[0m> select
[32m(release)[0m> 	ps_partkey,
[32m(release)[0m> 	sum(ps_supplycost * ps_availqty) as value
[32m(release)[0m> from
[32m(release)[0m> 	partsupp,
[32m(release)[0m> 	supplier,
[32m(release)[0m> 	nation
[32m(release)[0m> where
[32m(release)[0m> 	ps_suppkey = s_suppkey
[32m(release)[0m> 	and s_nationkey = n_nationkey
[32m(release)[0m> 	and n_name = 'GERMANY'
[32m(release)[0m> group by
[32m(release)[0m> 	ps_partkey having
[32m(release)[0m> 		sum(ps_supplycost * ps_availqty) > (
[32m(release)[0m> 			select
[32m(release)[0m> 				sum(ps_supplycost * ps_availqty) * 0.0001000000
[32m(release)[0m> 			from
[32m(release)[0m> 				partsupp,
[32m(release)[0m> 				supplier,
[32m(release)[0m> 				nation
[32m(release)[0m> 			where
[32m(release)[0m> 				ps_suppkey = s_suppkey
[32m(release)[0m> 				and s_nationkey = n_nationkey
[32m(release)[0m> 				and n_name = 'GERMANY'
[32m(release)[0m> 		)
[32m(release)[0m> order by
[32m(release)[0m> 	value desc;
VmRSS Change: 48 KB
===
0 rows total
Execution info: [PARSE: 65 µs 299 ns, SQL TRANSLATE: 193 µs 18 ns, OPTIMIZE: 4 ms 590 µs, LQP TRANSLATE: 176 µs 399 ns, EXECUTE: 156 ms 347 µs (wall time) | QUERY PLAN CACHE HITS: 0/1 statement(s)]
After reset, table use_count: 2
WARNING: Table still has 1 other owner(s) after pipeline reset!
Executing script file done
$:hsh clear_plan_caches
Cleared PQP and LQP caches
$:hsh clear_pipeline
Released last SQLPipeline
$:hsh reset_exec_pools
Reset execution pools (2, 3) bump pointers to start
$:hsh mem_usage
------------------------------------------
Memory Usage Statistics:
VmSize:	328127916 kB
VmRSS:	77293988 kB
1: MemResourceStatus {MigratedColumnsAggregate,18446744073709551615,63541608448,52888587462,0,0,1,N/A}
MemResourceStatus {NumaMonotonicResource,3,53687091200,0,0,0,1,0}
MemResourceStatus {NumaMonotonicResource,2,53687091200,0,0,0,0,0}
0: MemResourceStatus {MemManagerAggregate,18446744073709551615,53687091200,0,0,0,0,N/A}
1: MemResourceStatus {MemManagerAggregate,18446744073709551615,53687091200,0,0,0,1,N/A}
MemResourceStatus {DefaultResource,18446744073709551615,18446744073709551615,18446744071318973865,60530953333,0,-1,N/A}
Quick Memory Usage Overview:
Used Capacity: 0, 52888587462
------------------------------------------
Executing script file: /home/umeshsum/tpch_queries/11.sql
[32m(release)[0m> select
[32m(release)[0m> 	ps_partkey,
[32m(release)[0m> 	sum(ps_supplycost * ps_availqty) as value
[32m(release)[0m> from
[32m(release)[0m> 	partsupp,
[32m(release)[0m> 	supplier,
[32m(release)[0m> 	nation
[32m(release)[0m> where
[32m(release)[0m> 	ps_suppkey = s_suppkey
[32m(release)[0m> 	and s_nationkey = n_nationkey
[32m(release)[0m> 	and n_name = 'GERMANY'
[32m(release)[0m> group by
[32m(release)[0m> 	ps_partkey having
[32m(release)[0m> 		sum(ps_supplycost * ps_availqty) > (
[32m(release)[0m> 			select
[32m(release)[0m> 				sum(ps_supplycost * ps_availqty) * 0.0001000000
[32m(release)[0m> 			from
[32m(release)[0m> 				partsupp,
[32m(release)[0m> 				supplier,
[32m(release)[0m> 				nation
[32m(release)[0m> 			where
[32m(release)[0m> 				ps_suppkey = s_suppkey
[32m(release)[0m> 				and s_nationkey = n_nationkey
[32m(release)[0m> 				and n_name = 'GERMANY'
[32m(release)[0m> 		)
[32m(release)[0m> order by
[32m(release)[0m> 	value desc;
VmRSS Change: 40 KB
===
0 rows total
Execution info: [PARSE: 63 µs 950 ns, SQL TRANSLATE: 192 µs 679 ns, OPTIMIZE: 4 ms 637 µs, LQP TRANSLATE: 176 µs 729 ns, EXECUTE: 158 ms 240 µs (wall time) | QUERY PLAN CACHE HITS: 0/1 statement(s)]
After reset, table use_count: 2
WARNING: Table still has 1 other owner(s) after pipeline reset!
Executing script file done
$:hsh clear_plan_caches
Cleared PQP and LQP caches
$:hsh clear_pipeline
Released last SQLPipeline
$:hsh reset_exec_pools
Reset execution pools (2, 3) bump pointers to start
$:hsh mem_usage
------------------------------------------
Memory Usage Statistics:
VmSize:	328127916 kB
VmRSS:	77294028 kB
1: MemResourceStatus {MigratedColumnsAggregate,18446744073709551615,63541608448,52888587462,0,0,1,N/A}
MemResourceStatus {NumaMonotonicResource,3,53687091200,0,0,0,1,0}
MemResourceStatus {NumaMonotonicResource,2,53687091200,0,0,0,0,0}
0: MemResourceStatus {MemManagerAggregate,18446744073709551615,53687091200,0,0,0,0,N/A}
1: MemResourceStatus {MemManagerAggregate,18446744073709551615,53687091200,0,0,0,1,N/A}
MemResourceStatus {DefaultResource,18446744073709551615,18446744073709551615,18446744071318973865,60530953333,0,-1,N/A}
Quick Memory Usage Overview:
Used Capacity: 0, 52888587462
------------------------------------------
Label set to d53687091200_tf1000000000000_q12
$:hsh clear_plan_caches
Cleared PQP and LQP caches
$:hsh clear_pipeline
Released last SQLPipeline
$:hsh reset_exec_pools
Reset execution pools (2, 3) bump pointers to start
$:hsh mem_usage
------------------------------------------
Memory Usage Statistics:
VmSize:	328127916 kB
VmRSS:	77294028 kB
1: MemResourceStatus {MigratedColumnsAggregate,18446744073709551615,63541608448,52888587462,0,0,1,N/A}
MemResourceStatus {NumaMonotonicResource,3,53687091200,0,0,0,1,0}
MemResourceStatus {NumaMonotonicResource,2,53687091200,0,0,0,0,0}
0: MemResourceStatus {MemManagerAggregate,18446744073709551615,53687091200,0,0,0,0,N/A}
1: MemResourceStatus {MemManagerAggregate,18446744073709551615,53687091200,0,0,0,1,N/A}
MemResourceStatus {DefaultResource,18446744073709551615,18446744073709551615,18446744071318973865,60530953333,0,-1,N/A}
Quick Memory Usage Overview:
Used Capacity: 0, 52888587462
------------------------------------------
Executing script file: /home/umeshsum/tpch_queries/12.sql
[32m(release)[0m> select
[32m(release)[0m> 	l_shipmode,
[32m(release)[0m> 	sum(case
[32m(release)[0m> 		when o_orderpriority = '1-URGENT'
[32m(release)[0m> 			or o_orderpriority = '2-HIGH'
[32m(release)[0m> 			then 1
[32m(release)[0m> 		else 0
[32m(release)[0m> 	end) as high_line_count,
[32m(release)[0m> 	sum(case
[32m(release)[0m> 		when o_orderpriority <> '1-URGENT'
[32m(release)[0m> 			and o_orderpriority <> '2-HIGH'
[32m(release)[0m> 			then 1
[32m(release)[0m> 		else 0
[32m(release)[0m> 	end) as low_line_count
[32m(release)[0m> from
[32m(release)[0m> 	orders,
[32m(release)[0m> 	lineitem
[32m(release)[0m> where
[32m(release)[0m> 	o_orderkey = l_orderkey
[32m(release)[0m> 	and l_shipmode in ('MAIL', 'SHIP')
[32m(release)[0m> 	and l_commitdate < l_receiptdate
[32m(release)[0m> 	and l_shipdate < l_commitdate
[32m(release)[0m> 	and l_receiptdate >= date '1994-01-01'
[32m(release)[0m> 	and l_receiptdate < date '1994-01-01' + interval '1' year
[32m(release)[0m> group by
[32m(release)[0m> 	l_shipmode
[32m(release)[0m> order by
[32m(release)[0m> 	l_shipmode;
VmRSS Change: 1700 KB
===
2 rows total
Execution info: [PARSE: 84 µs 779 ns, SQL TRANSLATE: 264 µs 38 ns, OPTIMIZE: 4 ms 257 µs, LQP TRANSLATE: 211 µs 8 ns, EXECUTE: 1 s 997 ms (wall time) | QUERY PLAN CACHE HITS: 0/1 statement(s)]
After reset, table use_count: 2
WARNING: Table still has 1 other owner(s) after pipeline reset!
Executing script file done
$:hsh clear_plan_caches
Cleared PQP and LQP caches
$:hsh clear_pipeline
Released last SQLPipeline
$:hsh reset_exec_pools
Reset execution pools (2, 3) bump pointers to start
$:hsh mem_usage
------------------------------------------
Memory Usage Statistics:
VmSize:	328129968 kB
VmRSS:	77295528 kB
1: MemResourceStatus {MigratedColumnsAggregate,18446744073709551615,63541608448,52888587462,0,0,1,N/A}
MemResourceStatus {NumaMonotonicResource,3,53687091200,0,0,0,1,0}
MemResourceStatus {NumaMonotonicResource,2,53687091200,0,0,0,0,0}
0: MemResourceStatus {MemManagerAggregate,18446744073709551615,53687091200,0,0,0,0,N/A}
1: MemResourceStatus {MemManagerAggregate,18446744073709551615,53687091200,0,0,0,1,N/A}
MemResourceStatus {DefaultResource,18446744073709551615,18446744073709551615,18446744071318973865,60530953333,0,-1,N/A}
Quick Memory Usage Overview:
Used Capacity: 0, 52888587462
------------------------------------------
Executing script file: /home/umeshsum/tpch_queries/12.sql
[32m(release)[0m> select
[32m(release)[0m> 	l_shipmode,
[32m(release)[0m> 	sum(case
[32m(release)[0m> 		when o_orderpriority = '1-URGENT'
[32m(release)[0m> 			or o_orderpriority = '2-HIGH'
[32m(release)[0m> 			then 1
[32m(release)[0m> 		else 0
[32m(release)[0m> 	end) as high_line_count,
[32m(release)[0m> 	sum(case
[32m(release)[0m> 		when o_orderpriority <> '1-URGENT'
[32m(release)[0m> 			and o_orderpriority <> '2-HIGH'
[32m(release)[0m> 			then 1
[32m(release)[0m> 		else 0
[32m(release)[0m> 	end) as low_line_count
[32m(release)[0m> from
[32m(release)[0m> 	orders,
[32m(release)[0m> 	lineitem
[32m(release)[0m> where
[32m(release)[0m> 	o_orderkey = l_orderkey
[32m(release)[0m> 	and l_shipmode in ('MAIL', 'SHIP')
[32m(release)[0m> 	and l_commitdate < l_receiptdate
[32m(release)[0m> 	and l_shipdate < l_commitdate
[32m(release)[0m> 	and l_receiptdate >= date '1994-01-01'
[32m(release)[0m> 	and l_receiptdate < date '1994-01-01' + interval '1' year
[32m(release)[0m> group by
[32m(release)[0m> 	l_shipmode
[32m(release)[0m> order by
[32m(release)[0m> 	l_shipmode;
VmRSS Change: 4820 KB
===
2 rows total
Execution info: [PARSE: 73 µs 149 ns, SQL TRANSLATE: 184 µs 768 ns, OPTIMIZE: 4 ms 350 µs, LQP TRANSLATE: 214 µs 47 ns, EXECUTE: 2 s 3 ms (wall time) | QUERY PLAN CACHE HITS: 0/1 statement(s)]
After reset, table use_count: 2
WARNING: Table still has 1 other owner(s) after pipeline reset!
Executing script file done
$:hsh clear_plan_caches
Cleared PQP and LQP caches
$:hsh clear_pipeline
Released last SQLPipeline
$:hsh reset_exec_pools
Reset execution pools (2, 3) bump pointers to start
$:hsh mem_usage
------------------------------------------
Memory Usage Statistics:
VmSize:	328129968 kB
VmRSS:	77300284 kB
1: MemResourceStatus {MigratedColumnsAggregate,18446744073709551615,63541608448,52888587462,0,0,1,N/A}
MemResourceStatus {NumaMonotonicResource,3,53687091200,0,0,0,1,0}
MemResourceStatus {NumaMonotonicResource,2,53687091200,0,0,0,0,0}
0: MemResourceStatus {MemManagerAggregate,18446744073709551615,53687091200,0,0,0,0,N/A}
1: MemResourceStatus {MemManagerAggregate,18446744073709551615,53687091200,0,0,0,1,N/A}
MemResourceStatus {DefaultResource,18446744073709551615,18446744073709551615,18446744071318973865,60530953333,0,-1,N/A}
Quick Memory Usage Overview:
Used Capacity: 0, 52888587462
------------------------------------------
Executing script file: /home/umeshsum/tpch_queries/12.sql
[32m(release)[0m> select
[32m(release)[0m> 	l_shipmode,
[32m(release)[0m> 	sum(case
[32m(release)[0m> 		when o_orderpriority = '1-URGENT'
[32m(release)[0m> 			or o_orderpriority = '2-HIGH'
[32m(release)[0m> 			then 1
[32m(release)[0m> 		else 0
[32m(release)[0m> 	end) as high_line_count,
[32m(release)[0m> 	sum(case
[32m(release)[0m> 		when o_orderpriority <> '1-URGENT'
[32m(release)[0m> 			and o_orderpriority <> '2-HIGH'
[32m(release)[0m> 			then 1
[32m(release)[0m> 		else 0
[32m(release)[0m> 	end) as low_line_count
[32m(release)[0m> from
[32m(release)[0m> 	orders,
[32m(release)[0m> 	lineitem
[32m(release)[0m> where
[32m(release)[0m> 	o_orderkey = l_orderkey
[32m(release)[0m> 	and l_shipmode in ('MAIL', 'SHIP')
[32m(release)[0m> 	and l_commitdate < l_receiptdate
[32m(release)[0m> 	and l_shipdate < l_commitdate
[32m(release)[0m> 	and l_receiptdate >= date '1994-01-01'
[32m(release)[0m> 	and l_receiptdate < date '1994-01-01' + interval '1' year
[32m(release)[0m> group by
[32m(release)[0m> 	l_shipmode
[32m(release)[0m> order by
[32m(release)[0m> 	l_shipmode;
VmRSS Change: 2440 KB
===
2 rows total
Execution info: [PARSE: 38 µs 520 ns, SQL TRANSLATE: 99 µs 79 ns, OPTIMIZE: 2 ms 476 µs, LQP TRANSLATE: 88 µs 159 ns, EXECUTE: 1 s 984 ms (wall time) | QUERY PLAN CACHE HITS: 0/1 statement(s)]
After reset, table use_count: 2
WARNING: Table still has 1 other owner(s) after pipeline reset!
Executing script file done
$:hsh clear_plan_caches
Cleared PQP and LQP caches
$:hsh clear_pipeline
Released last SQLPipeline
$:hsh reset_exec_pools
Reset execution pools (2, 3) bump pointers to start
$:hsh mem_usage
------------------------------------------
Memory Usage Statistics:
VmSize:	328132020 kB
VmRSS:	77302704 kB
1: MemResourceStatus {MigratedColumnsAggregate,18446744073709551615,63541608448,52888587462,0,0,1,N/A}
MemResourceStatus {NumaMonotonicResource,3,53687091200,0,0,0,1,0}
MemResourceStatus {NumaMonotonicResource,2,53687091200,0,0,0,0,0}
0: MemResourceStatus {MemManagerAggregate,18446744073709551615,53687091200,0,0,0,0,N/A}
1: MemResourceStatus {MemManagerAggregate,18446744073709551615,53687091200,0,0,0,1,N/A}
MemResourceStatus {DefaultResource,18446744073709551615,18446744073709551615,18446744071318973865,60530953333,0,-1,N/A}
Quick Memory Usage Overview:
Used Capacity: 0, 52888587462
------------------------------------------
Executing script file: /home/umeshsum/tpch_queries/12.sql
[32m(release)[0m> select
[32m(release)[0m> 	l_shipmode,
[32m(release)[0m> 	sum(case
[32m(release)[0m> 		when o_orderpriority = '1-URGENT'
[32m(release)[0m> 			or o_orderpriority = '2-HIGH'
[32m(release)[0m> 			then 1
[32m(release)[0m> 		else 0
[32m(release)[0m> 	end) as high_line_count,
[32m(release)[0m> 	sum(case
[32m(release)[0m> 		when o_orderpriority <> '1-URGENT'
[32m(release)[0m> 			and o_orderpriority <> '2-HIGH'
[32m(release)[0m> 			then 1
[32m(release)[0m> 		else 0
[32m(release)[0m> 	end) as low_line_count
[32m(release)[0m> from
[32m(release)[0m> 	orders,
[32m(release)[0m> 	lineitem
[32m(release)[0m> where
[32m(release)[0m> 	o_orderkey = l_orderkey
[32m(release)[0m> 	and l_shipmode in ('MAIL', 'SHIP')
[32m(release)[0m> 	and l_commitdate < l_receiptdate
[32m(release)[0m> 	and l_shipdate < l_commitdate
[32m(release)[0m> 	and l_receiptdate >= date '1994-01-01'
[32m(release)[0m> 	and l_receiptdate < date '1994-01-01' + interval '1' year
[32m(release)[0m> group by
[32m(release)[0m> 	l_shipmode
[32m(release)[0m> order by
[32m(release)[0m> 	l_shipmode;
VmRSS Change: 3144 KB
===
2 rows total
Execution info: [PARSE: 75 µs 49 ns, SQL TRANSLATE: 192 µs 88 ns, OPTIMIZE: 4 ms 168 µs, LQP TRANSLATE: 224 µs 18 ns, EXECUTE: 1 s 990 ms (wall time) | QUERY PLAN CACHE HITS: 0/1 statement(s)]
After reset, table use_count: 2
WARNING: Table still has 1 other owner(s) after pipeline reset!
Executing script file done
$:hsh clear_plan_caches
Cleared PQP and LQP caches
$:hsh clear_pipeline
Released last SQLPipeline
$:hsh reset_exec_pools
Reset execution pools (2, 3) bump pointers to start
$:hsh mem_usage
------------------------------------------
Memory Usage Statistics:
VmSize:	328132020 kB
VmRSS:	77305832 kB
1: MemResourceStatus {MigratedColumnsAggregate,18446744073709551615,63541608448,52888587462,0,0,1,N/A}
MemResourceStatus {NumaMonotonicResource,3,53687091200,0,0,0,1,0}
MemResourceStatus {NumaMonotonicResource,2,53687091200,0,0,0,0,0}
0: MemResourceStatus {MemManagerAggregate,18446744073709551615,53687091200,0,0,0,0,N/A}
1: MemResourceStatus {MemManagerAggregate,18446744073709551615,53687091200,0,0,0,1,N/A}
MemResourceStatus {DefaultResource,18446744073709551615,18446744073709551615,18446744071318973865,60530953333,0,-1,N/A}
Quick Memory Usage Overview:
Used Capacity: 0, 52888587462
------------------------------------------
Executing script file: /home/umeshsum/tpch_queries/12.sql
[32m(release)[0m> select
[32m(release)[0m> 	l_shipmode,
[32m(release)[0m> 	sum(case
[32m(release)[0m> 		when o_orderpriority = '1-URGENT'
[32m(release)[0m> 			or o_orderpriority = '2-HIGH'
[32m(release)[0m> 			then 1
[32m(release)[0m> 		else 0
[32m(release)[0m> 	end) as high_line_count,
[32m(release)[0m> 	sum(case
[32m(release)[0m> 		when o_orderpriority <> '1-URGENT'
[32m(release)[0m> 			and o_orderpriority <> '2-HIGH'
[32m(release)[0m> 			then 1
[32m(release)[0m> 		else 0
[32m(release)[0m> 	end) as low_line_count
[32m(release)[0m> from
[32m(release)[0m> 	orders,
[32m(release)[0m> 	lineitem
[32m(release)[0m> where
[32m(release)[0m> 	o_orderkey = l_orderkey
[32m(release)[0m> 	and l_shipmode in ('MAIL', 'SHIP')
[32m(release)[0m> 	and l_commitdate < l_receiptdate
[32m(release)[0m> 	and l_shipdate < l_commitdate
[32m(release)[0m> 	and l_receiptdate >= date '1994-01-01'
[32m(release)[0m> 	and l_receiptdate < date '1994-01-01' + interval '1' year
[32m(release)[0m> group by
[32m(release)[0m> 	l_shipmode
[32m(release)[0m> order by
[32m(release)[0m> 	l_shipmode;
VmRSS Change: 18446744073709551256 KB
===
2 rows total
Execution info: [PARSE: 75 µs 350 ns, SQL TRANSLATE: 216 µs 577 ns, OPTIMIZE: 4 ms 232 µs, LQP TRANSLATE: 211 µs 818 ns, EXECUTE: 2 s 0 ms (wall time) | QUERY PLAN CACHE HITS: 0/1 statement(s)]
After reset, table use_count: 2
WARNING: Table still has 1 other owner(s) after pipeline reset!
Executing script file done
$:hsh clear_plan_caches
Cleared PQP and LQP caches
$:hsh clear_pipeline
Released last SQLPipeline
$:hsh reset_exec_pools
Reset execution pools (2, 3) bump pointers to start
$:hsh mem_usage
------------------------------------------
Memory Usage Statistics:
VmSize:	328132020 kB
VmRSS:	77305464 kB
1: MemResourceStatus {MigratedColumnsAggregate,18446744073709551615,63541608448,52888587462,0,0,1,N/A}
MemResourceStatus {NumaMonotonicResource,3,53687091200,0,0,0,1,0}
MemResourceStatus {NumaMonotonicResource,2,53687091200,0,0,0,0,0}
0: MemResourceStatus {MemManagerAggregate,18446744073709551615,53687091200,0,0,0,0,N/A}
1: MemResourceStatus {MemManagerAggregate,18446744073709551615,53687091200,0,0,0,1,N/A}
MemResourceStatus {DefaultResource,18446744073709551615,18446744073709551615,18446744071318973865,60530953333,0,-1,N/A}
Quick Memory Usage Overview:
Used Capacity: 0, 52888587462
------------------------------------------
Executing script file: /home/umeshsum/tpch_queries/12.sql
[32m(release)[0m> select
[32m(release)[0m> 	l_shipmode,
[32m(release)[0m> 	sum(case
[32m(release)[0m> 		when o_orderpriority = '1-URGENT'
[32m(release)[0m> 			or o_orderpriority = '2-HIGH'
[32m(release)[0m> 			then 1
[32m(release)[0m> 		else 0
[32m(release)[0m> 	end) as high_line_count,
[32m(release)[0m> 	sum(case
[32m(release)[0m> 		when o_orderpriority <> '1-URGENT'
[32m(release)[0m> 			and o_orderpriority <> '2-HIGH'
[32m(release)[0m> 			then 1
[32m(release)[0m> 		else 0
[32m(release)[0m> 	end) as low_line_count
[32m(release)[0m> from
[32m(release)[0m> 	orders,
[32m(release)[0m> 	lineitem
[32m(release)[0m> where
[32m(release)[0m> 	o_orderkey = l_orderkey
[32m(release)[0m> 	and l_shipmode in ('MAIL', 'SHIP')
[32m(release)[0m> 	and l_commitdate < l_receiptdate
[32m(release)[0m> 	and l_shipdate < l_commitdate
[32m(release)[0m> 	and l_receiptdate >= date '1994-01-01'
[32m(release)[0m> 	and l_receiptdate < date '1994-01-01' + interval '1' year
[32m(release)[0m> group by
[32m(release)[0m> 	l_shipmode
[32m(release)[0m> order by
[32m(release)[0m> 	l_shipmode;
VmRSS Change: 2460 KB
===
2 rows total
Execution info: [PARSE: 78 µs 919 ns, SQL TRANSLATE: 209 µs 728 ns, OPTIMIZE: 4 ms 278 µs, LQP TRANSLATE: 207 µs 717 ns, EXECUTE: 1 s 973 ms (wall time) | QUERY PLAN CACHE HITS: 0/1 statement(s)]
After reset, table use_count: 2
WARNING: Table still has 1 other owner(s) after pipeline reset!
Executing script file done
$:hsh clear_plan_caches
Cleared PQP and LQP caches
$:hsh clear_pipeline
Released last SQLPipeline
$:hsh reset_exec_pools
Reset execution pools (2, 3) bump pointers to start
$:hsh mem_usage
------------------------------------------
Memory Usage Statistics:
VmSize:	328132020 kB
VmRSS:	77307796 kB
1: MemResourceStatus {MigratedColumnsAggregate,18446744073709551615,63541608448,52888587462,0,0,1,N/A}
MemResourceStatus {NumaMonotonicResource,3,53687091200,0,0,0,1,0}
MemResourceStatus {NumaMonotonicResource,2,53687091200,0,0,0,0,0}
0: MemResourceStatus {MemManagerAggregate,18446744073709551615,53687091200,0,0,0,0,N/A}
1: MemResourceStatus {MemManagerAggregate,18446744073709551615,53687091200,0,0,0,1,N/A}
MemResourceStatus {DefaultResource,18446744073709551615,18446744073709551615,18446744071318973865,60530953333,0,-1,N/A}
Quick Memory Usage Overview:
Used Capacity: 0, 52888587462
------------------------------------------
Executing script file: /home/umeshsum/tpch_queries/12.sql
[32m(release)[0m> select
[32m(release)[0m> 	l_shipmode,
[32m(release)[0m> 	sum(case
[32m(release)[0m> 		when o_orderpriority = '1-URGENT'
[32m(release)[0m> 			or o_orderpriority = '2-HIGH'
[32m(release)[0m> 			then 1
[32m(release)[0m> 		else 0
[32m(release)[0m> 	end) as high_line_count,
[32m(release)[0m> 	sum(case
[32m(release)[0m> 		when o_orderpriority <> '1-URGENT'
[32m(release)[0m> 			and o_orderpriority <> '2-HIGH'
[32m(release)[0m> 			then 1
[32m(release)[0m> 		else 0
[32m(release)[0m> 	end) as low_line_count
[32m(release)[0m> from
[32m(release)[0m> 	orders,
[32m(release)[0m> 	lineitem
[32m(release)[0m> where
[32m(release)[0m> 	o_orderkey = l_orderkey
[32m(release)[0m> 	and l_shipmode in ('MAIL', 'SHIP')
[32m(release)[0m> 	and l_commitdate < l_receiptdate
[32m(release)[0m> 	and l_shipdate < l_commitdate
[32m(release)[0m> 	and l_receiptdate >= date '1994-01-01'
[32m(release)[0m> 	and l_receiptdate < date '1994-01-01' + interval '1' year
[32m(release)[0m> group by
[32m(release)[0m> 	l_shipmode
[32m(release)[0m> order by
[32m(release)[0m> 	l_shipmode;
VmRSS Change: 776 KB
===
2 rows total
Execution info: [PARSE: 78 µs 859 ns, SQL TRANSLATE: 241 µs 828 ns, OPTIMIZE: 4 ms 319 µs, LQP TRANSLATE: 216 µs 307 ns, EXECUTE: 1 s 983 ms (wall time) | QUERY PLAN CACHE HITS: 0/1 statement(s)]
After reset, table use_count: 2
WARNING: Table still has 1 other owner(s) after pipeline reset!
Executing script file done
$:hsh clear_plan_caches
Cleared PQP and LQP caches
$:hsh clear_pipeline
Released last SQLPipeline
$:hsh reset_exec_pools
Reset execution pools (2, 3) bump pointers to start
$:hsh mem_usage
------------------------------------------
Memory Usage Statistics:
VmSize:	328134072 kB
VmRSS:	77308568 kB
1: MemResourceStatus {MigratedColumnsAggregate,18446744073709551615,63541608448,52888587462,0,0,1,N/A}
MemResourceStatus {NumaMonotonicResource,3,53687091200,0,0,0,1,0}
MemResourceStatus {NumaMonotonicResource,2,53687091200,0,0,0,0,0}
0: MemResourceStatus {MemManagerAggregate,18446744073709551615,53687091200,0,0,0,0,N/A}
1: MemResourceStatus {MemManagerAggregate,18446744073709551615,53687091200,0,0,0,1,N/A}
MemResourceStatus {DefaultResource,18446744073709551615,18446744073709551615,18446744071318973865,60530953333,0,-1,N/A}
Quick Memory Usage Overview:
Used Capacity: 0, 52888587462
------------------------------------------
Executing script file: /home/umeshsum/tpch_queries/12.sql
[32m(release)[0m> select
[32m(release)[0m> 	l_shipmode,
[32m(release)[0m> 	sum(case
[32m(release)[0m> 		when o_orderpriority = '1-URGENT'
[32m(release)[0m> 			or o_orderpriority = '2-HIGH'
[32m(release)[0m> 			then 1
[32m(release)[0m> 		else 0
[32m(release)[0m> 	end) as high_line_count,
[32m(release)[0m> 	sum(case
[32m(release)[0m> 		when o_orderpriority <> '1-URGENT'
[32m(release)[0m> 			and o_orderpriority <> '2-HIGH'
[32m(release)[0m> 			then 1
[32m(release)[0m> 		else 0
[32m(release)[0m> 	end) as low_line_count
[32m(release)[0m> from
[32m(release)[0m> 	orders,
[32m(release)[0m> 	lineitem
[32m(release)[0m> where
[32m(release)[0m> 	o_orderkey = l_orderkey
[32m(release)[0m> 	and l_shipmode in ('MAIL', 'SHIP')
[32m(release)[0m> 	and l_commitdate < l_receiptdate
[32m(release)[0m> 	and l_shipdate < l_commitdate
[32m(release)[0m> 	and l_receiptdate >= date '1994-01-01'
[32m(release)[0m> 	and l_receiptdate < date '1994-01-01' + interval '1' year
[32m(release)[0m> group by
[32m(release)[0m> 	l_shipmode
[32m(release)[0m> order by
[32m(release)[0m> 	l_shipmode;
VmRSS Change: 18446744073709545704 KB
===
2 rows total
Execution info: [PARSE: 84 µs 449 ns, SQL TRANSLATE: 187 µs 928 ns, OPTIMIZE: 4 ms 317 µs, LQP TRANSLATE: 205 µs 38 ns, EXECUTE: 1 s 988 ms (wall time) | QUERY PLAN CACHE HITS: 0/1 statement(s)]
After reset, table use_count: 2
WARNING: Table still has 1 other owner(s) after pipeline reset!
Executing script file done
$:hsh clear_plan_caches
Cleared PQP and LQP caches
$:hsh clear_pipeline
Released last SQLPipeline
$:hsh reset_exec_pools
Reset execution pools (2, 3) bump pointers to start
$:hsh mem_usage
------------------------------------------
Memory Usage Statistics:
VmSize:	328134072 kB
VmRSS:	77302644 kB
1: MemResourceStatus {MigratedColumnsAggregate,18446744073709551615,63541608448,52888587462,0,0,1,N/A}
MemResourceStatus {NumaMonotonicResource,3,53687091200,0,0,0,1,0}
MemResourceStatus {NumaMonotonicResource,2,53687091200,0,0,0,0,0}
0: MemResourceStatus {MemManagerAggregate,18446744073709551615,53687091200,0,0,0,0,N/A}
1: MemResourceStatus {MemManagerAggregate,18446744073709551615,53687091200,0,0,0,1,N/A}
MemResourceStatus {DefaultResource,18446744073709551615,18446744073709551615,18446744071318973865,60530953333,0,-1,N/A}
Quick Memory Usage Overview:
Used Capacity: 0, 52888587462
------------------------------------------
Executing script file: /home/umeshsum/tpch_queries/12.sql
[32m(release)[0m> select
[32m(release)[0m> 	l_shipmode,
[32m(release)[0m> 	sum(case
[32m(release)[0m> 		when o_orderpriority = '1-URGENT'
[32m(release)[0m> 			or o_orderpriority = '2-HIGH'
[32m(release)[0m> 			then 1
[32m(release)[0m> 		else 0
[32m(release)[0m> 	end) as high_line_count,
[32m(release)[0m> 	sum(case
[32m(release)[0m> 		when o_orderpriority <> '1-URGENT'
[32m(release)[0m> 			and o_orderpriority <> '2-HIGH'
[32m(release)[0m> 			then 1
[32m(release)[0m> 		else 0
[32m(release)[0m> 	end) as low_line_count
[32m(release)[0m> from
[32m(release)[0m> 	orders,
[32m(release)[0m> 	lineitem
[32m(release)[0m> where
[32m(release)[0m> 	o_orderkey = l_orderkey
[32m(release)[0m> 	and l_shipmode in ('MAIL', 'SHIP')
[32m(release)[0m> 	and l_commitdate < l_receiptdate
[32m(release)[0m> 	and l_shipdate < l_commitdate
[32m(release)[0m> 	and l_receiptdate >= date '1994-01-01'
[32m(release)[0m> 	and l_receiptdate < date '1994-01-01' + interval '1' year
[32m(release)[0m> group by
[32m(release)[0m> 	l_shipmode
[32m(release)[0m> order by
[32m(release)[0m> 	l_shipmode;
VmRSS Change: 2140 KB
===
2 rows total
Execution info: [PARSE: 79 µs 50 ns, SQL TRANSLATE: 200 µs 368 ns, OPTIMIZE: 4 ms 273 µs, LQP TRANSLATE: 204 µs 298 ns, EXECUTE: 1 s 976 ms (wall time) | QUERY PLAN CACHE HITS: 0/1 statement(s)]
After reset, table use_count: 2
WARNING: Table still has 1 other owner(s) after pipeline reset!
Executing script file done
$:hsh clear_plan_caches
Cleared PQP and LQP caches
$:hsh clear_pipeline
Released last SQLPipeline
$:hsh reset_exec_pools
Reset execution pools (2, 3) bump pointers to start
$:hsh mem_usage
------------------------------------------
Memory Usage Statistics:
VmSize:	328134072 kB
VmRSS:	77304780 kB
1: MemResourceStatus {MigratedColumnsAggregate,18446744073709551615,63541608448,52888587462,0,0,1,N/A}
MemResourceStatus {NumaMonotonicResource,3,53687091200,0,0,0,1,0}
MemResourceStatus {NumaMonotonicResource,2,53687091200,0,0,0,0,0}
0: MemResourceStatus {MemManagerAggregate,18446744073709551615,53687091200,0,0,0,0,N/A}
1: MemResourceStatus {MemManagerAggregate,18446744073709551615,53687091200,0,0,0,1,N/A}
MemResourceStatus {DefaultResource,18446744073709551615,18446744073709551615,18446744071318973865,60530953333,0,-1,N/A}
Quick Memory Usage Overview:
Used Capacity: 0, 52888587462
------------------------------------------
Executing script file: /home/umeshsum/tpch_queries/12.sql
[32m(release)[0m> select
[32m(release)[0m> 	l_shipmode,
[32m(release)[0m> 	sum(case
[32m(release)[0m> 		when o_orderpriority = '1-URGENT'
[32m(release)[0m> 			or o_orderpriority = '2-HIGH'
[32m(release)[0m> 			then 1
[32m(release)[0m> 		else 0
[32m(release)[0m> 	end) as high_line_count,
[32m(release)[0m> 	sum(case
[32m(release)[0m> 		when o_orderpriority <> '1-URGENT'
[32m(release)[0m> 			and o_orderpriority <> '2-HIGH'
[32m(release)[0m> 			then 1
[32m(release)[0m> 		else 0
[32m(release)[0m> 	end) as low_line_count
[32m(release)[0m> from
[32m(release)[0m> 	orders,
[32m(release)[0m> 	lineitem
[32m(release)[0m> where
[32m(release)[0m> 	o_orderkey = l_orderkey
[32m(release)[0m> 	and l_shipmode in ('MAIL', 'SHIP')
[32m(release)[0m> 	and l_commitdate < l_receiptdate
[32m(release)[0m> 	and l_shipdate < l_commitdate
[32m(release)[0m> 	and l_receiptdate >= date '1994-01-01'
[32m(release)[0m> 	and l_receiptdate < date '1994-01-01' + interval '1' year
[32m(release)[0m> group by
[32m(release)[0m> 	l_shipmode
[32m(release)[0m> order by
[32m(release)[0m> 	l_shipmode;
VmRSS Change: 18446744073709551584 KB
===
2 rows total
Execution info: [PARSE: 78 µs 30 ns, SQL TRANSLATE: 189 µs 608 ns, OPTIMIZE: 4 ms 293 µs, LQP TRANSLATE: 206 µs 28 ns, EXECUTE: 1 s 980 ms (wall time) | QUERY PLAN CACHE HITS: 0/1 statement(s)]
After reset, table use_count: 2
WARNING: Table still has 1 other owner(s) after pipeline reset!
Executing script file done
$:hsh clear_plan_caches
Cleared PQP and LQP caches
$:hsh clear_pipeline
Released last SQLPipeline
$:hsh reset_exec_pools
Reset execution pools (2, 3) bump pointers to start
$:hsh mem_usage
------------------------------------------
Memory Usage Statistics:
VmSize:	328134072 kB
VmRSS:	77304748 kB
1: MemResourceStatus {MigratedColumnsAggregate,18446744073709551615,63541608448,52888587462,0,0,1,N/A}
MemResourceStatus {NumaMonotonicResource,3,53687091200,0,0,0,1,0}
MemResourceStatus {NumaMonotonicResource,2,53687091200,0,0,0,0,0}
0: MemResourceStatus {MemManagerAggregate,18446744073709551615,53687091200,0,0,0,0,N/A}
1: MemResourceStatus {MemManagerAggregate,18446744073709551615,53687091200,0,0,0,1,N/A}
MemResourceStatus {DefaultResource,18446744073709551615,18446744073709551615,18446744071318973865,60530953333,0,-1,N/A}
Quick Memory Usage Overview:
Used Capacity: 0, 52888587462
------------------------------------------
Executing script file: /home/umeshsum/tpch_queries/12.sql
[32m(release)[0m> select
[32m(release)[0m> 	l_shipmode,
[32m(release)[0m> 	sum(case
[32m(release)[0m> 		when o_orderpriority = '1-URGENT'
[32m(release)[0m> 			or o_orderpriority = '2-HIGH'
[32m(release)[0m> 			then 1
[32m(release)[0m> 		else 0
[32m(release)[0m> 	end) as high_line_count,
[32m(release)[0m> 	sum(case
[32m(release)[0m> 		when o_orderpriority <> '1-URGENT'
[32m(release)[0m> 			and o_orderpriority <> '2-HIGH'
[32m(release)[0m> 			then 1
[32m(release)[0m> 		else 0
[32m(release)[0m> 	end) as low_line_count
[32m(release)[0m> from
[32m(release)[0m> 	orders,
[32m(release)[0m> 	lineitem
[32m(release)[0m> where
[32m(release)[0m> 	o_orderkey = l_orderkey
[32m(release)[0m> 	and l_shipmode in ('MAIL', 'SHIP')
[32m(release)[0m> 	and l_commitdate < l_receiptdate
[32m(release)[0m> 	and l_shipdate < l_commitdate
[32m(release)[0m> 	and l_receiptdate >= date '1994-01-01'
[32m(release)[0m> 	and l_receiptdate < date '1994-01-01' + interval '1' year
[32m(release)[0m> group by
[32m(release)[0m> 	l_shipmode
[32m(release)[0m> order by
[32m(release)[0m> 	l_shipmode;
VmRSS Change: 18446744073709550912 KB
===
2 rows total
Execution info: [PARSE: 75 µs 469 ns, SQL TRANSLATE: 190 µs 968 ns, OPTIMIZE: 4 ms 327 µs, LQP TRANSLATE: 203 µs 418 ns, EXECUTE: 1 s 985 ms (wall time) | QUERY PLAN CACHE HITS: 0/1 statement(s)]
After reset, table use_count: 2
WARNING: Table still has 1 other owner(s) after pipeline reset!
Executing script file done
$:hsh mem_usage
------------------------------------------
Memory Usage Statistics:
VmSize:	328134072 kB
VmRSS:	77304048 kB
1: MemResourceStatus {MigratedColumnsAggregate,18446744073709551615,63541608448,52888587462,0,0,1,N/A}
MemResourceStatus {NumaMonotonicResource,3,53687091200,0,0,0,1,0}
MemResourceStatus {NumaMonotonicResource,2,53687091200,1940512,0,6845090004,0,6845131272}
0: MemResourceStatus {MemManagerAggregate,18446744073709551615,53687091200,1940512,0,0,0,N/A}
1: MemResourceStatus {MemManagerAggregate,18446744073709551615,53687091200,0,0,0,1,N/A}
MemResourceStatus {DefaultResource,18446744073709551615,18446744073709551615,18446744071318973865,60530953333,0,-1,N/A}
Quick Memory Usage Overview:
Used Capacity: 1940512, 52888587462
------------------------------------------
Label set to d53687091200_tf1000000000000_q13
$:hsh clear_plan_caches
Cleared PQP and LQP caches
$:hsh clear_pipeline
Released last SQLPipeline
$:hsh reset_exec_pools
Reset execution pools (2, 3) bump pointers to start
$:hsh mem_usage
------------------------------------------
Memory Usage Statistics:
VmSize:	328134072 kB
VmRSS:	77304048 kB
1: MemResourceStatus {MigratedColumnsAggregate,18446744073709551615,63541608448,52888587462,0,0,1,N/A}
MemResourceStatus {NumaMonotonicResource,3,53687091200,0,0,0,1,0}
MemResourceStatus {NumaMonotonicResource,2,53687091200,0,0,0,0,0}
0: MemResourceStatus {MemManagerAggregate,18446744073709551615,53687091200,0,0,0,0,N/A}
1: MemResourceStatus {MemManagerAggregate,18446744073709551615,53687091200,0,0,0,1,N/A}
MemResourceStatus {DefaultResource,18446744073709551615,18446744073709551615,18446744071318973865,60530953333,0,-1,N/A}
Quick Memory Usage Overview:
Used Capacity: 0, 52888587462
------------------------------------------
Executing script file: /home/umeshsum/tpch_queries/13.sql
[32m(release)[0m> select
[32m(release)[0m> 	c_count,
[32m(release)[0m> 	count(*) as custdist
[32m(release)[0m> from
[32m(release)[0m> 	(
[32m(release)[0m> 		select
[32m(release)[0m> 			c_custkey,
[32m(release)[0m> 			count(o_orderkey)
[32m(release)[0m> 		from
[32m(release)[0m> 			customer left outer join orders on
[32m(release)[0m> 				c_custkey = o_custkey
[32m(release)[0m> 				and o_comment not like '%special%requests%'
[32m(release)[0m> 		group by
[32m(release)[0m> 			c_custkey
[32m(release)[0m> 	) as c_orders (c_custkey, c_count)
[32m(release)[0m> group by
[32m(release)[0m> 	c_count
[32m(release)[0m> order by
[32m(release)[0m> 	custdist desc,
[32m(release)[0m> 	c_count desc;
[PERF] Build side larger than probe side in hash join at src/lib/operators/join_hash.cpp:97
	Performance can be affected. This warning is only shown once.
VmRSS Change: 7561144 KB
===
46 rows total
Execution info: [PARSE: 57 µs 950 ns, SQL TRANSLATE: 186 µs 418 ns, OPTIMIZE: 1 ms 498 µs, LQP TRANSLATE: 74 µs 209 ns, EXECUTE: 15 s 290 ms (wall time) | QUERY PLAN CACHE HITS: 0/1 statement(s)]
After reset, table use_count: 2
WARNING: Table still has 1 other owner(s) after pipeline reset!
Executing script file done
$:hsh clear_plan_caches
Cleared PQP and LQP caches
$:hsh clear_pipeline
Released last SQLPipeline
$:hsh reset_exec_pools
Reset execution pools (2, 3) bump pointers to start
$:hsh mem_usage
------------------------------------------
Memory Usage Statistics:
VmSize:	328134072 kB
VmRSS:	84865196 kB
1: MemResourceStatus {MigratedColumnsAggregate,18446744073709551615,63541608448,52888587462,0,0,1,N/A}
MemResourceStatus {NumaMonotonicResource,3,53687091200,0,0,0,1,0}
MemResourceStatus {NumaMonotonicResource,2,53687091200,0,0,0,0,0}
0: MemResourceStatus {MemManagerAggregate,18446744073709551615,53687091200,0,0,0,0,N/A}
1: MemResourceStatus {MemManagerAggregate,18446744073709551615,53687091200,0,0,0,1,N/A}
MemResourceStatus {DefaultResource,18446744073709551615,18446744073709551615,18446744071318973865,60530953333,0,-1,N/A}
Quick Memory Usage Overview:
Used Capacity: 0, 52888587462
------------------------------------------
Executing script file: /home/umeshsum/tpch_queries/13.sql
[32m(release)[0m> select
[32m(release)[0m> 	c_count,
[32m(release)[0m> 	count(*) as custdist
[32m(release)[0m> from
[32m(release)[0m> 	(
[32m(release)[0m> 		select
[32m(release)[0m> 			c_custkey,
[32m(release)[0m> 			count(o_orderkey)
[32m(release)[0m> 		from
[32m(release)[0m> 			customer left outer join orders on
[32m(release)[0m> 				c_custkey = o_custkey
[32m(release)[0m> 				and o_comment not like '%special%requests%'
[32m(release)[0m> 		group by
[32m(release)[0m> 			c_custkey
[32m(release)[0m> 	) as c_orders (c_custkey, c_count)
[32m(release)[0m> group by
[32m(release)[0m> 	c_count
[32m(release)[0m> order by
[32m(release)[0m> 	custdist desc,
[32m(release)[0m> 	c_count desc;
VmRSS Change: 18446744073709547812 KB
===
46 rows total
Execution info: [PARSE: 50 µs 129 ns, SQL TRANSLATE: 146 µs 308 ns, OPTIMIZE: 1 ms 512 µs, LQP TRANSLATE: 66 µs 660 ns, EXECUTE: 15 s 107 ms (wall time) | QUERY PLAN CACHE HITS: 0/1 statement(s)]
After reset, table use_count: 2
WARNING: Table still has 1 other owner(s) after pipeline reset!
Executing script file done
$:hsh clear_plan_caches
Cleared PQP and LQP caches
$:hsh clear_pipeline
Released last SQLPipeline
$:hsh reset_exec_pools
Reset execution pools (2, 3) bump pointers to start
$:hsh mem_usage
------------------------------------------
Memory Usage Statistics:
VmSize:	328134072 kB
VmRSS:	84861384 kB
1: MemResourceStatus {MigratedColumnsAggregate,18446744073709551615,63541608448,52888587462,0,0,1,N/A}
MemResourceStatus {NumaMonotonicResource,3,53687091200,0,0,0,1,0}
MemResourceStatus {NumaMonotonicResource,2,53687091200,0,0,0,0,0}
0: MemResourceStatus {MemManagerAggregate,18446744073709551615,53687091200,0,0,0,0,N/A}
1: MemResourceStatus {MemManagerAggregate,18446744073709551615,53687091200,0,0,0,1,N/A}
MemResourceStatus {DefaultResource,18446744073709551615,18446744073709551615,18446744071318973865,60530953333,0,-1,N/A}
Quick Memory Usage Overview:
Used Capacity: 0, 52888587462
------------------------------------------
Executing script file: /home/umeshsum/tpch_queries/13.sql
[32m(release)[0m> select
[32m(release)[0m> 	c_count,
[32m(release)[0m> 	count(*) as custdist
[32m(release)[0m> from
[32m(release)[0m> 	(
[32m(release)[0m> 		select
[32m(release)[0m> 			c_custkey,
[32m(release)[0m> 			count(o_orderkey)
[32m(release)[0m> 		from
[32m(release)[0m> 			customer left outer join orders on
[32m(release)[0m> 				c_custkey = o_custkey
[32m(release)[0m> 				and o_comment not like '%special%requests%'
[32m(release)[0m> 		group by
[32m(release)[0m> 			c_custkey
[32m(release)[0m> 	) as c_orders (c_custkey, c_count)
[32m(release)[0m> group by
[32m(release)[0m> 	c_count
[32m(release)[0m> order by
[32m(release)[0m> 	custdist desc,
[32m(release)[0m> 	c_count desc;
VmRSS Change: 18446744073709548168 KB
===
46 rows total
Execution info: [PARSE: 57 µs 400 ns, SQL TRANSLATE: 197 µs 758 ns, OPTIMIZE: 2 ms 63 µs, LQP TRANSLATE: 68 µs 89 ns, EXECUTE: 15 s 91 ms (wall time) | QUERY PLAN CACHE HITS: 0/1 statement(s)]
After reset, table use_count: 2
WARNING: Table still has 1 other owner(s) after pipeline reset!
Executing script file done
$:hsh clear_plan_caches
Cleared PQP and LQP caches
$:hsh clear_pipeline
Released last SQLPipeline
$:hsh reset_exec_pools
Reset execution pools (2, 3) bump pointers to start
$:hsh mem_usage
------------------------------------------
Memory Usage Statistics:
VmSize:	328142280 kB
VmRSS:	84857888 kB
1: MemResourceStatus {MigratedColumnsAggregate,18446744073709551615,63541608448,52888587462,0,0,1,N/A}
MemResourceStatus {NumaMonotonicResource,3,53687091200,0,0,0,1,0}
MemResourceStatus {NumaMonotonicResource,2,53687091200,0,0,0,0,0}
0: MemResourceStatus {MemManagerAggregate,18446744073709551615,53687091200,0,0,0,0,N/A}
1: MemResourceStatus {MemManagerAggregate,18446744073709551615,53687091200,0,0,0,1,N/A}
MemResourceStatus {DefaultResource,18446744073709551615,18446744073709551615,18446744071318973865,60530953333,0,-1,N/A}
Quick Memory Usage Overview:
Used Capacity: 0, 52888587462
------------------------------------------
Executing script file: /home/umeshsum/tpch_queries/13.sql
[32m(release)[0m> select
[32m(release)[0m> 	c_count,
[32m(release)[0m> 	count(*) as custdist
[32m(release)[0m> from
[32m(release)[0m> 	(
[32m(release)[0m> 		select
[32m(release)[0m> 			c_custkey,
[32m(release)[0m> 			count(o_orderkey)
[32m(release)[0m> 		from
[32m(release)[0m> 			customer left outer join orders on
[32m(release)[0m> 				c_custkey = o_custkey
[32m(release)[0m> 				and o_comment not like '%special%requests%'
[32m(release)[0m> 		group by
[32m(release)[0m> 			c_custkey
[32m(release)[0m> 	) as c_orders (c_custkey, c_count)
[32m(release)[0m> group by
[32m(release)[0m> 	c_count
[32m(release)[0m> order by
[32m(release)[0m> 	custdist desc,
[32m(release)[0m> 	c_count desc;
VmRSS Change: 18446744073709551116 KB
===
46 rows total
Execution info: [PARSE: 49 µs 239 ns, SQL TRANSLATE: 146 µs 779 ns, OPTIMIZE: 1 ms 396 µs, LQP TRANSLATE: 66 µs 909 ns, EXECUTE: 15 s 145 ms (wall time) | QUERY PLAN CACHE HITS: 0/1 statement(s)]
After reset, table use_count: 2
WARNING: Table still has 1 other owner(s) after pipeline reset!
Executing script file done
$:hsh clear_plan_caches
Cleared PQP and LQP caches
$:hsh clear_pipeline
Released last SQLPipeline
$:hsh reset_exec_pools
Reset execution pools (2, 3) bump pointers to start
$:hsh mem_usage
------------------------------------------
Memory Usage Statistics:
VmSize:	328142280 kB
VmRSS:	84857396 kB
1: MemResourceStatus {MigratedColumnsAggregate,18446744073709551615,63541608448,52888587462,0,0,1,N/A}
MemResourceStatus {NumaMonotonicResource,3,53687091200,0,0,0,1,0}
MemResourceStatus {NumaMonotonicResource,2,53687091200,0,0,0,0,0}
0: MemResourceStatus {MemManagerAggregate,18446744073709551615,53687091200,0,0,0,0,N/A}
1: MemResourceStatus {MemManagerAggregate,18446744073709551615,53687091200,0,0,0,1,N/A}
MemResourceStatus {DefaultResource,18446744073709551615,18446744073709551615,18446744071318973865,60530953333,0,-1,N/A}
Quick Memory Usage Overview:
Used Capacity: 0, 52888587462
------------------------------------------
Executing script file: /home/umeshsum/tpch_queries/13.sql
[32m(release)[0m> select
[32m(release)[0m> 	c_count,
[32m(release)[0m> 	count(*) as custdist
[32m(release)[0m> from
[32m(release)[0m> 	(
[32m(release)[0m> 		select
[32m(release)[0m> 			c_custkey,
[32m(release)[0m> 			count(o_orderkey)
[32m(release)[0m> 		from
[32m(release)[0m> 			customer left outer join orders on
[32m(release)[0m> 				c_custkey = o_custkey
[32m(release)[0m> 				and o_comment not like '%special%requests%'
[32m(release)[0m> 		group by
[32m(release)[0m> 			c_custkey
[32m(release)[0m> 	) as c_orders (c_custkey, c_count)
[32m(release)[0m> group by
[32m(release)[0m> 	c_count
[32m(release)[0m> order by
[32m(release)[0m> 	custdist desc,
[32m(release)[0m> 	c_count desc;
VmRSS Change: 18446744073709551064 KB
===
46 rows total
Execution info: [PARSE: 49 µs 299 ns, SQL TRANSLATE: 147 µs 279 ns, OPTIMIZE: 1 ms 612 µs, LQP TRANSLATE: 80 µs 290 ns, EXECUTE: 15 s 22 ms (wall time) | QUERY PLAN CACHE HITS: 0/1 statement(s)]
After reset, table use_count: 2
WARNING: Table still has 1 other owner(s) after pipeline reset!
Executing script file done
$:hsh clear_plan_caches
Cleared PQP and LQP caches
$:hsh clear_pipeline
Released last SQLPipeline
$:hsh reset_exec_pools
Reset execution pools (2, 3) bump pointers to start
$:hsh mem_usage
------------------------------------------
Memory Usage Statistics:
VmSize:	328142280 kB
VmRSS:	84856840 kB
1: MemResourceStatus {MigratedColumnsAggregate,18446744073709551615,63541608448,52888587462,0,0,1,N/A}
MemResourceStatus {NumaMonotonicResource,3,53687091200,0,0,0,1,0}
MemResourceStatus {NumaMonotonicResource,2,53687091200,0,0,0,0,0}
0: MemResourceStatus {MemManagerAggregate,18446744073709551615,53687091200,0,0,0,0,N/A}
1: MemResourceStatus {MemManagerAggregate,18446744073709551615,53687091200,0,0,0,1,N/A}
MemResourceStatus {DefaultResource,18446744073709551615,18446744073709551615,18446744071318973865,60530953333,0,-1,N/A}
Quick Memory Usage Overview:
Used Capacity: 0, 52888587462
------------------------------------------
Executing script file: /home/umeshsum/tpch_queries/13.sql
[32m(release)[0m> select
[32m(release)[0m> 	c_count,
[32m(release)[0m> 	count(*) as custdist
[32m(release)[0m> from
[32m(release)[0m> 	(
[32m(release)[0m> 		select
[32m(release)[0m> 			c_custkey,
[32m(release)[0m> 			count(o_orderkey)
[32m(release)[0m> 		from
[32m(release)[0m> 			customer left outer join orders on
[32m(release)[0m> 				c_custkey = o_custkey
[32m(release)[0m> 				and o_comment not like '%special%requests%'
[32m(release)[0m> 		group by
[32m(release)[0m> 			c_custkey
[32m(release)[0m> 	) as c_orders (c_custkey, c_count)
[32m(release)[0m> group by
[32m(release)[0m> 	c_count
[32m(release)[0m> order by
[32m(release)[0m> 	custdist desc,
[32m(release)[0m> 	c_count desc;
VmRSS Change: 18446744073709551600 KB
===
46 rows total
Execution info: [PARSE: 48 µs 859 ns, SQL TRANSLATE: 205 µs 808 ns, OPTIMIZE: 1 ms 695 µs, LQP TRANSLATE: 67 µs 170 ns, EXECUTE: 15 s 74 ms (wall time) | QUERY PLAN CACHE HITS: 0/1 statement(s)]
After reset, table use_count: 2
WARNING: Table still has 1 other owner(s) after pipeline reset!
Executing script file done
$:hsh clear_plan_caches
Cleared PQP and LQP caches
$:hsh clear_pipeline
Released last SQLPipeline
$:hsh reset_exec_pools
Reset execution pools (2, 3) bump pointers to start
$:hsh mem_usage
------------------------------------------
Memory Usage Statistics:
VmSize:	328142280 kB
VmRSS:	84856824 kB
1: MemResourceStatus {MigratedColumnsAggregate,18446744073709551615,63541608448,52888587462,0,0,1,N/A}
MemResourceStatus {NumaMonotonicResource,3,53687091200,0,0,0,1,0}
MemResourceStatus {NumaMonotonicResource,2,53687091200,0,0,0,0,0}
0: MemResourceStatus {MemManagerAggregate,18446744073709551615,53687091200,0,0,0,0,N/A}
1: MemResourceStatus {MemManagerAggregate,18446744073709551615,53687091200,0,0,0,1,N/A}
MemResourceStatus {DefaultResource,18446744073709551615,18446744073709551615,18446744071318973865,60530953333,0,-1,N/A}
Quick Memory Usage Overview:
Used Capacity: 0, 52888587462
------------------------------------------
Executing script file: /home/umeshsum/tpch_queries/13.sql
[32m(release)[0m> select
[32m(release)[0m> 	c_count,
[32m(release)[0m> 	count(*) as custdist
[32m(release)[0m> from
[32m(release)[0m> 	(
[32m(release)[0m> 		select
[32m(release)[0m> 			c_custkey,
[32m(release)[0m> 			count(o_orderkey)
[32m(release)[0m> 		from
[32m(release)[0m> 			customer left outer join orders on
[32m(release)[0m> 				c_custkey = o_custkey
[32m(release)[0m> 				and o_comment not like '%special%requests%'
[32m(release)[0m> 		group by
[32m(release)[0m> 			c_custkey
[32m(release)[0m> 	) as c_orders (c_custkey, c_count)
[32m(release)[0m> group by
[32m(release)[0m> 	c_count
[32m(release)[0m> order by
[32m(release)[0m> 	custdist desc,
[32m(release)[0m> 	c_count desc;
VmRSS Change: 8 KB
===
46 rows total
Execution info: [PARSE: 57 µs 369 ns, SQL TRANSLATE: 189 µs 158 ns, OPTIMIZE: 2 ms 450 µs, LQP TRANSLATE: 65 µs 720 ns, EXECUTE: 15 s 105 ms (wall time) | QUERY PLAN CACHE HITS: 0/1 statement(s)]
After reset, table use_count: 2
WARNING: Table still has 1 other owner(s) after pipeline reset!
Executing script file done
$:hsh clear_plan_caches
Cleared PQP and LQP caches
$:hsh clear_pipeline
Released last SQLPipeline
$:hsh reset_exec_pools
Reset execution pools (2, 3) bump pointers to start
$:hsh mem_usage
------------------------------------------
Memory Usage Statistics:
VmSize:	328142280 kB
VmRSS:	84856828 kB
1: MemResourceStatus {MigratedColumnsAggregate,18446744073709551615,63541608448,52888587462,0,0,1,N/A}
MemResourceStatus {NumaMonotonicResource,3,53687091200,0,0,0,1,0}
MemResourceStatus {NumaMonotonicResource,2,53687091200,0,0,0,0,0}
0: MemResourceStatus {MemManagerAggregate,18446744073709551615,53687091200,0,0,0,0,N/A}
1: MemResourceStatus {MemManagerAggregate,18446744073709551615,53687091200,0,0,0,1,N/A}
MemResourceStatus {DefaultResource,18446744073709551615,18446744073709551615,18446744071318973865,60530953333,0,-1,N/A}
Quick Memory Usage Overview:
Used Capacity: 0, 52888587462
------------------------------------------
Executing script file: /home/umeshsum/tpch_queries/13.sql
[32m(release)[0m> select
[32m(release)[0m> 	c_count,
[32m(release)[0m> 	count(*) as custdist
[32m(release)[0m> from
[32m(release)[0m> 	(
[32m(release)[0m> 		select
[32m(release)[0m> 			c_custkey,
[32m(release)[0m> 			count(o_orderkey)
[32m(release)[0m> 		from
[32m(release)[0m> 			customer left outer join orders on
[32m(release)[0m> 				c_custkey = o_custkey
[32m(release)[0m> 				and o_comment not like '%special%requests%'
[32m(release)[0m> 		group by
[32m(release)[0m> 			c_custkey
[32m(release)[0m> 	) as c_orders (c_custkey, c_count)
[32m(release)[0m> group by
[32m(release)[0m> 	c_count
[32m(release)[0m> order by
[32m(release)[0m> 	custdist desc,
[32m(release)[0m> 	c_count desc;
VmRSS Change: 18446744073709551456 KB
===
46 rows total
Execution info: [PARSE: 53 µs 400 ns, SQL TRANSLATE: 199 µs 678 ns, OPTIMIZE: 2 ms 98 µs, LQP TRANSLATE: 65 µs 879 ns, EXECUTE: 15 s 288 ms (wall time) | QUERY PLAN CACHE HITS: 0/1 statement(s)]
After reset, table use_count: 2
WARNING: Table still has 1 other owner(s) after pipeline reset!
Executing script file done
$:hsh clear_plan_caches
Cleared PQP and LQP caches
$:hsh clear_pipeline
Released last SQLPipeline
$:hsh reset_exec_pools
Reset execution pools (2, 3) bump pointers to start
$:hsh mem_usage
------------------------------------------
Memory Usage Statistics:
VmSize:	328142280 kB
VmRSS:	84856672 kB
1: MemResourceStatus {MigratedColumnsAggregate,18446744073709551615,63541608448,52888587462,0,0,1,N/A}
MemResourceStatus {NumaMonotonicResource,3,53687091200,0,0,0,1,0}
MemResourceStatus {NumaMonotonicResource,2,53687091200,0,0,0,0,0}
0: MemResourceStatus {MemManagerAggregate,18446744073709551615,53687091200,0,0,0,0,N/A}
1: MemResourceStatus {MemManagerAggregate,18446744073709551615,53687091200,0,0,0,1,N/A}
MemResourceStatus {DefaultResource,18446744073709551615,18446744073709551615,18446744071318973865,60530953333,0,-1,N/A}
Quick Memory Usage Overview:
Used Capacity: 0, 52888587462
------------------------------------------
Executing script file: /home/umeshsum/tpch_queries/13.sql
[32m(release)[0m> select
[32m(release)[0m> 	c_count,
[32m(release)[0m> 	count(*) as custdist
[32m(release)[0m> from
[32m(release)[0m> 	(
[32m(release)[0m> 		select
[32m(release)[0m> 			c_custkey,
[32m(release)[0m> 			count(o_orderkey)
[32m(release)[0m> 		from
[32m(release)[0m> 			customer left outer join orders on
[32m(release)[0m> 				c_custkey = o_custkey
[32m(release)[0m> 				and o_comment not like '%special%requests%'
[32m(release)[0m> 		group by
[32m(release)[0m> 			c_custkey
[32m(release)[0m> 	) as c_orders (c_custkey, c_count)
[32m(release)[0m> group by
[32m(release)[0m> 	c_count
[32m(release)[0m> order by
[32m(release)[0m> 	custdist desc,
[32m(release)[0m> 	c_count desc;
VmRSS Change: 18446744073709551020 KB
===
46 rows total
Execution info: [PARSE: 51 µs 69 ns, SQL TRANSLATE: 143 µs 249 ns, OPTIMIZE: 1 ms 376 µs, LQP TRANSLATE: 65 µs 99 ns, EXECUTE: 15 s 126 ms (wall time) | QUERY PLAN CACHE HITS: 0/1 statement(s)]
After reset, table use_count: 2
WARNING: Table still has 1 other owner(s) after pipeline reset!
Executing script file done
$:hsh clear_plan_caches
Cleared PQP and LQP caches
$:hsh clear_pipeline
Released last SQLPipeline
$:hsh reset_exec_pools
Reset execution pools (2, 3) bump pointers to start
$:hsh mem_usage
------------------------------------------
Memory Usage Statistics:
VmSize:	328142280 kB
VmRSS:	84856076 kB
1: MemResourceStatus {MigratedColumnsAggregate,18446744073709551615,63541608448,52888587462,0,0,1,N/A}
MemResourceStatus {NumaMonotonicResource,3,53687091200,0,0,0,1,0}
MemResourceStatus {NumaMonotonicResource,2,53687091200,0,0,0,0,0}
0: MemResourceStatus {MemManagerAggregate,18446744073709551615,53687091200,0,0,0,0,N/A}
1: MemResourceStatus {MemManagerAggregate,18446744073709551615,53687091200,0,0,0,1,N/A}
MemResourceStatus {DefaultResource,18446744073709551615,18446744073709551615,18446744071318973865,60530953333,0,-1,N/A}
Quick Memory Usage Overview:
Used Capacity: 0, 52888587462
------------------------------------------
Executing script file: /home/umeshsum/tpch_queries/13.sql
[32m(release)[0m> select
[32m(release)[0m> 	c_count,
[32m(release)[0m> 	count(*) as custdist
[32m(release)[0m> from
[32m(release)[0m> 	(
[32m(release)[0m> 		select
[32m(release)[0m> 			c_custkey,
[32m(release)[0m> 			count(o_orderkey)
[32m(release)[0m> 		from
[32m(release)[0m> 			customer left outer join orders on
[32m(release)[0m> 				c_custkey = o_custkey
[32m(release)[0m> 				and o_comment not like '%special%requests%'
[32m(release)[0m> 		group by
[32m(release)[0m> 			c_custkey
[32m(release)[0m> 	) as c_orders (c_custkey, c_count)
[32m(release)[0m> group by
[32m(release)[0m> 	c_count
[32m(release)[0m> order by
[32m(release)[0m> 	custdist desc,
[32m(release)[0m> 	c_count desc;
VmRSS Change: 18446744073709551548 KB
===
46 rows total
Execution info: [PARSE: 48 µs 289 ns, SQL TRANSLATE: 145 µs 759 ns, OPTIMIZE: 1 ms 742 µs, LQP TRANSLATE: 66 µs 360 ns, EXECUTE: 15 s 120 ms (wall time) | QUERY PLAN CACHE HITS: 0/1 statement(s)]
After reset, table use_count: 2
WARNING: Table still has 1 other owner(s) after pipeline reset!
Executing script file done
$:hsh clear_plan_caches
Cleared PQP and LQP caches
$:hsh clear_pipeline
Released last SQLPipeline
$:hsh reset_exec_pools
Reset execution pools (2, 3) bump pointers to start
$:hsh mem_usage
------------------------------------------
Memory Usage Statistics:
VmSize:	328142280 kB
VmRSS:	84856008 kB
1: MemResourceStatus {MigratedColumnsAggregate,18446744073709551615,63541608448,52888587462,0,0,1,N/A}
MemResourceStatus {NumaMonotonicResource,3,53687091200,0,0,0,1,0}
MemResourceStatus {NumaMonotonicResource,2,53687091200,0,0,0,0,0}
0: MemResourceStatus {MemManagerAggregate,18446744073709551615,53687091200,0,0,0,0,N/A}
1: MemResourceStatus {MemManagerAggregate,18446744073709551615,53687091200,0,0,0,1,N/A}
MemResourceStatus {DefaultResource,18446744073709551615,18446744073709551615,18446744071318973865,60530953333,0,-1,N/A}
Quick Memory Usage Overview:
Used Capacity: 0, 52888587462
------------------------------------------
Label set to d53687091200_tf1000000000000_q14
$:hsh clear_plan_caches
Cleared PQP and LQP caches
$:hsh clear_pipeline
Released last SQLPipeline
$:hsh reset_exec_pools
Reset execution pools (2, 3) bump pointers to start
$:hsh mem_usage
------------------------------------------
Memory Usage Statistics:
VmSize:	328142280 kB
VmRSS:	84856008 kB
1: MemResourceStatus {MigratedColumnsAggregate,18446744073709551615,63541608448,52888587462,0,0,1,N/A}
MemResourceStatus {NumaMonotonicResource,3,53687091200,0,0,0,1,0}
MemResourceStatus {NumaMonotonicResource,2,53687091200,0,0,0,0,0}
0: MemResourceStatus {MemManagerAggregate,18446744073709551615,53687091200,0,0,0,0,N/A}
1: MemResourceStatus {MemManagerAggregate,18446744073709551615,53687091200,0,0,0,1,N/A}
MemResourceStatus {DefaultResource,18446744073709551615,18446744073709551615,18446744071318973865,60530953333,0,-1,N/A}
Quick Memory Usage Overview:
Used Capacity: 0, 52888587462
------------------------------------------
Executing script file: /home/umeshsum/tpch_queries/14.sql
[32m(release)[0m> select
[32m(release)[0m> 	100.00 * sum(case
[32m(release)[0m> 		when p_type like 'PROMO%'
[32m(release)[0m> 			then l_extendedprice * (1 - l_discount)
[32m(release)[0m> 		else 0
[32m(release)[0m> 	end) / sum(l_extendedprice * (1 - l_discount)) as promo_revenue
[32m(release)[0m> from
[32m(release)[0m> 	lineitem,
[32m(release)[0m> 	part
[32m(release)[0m> where
[32m(release)[0m> 	l_partkey = p_partkey
[32m(release)[0m> 	and l_shipdate >= date '1995-09-01'
[32m(release)[0m> 	and l_shipdate < date '1995-09-01' + interval '1' month;
VmRSS Change: 4136 KB
===
1 rows total
Execution info: [PARSE: 68 µs 689 ns, SQL TRANSLATE: 281 µs 787 ns, OPTIMIZE: 10 ms 514 µs, LQP TRANSLATE: 115 µs 389 ns, EXECUTE: 2 s 324 ms (wall time) | QUERY PLAN CACHE HITS: 0/1 statement(s)]
After reset, table use_count: 2
WARNING: Table still has 1 other owner(s) after pipeline reset!
Executing script file done
$:hsh clear_plan_caches
Cleared PQP and LQP caches
$:hsh clear_pipeline
Released last SQLPipeline
$:hsh reset_exec_pools
Reset execution pools (2, 3) bump pointers to start
$:hsh mem_usage
------------------------------------------
Memory Usage Statistics:
VmSize:	328142280 kB
VmRSS:	84860156 kB
1: MemResourceStatus {MigratedColumnsAggregate,18446744073709551615,63541608448,52888587462,0,0,1,N/A}
MemResourceStatus {NumaMonotonicResource,3,53687091200,0,0,0,1,0}
MemResourceStatus {NumaMonotonicResource,2,53687091200,0,0,0,0,0}
0: MemResourceStatus {MemManagerAggregate,18446744073709551615,53687091200,0,0,0,0,N/A}
1: MemResourceStatus {MemManagerAggregate,18446744073709551615,53687091200,0,0,0,1,N/A}
MemResourceStatus {DefaultResource,18446744073709551615,18446744073709551615,18446744071318973865,60530953333,0,-1,N/A}
Quick Memory Usage Overview:
Used Capacity: 0, 52888587462
------------------------------------------
Executing script file: /home/umeshsum/tpch_queries/14.sql
[32m(release)[0m> select
[32m(release)[0m> 	100.00 * sum(case
[32m(release)[0m> 		when p_type like 'PROMO%'
[32m(release)[0m> 			then l_extendedprice * (1 - l_discount)
[32m(release)[0m> 		else 0
[32m(release)[0m> 	end) / sum(l_extendedprice * (1 - l_discount)) as promo_revenue
[32m(release)[0m> from
[32m(release)[0m> 	lineitem,
[32m(release)[0m> 	part
[32m(release)[0m> where
[32m(release)[0m> 	l_partkey = p_partkey
[32m(release)[0m> 	and l_shipdate >= date '1995-09-01'
[32m(release)[0m> 	and l_shipdate < date '1995-09-01' + interval '1' month;
VmRSS Change: 3596 KB
===
1 rows total
Execution info: [PARSE: 112 µs 998 ns, SQL TRANSLATE: 182 µs 809 ns, OPTIMIZE: 3 ms 972 µs, LQP TRANSLATE: 111 µs 789 ns, EXECUTE: 2 s 227 ms (wall time) | QUERY PLAN CACHE HITS: 0/1 statement(s)]
After reset, table use_count: 2
WARNING: Table still has 1 other owner(s) after pipeline reset!
Executing script file done
$:hsh clear_plan_caches
Cleared PQP and LQP caches
$:hsh clear_pipeline
Released last SQLPipeline
$:hsh reset_exec_pools
Reset execution pools (2, 3) bump pointers to start
$:hsh mem_usage
------------------------------------------
Memory Usage Statistics:
VmSize:	328142280 kB
VmRSS:	84863756 kB
1: MemResourceStatus {MigratedColumnsAggregate,18446744073709551615,63541608448,52888587462,0,0,1,N/A}
MemResourceStatus {NumaMonotonicResource,3,53687091200,0,0,0,1,0}
MemResourceStatus {NumaMonotonicResource,2,53687091200,0,0,0,0,0}
0: MemResourceStatus {MemManagerAggregate,18446744073709551615,53687091200,0,0,0,0,N/A}
1: MemResourceStatus {MemManagerAggregate,18446744073709551615,53687091200,0,0,0,1,N/A}
MemResourceStatus {DefaultResource,18446744073709551615,18446744073709551615,18446744071318973865,60530953333,0,-1,N/A}
Quick Memory Usage Overview:
Used Capacity: 0, 52888587462
------------------------------------------
Executing script file: /home/umeshsum/tpch_queries/14.sql
[32m(release)[0m> select
[32m(release)[0m> 	100.00 * sum(case
[32m(release)[0m> 		when p_type like 'PROMO%'
[32m(release)[0m> 			then l_extendedprice * (1 - l_discount)
[32m(release)[0m> 		else 0
[32m(release)[0m> 	end) / sum(l_extendedprice * (1 - l_discount)) as promo_revenue
[32m(release)[0m> from
[32m(release)[0m> 	lineitem,
[32m(release)[0m> 	part
[32m(release)[0m> where
[32m(release)[0m> 	l_partkey = p_partkey
[32m(release)[0m> 	and l_shipdate >= date '1995-09-01'
[32m(release)[0m> 	and l_shipdate < date '1995-09-01' + interval '1' month;
VmRSS Change: 2164 KB
===
1 rows total
Execution info: [PARSE: 59 µs 69 ns, SQL TRANSLATE: 196 µs 918 ns, OPTIMIZE: 3 ms 400 µs, LQP TRANSLATE: 111 µs 959 ns, EXECUTE: 2 s 264 ms (wall time) | QUERY PLAN CACHE HITS: 0/1 statement(s)]
After reset, table use_count: 2
WARNING: Table still has 1 other owner(s) after pipeline reset!
Executing script file done
$:hsh clear_plan_caches
Cleared PQP and LQP caches
$:hsh clear_pipeline
Released last SQLPipeline
$:hsh reset_exec_pools
Reset execution pools (2, 3) bump pointers to start
$:hsh mem_usage
------------------------------------------
Memory Usage Statistics:
VmSize:	328142280 kB
VmRSS:	84865928 kB
1: MemResourceStatus {MigratedColumnsAggregate,18446744073709551615,63541608448,52888587462,0,0,1,N/A}
MemResourceStatus {NumaMonotonicResource,3,53687091200,0,0,0,1,0}
MemResourceStatus {NumaMonotonicResource,2,53687091200,0,0,0,0,0}
0: MemResourceStatus {MemManagerAggregate,18446744073709551615,53687091200,0,0,0,0,N/A}
1: MemResourceStatus {MemManagerAggregate,18446744073709551615,53687091200,0,0,0,1,N/A}
MemResourceStatus {DefaultResource,18446744073709551615,18446744073709551615,18446744071318973865,60530953333,0,-1,N/A}
Quick Memory Usage Overview:
Used Capacity: 0, 52888587462
------------------------------------------
Executing script file: /home/umeshsum/tpch_queries/14.sql
[32m(release)[0m> select
[32m(release)[0m> 	100.00 * sum(case
[32m(release)[0m> 		when p_type like 'PROMO%'
[32m(release)[0m> 			then l_extendedprice * (1 - l_discount)
[32m(release)[0m> 		else 0
[32m(release)[0m> 	end) / sum(l_extendedprice * (1 - l_discount)) as promo_revenue
[32m(release)[0m> from
[32m(release)[0m> 	lineitem,
[32m(release)[0m> 	part
[32m(release)[0m> where
[32m(release)[0m> 	l_partkey = p_partkey
[32m(release)[0m> 	and l_shipdate >= date '1995-09-01'
[32m(release)[0m> 	and l_shipdate < date '1995-09-01' + interval '1' month;
VmRSS Change: 18446744073709549688 KB
===
1 rows total
Execution info: [PARSE: 62 µs 160 ns, SQL TRANSLATE: 185 µs 98 ns, OPTIMIZE: 3 ms 385 µs, LQP TRANSLATE: 109 µs 359 ns, EXECUTE: 2 s 272 ms (wall time) | QUERY PLAN CACHE HITS: 0/1 statement(s)]
After reset, table use_count: 2
WARNING: Table still has 1 other owner(s) after pipeline reset!
Executing script file done
$:hsh clear_plan_caches
Cleared PQP and LQP caches
$:hsh clear_pipeline
Released last SQLPipeline
$:hsh reset_exec_pools
Reset execution pools (2, 3) bump pointers to start
$:hsh mem_usage
------------------------------------------
Memory Usage Statistics:
VmSize:	328142280 kB
VmRSS:	84864008 kB
1: MemResourceStatus {MigratedColumnsAggregate,18446744073709551615,63541608448,52888587462,0,0,1,N/A}
MemResourceStatus {NumaMonotonicResource,3,53687091200,0,0,0,1,0}
MemResourceStatus {NumaMonotonicResource,2,53687091200,0,0,0,0,0}
0: MemResourceStatus {MemManagerAggregate,18446744073709551615,53687091200,0,0,0,0,N/A}
1: MemResourceStatus {MemManagerAggregate,18446744073709551615,53687091200,0,0,0,1,N/A}
MemResourceStatus {DefaultResource,18446744073709551615,18446744073709551615,18446744071318973865,60530953333,0,-1,N/A}
Quick Memory Usage Overview:
Used Capacity: 0, 52888587462
------------------------------------------
Executing script file: /home/umeshsum/tpch_queries/14.sql
[32m(release)[0m> select
[32m(release)[0m> 	100.00 * sum(case
[32m(release)[0m> 		when p_type like 'PROMO%'
[32m(release)[0m> 			then l_extendedprice * (1 - l_discount)
[32m(release)[0m> 		else 0
[32m(release)[0m> 	end) / sum(l_extendedprice * (1 - l_discount)) as promo_revenue
[32m(release)[0m> from
[32m(release)[0m> 	lineitem,
[32m(release)[0m> 	part
[32m(release)[0m> where
[32m(release)[0m> 	l_partkey = p_partkey
[32m(release)[0m> 	and l_shipdate >= date '1995-09-01'
[32m(release)[0m> 	and l_shipdate < date '1995-09-01' + interval '1' month;
VmRSS Change: 544 KB
===
1 rows total
Execution info: [PARSE: 61 µs 730 ns, SQL TRANSLATE: 242 µs 67 ns, OPTIMIZE: 3 ms 360 µs, LQP TRANSLATE: 110 µs 629 ns, EXECUTE: 2 s 258 ms (wall time) | QUERY PLAN CACHE HITS: 0/1 statement(s)]
After reset, table use_count: 2
WARNING: Table still has 1 other owner(s) after pipeline reset!
Executing script file done
$:hsh clear_plan_caches
Cleared PQP and LQP caches
$:hsh clear_pipeline
Released last SQLPipeline
$:hsh reset_exec_pools
Reset execution pools (2, 3) bump pointers to start
$:hsh mem_usage
------------------------------------------
Memory Usage Statistics:
VmSize:	328142280 kB
VmRSS:	84864548 kB
1: MemResourceStatus {MigratedColumnsAggregate,18446744073709551615,63541608448,52888587462,0,0,1,N/A}
MemResourceStatus {NumaMonotonicResource,3,53687091200,0,0,0,1,0}
MemResourceStatus {NumaMonotonicResource,2,53687091200,0,0,0,0,0}
0: MemResourceStatus {MemManagerAggregate,18446744073709551615,53687091200,0,0,0,0,N/A}
1: MemResourceStatus {MemManagerAggregate,18446744073709551615,53687091200,0,0,0,1,N/A}
MemResourceStatus {DefaultResource,18446744073709551615,18446744073709551615,18446744071318973865,60530953333,0,-1,N/A}
Quick Memory Usage Overview:
Used Capacity: 0, 52888587462
------------------------------------------
Executing script file: /home/umeshsum/tpch_queries/14.sql
[32m(release)[0m> select
[32m(release)[0m> 	100.00 * sum(case
[32m(release)[0m> 		when p_type like 'PROMO%'
[32m(release)[0m> 			then l_extendedprice * (1 - l_discount)
[32m(release)[0m> 		else 0
[32m(release)[0m> 	end) / sum(l_extendedprice * (1 - l_discount)) as promo_revenue
[32m(release)[0m> from
[32m(release)[0m> 	lineitem,
[32m(release)[0m> 	part
[32m(release)[0m> where
[32m(release)[0m> 	l_partkey = p_partkey
[32m(release)[0m> 	and l_shipdate >= date '1995-09-01'
[32m(release)[0m> 	and l_shipdate < date '1995-09-01' + interval '1' month;
VmRSS Change: 1400 KB
===
1 rows total
Execution info: [PARSE: 62 µs 70 ns, SQL TRANSLATE: 187 µs 519 ns, OPTIMIZE: 3 ms 373 µs, LQP TRANSLATE: 123 µs 409 ns, EXECUTE: 2 s 333 ms (wall time) | QUERY PLAN CACHE HITS: 0/1 statement(s)]
After reset, table use_count: 2
WARNING: Table still has 1 other owner(s) after pipeline reset!
Executing script file done
$:hsh clear_plan_caches
Cleared PQP and LQP caches
$:hsh clear_pipeline
Released last SQLPipeline
$:hsh reset_exec_pools
Reset execution pools (2, 3) bump pointers to start
$:hsh mem_usage
------------------------------------------
Memory Usage Statistics:
VmSize:	328142280 kB
VmRSS:	84865940 kB
1: MemResourceStatus {MigratedColumnsAggregate,18446744073709551615,63541608448,52888587462,0,0,1,N/A}
MemResourceStatus {NumaMonotonicResource,3,53687091200,0,0,0,1,0}
MemResourceStatus {NumaMonotonicResource,2,53687091200,0,0,0,0,0}
0: MemResourceStatus {MemManagerAggregate,18446744073709551615,53687091200,0,0,0,0,N/A}
1: MemResourceStatus {MemManagerAggregate,18446744073709551615,53687091200,0,0,0,1,N/A}
MemResourceStatus {DefaultResource,18446744073709551615,18446744073709551615,18446744071318973865,60530953333,0,-1,N/A}
Quick Memory Usage Overview:
Used Capacity: 0, 52888587462
------------------------------------------
Executing script file: /home/umeshsum/tpch_queries/14.sql
[32m(release)[0m> select
[32m(release)[0m> 	100.00 * sum(case
[32m(release)[0m> 		when p_type like 'PROMO%'
[32m(release)[0m> 			then l_extendedprice * (1 - l_discount)
[32m(release)[0m> 		else 0
[32m(release)[0m> 	end) / sum(l_extendedprice * (1 - l_discount)) as promo_revenue
[32m(release)[0m> from
[32m(release)[0m> 	lineitem,
[32m(release)[0m> 	part
[32m(release)[0m> where
[32m(release)[0m> 	l_partkey = p_partkey
[32m(release)[0m> 	and l_shipdate >= date '1995-09-01'
[32m(release)[0m> 	and l_shipdate < date '1995-09-01' + interval '1' month;
VmRSS Change: 18446744073709550932 KB
===
1 rows total
Execution info: [PARSE: 60 µs 429 ns, SQL TRANSLATE: 179 µs 688 ns, OPTIMIZE: 3 ms 382 µs, LQP TRANSLATE: 110 µs 509 ns, EXECUTE: 2 s 281 ms (wall time) | QUERY PLAN CACHE HITS: 0/1 statement(s)]
After reset, table use_count: 2
WARNING: Table still has 1 other owner(s) after pipeline reset!
Executing script file done
$:hsh clear_plan_caches
Cleared PQP and LQP caches
$:hsh clear_pipeline
Released last SQLPipeline
$:hsh reset_exec_pools
Reset execution pools (2, 3) bump pointers to start
$:hsh mem_usage
------------------------------------------
Memory Usage Statistics:
VmSize:	328142280 kB
VmRSS:	84865264 kB
1: MemResourceStatus {MigratedColumnsAggregate,18446744073709551615,63541608448,52888587462,0,0,1,N/A}
MemResourceStatus {NumaMonotonicResource,3,53687091200,0,0,0,1,0}
MemResourceStatus {NumaMonotonicResource,2,53687091200,0,0,0,0,0}
0: MemResourceStatus {MemManagerAggregate,18446744073709551615,53687091200,0,0,0,0,N/A}
1: MemResourceStatus {MemManagerAggregate,18446744073709551615,53687091200,0,0,0,1,N/A}
MemResourceStatus {DefaultResource,18446744073709551615,18446744073709551615,18446744071318973865,60530953333,0,-1,N/A}
Quick Memory Usage Overview:
Used Capacity: 0, 52888587462
------------------------------------------
Executing script file: /home/umeshsum/tpch_queries/14.sql
[32m(release)[0m> select
[32m(release)[0m> 	100.00 * sum(case
[32m(release)[0m> 		when p_type like 'PROMO%'
[32m(release)[0m> 			then l_extendedprice * (1 - l_discount)
[32m(release)[0m> 		else 0
[32m(release)[0m> 	end) / sum(l_extendedprice * (1 - l_discount)) as promo_revenue
[32m(release)[0m> from
[32m(release)[0m> 	lineitem,
[32m(release)[0m> 	part
[32m(release)[0m> where
[32m(release)[0m> 	l_partkey = p_partkey
[32m(release)[0m> 	and l_shipdate >= date '1995-09-01'
[32m(release)[0m> 	and l_shipdate < date '1995-09-01' + interval '1' month;
VmRSS Change: 18446744073709550108 KB
===
1 rows total
Execution info: [PARSE: 57 µs 989 ns, SQL TRANSLATE: 234 µs 828 ns, OPTIMIZE: 4 ms 180 µs, LQP TRANSLATE: 109 µs 889 ns, EXECUTE: 2 s 190 ms (wall time) | QUERY PLAN CACHE HITS: 0/1 statement(s)]
After reset, table use_count: 2
WARNING: Table still has 1 other owner(s) after pipeline reset!
Executing script file done
$:hsh clear_plan_caches
Cleared PQP and LQP caches
$:hsh clear_pipeline
Released last SQLPipeline
$:hsh reset_exec_pools
Reset execution pools (2, 3) bump pointers to start
$:hsh mem_usage
------------------------------------------
Memory Usage Statistics:
VmSize:	328142280 kB
VmRSS:	84863748 kB
1: MemResourceStatus {MigratedColumnsAggregate,18446744073709551615,63541608448,52888587462,0,0,1,N/A}
MemResourceStatus {NumaMonotonicResource,3,53687091200,0,0,0,1,0}
MemResourceStatus {NumaMonotonicResource,2,53687091200,0,0,0,0,0}
0: MemResourceStatus {MemManagerAggregate,18446744073709551615,53687091200,0,0,0,0,N/A}
1: MemResourceStatus {MemManagerAggregate,18446744073709551615,53687091200,0,0,0,1,N/A}
MemResourceStatus {DefaultResource,18446744073709551615,18446744073709551615,18446744071318973865,60530953333,0,-1,N/A}
Quick Memory Usage Overview:
Used Capacity: 0, 52888587462
------------------------------------------
Executing script file: /home/umeshsum/tpch_queries/14.sql
[32m(release)[0m> select
[32m(release)[0m> 	100.00 * sum(case
[32m(release)[0m> 		when p_type like 'PROMO%'
[32m(release)[0m> 			then l_extendedprice * (1 - l_discount)
[32m(release)[0m> 		else 0
[32m(release)[0m> 	end) / sum(l_extendedprice * (1 - l_discount)) as promo_revenue
[32m(release)[0m> from
[32m(release)[0m> 	lineitem,
[32m(release)[0m> 	part
[32m(release)[0m> where
[32m(release)[0m> 	l_partkey = p_partkey
[32m(release)[0m> 	and l_shipdate >= date '1995-09-01'
[32m(release)[0m> 	and l_shipdate < date '1995-09-01' + interval '1' month;
VmRSS Change: 18446744073709550180 KB
===
1 rows total
Execution info: [PARSE: 123 µs 909 ns, SQL TRANSLATE: 186 µs 128 ns, OPTIMIZE: 3 ms 334 µs, LQP TRANSLATE: 109 µs 899 ns, EXECUTE: 2 s 264 ms (wall time) | QUERY PLAN CACHE HITS: 0/1 statement(s)]
After reset, table use_count: 2
WARNING: Table still has 1 other owner(s) after pipeline reset!
Executing script file done
$:hsh clear_plan_caches
Cleared PQP and LQP caches
$:hsh clear_pipeline
Released last SQLPipeline
$:hsh reset_exec_pools
Reset execution pools (2, 3) bump pointers to start
$:hsh mem_usage
------------------------------------------
Memory Usage Statistics:
VmSize:	328142280 kB
VmRSS:	84862304 kB
1: MemResourceStatus {MigratedColumnsAggregate,18446744073709551615,63541608448,52888587462,0,0,1,N/A}
MemResourceStatus {NumaMonotonicResource,3,53687091200,0,0,0,1,0}
MemResourceStatus {NumaMonotonicResource,2,53687091200,0,0,0,0,0}
0: MemResourceStatus {MemManagerAggregate,18446744073709551615,53687091200,0,0,0,0,N/A}
1: MemResourceStatus {MemManagerAggregate,18446744073709551615,53687091200,0,0,0,1,N/A}
MemResourceStatus {DefaultResource,18446744073709551615,18446744073709551615,18446744071318973865,60530953333,0,-1,N/A}
Quick Memory Usage Overview:
Used Capacity: 0, 52888587462
------------------------------------------
Executing script file: /home/umeshsum/tpch_queries/14.sql
[32m(release)[0m> select
[32m(release)[0m> 	100.00 * sum(case
[32m(release)[0m> 		when p_type like 'PROMO%'
[32m(release)[0m> 			then l_extendedprice * (1 - l_discount)
[32m(release)[0m> 		else 0
[32m(release)[0m> 	end) / sum(l_extendedprice * (1 - l_discount)) as promo_revenue
[32m(release)[0m> from
[32m(release)[0m> 	lineitem,
[32m(release)[0m> 	part
[32m(release)[0m> where
[32m(release)[0m> 	l_partkey = p_partkey
[32m(release)[0m> 	and l_shipdate >= date '1995-09-01'
[32m(release)[0m> 	and l_shipdate < date '1995-09-01' + interval '1' month;
VmRSS Change: 2352 KB
===
1 rows total
Execution info: [PARSE: 61 µs 669 ns, SQL TRANSLATE: 196 µs 498 ns, OPTIMIZE: 4 ms 201 µs, LQP TRANSLATE: 111 µs 19 ns, EXECUTE: 2 s 288 ms (wall time) | QUERY PLAN CACHE HITS: 0/1 statement(s)]
After reset, table use_count: 2
WARNING: Table still has 1 other owner(s) after pipeline reset!
Executing script file done
$:hsh clear_plan_caches
Cleared PQP and LQP caches
$:hsh clear_pipeline
Released last SQLPipeline
$:hsh reset_exec_pools
Reset execution pools (2, 3) bump pointers to start
$:hsh mem_usage
------------------------------------------
Memory Usage Statistics:
VmSize:	328142280 kB
VmRSS:	84864612 kB
1: MemResourceStatus {MigratedColumnsAggregate,18446744073709551615,63541608448,52888587462,0,0,1,N/A}
MemResourceStatus {NumaMonotonicResource,3,53687091200,0,0,0,1,0}
MemResourceStatus {NumaMonotonicResource,2,53687091200,0,0,0,0,0}
0: MemResourceStatus {MemManagerAggregate,18446744073709551615,53687091200,0,0,0,0,N/A}
1: MemResourceStatus {MemManagerAggregate,18446744073709551615,53687091200,0,0,0,1,N/A}
MemResourceStatus {DefaultResource,18446744073709551615,18446744073709551615,18446744071318973865,60530953333,0,-1,N/A}
Quick Memory Usage Overview:
Used Capacity: 0, 52888587462
------------------------------------------
Label set to d53687091200_tf1000000000000_q16
$:hsh clear_plan_caches
Cleared PQP and LQP caches
$:hsh clear_pipeline
Released last SQLPipeline
$:hsh reset_exec_pools
Reset execution pools (2, 3) bump pointers to start
$:hsh mem_usage
------------------------------------------
Memory Usage Statistics:
VmSize:	328142280 kB
VmRSS:	84864612 kB
1: MemResourceStatus {MigratedColumnsAggregate,18446744073709551615,63541608448,52888587462,0,0,1,N/A}
MemResourceStatus {NumaMonotonicResource,3,53687091200,0,0,0,1,0}
MemResourceStatus {NumaMonotonicResource,2,53687091200,0,0,0,0,0}
0: MemResourceStatus {MemManagerAggregate,18446744073709551615,53687091200,0,0,0,0,N/A}
1: MemResourceStatus {MemManagerAggregate,18446744073709551615,53687091200,0,0,0,1,N/A}
MemResourceStatus {DefaultResource,18446744073709551615,18446744073709551615,18446744071318973865,60530953333,0,-1,N/A}
Quick Memory Usage Overview:
Used Capacity: 0, 52888587462
------------------------------------------
Executing script file: /home/umeshsum/tpch_queries/16.sql
[32m(release)[0m> select
[32m(release)[0m> 	p_brand,
[32m(release)[0m> 	p_type,
[32m(release)[0m> 	p_size,
[32m(release)[0m> 	count(distinct ps_suppkey) as supplier_cnt
[32m(release)[0m> from
[32m(release)[0m> 	partsupp,
[32m(release)[0m> 	part
[32m(release)[0m> where
[32m(release)[0m> 	p_partkey = ps_partkey
[32m(release)[0m> 	and p_brand <> 'Brand#45'
[32m(release)[0m> 	and p_type not like 'MEDIUM POLISHED%'
[32m(release)[0m> 	and p_size in (49, 14, 23, 45, 19, 3, 36, 9)
[32m(release)[0m> 	and ps_suppkey not in (
[32m(release)[0m> 		select
[32m(release)[0m> 			s_suppkey
[32m(release)[0m> 		from
[32m(release)[0m> 			supplier
[32m(release)[0m> 		where
[32m(release)[0m> 			s_comment like '%Customer%Complaints%'
[32m(release)[0m> 	)
[32m(release)[0m> group by
[32m(release)[0m> 	p_brand,
[32m(release)[0m> 	p_type,
[32m(release)[0m> 	p_size
[32m(release)[0m> order by
[32m(release)[0m> 	supplier_cnt desc,
[32m(release)[0m> 	p_brand,
[32m(release)[0m> 	p_type,
[32m(release)[0m> 	p_size;
VmRSS Change: 3012 KB
===
27840 rows total
Execution info: [PARSE: 73 µs 469 ns, SQL TRANSLATE: 185 µs 329 ns, OPTIMIZE: 3 ms 147 µs, LQP TRANSLATE: 392 µs 516 ns, EXECUTE: 2 s 208 ms (wall time) | QUERY PLAN CACHE HITS: 0/1 statement(s)]
After reset, table use_count: 2
WARNING: Table still has 1 other owner(s) after pipeline reset!
Executing script file done
$:hsh clear_plan_caches
Cleared PQP and LQP caches
$:hsh clear_pipeline
Released last SQLPipeline
$:hsh reset_exec_pools
Reset execution pools (2, 3) bump pointers to start
$:hsh mem_usage
------------------------------------------
Memory Usage Statistics:
VmSize:	328142280 kB
VmRSS:	84866580 kB
1: MemResourceStatus {MigratedColumnsAggregate,18446744073709551615,63541608448,52888587462,0,0,1,N/A}
MemResourceStatus {NumaMonotonicResource,3,53687091200,0,0,0,1,0}
MemResourceStatus {NumaMonotonicResource,2,53687091200,0,0,0,0,0}
0: MemResourceStatus {MemManagerAggregate,18446744073709551615,53687091200,0,0,0,0,N/A}
1: MemResourceStatus {MemManagerAggregate,18446744073709551615,53687091200,0,0,0,1,N/A}
MemResourceStatus {DefaultResource,18446744073709551615,18446744073709551615,18446744071318973865,60530953333,0,-1,N/A}
Quick Memory Usage Overview:
Used Capacity: 0, 52888587462
------------------------------------------
Executing script file: /home/umeshsum/tpch_queries/16.sql
[32m(release)[0m> select
[32m(release)[0m> 	p_brand,
[32m(release)[0m> 	p_type,
[32m(release)[0m> 	p_size,
[32m(release)[0m> 	count(distinct ps_suppkey) as supplier_cnt
[32m(release)[0m> from
[32m(release)[0m> 	partsupp,
[32m(release)[0m> 	part
[32m(release)[0m> where
[32m(release)[0m> 	p_partkey = ps_partkey
[32m(release)[0m> 	and p_brand <> 'Brand#45'
[32m(release)[0m> 	and p_type not like 'MEDIUM POLISHED%'
[32m(release)[0m> 	and p_size in (49, 14, 23, 45, 19, 3, 36, 9)
[32m(release)[0m> 	and ps_suppkey not in (
[32m(release)[0m> 		select
[32m(release)[0m> 			s_suppkey
[32m(release)[0m> 		from
[32m(release)[0m> 			supplier
[32m(release)[0m> 		where
[32m(release)[0m> 			s_comment like '%Customer%Complaints%'
[32m(release)[0m> 	)
[32m(release)[0m> group by
[32m(release)[0m> 	p_brand,
[32m(release)[0m> 	p_type,
[32m(release)[0m> 	p_size
[32m(release)[0m> order by
[32m(release)[0m> 	supplier_cnt desc,
[32m(release)[0m> 	p_brand,
[32m(release)[0m> 	p_type,
[32m(release)[0m> 	p_size;
VmRSS Change: 18446744073709551072 KB
===
27840 rows total
Execution info: [PARSE: 68 µs 500 ns, SQL TRANSLATE: 161 µs 748 ns, OPTIMIZE: 2 ms 993 µs, LQP TRANSLATE: 384 µs 666 ns, EXECUTE: 2 s 234 ms (wall time) | QUERY PLAN CACHE HITS: 0/1 statement(s)]
After reset, table use_count: 2
WARNING: Table still has 1 other owner(s) after pipeline reset!
Executing script file done
$:hsh clear_plan_caches
Cleared PQP and LQP caches
$:hsh clear_pipeline
Released last SQLPipeline
$:hsh reset_exec_pools
Reset execution pools (2, 3) bump pointers to start
$:hsh mem_usage
------------------------------------------
Memory Usage Statistics:
VmSize:	328142280 kB
VmRSS:	84866032 kB
1: MemResourceStatus {MigratedColumnsAggregate,18446744073709551615,63541608448,52888587462,0,0,1,N/A}
MemResourceStatus {NumaMonotonicResource,3,53687091200,0,0,0,1,0}
MemResourceStatus {NumaMonotonicResource,2,53687091200,0,0,0,0,0}
0: MemResourceStatus {MemManagerAggregate,18446744073709551615,53687091200,0,0,0,0,N/A}
1: MemResourceStatus {MemManagerAggregate,18446744073709551615,53687091200,0,0,0,1,N/A}
MemResourceStatus {DefaultResource,18446744073709551615,18446744073709551615,18446744071318973865,60530953333,0,-1,N/A}
Quick Memory Usage Overview:
Used Capacity: 0, 52888587462
------------------------------------------
Executing script file: /home/umeshsum/tpch_queries/16.sql
[32m(release)[0m> select
[32m(release)[0m> 	p_brand,
[32m(release)[0m> 	p_type,
[32m(release)[0m> 	p_size,
[32m(release)[0m> 	count(distinct ps_suppkey) as supplier_cnt
[32m(release)[0m> from
[32m(release)[0m> 	partsupp,
[32m(release)[0m> 	part
[32m(release)[0m> where
[32m(release)[0m> 	p_partkey = ps_partkey
[32m(release)[0m> 	and p_brand <> 'Brand#45'
[32m(release)[0m> 	and p_type not like 'MEDIUM POLISHED%'
[32m(release)[0m> 	and p_size in (49, 14, 23, 45, 19, 3, 36, 9)
[32m(release)[0m> 	and ps_suppkey not in (
[32m(release)[0m> 		select
[32m(release)[0m> 			s_suppkey
[32m(release)[0m> 		from
[32m(release)[0m> 			supplier
[32m(release)[0m> 		where
[32m(release)[0m> 			s_comment like '%Customer%Complaints%'
[32m(release)[0m> 	)
[32m(release)[0m> group by
[32m(release)[0m> 	p_brand,
[32m(release)[0m> 	p_type,
[32m(release)[0m> 	p_size
[32m(release)[0m> order by
[32m(release)[0m> 	supplier_cnt desc,
[32m(release)[0m> 	p_brand,
[32m(release)[0m> 	p_type,
[32m(release)[0m> 	p_size;
VmRSS Change: 1424 KB
===
27840 rows total
Execution info: [PARSE: 74 µs 529 ns, SQL TRANSLATE: 158 µs 39 ns, OPTIMIZE: 2 ms 955 µs, LQP TRANSLATE: 372 µs 306 ns, EXECUTE: 2 s 202 ms (wall time) | QUERY PLAN CACHE HITS: 0/1 statement(s)]
After reset, table use_count: 2
WARNING: Table still has 1 other owner(s) after pipeline reset!
Executing script file done
$:hsh clear_plan_caches
Cleared PQP and LQP caches
$:hsh clear_pipeline
Released last SQLPipeline
$:hsh reset_exec_pools
Reset execution pools (2, 3) bump pointers to start
$:hsh mem_usage
------------------------------------------
Memory Usage Statistics:
VmSize:	328142280 kB
VmRSS:	84867456 kB
1: MemResourceStatus {MigratedColumnsAggregate,18446744073709551615,63541608448,52888587462,0,0,1,N/A}
MemResourceStatus {NumaMonotonicResource,3,53687091200,0,0,0,1,0}
MemResourceStatus {NumaMonotonicResource,2,53687091200,0,0,0,0,0}
0: MemResourceStatus {MemManagerAggregate,18446744073709551615,53687091200,0,0,0,0,N/A}
1: MemResourceStatus {MemManagerAggregate,18446744073709551615,53687091200,0,0,0,1,N/A}
MemResourceStatus {DefaultResource,18446744073709551615,18446744073709551615,18446744071318973865,60530953333,0,-1,N/A}
Quick Memory Usage Overview:
Used Capacity: 0, 52888587462
------------------------------------------
Executing script file: /home/umeshsum/tpch_queries/16.sql
[32m(release)[0m> select
[32m(release)[0m> 	p_brand,
[32m(release)[0m> 	p_type,
[32m(release)[0m> 	p_size,
[32m(release)[0m> 	count(distinct ps_suppkey) as supplier_cnt
[32m(release)[0m> from
[32m(release)[0m> 	partsupp,
[32m(release)[0m> 	part
[32m(release)[0m> where
[32m(release)[0m> 	p_partkey = ps_partkey
[32m(release)[0m> 	and p_brand <> 'Brand#45'
[32m(release)[0m> 	and p_type not like 'MEDIUM POLISHED%'
[32m(release)[0m> 	and p_size in (49, 14, 23, 45, 19, 3, 36, 9)
[32m(release)[0m> 	and ps_suppkey not in (
[32m(release)[0m> 		select
[32m(release)[0m> 			s_suppkey
[32m(release)[0m> 		from
[32m(release)[0m> 			supplier
[32m(release)[0m> 		where
[32m(release)[0m> 			s_comment like '%Customer%Complaints%'
[32m(release)[0m> 	)
[32m(release)[0m> group by
[32m(release)[0m> 	p_brand,
[32m(release)[0m> 	p_type,
[32m(release)[0m> 	p_size
[32m(release)[0m> order by
[32m(release)[0m> 	supplier_cnt desc,
[32m(release)[0m> 	p_brand,
[32m(release)[0m> 	p_type,
[32m(release)[0m> 	p_size;
VmRSS Change: 18446744073709550880 KB
===
27840 rows total
Execution info: [PARSE: 65 µs 859 ns, SQL TRANSLATE: 161 µs 128 ns, OPTIMIZE: 2 ms 964 µs, LQP TRANSLATE: 366 µs 437 ns, EXECUTE: 2 s 234 ms (wall time) | QUERY PLAN CACHE HITS: 0/1 statement(s)]
After reset, table use_count: 2
WARNING: Table still has 1 other owner(s) after pipeline reset!
Executing script file done
$:hsh clear_plan_caches
Cleared PQP and LQP caches
$:hsh clear_pipeline
Released last SQLPipeline
$:hsh reset_exec_pools
Reset execution pools (2, 3) bump pointers to start
$:hsh mem_usage
------------------------------------------
Memory Usage Statistics:
VmSize:	328142280 kB
VmRSS:	84866720 kB
1: MemResourceStatus {MigratedColumnsAggregate,18446744073709551615,63541608448,52888587462,0,0,1,N/A}
MemResourceStatus {NumaMonotonicResource,3,53687091200,0,0,0,1,0}
MemResourceStatus {NumaMonotonicResource,2,53687091200,0,0,0,0,0}
0: MemResourceStatus {MemManagerAggregate,18446744073709551615,53687091200,0,0,0,0,N/A}
1: MemResourceStatus {MemManagerAggregate,18446744073709551615,53687091200,0,0,0,1,N/A}
MemResourceStatus {DefaultResource,18446744073709551615,18446744073709551615,18446744071318973865,60530953333,0,-1,N/A}
Quick Memory Usage Overview:
Used Capacity: 0, 52888587462
------------------------------------------
Executing script file: /home/umeshsum/tpch_queries/16.sql
[32m(release)[0m> select
[32m(release)[0m> 	p_brand,
[32m(release)[0m> 	p_type,
[32m(release)[0m> 	p_size,
[32m(release)[0m> 	count(distinct ps_suppkey) as supplier_cnt
[32m(release)[0m> from
[32m(release)[0m> 	partsupp,
[32m(release)[0m> 	part
[32m(release)[0m> where
[32m(release)[0m> 	p_partkey = ps_partkey
[32m(release)[0m> 	and p_brand <> 'Brand#45'
[32m(release)[0m> 	and p_type not like 'MEDIUM POLISHED%'
[32m(release)[0m> 	and p_size in (49, 14, 23, 45, 19, 3, 36, 9)
[32m(release)[0m> 	and ps_suppkey not in (
[32m(release)[0m> 		select
[32m(release)[0m> 			s_suppkey
[32m(release)[0m> 		from
[32m(release)[0m> 			supplier
[32m(release)[0m> 		where
[32m(release)[0m> 			s_comment like '%Customer%Complaints%'
[32m(release)[0m> 	)
[32m(release)[0m> group by
[32m(release)[0m> 	p_brand,
[32m(release)[0m> 	p_type,
[32m(release)[0m> 	p_size
[32m(release)[0m> order by
[32m(release)[0m> 	supplier_cnt desc,
[32m(release)[0m> 	p_brand,
[32m(release)[0m> 	p_type,
[32m(release)[0m> 	p_size;
VmRSS Change: 18446744073709550780 KB
===
27840 rows total
Execution info: [PARSE: 68 µs 439 ns, SQL TRANSLATE: 158 µs 348 ns, OPTIMIZE: 3 ms 2 µs, LQP TRANSLATE: 370 µs 426 ns, EXECUTE: 2 s 240 ms (wall time) | QUERY PLAN CACHE HITS: 0/1 statement(s)]
After reset, table use_count: 2
WARNING: Table still has 1 other owner(s) after pipeline reset!
Executing script file done
$:hsh clear_plan_caches
Cleared PQP and LQP caches
$:hsh clear_pipeline
Released last SQLPipeline
$:hsh reset_exec_pools
Reset execution pools (2, 3) bump pointers to start
$:hsh mem_usage
------------------------------------------
Memory Usage Statistics:
VmSize:	328142280 kB
VmRSS:	84865892 kB
1: MemResourceStatus {MigratedColumnsAggregate,18446744073709551615,63541608448,52888587462,0,0,1,N/A}
MemResourceStatus {NumaMonotonicResource,3,53687091200,0,0,0,1,0}
MemResourceStatus {NumaMonotonicResource,2,53687091200,0,0,0,0,0}
0: MemResourceStatus {MemManagerAggregate,18446744073709551615,53687091200,0,0,0,0,N/A}
1: MemResourceStatus {MemManagerAggregate,18446744073709551615,53687091200,0,0,0,1,N/A}
MemResourceStatus {DefaultResource,18446744073709551615,18446744073709551615,18446744071318973865,60530953333,0,-1,N/A}
Quick Memory Usage Overview:
Used Capacity: 0, 52888587462
------------------------------------------
Executing script file: /home/umeshsum/tpch_queries/16.sql
[32m(release)[0m> select
[32m(release)[0m> 	p_brand,
[32m(release)[0m> 	p_type,
[32m(release)[0m> 	p_size,
[32m(release)[0m> 	count(distinct ps_suppkey) as supplier_cnt
[32m(release)[0m> from
[32m(release)[0m> 	partsupp,
[32m(release)[0m> 	part
[32m(release)[0m> where
[32m(release)[0m> 	p_partkey = ps_partkey
[32m(release)[0m> 	and p_brand <> 'Brand#45'
[32m(release)[0m> 	and p_type not like 'MEDIUM POLISHED%'
[32m(release)[0m> 	and p_size in (49, 14, 23, 45, 19, 3, 36, 9)
[32m(release)[0m> 	and ps_suppkey not in (
[32m(release)[0m> 		select
[32m(release)[0m> 			s_suppkey
[32m(release)[0m> 		from
[32m(release)[0m> 			supplier
[32m(release)[0m> 		where
[32m(release)[0m> 			s_comment like '%Customer%Complaints%'
[32m(release)[0m> 	)
[32m(release)[0m> group by
[32m(release)[0m> 	p_brand,
[32m(release)[0m> 	p_type,
[32m(release)[0m> 	p_size
[32m(release)[0m> order by
[32m(release)[0m> 	supplier_cnt desc,
[32m(release)[0m> 	p_brand,
[32m(release)[0m> 	p_type,
[32m(release)[0m> 	p_size;
VmRSS Change: 248 KB
===
27840 rows total
Execution info: [PARSE: 69 µs 120 ns, SQL TRANSLATE: 160 µs 658 ns, OPTIMIZE: 2 ms 993 µs, LQP TRANSLATE: 373 µs 316 ns, EXECUTE: 2 s 194 ms (wall time) | QUERY PLAN CACHE HITS: 0/1 statement(s)]
After reset, table use_count: 2
WARNING: Table still has 1 other owner(s) after pipeline reset!
Executing script file done
$:hsh clear_plan_caches
Cleared PQP and LQP caches
$:hsh clear_pipeline
Released last SQLPipeline
$:hsh reset_exec_pools
Reset execution pools (2, 3) bump pointers to start
$:hsh mem_usage
------------------------------------------
Memory Usage Statistics:
VmSize:	328142280 kB
VmRSS:	84866140 kB
1: MemResourceStatus {MigratedColumnsAggregate,18446744073709551615,63541608448,52888587462,0,0,1,N/A}
MemResourceStatus {NumaMonotonicResource,3,53687091200,0,0,0,1,0}
MemResourceStatus {NumaMonotonicResource,2,53687091200,0,0,0,0,0}
0: MemResourceStatus {MemManagerAggregate,18446744073709551615,53687091200,0,0,0,0,N/A}
1: MemResourceStatus {MemManagerAggregate,18446744073709551615,53687091200,0,0,0,1,N/A}
MemResourceStatus {DefaultResource,18446744073709551615,18446744073709551615,18446744071318973865,60530953333,0,-1,N/A}
Quick Memory Usage Overview:
Used Capacity: 0, 52888587462
------------------------------------------
Executing script file: /home/umeshsum/tpch_queries/16.sql
[32m(release)[0m> select
[32m(release)[0m> 	p_brand,
[32m(release)[0m> 	p_type,
[32m(release)[0m> 	p_size,
[32m(release)[0m> 	count(distinct ps_suppkey) as supplier_cnt
[32m(release)[0m> from
[32m(release)[0m> 	partsupp,
[32m(release)[0m> 	part
[32m(release)[0m> where
[32m(release)[0m> 	p_partkey = ps_partkey
[32m(release)[0m> 	and p_brand <> 'Brand#45'
[32m(release)[0m> 	and p_type not like 'MEDIUM POLISHED%'
[32m(release)[0m> 	and p_size in (49, 14, 23, 45, 19, 3, 36, 9)
[32m(release)[0m> 	and ps_suppkey not in (
[32m(release)[0m> 		select
[32m(release)[0m> 			s_suppkey
[32m(release)[0m> 		from
[32m(release)[0m> 			supplier
[32m(release)[0m> 		where
[32m(release)[0m> 			s_comment like '%Customer%Complaints%'
[32m(release)[0m> 	)
[32m(release)[0m> group by
[32m(release)[0m> 	p_brand,
[32m(release)[0m> 	p_type,
[32m(release)[0m> 	p_size
[32m(release)[0m> order by
[32m(release)[0m> 	supplier_cnt desc,
[32m(release)[0m> 	p_brand,
[32m(release)[0m> 	p_type,
[32m(release)[0m> 	p_size;
VmRSS Change: 18446744073709551400 KB
===
27840 rows total
Execution info: [PARSE: 65 µs 749 ns, SQL TRANSLATE: 153 µs 719 ns, OPTIMIZE: 2 ms 986 µs, LQP TRANSLATE: 388 µs 216 ns, EXECUTE: 2 s 192 ms (wall time) | QUERY PLAN CACHE HITS: 0/1 statement(s)]
After reset, table use_count: 2
WARNING: Table still has 1 other owner(s) after pipeline reset!
Executing script file done
$:hsh clear_plan_caches
Cleared PQP and LQP caches
$:hsh clear_pipeline
Released last SQLPipeline
$:hsh reset_exec_pools
Reset execution pools (2, 3) bump pointers to start
$:hsh mem_usage
------------------------------------------
Memory Usage Statistics:
VmSize:	328142280 kB
VmRSS:	84865932 kB
1: MemResourceStatus {MigratedColumnsAggregate,18446744073709551615,63541608448,52888587462,0,0,1,N/A}
MemResourceStatus {NumaMonotonicResource,3,53687091200,0,0,0,1,0}
MemResourceStatus {NumaMonotonicResource,2,53687091200,0,0,0,0,0}
0: MemResourceStatus {MemManagerAggregate,18446744073709551615,53687091200,0,0,0,0,N/A}
1: MemResourceStatus {MemManagerAggregate,18446744073709551615,53687091200,0,0,0,1,N/A}
MemResourceStatus {DefaultResource,18446744073709551615,18446744073709551615,18446744071318973865,60530953333,0,-1,N/A}
Quick Memory Usage Overview:
Used Capacity: 0, 52888587462
------------------------------------------
Executing script file: /home/umeshsum/tpch_queries/16.sql
[32m(release)[0m> select
[32m(release)[0m> 	p_brand,
[32m(release)[0m> 	p_type,
[32m(release)[0m> 	p_size,
[32m(release)[0m> 	count(distinct ps_suppkey) as supplier_cnt
[32m(release)[0m> from
[32m(release)[0m> 	partsupp,
[32m(release)[0m> 	part
[32m(release)[0m> where
[32m(release)[0m> 	p_partkey = ps_partkey
[32m(release)[0m> 	and p_brand <> 'Brand#45'
[32m(release)[0m> 	and p_type not like 'MEDIUM POLISHED%'
[32m(release)[0m> 	and p_size in (49, 14, 23, 45, 19, 3, 36, 9)
[32m(release)[0m> 	and ps_suppkey not in (
[32m(release)[0m> 		select
[32m(release)[0m> 			s_suppkey
[32m(release)[0m> 		from
[32m(release)[0m> 			supplier
[32m(release)[0m> 		where
[32m(release)[0m> 			s_comment like '%Customer%Complaints%'
[32m(release)[0m> 	)
[32m(release)[0m> group by
[32m(release)[0m> 	p_brand,
[32m(release)[0m> 	p_type,
[32m(release)[0m> 	p_size
[32m(release)[0m> order by
[32m(release)[0m> 	supplier_cnt desc,
[32m(release)[0m> 	p_brand,
[32m(release)[0m> 	p_type,
[32m(release)[0m> 	p_size;
VmRSS Change: 1016 KB
===
27840 rows total
Execution info: [PARSE: 66 µs 909 ns, SQL TRANSLATE: 161 µs 648 ns, OPTIMIZE: 3 ms 35 µs, LQP TRANSLATE: 374 µs 486 ns, EXECUTE: 2 s 184 ms (wall time) | QUERY PLAN CACHE HITS: 0/1 statement(s)]
After reset, table use_count: 2
WARNING: Table still has 1 other owner(s) after pipeline reset!
Executing script file done
$:hsh clear_plan_caches
Cleared PQP and LQP caches
$:hsh clear_pipeline
Released last SQLPipeline
$:hsh reset_exec_pools
Reset execution pools (2, 3) bump pointers to start
$:hsh mem_usage
------------------------------------------
Memory Usage Statistics:
VmSize:	328142280 kB
VmRSS:	84866960 kB
1: MemResourceStatus {MigratedColumnsAggregate,18446744073709551615,63541608448,52888587462,0,0,1,N/A}
MemResourceStatus {NumaMonotonicResource,3,53687091200,0,0,0,1,0}
MemResourceStatus {NumaMonotonicResource,2,53687091200,0,0,0,0,0}
0: MemResourceStatus {MemManagerAggregate,18446744073709551615,53687091200,0,0,0,0,N/A}
1: MemResourceStatus {MemManagerAggregate,18446744073709551615,53687091200,0,0,0,1,N/A}
MemResourceStatus {DefaultResource,18446744073709551615,18446744073709551615,18446744071318973865,60530953333,0,-1,N/A}
Quick Memory Usage Overview:
Used Capacity: 0, 52888587462
------------------------------------------
Executing script file: /home/umeshsum/tpch_queries/16.sql
[32m(release)[0m> select
[32m(release)[0m> 	p_brand,
[32m(release)[0m> 	p_type,
[32m(release)[0m> 	p_size,
[32m(release)[0m> 	count(distinct ps_suppkey) as supplier_cnt
[32m(release)[0m> from
[32m(release)[0m> 	partsupp,
[32m(release)[0m> 	part
[32m(release)[0m> where
[32m(release)[0m> 	p_partkey = ps_partkey
[32m(release)[0m> 	and p_brand <> 'Brand#45'
[32m(release)[0m> 	and p_type not like 'MEDIUM POLISHED%'
[32m(release)[0m> 	and p_size in (49, 14, 23, 45, 19, 3, 36, 9)
[32m(release)[0m> 	and ps_suppkey not in (
[32m(release)[0m> 		select
[32m(release)[0m> 			s_suppkey
[32m(release)[0m> 		from
[32m(release)[0m> 			supplier
[32m(release)[0m> 		where
[32m(release)[0m> 			s_comment like '%Customer%Complaints%'
[32m(release)[0m> 	)
[32m(release)[0m> group by
[32m(release)[0m> 	p_brand,
[32m(release)[0m> 	p_type,
[32m(release)[0m> 	p_size
[32m(release)[0m> order by
[32m(release)[0m> 	supplier_cnt desc,
[32m(release)[0m> 	p_brand,
[32m(release)[0m> 	p_type,
[32m(release)[0m> 	p_size;
VmRSS Change: 500 KB
===
27840 rows total
Execution info: [PARSE: 66 µs 140 ns, SQL TRANSLATE: 153 µs 689 ns, OPTIMIZE: 2 ms 982 µs, LQP TRANSLATE: 376 µs 196 ns, EXECUTE: 2 s 193 ms (wall time) | QUERY PLAN CACHE HITS: 0/1 statement(s)]
After reset, table use_count: 2
WARNING: Table still has 1 other owner(s) after pipeline reset!
Executing script file done
$:hsh clear_plan_caches
Cleared PQP and LQP caches
$:hsh clear_pipeline
Released last SQLPipeline
$:hsh reset_exec_pools
Reset execution pools (2, 3) bump pointers to start
$:hsh mem_usage
------------------------------------------
Memory Usage Statistics:
VmSize:	328142280 kB
VmRSS:	84867464 kB
1: MemResourceStatus {MigratedColumnsAggregate,18446744073709551615,63541608448,52888587462,0,0,1,N/A}
MemResourceStatus {NumaMonotonicResource,3,53687091200,0,0,0,1,0}
MemResourceStatus {NumaMonotonicResource,2,53687091200,0,0,0,0,0}
0: MemResourceStatus {MemManagerAggregate,18446744073709551615,53687091200,0,0,0,0,N/A}
1: MemResourceStatus {MemManagerAggregate,18446744073709551615,53687091200,0,0,0,1,N/A}
MemResourceStatus {DefaultResource,18446744073709551615,18446744073709551615,18446744071318973865,60530953333,0,-1,N/A}
Quick Memory Usage Overview:
Used Capacity: 0, 52888587462
------------------------------------------
Executing script file: /home/umeshsum/tpch_queries/16.sql
[32m(release)[0m> select
[32m(release)[0m> 	p_brand,
[32m(release)[0m> 	p_type,
[32m(release)[0m> 	p_size,
[32m(release)[0m> 	count(distinct ps_suppkey) as supplier_cnt
[32m(release)[0m> from
[32m(release)[0m> 	partsupp,
[32m(release)[0m> 	part
[32m(release)[0m> where
[32m(release)[0m> 	p_partkey = ps_partkey
[32m(release)[0m> 	and p_brand <> 'Brand#45'
[32m(release)[0m> 	and p_type not like 'MEDIUM POLISHED%'
[32m(release)[0m> 	and p_size in (49, 14, 23, 45, 19, 3, 36, 9)
[32m(release)[0m> 	and ps_suppkey not in (
[32m(release)[0m> 		select
[32m(release)[0m> 			s_suppkey
[32m(release)[0m> 		from
[32m(release)[0m> 			supplier
[32m(release)[0m> 		where
[32m(release)[0m> 			s_comment like '%Customer%Complaints%'
[32m(release)[0m> 	)
[32m(release)[0m> group by
[32m(release)[0m> 	p_brand,
[32m(release)[0m> 	p_type,
[32m(release)[0m> 	p_size
[32m(release)[0m> order by
[32m(release)[0m> 	supplier_cnt desc,
[32m(release)[0m> 	p_brand,
[32m(release)[0m> 	p_type,
[32m(release)[0m> 	p_size;
VmRSS Change: 18446744073709549560 KB
===
27840 rows total
Execution info: [PARSE: 66 µs 650 ns, SQL TRANSLATE: 158 µs 488 ns, OPTIMIZE: 2 ms 984 µs, LQP TRANSLATE: 373 µs 226 ns, EXECUTE: 2 s 172 ms (wall time) | QUERY PLAN CACHE HITS: 0/1 statement(s)]
After reset, table use_count: 2
WARNING: Table still has 1 other owner(s) after pipeline reset!
Executing script file done
$:hsh clear_plan_caches
Cleared PQP and LQP caches
$:hsh clear_pipeline
Released last SQLPipeline
$:hsh reset_exec_pools
Reset execution pools (2, 3) bump pointers to start
$:hsh mem_usage
------------------------------------------
Memory Usage Statistics:
VmSize:	328142280 kB
VmRSS:	84865412 kB
1: MemResourceStatus {MigratedColumnsAggregate,18446744073709551615,63541608448,52888587462,0,0,1,N/A}
MemResourceStatus {NumaMonotonicResource,3,53687091200,0,0,0,1,0}
MemResourceStatus {NumaMonotonicResource,2,53687091200,0,0,0,0,0}
0: MemResourceStatus {MemManagerAggregate,18446744073709551615,53687091200,0,0,0,0,N/A}
1: MemResourceStatus {MemManagerAggregate,18446744073709551615,53687091200,0,0,0,1,N/A}
MemResourceStatus {DefaultResource,18446744073709551615,18446744073709551615,18446744071318973865,60530953333,0,-1,N/A}
Quick Memory Usage Overview:
Used Capacity: 0, 52888587462
------------------------------------------
Label set to d53687091200_tf1000000000000_q17
$:hsh clear_plan_caches
Cleared PQP and LQP caches
$:hsh clear_pipeline
Released last SQLPipeline
$:hsh reset_exec_pools
Reset execution pools (2, 3) bump pointers to start
$:hsh mem_usage
------------------------------------------
Memory Usage Statistics:
VmSize:	328142280 kB
VmRSS:	84865412 kB
1: MemResourceStatus {MigratedColumnsAggregate,18446744073709551615,63541608448,52888587462,0,0,1,N/A}
MemResourceStatus {NumaMonotonicResource,3,53687091200,0,0,0,1,0}
MemResourceStatus {NumaMonotonicResource,2,53687091200,0,0,0,0,0}
0: MemResourceStatus {MemManagerAggregate,18446744073709551615,53687091200,0,0,0,0,N/A}
1: MemResourceStatus {MemManagerAggregate,18446744073709551615,53687091200,0,0,0,1,N/A}
MemResourceStatus {DefaultResource,18446744073709551615,18446744073709551615,18446744071318973865,60530953333,0,-1,N/A}
Quick Memory Usage Overview:
Used Capacity: 0, 52888587462
------------------------------------------
Executing script file: /home/umeshsum/tpch_queries/17.sql
[32m(release)[0m> select
[32m(release)[0m> 	sum(l_extendedprice) / 7.0 as avg_yearly
[32m(release)[0m> from
[32m(release)[0m> 	lineitem,
[32m(release)[0m> 	part
[32m(release)[0m> where
[32m(release)[0m> 	p_partkey = l_partkey
[32m(release)[0m> 	and p_brand = 'Brand#23'
[32m(release)[0m> 	and p_container = 'MED BOX'
[32m(release)[0m> 	and l_quantity < (
[32m(release)[0m> 		select
[32m(release)[0m> 			0.2 * avg(l_quantity)
[32m(release)[0m> 		from
[32m(release)[0m> 			lineitem
[32m(release)[0m> 		where
[32m(release)[0m> 			l_partkey = p_partkey
[32m(release)[0m> 	);
VmRSS Change: 2480 KB
===
1 rows total
Execution info: [PARSE: 45 µs 790 ns, SQL TRANSLATE: 256 µs 618 ns, OPTIMIZE: 3 ms 356 µs, LQP TRANSLATE: 140 µs 819 ns, EXECUTE: 400 ms 489 µs (wall time) | QUERY PLAN CACHE HITS: 0/1 statement(s)]
After reset, table use_count: 2
WARNING: Table still has 1 other owner(s) after pipeline reset!
Executing script file done
$:hsh clear_plan_caches
Cleared PQP and LQP caches
$:hsh clear_pipeline
Released last SQLPipeline
$:hsh reset_exec_pools
Reset execution pools (2, 3) bump pointers to start
$:hsh mem_usage
------------------------------------------
Memory Usage Statistics:
VmSize:	328142280 kB
VmRSS:	84867884 kB
1: MemResourceStatus {MigratedColumnsAggregate,18446744073709551615,63541608448,52888587462,0,0,1,N/A}
MemResourceStatus {NumaMonotonicResource,3,53687091200,0,0,0,1,0}
MemResourceStatus {NumaMonotonicResource,2,53687091200,0,0,0,0,0}
0: MemResourceStatus {MemManagerAggregate,18446744073709551615,53687091200,0,0,0,0,N/A}
1: MemResourceStatus {MemManagerAggregate,18446744073709551615,53687091200,0,0,0,1,N/A}
MemResourceStatus {DefaultResource,18446744073709551615,18446744073709551615,18446744071318973865,60530953333,0,-1,N/A}
Quick Memory Usage Overview:
Used Capacity: 0, 52888587462
------------------------------------------
Executing script file: /home/umeshsum/tpch_queries/17.sql
[32m(release)[0m> select
[32m(release)[0m> 	sum(l_extendedprice) / 7.0 as avg_yearly
[32m(release)[0m> from
[32m(release)[0m> 	lineitem,
[32m(release)[0m> 	part
[32m(release)[0m> where
[32m(release)[0m> 	p_partkey = l_partkey
[32m(release)[0m> 	and p_brand = 'Brand#23'
[32m(release)[0m> 	and p_container = 'MED BOX'
[32m(release)[0m> 	and l_quantity < (
[32m(release)[0m> 		select
[32m(release)[0m> 			0.2 * avg(l_quantity)
[32m(release)[0m> 		from
[32m(release)[0m> 			lineitem
[32m(release)[0m> 		where
[32m(release)[0m> 			l_partkey = p_partkey
[32m(release)[0m> 	);
VmRSS Change: 904 KB
===
1 rows total
Execution info: [PARSE: 57 µs 700 ns, SQL TRANSLATE: 270 µs 627 ns, OPTIMIZE: 3 ms 456 µs, LQP TRANSLATE: 153 µs 489 ns, EXECUTE: 410 ms 729 µs (wall time) | QUERY PLAN CACHE HITS: 0/1 statement(s)]
After reset, table use_count: 2
WARNING: Table still has 1 other owner(s) after pipeline reset!
Executing script file done
$:hsh clear_plan_caches
Cleared PQP and LQP caches
$:hsh clear_pipeline
Released last SQLPipeline
$:hsh reset_exec_pools
Reset execution pools (2, 3) bump pointers to start
$:hsh mem_usage
------------------------------------------
Memory Usage Statistics:
VmSize:	328142280 kB
VmRSS:	84868764 kB
1: MemResourceStatus {MigratedColumnsAggregate,18446744073709551615,63541608448,52888587462,0,0,1,N/A}
MemResourceStatus {NumaMonotonicResource,3,53687091200,0,0,0,1,0}
MemResourceStatus {NumaMonotonicResource,2,53687091200,0,0,0,0,0}
0: MemResourceStatus {MemManagerAggregate,18446744073709551615,53687091200,0,0,0,0,N/A}
1: MemResourceStatus {MemManagerAggregate,18446744073709551615,53687091200,0,0,0,1,N/A}
MemResourceStatus {DefaultResource,18446744073709551615,18446744073709551615,18446744071318973865,60530953333,0,-1,N/A}
Quick Memory Usage Overview:
Used Capacity: 0, 52888587462
------------------------------------------
Executing script file: /home/umeshsum/tpch_queries/17.sql
[32m(release)[0m> select
[32m(release)[0m> 	sum(l_extendedprice) / 7.0 as avg_yearly
[32m(release)[0m> from
[32m(release)[0m> 	lineitem,
[32m(release)[0m> 	part
[32m(release)[0m> where
[32m(release)[0m> 	p_partkey = l_partkey
[32m(release)[0m> 	and p_brand = 'Brand#23'
[32m(release)[0m> 	and p_container = 'MED BOX'
[32m(release)[0m> 	and l_quantity < (
[32m(release)[0m> 		select
[32m(release)[0m> 			0.2 * avg(l_quantity)
[32m(release)[0m> 		from
[32m(release)[0m> 			lineitem
[32m(release)[0m> 		where
[32m(release)[0m> 			l_partkey = p_partkey
[32m(release)[0m> 	);
VmRSS Change: 1400 KB
===
1 rows total
Execution info: [PARSE: 45 µs 330 ns, SQL TRANSLATE: 186 µs 628 ns, OPTIMIZE: 3 ms 92 µs, LQP TRANSLATE: 151 µs 648 ns, EXECUTE: 406 ms 140 µs (wall time) | QUERY PLAN CACHE HITS: 0/1 statement(s)]
After reset, table use_count: 2
WARNING: Table still has 1 other owner(s) after pipeline reset!
Executing script file done
$:hsh clear_plan_caches
Cleared PQP and LQP caches
$:hsh clear_pipeline
Released last SQLPipeline
$:hsh reset_exec_pools
Reset execution pools (2, 3) bump pointers to start
$:hsh mem_usage
------------------------------------------
Memory Usage Statistics:
VmSize:	328142280 kB
VmRSS:	84870168 kB
1: MemResourceStatus {MigratedColumnsAggregate,18446744073709551615,63541608448,52888587462,0,0,1,N/A}
MemResourceStatus {NumaMonotonicResource,3,53687091200,0,0,0,1,0}
MemResourceStatus {NumaMonotonicResource,2,53687091200,0,0,0,0,0}
0: MemResourceStatus {MemManagerAggregate,18446744073709551615,53687091200,0,0,0,0,N/A}
1: MemResourceStatus {MemManagerAggregate,18446744073709551615,53687091200,0,0,0,1,N/A}
MemResourceStatus {DefaultResource,18446744073709551615,18446744073709551615,18446744071318973865,60530953333,0,-1,N/A}
Quick Memory Usage Overview:
Used Capacity: 0, 52888587462
------------------------------------------
Executing script file: /home/umeshsum/tpch_queries/17.sql
[32m(release)[0m> select
[32m(release)[0m> 	sum(l_extendedprice) / 7.0 as avg_yearly
[32m(release)[0m> from
[32m(release)[0m> 	lineitem,
[32m(release)[0m> 	part
[32m(release)[0m> where
[32m(release)[0m> 	p_partkey = l_partkey
[32m(release)[0m> 	and p_brand = 'Brand#23'
[32m(release)[0m> 	and p_container = 'MED BOX'
[32m(release)[0m> 	and l_quantity < (
[32m(release)[0m> 		select
[32m(release)[0m> 			0.2 * avg(l_quantity)
[32m(release)[0m> 		from
[32m(release)[0m> 			lineitem
[32m(release)[0m> 		where
[32m(release)[0m> 			l_partkey = p_partkey
[32m(release)[0m> 	);
VmRSS Change: 1996 KB
===
1 rows total
Execution info: [PARSE: 50 µs 409 ns, SQL TRANSLATE: 212 µs 118 ns, OPTIMIZE: 3 ms 315 µs, LQP TRANSLATE: 154 µs 18 ns, EXECUTE: 410 ms 14 µs (wall time) | QUERY PLAN CACHE HITS: 0/1 statement(s)]
After reset, table use_count: 2
WARNING: Table still has 1 other owner(s) after pipeline reset!
Executing script file done
$:hsh clear_plan_caches
Cleared PQP and LQP caches
$:hsh clear_pipeline
Released last SQLPipeline
$:hsh reset_exec_pools
Reset execution pools (2, 3) bump pointers to start
$:hsh mem_usage
------------------------------------------
Memory Usage Statistics:
VmSize:	328142280 kB
VmRSS:	84872168 kB
1: MemResourceStatus {MigratedColumnsAggregate,18446744073709551615,63541608448,52888587462,0,0,1,N/A}
MemResourceStatus {NumaMonotonicResource,3,53687091200,0,0,0,1,0}
MemResourceStatus {NumaMonotonicResource,2,53687091200,0,0,0,0,0}
0: MemResourceStatus {MemManagerAggregate,18446744073709551615,53687091200,0,0,0,0,N/A}
1: MemResourceStatus {MemManagerAggregate,18446744073709551615,53687091200,0,0,0,1,N/A}
MemResourceStatus {DefaultResource,18446744073709551615,18446744073709551615,18446744071318973865,60530953333,0,-1,N/A}
Quick Memory Usage Overview:
Used Capacity: 0, 52888587462
------------------------------------------
Executing script file: /home/umeshsum/tpch_queries/17.sql
[32m(release)[0m> select
[32m(release)[0m> 	sum(l_extendedprice) / 7.0 as avg_yearly
[32m(release)[0m> from
[32m(release)[0m> 	lineitem,
[32m(release)[0m> 	part
[32m(release)[0m> where
[32m(release)[0m> 	p_partkey = l_partkey
[32m(release)[0m> 	and p_brand = 'Brand#23'
[32m(release)[0m> 	and p_container = 'MED BOX'
[32m(release)[0m> 	and l_quantity < (
[32m(release)[0m> 		select
[32m(release)[0m> 			0.2 * avg(l_quantity)
[32m(release)[0m> 		from
[32m(release)[0m> 			lineitem
[32m(release)[0m> 		where
[32m(release)[0m> 			l_partkey = p_partkey
[32m(release)[0m> 	);
VmRSS Change: 18446744073709551376 KB
===
1 rows total
Execution info: [PARSE: 49 µs 699 ns, SQL TRANSLATE: 247 µs 917 ns, OPTIMIZE: 3 ms 434 µs, LQP TRANSLATE: 154 µs 998 ns, EXECUTE: 405 ms 442 µs (wall time) | QUERY PLAN CACHE HITS: 0/1 statement(s)]
After reset, table use_count: 2
WARNING: Table still has 1 other owner(s) after pipeline reset!
Executing script file done
$:hsh clear_plan_caches
Cleared PQP and LQP caches
$:hsh clear_pipeline
Released last SQLPipeline
$:hsh reset_exec_pools
Reset execution pools (2, 3) bump pointers to start
$:hsh mem_usage
------------------------------------------
Memory Usage Statistics:
VmSize:	328142280 kB
VmRSS:	84871932 kB
1: MemResourceStatus {MigratedColumnsAggregate,18446744073709551615,63541608448,52888587462,0,0,1,N/A}
MemResourceStatus {NumaMonotonicResource,3,53687091200,0,0,0,1,0}
MemResourceStatus {NumaMonotonicResource,2,53687091200,0,0,0,0,0}
0: MemResourceStatus {MemManagerAggregate,18446744073709551615,53687091200,0,0,0,0,N/A}
1: MemResourceStatus {MemManagerAggregate,18446744073709551615,53687091200,0,0,0,1,N/A}
MemResourceStatus {DefaultResource,18446744073709551615,18446744073709551615,18446744071318973865,60530953333,0,-1,N/A}
Quick Memory Usage Overview:
Used Capacity: 0, 52888587462
------------------------------------------
Executing script file: /home/umeshsum/tpch_queries/17.sql
[32m(release)[0m> select
[32m(release)[0m> 	sum(l_extendedprice) / 7.0 as avg_yearly
[32m(release)[0m> from
[32m(release)[0m> 	lineitem,
[32m(release)[0m> 	part
[32m(release)[0m> where
[32m(release)[0m> 	p_partkey = l_partkey
[32m(release)[0m> 	and p_brand = 'Brand#23'
[32m(release)[0m> 	and p_container = 'MED BOX'
[32m(release)[0m> 	and l_quantity < (
[32m(release)[0m> 		select
[32m(release)[0m> 			0.2 * avg(l_quantity)
[32m(release)[0m> 		from
[32m(release)[0m> 			lineitem
[32m(release)[0m> 		where
[32m(release)[0m> 			l_partkey = p_partkey
[32m(release)[0m> 	);
VmRSS Change: 1992 KB
===
1 rows total
Execution info: [PARSE: 43 µs 819 ns, SQL TRANSLATE: 183 µs 968 ns, OPTIMIZE: 3 ms 87 µs, LQP TRANSLATE: 140 µs 978 ns, EXECUTE: 400 ms 340 µs (wall time) | QUERY PLAN CACHE HITS: 0/1 statement(s)]
After reset, table use_count: 2
WARNING: Table still has 1 other owner(s) after pipeline reset!
Executing script file done
$:hsh clear_plan_caches
Cleared PQP and LQP caches
$:hsh clear_pipeline
Released last SQLPipeline
$:hsh reset_exec_pools
Reset execution pools (2, 3) bump pointers to start
$:hsh mem_usage
------------------------------------------
Memory Usage Statistics:
VmSize:	328142280 kB
VmRSS:	84873924 kB
1: MemResourceStatus {MigratedColumnsAggregate,18446744073709551615,63541608448,52888587462,0,0,1,N/A}
MemResourceStatus {NumaMonotonicResource,3,53687091200,0,0,0,1,0}
MemResourceStatus {NumaMonotonicResource,2,53687091200,0,0,0,0,0}
0: MemResourceStatus {MemManagerAggregate,18446744073709551615,53687091200,0,0,0,0,N/A}
1: MemResourceStatus {MemManagerAggregate,18446744073709551615,53687091200,0,0,0,1,N/A}
MemResourceStatus {DefaultResource,18446744073709551615,18446744073709551615,18446744071318973865,60530953333,0,-1,N/A}
Quick Memory Usage Overview:
Used Capacity: 0, 52888587462
------------------------------------------
Executing script file: /home/umeshsum/tpch_queries/17.sql
[32m(release)[0m> select
[32m(release)[0m> 	sum(l_extendedprice) / 7.0 as avg_yearly
[32m(release)[0m> from
[32m(release)[0m> 	lineitem,
[32m(release)[0m> 	part
[32m(release)[0m> where
[32m(release)[0m> 	p_partkey = l_partkey
[32m(release)[0m> 	and p_brand = 'Brand#23'
[32m(release)[0m> 	and p_container = 'MED BOX'
[32m(release)[0m> 	and l_quantity < (
[32m(release)[0m> 		select
[32m(release)[0m> 			0.2 * avg(l_quantity)
[32m(release)[0m> 		from
[32m(release)[0m> 			lineitem
[32m(release)[0m> 		where
[32m(release)[0m> 			l_partkey = p_partkey
[32m(release)[0m> 	);
VmRSS Change: 18446744073709550392 KB
===
1 rows total
Execution info: [PARSE: 46 µs 479 ns, SQL TRANSLATE: 190 µs 178 ns, OPTIMIZE: 3 ms 27 µs, LQP TRANSLATE: 144 µs 888 ns, EXECUTE: 407 ms 914 µs (wall time) | QUERY PLAN CACHE HITS: 0/1 statement(s)]
After reset, table use_count: 2
WARNING: Table still has 1 other owner(s) after pipeline reset!
Executing script file done
$:hsh clear_plan_caches
Cleared PQP and LQP caches
$:hsh clear_pipeline
Released last SQLPipeline
$:hsh reset_exec_pools
Reset execution pools (2, 3) bump pointers to start
$:hsh mem_usage
------------------------------------------
Memory Usage Statistics:
VmSize:	328142280 kB
VmRSS:	84872700 kB
1: MemResourceStatus {MigratedColumnsAggregate,18446744073709551615,63541608448,52888587462,0,0,1,N/A}
MemResourceStatus {NumaMonotonicResource,3,53687091200,0,0,0,1,0}
MemResourceStatus {NumaMonotonicResource,2,53687091200,0,0,0,0,0}
0: MemResourceStatus {MemManagerAggregate,18446744073709551615,53687091200,0,0,0,0,N/A}
1: MemResourceStatus {MemManagerAggregate,18446744073709551615,53687091200,0,0,0,1,N/A}
MemResourceStatus {DefaultResource,18446744073709551615,18446744073709551615,18446744071318973865,60530953333,0,-1,N/A}
Quick Memory Usage Overview:
Used Capacity: 0, 52888587462
------------------------------------------
Executing script file: /home/umeshsum/tpch_queries/17.sql
[32m(release)[0m> select
[32m(release)[0m> 	sum(l_extendedprice) / 7.0 as avg_yearly
[32m(release)[0m> from
[32m(release)[0m> 	lineitem,
[32m(release)[0m> 	part
[32m(release)[0m> where
[32m(release)[0m> 	p_partkey = l_partkey
[32m(release)[0m> 	and p_brand = 'Brand#23'
[32m(release)[0m> 	and p_container = 'MED BOX'
[32m(release)[0m> 	and l_quantity < (
[32m(release)[0m> 		select
[32m(release)[0m> 			0.2 * avg(l_quantity)
[32m(release)[0m> 		from
[32m(release)[0m> 			lineitem
[32m(release)[0m> 		where
[32m(release)[0m> 			l_partkey = p_partkey
[32m(release)[0m> 	);
VmRSS Change: 432 KB
===
1 rows total
Execution info: [PARSE: 45 µs 539 ns, SQL TRANSLATE: 185 µs 318 ns, OPTIMIZE: 3 ms 58 µs, LQP TRANSLATE: 140 µs 469 ns, EXECUTE: 408 ms 589 µs (wall time) | QUERY PLAN CACHE HITS: 0/1 statement(s)]
After reset, table use_count: 2
WARNING: Table still has 1 other owner(s) after pipeline reset!
Executing script file done
$:hsh clear_plan_caches
Cleared PQP and LQP caches
$:hsh clear_pipeline
Released last SQLPipeline
$:hsh reset_exec_pools
Reset execution pools (2, 3) bump pointers to start
$:hsh mem_usage
------------------------------------------
Memory Usage Statistics:
VmSize:	328142280 kB
VmRSS:	84873132 kB
1: MemResourceStatus {MigratedColumnsAggregate,18446744073709551615,63541608448,52888587462,0,0,1,N/A}
MemResourceStatus {NumaMonotonicResource,3,53687091200,0,0,0,1,0}
MemResourceStatus {NumaMonotonicResource,2,53687091200,0,0,0,0,0}
0: MemResourceStatus {MemManagerAggregate,18446744073709551615,53687091200,0,0,0,0,N/A}
1: MemResourceStatus {MemManagerAggregate,18446744073709551615,53687091200,0,0,0,1,N/A}
MemResourceStatus {DefaultResource,18446744073709551615,18446744073709551615,18446744071318973865,60530953333,0,-1,N/A}
Quick Memory Usage Overview:
Used Capacity: 0, 52888587462
------------------------------------------
Executing script file: /home/umeshsum/tpch_queries/17.sql
[32m(release)[0m> select
[32m(release)[0m> 	sum(l_extendedprice) / 7.0 as avg_yearly
[32m(release)[0m> from
[32m(release)[0m> 	lineitem,
[32m(release)[0m> 	part
[32m(release)[0m> where
[32m(release)[0m> 	p_partkey = l_partkey
[32m(release)[0m> 	and p_brand = 'Brand#23'
[32m(release)[0m> 	and p_container = 'MED BOX'
[32m(release)[0m> 	and l_quantity < (
[32m(release)[0m> 		select
[32m(release)[0m> 			0.2 * avg(l_quantity)
[32m(release)[0m> 		from
[32m(release)[0m> 			lineitem
[32m(release)[0m> 		where
[32m(release)[0m> 			l_partkey = p_partkey
[32m(release)[0m> 	);
VmRSS Change: 18446744073709551600 KB
===
1 rows total
Execution info: [PARSE: 44 µs 749 ns, SQL TRANSLATE: 211 µs 938 ns, OPTIMIZE: 3 ms 80 µs, LQP TRANSLATE: 138 µs 719 ns, EXECUTE: 395 ms 458 µs (wall time) | QUERY PLAN CACHE HITS: 0/1 statement(s)]
After reset, table use_count: 2
WARNING: Table still has 1 other owner(s) after pipeline reset!
Executing script file done
$:hsh clear_plan_caches
Cleared PQP and LQP caches
$:hsh clear_pipeline
Released last SQLPipeline
$:hsh reset_exec_pools
Reset execution pools (2, 3) bump pointers to start
$:hsh mem_usage
------------------------------------------
Memory Usage Statistics:
VmSize:	328142280 kB
VmRSS:	84873116 kB
1: MemResourceStatus {MigratedColumnsAggregate,18446744073709551615,63541608448,52888587462,0,0,1,N/A}
MemResourceStatus {NumaMonotonicResource,3,53687091200,0,0,0,1,0}
MemResourceStatus {NumaMonotonicResource,2,53687091200,0,0,0,0,0}
0: MemResourceStatus {MemManagerAggregate,18446744073709551615,53687091200,0,0,0,0,N/A}
1: MemResourceStatus {MemManagerAggregate,18446744073709551615,53687091200,0,0,0,1,N/A}
MemResourceStatus {DefaultResource,18446744073709551615,18446744073709551615,18446744071318973865,60530953333,0,-1,N/A}
Quick Memory Usage Overview:
Used Capacity: 0, 52888587462
------------------------------------------
Executing script file: /home/umeshsum/tpch_queries/17.sql
[32m(release)[0m> select
[32m(release)[0m> 	sum(l_extendedprice) / 7.0 as avg_yearly
[32m(release)[0m> from
[32m(release)[0m> 	lineitem,
[32m(release)[0m> 	part
[32m(release)[0m> where
[32m(release)[0m> 	p_partkey = l_partkey
[32m(release)[0m> 	and p_brand = 'Brand#23'
[32m(release)[0m> 	and p_container = 'MED BOX'
[32m(release)[0m> 	and l_quantity < (
[32m(release)[0m> 		select
[32m(release)[0m> 			0.2 * avg(l_quantity)
[32m(release)[0m> 		from
[32m(release)[0m> 			lineitem
[32m(release)[0m> 		where
[32m(release)[0m> 			l_partkey = p_partkey
[32m(release)[0m> 	);
VmRSS Change: 292 KB
===
1 rows total
Execution info: [PARSE: 45 µs 399 ns, SQL TRANSLATE: 183 µs 948 ns, OPTIMIZE: 3 ms 53 µs, LQP TRANSLATE: 139 µs 228 ns, EXECUTE: 389 ms 184 µs (wall time) | QUERY PLAN CACHE HITS: 0/1 statement(s)]
After reset, table use_count: 2
WARNING: Table still has 1 other owner(s) after pipeline reset!
Executing script file done
$:hsh clear_plan_caches
Cleared PQP and LQP caches
$:hsh clear_pipeline
Released last SQLPipeline
$:hsh reset_exec_pools
Reset execution pools (2, 3) bump pointers to start
$:hsh mem_usage
------------------------------------------
Memory Usage Statistics:
VmSize:	328142280 kB
VmRSS:	84873408 kB
1: MemResourceStatus {MigratedColumnsAggregate,18446744073709551615,63541608448,52888587462,0,0,1,N/A}
MemResourceStatus {NumaMonotonicResource,3,53687091200,0,0,0,1,0}
MemResourceStatus {NumaMonotonicResource,2,53687091200,0,0,0,0,0}
0: MemResourceStatus {MemManagerAggregate,18446744073709551615,53687091200,0,0,0,0,N/A}
1: MemResourceStatus {MemManagerAggregate,18446744073709551615,53687091200,0,0,0,1,N/A}
MemResourceStatus {DefaultResource,18446744073709551615,18446744073709551615,18446744071318973865,60530953333,0,-1,N/A}
Quick Memory Usage Overview:
Used Capacity: 0, 52888587462
------------------------------------------
Label set to d53687091200_tf1000000000000_q18
$:hsh clear_plan_caches
Cleared PQP and LQP caches
$:hsh clear_pipeline
Released last SQLPipeline
$:hsh reset_exec_pools
Reset execution pools (2, 3) bump pointers to start
$:hsh mem_usage
------------------------------------------
Memory Usage Statistics:
VmSize:	328142280 kB
VmRSS:	84873408 kB
1: MemResourceStatus {MigratedColumnsAggregate,18446744073709551615,63541608448,52888587462,0,0,1,N/A}
MemResourceStatus {NumaMonotonicResource,3,53687091200,0,0,0,1,0}
MemResourceStatus {NumaMonotonicResource,2,53687091200,0,0,0,0,0}
0: MemResourceStatus {MemManagerAggregate,18446744073709551615,53687091200,0,0,0,0,N/A}
1: MemResourceStatus {MemManagerAggregate,18446744073709551615,53687091200,0,0,0,1,N/A}
MemResourceStatus {DefaultResource,18446744073709551615,18446744073709551615,18446744071318973865,60530953333,0,-1,N/A}
Quick Memory Usage Overview:
Used Capacity: 0, 52888587462
------------------------------------------
Executing script file: /home/umeshsum/tpch_queries/18.sql
[32m(release)[0m> select
[32m(release)[0m> 	c_name,
[32m(release)[0m> 	c_custkey,
[32m(release)[0m> 	o_orderkey,
[32m(release)[0m> 	o_orderdate,
[32m(release)[0m> 	o_totalprice,
[32m(release)[0m> 	sum(l_quantity)
[32m(release)[0m> from
[32m(release)[0m> 	customer,
[32m(release)[0m> 	orders,
[32m(release)[0m> 	lineitem
[32m(release)[0m> where
[32m(release)[0m> 	o_orderkey in (
[32m(release)[0m> 		select
[32m(release)[0m> 			l_orderkey
[32m(release)[0m> 		from
[32m(release)[0m> 			lineitem
[32m(release)[0m> 		group by
[32m(release)[0m> 			l_orderkey having
[32m(release)[0m> 				sum(l_quantity) > 300
[32m(release)[0m> 	)
[32m(release)[0m> 	and c_custkey = o_custkey
[32m(release)[0m> 	and o_orderkey = l_orderkey
[32m(release)[0m> group by
[32m(release)[0m> 	c_name,
[32m(release)[0m> 	c_custkey,
[32m(release)[0m> 	o_orderkey,
[32m(release)[0m> 	o_orderdate,
[32m(release)[0m> 	o_totalprice
[32m(release)[0m> order by
[32m(release)[0m> 	o_totalprice desc,
[32m(release)[0m> 	o_orderdate;
VmRSS Change: 4064852 KB
===
3182 rows total
Execution info: [PARSE: 56 µs 90 ns, SQL TRANSLATE: 251 µs 918 ns, OPTIMIZE: 4 ms 48 µs, LQP TRANSLATE: 143 µs 119 ns, EXECUTE: 4 s 467 ms (wall time) | QUERY PLAN CACHE HITS: 0/1 statement(s)]
After reset, table use_count: 2
WARNING: Table still has 1 other owner(s) after pipeline reset!
Executing script file done
$:hsh clear_plan_caches
Cleared PQP and LQP caches
$:hsh clear_pipeline
Released last SQLPipeline
$:hsh reset_exec_pools
Reset execution pools (2, 3) bump pointers to start
$:hsh mem_usage
------------------------------------------
Memory Usage Statistics:
VmSize:	328142280 kB
VmRSS:	88938116 kB
1: MemResourceStatus {MigratedColumnsAggregate,18446744073709551615,63541608448,52888587462,0,0,1,N/A}
MemResourceStatus {NumaMonotonicResource,3,53687091200,0,0,0,1,0}
MemResourceStatus {NumaMonotonicResource,2,53687091200,0,0,0,0,0}
0: MemResourceStatus {MemManagerAggregate,18446744073709551615,53687091200,0,0,0,0,N/A}
1: MemResourceStatus {MemManagerAggregate,18446744073709551615,53687091200,0,0,0,1,N/A}
MemResourceStatus {DefaultResource,18446744073709551615,18446744073709551615,18446744071318973865,60530953333,0,-1,N/A}
Quick Memory Usage Overview:
Used Capacity: 0, 52888587462
------------------------------------------
Executing script file: /home/umeshsum/tpch_queries/18.sql
[32m(release)[0m> select
[32m(release)[0m> 	c_name,
[32m(release)[0m> 	c_custkey,
[32m(release)[0m> 	o_orderkey,
[32m(release)[0m> 	o_orderdate,
[32m(release)[0m> 	o_totalprice,
[32m(release)[0m> 	sum(l_quantity)
[32m(release)[0m> from
[32m(release)[0m> 	customer,
[32m(release)[0m> 	orders,
[32m(release)[0m> 	lineitem
[32m(release)[0m> where
[32m(release)[0m> 	o_orderkey in (
[32m(release)[0m> 		select
[32m(release)[0m> 			l_orderkey
[32m(release)[0m> 		from
[32m(release)[0m> 			lineitem
[32m(release)[0m> 		group by
[32m(release)[0m> 			l_orderkey having
[32m(release)[0m> 				sum(l_quantity) > 300
[32m(release)[0m> 	)
[32m(release)[0m> 	and c_custkey = o_custkey
[32m(release)[0m> 	and o_orderkey = l_orderkey
[32m(release)[0m> group by
[32m(release)[0m> 	c_name,
[32m(release)[0m> 	c_custkey,
[32m(release)[0m> 	o_orderkey,
[32m(release)[0m> 	o_orderdate,
[32m(release)[0m> 	o_totalprice
[32m(release)[0m> order by
[32m(release)[0m> 	o_totalprice desc,
[32m(release)[0m> 	o_orderdate;
VmRSS Change: 18446744073709551420 KB
===
3182 rows total
Execution info: [PARSE: 61 µs 610 ns, SQL TRANSLATE: 224 µs 817 ns, OPTIMIZE: 4 ms 98 µs, LQP TRANSLATE: 156 µs 169 ns, EXECUTE: 4 s 336 ms (wall time) | QUERY PLAN CACHE HITS: 0/1 statement(s)]
After reset, table use_count: 2
WARNING: Table still has 1 other owner(s) after pipeline reset!
Executing script file done
$:hsh clear_plan_caches
Cleared PQP and LQP caches
$:hsh clear_pipeline
Released last SQLPipeline
$:hsh reset_exec_pools
Reset execution pools (2, 3) bump pointers to start
$:hsh mem_usage
------------------------------------------
Memory Usage Statistics:
VmSize:	328142280 kB
VmRSS:	88937928 kB
1: MemResourceStatus {MigratedColumnsAggregate,18446744073709551615,63541608448,52888587462,0,0,1,N/A}
MemResourceStatus {NumaMonotonicResource,3,53687091200,0,0,0,1,0}
MemResourceStatus {NumaMonotonicResource,2,53687091200,0,0,0,0,0}
0: MemResourceStatus {MemManagerAggregate,18446744073709551615,53687091200,0,0,0,0,N/A}
1: MemResourceStatus {MemManagerAggregate,18446744073709551615,53687091200,0,0,0,1,N/A}
MemResourceStatus {DefaultResource,18446744073709551615,18446744073709551615,18446744071318973865,60530953333,0,-1,N/A}
Quick Memory Usage Overview:
Used Capacity: 0, 52888587462
------------------------------------------
Executing script file: /home/umeshsum/tpch_queries/18.sql
[32m(release)[0m> select
[32m(release)[0m> 	c_name,
[32m(release)[0m> 	c_custkey,
[32m(release)[0m> 	o_orderkey,
[32m(release)[0m> 	o_orderdate,
[32m(release)[0m> 	o_totalprice,
[32m(release)[0m> 	sum(l_quantity)
[32m(release)[0m> from
[32m(release)[0m> 	customer,
[32m(release)[0m> 	orders,
[32m(release)[0m> 	lineitem
[32m(release)[0m> where
[32m(release)[0m> 	o_orderkey in (
[32m(release)[0m> 		select
[32m(release)[0m> 			l_orderkey
[32m(release)[0m> 		from
[32m(release)[0m> 			lineitem
[32m(release)[0m> 		group by
[32m(release)[0m> 			l_orderkey having
[32m(release)[0m> 				sum(l_quantity) > 300
[32m(release)[0m> 	)
[32m(release)[0m> 	and c_custkey = o_custkey
[32m(release)[0m> 	and o_orderkey = l_orderkey
[32m(release)[0m> group by
[32m(release)[0m> 	c_name,
[32m(release)[0m> 	c_custkey,
[32m(release)[0m> 	o_orderkey,
[32m(release)[0m> 	o_orderdate,
[32m(release)[0m> 	o_totalprice
[32m(release)[0m> order by
[32m(release)[0m> 	o_totalprice desc,
[32m(release)[0m> 	o_orderdate;
VmRSS Change: 18446744073709549424 KB
===
3182 rows total
Execution info: [PARSE: 53 µs 69 ns, SQL TRANSLATE: 211 µs 408 ns, OPTIMIZE: 4 ms 95 µs, LQP TRANSLATE: 142 µs 258 ns, EXECUTE: 4 s 326 ms (wall time) | QUERY PLAN CACHE HITS: 0/1 statement(s)]
After reset, table use_count: 2
WARNING: Table still has 1 other owner(s) after pipeline reset!
Executing script file done
$:hsh clear_plan_caches
Cleared PQP and LQP caches
$:hsh clear_pipeline
Released last SQLPipeline
$:hsh reset_exec_pools
Reset execution pools (2, 3) bump pointers to start
$:hsh mem_usage
------------------------------------------
Memory Usage Statistics:
VmSize:	328142280 kB
VmRSS:	88935688 kB
1: MemResourceStatus {MigratedColumnsAggregate,18446744073709551615,63541608448,52888587462,0,0,1,N/A}
MemResourceStatus {NumaMonotonicResource,3,53687091200,0,0,0,1,0}
MemResourceStatus {NumaMonotonicResource,2,53687091200,0,0,0,0,0}
0: MemResourceStatus {MemManagerAggregate,18446744073709551615,53687091200,0,0,0,0,N/A}
1: MemResourceStatus {MemManagerAggregate,18446744073709551615,53687091200,0,0,0,1,N/A}
MemResourceStatus {DefaultResource,18446744073709551615,18446744073709551615,18446744071318973865,60530953333,0,-1,N/A}
Quick Memory Usage Overview:
Used Capacity: 0, 52888587462
------------------------------------------
Executing script file: /home/umeshsum/tpch_queries/18.sql
[32m(release)[0m> select
[32m(release)[0m> 	c_name,
[32m(release)[0m> 	c_custkey,
[32m(release)[0m> 	o_orderkey,
[32m(release)[0m> 	o_orderdate,
[32m(release)[0m> 	o_totalprice,
[32m(release)[0m> 	sum(l_quantity)
[32m(release)[0m> from
[32m(release)[0m> 	customer,
[32m(release)[0m> 	orders,
[32m(release)[0m> 	lineitem
[32m(release)[0m> where
[32m(release)[0m> 	o_orderkey in (
[32m(release)[0m> 		select
[32m(release)[0m> 			l_orderkey
[32m(release)[0m> 		from
[32m(release)[0m> 			lineitem
[32m(release)[0m> 		group by
[32m(release)[0m> 			l_orderkey having
[32m(release)[0m> 				sum(l_quantity) > 300
[32m(release)[0m> 	)
[32m(release)[0m> 	and c_custkey = o_custkey
[32m(release)[0m> 	and o_orderkey = l_orderkey
[32m(release)[0m> group by
[32m(release)[0m> 	c_name,
[32m(release)[0m> 	c_custkey,
[32m(release)[0m> 	o_orderkey,
[32m(release)[0m> 	o_orderdate,
[32m(release)[0m> 	o_totalprice
[32m(release)[0m> order by
[32m(release)[0m> 	o_totalprice desc,
[32m(release)[0m> 	o_orderdate;
VmRSS Change: 1680 KB
===
3182 rows total
Execution info: [PARSE: 55 µs 650 ns, SQL TRANSLATE: 210 µs 957 ns, OPTIMIZE: 4 ms 136 µs, LQP TRANSLATE: 140 µs 428 ns, EXECUTE: 4 s 335 ms (wall time) | QUERY PLAN CACHE HITS: 0/1 statement(s)]
After reset, table use_count: 2
WARNING: Table still has 1 other owner(s) after pipeline reset!
Executing script file done
$:hsh clear_plan_caches
Cleared PQP and LQP caches
$:hsh clear_pipeline
Released last SQLPipeline
$:hsh reset_exec_pools
Reset execution pools (2, 3) bump pointers to start
$:hsh mem_usage
------------------------------------------
Memory Usage Statistics:
VmSize:	328142280 kB
VmRSS:	88937384 kB
1: MemResourceStatus {MigratedColumnsAggregate,18446744073709551615,63541608448,52888587462,0,0,1,N/A}
MemResourceStatus {NumaMonotonicResource,3,53687091200,0,0,0,1,0}
MemResourceStatus {NumaMonotonicResource,2,53687091200,0,0,0,0,0}
0: MemResourceStatus {MemManagerAggregate,18446744073709551615,53687091200,0,0,0,0,N/A}
1: MemResourceStatus {MemManagerAggregate,18446744073709551615,53687091200,0,0,0,1,N/A}
MemResourceStatus {DefaultResource,18446744073709551615,18446744073709551615,18446744071318973865,60530953333,0,-1,N/A}
Quick Memory Usage Overview:
Used Capacity: 0, 52888587462
------------------------------------------
Executing script file: /home/umeshsum/tpch_queries/18.sql
[32m(release)[0m> select
[32m(release)[0m> 	c_name,
[32m(release)[0m> 	c_custkey,
[32m(release)[0m> 	o_orderkey,
[32m(release)[0m> 	o_orderdate,
[32m(release)[0m> 	o_totalprice,
[32m(release)[0m> 	sum(l_quantity)
[32m(release)[0m> from
[32m(release)[0m> 	customer,
[32m(release)[0m> 	orders,
[32m(release)[0m> 	lineitem
[32m(release)[0m> where
[32m(release)[0m> 	o_orderkey in (
[32m(release)[0m> 		select
[32m(release)[0m> 			l_orderkey
[32m(release)[0m> 		from
[32m(release)[0m> 			lineitem
[32m(release)[0m> 		group by
[32m(release)[0m> 			l_orderkey having
[32m(release)[0m> 				sum(l_quantity) > 300
[32m(release)[0m> 	)
[32m(release)[0m> 	and c_custkey = o_custkey
[32m(release)[0m> 	and o_orderkey = l_orderkey
[32m(release)[0m> group by
[32m(release)[0m> 	c_name,
[32m(release)[0m> 	c_custkey,
[32m(release)[0m> 	o_orderkey,
[32m(release)[0m> 	o_orderdate,
[32m(release)[0m> 	o_totalprice
[32m(release)[0m> order by
[32m(release)[0m> 	o_totalprice desc,
[32m(release)[0m> 	o_orderdate;
VmRSS Change: 18446744073709551104 KB
===
3182 rows total
Execution info: [PARSE: 54 µs 629 ns, SQL TRANSLATE: 215 µs 968 ns, OPTIMIZE: 4 ms 75 µs, LQP TRANSLATE: 142 µs 29 ns, EXECUTE: 4 s 338 ms (wall time) | QUERY PLAN CACHE HITS: 0/1 statement(s)]
After reset, table use_count: 2
WARNING: Table still has 1 other owner(s) after pipeline reset!
Executing script file done
$:hsh clear_plan_caches
Cleared PQP and LQP caches
$:hsh clear_pipeline
Released last SQLPipeline
$:hsh reset_exec_pools
Reset execution pools (2, 3) bump pointers to start
$:hsh mem_usage
------------------------------------------
Memory Usage Statistics:
VmSize:	328142280 kB
VmRSS:	88936872 kB
1: MemResourceStatus {MigratedColumnsAggregate,18446744073709551615,63541608448,52888587462,0,0,1,N/A}
MemResourceStatus {NumaMonotonicResource,3,53687091200,0,0,0,1,0}
MemResourceStatus {NumaMonotonicResource,2,53687091200,0,0,0,0,0}
0: MemResourceStatus {MemManagerAggregate,18446744073709551615,53687091200,0,0,0,0,N/A}
1: MemResourceStatus {MemManagerAggregate,18446744073709551615,53687091200,0,0,0,1,N/A}
MemResourceStatus {DefaultResource,18446744073709551615,18446744073709551615,18446744071318973865,60530953333,0,-1,N/A}
Quick Memory Usage Overview:
Used Capacity: 0, 52888587462
------------------------------------------
Executing script file: /home/umeshsum/tpch_queries/18.sql
[32m(release)[0m> select
[32m(release)[0m> 	c_name,
[32m(release)[0m> 	c_custkey,
[32m(release)[0m> 	o_orderkey,
[32m(release)[0m> 	o_orderdate,
[32m(release)[0m> 	o_totalprice,
[32m(release)[0m> 	sum(l_quantity)
[32m(release)[0m> from
[32m(release)[0m> 	customer,
[32m(release)[0m> 	orders,
[32m(release)[0m> 	lineitem
[32m(release)[0m> where
[32m(release)[0m> 	o_orderkey in (
[32m(release)[0m> 		select
[32m(release)[0m> 			l_orderkey
[32m(release)[0m> 		from
[32m(release)[0m> 			lineitem
[32m(release)[0m> 		group by
[32m(release)[0m> 			l_orderkey having
[32m(release)[0m> 				sum(l_quantity) > 300
[32m(release)[0m> 	)
[32m(release)[0m> 	and c_custkey = o_custkey
[32m(release)[0m> 	and o_orderkey = l_orderkey
[32m(release)[0m> group by
[32m(release)[0m> 	c_name,
[32m(release)[0m> 	c_custkey,
[32m(release)[0m> 	o_orderkey,
[32m(release)[0m> 	o_orderdate,
[32m(release)[0m> 	o_totalprice
[32m(release)[0m> order by
[32m(release)[0m> 	o_totalprice desc,
[32m(release)[0m> 	o_orderdate;
VmRSS Change: 1212 KB
===
3182 rows total
Execution info: [PARSE: 56 µs 659 ns, SQL TRANSLATE: 219 µs 688 ns, OPTIMIZE: 4 ms 57 µs, LQP TRANSLATE: 141 µs 609 ns, EXECUTE: 4 s 344 ms (wall time) | QUERY PLAN CACHE HITS: 0/1 statement(s)]
After reset, table use_count: 2
WARNING: Table still has 1 other owner(s) after pipeline reset!
Executing script file done
$:hsh clear_plan_caches
Cleared PQP and LQP caches
$:hsh clear_pipeline
Released last SQLPipeline
$:hsh reset_exec_pools
Reset execution pools (2, 3) bump pointers to start
$:hsh mem_usage
------------------------------------------
Memory Usage Statistics:
VmSize:	328142280 kB
VmRSS:	88938084 kB
1: MemResourceStatus {MigratedColumnsAggregate,18446744073709551615,63541608448,52888587462,0,0,1,N/A}
MemResourceStatus {NumaMonotonicResource,3,53687091200,0,0,0,1,0}
MemResourceStatus {NumaMonotonicResource,2,53687091200,0,0,0,0,0}
0: MemResourceStatus {MemManagerAggregate,18446744073709551615,53687091200,0,0,0,0,N/A}
1: MemResourceStatus {MemManagerAggregate,18446744073709551615,53687091200,0,0,0,1,N/A}
MemResourceStatus {DefaultResource,18446744073709551615,18446744073709551615,18446744071318973865,60530953333,0,-1,N/A}
Quick Memory Usage Overview:
Used Capacity: 0, 52888587462
------------------------------------------
Executing script file: /home/umeshsum/tpch_queries/18.sql
[32m(release)[0m> select
[32m(release)[0m> 	c_name,
[32m(release)[0m> 	c_custkey,
[32m(release)[0m> 	o_orderkey,
[32m(release)[0m> 	o_orderdate,
[32m(release)[0m> 	o_totalprice,
[32m(release)[0m> 	sum(l_quantity)
[32m(release)[0m> from
[32m(release)[0m> 	customer,
[32m(release)[0m> 	orders,
[32m(release)[0m> 	lineitem
[32m(release)[0m> where
[32m(release)[0m> 	o_orderkey in (
[32m(release)[0m> 		select
[32m(release)[0m> 			l_orderkey
[32m(release)[0m> 		from
[32m(release)[0m> 			lineitem
[32m(release)[0m> 		group by
[32m(release)[0m> 			l_orderkey having
[32m(release)[0m> 				sum(l_quantity) > 300
[32m(release)[0m> 	)
[32m(release)[0m> 	and c_custkey = o_custkey
[32m(release)[0m> 	and o_orderkey = l_orderkey
[32m(release)[0m> group by
[32m(release)[0m> 	c_name,
[32m(release)[0m> 	c_custkey,
[32m(release)[0m> 	o_orderkey,
[32m(release)[0m> 	o_orderdate,
[32m(release)[0m> 	o_totalprice
[32m(release)[0m> order by
[32m(release)[0m> 	o_totalprice desc,
[32m(release)[0m> 	o_orderdate;
VmRSS Change: 18446744073709550132 KB
===
3182 rows total
Execution info: [PARSE: 64 µs 519 ns, SQL TRANSLATE: 214 µs 578 ns, OPTIMIZE: 4 ms 48 µs, LQP TRANSLATE: 144 µs 359 ns, EXECUTE: 4 s 318 ms (wall time) | QUERY PLAN CACHE HITS: 0/1 statement(s)]
After reset, table use_count: 2
WARNING: Table still has 1 other owner(s) after pipeline reset!
Executing script file done
$:hsh clear_plan_caches
Cleared PQP and LQP caches
$:hsh clear_pipeline
Released last SQLPipeline
$:hsh reset_exec_pools
Reset execution pools (2, 3) bump pointers to start
$:hsh mem_usage
------------------------------------------
Memory Usage Statistics:
VmSize:	328142280 kB
VmRSS:	88936600 kB
1: MemResourceStatus {MigratedColumnsAggregate,18446744073709551615,63541608448,52888587462,0,0,1,N/A}
MemResourceStatus {NumaMonotonicResource,3,53687091200,0,0,0,1,0}
MemResourceStatus {NumaMonotonicResource,2,53687091200,0,0,0,0,0}
0: MemResourceStatus {MemManagerAggregate,18446744073709551615,53687091200,0,0,0,0,N/A}
1: MemResourceStatus {MemManagerAggregate,18446744073709551615,53687091200,0,0,0,1,N/A}
MemResourceStatus {DefaultResource,18446744073709551615,18446744073709551615,18446744071318973865,60530953333,0,-1,N/A}
Quick Memory Usage Overview:
Used Capacity: 0, 52888587462
------------------------------------------
Executing script file: /home/umeshsum/tpch_queries/18.sql
[32m(release)[0m> select
[32m(release)[0m> 	c_name,
[32m(release)[0m> 	c_custkey,
[32m(release)[0m> 	o_orderkey,
[32m(release)[0m> 	o_orderdate,
[32m(release)[0m> 	o_totalprice,
[32m(release)[0m> 	sum(l_quantity)
[32m(release)[0m> from
[32m(release)[0m> 	customer,
[32m(release)[0m> 	orders,
[32m(release)[0m> 	lineitem
[32m(release)[0m> where
[32m(release)[0m> 	o_orderkey in (
[32m(release)[0m> 		select
[32m(release)[0m> 			l_orderkey
[32m(release)[0m> 		from
[32m(release)[0m> 			lineitem
[32m(release)[0m> 		group by
[32m(release)[0m> 			l_orderkey having
[32m(release)[0m> 				sum(l_quantity) > 300
[32m(release)[0m> 	)
[32m(release)[0m> 	and c_custkey = o_custkey
[32m(release)[0m> 	and o_orderkey = l_orderkey
[32m(release)[0m> group by
[32m(release)[0m> 	c_name,
[32m(release)[0m> 	c_custkey,
[32m(release)[0m> 	o_orderkey,
[32m(release)[0m> 	o_orderdate,
[32m(release)[0m> 	o_totalprice
[32m(release)[0m> order by
[32m(release)[0m> 	o_totalprice desc,
[32m(release)[0m> 	o_orderdate;
VmRSS Change: 1172 KB
===
3182 rows total
Execution info: [PARSE: 53 µs 770 ns, SQL TRANSLATE: 208 µs 608 ns, OPTIMIZE: 4 ms 93 µs, LQP TRANSLATE: 139 µs 659 ns, EXECUTE: 4 s 281 ms (wall time) | QUERY PLAN CACHE HITS: 0/1 statement(s)]
After reset, table use_count: 2
WARNING: Table still has 1 other owner(s) after pipeline reset!
Executing script file done
$:hsh clear_plan_caches
Cleared PQP and LQP caches
$:hsh clear_pipeline
Released last SQLPipeline
$:hsh reset_exec_pools
Reset execution pools (2, 3) bump pointers to start
$:hsh mem_usage
------------------------------------------
Memory Usage Statistics:
VmSize:	328142280 kB
VmRSS:	88937776 kB
1: MemResourceStatus {MigratedColumnsAggregate,18446744073709551615,63541608448,52888587462,0,0,1,N/A}
MemResourceStatus {NumaMonotonicResource,3,53687091200,0,0,0,1,0}
MemResourceStatus {NumaMonotonicResource,2,53687091200,0,0,0,0,0}
0: MemResourceStatus {MemManagerAggregate,18446744073709551615,53687091200,0,0,0,0,N/A}
1: MemResourceStatus {MemManagerAggregate,18446744073709551615,53687091200,0,0,0,1,N/A}
MemResourceStatus {DefaultResource,18446744073709551615,18446744073709551615,18446744071318973865,60530953333,0,-1,N/A}
Quick Memory Usage Overview:
Used Capacity: 0, 52888587462
------------------------------------------
Executing script file: /home/umeshsum/tpch_queries/18.sql
[32m(release)[0m> select
[32m(release)[0m> 	c_name,
[32m(release)[0m> 	c_custkey,
[32m(release)[0m> 	o_orderkey,
[32m(release)[0m> 	o_orderdate,
[32m(release)[0m> 	o_totalprice,
[32m(release)[0m> 	sum(l_quantity)
[32m(release)[0m> from
[32m(release)[0m> 	customer,
[32m(release)[0m> 	orders,
[32m(release)[0m> 	lineitem
[32m(release)[0m> where
[32m(release)[0m> 	o_orderkey in (
[32m(release)[0m> 		select
[32m(release)[0m> 			l_orderkey
[32m(release)[0m> 		from
[32m(release)[0m> 			lineitem
[32m(release)[0m> 		group by
[32m(release)[0m> 			l_orderkey having
[32m(release)[0m> 				sum(l_quantity) > 300
[32m(release)[0m> 	)
[32m(release)[0m> 	and c_custkey = o_custkey
[32m(release)[0m> 	and o_orderkey = l_orderkey
[32m(release)[0m> group by
[32m(release)[0m> 	c_name,
[32m(release)[0m> 	c_custkey,
[32m(release)[0m> 	o_orderkey,
[32m(release)[0m> 	o_orderdate,
[32m(release)[0m> 	o_totalprice
[32m(release)[0m> order by
[32m(release)[0m> 	o_totalprice desc,
[32m(release)[0m> 	o_orderdate;
VmRSS Change: 3136 KB
===
3182 rows total
Execution info: [PARSE: 53 µs 319 ns, SQL TRANSLATE: 212 µs 488 ns, OPTIMIZE: 4 ms 51 µs, LQP TRANSLATE: 143 µs 399 ns, EXECUTE: 4 s 291 ms (wall time) | QUERY PLAN CACHE HITS: 0/1 statement(s)]
After reset, table use_count: 2
WARNING: Table still has 1 other owner(s) after pipeline reset!
Executing script file done
$:hsh clear_plan_caches
Cleared PQP and LQP caches
$:hsh clear_pipeline
Released last SQLPipeline
$:hsh reset_exec_pools
Reset execution pools (2, 3) bump pointers to start
$:hsh mem_usage
------------------------------------------
Memory Usage Statistics:
VmSize:	328142280 kB
VmRSS:	88940912 kB
1: MemResourceStatus {MigratedColumnsAggregate,18446744073709551615,63541608448,52888587462,0,0,1,N/A}
MemResourceStatus {NumaMonotonicResource,3,53687091200,0,0,0,1,0}
MemResourceStatus {NumaMonotonicResource,2,53687091200,0,0,0,0,0}
0: MemResourceStatus {MemManagerAggregate,18446744073709551615,53687091200,0,0,0,0,N/A}
1: MemResourceStatus {MemManagerAggregate,18446744073709551615,53687091200,0,0,0,1,N/A}
MemResourceStatus {DefaultResource,18446744073709551615,18446744073709551615,18446744071318973865,60530953333,0,-1,N/A}
Quick Memory Usage Overview:
Used Capacity: 0, 52888587462
------------------------------------------
Executing script file: /home/umeshsum/tpch_queries/18.sql
[32m(release)[0m> select
[32m(release)[0m> 	c_name,
[32m(release)[0m> 	c_custkey,
[32m(release)[0m> 	o_orderkey,
[32m(release)[0m> 	o_orderdate,
[32m(release)[0m> 	o_totalprice,
[32m(release)[0m> 	sum(l_quantity)
[32m(release)[0m> from
[32m(release)[0m> 	customer,
[32m(release)[0m> 	orders,
[32m(release)[0m> 	lineitem
[32m(release)[0m> where
[32m(release)[0m> 	o_orderkey in (
[32m(release)[0m> 		select
[32m(release)[0m> 			l_orderkey
[32m(release)[0m> 		from
[32m(release)[0m> 			lineitem
[32m(release)[0m> 		group by
[32m(release)[0m> 			l_orderkey having
[32m(release)[0m> 				sum(l_quantity) > 300
[32m(release)[0m> 	)
[32m(release)[0m> 	and c_custkey = o_custkey
[32m(release)[0m> 	and o_orderkey = l_orderkey
[32m(release)[0m> group by
[32m(release)[0m> 	c_name,
[32m(release)[0m> 	c_custkey,
[32m(release)[0m> 	o_orderkey,
[32m(release)[0m> 	o_orderdate,
[32m(release)[0m> 	o_totalprice
[32m(release)[0m> order by
[32m(release)[0m> 	o_totalprice desc,
[32m(release)[0m> 	o_orderdate;
VmRSS Change: 18446744073709549528 KB
===
3182 rows total
Execution info: [PARSE: 54 µs 30 ns, SQL TRANSLATE: 215 µs 517 ns, OPTIMIZE: 4 ms 129 µs, LQP TRANSLATE: 139 µs 248 ns, EXECUTE: 4 s 280 ms (wall time) | QUERY PLAN CACHE HITS: 0/1 statement(s)]
After reset, table use_count: 2
WARNING: Table still has 1 other owner(s) after pipeline reset!
Executing script file done
$:hsh clear_plan_caches
Cleared PQP and LQP caches
$:hsh clear_pipeline
Released last SQLPipeline
$:hsh reset_exec_pools
Reset execution pools (2, 3) bump pointers to start
$:hsh mem_usage
------------------------------------------
Memory Usage Statistics:
VmSize:	328142280 kB
VmRSS:	88938828 kB
1: MemResourceStatus {MigratedColumnsAggregate,18446744073709551615,63541608448,52888587462,0,0,1,N/A}
MemResourceStatus {NumaMonotonicResource,3,53687091200,0,0,0,1,0}
MemResourceStatus {NumaMonotonicResource,2,53687091200,0,0,0,0,0}
0: MemResourceStatus {MemManagerAggregate,18446744073709551615,53687091200,0,0,0,0,N/A}
1: MemResourceStatus {MemManagerAggregate,18446744073709551615,53687091200,0,0,0,1,N/A}
MemResourceStatus {DefaultResource,18446744073709551615,18446744073709551615,18446744071318973865,60530953333,0,-1,N/A}
Quick Memory Usage Overview:
Used Capacity: 0, 52888587462
------------------------------------------
Label set to d53687091200_tf1000000000000_q19
$:hsh clear_plan_caches
Cleared PQP and LQP caches
$:hsh clear_pipeline
Released last SQLPipeline
$:hsh reset_exec_pools
Reset execution pools (2, 3) bump pointers to start
$:hsh mem_usage
------------------------------------------
Memory Usage Statistics:
VmSize:	328142280 kB
VmRSS:	88938828 kB
1: MemResourceStatus {MigratedColumnsAggregate,18446744073709551615,63541608448,52888587462,0,0,1,N/A}
MemResourceStatus {NumaMonotonicResource,3,53687091200,0,0,0,1,0}
MemResourceStatus {NumaMonotonicResource,2,53687091200,0,0,0,0,0}
0: MemResourceStatus {MemManagerAggregate,18446744073709551615,53687091200,0,0,0,0,N/A}
1: MemResourceStatus {MemManagerAggregate,18446744073709551615,53687091200,0,0,0,1,N/A}
MemResourceStatus {DefaultResource,18446744073709551615,18446744073709551615,18446744071318973865,60530953333,0,-1,N/A}
Quick Memory Usage Overview:
Used Capacity: 0, 52888587462
------------------------------------------
Executing script file: /home/umeshsum/tpch_queries/19.sql
[32m(release)[0m> select
[32m(release)[0m> 	sum(l_extendedprice* (1 - l_discount)) as revenue
[32m(release)[0m> from
[32m(release)[0m> 	lineitem,
[32m(release)[0m> 	part
[32m(release)[0m> where
[32m(release)[0m> 	(
[32m(release)[0m> 		p_partkey = l_partkey
[32m(release)[0m> 		and p_brand = 'Brand#12'
[32m(release)[0m> 		and p_container in ('SM CASE', 'SM BOX', 'SM PACK', 'SM PKG')
[32m(release)[0m> 		and l_quantity >= 1 and l_quantity <= 1 + 10
[32m(release)[0m> 		and p_size between 1 and 5
[32m(release)[0m> 		and l_shipmode in ('AIR', 'AIR REG')
[32m(release)[0m> 		and l_shipinstruct = 'DELIVER IN PERSON'
[32m(release)[0m> 	)
[32m(release)[0m> 	or
[32m(release)[0m> 	(
[32m(release)[0m> 		p_partkey = l_partkey
[32m(release)[0m> 		and p_brand = 'Brand#23'
[32m(release)[0m> 		and p_container in ('MED BAG', 'MED BOX', 'MED PKG', 'MED PACK')
[32m(release)[0m> 		and l_quantity >= 10 and l_quantity <= 10 + 10
[32m(release)[0m> 		and p_size between 1 and 10
[32m(release)[0m> 		and l_shipmode in ('AIR', 'AIR REG')
[32m(release)[0m> 		and l_shipinstruct = 'DELIVER IN PERSON'
[32m(release)[0m> 	)
[32m(release)[0m> 	or
[32m(release)[0m> 	(
[32m(release)[0m> 		p_partkey = l_partkey
[32m(release)[0m> 		and p_brand = 'Brand#34'
[32m(release)[0m> 		and p_container in ('LG CASE', 'LG BOX', 'LG PACK', 'LG PKG')
[32m(release)[0m> 		and l_quantity >= 20 and l_quantity <= 20 + 10
[32m(release)[0m> 		and p_size between 1 and 15
[32m(release)[0m> 		and l_shipmode in ('AIR', 'AIR REG')
[32m(release)[0m> 		and l_shipinstruct = 'DELIVER IN PERSON'
[32m(release)[0m> 	);
VmRSS Change: 4740 KB
===
1 rows total
Execution info: [PARSE: 110 µs 519 ns, SQL TRANSLATE: 174 µs 428 ns, OPTIMIZE: 7 ms 409 µs, LQP TRANSLATE: 718 µs 433 ns, EXECUTE: 292 ms 418 µs (wall time) | QUERY PLAN CACHE HITS: 0/1 statement(s)]
After reset, table use_count: 2
WARNING: Table still has 1 other owner(s) after pipeline reset!
Executing script file done
$:hsh clear_plan_caches
Cleared PQP and LQP caches
$:hsh clear_pipeline
Released last SQLPipeline
$:hsh reset_exec_pools
Reset execution pools (2, 3) bump pointers to start
$:hsh mem_usage
------------------------------------------
Memory Usage Statistics:
VmSize:	328142280 kB
VmRSS:	88943592 kB
1: MemResourceStatus {MigratedColumnsAggregate,18446744073709551615,63541608448,52888587462,0,0,1,N/A}
MemResourceStatus {NumaMonotonicResource,3,53687091200,0,0,0,1,0}
MemResourceStatus {NumaMonotonicResource,2,53687091200,0,0,0,0,0}
0: MemResourceStatus {MemManagerAggregate,18446744073709551615,53687091200,0,0,0,0,N/A}
1: MemResourceStatus {MemManagerAggregate,18446744073709551615,53687091200,0,0,0,1,N/A}
MemResourceStatus {DefaultResource,18446744073709551615,18446744073709551615,18446744071318973865,60530953333,0,-1,N/A}
Quick Memory Usage Overview:
Used Capacity: 0, 52888587462
------------------------------------------
Executing script file: /home/umeshsum/tpch_queries/19.sql
[32m(release)[0m> select
[32m(release)[0m> 	sum(l_extendedprice* (1 - l_discount)) as revenue
[32m(release)[0m> from
[32m(release)[0m> 	lineitem,
[32m(release)[0m> 	part
[32m(release)[0m> where
[32m(release)[0m> 	(
[32m(release)[0m> 		p_partkey = l_partkey
[32m(release)[0m> 		and p_brand = 'Brand#12'
[32m(release)[0m> 		and p_container in ('SM CASE', 'SM BOX', 'SM PACK', 'SM PKG')
[32m(release)[0m> 		and l_quantity >= 1 and l_quantity <= 1 + 10
[32m(release)[0m> 		and p_size between 1 and 5
[32m(release)[0m> 		and l_shipmode in ('AIR', 'AIR REG')
[32m(release)[0m> 		and l_shipinstruct = 'DELIVER IN PERSON'
[32m(release)[0m> 	)
[32m(release)[0m> 	or
[32m(release)[0m> 	(
[32m(release)[0m> 		p_partkey = l_partkey
[32m(release)[0m> 		and p_brand = 'Brand#23'
[32m(release)[0m> 		and p_container in ('MED BAG', 'MED BOX', 'MED PKG', 'MED PACK')
[32m(release)[0m> 		and l_quantity >= 10 and l_quantity <= 10 + 10
[32m(release)[0m> 		and p_size between 1 and 10
[32m(release)[0m> 		and l_shipmode in ('AIR', 'AIR REG')
[32m(release)[0m> 		and l_shipinstruct = 'DELIVER IN PERSON'
[32m(release)[0m> 	)
[32m(release)[0m> 	or
[32m(release)[0m> 	(
[32m(release)[0m> 		p_partkey = l_partkey
[32m(release)[0m> 		and p_brand = 'Brand#34'
[32m(release)[0m> 		and p_container in ('LG CASE', 'LG BOX', 'LG PACK', 'LG PKG')
[32m(release)[0m> 		and l_quantity >= 20 and l_quantity <= 20 + 10
[32m(release)[0m> 		and p_size between 1 and 15
[32m(release)[0m> 		and l_shipmode in ('AIR', 'AIR REG')
[32m(release)[0m> 		and l_shipinstruct = 'DELIVER IN PERSON'
[32m(release)[0m> 	);
VmRSS Change: 2248 KB
===
1 rows total
Execution info: [PARSE: 97 µs 719 ns, SQL TRANSLATE: 169 µs 228 ns, OPTIMIZE: 7 ms 25 µs, LQP TRANSLATE: 700 µs 903 ns, EXECUTE: 293 ms 14 µs (wall time) | QUERY PLAN CACHE HITS: 0/1 statement(s)]
After reset, table use_count: 2
WARNING: Table still has 1 other owner(s) after pipeline reset!
Executing script file done
$:hsh clear_plan_caches
Cleared PQP and LQP caches
$:hsh clear_pipeline
Released last SQLPipeline
$:hsh reset_exec_pools
Reset execution pools (2, 3) bump pointers to start
$:hsh mem_usage
------------------------------------------
Memory Usage Statistics:
VmSize:	328142280 kB
VmRSS:	88945844 kB
1: MemResourceStatus {MigratedColumnsAggregate,18446744073709551615,63541608448,52888587462,0,0,1,N/A}
MemResourceStatus {NumaMonotonicResource,3,53687091200,0,0,0,1,0}
MemResourceStatus {NumaMonotonicResource,2,53687091200,0,0,0,0,0}
0: MemResourceStatus {MemManagerAggregate,18446744073709551615,53687091200,0,0,0,0,N/A}
1: MemResourceStatus {MemManagerAggregate,18446744073709551615,53687091200,0,0,0,1,N/A}
MemResourceStatus {DefaultResource,18446744073709551615,18446744073709551615,18446744071318973865,60530953333,0,-1,N/A}
Quick Memory Usage Overview:
Used Capacity: 0, 52888587462
------------------------------------------
Executing script file: /home/umeshsum/tpch_queries/19.sql
[32m(release)[0m> select
[32m(release)[0m> 	sum(l_extendedprice* (1 - l_discount)) as revenue
[32m(release)[0m> from
[32m(release)[0m> 	lineitem,
[32m(release)[0m> 	part
[32m(release)[0m> where
[32m(release)[0m> 	(
[32m(release)[0m> 		p_partkey = l_partkey
[32m(release)[0m> 		and p_brand = 'Brand#12'
[32m(release)[0m> 		and p_container in ('SM CASE', 'SM BOX', 'SM PACK', 'SM PKG')
[32m(release)[0m> 		and l_quantity >= 1 and l_quantity <= 1 + 10
[32m(release)[0m> 		and p_size between 1 and 5
[32m(release)[0m> 		and l_shipmode in ('AIR', 'AIR REG')
[32m(release)[0m> 		and l_shipinstruct = 'DELIVER IN PERSON'
[32m(release)[0m> 	)
[32m(release)[0m> 	or
[32m(release)[0m> 	(
[32m(release)[0m> 		p_partkey = l_partkey
[32m(release)[0m> 		and p_brand = 'Brand#23'
[32m(release)[0m> 		and p_container in ('MED BAG', 'MED BOX', 'MED PKG', 'MED PACK')
[32m(release)[0m> 		and l_quantity >= 10 and l_quantity <= 10 + 10
[32m(release)[0m> 		and p_size between 1 and 10
[32m(release)[0m> 		and l_shipmode in ('AIR', 'AIR REG')
[32m(release)[0m> 		and l_shipinstruct = 'DELIVER IN PERSON'
[32m(release)[0m> 	)
[32m(release)[0m> 	or
[32m(release)[0m> 	(
[32m(release)[0m> 		p_partkey = l_partkey
[32m(release)[0m> 		and p_brand = 'Brand#34'
[32m(release)[0m> 		and p_container in ('LG CASE', 'LG BOX', 'LG PACK', 'LG PKG')
[32m(release)[0m> 		and l_quantity >= 20 and l_quantity <= 20 + 10
[32m(release)[0m> 		and p_size between 1 and 15
[32m(release)[0m> 		and l_shipmode in ('AIR', 'AIR REG')
[32m(release)[0m> 		and l_shipinstruct = 'DELIVER IN PERSON'
[32m(release)[0m> 	);
VmRSS Change: 1836 KB
===
1 rows total
Execution info: [PARSE: 95 µs 749 ns, SQL TRANSLATE: 166 µs 58 ns, OPTIMIZE: 7 ms 10 µs, LQP TRANSLATE: 697 µs 833 ns, EXECUTE: 280 ms 893 µs (wall time) | QUERY PLAN CACHE HITS: 0/1 statement(s)]
After reset, table use_count: 2
WARNING: Table still has 1 other owner(s) after pipeline reset!
Executing script file done
$:hsh clear_plan_caches
Cleared PQP and LQP caches
$:hsh clear_pipeline
Released last SQLPipeline
$:hsh reset_exec_pools
Reset execution pools (2, 3) bump pointers to start
$:hsh mem_usage
------------------------------------------
Memory Usage Statistics:
VmSize:	328142280 kB
VmRSS:	88947688 kB
1: MemResourceStatus {MigratedColumnsAggregate,18446744073709551615,63541608448,52888587462,0,0,1,N/A}
MemResourceStatus {NumaMonotonicResource,3,53687091200,0,0,0,1,0}
MemResourceStatus {NumaMonotonicResource,2,53687091200,0,0,0,0,0}
0: MemResourceStatus {MemManagerAggregate,18446744073709551615,53687091200,0,0,0,0,N/A}
1: MemResourceStatus {MemManagerAggregate,18446744073709551615,53687091200,0,0,0,1,N/A}
MemResourceStatus {DefaultResource,18446744073709551615,18446744073709551615,18446744071318973865,60530953333,0,-1,N/A}
Quick Memory Usage Overview:
Used Capacity: 0, 52888587462
------------------------------------------
Executing script file: /home/umeshsum/tpch_queries/19.sql
[32m(release)[0m> select
[32m(release)[0m> 	sum(l_extendedprice* (1 - l_discount)) as revenue
[32m(release)[0m> from
[32m(release)[0m> 	lineitem,
[32m(release)[0m> 	part
[32m(release)[0m> where
[32m(release)[0m> 	(
[32m(release)[0m> 		p_partkey = l_partkey
[32m(release)[0m> 		and p_brand = 'Brand#12'
[32m(release)[0m> 		and p_container in ('SM CASE', 'SM BOX', 'SM PACK', 'SM PKG')
[32m(release)[0m> 		and l_quantity >= 1 and l_quantity <= 1 + 10
[32m(release)[0m> 		and p_size between 1 and 5
[32m(release)[0m> 		and l_shipmode in ('AIR', 'AIR REG')
[32m(release)[0m> 		and l_shipinstruct = 'DELIVER IN PERSON'
[32m(release)[0m> 	)
[32m(release)[0m> 	or
[32m(release)[0m> 	(
[32m(release)[0m> 		p_partkey = l_partkey
[32m(release)[0m> 		and p_brand = 'Brand#23'
[32m(release)[0m> 		and p_container in ('MED BAG', 'MED BOX', 'MED PKG', 'MED PACK')
[32m(release)[0m> 		and l_quantity >= 10 and l_quantity <= 10 + 10
[32m(release)[0m> 		and p_size between 1 and 10
[32m(release)[0m> 		and l_shipmode in ('AIR', 'AIR REG')
[32m(release)[0m> 		and l_shipinstruct = 'DELIVER IN PERSON'
[32m(release)[0m> 	)
[32m(release)[0m> 	or
[32m(release)[0m> 	(
[32m(release)[0m> 		p_partkey = l_partkey
[32m(release)[0m> 		and p_brand = 'Brand#34'
[32m(release)[0m> 		and p_container in ('LG CASE', 'LG BOX', 'LG PACK', 'LG PKG')
[32m(release)[0m> 		and l_quantity >= 20 and l_quantity <= 20 + 10
[32m(release)[0m> 		and p_size between 1 and 15
[32m(release)[0m> 		and l_shipmode in ('AIR', 'AIR REG')
[32m(release)[0m> 		and l_shipinstruct = 'DELIVER IN PERSON'
[32m(release)[0m> 	);
VmRSS Change: 4144 KB
===
1 rows total
Execution info: [PARSE: 96 µs 619 ns, SQL TRANSLATE: 166 µs 198 ns, OPTIMIZE: 7 ms 131 µs, LQP TRANSLATE: 698 µs 943 ns, EXECUTE: 288 ms 724 µs (wall time) | QUERY PLAN CACHE HITS: 0/1 statement(s)]
After reset, table use_count: 2
WARNING: Table still has 1 other owner(s) after pipeline reset!
Executing script file done
$:hsh clear_plan_caches
Cleared PQP and LQP caches
$:hsh clear_pipeline
Released last SQLPipeline
$:hsh reset_exec_pools
Reset execution pools (2, 3) bump pointers to start
$:hsh mem_usage
------------------------------------------
Memory Usage Statistics:
VmSize:	328142280 kB
VmRSS:	88951832 kB
1: MemResourceStatus {MigratedColumnsAggregate,18446744073709551615,63541608448,52888587462,0,0,1,N/A}
MemResourceStatus {NumaMonotonicResource,3,53687091200,0,0,0,1,0}
MemResourceStatus {NumaMonotonicResource,2,53687091200,0,0,0,0,0}
0: MemResourceStatus {MemManagerAggregate,18446744073709551615,53687091200,0,0,0,0,N/A}
1: MemResourceStatus {MemManagerAggregate,18446744073709551615,53687091200,0,0,0,1,N/A}
MemResourceStatus {DefaultResource,18446744073709551615,18446744073709551615,18446744071318973865,60530953333,0,-1,N/A}
Quick Memory Usage Overview:
Used Capacity: 0, 52888587462
------------------------------------------
Executing script file: /home/umeshsum/tpch_queries/19.sql
[32m(release)[0m> select
[32m(release)[0m> 	sum(l_extendedprice* (1 - l_discount)) as revenue
[32m(release)[0m> from
[32m(release)[0m> 	lineitem,
[32m(release)[0m> 	part
[32m(release)[0m> where
[32m(release)[0m> 	(
[32m(release)[0m> 		p_partkey = l_partkey
[32m(release)[0m> 		and p_brand = 'Brand#12'
[32m(release)[0m> 		and p_container in ('SM CASE', 'SM BOX', 'SM PACK', 'SM PKG')
[32m(release)[0m> 		and l_quantity >= 1 and l_quantity <= 1 + 10
[32m(release)[0m> 		and p_size between 1 and 5
[32m(release)[0m> 		and l_shipmode in ('AIR', 'AIR REG')
[32m(release)[0m> 		and l_shipinstruct = 'DELIVER IN PERSON'
[32m(release)[0m> 	)
[32m(release)[0m> 	or
[32m(release)[0m> 	(
[32m(release)[0m> 		p_partkey = l_partkey
[32m(release)[0m> 		and p_brand = 'Brand#23'
[32m(release)[0m> 		and p_container in ('MED BAG', 'MED BOX', 'MED PKG', 'MED PACK')
[32m(release)[0m> 		and l_quantity >= 10 and l_quantity <= 10 + 10
[32m(release)[0m> 		and p_size between 1 and 10
[32m(release)[0m> 		and l_shipmode in ('AIR', 'AIR REG')
[32m(release)[0m> 		and l_shipinstruct = 'DELIVER IN PERSON'
[32m(release)[0m> 	)
[32m(release)[0m> 	or
[32m(release)[0m> 	(
[32m(release)[0m> 		p_partkey = l_partkey
[32m(release)[0m> 		and p_brand = 'Brand#34'
[32m(release)[0m> 		and p_container in ('LG CASE', 'LG BOX', 'LG PACK', 'LG PKG')
[32m(release)[0m> 		and l_quantity >= 20 and l_quantity <= 20 + 10
[32m(release)[0m> 		and p_size between 1 and 15
[32m(release)[0m> 		and l_shipmode in ('AIR', 'AIR REG')
[32m(release)[0m> 		and l_shipinstruct = 'DELIVER IN PERSON'
[32m(release)[0m> 	);
VmRSS Change: 724 KB
===
1 rows total
Execution info: [PARSE: 95 µs 689 ns, SQL TRANSLATE: 166 µs 668 ns, OPTIMIZE: 7 ms 15 µs, LQP TRANSLATE: 700 µs 643 ns, EXECUTE: 283 ms 829 µs (wall time) | QUERY PLAN CACHE HITS: 0/1 statement(s)]
After reset, table use_count: 2
WARNING: Table still has 1 other owner(s) after pipeline reset!
Executing script file done
$:hsh clear_plan_caches
Cleared PQP and LQP caches
$:hsh clear_pipeline
Released last SQLPipeline
$:hsh reset_exec_pools
Reset execution pools (2, 3) bump pointers to start
$:hsh mem_usage
------------------------------------------
Memory Usage Statistics:
VmSize:	328142280 kB
VmRSS:	88952556 kB
1: MemResourceStatus {MigratedColumnsAggregate,18446744073709551615,63541608448,52888587462,0,0,1,N/A}
MemResourceStatus {NumaMonotonicResource,3,53687091200,0,0,0,1,0}
MemResourceStatus {NumaMonotonicResource,2,53687091200,0,0,0,0,0}
0: MemResourceStatus {MemManagerAggregate,18446744073709551615,53687091200,0,0,0,0,N/A}
1: MemResourceStatus {MemManagerAggregate,18446744073709551615,53687091200,0,0,0,1,N/A}
MemResourceStatus {DefaultResource,18446744073709551615,18446744073709551615,18446744071318973865,60530953333,0,-1,N/A}
Quick Memory Usage Overview:
Used Capacity: 0, 52888587462
------------------------------------------
Executing script file: /home/umeshsum/tpch_queries/19.sql
[32m(release)[0m> select
[32m(release)[0m> 	sum(l_extendedprice* (1 - l_discount)) as revenue
[32m(release)[0m> from
[32m(release)[0m> 	lineitem,
[32m(release)[0m> 	part
[32m(release)[0m> where
[32m(release)[0m> 	(
[32m(release)[0m> 		p_partkey = l_partkey
[32m(release)[0m> 		and p_brand = 'Brand#12'
[32m(release)[0m> 		and p_container in ('SM CASE', 'SM BOX', 'SM PACK', 'SM PKG')
[32m(release)[0m> 		and l_quantity >= 1 and l_quantity <= 1 + 10
[32m(release)[0m> 		and p_size between 1 and 5
[32m(release)[0m> 		and l_shipmode in ('AIR', 'AIR REG')
[32m(release)[0m> 		and l_shipinstruct = 'DELIVER IN PERSON'
[32m(release)[0m> 	)
[32m(release)[0m> 	or
[32m(release)[0m> 	(
[32m(release)[0m> 		p_partkey = l_partkey
[32m(release)[0m> 		and p_brand = 'Brand#23'
[32m(release)[0m> 		and p_container in ('MED BAG', 'MED BOX', 'MED PKG', 'MED PACK')
[32m(release)[0m> 		and l_quantity >= 10 and l_quantity <= 10 + 10
[32m(release)[0m> 		and p_size between 1 and 10
[32m(release)[0m> 		and l_shipmode in ('AIR', 'AIR REG')
[32m(release)[0m> 		and l_shipinstruct = 'DELIVER IN PERSON'
[32m(release)[0m> 	)
[32m(release)[0m> 	or
[32m(release)[0m> 	(
[32m(release)[0m> 		p_partkey = l_partkey
[32m(release)[0m> 		and p_brand = 'Brand#34'
[32m(release)[0m> 		and p_container in ('LG CASE', 'LG BOX', 'LG PACK', 'LG PKG')
[32m(release)[0m> 		and l_quantity >= 20 and l_quantity <= 20 + 10
[32m(release)[0m> 		and p_size between 1 and 15
[32m(release)[0m> 		and l_shipmode in ('AIR', 'AIR REG')
[32m(release)[0m> 		and l_shipinstruct = 'DELIVER IN PERSON'
[32m(release)[0m> 	);
VmRSS Change: 260 KB
===
1 rows total
Execution info: [PARSE: 94 µs 219 ns, SQL TRANSLATE: 169 µs 708 ns, OPTIMIZE: 7 ms 21 µs, LQP TRANSLATE: 697 µs 853 ns, EXECUTE: 286 ms 709 µs (wall time) | QUERY PLAN CACHE HITS: 0/1 statement(s)]
After reset, table use_count: 2
WARNING: Table still has 1 other owner(s) after pipeline reset!
Executing script file done
$:hsh clear_plan_caches
Cleared PQP and LQP caches
$:hsh clear_pipeline
Released last SQLPipeline
$:hsh reset_exec_pools
Reset execution pools (2, 3) bump pointers to start
$:hsh mem_usage
------------------------------------------
Memory Usage Statistics:
VmSize:	328142280 kB
VmRSS:	88952816 kB
1: MemResourceStatus {MigratedColumnsAggregate,18446744073709551615,63541608448,52888587462,0,0,1,N/A}
MemResourceStatus {NumaMonotonicResource,3,53687091200,0,0,0,1,0}
MemResourceStatus {NumaMonotonicResource,2,53687091200,0,0,0,0,0}
0: MemResourceStatus {MemManagerAggregate,18446744073709551615,53687091200,0,0,0,0,N/A}
1: MemResourceStatus {MemManagerAggregate,18446744073709551615,53687091200,0,0,0,1,N/A}
MemResourceStatus {DefaultResource,18446744073709551615,18446744073709551615,18446744071318973865,60530953333,0,-1,N/A}
Quick Memory Usage Overview:
Used Capacity: 0, 52888587462
------------------------------------------
Executing script file: /home/umeshsum/tpch_queries/19.sql
[32m(release)[0m> select
[32m(release)[0m> 	sum(l_extendedprice* (1 - l_discount)) as revenue
[32m(release)[0m> from
[32m(release)[0m> 	lineitem,
[32m(release)[0m> 	part
[32m(release)[0m> where
[32m(release)[0m> 	(
[32m(release)[0m> 		p_partkey = l_partkey
[32m(release)[0m> 		and p_brand = 'Brand#12'
[32m(release)[0m> 		and p_container in ('SM CASE', 'SM BOX', 'SM PACK', 'SM PKG')
[32m(release)[0m> 		and l_quantity >= 1 and l_quantity <= 1 + 10
[32m(release)[0m> 		and p_size between 1 and 5
[32m(release)[0m> 		and l_shipmode in ('AIR', 'AIR REG')
[32m(release)[0m> 		and l_shipinstruct = 'DELIVER IN PERSON'
[32m(release)[0m> 	)
[32m(release)[0m> 	or
[32m(release)[0m> 	(
[32m(release)[0m> 		p_partkey = l_partkey
[32m(release)[0m> 		and p_brand = 'Brand#23'
[32m(release)[0m> 		and p_container in ('MED BAG', 'MED BOX', 'MED PKG', 'MED PACK')
[32m(release)[0m> 		and l_quantity >= 10 and l_quantity <= 10 + 10
[32m(release)[0m> 		and p_size between 1 and 10
[32m(release)[0m> 		and l_shipmode in ('AIR', 'AIR REG')
[32m(release)[0m> 		and l_shipinstruct = 'DELIVER IN PERSON'
[32m(release)[0m> 	)
[32m(release)[0m> 	or
[32m(release)[0m> 	(
[32m(release)[0m> 		p_partkey = l_partkey
[32m(release)[0m> 		and p_brand = 'Brand#34'
[32m(release)[0m> 		and p_container in ('LG CASE', 'LG BOX', 'LG PACK', 'LG PKG')
[32m(release)[0m> 		and l_quantity >= 20 and l_quantity <= 20 + 10
[32m(release)[0m> 		and p_size between 1 and 15
[32m(release)[0m> 		and l_shipmode in ('AIR', 'AIR REG')
[32m(release)[0m> 		and l_shipinstruct = 'DELIVER IN PERSON'
[32m(release)[0m> 	);
VmRSS Change: 1488 KB
===
1 rows total
Execution info: [PARSE: 91 µs 689 ns, SQL TRANSLATE: 168 µs 268 ns, OPTIMIZE: 7 ms 24 µs, LQP TRANSLATE: 695 µs 983 ns, EXECUTE: 284 ms 383 µs (wall time) | QUERY PLAN CACHE HITS: 0/1 statement(s)]
After reset, table use_count: 2
WARNING: Table still has 1 other owner(s) after pipeline reset!
Executing script file done
$:hsh clear_plan_caches
Cleared PQP and LQP caches
$:hsh clear_pipeline
Released last SQLPipeline
$:hsh reset_exec_pools
Reset execution pools (2, 3) bump pointers to start
$:hsh mem_usage
------------------------------------------
Memory Usage Statistics:
VmSize:	328142280 kB
VmRSS:	88954304 kB
1: MemResourceStatus {MigratedColumnsAggregate,18446744073709551615,63541608448,52888587462,0,0,1,N/A}
MemResourceStatus {NumaMonotonicResource,3,53687091200,0,0,0,1,0}
MemResourceStatus {NumaMonotonicResource,2,53687091200,0,0,0,0,0}
0: MemResourceStatus {MemManagerAggregate,18446744073709551615,53687091200,0,0,0,0,N/A}
1: MemResourceStatus {MemManagerAggregate,18446744073709551615,53687091200,0,0,0,1,N/A}
MemResourceStatus {DefaultResource,18446744073709551615,18446744073709551615,18446744071318973865,60530953333,0,-1,N/A}
Quick Memory Usage Overview:
Used Capacity: 0, 52888587462
------------------------------------------
Executing script file: /home/umeshsum/tpch_queries/19.sql
[32m(release)[0m> select
[32m(release)[0m> 	sum(l_extendedprice* (1 - l_discount)) as revenue
[32m(release)[0m> from
[32m(release)[0m> 	lineitem,
[32m(release)[0m> 	part
[32m(release)[0m> where
[32m(release)[0m> 	(
[32m(release)[0m> 		p_partkey = l_partkey
[32m(release)[0m> 		and p_brand = 'Brand#12'
[32m(release)[0m> 		and p_container in ('SM CASE', 'SM BOX', 'SM PACK', 'SM PKG')
[32m(release)[0m> 		and l_quantity >= 1 and l_quantity <= 1 + 10
[32m(release)[0m> 		and p_size between 1 and 5
[32m(release)[0m> 		and l_shipmode in ('AIR', 'AIR REG')
[32m(release)[0m> 		and l_shipinstruct = 'DELIVER IN PERSON'
[32m(release)[0m> 	)
[32m(release)[0m> 	or
[32m(release)[0m> 	(
[32m(release)[0m> 		p_partkey = l_partkey
[32m(release)[0m> 		and p_brand = 'Brand#23'
[32m(release)[0m> 		and p_container in ('MED BAG', 'MED BOX', 'MED PKG', 'MED PACK')
[32m(release)[0m> 		and l_quantity >= 10 and l_quantity <= 10 + 10
[32m(release)[0m> 		and p_size between 1 and 10
[32m(release)[0m> 		and l_shipmode in ('AIR', 'AIR REG')
[32m(release)[0m> 		and l_shipinstruct = 'DELIVER IN PERSON'
[32m(release)[0m> 	)
[32m(release)[0m> 	or
[32m(release)[0m> 	(
[32m(release)[0m> 		p_partkey = l_partkey
[32m(release)[0m> 		and p_brand = 'Brand#34'
[32m(release)[0m> 		and p_container in ('LG CASE', 'LG BOX', 'LG PACK', 'LG PKG')
[32m(release)[0m> 		and l_quantity >= 20 and l_quantity <= 20 + 10
[32m(release)[0m> 		and p_size between 1 and 15
[32m(release)[0m> 		and l_shipmode in ('AIR', 'AIR REG')
[32m(release)[0m> 		and l_shipinstruct = 'DELIVER IN PERSON'
[32m(release)[0m> 	);
VmRSS Change: 836 KB
===
1 rows total
Execution info: [PARSE: 94 µs 29 ns, SQL TRANSLATE: 165 µs 18 ns, OPTIMIZE: 7 ms 10 µs, LQP TRANSLATE: 696 µs 353 ns, EXECUTE: 289 ms 886 µs (wall time) | QUERY PLAN CACHE HITS: 0/1 statement(s)]
After reset, table use_count: 2
WARNING: Table still has 1 other owner(s) after pipeline reset!
Executing script file done
$:hsh clear_plan_caches
Cleared PQP and LQP caches
$:hsh clear_pipeline
Released last SQLPipeline
$:hsh reset_exec_pools
Reset execution pools (2, 3) bump pointers to start
$:hsh mem_usage
------------------------------------------
Memory Usage Statistics:
VmSize:	328142280 kB
VmRSS:	88955140 kB
1: MemResourceStatus {MigratedColumnsAggregate,18446744073709551615,63541608448,52888587462,0,0,1,N/A}
MemResourceStatus {NumaMonotonicResource,3,53687091200,0,0,0,1,0}
MemResourceStatus {NumaMonotonicResource,2,53687091200,0,0,0,0,0}
0: MemResourceStatus {MemManagerAggregate,18446744073709551615,53687091200,0,0,0,0,N/A}
1: MemResourceStatus {MemManagerAggregate,18446744073709551615,53687091200,0,0,0,1,N/A}
MemResourceStatus {DefaultResource,18446744073709551615,18446744073709551615,18446744071318973865,60530953333,0,-1,N/A}
Quick Memory Usage Overview:
Used Capacity: 0, 52888587462
------------------------------------------
Executing script file: /home/umeshsum/tpch_queries/19.sql
[32m(release)[0m> select
[32m(release)[0m> 	sum(l_extendedprice* (1 - l_discount)) as revenue
[32m(release)[0m> from
[32m(release)[0m> 	lineitem,
[32m(release)[0m> 	part
[32m(release)[0m> where
[32m(release)[0m> 	(
[32m(release)[0m> 		p_partkey = l_partkey
[32m(release)[0m> 		and p_brand = 'Brand#12'
[32m(release)[0m> 		and p_container in ('SM CASE', 'SM BOX', 'SM PACK', 'SM PKG')
[32m(release)[0m> 		and l_quantity >= 1 and l_quantity <= 1 + 10
[32m(release)[0m> 		and p_size between 1 and 5
[32m(release)[0m> 		and l_shipmode in ('AIR', 'AIR REG')
[32m(release)[0m> 		and l_shipinstruct = 'DELIVER IN PERSON'
[32m(release)[0m> 	)
[32m(release)[0m> 	or
[32m(release)[0m> 	(
[32m(release)[0m> 		p_partkey = l_partkey
[32m(release)[0m> 		and p_brand = 'Brand#23'
[32m(release)[0m> 		and p_container in ('MED BAG', 'MED BOX', 'MED PKG', 'MED PACK')
[32m(release)[0m> 		and l_quantity >= 10 and l_quantity <= 10 + 10
[32m(release)[0m> 		and p_size between 1 and 10
[32m(release)[0m> 		and l_shipmode in ('AIR', 'AIR REG')
[32m(release)[0m> 		and l_shipinstruct = 'DELIVER IN PERSON'
[32m(release)[0m> 	)
[32m(release)[0m> 	or
[32m(release)[0m> 	(
[32m(release)[0m> 		p_partkey = l_partkey
[32m(release)[0m> 		and p_brand = 'Brand#34'
[32m(release)[0m> 		and p_container in ('LG CASE', 'LG BOX', 'LG PACK', 'LG PKG')
[32m(release)[0m> 		and l_quantity >= 20 and l_quantity <= 20 + 10
[32m(release)[0m> 		and p_size between 1 and 15
[32m(release)[0m> 		and l_shipmode in ('AIR', 'AIR REG')
[32m(release)[0m> 		and l_shipinstruct = 'DELIVER IN PERSON'
[32m(release)[0m> 	);
VmRSS Change: 18446744073709551312 KB
===
1 rows total
Execution info: [PARSE: 96 µs 29 ns, SQL TRANSLATE: 166 µs 828 ns, OPTIMIZE: 7 ms 52 µs, LQP TRANSLATE: 696 µs 753 ns, EXECUTE: 286 ms 184 µs (wall time) | QUERY PLAN CACHE HITS: 0/1 statement(s)]
After reset, table use_count: 2
WARNING: Table still has 1 other owner(s) after pipeline reset!
Executing script file done
$:hsh clear_plan_caches
Cleared PQP and LQP caches
$:hsh clear_pipeline
Released last SQLPipeline
$:hsh reset_exec_pools
Reset execution pools (2, 3) bump pointers to start
$:hsh mem_usage
------------------------------------------
Memory Usage Statistics:
VmSize:	328142280 kB
VmRSS:	88954836 kB
1: MemResourceStatus {MigratedColumnsAggregate,18446744073709551615,63541608448,52888587462,0,0,1,N/A}
MemResourceStatus {NumaMonotonicResource,3,53687091200,0,0,0,1,0}
MemResourceStatus {NumaMonotonicResource,2,53687091200,0,0,0,0,0}
0: MemResourceStatus {MemManagerAggregate,18446744073709551615,53687091200,0,0,0,0,N/A}
1: MemResourceStatus {MemManagerAggregate,18446744073709551615,53687091200,0,0,0,1,N/A}
MemResourceStatus {DefaultResource,18446744073709551615,18446744073709551615,18446744071318973865,60530953333,0,-1,N/A}
Quick Memory Usage Overview:
Used Capacity: 0, 52888587462
------------------------------------------
Executing script file: /home/umeshsum/tpch_queries/19.sql
[32m(release)[0m> select
[32m(release)[0m> 	sum(l_extendedprice* (1 - l_discount)) as revenue
[32m(release)[0m> from
[32m(release)[0m> 	lineitem,
[32m(release)[0m> 	part
[32m(release)[0m> where
[32m(release)[0m> 	(
[32m(release)[0m> 		p_partkey = l_partkey
[32m(release)[0m> 		and p_brand = 'Brand#12'
[32m(release)[0m> 		and p_container in ('SM CASE', 'SM BOX', 'SM PACK', 'SM PKG')
[32m(release)[0m> 		and l_quantity >= 1 and l_quantity <= 1 + 10
[32m(release)[0m> 		and p_size between 1 and 5
[32m(release)[0m> 		and l_shipmode in ('AIR', 'AIR REG')
[32m(release)[0m> 		and l_shipinstruct = 'DELIVER IN PERSON'
[32m(release)[0m> 	)
[32m(release)[0m> 	or
[32m(release)[0m> 	(
[32m(release)[0m> 		p_partkey = l_partkey
[32m(release)[0m> 		and p_brand = 'Brand#23'
[32m(release)[0m> 		and p_container in ('MED BAG', 'MED BOX', 'MED PKG', 'MED PACK')
[32m(release)[0m> 		and l_quantity >= 10 and l_quantity <= 10 + 10
[32m(release)[0m> 		and p_size between 1 and 10
[32m(release)[0m> 		and l_shipmode in ('AIR', 'AIR REG')
[32m(release)[0m> 		and l_shipinstruct = 'DELIVER IN PERSON'
[32m(release)[0m> 	)
[32m(release)[0m> 	or
[32m(release)[0m> 	(
[32m(release)[0m> 		p_partkey = l_partkey
[32m(release)[0m> 		and p_brand = 'Brand#34'
[32m(release)[0m> 		and p_container in ('LG CASE', 'LG BOX', 'LG PACK', 'LG PKG')
[32m(release)[0m> 		and l_quantity >= 20 and l_quantity <= 20 + 10
[32m(release)[0m> 		and p_size between 1 and 15
[32m(release)[0m> 		and l_shipmode in ('AIR', 'AIR REG')
[32m(release)[0m> 		and l_shipinstruct = 'DELIVER IN PERSON'
[32m(release)[0m> 	);
VmRSS Change: 18446744073709551436 KB
===
1 rows total
Execution info: [PARSE: 106 µs 69 ns, SQL TRANSLATE: 168 µs 778 ns, OPTIMIZE: 7 ms 79 µs, LQP TRANSLATE: 697 µs 203 ns, EXECUTE: 282 ms 287 µs (wall time) | QUERY PLAN CACHE HITS: 0/1 statement(s)]
After reset, table use_count: 2
WARNING: Table still has 1 other owner(s) after pipeline reset!
Executing script file done
$:hsh clear_plan_caches
Cleared PQP and LQP caches
$:hsh clear_pipeline
Released last SQLPipeline
$:hsh reset_exec_pools
Reset execution pools (2, 3) bump pointers to start
$:hsh mem_usage
------------------------------------------
Memory Usage Statistics:
VmSize:	328142280 kB
VmRSS:	88954656 kB
1: MemResourceStatus {MigratedColumnsAggregate,18446744073709551615,63541608448,52888587462,0,0,1,N/A}
MemResourceStatus {NumaMonotonicResource,3,53687091200,0,0,0,1,0}
MemResourceStatus {NumaMonotonicResource,2,53687091200,0,0,0,0,0}
0: MemResourceStatus {MemManagerAggregate,18446744073709551615,53687091200,0,0,0,0,N/A}
1: MemResourceStatus {MemManagerAggregate,18446744073709551615,53687091200,0,0,0,1,N/A}
MemResourceStatus {DefaultResource,18446744073709551615,18446744073709551615,18446744071318973865,60530953333,0,-1,N/A}
Quick Memory Usage Overview:
Used Capacity: 0, 52888587462
------------------------------------------
Label set to d53687091200_tf1000000000000_q1
$:hsh clear_plan_caches
Cleared PQP and LQP caches
$:hsh clear_pipeline
Released last SQLPipeline
$:hsh reset_exec_pools
Reset execution pools (2, 3) bump pointers to start
$:hsh mem_usage
------------------------------------------
Memory Usage Statistics:
VmSize:	328142280 kB
VmRSS:	88954656 kB
1: MemResourceStatus {MigratedColumnsAggregate,18446744073709551615,63541608448,52888587462,0,0,1,N/A}
MemResourceStatus {NumaMonotonicResource,3,53687091200,0,0,0,1,0}
MemResourceStatus {NumaMonotonicResource,2,53687091200,0,0,0,0,0}
0: MemResourceStatus {MemManagerAggregate,18446744073709551615,53687091200,0,0,0,0,N/A}
1: MemResourceStatus {MemManagerAggregate,18446744073709551615,53687091200,0,0,0,1,N/A}
MemResourceStatus {DefaultResource,18446744073709551615,18446744073709551615,18446744071318973865,60530953333,0,-1,N/A}
Quick Memory Usage Overview:
Used Capacity: 0, 52888587462
------------------------------------------
Executing script file: /home/umeshsum/tpch_queries/1.sql
[32m(release)[0m> select
[32m(release)[0m> 	l_returnflag,
[32m(release)[0m> 	l_linestatus,
[32m(release)[0m> 	sum(l_quantity) as sum_qty,
[32m(release)[0m> 	sum(l_extendedprice) as sum_base_price,
[32m(release)[0m> 	sum(l_extendedprice * (1 - l_discount)) as sum_disc_price,
[32m(release)[0m> 	sum(l_extendedprice * (1 - l_discount) * (1 + l_tax)) as sum_charge,
[32m(release)[0m> 	avg(l_quantity) as avg_qty,
[32m(release)[0m> 	avg(l_extendedprice) as avg_price,
[32m(release)[0m> 	avg(l_discount) as avg_disc,
[32m(release)[0m> 	count(*) as count_order
[32m(release)[0m> from
[32m(release)[0m> 	lineitem
[32m(release)[0m> where
[32m(release)[0m> 	l_shipdate <= date '1998-12-01' - interval '90' day
[32m(release)[0m> group by
[32m(release)[0m> 	l_returnflag,
[32m(release)[0m> 	l_linestatus
[32m(release)[0m> order by
[32m(release)[0m> 	l_returnflag,
[32m(release)[0m> 	l_linestatus;
VmRSS Change: 4069128 KB
===
4 rows total
Execution info: [PARSE: 65 µs 729 ns, SQL TRANSLATE: 157 µs 329 ns, OPTIMIZE: 6 ms 342 µs, LQP TRANSLATE: 150 µs 488 ns, EXECUTE: 17 s 837 ms (wall time) | QUERY PLAN CACHE HITS: 0/1 statement(s)]
After reset, table use_count: 2
WARNING: Table still has 1 other owner(s) after pipeline reset!
Executing script file done
$:hsh clear_plan_caches
Cleared PQP and LQP caches
$:hsh clear_pipeline
Released last SQLPipeline
$:hsh reset_exec_pools
Reset execution pools (2, 3) bump pointers to start
$:hsh mem_usage
------------------------------------------
Memory Usage Statistics:
VmSize:	328142280 kB
VmRSS:	93023716 kB
1: MemResourceStatus {MigratedColumnsAggregate,18446744073709551615,63541608448,52888587462,0,0,1,N/A}
MemResourceStatus {NumaMonotonicResource,3,53687091200,0,0,0,1,0}
MemResourceStatus {NumaMonotonicResource,2,53687091200,0,0,0,0,0}
0: MemResourceStatus {MemManagerAggregate,18446744073709551615,53687091200,0,0,0,0,N/A}
1: MemResourceStatus {MemManagerAggregate,18446744073709551615,53687091200,0,0,0,1,N/A}
MemResourceStatus {DefaultResource,18446744073709551615,18446744073709551615,18446744071318973865,60530953333,0,-1,N/A}
Quick Memory Usage Overview:
Used Capacity: 0, 52888587462
------------------------------------------
Executing script file: /home/umeshsum/tpch_queries/1.sql
[32m(release)[0m> select
[32m(release)[0m> 	l_returnflag,
[32m(release)[0m> 	l_linestatus,
[32m(release)[0m> 	sum(l_quantity) as sum_qty,
[32m(release)[0m> 	sum(l_extendedprice) as sum_base_price,
[32m(release)[0m> 	sum(l_extendedprice * (1 - l_discount)) as sum_disc_price,
[32m(release)[0m> 	sum(l_extendedprice * (1 - l_discount) * (1 + l_tax)) as sum_charge,
[32m(release)[0m> 	avg(l_quantity) as avg_qty,
[32m(release)[0m> 	avg(l_extendedprice) as avg_price,
[32m(release)[0m> 	avg(l_discount) as avg_disc,
[32m(release)[0m> 	count(*) as count_order
[32m(release)[0m> from
[32m(release)[0m> 	lineitem
[32m(release)[0m> where
[32m(release)[0m> 	l_shipdate <= date '1998-12-01' - interval '90' day
[32m(release)[0m> group by
[32m(release)[0m> 	l_returnflag,
[32m(release)[0m> 	l_linestatus
[32m(release)[0m> order by
[32m(release)[0m> 	l_returnflag,
[32m(release)[0m> 	l_linestatus;
VmRSS Change: 18446744073709543852 KB
===
4 rows total
Execution info: [PARSE: 74 µs 499 ns, SQL TRANSLATE: 189 µs 258 ns, OPTIMIZE: 3 ms 133 µs, LQP TRANSLATE: 151 µs 498 ns, EXECUTE: 17 s 702 ms (wall time) | QUERY PLAN CACHE HITS: 0/1 statement(s)]
After reset, table use_count: 2
WARNING: Table still has 1 other owner(s) after pipeline reset!
Executing script file done
$:hsh clear_plan_caches
Cleared PQP and LQP caches
$:hsh clear_pipeline
Released last SQLPipeline
$:hsh reset_exec_pools
Reset execution pools (2, 3) bump pointers to start
$:hsh mem_usage
------------------------------------------
Memory Usage Statistics:
VmSize:	328142280 kB
VmRSS:	93015932 kB
1: MemResourceStatus {MigratedColumnsAggregate,18446744073709551615,63541608448,52888587462,0,0,1,N/A}
MemResourceStatus {NumaMonotonicResource,3,53687091200,0,0,0,1,0}
MemResourceStatus {NumaMonotonicResource,2,53687091200,0,0,0,0,0}
0: MemResourceStatus {MemManagerAggregate,18446744073709551615,53687091200,0,0,0,0,N/A}
1: MemResourceStatus {MemManagerAggregate,18446744073709551615,53687091200,0,0,0,1,N/A}
MemResourceStatus {DefaultResource,18446744073709551615,18446744073709551615,18446744071318973865,60530953333,0,-1,N/A}
Quick Memory Usage Overview:
Used Capacity: 0, 52888587462
------------------------------------------
Executing script file: /home/umeshsum/tpch_queries/1.sql
[32m(release)[0m> select
[32m(release)[0m> 	l_returnflag,
[32m(release)[0m> 	l_linestatus,
[32m(release)[0m> 	sum(l_quantity) as sum_qty,
[32m(release)[0m> 	sum(l_extendedprice) as sum_base_price,
[32m(release)[0m> 	sum(l_extendedprice * (1 - l_discount)) as sum_disc_price,
[32m(release)[0m> 	sum(l_extendedprice * (1 - l_discount) * (1 + l_tax)) as sum_charge,
[32m(release)[0m> 	avg(l_quantity) as avg_qty,
[32m(release)[0m> 	avg(l_extendedprice) as avg_price,
[32m(release)[0m> 	avg(l_discount) as avg_disc,
[32m(release)[0m> 	count(*) as count_order
[32m(release)[0m> from
[32m(release)[0m> 	lineitem
[32m(release)[0m> where
[32m(release)[0m> 	l_shipdate <= date '1998-12-01' - interval '90' day
[32m(release)[0m> group by
[32m(release)[0m> 	l_returnflag,
[32m(release)[0m> 	l_linestatus
[32m(release)[0m> order by
[32m(release)[0m> 	l_returnflag,
[32m(release)[0m> 	l_linestatus;
VmRSS Change: 18446744073709545496 KB
===
4 rows total
Execution info: [PARSE: 68 µs 599 ns, SQL TRANSLATE: 155 µs 98 ns, OPTIMIZE: 5 ms 444 µs, LQP TRANSLATE: 158 µs 408 ns, EXECUTE: 17 s 926 ms (wall time) | QUERY PLAN CACHE HITS: 0/1 statement(s)]
After reset, table use_count: 2
WARNING: Table still has 1 other owner(s) after pipeline reset!
Executing script file done
$:hsh clear_plan_caches
Cleared PQP and LQP caches
$:hsh clear_pipeline
Released last SQLPipeline
$:hsh reset_exec_pools
Reset execution pools (2, 3) bump pointers to start
$:hsh mem_usage
------------------------------------------
Memory Usage Statistics:
VmSize:	328142280 kB
VmRSS:	93009816 kB
1: MemResourceStatus {MigratedColumnsAggregate,18446744073709551615,63541608448,52888587462,0,0,1,N/A}
MemResourceStatus {NumaMonotonicResource,3,53687091200,0,0,0,1,0}
MemResourceStatus {NumaMonotonicResource,2,53687091200,0,0,0,0,0}
0: MemResourceStatus {MemManagerAggregate,18446744073709551615,53687091200,0,0,0,0,N/A}
1: MemResourceStatus {MemManagerAggregate,18446744073709551615,53687091200,0,0,0,1,N/A}
MemResourceStatus {DefaultResource,18446744073709551615,18446744073709551615,18446744071318973865,60530953333,0,-1,N/A}
Quick Memory Usage Overview:
Used Capacity: 0, 52888587462
------------------------------------------
Executing script file: /home/umeshsum/tpch_queries/1.sql
[32m(release)[0m> select
[32m(release)[0m> 	l_returnflag,
[32m(release)[0m> 	l_linestatus,
[32m(release)[0m> 	sum(l_quantity) as sum_qty,
[32m(release)[0m> 	sum(l_extendedprice) as sum_base_price,
[32m(release)[0m> 	sum(l_extendedprice * (1 - l_discount)) as sum_disc_price,
[32m(release)[0m> 	sum(l_extendedprice * (1 - l_discount) * (1 + l_tax)) as sum_charge,
[32m(release)[0m> 	avg(l_quantity) as avg_qty,
[32m(release)[0m> 	avg(l_extendedprice) as avg_price,
[32m(release)[0m> 	avg(l_discount) as avg_disc,
[32m(release)[0m> 	count(*) as count_order
[32m(release)[0m> from
[32m(release)[0m> 	lineitem
[32m(release)[0m> where
[32m(release)[0m> 	l_shipdate <= date '1998-12-01' - interval '90' day
[32m(release)[0m> group by
[32m(release)[0m> 	l_returnflag,
[32m(release)[0m> 	l_linestatus
[32m(release)[0m> order by
[32m(release)[0m> 	l_returnflag,
[32m(release)[0m> 	l_linestatus;
VmRSS Change: 18446744073709551048 KB
===
4 rows total
Execution info: [PARSE: 66 µs 259 ns, SQL TRANSLATE: 156 µs 659 ns, OPTIMIZE: 3 ms 856 µs, LQP TRANSLATE: 168 µs 908 ns, EXECUTE: 17 s 647 ms (wall time) | QUERY PLAN CACHE HITS: 0/1 statement(s)]
After reset, table use_count: 2
WARNING: Table still has 1 other owner(s) after pipeline reset!
Executing script file done
$:hsh clear_plan_caches
Cleared PQP and LQP caches
$:hsh clear_pipeline
Released last SQLPipeline
$:hsh reset_exec_pools
Reset execution pools (2, 3) bump pointers to start
$:hsh mem_usage
------------------------------------------
Memory Usage Statistics:
VmSize:	328142280 kB
VmRSS:	93009264 kB
1: MemResourceStatus {MigratedColumnsAggregate,18446744073709551615,63541608448,52888587462,0,0,1,N/A}
MemResourceStatus {NumaMonotonicResource,3,53687091200,0,0,0,1,0}
MemResourceStatus {NumaMonotonicResource,2,53687091200,0,0,0,0,0}
0: MemResourceStatus {MemManagerAggregate,18446744073709551615,53687091200,0,0,0,0,N/A}
1: MemResourceStatus {MemManagerAggregate,18446744073709551615,53687091200,0,0,0,1,N/A}
MemResourceStatus {DefaultResource,18446744073709551615,18446744073709551615,18446744071318973865,60530953333,0,-1,N/A}
Quick Memory Usage Overview:
Used Capacity: 0, 52888587462
------------------------------------------
Executing script file: /home/umeshsum/tpch_queries/1.sql
[32m(release)[0m> select
[32m(release)[0m> 	l_returnflag,
[32m(release)[0m> 	l_linestatus,
[32m(release)[0m> 	sum(l_quantity) as sum_qty,
[32m(release)[0m> 	sum(l_extendedprice) as sum_base_price,
[32m(release)[0m> 	sum(l_extendedprice * (1 - l_discount)) as sum_disc_price,
[32m(release)[0m> 	sum(l_extendedprice * (1 - l_discount) * (1 + l_tax)) as sum_charge,
[32m(release)[0m> 	avg(l_quantity) as avg_qty,
[32m(release)[0m> 	avg(l_extendedprice) as avg_price,
[32m(release)[0m> 	avg(l_discount) as avg_disc,
[32m(release)[0m> 	count(*) as count_order
[32m(release)[0m> from
[32m(release)[0m> 	lineitem
[32m(release)[0m> where
[32m(release)[0m> 	l_shipdate <= date '1998-12-01' - interval '90' day
[32m(release)[0m> group by
[32m(release)[0m> 	l_returnflag,
[32m(release)[0m> 	l_linestatus
[32m(release)[0m> order by
[32m(release)[0m> 	l_returnflag,
[32m(release)[0m> 	l_linestatus;
VmRSS Change: 18446744073709546804 KB
===
4 rows total
Execution info: [PARSE: 74 µs 359 ns, SQL TRANSLATE: 190 µs 58 ns, OPTIMIZE: 3 ms 677 µs, LQP TRANSLATE: 163 µs 568 ns, EXECUTE: 17 s 670 ms (wall time) | QUERY PLAN CACHE HITS: 0/1 statement(s)]
After reset, table use_count: 2
WARNING: Table still has 1 other owner(s) after pipeline reset!
Executing script file done
$:hsh clear_plan_caches
Cleared PQP and LQP caches
$:hsh clear_pipeline
Released last SQLPipeline
$:hsh reset_exec_pools
Reset execution pools (2, 3) bump pointers to start
$:hsh mem_usage
------------------------------------------
Memory Usage Statistics:
VmSize:	328142280 kB
VmRSS:	93004452 kB
1: MemResourceStatus {MigratedColumnsAggregate,18446744073709551615,63541608448,52888587462,0,0,1,N/A}
MemResourceStatus {NumaMonotonicResource,3,53687091200,0,0,0,1,0}
MemResourceStatus {NumaMonotonicResource,2,53687091200,0,0,0,0,0}
0: MemResourceStatus {MemManagerAggregate,18446744073709551615,53687091200,0,0,0,0,N/A}
1: MemResourceStatus {MemManagerAggregate,18446744073709551615,53687091200,0,0,0,1,N/A}
MemResourceStatus {DefaultResource,18446744073709551615,18446744073709551615,18446744071318973865,60530953333,0,-1,N/A}
Quick Memory Usage Overview:
Used Capacity: 0, 52888587462
------------------------------------------
Executing script file: /home/umeshsum/tpch_queries/1.sql
[32m(release)[0m> select
[32m(release)[0m> 	l_returnflag,
[32m(release)[0m> 	l_linestatus,
[32m(release)[0m> 	sum(l_quantity) as sum_qty,
[32m(release)[0m> 	sum(l_extendedprice) as sum_base_price,
[32m(release)[0m> 	sum(l_extendedprice * (1 - l_discount)) as sum_disc_price,
[32m(release)[0m> 	sum(l_extendedprice * (1 - l_discount) * (1 + l_tax)) as sum_charge,
[32m(release)[0m> 	avg(l_quantity) as avg_qty,
[32m(release)[0m> 	avg(l_extendedprice) as avg_price,
[32m(release)[0m> 	avg(l_discount) as avg_disc,
[32m(release)[0m> 	count(*) as count_order
[32m(release)[0m> from
[32m(release)[0m> 	lineitem
[32m(release)[0m> where
[32m(release)[0m> 	l_shipdate <= date '1998-12-01' - interval '90' day
[32m(release)[0m> group by
[32m(release)[0m> 	l_returnflag,
[32m(release)[0m> 	l_linestatus
[32m(release)[0m> order by
[32m(release)[0m> 	l_returnflag,
[32m(release)[0m> 	l_linestatus;
VmRSS Change: 1100 KB
===
4 rows total
Execution info: [PARSE: 66 µs 529 ns, SQL TRANSLATE: 145 µs 858 ns, OPTIMIZE: 5 ms 283 µs, LQP TRANSLATE: 157 µs 569 ns, EXECUTE: 17 s 728 ms (wall time) | QUERY PLAN CACHE HITS: 0/1 statement(s)]
After reset, table use_count: 2
WARNING: Table still has 1 other owner(s) after pipeline reset!
Executing script file done
$:hsh clear_plan_caches
Cleared PQP and LQP caches
$:hsh clear_pipeline
Released last SQLPipeline
$:hsh reset_exec_pools
Reset execution pools (2, 3) bump pointers to start
$:hsh mem_usage
------------------------------------------
Memory Usage Statistics:
VmSize:	328142280 kB
VmRSS:	93005532 kB
1: MemResourceStatus {MigratedColumnsAggregate,18446744073709551615,63541608448,52888587462,0,0,1,N/A}
MemResourceStatus {NumaMonotonicResource,3,53687091200,0,0,0,1,0}
MemResourceStatus {NumaMonotonicResource,2,53687091200,0,0,0,0,0}
0: MemResourceStatus {MemManagerAggregate,18446744073709551615,53687091200,0,0,0,0,N/A}
1: MemResourceStatus {MemManagerAggregate,18446744073709551615,53687091200,0,0,0,1,N/A}
MemResourceStatus {DefaultResource,18446744073709551615,18446744073709551615,18446744071318973865,60530953333,0,-1,N/A}
Quick Memory Usage Overview:
Used Capacity: 0, 52888587462
------------------------------------------
Executing script file: /home/umeshsum/tpch_queries/1.sql
[32m(release)[0m> select
[32m(release)[0m> 	l_returnflag,
[32m(release)[0m> 	l_linestatus,
[32m(release)[0m> 	sum(l_quantity) as sum_qty,
[32m(release)[0m> 	sum(l_extendedprice) as sum_base_price,
[32m(release)[0m> 	sum(l_extendedprice * (1 - l_discount)) as sum_disc_price,
[32m(release)[0m> 	sum(l_extendedprice * (1 - l_discount) * (1 + l_tax)) as sum_charge,
[32m(release)[0m> 	avg(l_quantity) as avg_qty,
[32m(release)[0m> 	avg(l_extendedprice) as avg_price,
[32m(release)[0m> 	avg(l_discount) as avg_disc,
[32m(release)[0m> 	count(*) as count_order
[32m(release)[0m> from
[32m(release)[0m> 	lineitem
[32m(release)[0m> where
[32m(release)[0m> 	l_shipdate <= date '1998-12-01' - interval '90' day
[32m(release)[0m> group by
[32m(release)[0m> 	l_returnflag,
[32m(release)[0m> 	l_linestatus
[32m(release)[0m> order by
[32m(release)[0m> 	l_returnflag,
[32m(release)[0m> 	l_linestatus;
VmRSS Change: 600 KB
===
4 rows total
Execution info: [PARSE: 68 µs 690 ns, SQL TRANSLATE: 158 µs 349 ns, OPTIMIZE: 3 ms 913 µs, LQP TRANSLATE: 159 µs 69 ns, EXECUTE: 17 s 741 ms (wall time) | QUERY PLAN CACHE HITS: 0/1 statement(s)]
After reset, table use_count: 2
WARNING: Table still has 1 other owner(s) after pipeline reset!
Executing script file done
$:hsh clear_plan_caches
Cleared PQP and LQP caches
$:hsh clear_pipeline
Released last SQLPipeline
$:hsh reset_exec_pools
Reset execution pools (2, 3) bump pointers to start
$:hsh mem_usage
------------------------------------------
Memory Usage Statistics:
VmSize:	328142280 kB
VmRSS:	93006120 kB
1: MemResourceStatus {MigratedColumnsAggregate,18446744073709551615,63541608448,52888587462,0,0,1,N/A}
MemResourceStatus {NumaMonotonicResource,3,53687091200,0,0,0,1,0}
MemResourceStatus {NumaMonotonicResource,2,53687091200,0,0,0,0,0}
0: MemResourceStatus {MemManagerAggregate,18446744073709551615,53687091200,0,0,0,0,N/A}
1: MemResourceStatus {MemManagerAggregate,18446744073709551615,53687091200,0,0,0,1,N/A}
MemResourceStatus {DefaultResource,18446744073709551615,18446744073709551615,18446744071318973865,60530953333,0,-1,N/A}
Quick Memory Usage Overview:
Used Capacity: 0, 52888587462
------------------------------------------
Executing script file: /home/umeshsum/tpch_queries/1.sql
[32m(release)[0m> select
[32m(release)[0m> 	l_returnflag,
[32m(release)[0m> 	l_linestatus,
[32m(release)[0m> 	sum(l_quantity) as sum_qty,
[32m(release)[0m> 	sum(l_extendedprice) as sum_base_price,
[32m(release)[0m> 	sum(l_extendedprice * (1 - l_discount)) as sum_disc_price,
[32m(release)[0m> 	sum(l_extendedprice * (1 - l_discount) * (1 + l_tax)) as sum_charge,
[32m(release)[0m> 	avg(l_quantity) as avg_qty,
[32m(release)[0m> 	avg(l_extendedprice) as avg_price,
[32m(release)[0m> 	avg(l_discount) as avg_disc,
[32m(release)[0m> 	count(*) as count_order
[32m(release)[0m> from
[32m(release)[0m> 	lineitem
[32m(release)[0m> where
[32m(release)[0m> 	l_shipdate <= date '1998-12-01' - interval '90' day
[32m(release)[0m> group by
[32m(release)[0m> 	l_returnflag,
[32m(release)[0m> 	l_linestatus
[32m(release)[0m> order by
[32m(release)[0m> 	l_returnflag,
[32m(release)[0m> 	l_linestatus;
VmRSS Change: 1328 KB
===
4 rows total
Execution info: [PARSE: 71 µs 49 ns, SQL TRANSLATE: 201 µs 408 ns, OPTIMIZE: 3 ms 332 µs, LQP TRANSLATE: 160 µs 49 ns, EXECUTE: 17 s 761 ms (wall time) | QUERY PLAN CACHE HITS: 0/1 statement(s)]
After reset, table use_count: 2
WARNING: Table still has 1 other owner(s) after pipeline reset!
Executing script file done
$:hsh clear_plan_caches
Cleared PQP and LQP caches
$:hsh clear_pipeline
Released last SQLPipeline
$:hsh reset_exec_pools
Reset execution pools (2, 3) bump pointers to start
$:hsh mem_usage
------------------------------------------
Memory Usage Statistics:
VmSize:	328142280 kB
VmRSS:	93007448 kB
1: MemResourceStatus {MigratedColumnsAggregate,18446744073709551615,63541608448,52888587462,0,0,1,N/A}
MemResourceStatus {NumaMonotonicResource,3,53687091200,0,0,0,1,0}
MemResourceStatus {NumaMonotonicResource,2,53687091200,0,0,0,0,0}
0: MemResourceStatus {MemManagerAggregate,18446744073709551615,53687091200,0,0,0,0,N/A}
1: MemResourceStatus {MemManagerAggregate,18446744073709551615,53687091200,0,0,0,1,N/A}
MemResourceStatus {DefaultResource,18446744073709551615,18446744073709551615,18446744071318973865,60530953333,0,-1,N/A}
Quick Memory Usage Overview:
Used Capacity: 0, 52888587462
------------------------------------------
Executing script file: /home/umeshsum/tpch_queries/1.sql
[32m(release)[0m> select
[32m(release)[0m> 	l_returnflag,
[32m(release)[0m> 	l_linestatus,
[32m(release)[0m> 	sum(l_quantity) as sum_qty,
[32m(release)[0m> 	sum(l_extendedprice) as sum_base_price,
[32m(release)[0m> 	sum(l_extendedprice * (1 - l_discount)) as sum_disc_price,
[32m(release)[0m> 	sum(l_extendedprice * (1 - l_discount) * (1 + l_tax)) as sum_charge,
[32m(release)[0m> 	avg(l_quantity) as avg_qty,
[32m(release)[0m> 	avg(l_extendedprice) as avg_price,
[32m(release)[0m> 	avg(l_discount) as avg_disc,
[32m(release)[0m> 	count(*) as count_order
[32m(release)[0m> from
[32m(release)[0m> 	lineitem
[32m(release)[0m> where
[32m(release)[0m> 	l_shipdate <= date '1998-12-01' - interval '90' day
[32m(release)[0m> group by
[32m(release)[0m> 	l_returnflag,
[32m(release)[0m> 	l_linestatus
[32m(release)[0m> order by
[32m(release)[0m> 	l_returnflag,
[32m(release)[0m> 	l_linestatus;
VmRSS Change: 1708 KB
===
4 rows total
Execution info: [PARSE: 78 µs 159 ns, SQL TRANSLATE: 170 µs 898 ns, OPTIMIZE: 4 ms 859 µs, LQP TRANSLATE: 171 µs 269 ns, EXECUTE: 17 s 705 ms (wall time) | QUERY PLAN CACHE HITS: 0/1 statement(s)]
After reset, table use_count: 2
WARNING: Table still has 1 other owner(s) after pipeline reset!
Executing script file done
$:hsh clear_plan_caches
Cleared PQP and LQP caches
$:hsh clear_pipeline
Released last SQLPipeline
$:hsh reset_exec_pools
Reset execution pools (2, 3) bump pointers to start
$:hsh mem_usage
------------------------------------------
Memory Usage Statistics:
VmSize:	328142280 kB
VmRSS:	93009148 kB
1: MemResourceStatus {MigratedColumnsAggregate,18446744073709551615,63541608448,52888587462,0,0,1,N/A}
MemResourceStatus {NumaMonotonicResource,3,53687091200,0,0,0,1,0}
MemResourceStatus {NumaMonotonicResource,2,53687091200,0,0,0,0,0}
0: MemResourceStatus {MemManagerAggregate,18446744073709551615,53687091200,0,0,0,0,N/A}
1: MemResourceStatus {MemManagerAggregate,18446744073709551615,53687091200,0,0,0,1,N/A}
MemResourceStatus {DefaultResource,18446744073709551615,18446744073709551615,18446744071318973865,60530953333,0,-1,N/A}
Quick Memory Usage Overview:
Used Capacity: 0, 52888587462
------------------------------------------
Executing script file: /home/umeshsum/tpch_queries/1.sql
[32m(release)[0m> select
[32m(release)[0m> 	l_returnflag,
[32m(release)[0m> 	l_linestatus,
[32m(release)[0m> 	sum(l_quantity) as sum_qty,
[32m(release)[0m> 	sum(l_extendedprice) as sum_base_price,
[32m(release)[0m> 	sum(l_extendedprice * (1 - l_discount)) as sum_disc_price,
[32m(release)[0m> 	sum(l_extendedprice * (1 - l_discount) * (1 + l_tax)) as sum_charge,
[32m(release)[0m> 	avg(l_quantity) as avg_qty,
[32m(release)[0m> 	avg(l_extendedprice) as avg_price,
[32m(release)[0m> 	avg(l_discount) as avg_disc,
[32m(release)[0m> 	count(*) as count_order
[32m(release)[0m> from
[32m(release)[0m> 	lineitem
[32m(release)[0m> where
[32m(release)[0m> 	l_shipdate <= date '1998-12-01' - interval '90' day
[32m(release)[0m> group by
[32m(release)[0m> 	l_returnflag,
[32m(release)[0m> 	l_linestatus
[32m(release)[0m> order by
[32m(release)[0m> 	l_returnflag,
[32m(release)[0m> 	l_linestatus;
VmRSS Change: 2096 KB
===
4 rows total
Execution info: [PARSE: 66 µs 850 ns, SQL TRANSLATE: 147 µs 718 ns, OPTIMIZE: 4 ms 670 µs, LQP TRANSLATE: 159 µs 188 ns, EXECUTE: 17 s 691 ms (wall time) | QUERY PLAN CACHE HITS: 0/1 statement(s)]
After reset, table use_count: 2
WARNING: Table still has 1 other owner(s) after pipeline reset!
Executing script file done
$:hsh clear_plan_caches
Cleared PQP and LQP caches
$:hsh clear_pipeline
Released last SQLPipeline
$:hsh reset_exec_pools
Reset execution pools (2, 3) bump pointers to start
$:hsh mem_usage
------------------------------------------
Memory Usage Statistics:
VmSize:	328142280 kB
VmRSS:	93011240 kB
1: MemResourceStatus {MigratedColumnsAggregate,18446744073709551615,63541608448,52888587462,0,0,1,N/A}
MemResourceStatus {NumaMonotonicResource,3,53687091200,0,0,0,1,0}
MemResourceStatus {NumaMonotonicResource,2,53687091200,0,0,0,0,0}
0: MemResourceStatus {MemManagerAggregate,18446744073709551615,53687091200,0,0,0,0,N/A}
1: MemResourceStatus {MemManagerAggregate,18446744073709551615,53687091200,0,0,0,1,N/A}
MemResourceStatus {DefaultResource,18446744073709551615,18446744073709551615,18446744071318973865,60530953333,0,-1,N/A}
Quick Memory Usage Overview:
Used Capacity: 0, 52888587462
------------------------------------------
Label set to d53687091200_tf1000000000000_q20
$:hsh clear_plan_caches
Cleared PQP and LQP caches
$:hsh clear_pipeline
Released last SQLPipeline
$:hsh reset_exec_pools
Reset execution pools (2, 3) bump pointers to start
$:hsh mem_usage
------------------------------------------
Memory Usage Statistics:
VmSize:	328142280 kB
VmRSS:	93011204 kB
1: MemResourceStatus {MigratedColumnsAggregate,18446744073709551615,63541608448,52888587462,0,0,1,N/A}
MemResourceStatus {NumaMonotonicResource,3,53687091200,0,0,0,1,0}
MemResourceStatus {NumaMonotonicResource,2,53687091200,0,0,0,0,0}
0: MemResourceStatus {MemManagerAggregate,18446744073709551615,53687091200,0,0,0,0,N/A}
1: MemResourceStatus {MemManagerAggregate,18446744073709551615,53687091200,0,0,0,1,N/A}
MemResourceStatus {DefaultResource,18446744073709551615,18446744073709551615,18446744071318973865,60530953333,0,-1,N/A}
Quick Memory Usage Overview:
Used Capacity: 0, 52888587462
------------------------------------------
Executing script file: /home/umeshsum/tpch_queries/20.sql
[32m(release)[0m> select
[32m(release)[0m> 	s_name,
[32m(release)[0m> 	s_address
[32m(release)[0m> from
[32m(release)[0m> 	supplier,
[32m(release)[0m> 	nation
[32m(release)[0m> where
[32m(release)[0m> 	s_suppkey in (
[32m(release)[0m> 		select
[32m(release)[0m> 			ps_suppkey
[32m(release)[0m> 		from
[32m(release)[0m> 			partsupp
[32m(release)[0m> 		where
[32m(release)[0m> 			ps_partkey in (
[32m(release)[0m> 				select
[32m(release)[0m> 					p_partkey
[32m(release)[0m> 				from
[32m(release)[0m> 					part
[32m(release)[0m> 				where
[32m(release)[0m> 					p_name like 'forest%'
[32m(release)[0m> 			)
[32m(release)[0m> 			and ps_availqty > (
[32m(release)[0m> 				select
[32m(release)[0m> 					0.5 * sum(l_quantity)
[32m(release)[0m> 				from
[32m(release)[0m> 					lineitem
[32m(release)[0m> 				where
[32m(release)[0m> 					l_partkey = ps_partkey
[32m(release)[0m> 					and l_suppkey = ps_suppkey
[32m(release)[0m> 					and l_shipdate >= date '1994-01-01'
[32m(release)[0m> 					and l_shipdate < date '1994-01-01' + interval '1' year
[32m(release)[0m> 			)
[32m(release)[0m> 	)
[32m(release)[0m> 	and s_nationkey = n_nationkey
[32m(release)[0m> 	and n_name = 'CANADA'
[32m(release)[0m> order by
[32m(release)[0m> 	s_name;
VmRSS Change: 18446744073709550848 KB
===
8890 rows total
Execution info: [PARSE: 80 µs 839 ns, SQL TRANSLATE: 283 µs 567 ns, OPTIMIZE: 13 ms 545 µs, LQP TRANSLATE: 328 µs 487 ns, EXECUTE: 974 ms 757 µs (wall time) | QUERY PLAN CACHE HITS: 0/1 statement(s)]
After reset, table use_count: 2
WARNING: Table still has 1 other owner(s) after pipeline reset!
Executing script file done
$:hsh clear_plan_caches
Cleared PQP and LQP caches
$:hsh clear_pipeline
Released last SQLPipeline
$:hsh reset_exec_pools
Reset execution pools (2, 3) bump pointers to start
$:hsh mem_usage
------------------------------------------
Memory Usage Statistics:
VmSize:	328142280 kB
VmRSS:	93010480 kB
1: MemResourceStatus {MigratedColumnsAggregate,18446744073709551615,63541608448,52888587462,0,0,1,N/A}
MemResourceStatus {NumaMonotonicResource,3,53687091200,0,0,0,1,0}
MemResourceStatus {NumaMonotonicResource,2,53687091200,0,0,0,0,0}
0: MemResourceStatus {MemManagerAggregate,18446744073709551615,53687091200,0,0,0,0,N/A}
1: MemResourceStatus {MemManagerAggregate,18446744073709551615,53687091200,0,0,0,1,N/A}
MemResourceStatus {DefaultResource,18446744073709551615,18446744073709551615,18446744071318973865,60530953333,0,-1,N/A}
Quick Memory Usage Overview:
Used Capacity: 0, 52888587462
------------------------------------------
Executing script file: /home/umeshsum/tpch_queries/20.sql
[32m(release)[0m> select
[32m(release)[0m> 	s_name,
[32m(release)[0m> 	s_address
[32m(release)[0m> from
[32m(release)[0m> 	supplier,
[32m(release)[0m> 	nation
[32m(release)[0m> where
[32m(release)[0m> 	s_suppkey in (
[32m(release)[0m> 		select
[32m(release)[0m> 			ps_suppkey
[32m(release)[0m> 		from
[32m(release)[0m> 			partsupp
[32m(release)[0m> 		where
[32m(release)[0m> 			ps_partkey in (
[32m(release)[0m> 				select
[32m(release)[0m> 					p_partkey
[32m(release)[0m> 				from
[32m(release)[0m> 					part
[32m(release)[0m> 				where
[32m(release)[0m> 					p_name like 'forest%'
[32m(release)[0m> 			)
[32m(release)[0m> 			and ps_availqty > (
[32m(release)[0m> 				select
[32m(release)[0m> 					0.5 * sum(l_quantity)
[32m(release)[0m> 				from
[32m(release)[0m> 					lineitem
[32m(release)[0m> 				where
[32m(release)[0m> 					l_partkey = ps_partkey
[32m(release)[0m> 					and l_suppkey = ps_suppkey
[32m(release)[0m> 					and l_shipdate >= date '1994-01-01'
[32m(release)[0m> 					and l_shipdate < date '1994-01-01' + interval '1' year
[32m(release)[0m> 			)
[32m(release)[0m> 	)
[32m(release)[0m> 	and s_nationkey = n_nationkey
[32m(release)[0m> 	and n_name = 'CANADA'
[32m(release)[0m> order by
[32m(release)[0m> 	s_name;
VmRSS Change: 2084 KB
===
8890 rows total
Execution info: [PARSE: 176 µs 778 ns, SQL TRANSLATE: 215 µs 718 ns, OPTIMIZE: 11 ms 773 µs, LQP TRANSLATE: 349 µs 686 ns, EXECUTE: 975 ms 332 µs (wall time) | QUERY PLAN CACHE HITS: 0/1 statement(s)]
After reset, table use_count: 2
WARNING: Table still has 1 other owner(s) after pipeline reset!
Executing script file done
$:hsh clear_plan_caches
Cleared PQP and LQP caches
$:hsh clear_pipeline
Released last SQLPipeline
$:hsh reset_exec_pools
Reset execution pools (2, 3) bump pointers to start
$:hsh mem_usage
------------------------------------------
Memory Usage Statistics:
VmSize:	328142280 kB
VmRSS:	93012556 kB
1: MemResourceStatus {MigratedColumnsAggregate,18446744073709551615,63541608448,52888587462,0,0,1,N/A}
MemResourceStatus {NumaMonotonicResource,3,53687091200,0,0,0,1,0}
MemResourceStatus {NumaMonotonicResource,2,53687091200,0,0,0,0,0}
0: MemResourceStatus {MemManagerAggregate,18446744073709551615,53687091200,0,0,0,0,N/A}
1: MemResourceStatus {MemManagerAggregate,18446744073709551615,53687091200,0,0,0,1,N/A}
MemResourceStatus {DefaultResource,18446744073709551615,18446744073709551615,18446744071318973865,60530953333,0,-1,N/A}
Quick Memory Usage Overview:
Used Capacity: 0, 52888587462
------------------------------------------
Executing script file: /home/umeshsum/tpch_queries/20.sql
[32m(release)[0m> select
[32m(release)[0m> 	s_name,
[32m(release)[0m> 	s_address
[32m(release)[0m> from
[32m(release)[0m> 	supplier,
[32m(release)[0m> 	nation
[32m(release)[0m> where
[32m(release)[0m> 	s_suppkey in (
[32m(release)[0m> 		select
[32m(release)[0m> 			ps_suppkey
[32m(release)[0m> 		from
[32m(release)[0m> 			partsupp
[32m(release)[0m> 		where
[32m(release)[0m> 			ps_partkey in (
[32m(release)[0m> 				select
[32m(release)[0m> 					p_partkey
[32m(release)[0m> 				from
[32m(release)[0m> 					part
[32m(release)[0m> 				where
[32m(release)[0m> 					p_name like 'forest%'
[32m(release)[0m> 			)
[32m(release)[0m> 			and ps_availqty > (
[32m(release)[0m> 				select
[32m(release)[0m> 					0.5 * sum(l_quantity)
[32m(release)[0m> 				from
[32m(release)[0m> 					lineitem
[32m(release)[0m> 				where
[32m(release)[0m> 					l_partkey = ps_partkey
[32m(release)[0m> 					and l_suppkey = ps_suppkey
[32m(release)[0m> 					and l_shipdate >= date '1994-01-01'
[32m(release)[0m> 					and l_shipdate < date '1994-01-01' + interval '1' year
[32m(release)[0m> 			)
[32m(release)[0m> 	)
[32m(release)[0m> 	and s_nationkey = n_nationkey
[32m(release)[0m> 	and n_name = 'CANADA'
[32m(release)[0m> order by
[32m(release)[0m> 	s_name;
VmRSS Change: 912 KB
===
8890 rows total
Execution info: [PARSE: 74 µs 639 ns, SQL TRANSLATE: 236 µs 68 ns, OPTIMIZE: 11 ms 29 µs, LQP TRANSLATE: 328 µs 477 ns, EXECUTE: 962 ms 766 µs (wall time) | QUERY PLAN CACHE HITS: 0/1 statement(s)]
After reset, table use_count: 2
WARNING: Table still has 1 other owner(s) after pipeline reset!
Executing script file done
$:hsh clear_plan_caches
Cleared PQP and LQP caches
$:hsh clear_pipeline
Released last SQLPipeline
$:hsh reset_exec_pools
Reset execution pools (2, 3) bump pointers to start
$:hsh mem_usage
------------------------------------------
Memory Usage Statistics:
VmSize:	328142280 kB
VmRSS:	93013476 kB
1: MemResourceStatus {MigratedColumnsAggregate,18446744073709551615,63541608448,52888587462,0,0,1,N/A}
MemResourceStatus {NumaMonotonicResource,3,53687091200,0,0,0,1,0}
MemResourceStatus {NumaMonotonicResource,2,53687091200,0,0,0,0,0}
0: MemResourceStatus {MemManagerAggregate,18446744073709551615,53687091200,0,0,0,0,N/A}
1: MemResourceStatus {MemManagerAggregate,18446744073709551615,53687091200,0,0,0,1,N/A}
MemResourceStatus {DefaultResource,18446744073709551615,18446744073709551615,18446744071318973865,60530953333,0,-1,N/A}
Quick Memory Usage Overview:
Used Capacity: 0, 52888587462
------------------------------------------
Executing script file: /home/umeshsum/tpch_queries/20.sql
[32m(release)[0m> select
[32m(release)[0m> 	s_name,
[32m(release)[0m> 	s_address
[32m(release)[0m> from
[32m(release)[0m> 	supplier,
[32m(release)[0m> 	nation
[32m(release)[0m> where
[32m(release)[0m> 	s_suppkey in (
[32m(release)[0m> 		select
[32m(release)[0m> 			ps_suppkey
[32m(release)[0m> 		from
[32m(release)[0m> 			partsupp
[32m(release)[0m> 		where
[32m(release)[0m> 			ps_partkey in (
[32m(release)[0m> 				select
[32m(release)[0m> 					p_partkey
[32m(release)[0m> 				from
[32m(release)[0m> 					part
[32m(release)[0m> 				where
[32m(release)[0m> 					p_name like 'forest%'
[32m(release)[0m> 			)
[32m(release)[0m> 			and ps_availqty > (
[32m(release)[0m> 				select
[32m(release)[0m> 					0.5 * sum(l_quantity)
[32m(release)[0m> 				from
[32m(release)[0m> 					lineitem
[32m(release)[0m> 				where
[32m(release)[0m> 					l_partkey = ps_partkey
[32m(release)[0m> 					and l_suppkey = ps_suppkey
[32m(release)[0m> 					and l_shipdate >= date '1994-01-01'
[32m(release)[0m> 					and l_shipdate < date '1994-01-01' + interval '1' year
[32m(release)[0m> 			)
[32m(release)[0m> 	)
[32m(release)[0m> 	and s_nationkey = n_nationkey
[32m(release)[0m> 	and n_name = 'CANADA'
[32m(release)[0m> order by
[32m(release)[0m> 	s_name;
VmRSS Change: 2612 KB
===
8890 rows total
Execution info: [PARSE: 75 µs 529 ns, SQL TRANSLATE: 207 µs 508 ns, OPTIMIZE: 11 ms 670 µs, LQP TRANSLATE: 327 µs 427 ns, EXECUTE: 963 ms 841 µs (wall time) | QUERY PLAN CACHE HITS: 0/1 statement(s)]
After reset, table use_count: 2
WARNING: Table still has 1 other owner(s) after pipeline reset!
Executing script file done
$:hsh clear_plan_caches
Cleared PQP and LQP caches
$:hsh clear_pipeline
Released last SQLPipeline
$:hsh reset_exec_pools
Reset execution pools (2, 3) bump pointers to start
$:hsh mem_usage
------------------------------------------
Memory Usage Statistics:
VmSize:	328142280 kB
VmRSS:	93015864 kB
1: MemResourceStatus {MigratedColumnsAggregate,18446744073709551615,63541608448,52888587462,0,0,1,N/A}
MemResourceStatus {NumaMonotonicResource,3,53687091200,0,0,0,1,0}
MemResourceStatus {NumaMonotonicResource,2,53687091200,0,0,0,0,0}
0: MemResourceStatus {MemManagerAggregate,18446744073709551615,53687091200,0,0,0,0,N/A}
1: MemResourceStatus {MemManagerAggregate,18446744073709551615,53687091200,0,0,0,1,N/A}
MemResourceStatus {DefaultResource,18446744073709551615,18446744073709551615,18446744071318973865,60530953333,0,-1,N/A}
Quick Memory Usage Overview:
Used Capacity: 0, 52888587462
------------------------------------------
Executing script file: /home/umeshsum/tpch_queries/20.sql
[32m(release)[0m> select
[32m(release)[0m> 	s_name,
[32m(release)[0m> 	s_address
[32m(release)[0m> from
[32m(release)[0m> 	supplier,
[32m(release)[0m> 	nation
[32m(release)[0m> where
[32m(release)[0m> 	s_suppkey in (
[32m(release)[0m> 		select
[32m(release)[0m> 			ps_suppkey
[32m(release)[0m> 		from
[32m(release)[0m> 			partsupp
[32m(release)[0m> 		where
[32m(release)[0m> 			ps_partkey in (
[32m(release)[0m> 				select
[32m(release)[0m> 					p_partkey
[32m(release)[0m> 				from
[32m(release)[0m> 					part
[32m(release)[0m> 				where
[32m(release)[0m> 					p_name like 'forest%'
[32m(release)[0m> 			)
[32m(release)[0m> 			and ps_availqty > (
[32m(release)[0m> 				select
[32m(release)[0m> 					0.5 * sum(l_quantity)
[32m(release)[0m> 				from
[32m(release)[0m> 					lineitem
[32m(release)[0m> 				where
[32m(release)[0m> 					l_partkey = ps_partkey
[32m(release)[0m> 					and l_suppkey = ps_suppkey
[32m(release)[0m> 					and l_shipdate >= date '1994-01-01'
[32m(release)[0m> 					and l_shipdate < date '1994-01-01' + interval '1' year
[32m(release)[0m> 			)
[32m(release)[0m> 	)
[32m(release)[0m> 	and s_nationkey = n_nationkey
[32m(release)[0m> 	and n_name = 'CANADA'
[32m(release)[0m> order by
[32m(release)[0m> 	s_name;
VmRSS Change: 1064 KB
===
8890 rows total
Execution info: [PARSE: 85 µs 699 ns, SQL TRANSLATE: 207 µs 38 ns, OPTIMIZE: 11 ms 777 µs, LQP TRANSLATE: 318 µs 696 ns, EXECUTE: 948 ms 669 µs (wall time) | QUERY PLAN CACHE HITS: 0/1 statement(s)]
After reset, table use_count: 2
WARNING: Table still has 1 other owner(s) after pipeline reset!
Executing script file done
$:hsh clear_plan_caches
Cleared PQP and LQP caches
$:hsh clear_pipeline
Released last SQLPipeline
$:hsh reset_exec_pools
Reset execution pools (2, 3) bump pointers to start
$:hsh mem_usage
------------------------------------------
Memory Usage Statistics:
VmSize:	328142280 kB
VmRSS:	93016932 kB
1: MemResourceStatus {MigratedColumnsAggregate,18446744073709551615,63541608448,52888587462,0,0,1,N/A}
MemResourceStatus {NumaMonotonicResource,3,53687091200,0,0,0,1,0}
MemResourceStatus {NumaMonotonicResource,2,53687091200,0,0,0,0,0}
0: MemResourceStatus {MemManagerAggregate,18446744073709551615,53687091200,0,0,0,0,N/A}
1: MemResourceStatus {MemManagerAggregate,18446744073709551615,53687091200,0,0,0,1,N/A}
MemResourceStatus {DefaultResource,18446744073709551615,18446744073709551615,18446744071318973865,60530953333,0,-1,N/A}
Quick Memory Usage Overview:
Used Capacity: 0, 52888587462
------------------------------------------
Executing script file: /home/umeshsum/tpch_queries/20.sql
[32m(release)[0m> select
[32m(release)[0m> 	s_name,
[32m(release)[0m> 	s_address
[32m(release)[0m> from
[32m(release)[0m> 	supplier,
[32m(release)[0m> 	nation
[32m(release)[0m> where
[32m(release)[0m> 	s_suppkey in (
[32m(release)[0m> 		select
[32m(release)[0m> 			ps_suppkey
[32m(release)[0m> 		from
[32m(release)[0m> 			partsupp
[32m(release)[0m> 		where
[32m(release)[0m> 			ps_partkey in (
[32m(release)[0m> 				select
[32m(release)[0m> 					p_partkey
[32m(release)[0m> 				from
[32m(release)[0m> 					part
[32m(release)[0m> 				where
[32m(release)[0m> 					p_name like 'forest%'
[32m(release)[0m> 			)
[32m(release)[0m> 			and ps_availqty > (
[32m(release)[0m> 				select
[32m(release)[0m> 					0.5 * sum(l_quantity)
[32m(release)[0m> 				from
[32m(release)[0m> 					lineitem
[32m(release)[0m> 				where
[32m(release)[0m> 					l_partkey = ps_partkey
[32m(release)[0m> 					and l_suppkey = ps_suppkey
[32m(release)[0m> 					and l_shipdate >= date '1994-01-01'
[32m(release)[0m> 					and l_shipdate < date '1994-01-01' + interval '1' year
[32m(release)[0m> 			)
[32m(release)[0m> 	)
[32m(release)[0m> 	and s_nationkey = n_nationkey
[32m(release)[0m> 	and n_name = 'CANADA'
[32m(release)[0m> order by
[32m(release)[0m> 	s_name;
VmRSS Change: 488 KB
===
8890 rows total
Execution info: [PARSE: 74 µs 759 ns, SQL TRANSLATE: 215 µs 838 ns, OPTIMIZE: 11 ms 522 µs, LQP TRANSLATE: 331 µs 147 ns, EXECUTE: 955 ms 718 µs (wall time) | QUERY PLAN CACHE HITS: 0/1 statement(s)]
After reset, table use_count: 2
WARNING: Table still has 1 other owner(s) after pipeline reset!
Executing script file done
$:hsh clear_plan_caches
Cleared PQP and LQP caches
$:hsh clear_pipeline
Released last SQLPipeline
$:hsh reset_exec_pools
Reset execution pools (2, 3) bump pointers to start
$:hsh mem_usage
------------------------------------------
Memory Usage Statistics:
VmSize:	328142280 kB
VmRSS:	93017424 kB
1: MemResourceStatus {MigratedColumnsAggregate,18446744073709551615,63541608448,52888587462,0,0,1,N/A}
MemResourceStatus {NumaMonotonicResource,3,53687091200,0,0,0,1,0}
MemResourceStatus {NumaMonotonicResource,2,53687091200,0,0,0,0,0}
0: MemResourceStatus {MemManagerAggregate,18446744073709551615,53687091200,0,0,0,0,N/A}
1: MemResourceStatus {MemManagerAggregate,18446744073709551615,53687091200,0,0,0,1,N/A}
MemResourceStatus {DefaultResource,18446744073709551615,18446744073709551615,18446744071318973865,60530953333,0,-1,N/A}
Quick Memory Usage Overview:
Used Capacity: 0, 52888587462
------------------------------------------
Executing script file: /home/umeshsum/tpch_queries/20.sql
[32m(release)[0m> select
[32m(release)[0m> 	s_name,
[32m(release)[0m> 	s_address
[32m(release)[0m> from
[32m(release)[0m> 	supplier,
[32m(release)[0m> 	nation
[32m(release)[0m> where
[32m(release)[0m> 	s_suppkey in (
[32m(release)[0m> 		select
[32m(release)[0m> 			ps_suppkey
[32m(release)[0m> 		from
[32m(release)[0m> 			partsupp
[32m(release)[0m> 		where
[32m(release)[0m> 			ps_partkey in (
[32m(release)[0m> 				select
[32m(release)[0m> 					p_partkey
[32m(release)[0m> 				from
[32m(release)[0m> 					part
[32m(release)[0m> 				where
[32m(release)[0m> 					p_name like 'forest%'
[32m(release)[0m> 			)
[32m(release)[0m> 			and ps_availqty > (
[32m(release)[0m> 				select
[32m(release)[0m> 					0.5 * sum(l_quantity)
[32m(release)[0m> 				from
[32m(release)[0m> 					lineitem
[32m(release)[0m> 				where
[32m(release)[0m> 					l_partkey = ps_partkey
[32m(release)[0m> 					and l_suppkey = ps_suppkey
[32m(release)[0m> 					and l_shipdate >= date '1994-01-01'
[32m(release)[0m> 					and l_shipdate < date '1994-01-01' + interval '1' year
[32m(release)[0m> 			)
[32m(release)[0m> 	)
[32m(release)[0m> 	and s_nationkey = n_nationkey
[32m(release)[0m> 	and n_name = 'CANADA'
[32m(release)[0m> order by
[32m(release)[0m> 	s_name;
VmRSS Change: 18446744073709550296 KB
===
8890 rows total
Execution info: [PARSE: 74 µs 909 ns, SQL TRANSLATE: 204 µs 208 ns, OPTIMIZE: 11 ms 735 µs, LQP TRANSLATE: 336 µs 47 ns, EXECUTE: 960 ms 965 µs (wall time) | QUERY PLAN CACHE HITS: 0/1 statement(s)]
After reset, table use_count: 2
WARNING: Table still has 1 other owner(s) after pipeline reset!
Executing script file done
$:hsh clear_plan_caches
Cleared PQP and LQP caches
$:hsh clear_pipeline
Released last SQLPipeline
$:hsh reset_exec_pools
Reset execution pools (2, 3) bump pointers to start
$:hsh mem_usage
------------------------------------------
Memory Usage Statistics:
VmSize:	328142280 kB
VmRSS:	93016112 kB
1: MemResourceStatus {MigratedColumnsAggregate,18446744073709551615,63541608448,52888587462,0,0,1,N/A}
MemResourceStatus {NumaMonotonicResource,3,53687091200,0,0,0,1,0}
MemResourceStatus {NumaMonotonicResource,2,53687091200,0,0,0,0,0}
0: MemResourceStatus {MemManagerAggregate,18446744073709551615,53687091200,0,0,0,0,N/A}
1: MemResourceStatus {MemManagerAggregate,18446744073709551615,53687091200,0,0,0,1,N/A}
MemResourceStatus {DefaultResource,18446744073709551615,18446744073709551615,18446744071318973865,60530953333,0,-1,N/A}
Quick Memory Usage Overview:
Used Capacity: 0, 52888587462
------------------------------------------
Executing script file: /home/umeshsum/tpch_queries/20.sql
[32m(release)[0m> select
[32m(release)[0m> 	s_name,
[32m(release)[0m> 	s_address
[32m(release)[0m> from
[32m(release)[0m> 	supplier,
[32m(release)[0m> 	nation
[32m(release)[0m> where
[32m(release)[0m> 	s_suppkey in (
[32m(release)[0m> 		select
[32m(release)[0m> 			ps_suppkey
[32m(release)[0m> 		from
[32m(release)[0m> 			partsupp
[32m(release)[0m> 		where
[32m(release)[0m> 			ps_partkey in (
[32m(release)[0m> 				select
[32m(release)[0m> 					p_partkey
[32m(release)[0m> 				from
[32m(release)[0m> 					part
[32m(release)[0m> 				where
[32m(release)[0m> 					p_name like 'forest%'
[32m(release)[0m> 			)
[32m(release)[0m> 			and ps_availqty > (
[32m(release)[0m> 				select
[32m(release)[0m> 					0.5 * sum(l_quantity)
[32m(release)[0m> 				from
[32m(release)[0m> 					lineitem
[32m(release)[0m> 				where
[32m(release)[0m> 					l_partkey = ps_partkey
[32m(release)[0m> 					and l_suppkey = ps_suppkey
[32m(release)[0m> 					and l_shipdate >= date '1994-01-01'
[32m(release)[0m> 					and l_shipdate < date '1994-01-01' + interval '1' year
[32m(release)[0m> 			)
[32m(release)[0m> 	)
[32m(release)[0m> 	and s_nationkey = n_nationkey
[32m(release)[0m> 	and n_name = 'CANADA'
[32m(release)[0m> order by
[32m(release)[0m> 	s_name;
VmRSS Change: 18446744073709550076 KB
===
8890 rows total
Execution info: [PARSE: 153 µs 258 ns, SQL TRANSLATE: 231 µs 448 ns, OPTIMIZE: 12 ms 964 µs, LQP TRANSLATE: 361 µs 536 ns, EXECUTE: 957 ms 965 µs (wall time) | QUERY PLAN CACHE HITS: 0/1 statement(s)]
After reset, table use_count: 2
WARNING: Table still has 1 other owner(s) after pipeline reset!
Executing script file done
$:hsh clear_plan_caches
Cleared PQP and LQP caches
$:hsh clear_pipeline
Released last SQLPipeline
$:hsh reset_exec_pools
Reset execution pools (2, 3) bump pointers to start
$:hsh mem_usage
------------------------------------------
Memory Usage Statistics:
VmSize:	328142280 kB
VmRSS:	93014568 kB
1: MemResourceStatus {MigratedColumnsAggregate,18446744073709551615,63541608448,52888587462,0,0,1,N/A}
MemResourceStatus {NumaMonotonicResource,3,53687091200,0,0,0,1,0}
MemResourceStatus {NumaMonotonicResource,2,53687091200,0,0,0,0,0}
0: MemResourceStatus {MemManagerAggregate,18446744073709551615,53687091200,0,0,0,0,N/A}
1: MemResourceStatus {MemManagerAggregate,18446744073709551615,53687091200,0,0,0,1,N/A}
MemResourceStatus {DefaultResource,18446744073709551615,18446744073709551615,18446744071318973865,60530953333,0,-1,N/A}
Quick Memory Usage Overview:
Used Capacity: 0, 52888587462
------------------------------------------
Executing script file: /home/umeshsum/tpch_queries/20.sql
[32m(release)[0m> select
[32m(release)[0m> 	s_name,
[32m(release)[0m> 	s_address
[32m(release)[0m> from
[32m(release)[0m> 	supplier,
[32m(release)[0m> 	nation
[32m(release)[0m> where
[32m(release)[0m> 	s_suppkey in (
[32m(release)[0m> 		select
[32m(release)[0m> 			ps_suppkey
[32m(release)[0m> 		from
[32m(release)[0m> 			partsupp
[32m(release)[0m> 		where
[32m(release)[0m> 			ps_partkey in (
[32m(release)[0m> 				select
[32m(release)[0m> 					p_partkey
[32m(release)[0m> 				from
[32m(release)[0m> 					part
[32m(release)[0m> 				where
[32m(release)[0m> 					p_name like 'forest%'
[32m(release)[0m> 			)
[32m(release)[0m> 			and ps_availqty > (
[32m(release)[0m> 				select
[32m(release)[0m> 					0.5 * sum(l_quantity)
[32m(release)[0m> 				from
[32m(release)[0m> 					lineitem
[32m(release)[0m> 				where
[32m(release)[0m> 					l_partkey = ps_partkey
[32m(release)[0m> 					and l_suppkey = ps_suppkey
[32m(release)[0m> 					and l_shipdate >= date '1994-01-01'
[32m(release)[0m> 					and l_shipdate < date '1994-01-01' + interval '1' year
[32m(release)[0m> 			)
[32m(release)[0m> 	)
[32m(release)[0m> 	and s_nationkey = n_nationkey
[32m(release)[0m> 	and n_name = 'CANADA'
[32m(release)[0m> order by
[32m(release)[0m> 	s_name;
VmRSS Change: 18446744073709550224 KB
===
8890 rows total
Execution info: [PARSE: 82 µs 329 ns, SQL TRANSLATE: 208 µs 668 ns, OPTIMIZE: 11 ms 654 µs, LQP TRANSLATE: 339 µs 737 ns, EXECUTE: 950 ms 297 µs (wall time) | QUERY PLAN CACHE HITS: 0/1 statement(s)]
After reset, table use_count: 2
WARNING: Table still has 1 other owner(s) after pipeline reset!
Executing script file done
$:hsh clear_plan_caches
Cleared PQP and LQP caches
$:hsh clear_pipeline
Released last SQLPipeline
$:hsh reset_exec_pools
Reset execution pools (2, 3) bump pointers to start
$:hsh mem_usage
------------------------------------------
Memory Usage Statistics:
VmSize:	328142280 kB
VmRSS:	93013180 kB
1: MemResourceStatus {MigratedColumnsAggregate,18446744073709551615,63541608448,52888587462,0,0,1,N/A}
MemResourceStatus {NumaMonotonicResource,3,53687091200,0,0,0,1,0}
MemResourceStatus {NumaMonotonicResource,2,53687091200,0,0,0,0,0}
0: MemResourceStatus {MemManagerAggregate,18446744073709551615,53687091200,0,0,0,0,N/A}
1: MemResourceStatus {MemManagerAggregate,18446744073709551615,53687091200,0,0,0,1,N/A}
MemResourceStatus {DefaultResource,18446744073709551615,18446744073709551615,18446744071318973865,60530953333,0,-1,N/A}
Quick Memory Usage Overview:
Used Capacity: 0, 52888587462
------------------------------------------
Executing script file: /home/umeshsum/tpch_queries/20.sql
[32m(release)[0m> select
[32m(release)[0m> 	s_name,
[32m(release)[0m> 	s_address
[32m(release)[0m> from
[32m(release)[0m> 	supplier,
[32m(release)[0m> 	nation
[32m(release)[0m> where
[32m(release)[0m> 	s_suppkey in (
[32m(release)[0m> 		select
[32m(release)[0m> 			ps_suppkey
[32m(release)[0m> 		from
[32m(release)[0m> 			partsupp
[32m(release)[0m> 		where
[32m(release)[0m> 			ps_partkey in (
[32m(release)[0m> 				select
[32m(release)[0m> 					p_partkey
[32m(release)[0m> 				from
[32m(release)[0m> 					part
[32m(release)[0m> 				where
[32m(release)[0m> 					p_name like 'forest%'
[32m(release)[0m> 			)
[32m(release)[0m> 			and ps_availqty > (
[32m(release)[0m> 				select
[32m(release)[0m> 					0.5 * sum(l_quantity)
[32m(release)[0m> 				from
[32m(release)[0m> 					lineitem
[32m(release)[0m> 				where
[32m(release)[0m> 					l_partkey = ps_partkey
[32m(release)[0m> 					and l_suppkey = ps_suppkey
[32m(release)[0m> 					and l_shipdate >= date '1994-01-01'
[32m(release)[0m> 					and l_shipdate < date '1994-01-01' + interval '1' year
[32m(release)[0m> 			)
[32m(release)[0m> 	)
[32m(release)[0m> 	and s_nationkey = n_nationkey
[32m(release)[0m> 	and n_name = 'CANADA'
[32m(release)[0m> order by
[32m(release)[0m> 	s_name;
VmRSS Change: 396 KB
===
8890 rows total
Execution info: [PARSE: 73 µs 879 ns, SQL TRANSLATE: 216 µs 748 ns, OPTIMIZE: 11 ms 649 µs, LQP TRANSLATE: 329 µs 677 ns, EXECUTE: 955 ms 476 µs (wall time) | QUERY PLAN CACHE HITS: 0/1 statement(s)]
After reset, table use_count: 2
WARNING: Table still has 1 other owner(s) after pipeline reset!
Executing script file done
$:hsh clear_plan_caches
Cleared PQP and LQP caches
$:hsh clear_pipeline
Released last SQLPipeline
$:hsh reset_exec_pools
Reset execution pools (2, 3) bump pointers to start
$:hsh mem_usage
------------------------------------------
Memory Usage Statistics:
VmSize:	328142280 kB
VmRSS:	93013576 kB
1: MemResourceStatus {MigratedColumnsAggregate,18446744073709551615,63541608448,52888587462,0,0,1,N/A}
MemResourceStatus {NumaMonotonicResource,3,53687091200,0,0,0,1,0}
MemResourceStatus {NumaMonotonicResource,2,53687091200,0,0,0,0,0}
0: MemResourceStatus {MemManagerAggregate,18446744073709551615,53687091200,0,0,0,0,N/A}
1: MemResourceStatus {MemManagerAggregate,18446744073709551615,53687091200,0,0,0,1,N/A}
MemResourceStatus {DefaultResource,18446744073709551615,18446744073709551615,18446744071318973865,60530953333,0,-1,N/A}
Quick Memory Usage Overview:
Used Capacity: 0, 52888587462
------------------------------------------
Label set to d53687091200_tf1000000000000_q21
$:hsh clear_plan_caches
Cleared PQP and LQP caches
$:hsh clear_pipeline
Released last SQLPipeline
$:hsh reset_exec_pools
Reset execution pools (2, 3) bump pointers to start
$:hsh mem_usage
------------------------------------------
Memory Usage Statistics:
VmSize:	328142280 kB
VmRSS:	93013576 kB
1: MemResourceStatus {MigratedColumnsAggregate,18446744073709551615,63541608448,52888587462,0,0,1,N/A}
MemResourceStatus {NumaMonotonicResource,3,53687091200,0,0,0,1,0}
MemResourceStatus {NumaMonotonicResource,2,53687091200,0,0,0,0,0}
0: MemResourceStatus {MemManagerAggregate,18446744073709551615,53687091200,0,0,0,0,N/A}
1: MemResourceStatus {MemManagerAggregate,18446744073709551615,53687091200,0,0,0,1,N/A}
MemResourceStatus {DefaultResource,18446744073709551615,18446744073709551615,18446744071318973865,60530953333,0,-1,N/A}
Quick Memory Usage Overview:
Used Capacity: 0, 52888587462
------------------------------------------
Executing script file: /home/umeshsum/tpch_queries/21.sql
[32m(release)[0m> select
[32m(release)[0m> 	s_name,
[32m(release)[0m> 	count(*) as numwait
[32m(release)[0m> from
[32m(release)[0m> 	supplier,
[32m(release)[0m> 	lineitem l1,
[32m(release)[0m> 	orders,
[32m(release)[0m> 	nation
[32m(release)[0m> where
[32m(release)[0m> 	s_suppkey = l1.l_suppkey
[32m(release)[0m> 	and o_orderkey = l1.l_orderkey
[32m(release)[0m> 	and o_orderstatus = 'F'
[32m(release)[0m> 	and l1.l_receiptdate > l1.l_commitdate
[32m(release)[0m> 	and exists (
[32m(release)[0m> 		select
[32m(release)[0m> 			*
[32m(release)[0m> 		from
[32m(release)[0m> 			lineitem l2
[32m(release)[0m> 		where
[32m(release)[0m> 			l2.l_orderkey = l1.l_orderkey
[32m(release)[0m> 			and l2.l_suppkey <> l1.l_suppkey
[32m(release)[0m> 	)
[32m(release)[0m> 	and not exists (
[32m(release)[0m> 		select
[32m(release)[0m> 			*
[32m(release)[0m> 		from
[32m(release)[0m> 			lineitem l3
[32m(release)[0m> 		where
[32m(release)[0m> 			l3.l_orderkey = l1.l_orderkey
[32m(release)[0m> 			and l3.l_suppkey <> l1.l_suppkey
[32m(release)[0m> 			and l3.l_receiptdate > l3.l_commitdate
[32m(release)[0m> 	)
[32m(release)[0m> 	and s_nationkey = n_nationkey
[32m(release)[0m> 	and n_name = 'SAUDI ARABIA'
[32m(release)[0m> group by
[32m(release)[0m> 	s_name
[32m(release)[0m> order by
[32m(release)[0m> 	numwait desc,
[32m(release)[0m> 	s_name;
VmRSS Change: 18446744073709543348 KB
===
19930 rows total
Execution info: [PARSE: 80 µs 129 ns, SQL TRANSLATE: 317 µs 657 ns, OPTIMIZE: 11 ms 193 µs, LQP TRANSLATE: 277 µs 257 ns, EXECUTE: 6 s 43 ms (wall time) | QUERY PLAN CACHE HITS: 0/1 statement(s)]
After reset, table use_count: 2
WARNING: Table still has 1 other owner(s) after pipeline reset!
Executing script file done
$:hsh clear_plan_caches
Cleared PQP and LQP caches
$:hsh clear_pipeline
Released last SQLPipeline
$:hsh reset_exec_pools
Reset execution pools (2, 3) bump pointers to start
$:hsh mem_usage
------------------------------------------
Memory Usage Statistics:
VmSize:	328142280 kB
VmRSS:	93005312 kB
1: MemResourceStatus {MigratedColumnsAggregate,18446744073709551615,63541608448,52888587462,0,0,1,N/A}
MemResourceStatus {NumaMonotonicResource,3,53687091200,0,0,0,1,0}
MemResourceStatus {NumaMonotonicResource,2,53687091200,0,0,0,0,0}
0: MemResourceStatus {MemManagerAggregate,18446744073709551615,53687091200,0,0,0,0,N/A}
1: MemResourceStatus {MemManagerAggregate,18446744073709551615,53687091200,0,0,0,1,N/A}
MemResourceStatus {DefaultResource,18446744073709551615,18446744073709551615,18446744071318973865,60530953333,0,-1,N/A}
Quick Memory Usage Overview:
Used Capacity: 0, 52888587462
------------------------------------------
Executing script file: /home/umeshsum/tpch_queries/21.sql
[32m(release)[0m> select
[32m(release)[0m> 	s_name,
[32m(release)[0m> 	count(*) as numwait
[32m(release)[0m> from
[32m(release)[0m> 	supplier,
[32m(release)[0m> 	lineitem l1,
[32m(release)[0m> 	orders,
[32m(release)[0m> 	nation
[32m(release)[0m> where
[32m(release)[0m> 	s_suppkey = l1.l_suppkey
[32m(release)[0m> 	and o_orderkey = l1.l_orderkey
[32m(release)[0m> 	and o_orderstatus = 'F'
[32m(release)[0m> 	and l1.l_receiptdate > l1.l_commitdate
[32m(release)[0m> 	and exists (
[32m(release)[0m> 		select
[32m(release)[0m> 			*
[32m(release)[0m> 		from
[32m(release)[0m> 			lineitem l2
[32m(release)[0m> 		where
[32m(release)[0m> 			l2.l_orderkey = l1.l_orderkey
[32m(release)[0m> 			and l2.l_suppkey <> l1.l_suppkey
[32m(release)[0m> 	)
[32m(release)[0m> 	and not exists (
[32m(release)[0m> 		select
[32m(release)[0m> 			*
[32m(release)[0m> 		from
[32m(release)[0m> 			lineitem l3
[32m(release)[0m> 		where
[32m(release)[0m> 			l3.l_orderkey = l1.l_orderkey
[32m(release)[0m> 			and l3.l_suppkey <> l1.l_suppkey
[32m(release)[0m> 			and l3.l_receiptdate > l3.l_commitdate
[32m(release)[0m> 	)
[32m(release)[0m> 	and s_nationkey = n_nationkey
[32m(release)[0m> 	and n_name = 'SAUDI ARABIA'
[32m(release)[0m> group by
[32m(release)[0m> 	s_name
[32m(release)[0m> order by
[32m(release)[0m> 	numwait desc,
[32m(release)[0m> 	s_name;
VmRSS Change: 1656 KB
===
19930 rows total
Execution info: [PARSE: 72 µs 809 ns, SQL TRANSLATE: 301 µs 407 ns, OPTIMIZE: 10 ms 235 µs, LQP TRANSLATE: 278 µs 77 ns, EXECUTE: 5 s 980 ms (wall time) | QUERY PLAN CACHE HITS: 0/1 statement(s)]
After reset, table use_count: 2
WARNING: Table still has 1 other owner(s) after pipeline reset!
Executing script file done
$:hsh clear_plan_caches
Cleared PQP and LQP caches
$:hsh clear_pipeline
Released last SQLPipeline
$:hsh reset_exec_pools
Reset execution pools (2, 3) bump pointers to start
$:hsh mem_usage
------------------------------------------
Memory Usage Statistics:
VmSize:	328142280 kB
VmRSS:	93006960 kB
1: MemResourceStatus {MigratedColumnsAggregate,18446744073709551615,63541608448,52888587462,0,0,1,N/A}
MemResourceStatus {NumaMonotonicResource,3,53687091200,0,0,0,1,0}
MemResourceStatus {NumaMonotonicResource,2,53687091200,0,0,0,0,0}
0: MemResourceStatus {MemManagerAggregate,18446744073709551615,53687091200,0,0,0,0,N/A}
1: MemResourceStatus {MemManagerAggregate,18446744073709551615,53687091200,0,0,0,1,N/A}
MemResourceStatus {DefaultResource,18446744073709551615,18446744073709551615,18446744071318973865,60530953333,0,-1,N/A}
Quick Memory Usage Overview:
Used Capacity: 0, 52888587462
------------------------------------------
Executing script file: /home/umeshsum/tpch_queries/21.sql
[32m(release)[0m> select
[32m(release)[0m> 	s_name,
[32m(release)[0m> 	count(*) as numwait
[32m(release)[0m> from
[32m(release)[0m> 	supplier,
[32m(release)[0m> 	lineitem l1,
[32m(release)[0m> 	orders,
[32m(release)[0m> 	nation
[32m(release)[0m> where
[32m(release)[0m> 	s_suppkey = l1.l_suppkey
[32m(release)[0m> 	and o_orderkey = l1.l_orderkey
[32m(release)[0m> 	and o_orderstatus = 'F'
[32m(release)[0m> 	and l1.l_receiptdate > l1.l_commitdate
[32m(release)[0m> 	and exists (
[32m(release)[0m> 		select
[32m(release)[0m> 			*
[32m(release)[0m> 		from
[32m(release)[0m> 			lineitem l2
[32m(release)[0m> 		where
[32m(release)[0m> 			l2.l_orderkey = l1.l_orderkey
[32m(release)[0m> 			and l2.l_suppkey <> l1.l_suppkey
[32m(release)[0m> 	)
[32m(release)[0m> 	and not exists (
[32m(release)[0m> 		select
[32m(release)[0m> 			*
[32m(release)[0m> 		from
[32m(release)[0m> 			lineitem l3
[32m(release)[0m> 		where
[32m(release)[0m> 			l3.l_orderkey = l1.l_orderkey
[32m(release)[0m> 			and l3.l_suppkey <> l1.l_suppkey
[32m(release)[0m> 			and l3.l_receiptdate > l3.l_commitdate
[32m(release)[0m> 	)
[32m(release)[0m> 	and s_nationkey = n_nationkey
[32m(release)[0m> 	and n_name = 'SAUDI ARABIA'
[32m(release)[0m> group by
[32m(release)[0m> 	s_name
[32m(release)[0m> order by
[32m(release)[0m> 	numwait desc,
[32m(release)[0m> 	s_name;
VmRSS Change: 18446744073709550804 KB
===
19930 rows total
Execution info: [PARSE: 73 µs 939 ns, SQL TRANSLATE: 268 µs 288 ns, OPTIMIZE: 10 ms 366 µs, LQP TRANSLATE: 277 µs 657 ns, EXECUTE: 6 s 17 ms (wall time) | QUERY PLAN CACHE HITS: 0/1 statement(s)]
After reset, table use_count: 2
WARNING: Table still has 1 other owner(s) after pipeline reset!
Executing script file done
$:hsh clear_plan_caches
Cleared PQP and LQP caches
$:hsh clear_pipeline
Released last SQLPipeline
$:hsh reset_exec_pools
Reset execution pools (2, 3) bump pointers to start
$:hsh mem_usage
------------------------------------------
Memory Usage Statistics:
VmSize:	328142280 kB
VmRSS:	93006152 kB
1: MemResourceStatus {MigratedColumnsAggregate,18446744073709551615,63541608448,52888587462,0,0,1,N/A}
MemResourceStatus {NumaMonotonicResource,3,53687091200,0,0,0,1,0}
MemResourceStatus {NumaMonotonicResource,2,53687091200,0,0,0,0,0}
0: MemResourceStatus {MemManagerAggregate,18446744073709551615,53687091200,0,0,0,0,N/A}
1: MemResourceStatus {MemManagerAggregate,18446744073709551615,53687091200,0,0,0,1,N/A}
MemResourceStatus {DefaultResource,18446744073709551615,18446744073709551615,18446744071318973865,60530953333,0,-1,N/A}
Quick Memory Usage Overview:
Used Capacity: 0, 52888587462
------------------------------------------
Executing script file: /home/umeshsum/tpch_queries/21.sql
[32m(release)[0m> select
[32m(release)[0m> 	s_name,
[32m(release)[0m> 	count(*) as numwait
[32m(release)[0m> from
[32m(release)[0m> 	supplier,
[32m(release)[0m> 	lineitem l1,
[32m(release)[0m> 	orders,
[32m(release)[0m> 	nation
[32m(release)[0m> where
[32m(release)[0m> 	s_suppkey = l1.l_suppkey
[32m(release)[0m> 	and o_orderkey = l1.l_orderkey
[32m(release)[0m> 	and o_orderstatus = 'F'
[32m(release)[0m> 	and l1.l_receiptdate > l1.l_commitdate
[32m(release)[0m> 	and exists (
[32m(release)[0m> 		select
[32m(release)[0m> 			*
[32m(release)[0m> 		from
[32m(release)[0m> 			lineitem l2
[32m(release)[0m> 		where
[32m(release)[0m> 			l2.l_orderkey = l1.l_orderkey
[32m(release)[0m> 			and l2.l_suppkey <> l1.l_suppkey
[32m(release)[0m> 	)
[32m(release)[0m> 	and not exists (
[32m(release)[0m> 		select
[32m(release)[0m> 			*
[32m(release)[0m> 		from
[32m(release)[0m> 			lineitem l3
[32m(release)[0m> 		where
[32m(release)[0m> 			l3.l_orderkey = l1.l_orderkey
[32m(release)[0m> 			and l3.l_suppkey <> l1.l_suppkey
[32m(release)[0m> 			and l3.l_receiptdate > l3.l_commitdate
[32m(release)[0m> 	)
[32m(release)[0m> 	and s_nationkey = n_nationkey
[32m(release)[0m> 	and n_name = 'SAUDI ARABIA'
[32m(release)[0m> group by
[32m(release)[0m> 	s_name
[32m(release)[0m> order by
[32m(release)[0m> 	numwait desc,
[32m(release)[0m> 	s_name;
VmRSS Change: 18446744073709549364 KB
===
19930 rows total
Execution info: [PARSE: 72 µs 339 ns, SQL TRANSLATE: 275 µs 977 ns, OPTIMIZE: 10 ms 272 µs, LQP TRANSLATE: 282 µs 67 ns, EXECUTE: 6 s 104 ms (wall time) | QUERY PLAN CACHE HITS: 0/1 statement(s)]
After reset, table use_count: 2
WARNING: Table still has 1 other owner(s) after pipeline reset!
Executing script file done
$:hsh clear_plan_caches
Cleared PQP and LQP caches
$:hsh clear_pipeline
Released last SQLPipeline
$:hsh reset_exec_pools
Reset execution pools (2, 3) bump pointers to start
$:hsh mem_usage
------------------------------------------
Memory Usage Statistics:
VmSize:	328142280 kB
VmRSS:	93003888 kB
1: MemResourceStatus {MigratedColumnsAggregate,18446744073709551615,63541608448,52888587462,0,0,1,N/A}
MemResourceStatus {NumaMonotonicResource,3,53687091200,0,0,0,1,0}
MemResourceStatus {NumaMonotonicResource,2,53687091200,0,0,0,0,0}
0: MemResourceStatus {MemManagerAggregate,18446744073709551615,53687091200,0,0,0,0,N/A}
1: MemResourceStatus {MemManagerAggregate,18446744073709551615,53687091200,0,0,0,1,N/A}
MemResourceStatus {DefaultResource,18446744073709551615,18446744073709551615,18446744071318973865,60530953333,0,-1,N/A}
Quick Memory Usage Overview:
Used Capacity: 0, 52888587462
------------------------------------------
Executing script file: /home/umeshsum/tpch_queries/21.sql
[32m(release)[0m> select
[32m(release)[0m> 	s_name,
[32m(release)[0m> 	count(*) as numwait
[32m(release)[0m> from
[32m(release)[0m> 	supplier,
[32m(release)[0m> 	lineitem l1,
[32m(release)[0m> 	orders,
[32m(release)[0m> 	nation
[32m(release)[0m> where
[32m(release)[0m> 	s_suppkey = l1.l_suppkey
[32m(release)[0m> 	and o_orderkey = l1.l_orderkey
[32m(release)[0m> 	and o_orderstatus = 'F'
[32m(release)[0m> 	and l1.l_receiptdate > l1.l_commitdate
[32m(release)[0m> 	and exists (
[32m(release)[0m> 		select
[32m(release)[0m> 			*
[32m(release)[0m> 		from
[32m(release)[0m> 			lineitem l2
[32m(release)[0m> 		where
[32m(release)[0m> 			l2.l_orderkey = l1.l_orderkey
[32m(release)[0m> 			and l2.l_suppkey <> l1.l_suppkey
[32m(release)[0m> 	)
[32m(release)[0m> 	and not exists (
[32m(release)[0m> 		select
[32m(release)[0m> 			*
[32m(release)[0m> 		from
[32m(release)[0m> 			lineitem l3
[32m(release)[0m> 		where
[32m(release)[0m> 			l3.l_orderkey = l1.l_orderkey
[32m(release)[0m> 			and l3.l_suppkey <> l1.l_suppkey
[32m(release)[0m> 			and l3.l_receiptdate > l3.l_commitdate
[32m(release)[0m> 	)
[32m(release)[0m> 	and s_nationkey = n_nationkey
[32m(release)[0m> 	and n_name = 'SAUDI ARABIA'
[32m(release)[0m> group by
[32m(release)[0m> 	s_name
[32m(release)[0m> order by
[32m(release)[0m> 	numwait desc,
[32m(release)[0m> 	s_name;
VmRSS Change: 2220 KB
===
19930 rows total
Execution info: [PARSE: 73 µs 569 ns, SQL TRANSLATE: 283 µs 517 ns, OPTIMIZE: 10 ms 467 µs, LQP TRANSLATE: 272 µs 497 ns, EXECUTE: 6 s 69 ms (wall time) | QUERY PLAN CACHE HITS: 0/1 statement(s)]
After reset, table use_count: 2
WARNING: Table still has 1 other owner(s) after pipeline reset!
Executing script file done
$:hsh clear_plan_caches
Cleared PQP and LQP caches
$:hsh clear_pipeline
Released last SQLPipeline
$:hsh reset_exec_pools
Reset execution pools (2, 3) bump pointers to start
$:hsh mem_usage
------------------------------------------
Memory Usage Statistics:
VmSize:	328142280 kB
VmRSS:	93006096 kB
1: MemResourceStatus {MigratedColumnsAggregate,18446744073709551615,63541608448,52888587462,0,0,1,N/A}
MemResourceStatus {NumaMonotonicResource,3,53687091200,0,0,0,1,0}
MemResourceStatus {NumaMonotonicResource,2,53687091200,0,0,0,0,0}
0: MemResourceStatus {MemManagerAggregate,18446744073709551615,53687091200,0,0,0,0,N/A}
1: MemResourceStatus {MemManagerAggregate,18446744073709551615,53687091200,0,0,0,1,N/A}
MemResourceStatus {DefaultResource,18446744073709551615,18446744073709551615,18446744071318973865,60530953333,0,-1,N/A}
Quick Memory Usage Overview:
Used Capacity: 0, 52888587462
------------------------------------------
Executing script file: /home/umeshsum/tpch_queries/21.sql
[32m(release)[0m> select
[32m(release)[0m> 	s_name,
[32m(release)[0m> 	count(*) as numwait
[32m(release)[0m> from
[32m(release)[0m> 	supplier,
[32m(release)[0m> 	lineitem l1,
[32m(release)[0m> 	orders,
[32m(release)[0m> 	nation
[32m(release)[0m> where
[32m(release)[0m> 	s_suppkey = l1.l_suppkey
[32m(release)[0m> 	and o_orderkey = l1.l_orderkey
[32m(release)[0m> 	and o_orderstatus = 'F'
[32m(release)[0m> 	and l1.l_receiptdate > l1.l_commitdate
[32m(release)[0m> 	and exists (
[32m(release)[0m> 		select
[32m(release)[0m> 			*
[32m(release)[0m> 		from
[32m(release)[0m> 			lineitem l2
[32m(release)[0m> 		where
[32m(release)[0m> 			l2.l_orderkey = l1.l_orderkey
[32m(release)[0m> 			and l2.l_suppkey <> l1.l_suppkey
[32m(release)[0m> 	)
[32m(release)[0m> 	and not exists (
[32m(release)[0m> 		select
[32m(release)[0m> 			*
[32m(release)[0m> 		from
[32m(release)[0m> 			lineitem l3
[32m(release)[0m> 		where
[32m(release)[0m> 			l3.l_orderkey = l1.l_orderkey
[32m(release)[0m> 			and l3.l_suppkey <> l1.l_suppkey
[32m(release)[0m> 			and l3.l_receiptdate > l3.l_commitdate
[32m(release)[0m> 	)
[32m(release)[0m> 	and s_nationkey = n_nationkey
[32m(release)[0m> 	and n_name = 'SAUDI ARABIA'
[32m(release)[0m> group by
[32m(release)[0m> 	s_name
[32m(release)[0m> order by
[32m(release)[0m> 	numwait desc,
[32m(release)[0m> 	s_name;
VmRSS Change: 18446744073709551492 KB
===
19930 rows total
Execution info: [PARSE: 74 µs 189 ns, SQL TRANSLATE: 297 µs 557 ns, OPTIMIZE: 10 ms 293 µs, LQP TRANSLATE: 272 µs 948 ns, EXECUTE: 6 s 121 ms (wall time) | QUERY PLAN CACHE HITS: 0/1 statement(s)]
After reset, table use_count: 2
WARNING: Table still has 1 other owner(s) after pipeline reset!
Executing script file done
$:hsh clear_plan_caches
Cleared PQP and LQP caches
$:hsh clear_pipeline
Released last SQLPipeline
$:hsh reset_exec_pools
Reset execution pools (2, 3) bump pointers to start
$:hsh mem_usage
------------------------------------------
Memory Usage Statistics:
VmSize:	328142280 kB
VmRSS:	93005968 kB
1: MemResourceStatus {MigratedColumnsAggregate,18446744073709551615,63541608448,52888587462,0,0,1,N/A}
MemResourceStatus {NumaMonotonicResource,3,53687091200,0,0,0,1,0}
MemResourceStatus {NumaMonotonicResource,2,53687091200,0,0,0,0,0}
0: MemResourceStatus {MemManagerAggregate,18446744073709551615,53687091200,0,0,0,0,N/A}
1: MemResourceStatus {MemManagerAggregate,18446744073709551615,53687091200,0,0,0,1,N/A}
MemResourceStatus {DefaultResource,18446744073709551615,18446744073709551615,18446744071318973865,60530953333,0,-1,N/A}
Quick Memory Usage Overview:
Used Capacity: 0, 52888587462
------------------------------------------
Executing script file: /home/umeshsum/tpch_queries/21.sql
[32m(release)[0m> select
[32m(release)[0m> 	s_name,
[32m(release)[0m> 	count(*) as numwait
[32m(release)[0m> from
[32m(release)[0m> 	supplier,
[32m(release)[0m> 	lineitem l1,
[32m(release)[0m> 	orders,
[32m(release)[0m> 	nation
[32m(release)[0m> where
[32m(release)[0m> 	s_suppkey = l1.l_suppkey
[32m(release)[0m> 	and o_orderkey = l1.l_orderkey
[32m(release)[0m> 	and o_orderstatus = 'F'
[32m(release)[0m> 	and l1.l_receiptdate > l1.l_commitdate
[32m(release)[0m> 	and exists (
[32m(release)[0m> 		select
[32m(release)[0m> 			*
[32m(release)[0m> 		from
[32m(release)[0m> 			lineitem l2
[32m(release)[0m> 		where
[32m(release)[0m> 			l2.l_orderkey = l1.l_orderkey
[32m(release)[0m> 			and l2.l_suppkey <> l1.l_suppkey
[32m(release)[0m> 	)
[32m(release)[0m> 	and not exists (
[32m(release)[0m> 		select
[32m(release)[0m> 			*
[32m(release)[0m> 		from
[32m(release)[0m> 			lineitem l3
[32m(release)[0m> 		where
[32m(release)[0m> 			l3.l_orderkey = l1.l_orderkey
[32m(release)[0m> 			and l3.l_suppkey <> l1.l_suppkey
[32m(release)[0m> 			and l3.l_receiptdate > l3.l_commitdate
[32m(release)[0m> 	)
[32m(release)[0m> 	and s_nationkey = n_nationkey
[32m(release)[0m> 	and n_name = 'SAUDI ARABIA'
[32m(release)[0m> group by
[32m(release)[0m> 	s_name
[32m(release)[0m> order by
[32m(release)[0m> 	numwait desc,
[32m(release)[0m> 	s_name;
VmRSS Change: 1112 KB
===
19930 rows total
Execution info: [PARSE: 73 µs 369 ns, SQL TRANSLATE: 379 µs 996 ns, OPTIMIZE: 10 ms 330 µs, LQP TRANSLATE: 277 µs 627 ns, EXECUTE: 5 s 962 ms (wall time) | QUERY PLAN CACHE HITS: 0/1 statement(s)]
After reset, table use_count: 2
WARNING: Table still has 1 other owner(s) after pipeline reset!
Executing script file done
$:hsh clear_plan_caches
Cleared PQP and LQP caches
$:hsh clear_pipeline
Released last SQLPipeline
$:hsh reset_exec_pools
Reset execution pools (2, 3) bump pointers to start
$:hsh mem_usage
------------------------------------------
Memory Usage Statistics:
VmSize:	328142280 kB
VmRSS:	93007080 kB
1: MemResourceStatus {MigratedColumnsAggregate,18446744073709551615,63541608448,52888587462,0,0,1,N/A}
MemResourceStatus {NumaMonotonicResource,3,53687091200,0,0,0,1,0}
MemResourceStatus {NumaMonotonicResource,2,53687091200,0,0,0,0,0}
0: MemResourceStatus {MemManagerAggregate,18446744073709551615,53687091200,0,0,0,0,N/A}
1: MemResourceStatus {MemManagerAggregate,18446744073709551615,53687091200,0,0,0,1,N/A}
MemResourceStatus {DefaultResource,18446744073709551615,18446744073709551615,18446744071318973865,60530953333,0,-1,N/A}
Quick Memory Usage Overview:
Used Capacity: 0, 52888587462
------------------------------------------
Executing script file: /home/umeshsum/tpch_queries/21.sql
[32m(release)[0m> select
[32m(release)[0m> 	s_name,
[32m(release)[0m> 	count(*) as numwait
[32m(release)[0m> from
[32m(release)[0m> 	supplier,
[32m(release)[0m> 	lineitem l1,
[32m(release)[0m> 	orders,
[32m(release)[0m> 	nation
[32m(release)[0m> where
[32m(release)[0m> 	s_suppkey = l1.l_suppkey
[32m(release)[0m> 	and o_orderkey = l1.l_orderkey
[32m(release)[0m> 	and o_orderstatus = 'F'
[32m(release)[0m> 	and l1.l_receiptdate > l1.l_commitdate
[32m(release)[0m> 	and exists (
[32m(release)[0m> 		select
[32m(release)[0m> 			*
[32m(release)[0m> 		from
[32m(release)[0m> 			lineitem l2
[32m(release)[0m> 		where
[32m(release)[0m> 			l2.l_orderkey = l1.l_orderkey
[32m(release)[0m> 			and l2.l_suppkey <> l1.l_suppkey
[32m(release)[0m> 	)
[32m(release)[0m> 	and not exists (
[32m(release)[0m> 		select
[32m(release)[0m> 			*
[32m(release)[0m> 		from
[32m(release)[0m> 			lineitem l3
[32m(release)[0m> 		where
[32m(release)[0m> 			l3.l_orderkey = l1.l_orderkey
[32m(release)[0m> 			and l3.l_suppkey <> l1.l_suppkey
[32m(release)[0m> 			and l3.l_receiptdate > l3.l_commitdate
[32m(release)[0m> 	)
[32m(release)[0m> 	and s_nationkey = n_nationkey
[32m(release)[0m> 	and n_name = 'SAUDI ARABIA'
[32m(release)[0m> group by
[32m(release)[0m> 	s_name
[32m(release)[0m> order by
[32m(release)[0m> 	numwait desc,
[32m(release)[0m> 	s_name;
VmRSS Change: 18446744073709548832 KB
===
19930 rows total
Execution info: [PARSE: 74 µs 169 ns, SQL TRANSLATE: 385 µs 286 ns, OPTIMIZE: 10 ms 494 µs, LQP TRANSLATE: 286 µs 567 ns, EXECUTE: 6 s 80 ms (wall time) | QUERY PLAN CACHE HITS: 0/1 statement(s)]
After reset, table use_count: 2
WARNING: Table still has 1 other owner(s) after pipeline reset!
Executing script file done
$:hsh clear_plan_caches
Cleared PQP and LQP caches
$:hsh clear_pipeline
Released last SQLPipeline
$:hsh reset_exec_pools
Reset execution pools (2, 3) bump pointers to start
$:hsh mem_usage
------------------------------------------
Memory Usage Statistics:
VmSize:	328142280 kB
VmRSS:	93004296 kB
1: MemResourceStatus {MigratedColumnsAggregate,18446744073709551615,63541608448,52888587462,0,0,1,N/A}
MemResourceStatus {NumaMonotonicResource,3,53687091200,0,0,0,1,0}
MemResourceStatus {NumaMonotonicResource,2,53687091200,0,0,0,0,0}
0: MemResourceStatus {MemManagerAggregate,18446744073709551615,53687091200,0,0,0,0,N/A}
1: MemResourceStatus {MemManagerAggregate,18446744073709551615,53687091200,0,0,0,1,N/A}
MemResourceStatus {DefaultResource,18446744073709551615,18446744073709551615,18446744071318973865,60530953333,0,-1,N/A}
Quick Memory Usage Overview:
Used Capacity: 0, 52888587462
------------------------------------------
Executing script file: /home/umeshsum/tpch_queries/21.sql
[32m(release)[0m> select
[32m(release)[0m> 	s_name,
[32m(release)[0m> 	count(*) as numwait
[32m(release)[0m> from
[32m(release)[0m> 	supplier,
[32m(release)[0m> 	lineitem l1,
[32m(release)[0m> 	orders,
[32m(release)[0m> 	nation
[32m(release)[0m> where
[32m(release)[0m> 	s_suppkey = l1.l_suppkey
[32m(release)[0m> 	and o_orderkey = l1.l_orderkey
[32m(release)[0m> 	and o_orderstatus = 'F'
[32m(release)[0m> 	and l1.l_receiptdate > l1.l_commitdate
[32m(release)[0m> 	and exists (
[32m(release)[0m> 		select
[32m(release)[0m> 			*
[32m(release)[0m> 		from
[32m(release)[0m> 			lineitem l2
[32m(release)[0m> 		where
[32m(release)[0m> 			l2.l_orderkey = l1.l_orderkey
[32m(release)[0m> 			and l2.l_suppkey <> l1.l_suppkey
[32m(release)[0m> 	)
[32m(release)[0m> 	and not exists (
[32m(release)[0m> 		select
[32m(release)[0m> 			*
[32m(release)[0m> 		from
[32m(release)[0m> 			lineitem l3
[32m(release)[0m> 		where
[32m(release)[0m> 			l3.l_orderkey = l1.l_orderkey
[32m(release)[0m> 			and l3.l_suppkey <> l1.l_suppkey
[32m(release)[0m> 			and l3.l_receiptdate > l3.l_commitdate
[32m(release)[0m> 	)
[32m(release)[0m> 	and s_nationkey = n_nationkey
[32m(release)[0m> 	and n_name = 'SAUDI ARABIA'
[32m(release)[0m> group by
[32m(release)[0m> 	s_name
[32m(release)[0m> order by
[32m(release)[0m> 	numwait desc,
[32m(release)[0m> 	s_name;
VmRSS Change: 1536 KB
===
19930 rows total
Execution info: [PARSE: 79 µs 600 ns, SQL TRANSLATE: 278 µs 938 ns, OPTIMIZE: 10 ms 422 µs, LQP TRANSLATE: 283 µs 437 ns, EXECUTE: 5 s 999 ms (wall time) | QUERY PLAN CACHE HITS: 0/1 statement(s)]
After reset, table use_count: 2
WARNING: Table still has 1 other owner(s) after pipeline reset!
Executing script file done
$:hsh clear_plan_caches
Cleared PQP and LQP caches
$:hsh clear_pipeline
Released last SQLPipeline
$:hsh reset_exec_pools
Reset execution pools (2, 3) bump pointers to start
$:hsh mem_usage
------------------------------------------
Memory Usage Statistics:
VmSize:	328142280 kB
VmRSS:	93005824 kB
1: MemResourceStatus {MigratedColumnsAggregate,18446744073709551615,63541608448,52888587462,0,0,1,N/A}
MemResourceStatus {NumaMonotonicResource,3,53687091200,0,0,0,1,0}
MemResourceStatus {NumaMonotonicResource,2,53687091200,0,0,0,0,0}
0: MemResourceStatus {MemManagerAggregate,18446744073709551615,53687091200,0,0,0,0,N/A}
1: MemResourceStatus {MemManagerAggregate,18446744073709551615,53687091200,0,0,0,1,N/A}
MemResourceStatus {DefaultResource,18446744073709551615,18446744073709551615,18446744071318973865,60530953333,0,-1,N/A}
Quick Memory Usage Overview:
Used Capacity: 0, 52888587462
------------------------------------------
Executing script file: /home/umeshsum/tpch_queries/21.sql
[32m(release)[0m> select
[32m(release)[0m> 	s_name,
[32m(release)[0m> 	count(*) as numwait
[32m(release)[0m> from
[32m(release)[0m> 	supplier,
[32m(release)[0m> 	lineitem l1,
[32m(release)[0m> 	orders,
[32m(release)[0m> 	nation
[32m(release)[0m> where
[32m(release)[0m> 	s_suppkey = l1.l_suppkey
[32m(release)[0m> 	and o_orderkey = l1.l_orderkey
[32m(release)[0m> 	and o_orderstatus = 'F'
[32m(release)[0m> 	and l1.l_receiptdate > l1.l_commitdate
[32m(release)[0m> 	and exists (
[32m(release)[0m> 		select
[32m(release)[0m> 			*
[32m(release)[0m> 		from
[32m(release)[0m> 			lineitem l2
[32m(release)[0m> 		where
[32m(release)[0m> 			l2.l_orderkey = l1.l_orderkey
[32m(release)[0m> 			and l2.l_suppkey <> l1.l_suppkey
[32m(release)[0m> 	)
[32m(release)[0m> 	and not exists (
[32m(release)[0m> 		select
[32m(release)[0m> 			*
[32m(release)[0m> 		from
[32m(release)[0m> 			lineitem l3
[32m(release)[0m> 		where
[32m(release)[0m> 			l3.l_orderkey = l1.l_orderkey
[32m(release)[0m> 			and l3.l_suppkey <> l1.l_suppkey
[32m(release)[0m> 			and l3.l_receiptdate > l3.l_commitdate
[32m(release)[0m> 	)
[32m(release)[0m> 	and s_nationkey = n_nationkey
[32m(release)[0m> 	and n_name = 'SAUDI ARABIA'
[32m(release)[0m> group by
[32m(release)[0m> 	s_name
[32m(release)[0m> order by
[32m(release)[0m> 	numwait desc,
[32m(release)[0m> 	s_name;
VmRSS Change: 1200 KB
===
19930 rows total
Execution info: [PARSE: 75 µs 269 ns, SQL TRANSLATE: 325 µs 276 ns, OPTIMIZE: 10 ms 733 µs, LQP TRANSLATE: 275 µs 287 ns, EXECUTE: 6 s 111 ms (wall time) | QUERY PLAN CACHE HITS: 0/1 statement(s)]
After reset, table use_count: 2
WARNING: Table still has 1 other owner(s) after pipeline reset!
Executing script file done
$:hsh clear_plan_caches
Cleared PQP and LQP caches
$:hsh clear_pipeline
Released last SQLPipeline
$:hsh reset_exec_pools
Reset execution pools (2, 3) bump pointers to start
$:hsh mem_usage
------------------------------------------
Memory Usage Statistics:
VmSize:	328142280 kB
VmRSS:	93007024 kB
1: MemResourceStatus {MigratedColumnsAggregate,18446744073709551615,63541608448,52888587462,0,0,1,N/A}
MemResourceStatus {NumaMonotonicResource,3,53687091200,0,0,0,1,0}
MemResourceStatus {NumaMonotonicResource,2,53687091200,0,0,0,0,0}
0: MemResourceStatus {MemManagerAggregate,18446744073709551615,53687091200,0,0,0,0,N/A}
1: MemResourceStatus {MemManagerAggregate,18446744073709551615,53687091200,0,0,0,1,N/A}
MemResourceStatus {DefaultResource,18446744073709551615,18446744073709551615,18446744071318973865,60530953333,0,-1,N/A}
Quick Memory Usage Overview:
Used Capacity: 0, 52888587462
------------------------------------------
Label set to d53687091200_tf1000000000000_q22
$:hsh clear_plan_caches
Cleared PQP and LQP caches
$:hsh clear_pipeline
Released last SQLPipeline
$:hsh reset_exec_pools
Reset execution pools (2, 3) bump pointers to start
$:hsh mem_usage
------------------------------------------
Memory Usage Statistics:
VmSize:	328142280 kB
VmRSS:	93007024 kB
1: MemResourceStatus {MigratedColumnsAggregate,18446744073709551615,63541608448,52888587462,0,0,1,N/A}
MemResourceStatus {NumaMonotonicResource,3,53687091200,0,0,0,1,0}
MemResourceStatus {NumaMonotonicResource,2,53687091200,0,0,0,0,0}
0: MemResourceStatus {MemManagerAggregate,18446744073709551615,53687091200,0,0,0,0,N/A}
1: MemResourceStatus {MemManagerAggregate,18446744073709551615,53687091200,0,0,0,1,N/A}
MemResourceStatus {DefaultResource,18446744073709551615,18446744073709551615,18446744071318973865,60530953333,0,-1,N/A}
Quick Memory Usage Overview:
Used Capacity: 0, 52888587462
------------------------------------------
Executing script file: /home/umeshsum/tpch_queries/22.sql
[32m(release)[0m> select
[32m(release)[0m> 	cntrycode,
[32m(release)[0m> 	count(*) as numcust,
[32m(release)[0m> 	sum(c_acctbal) as totacctbal
[32m(release)[0m> from
[32m(release)[0m> 	(
[32m(release)[0m> 		select
[32m(release)[0m> 			substring(c_phone, 1, 2) as cntrycode,
[32m(release)[0m> 			c_acctbal
[32m(release)[0m> 		from
[32m(release)[0m> 			customer
[32m(release)[0m> 		where
[32m(release)[0m> 			substring(c_phone, 1, 2) in
[32m(release)[0m> 				('13', '31', '23', '29', '30', '18', '17')
[32m(release)[0m> 			and c_acctbal > (
[32m(release)[0m> 				select
[32m(release)[0m> 					avg(c_acctbal)
[32m(release)[0m> 				from
[32m(release)[0m> 					customer
[32m(release)[0m> 				where
[32m(release)[0m> 					c_acctbal > 0.00
[32m(release)[0m> 					and substring(c_phone, 1, 2) in
[32m(release)[0m> 						('13', '31', '23', '29', '30', '18', '17')
[32m(release)[0m> 			)
[32m(release)[0m> 			and not exists (
[32m(release)[0m> 				select
[32m(release)[0m> 					*
[32m(release)[0m> 				from
[32m(release)[0m> 					orders
[32m(release)[0m> 				where
[32m(release)[0m> 					o_custkey = c_custkey
[32m(release)[0m> 			)
[32m(release)[0m> 	) as custsale
[32m(release)[0m> group by
[32m(release)[0m> 	cntrycode
[32m(release)[0m> order by
[32m(release)[0m> 	cntrycode;
VmRSS Change: 18446744073709551268 KB
===
7 rows total
Execution info: [PARSE: 163 µs 849 ns, SQL TRANSLATE: 231 µs 367 ns, OPTIMIZE: 1 ms 649 µs, LQP TRANSLATE: 147 µs 608 ns, EXECUTE: 723 ms 298 µs (wall time) | QUERY PLAN CACHE HITS: 0/1 statement(s)]
After reset, table use_count: 2
WARNING: Table still has 1 other owner(s) after pipeline reset!
Executing script file done
$:hsh clear_plan_caches
Cleared PQP and LQP caches
$:hsh clear_pipeline
Released last SQLPipeline
$:hsh reset_exec_pools
Reset execution pools (2, 3) bump pointers to start
$:hsh mem_usage
------------------------------------------
Memory Usage Statistics:
VmSize:	328142280 kB
VmRSS:	93006076 kB
1: MemResourceStatus {MigratedColumnsAggregate,18446744073709551615,63541608448,52888587462,0,0,1,N/A}
MemResourceStatus {NumaMonotonicResource,3,53687091200,0,0,0,1,0}
MemResourceStatus {NumaMonotonicResource,2,53687091200,0,0,0,0,0}
0: MemResourceStatus {MemManagerAggregate,18446744073709551615,53687091200,0,0,0,0,N/A}
1: MemResourceStatus {MemManagerAggregate,18446744073709551615,53687091200,0,0,0,1,N/A}
MemResourceStatus {DefaultResource,18446744073709551615,18446744073709551615,18446744071318973865,60530953333,0,-1,N/A}
Quick Memory Usage Overview:
Used Capacity: 0, 52888587462
------------------------------------------
Executing script file: /home/umeshsum/tpch_queries/22.sql
[32m(release)[0m> select
[32m(release)[0m> 	cntrycode,
[32m(release)[0m> 	count(*) as numcust,
[32m(release)[0m> 	sum(c_acctbal) as totacctbal
[32m(release)[0m> from
[32m(release)[0m> 	(
[32m(release)[0m> 		select
[32m(release)[0m> 			substring(c_phone, 1, 2) as cntrycode,
[32m(release)[0m> 			c_acctbal
[32m(release)[0m> 		from
[32m(release)[0m> 			customer
[32m(release)[0m> 		where
[32m(release)[0m> 			substring(c_phone, 1, 2) in
[32m(release)[0m> 				('13', '31', '23', '29', '30', '18', '17')
[32m(release)[0m> 			and c_acctbal > (
[32m(release)[0m> 				select
[32m(release)[0m> 					avg(c_acctbal)
[32m(release)[0m> 				from
[32m(release)[0m> 					customer
[32m(release)[0m> 				where
[32m(release)[0m> 					c_acctbal > 0.00
[32m(release)[0m> 					and substring(c_phone, 1, 2) in
[32m(release)[0m> 						('13', '31', '23', '29', '30', '18', '17')
[32m(release)[0m> 			)
[32m(release)[0m> 			and not exists (
[32m(release)[0m> 				select
[32m(release)[0m> 					*
[32m(release)[0m> 				from
[32m(release)[0m> 					orders
[32m(release)[0m> 				where
[32m(release)[0m> 					o_custkey = c_custkey
[32m(release)[0m> 			)
[32m(release)[0m> 	) as custsale
[32m(release)[0m> group by
[32m(release)[0m> 	cntrycode
[32m(release)[0m> order by
[32m(release)[0m> 	cntrycode;
VmRSS Change: 18446744073709551056 KB
===
7 rows total
Execution info: [PARSE: 91 µs 369 ns, SQL TRANSLATE: 190 µs 138 ns, OPTIMIZE: 1 ms 441 µs, LQP TRANSLATE: 128 µs 279 ns, EXECUTE: 701 ms 2 µs (wall time) | QUERY PLAN CACHE HITS: 0/1 statement(s)]
After reset, table use_count: 2
WARNING: Table still has 1 other owner(s) after pipeline reset!
Executing script file done
$:hsh clear_plan_caches
Cleared PQP and LQP caches
$:hsh clear_pipeline
Released last SQLPipeline
$:hsh reset_exec_pools
Reset execution pools (2, 3) bump pointers to start
$:hsh mem_usage
------------------------------------------
Memory Usage Statistics:
VmSize:	328142280 kB
VmRSS:	93005516 kB
1: MemResourceStatus {MigratedColumnsAggregate,18446744073709551615,63541608448,52888587462,0,0,1,N/A}
MemResourceStatus {NumaMonotonicResource,3,53687091200,0,0,0,1,0}
MemResourceStatus {NumaMonotonicResource,2,53687091200,0,0,0,0,0}
0: MemResourceStatus {MemManagerAggregate,18446744073709551615,53687091200,0,0,0,0,N/A}
1: MemResourceStatus {MemManagerAggregate,18446744073709551615,53687091200,0,0,0,1,N/A}
MemResourceStatus {DefaultResource,18446744073709551615,18446744073709551615,18446744071318973865,60530953333,0,-1,N/A}
Quick Memory Usage Overview:
Used Capacity: 0, 52888587462
------------------------------------------
Executing script file: /home/umeshsum/tpch_queries/22.sql
[32m(release)[0m> select
[32m(release)[0m> 	cntrycode,
[32m(release)[0m> 	count(*) as numcust,
[32m(release)[0m> 	sum(c_acctbal) as totacctbal
[32m(release)[0m> from
[32m(release)[0m> 	(
[32m(release)[0m> 		select
[32m(release)[0m> 			substring(c_phone, 1, 2) as cntrycode,
[32m(release)[0m> 			c_acctbal
[32m(release)[0m> 		from
[32m(release)[0m> 			customer
[32m(release)[0m> 		where
[32m(release)[0m> 			substring(c_phone, 1, 2) in
[32m(release)[0m> 				('13', '31', '23', '29', '30', '18', '17')
[32m(release)[0m> 			and c_acctbal > (
[32m(release)[0m> 				select
[32m(release)[0m> 					avg(c_acctbal)
[32m(release)[0m> 				from
[32m(release)[0m> 					customer
[32m(release)[0m> 				where
[32m(release)[0m> 					c_acctbal > 0.00
[32m(release)[0m> 					and substring(c_phone, 1, 2) in
[32m(release)[0m> 						('13', '31', '23', '29', '30', '18', '17')
[32m(release)[0m> 			)
[32m(release)[0m> 			and not exists (
[32m(release)[0m> 				select
[32m(release)[0m> 					*
[32m(release)[0m> 				from
[32m(release)[0m> 					orders
[32m(release)[0m> 				where
[32m(release)[0m> 					o_custkey = c_custkey
[32m(release)[0m> 			)
[32m(release)[0m> 	) as custsale
[32m(release)[0m> group by
[32m(release)[0m> 	cntrycode
[32m(release)[0m> order by
[32m(release)[0m> 	cntrycode;
VmRSS Change: 18446744073709551268 KB
===
7 rows total
Execution info: [PARSE: 80 µs 329 ns, SQL TRANSLATE: 204 µs 578 ns, OPTIMIZE: 1 ms 430 µs, LQP TRANSLATE: 126 µs 219 ns, EXECUTE: 696 ms 846 µs (wall time) | QUERY PLAN CACHE HITS: 0/1 statement(s)]
After reset, table use_count: 2
WARNING: Table still has 1 other owner(s) after pipeline reset!
Executing script file done
$:hsh clear_plan_caches
Cleared PQP and LQP caches
$:hsh clear_pipeline
Released last SQLPipeline
$:hsh reset_exec_pools
Reset execution pools (2, 3) bump pointers to start
$:hsh mem_usage
------------------------------------------
Memory Usage Statistics:
VmSize:	328142280 kB
VmRSS:	93005160 kB
1: MemResourceStatus {MigratedColumnsAggregate,18446744073709551615,63541608448,52888587462,0,0,1,N/A}
MemResourceStatus {NumaMonotonicResource,3,53687091200,0,0,0,1,0}
MemResourceStatus {NumaMonotonicResource,2,53687091200,0,0,0,0,0}
0: MemResourceStatus {MemManagerAggregate,18446744073709551615,53687091200,0,0,0,0,N/A}
1: MemResourceStatus {MemManagerAggregate,18446744073709551615,53687091200,0,0,0,1,N/A}
MemResourceStatus {DefaultResource,18446744073709551615,18446744073709551615,18446744071318973865,60530953333,0,-1,N/A}
Quick Memory Usage Overview:
Used Capacity: 0, 52888587462
------------------------------------------
Executing script file: /home/umeshsum/tpch_queries/22.sql
[32m(release)[0m> select
[32m(release)[0m> 	cntrycode,
[32m(release)[0m> 	count(*) as numcust,
[32m(release)[0m> 	sum(c_acctbal) as totacctbal
[32m(release)[0m> from
[32m(release)[0m> 	(
[32m(release)[0m> 		select
[32m(release)[0m> 			substring(c_phone, 1, 2) as cntrycode,
[32m(release)[0m> 			c_acctbal
[32m(release)[0m> 		from
[32m(release)[0m> 			customer
[32m(release)[0m> 		where
[32m(release)[0m> 			substring(c_phone, 1, 2) in
[32m(release)[0m> 				('13', '31', '23', '29', '30', '18', '17')
[32m(release)[0m> 			and c_acctbal > (
[32m(release)[0m> 				select
[32m(release)[0m> 					avg(c_acctbal)
[32m(release)[0m> 				from
[32m(release)[0m> 					customer
[32m(release)[0m> 				where
[32m(release)[0m> 					c_acctbal > 0.00
[32m(release)[0m> 					and substring(c_phone, 1, 2) in
[32m(release)[0m> 						('13', '31', '23', '29', '30', '18', '17')
[32m(release)[0m> 			)
[32m(release)[0m> 			and not exists (
[32m(release)[0m> 				select
[32m(release)[0m> 					*
[32m(release)[0m> 				from
[32m(release)[0m> 					orders
[32m(release)[0m> 				where
[32m(release)[0m> 					o_custkey = c_custkey
[32m(release)[0m> 			)
[32m(release)[0m> 	) as custsale
[32m(release)[0m> group by
[32m(release)[0m> 	cntrycode
[32m(release)[0m> order by
[32m(release)[0m> 	cntrycode;
VmRSS Change: 18446744073709551032 KB
===
7 rows total
Execution info: [PARSE: 81 µs 219 ns, SQL TRANSLATE: 191 µs 708 ns, OPTIMIZE: 1 ms 415 µs, LQP TRANSLATE: 138 µs 849 ns, EXECUTE: 706 ms 97 µs (wall time) | QUERY PLAN CACHE HITS: 0/1 statement(s)]
After reset, table use_count: 2
WARNING: Table still has 1 other owner(s) after pipeline reset!
Executing script file done
$:hsh clear_plan_caches
Cleared PQP and LQP caches
$:hsh clear_pipeline
Released last SQLPipeline
$:hsh reset_exec_pools
Reset execution pools (2, 3) bump pointers to start
$:hsh mem_usage
------------------------------------------
Memory Usage Statistics:
VmSize:	328142280 kB
VmRSS:	93004576 kB
1: MemResourceStatus {MigratedColumnsAggregate,18446744073709551615,63541608448,52888587462,0,0,1,N/A}
MemResourceStatus {NumaMonotonicResource,3,53687091200,0,0,0,1,0}
MemResourceStatus {NumaMonotonicResource,2,53687091200,0,0,0,0,0}
0: MemResourceStatus {MemManagerAggregate,18446744073709551615,53687091200,0,0,0,0,N/A}
1: MemResourceStatus {MemManagerAggregate,18446744073709551615,53687091200,0,0,0,1,N/A}
MemResourceStatus {DefaultResource,18446744073709551615,18446744073709551615,18446744071318973865,60530953333,0,-1,N/A}
Quick Memory Usage Overview:
Used Capacity: 0, 52888587462
------------------------------------------
Executing script file: /home/umeshsum/tpch_queries/22.sql
[32m(release)[0m> select
[32m(release)[0m> 	cntrycode,
[32m(release)[0m> 	count(*) as numcust,
[32m(release)[0m> 	sum(c_acctbal) as totacctbal
[32m(release)[0m> from
[32m(release)[0m> 	(
[32m(release)[0m> 		select
[32m(release)[0m> 			substring(c_phone, 1, 2) as cntrycode,
[32m(release)[0m> 			c_acctbal
[32m(release)[0m> 		from
[32m(release)[0m> 			customer
[32m(release)[0m> 		where
[32m(release)[0m> 			substring(c_phone, 1, 2) in
[32m(release)[0m> 				('13', '31', '23', '29', '30', '18', '17')
[32m(release)[0m> 			and c_acctbal > (
[32m(release)[0m> 				select
[32m(release)[0m> 					avg(c_acctbal)
[32m(release)[0m> 				from
[32m(release)[0m> 					customer
[32m(release)[0m> 				where
[32m(release)[0m> 					c_acctbal > 0.00
[32m(release)[0m> 					and substring(c_phone, 1, 2) in
[32m(release)[0m> 						('13', '31', '23', '29', '30', '18', '17')
[32m(release)[0m> 			)
[32m(release)[0m> 			and not exists (
[32m(release)[0m> 				select
[32m(release)[0m> 					*
[32m(release)[0m> 				from
[32m(release)[0m> 					orders
[32m(release)[0m> 				where
[32m(release)[0m> 					o_custkey = c_custkey
[32m(release)[0m> 			)
[32m(release)[0m> 	) as custsale
[32m(release)[0m> group by
[32m(release)[0m> 	cntrycode
[32m(release)[0m> order by
[32m(release)[0m> 	cntrycode;
VmRSS Change: 18446744073709551604 KB
===
7 rows total
Execution info: [PARSE: 80 µs 539 ns, SQL TRANSLATE: 191 µs 458 ns, OPTIMIZE: 1 ms 416 µs, LQP TRANSLATE: 125 µs 779 ns, EXECUTE: 690 ms 740 µs (wall time) | QUERY PLAN CACHE HITS: 0/1 statement(s)]
After reset, table use_count: 2
WARNING: Table still has 1 other owner(s) after pipeline reset!
Executing script file done
$:hsh clear_plan_caches
Cleared PQP and LQP caches
$:hsh clear_pipeline
Released last SQLPipeline
$:hsh reset_exec_pools
Reset execution pools (2, 3) bump pointers to start
$:hsh mem_usage
------------------------------------------
Memory Usage Statistics:
VmSize:	328142280 kB
VmRSS:	93004564 kB
1: MemResourceStatus {MigratedColumnsAggregate,18446744073709551615,63541608448,52888587462,0,0,1,N/A}
MemResourceStatus {NumaMonotonicResource,3,53687091200,0,0,0,1,0}
MemResourceStatus {NumaMonotonicResource,2,53687091200,0,0,0,0,0}
0: MemResourceStatus {MemManagerAggregate,18446744073709551615,53687091200,0,0,0,0,N/A}
1: MemResourceStatus {MemManagerAggregate,18446744073709551615,53687091200,0,0,0,1,N/A}
MemResourceStatus {DefaultResource,18446744073709551615,18446744073709551615,18446744071318973865,60530953333,0,-1,N/A}
Quick Memory Usage Overview:
Used Capacity: 0, 52888587462
------------------------------------------
Executing script file: /home/umeshsum/tpch_queries/22.sql
[32m(release)[0m> select
[32m(release)[0m> 	cntrycode,
[32m(release)[0m> 	count(*) as numcust,
[32m(release)[0m> 	sum(c_acctbal) as totacctbal
[32m(release)[0m> from
[32m(release)[0m> 	(
[32m(release)[0m> 		select
[32m(release)[0m> 			substring(c_phone, 1, 2) as cntrycode,
[32m(release)[0m> 			c_acctbal
[32m(release)[0m> 		from
[32m(release)[0m> 			customer
[32m(release)[0m> 		where
[32m(release)[0m> 			substring(c_phone, 1, 2) in
[32m(release)[0m> 				('13', '31', '23', '29', '30', '18', '17')
[32m(release)[0m> 			and c_acctbal > (
[32m(release)[0m> 				select
[32m(release)[0m> 					avg(c_acctbal)
[32m(release)[0m> 				from
[32m(release)[0m> 					customer
[32m(release)[0m> 				where
[32m(release)[0m> 					c_acctbal > 0.00
[32m(release)[0m> 					and substring(c_phone, 1, 2) in
[32m(release)[0m> 						('13', '31', '23', '29', '30', '18', '17')
[32m(release)[0m> 			)
[32m(release)[0m> 			and not exists (
[32m(release)[0m> 				select
[32m(release)[0m> 					*
[32m(release)[0m> 				from
[32m(release)[0m> 					orders
[32m(release)[0m> 				where
[32m(release)[0m> 					o_custkey = c_custkey
[32m(release)[0m> 			)
[32m(release)[0m> 	) as custsale
[32m(release)[0m> group by
[32m(release)[0m> 	cntrycode
[32m(release)[0m> order by
[32m(release)[0m> 	cntrycode;
VmRSS Change: 18446744073709551332 KB
===
7 rows total
Execution info: [PARSE: 120 µs 388 ns, SQL TRANSLATE: 192 µs 678 ns, OPTIMIZE: 1 ms 432 µs, LQP TRANSLATE: 126 µs 689 ns, EXECUTE: 707 ms 718 µs (wall time) | QUERY PLAN CACHE HITS: 0/1 statement(s)]
After reset, table use_count: 2
WARNING: Table still has 1 other owner(s) after pipeline reset!
Executing script file done
$:hsh clear_plan_caches
Cleared PQP and LQP caches
$:hsh clear_pipeline
Released last SQLPipeline
$:hsh reset_exec_pools
Reset execution pools (2, 3) bump pointers to start
$:hsh mem_usage
------------------------------------------
Memory Usage Statistics:
VmSize:	328142280 kB
VmRSS:	93004284 kB
1: MemResourceStatus {MigratedColumnsAggregate,18446744073709551615,63541608448,52888587462,0,0,1,N/A}
MemResourceStatus {NumaMonotonicResource,3,53687091200,0,0,0,1,0}
MemResourceStatus {NumaMonotonicResource,2,53687091200,0,0,0,0,0}
0: MemResourceStatus {MemManagerAggregate,18446744073709551615,53687091200,0,0,0,0,N/A}
1: MemResourceStatus {MemManagerAggregate,18446744073709551615,53687091200,0,0,0,1,N/A}
MemResourceStatus {DefaultResource,18446744073709551615,18446744073709551615,18446744071318973865,60530953333,0,-1,N/A}
Quick Memory Usage Overview:
Used Capacity: 0, 52888587462
------------------------------------------
Executing script file: /home/umeshsum/tpch_queries/22.sql
[32m(release)[0m> select
[32m(release)[0m> 	cntrycode,
[32m(release)[0m> 	count(*) as numcust,
[32m(release)[0m> 	sum(c_acctbal) as totacctbal
[32m(release)[0m> from
[32m(release)[0m> 	(
[32m(release)[0m> 		select
[32m(release)[0m> 			substring(c_phone, 1, 2) as cntrycode,
[32m(release)[0m> 			c_acctbal
[32m(release)[0m> 		from
[32m(release)[0m> 			customer
[32m(release)[0m> 		where
[32m(release)[0m> 			substring(c_phone, 1, 2) in
[32m(release)[0m> 				('13', '31', '23', '29', '30', '18', '17')
[32m(release)[0m> 			and c_acctbal > (
[32m(release)[0m> 				select
[32m(release)[0m> 					avg(c_acctbal)
[32m(release)[0m> 				from
[32m(release)[0m> 					customer
[32m(release)[0m> 				where
[32m(release)[0m> 					c_acctbal > 0.00
[32m(release)[0m> 					and substring(c_phone, 1, 2) in
[32m(release)[0m> 						('13', '31', '23', '29', '30', '18', '17')
[32m(release)[0m> 			)
[32m(release)[0m> 			and not exists (
[32m(release)[0m> 				select
[32m(release)[0m> 					*
[32m(release)[0m> 				from
[32m(release)[0m> 					orders
[32m(release)[0m> 				where
[32m(release)[0m> 					o_custkey = c_custkey
[32m(release)[0m> 			)
[32m(release)[0m> 	) as custsale
[32m(release)[0m> group by
[32m(release)[0m> 	cntrycode
[32m(release)[0m> order by
[32m(release)[0m> 	cntrycode;
VmRSS Change: 18446744073709551100 KB
===
7 rows total
Execution info: [PARSE: 82 µs 89 ns, SQL TRANSLATE: 201 µs 588 ns, OPTIMIZE: 1 ms 410 µs, LQP TRANSLATE: 126 µs 189 ns, EXECUTE: 704 ms 327 µs (wall time) | QUERY PLAN CACHE HITS: 0/1 statement(s)]
After reset, table use_count: 2
WARNING: Table still has 1 other owner(s) after pipeline reset!
Executing script file done
$:hsh clear_plan_caches
Cleared PQP and LQP caches
$:hsh clear_pipeline
Released last SQLPipeline
$:hsh reset_exec_pools
Reset execution pools (2, 3) bump pointers to start
$:hsh mem_usage
------------------------------------------
Memory Usage Statistics:
VmSize:	328142280 kB
VmRSS:	93003768 kB
1: MemResourceStatus {MigratedColumnsAggregate,18446744073709551615,63541608448,52888587462,0,0,1,N/A}
MemResourceStatus {NumaMonotonicResource,3,53687091200,0,0,0,1,0}
MemResourceStatus {NumaMonotonicResource,2,53687091200,0,0,0,0,0}
0: MemResourceStatus {MemManagerAggregate,18446744073709551615,53687091200,0,0,0,0,N/A}
1: MemResourceStatus {MemManagerAggregate,18446744073709551615,53687091200,0,0,0,1,N/A}
MemResourceStatus {DefaultResource,18446744073709551615,18446744073709551615,18446744071318973865,60530953333,0,-1,N/A}
Quick Memory Usage Overview:
Used Capacity: 0, 52888587462
------------------------------------------
Executing script file: /home/umeshsum/tpch_queries/22.sql
[32m(release)[0m> select
[32m(release)[0m> 	cntrycode,
[32m(release)[0m> 	count(*) as numcust,
[32m(release)[0m> 	sum(c_acctbal) as totacctbal
[32m(release)[0m> from
[32m(release)[0m> 	(
[32m(release)[0m> 		select
[32m(release)[0m> 			substring(c_phone, 1, 2) as cntrycode,
[32m(release)[0m> 			c_acctbal
[32m(release)[0m> 		from
[32m(release)[0m> 			customer
[32m(release)[0m> 		where
[32m(release)[0m> 			substring(c_phone, 1, 2) in
[32m(release)[0m> 				('13', '31', '23', '29', '30', '18', '17')
[32m(release)[0m> 			and c_acctbal > (
[32m(release)[0m> 				select
[32m(release)[0m> 					avg(c_acctbal)
[32m(release)[0m> 				from
[32m(release)[0m> 					customer
[32m(release)[0m> 				where
[32m(release)[0m> 					c_acctbal > 0.00
[32m(release)[0m> 					and substring(c_phone, 1, 2) in
[32m(release)[0m> 						('13', '31', '23', '29', '30', '18', '17')
[32m(release)[0m> 			)
[32m(release)[0m> 			and not exists (
[32m(release)[0m> 				select
[32m(release)[0m> 					*
[32m(release)[0m> 				from
[32m(release)[0m> 					orders
[32m(release)[0m> 				where
[32m(release)[0m> 					o_custkey = c_custkey
[32m(release)[0m> 			)
[32m(release)[0m> 	) as custsale
[32m(release)[0m> group by
[32m(release)[0m> 	cntrycode
[32m(release)[0m> order by
[32m(release)[0m> 	cntrycode;
VmRSS Change: 88 KB
===
7 rows total
Execution info: [PARSE: 81 µs 49 ns, SQL TRANSLATE: 190 µs 518 ns, OPTIMIZE: 1 ms 415 µs, LQP TRANSLATE: 126 µs 109 ns, EXECUTE: 716 ms 455 µs (wall time) | QUERY PLAN CACHE HITS: 0/1 statement(s)]
After reset, table use_count: 2
WARNING: Table still has 1 other owner(s) after pipeline reset!
Executing script file done
$:hsh clear_plan_caches
Cleared PQP and LQP caches
$:hsh clear_pipeline
Released last SQLPipeline
$:hsh reset_exec_pools
Reset execution pools (2, 3) bump pointers to start
$:hsh mem_usage
------------------------------------------
Memory Usage Statistics:
VmSize:	328142280 kB
VmRSS:	93003856 kB
1: MemResourceStatus {MigratedColumnsAggregate,18446744073709551615,63541608448,52888587462,0,0,1,N/A}
MemResourceStatus {NumaMonotonicResource,3,53687091200,0,0,0,1,0}
MemResourceStatus {NumaMonotonicResource,2,53687091200,0,0,0,0,0}
0: MemResourceStatus {MemManagerAggregate,18446744073709551615,53687091200,0,0,0,0,N/A}
1: MemResourceStatus {MemManagerAggregate,18446744073709551615,53687091200,0,0,0,1,N/A}
MemResourceStatus {DefaultResource,18446744073709551615,18446744073709551615,18446744071318973865,60530953333,0,-1,N/A}
Quick Memory Usage Overview:
Used Capacity: 0, 52888587462
------------------------------------------
Executing script file: /home/umeshsum/tpch_queries/22.sql
[32m(release)[0m> select
[32m(release)[0m> 	cntrycode,
[32m(release)[0m> 	count(*) as numcust,
[32m(release)[0m> 	sum(c_acctbal) as totacctbal
[32m(release)[0m> from
[32m(release)[0m> 	(
[32m(release)[0m> 		select
[32m(release)[0m> 			substring(c_phone, 1, 2) as cntrycode,
[32m(release)[0m> 			c_acctbal
[32m(release)[0m> 		from
[32m(release)[0m> 			customer
[32m(release)[0m> 		where
[32m(release)[0m> 			substring(c_phone, 1, 2) in
[32m(release)[0m> 				('13', '31', '23', '29', '30', '18', '17')
[32m(release)[0m> 			and c_acctbal > (
[32m(release)[0m> 				select
[32m(release)[0m> 					avg(c_acctbal)
[32m(release)[0m> 				from
[32m(release)[0m> 					customer
[32m(release)[0m> 				where
[32m(release)[0m> 					c_acctbal > 0.00
[32m(release)[0m> 					and substring(c_phone, 1, 2) in
[32m(release)[0m> 						('13', '31', '23', '29', '30', '18', '17')
[32m(release)[0m> 			)
[32m(release)[0m> 			and not exists (
[32m(release)[0m> 				select
[32m(release)[0m> 					*
[32m(release)[0m> 				from
[32m(release)[0m> 					orders
[32m(release)[0m> 				where
[32m(release)[0m> 					o_custkey = c_custkey
[32m(release)[0m> 			)
[32m(release)[0m> 	) as custsale
[32m(release)[0m> group by
[32m(release)[0m> 	cntrycode
[32m(release)[0m> order by
[32m(release)[0m> 	cntrycode;
VmRSS Change: 76 KB
===
7 rows total
Execution info: [PARSE: 80 µs 679 ns, SQL TRANSLATE: 191 µs 568 ns, OPTIMIZE: 1 ms 410 µs, LQP TRANSLATE: 125 µs 488 ns, EXECUTE: 700 ms 345 µs (wall time) | QUERY PLAN CACHE HITS: 0/1 statement(s)]
After reset, table use_count: 2
WARNING: Table still has 1 other owner(s) after pipeline reset!
Executing script file done
$:hsh clear_plan_caches
Cleared PQP and LQP caches
$:hsh clear_pipeline
Released last SQLPipeline
$:hsh reset_exec_pools
Reset execution pools (2, 3) bump pointers to start
$:hsh mem_usage
------------------------------------------
Memory Usage Statistics:
VmSize:	328142280 kB
VmRSS:	93003932 kB
1: MemResourceStatus {MigratedColumnsAggregate,18446744073709551615,63541608448,52888587462,0,0,1,N/A}
MemResourceStatus {NumaMonotonicResource,3,53687091200,0,0,0,1,0}
MemResourceStatus {NumaMonotonicResource,2,53687091200,0,0,0,0,0}
0: MemResourceStatus {MemManagerAggregate,18446744073709551615,53687091200,0,0,0,0,N/A}
1: MemResourceStatus {MemManagerAggregate,18446744073709551615,53687091200,0,0,0,1,N/A}
MemResourceStatus {DefaultResource,18446744073709551615,18446744073709551615,18446744071318973865,60530953333,0,-1,N/A}
Quick Memory Usage Overview:
Used Capacity: 0, 52888587462
------------------------------------------
Executing script file: /home/umeshsum/tpch_queries/22.sql
[32m(release)[0m> select
[32m(release)[0m> 	cntrycode,
[32m(release)[0m> 	count(*) as numcust,
[32m(release)[0m> 	sum(c_acctbal) as totacctbal
[32m(release)[0m> from
[32m(release)[0m> 	(
[32m(release)[0m> 		select
[32m(release)[0m> 			substring(c_phone, 1, 2) as cntrycode,
[32m(release)[0m> 			c_acctbal
[32m(release)[0m> 		from
[32m(release)[0m> 			customer
[32m(release)[0m> 		where
[32m(release)[0m> 			substring(c_phone, 1, 2) in
[32m(release)[0m> 				('13', '31', '23', '29', '30', '18', '17')
[32m(release)[0m> 			and c_acctbal > (
[32m(release)[0m> 				select
[32m(release)[0m> 					avg(c_acctbal)
[32m(release)[0m> 				from
[32m(release)[0m> 					customer
[32m(release)[0m> 				where
[32m(release)[0m> 					c_acctbal > 0.00
[32m(release)[0m> 					and substring(c_phone, 1, 2) in
[32m(release)[0m> 						('13', '31', '23', '29', '30', '18', '17')
[32m(release)[0m> 			)
[32m(release)[0m> 			and not exists (
[32m(release)[0m> 				select
[32m(release)[0m> 					*
[32m(release)[0m> 				from
[32m(release)[0m> 					orders
[32m(release)[0m> 				where
[32m(release)[0m> 					o_custkey = c_custkey
[32m(release)[0m> 			)
[32m(release)[0m> 	) as custsale
[32m(release)[0m> group by
[32m(release)[0m> 	cntrycode
[32m(release)[0m> order by
[32m(release)[0m> 	cntrycode;
VmRSS Change: 18446744073709551276 KB
===
7 rows total
Execution info: [PARSE: 80 µs 450 ns, SQL TRANSLATE: 191 µs 938 ns, OPTIMIZE: 1 ms 417 µs, LQP TRANSLATE: 159 µs 379 ns, EXECUTE: 699 ms 178 µs (wall time) | QUERY PLAN CACHE HITS: 0/1 statement(s)]
After reset, table use_count: 2
WARNING: Table still has 1 other owner(s) after pipeline reset!
Executing script file done
$:hsh clear_plan_caches
Cleared PQP and LQP caches
$:hsh clear_pipeline
Released last SQLPipeline
$:hsh reset_exec_pools
Reset execution pools (2, 3) bump pointers to start
$:hsh mem_usage
------------------------------------------
Memory Usage Statistics:
VmSize:	328142280 kB
VmRSS:	93003596 kB
1: MemResourceStatus {MigratedColumnsAggregate,18446744073709551615,63541608448,52888587462,0,0,1,N/A}
MemResourceStatus {NumaMonotonicResource,3,53687091200,0,0,0,1,0}
MemResourceStatus {NumaMonotonicResource,2,53687091200,0,0,0,0,0}
0: MemResourceStatus {MemManagerAggregate,18446744073709551615,53687091200,0,0,0,0,N/A}
1: MemResourceStatus {MemManagerAggregate,18446744073709551615,53687091200,0,0,0,1,N/A}
MemResourceStatus {DefaultResource,18446744073709551615,18446744073709551615,18446744071318973865,60530953333,0,-1,N/A}
Quick Memory Usage Overview:
Used Capacity: 0, 52888587462
------------------------------------------
Label set to d53687091200_tf1000000000000_q2
$:hsh clear_plan_caches
Cleared PQP and LQP caches
$:hsh clear_pipeline
Released last SQLPipeline
$:hsh reset_exec_pools
Reset execution pools (2, 3) bump pointers to start
$:hsh mem_usage
------------------------------------------
Memory Usage Statistics:
VmSize:	328142280 kB
VmRSS:	93003596 kB
1: MemResourceStatus {MigratedColumnsAggregate,18446744073709551615,63541608448,52888587462,0,0,1,N/A}
MemResourceStatus {NumaMonotonicResource,3,53687091200,0,0,0,1,0}
MemResourceStatus {NumaMonotonicResource,2,53687091200,0,0,0,0,0}
0: MemResourceStatus {MemManagerAggregate,18446744073709551615,53687091200,0,0,0,0,N/A}
1: MemResourceStatus {MemManagerAggregate,18446744073709551615,53687091200,0,0,0,1,N/A}
MemResourceStatus {DefaultResource,18446744073709551615,18446744073709551615,18446744071318973865,60530953333,0,-1,N/A}
Quick Memory Usage Overview:
Used Capacity: 0, 52888587462
------------------------------------------
Executing script file: /home/umeshsum/tpch_queries/2.sql
[32m(release)[0m> select
[32m(release)[0m> 	s_acctbal,
[32m(release)[0m> 	s_name,
[32m(release)[0m> 	n_name,
[32m(release)[0m> 	p_partkey,
[32m(release)[0m> 	p_mfgr,
[32m(release)[0m> 	s_address,
[32m(release)[0m> 	s_phone,
[32m(release)[0m> 	s_comment
[32m(release)[0m> from
[32m(release)[0m> 	part,
[32m(release)[0m> 	supplier,
[32m(release)[0m> 	partsupp,
[32m(release)[0m> 	nation,
[32m(release)[0m> 	region
[32m(release)[0m> where
[32m(release)[0m> 	p_partkey = ps_partkey
[32m(release)[0m> 	and s_suppkey = ps_suppkey
[32m(release)[0m> 	and p_size = 15
[32m(release)[0m> 	and p_type like '%BRASS'
[32m(release)[0m> 	and s_nationkey = n_nationkey
[32m(release)[0m> 	and n_regionkey = r_regionkey
[32m(release)[0m> 	and r_name = 'EUROPE'
[32m(release)[0m> 	and ps_supplycost = (
[32m(release)[0m> 		select
[32m(release)[0m> 			min(ps_supplycost)
[32m(release)[0m> 		from
[32m(release)[0m> 			partsupp,
[32m(release)[0m> 			supplier,
[32m(release)[0m> 			nation,
[32m(release)[0m> 			region
[32m(release)[0m> 		where
[32m(release)[0m> 			p_partkey = ps_partkey
[32m(release)[0m> 			and s_suppkey = ps_suppkey
[32m(release)[0m> 			and s_nationkey = n_nationkey
[32m(release)[0m> 			and n_regionkey = r_regionkey
[32m(release)[0m> 			and r_name = 'EUROPE'
[32m(release)[0m> 	)
[32m(release)[0m> order by
[32m(release)[0m> 	s_acctbal desc,
[32m(release)[0m> 	n_name,
[32m(release)[0m> 	s_name,
[32m(release)[0m> 	p_partkey;
VmRSS Change: 1304 KB
===
23639 rows total
Execution info: [PARSE: 70 µs 440 ns, SQL TRANSLATE: 265 µs 898 ns, OPTIMIZE: 11 ms 75 µs, LQP TRANSLATE: 351 µs 876 ns, EXECUTE: 92 ms 688 µs (wall time) | QUERY PLAN CACHE HITS: 0/1 statement(s)]
After reset, table use_count: 2
WARNING: Table still has 1 other owner(s) after pipeline reset!
Executing script file done
$:hsh clear_plan_caches
Cleared PQP and LQP caches
$:hsh clear_pipeline
Released last SQLPipeline
$:hsh reset_exec_pools
Reset execution pools (2, 3) bump pointers to start
$:hsh mem_usage
------------------------------------------
Memory Usage Statistics:
VmSize:	328142280 kB
VmRSS:	93004940 kB
1: MemResourceStatus {MigratedColumnsAggregate,18446744073709551615,63541608448,52888587462,0,0,1,N/A}
MemResourceStatus {NumaMonotonicResource,3,53687091200,0,0,0,1,0}
MemResourceStatus {NumaMonotonicResource,2,53687091200,0,0,0,0,0}
0: MemResourceStatus {MemManagerAggregate,18446744073709551615,53687091200,0,0,0,0,N/A}
1: MemResourceStatus {MemManagerAggregate,18446744073709551615,53687091200,0,0,0,1,N/A}
MemResourceStatus {DefaultResource,18446744073709551615,18446744073709551615,18446744071318973865,60530953333,0,-1,N/A}
Quick Memory Usage Overview:
Used Capacity: 0, 52888587462
------------------------------------------
Executing script file: /home/umeshsum/tpch_queries/2.sql
[32m(release)[0m> select
[32m(release)[0m> 	s_acctbal,
[32m(release)[0m> 	s_name,
[32m(release)[0m> 	n_name,
[32m(release)[0m> 	p_partkey,
[32m(release)[0m> 	p_mfgr,
[32m(release)[0m> 	s_address,
[32m(release)[0m> 	s_phone,
[32m(release)[0m> 	s_comment
[32m(release)[0m> from
[32m(release)[0m> 	part,
[32m(release)[0m> 	supplier,
[32m(release)[0m> 	partsupp,
[32m(release)[0m> 	nation,
[32m(release)[0m> 	region
[32m(release)[0m> where
[32m(release)[0m> 	p_partkey = ps_partkey
[32m(release)[0m> 	and s_suppkey = ps_suppkey
[32m(release)[0m> 	and p_size = 15
[32m(release)[0m> 	and p_type like '%BRASS'
[32m(release)[0m> 	and s_nationkey = n_nationkey
[32m(release)[0m> 	and n_regionkey = r_regionkey
[32m(release)[0m> 	and r_name = 'EUROPE'
[32m(release)[0m> 	and ps_supplycost = (
[32m(release)[0m> 		select
[32m(release)[0m> 			min(ps_supplycost)
[32m(release)[0m> 		from
[32m(release)[0m> 			partsupp,
[32m(release)[0m> 			supplier,
[32m(release)[0m> 			nation,
[32m(release)[0m> 			region
[32m(release)[0m> 		where
[32m(release)[0m> 			p_partkey = ps_partkey
[32m(release)[0m> 			and s_suppkey = ps_suppkey
[32m(release)[0m> 			and s_nationkey = n_nationkey
[32m(release)[0m> 			and n_regionkey = r_regionkey
[32m(release)[0m> 			and r_name = 'EUROPE'
[32m(release)[0m> 	)
[32m(release)[0m> order by
[32m(release)[0m> 	s_acctbal desc,
[32m(release)[0m> 	n_name,
[32m(release)[0m> 	s_name,
[32m(release)[0m> 	p_partkey;
VmRSS Change: 720 KB
===
23639 rows total
Execution info: [PARSE: 71 µs 579 ns, SQL TRANSLATE: 248 µs 337 ns, OPTIMIZE: 10 ms 883 µs, LQP TRANSLATE: 325 µs 636 ns, EXECUTE: 91 ms 396 µs (wall time) | QUERY PLAN CACHE HITS: 0/1 statement(s)]
After reset, table use_count: 2
WARNING: Table still has 1 other owner(s) after pipeline reset!
Executing script file done
$:hsh clear_plan_caches
Cleared PQP and LQP caches
$:hsh clear_pipeline
Released last SQLPipeline
$:hsh reset_exec_pools
Reset execution pools (2, 3) bump pointers to start
$:hsh mem_usage
------------------------------------------
Memory Usage Statistics:
VmSize:	328142280 kB
VmRSS:	93005668 kB
1: MemResourceStatus {MigratedColumnsAggregate,18446744073709551615,63541608448,52888587462,0,0,1,N/A}
MemResourceStatus {NumaMonotonicResource,3,53687091200,0,0,0,1,0}
MemResourceStatus {NumaMonotonicResource,2,53687091200,0,0,0,0,0}
0: MemResourceStatus {MemManagerAggregate,18446744073709551615,53687091200,0,0,0,0,N/A}
1: MemResourceStatus {MemManagerAggregate,18446744073709551615,53687091200,0,0,0,1,N/A}
MemResourceStatus {DefaultResource,18446744073709551615,18446744073709551615,18446744071318973865,60530953333,0,-1,N/A}
Quick Memory Usage Overview:
Used Capacity: 0, 52888587462
------------------------------------------
Executing script file: /home/umeshsum/tpch_queries/2.sql
[32m(release)[0m> select
[32m(release)[0m> 	s_acctbal,
[32m(release)[0m> 	s_name,
[32m(release)[0m> 	n_name,
[32m(release)[0m> 	p_partkey,
[32m(release)[0m> 	p_mfgr,
[32m(release)[0m> 	s_address,
[32m(release)[0m> 	s_phone,
[32m(release)[0m> 	s_comment
[32m(release)[0m> from
[32m(release)[0m> 	part,
[32m(release)[0m> 	supplier,
[32m(release)[0m> 	partsupp,
[32m(release)[0m> 	nation,
[32m(release)[0m> 	region
[32m(release)[0m> where
[32m(release)[0m> 	p_partkey = ps_partkey
[32m(release)[0m> 	and s_suppkey = ps_suppkey
[32m(release)[0m> 	and p_size = 15
[32m(release)[0m> 	and p_type like '%BRASS'
[32m(release)[0m> 	and s_nationkey = n_nationkey
[32m(release)[0m> 	and n_regionkey = r_regionkey
[32m(release)[0m> 	and r_name = 'EUROPE'
[32m(release)[0m> 	and ps_supplycost = (
[32m(release)[0m> 		select
[32m(release)[0m> 			min(ps_supplycost)
[32m(release)[0m> 		from
[32m(release)[0m> 			partsupp,
[32m(release)[0m> 			supplier,
[32m(release)[0m> 			nation,
[32m(release)[0m> 			region
[32m(release)[0m> 		where
[32m(release)[0m> 			p_partkey = ps_partkey
[32m(release)[0m> 			and s_suppkey = ps_suppkey
[32m(release)[0m> 			and s_nationkey = n_nationkey
[32m(release)[0m> 			and n_regionkey = r_regionkey
[32m(release)[0m> 			and r_name = 'EUROPE'
[32m(release)[0m> 	)
[32m(release)[0m> order by
[32m(release)[0m> 	s_acctbal desc,
[32m(release)[0m> 	n_name,
[32m(release)[0m> 	s_name,
[32m(release)[0m> 	p_partkey;
VmRSS Change: 564 KB
===
23639 rows total
Execution info: [PARSE: 71 µs 329 ns, SQL TRANSLATE: 249 µs 598 ns, OPTIMIZE: 10 ms 730 µs, LQP TRANSLATE: 332 µs 236 ns, EXECUTE: 92 ms 362 µs (wall time) | QUERY PLAN CACHE HITS: 0/1 statement(s)]
After reset, table use_count: 2
WARNING: Table still has 1 other owner(s) after pipeline reset!
Executing script file done
$:hsh clear_plan_caches
Cleared PQP and LQP caches
$:hsh clear_pipeline
Released last SQLPipeline
$:hsh reset_exec_pools
Reset execution pools (2, 3) bump pointers to start
$:hsh mem_usage
------------------------------------------
Memory Usage Statistics:
VmSize:	328142280 kB
VmRSS:	93006232 kB
1: MemResourceStatus {MigratedColumnsAggregate,18446744073709551615,63541608448,52888587462,0,0,1,N/A}
MemResourceStatus {NumaMonotonicResource,3,53687091200,0,0,0,1,0}
MemResourceStatus {NumaMonotonicResource,2,53687091200,0,0,0,0,0}
0: MemResourceStatus {MemManagerAggregate,18446744073709551615,53687091200,0,0,0,0,N/A}
1: MemResourceStatus {MemManagerAggregate,18446744073709551615,53687091200,0,0,0,1,N/A}
MemResourceStatus {DefaultResource,18446744073709551615,18446744073709551615,18446744071318973865,60530953333,0,-1,N/A}
Quick Memory Usage Overview:
Used Capacity: 0, 52888587462
------------------------------------------
Executing script file: /home/umeshsum/tpch_queries/2.sql
[32m(release)[0m> select
[32m(release)[0m> 	s_acctbal,
[32m(release)[0m> 	s_name,
[32m(release)[0m> 	n_name,
[32m(release)[0m> 	p_partkey,
[32m(release)[0m> 	p_mfgr,
[32m(release)[0m> 	s_address,
[32m(release)[0m> 	s_phone,
[32m(release)[0m> 	s_comment
[32m(release)[0m> from
[32m(release)[0m> 	part,
[32m(release)[0m> 	supplier,
[32m(release)[0m> 	partsupp,
[32m(release)[0m> 	nation,
[32m(release)[0m> 	region
[32m(release)[0m> where
[32m(release)[0m> 	p_partkey = ps_partkey
[32m(release)[0m> 	and s_suppkey = ps_suppkey
[32m(release)[0m> 	and p_size = 15
[32m(release)[0m> 	and p_type like '%BRASS'
[32m(release)[0m> 	and s_nationkey = n_nationkey
[32m(release)[0m> 	and n_regionkey = r_regionkey
[32m(release)[0m> 	and r_name = 'EUROPE'
[32m(release)[0m> 	and ps_supplycost = (
[32m(release)[0m> 		select
[32m(release)[0m> 			min(ps_supplycost)
[32m(release)[0m> 		from
[32m(release)[0m> 			partsupp,
[32m(release)[0m> 			supplier,
[32m(release)[0m> 			nation,
[32m(release)[0m> 			region
[32m(release)[0m> 		where
[32m(release)[0m> 			p_partkey = ps_partkey
[32m(release)[0m> 			and s_suppkey = ps_suppkey
[32m(release)[0m> 			and s_nationkey = n_nationkey
[32m(release)[0m> 			and n_regionkey = r_regionkey
[32m(release)[0m> 			and r_name = 'EUROPE'
[32m(release)[0m> 	)
[32m(release)[0m> order by
[32m(release)[0m> 	s_acctbal desc,
[32m(release)[0m> 	n_name,
[32m(release)[0m> 	s_name,
[32m(release)[0m> 	p_partkey;
VmRSS Change: 556 KB
===
23639 rows total
Execution info: [PARSE: 73 µs 580 ns, SQL TRANSLATE: 237 µs 578 ns, OPTIMIZE: 10 ms 761 µs, LQP TRANSLATE: 317 µs 946 ns, EXECUTE: 95 ms 117 µs (wall time) | QUERY PLAN CACHE HITS: 0/1 statement(s)]
After reset, table use_count: 2
WARNING: Table still has 1 other owner(s) after pipeline reset!
Executing script file done
$:hsh clear_plan_caches
Cleared PQP and LQP caches
$:hsh clear_pipeline
Released last SQLPipeline
$:hsh reset_exec_pools
Reset execution pools (2, 3) bump pointers to start
$:hsh mem_usage
------------------------------------------
Memory Usage Statistics:
VmSize:	328142280 kB
VmRSS:	93006788 kB
1: MemResourceStatus {MigratedColumnsAggregate,18446744073709551615,63541608448,52888587462,0,0,1,N/A}
MemResourceStatus {NumaMonotonicResource,3,53687091200,0,0,0,1,0}
MemResourceStatus {NumaMonotonicResource,2,53687091200,0,0,0,0,0}
0: MemResourceStatus {MemManagerAggregate,18446744073709551615,53687091200,0,0,0,0,N/A}
1: MemResourceStatus {MemManagerAggregate,18446744073709551615,53687091200,0,0,0,1,N/A}
MemResourceStatus {DefaultResource,18446744073709551615,18446744073709551615,18446744071318973865,60530953333,0,-1,N/A}
Quick Memory Usage Overview:
Used Capacity: 0, 52888587462
------------------------------------------
Executing script file: /home/umeshsum/tpch_queries/2.sql
[32m(release)[0m> select
[32m(release)[0m> 	s_acctbal,
[32m(release)[0m> 	s_name,
[32m(release)[0m> 	n_name,
[32m(release)[0m> 	p_partkey,
[32m(release)[0m> 	p_mfgr,
[32m(release)[0m> 	s_address,
[32m(release)[0m> 	s_phone,
[32m(release)[0m> 	s_comment
[32m(release)[0m> from
[32m(release)[0m> 	part,
[32m(release)[0m> 	supplier,
[32m(release)[0m> 	partsupp,
[32m(release)[0m> 	nation,
[32m(release)[0m> 	region
[32m(release)[0m> where
[32m(release)[0m> 	p_partkey = ps_partkey
[32m(release)[0m> 	and s_suppkey = ps_suppkey
[32m(release)[0m> 	and p_size = 15
[32m(release)[0m> 	and p_type like '%BRASS'
[32m(release)[0m> 	and s_nationkey = n_nationkey
[32m(release)[0m> 	and n_regionkey = r_regionkey
[32m(release)[0m> 	and r_name = 'EUROPE'
[32m(release)[0m> 	and ps_supplycost = (
[32m(release)[0m> 		select
[32m(release)[0m> 			min(ps_supplycost)
[32m(release)[0m> 		from
[32m(release)[0m> 			partsupp,
[32m(release)[0m> 			supplier,
[32m(release)[0m> 			nation,
[32m(release)[0m> 			region
[32m(release)[0m> 		where
[32m(release)[0m> 			p_partkey = ps_partkey
[32m(release)[0m> 			and s_suppkey = ps_suppkey
[32m(release)[0m> 			and s_nationkey = n_nationkey
[32m(release)[0m> 			and n_regionkey = r_regionkey
[32m(release)[0m> 			and r_name = 'EUROPE'
[32m(release)[0m> 	)
[32m(release)[0m> order by
[32m(release)[0m> 	s_acctbal desc,
[32m(release)[0m> 	n_name,
[32m(release)[0m> 	s_name,
[32m(release)[0m> 	p_partkey;
VmRSS Change: 684 KB
===
23639 rows total
Execution info: [PARSE: 80 µs 119 ns, SQL TRANSLATE: 235 µs 597 ns, OPTIMIZE: 10 ms 904 µs, LQP TRANSLATE: 321 µs 347 ns, EXECUTE: 104 ms 760 µs (wall time) | QUERY PLAN CACHE HITS: 0/1 statement(s)]
After reset, table use_count: 2
WARNING: Table still has 1 other owner(s) after pipeline reset!
Executing script file done
$:hsh clear_plan_caches
Cleared PQP and LQP caches
$:hsh clear_pipeline
Released last SQLPipeline
$:hsh reset_exec_pools
Reset execution pools (2, 3) bump pointers to start
$:hsh mem_usage
------------------------------------------
Memory Usage Statistics:
VmSize:	328142280 kB
VmRSS:	93007472 kB
1: MemResourceStatus {MigratedColumnsAggregate,18446744073709551615,63541608448,52888587462,0,0,1,N/A}
MemResourceStatus {NumaMonotonicResource,3,53687091200,0,0,0,1,0}
MemResourceStatus {NumaMonotonicResource,2,53687091200,0,0,0,0,0}
0: MemResourceStatus {MemManagerAggregate,18446744073709551615,53687091200,0,0,0,0,N/A}
1: MemResourceStatus {MemManagerAggregate,18446744073709551615,53687091200,0,0,0,1,N/A}
MemResourceStatus {DefaultResource,18446744073709551615,18446744073709551615,18446744071318973865,60530953333,0,-1,N/A}
Quick Memory Usage Overview:
Used Capacity: 0, 52888587462
------------------------------------------
Executing script file: /home/umeshsum/tpch_queries/2.sql
[32m(release)[0m> select
[32m(release)[0m> 	s_acctbal,
[32m(release)[0m> 	s_name,
[32m(release)[0m> 	n_name,
[32m(release)[0m> 	p_partkey,
[32m(release)[0m> 	p_mfgr,
[32m(release)[0m> 	s_address,
[32m(release)[0m> 	s_phone,
[32m(release)[0m> 	s_comment
[32m(release)[0m> from
[32m(release)[0m> 	part,
[32m(release)[0m> 	supplier,
[32m(release)[0m> 	partsupp,
[32m(release)[0m> 	nation,
[32m(release)[0m> 	region
[32m(release)[0m> where
[32m(release)[0m> 	p_partkey = ps_partkey
[32m(release)[0m> 	and s_suppkey = ps_suppkey
[32m(release)[0m> 	and p_size = 15
[32m(release)[0m> 	and p_type like '%BRASS'
[32m(release)[0m> 	and s_nationkey = n_nationkey
[32m(release)[0m> 	and n_regionkey = r_regionkey
[32m(release)[0m> 	and r_name = 'EUROPE'
[32m(release)[0m> 	and ps_supplycost = (
[32m(release)[0m> 		select
[32m(release)[0m> 			min(ps_supplycost)
[32m(release)[0m> 		from
[32m(release)[0m> 			partsupp,
[32m(release)[0m> 			supplier,
[32m(release)[0m> 			nation,
[32m(release)[0m> 			region
[32m(release)[0m> 		where
[32m(release)[0m> 			p_partkey = ps_partkey
[32m(release)[0m> 			and s_suppkey = ps_suppkey
[32m(release)[0m> 			and s_nationkey = n_nationkey
[32m(release)[0m> 			and n_regionkey = r_regionkey
[32m(release)[0m> 			and r_name = 'EUROPE'
[32m(release)[0m> 	)
[32m(release)[0m> order by
[32m(release)[0m> 	s_acctbal desc,
[32m(release)[0m> 	n_name,
[32m(release)[0m> 	s_name,
[32m(release)[0m> 	p_partkey;
VmRSS Change: 544 KB
===
23639 rows total
Execution info: [PARSE: 74 µs 139 ns, SQL TRANSLATE: 241 µs 708 ns, OPTIMIZE: 10 ms 564 µs, LQP TRANSLATE: 317 µs 936 ns, EXECUTE: 101 ms 529 µs (wall time) | QUERY PLAN CACHE HITS: 0/1 statement(s)]
After reset, table use_count: 2
WARNING: Table still has 1 other owner(s) after pipeline reset!
Executing script file done
$:hsh clear_plan_caches
Cleared PQP and LQP caches
$:hsh clear_pipeline
Released last SQLPipeline
$:hsh reset_exec_pools
Reset execution pools (2, 3) bump pointers to start
$:hsh mem_usage
------------------------------------------
Memory Usage Statistics:
VmSize:	328142280 kB
VmRSS:	93008016 kB
1: MemResourceStatus {MigratedColumnsAggregate,18446744073709551615,63541608448,52888587462,0,0,1,N/A}
MemResourceStatus {NumaMonotonicResource,3,53687091200,0,0,0,1,0}
MemResourceStatus {NumaMonotonicResource,2,53687091200,0,0,0,0,0}
0: MemResourceStatus {MemManagerAggregate,18446744073709551615,53687091200,0,0,0,0,N/A}
1: MemResourceStatus {MemManagerAggregate,18446744073709551615,53687091200,0,0,0,1,N/A}
MemResourceStatus {DefaultResource,18446744073709551615,18446744073709551615,18446744071318973865,60530953333,0,-1,N/A}
Quick Memory Usage Overview:
Used Capacity: 0, 52888587462
------------------------------------------
Executing script file: /home/umeshsum/tpch_queries/2.sql
[32m(release)[0m> select
[32m(release)[0m> 	s_acctbal,
[32m(release)[0m> 	s_name,
[32m(release)[0m> 	n_name,
[32m(release)[0m> 	p_partkey,
[32m(release)[0m> 	p_mfgr,
[32m(release)[0m> 	s_address,
[32m(release)[0m> 	s_phone,
[32m(release)[0m> 	s_comment
[32m(release)[0m> from
[32m(release)[0m> 	part,
[32m(release)[0m> 	supplier,
[32m(release)[0m> 	partsupp,
[32m(release)[0m> 	nation,
[32m(release)[0m> 	region
[32m(release)[0m> where
[32m(release)[0m> 	p_partkey = ps_partkey
[32m(release)[0m> 	and s_suppkey = ps_suppkey
[32m(release)[0m> 	and p_size = 15
[32m(release)[0m> 	and p_type like '%BRASS'
[32m(release)[0m> 	and s_nationkey = n_nationkey
[32m(release)[0m> 	and n_regionkey = r_regionkey
[32m(release)[0m> 	and r_name = 'EUROPE'
[32m(release)[0m> 	and ps_supplycost = (
[32m(release)[0m> 		select
[32m(release)[0m> 			min(ps_supplycost)
[32m(release)[0m> 		from
[32m(release)[0m> 			partsupp,
[32m(release)[0m> 			supplier,
[32m(release)[0m> 			nation,
[32m(release)[0m> 			region
[32m(release)[0m> 		where
[32m(release)[0m> 			p_partkey = ps_partkey
[32m(release)[0m> 			and s_suppkey = ps_suppkey
[32m(release)[0m> 			and s_nationkey = n_nationkey
[32m(release)[0m> 			and n_regionkey = r_regionkey
[32m(release)[0m> 			and r_name = 'EUROPE'
[32m(release)[0m> 	)
[32m(release)[0m> order by
[32m(release)[0m> 	s_acctbal desc,
[32m(release)[0m> 	n_name,
[32m(release)[0m> 	s_name,
[32m(release)[0m> 	p_partkey;
VmRSS Change: 448 KB
===
23639 rows total
Execution info: [PARSE: 72 µs 339 ns, SQL TRANSLATE: 247 µs 387 ns, OPTIMIZE: 10 ms 468 µs, LQP TRANSLATE: 331 µs 46 ns, EXECUTE: 95 ms 190 µs (wall time) | QUERY PLAN CACHE HITS: 0/1 statement(s)]
After reset, table use_count: 2
WARNING: Table still has 1 other owner(s) after pipeline reset!
Executing script file done
$:hsh clear_plan_caches
Cleared PQP and LQP caches
$:hsh clear_pipeline
Released last SQLPipeline
$:hsh reset_exec_pools
Reset execution pools (2, 3) bump pointers to start
$:hsh mem_usage
------------------------------------------
Memory Usage Statistics:
VmSize:	328142280 kB
VmRSS:	93008464 kB
1: MemResourceStatus {MigratedColumnsAggregate,18446744073709551615,63541608448,52888587462,0,0,1,N/A}
MemResourceStatus {NumaMonotonicResource,3,53687091200,0,0,0,1,0}
MemResourceStatus {NumaMonotonicResource,2,53687091200,0,0,0,0,0}
0: MemResourceStatus {MemManagerAggregate,18446744073709551615,53687091200,0,0,0,0,N/A}
1: MemResourceStatus {MemManagerAggregate,18446744073709551615,53687091200,0,0,0,1,N/A}
MemResourceStatus {DefaultResource,18446744073709551615,18446744073709551615,18446744071318973865,60530953333,0,-1,N/A}
Quick Memory Usage Overview:
Used Capacity: 0, 52888587462
------------------------------------------
Executing script file: /home/umeshsum/tpch_queries/2.sql
[32m(release)[0m> select
[32m(release)[0m> 	s_acctbal,
[32m(release)[0m> 	s_name,
[32m(release)[0m> 	n_name,
[32m(release)[0m> 	p_partkey,
[32m(release)[0m> 	p_mfgr,
[32m(release)[0m> 	s_address,
[32m(release)[0m> 	s_phone,
[32m(release)[0m> 	s_comment
[32m(release)[0m> from
[32m(release)[0m> 	part,
[32m(release)[0m> 	supplier,
[32m(release)[0m> 	partsupp,
[32m(release)[0m> 	nation,
[32m(release)[0m> 	region
[32m(release)[0m> where
[32m(release)[0m> 	p_partkey = ps_partkey
[32m(release)[0m> 	and s_suppkey = ps_suppkey
[32m(release)[0m> 	and p_size = 15
[32m(release)[0m> 	and p_type like '%BRASS'
[32m(release)[0m> 	and s_nationkey = n_nationkey
[32m(release)[0m> 	and n_regionkey = r_regionkey
[32m(release)[0m> 	and r_name = 'EUROPE'
[32m(release)[0m> 	and ps_supplycost = (
[32m(release)[0m> 		select
[32m(release)[0m> 			min(ps_supplycost)
[32m(release)[0m> 		from
[32m(release)[0m> 			partsupp,
[32m(release)[0m> 			supplier,
[32m(release)[0m> 			nation,
[32m(release)[0m> 			region
[32m(release)[0m> 		where
[32m(release)[0m> 			p_partkey = ps_partkey
[32m(release)[0m> 			and s_suppkey = ps_suppkey
[32m(release)[0m> 			and s_nationkey = n_nationkey
[32m(release)[0m> 			and n_regionkey = r_regionkey
[32m(release)[0m> 			and r_name = 'EUROPE'
[32m(release)[0m> 	)
[32m(release)[0m> order by
[32m(release)[0m> 	s_acctbal desc,
[32m(release)[0m> 	n_name,
[32m(release)[0m> 	s_name,
[32m(release)[0m> 	p_partkey;
VmRSS Change: 18446744073709551484 KB
===
23639 rows total
Execution info: [PARSE: 73 µs 229 ns, SQL TRANSLATE: 236 µs 657 ns, OPTIMIZE: 10 ms 828 µs, LQP TRANSLATE: 317 µs 257 ns, EXECUTE: 93 ms 284 µs (wall time) | QUERY PLAN CACHE HITS: 0/1 statement(s)]
After reset, table use_count: 2
WARNING: Table still has 1 other owner(s) after pipeline reset!
Executing script file done
$:hsh clear_plan_caches
Cleared PQP and LQP caches
$:hsh clear_pipeline
Released last SQLPipeline
$:hsh reset_exec_pools
Reset execution pools (2, 3) bump pointers to start
$:hsh mem_usage
------------------------------------------
Memory Usage Statistics:
VmSize:	328142280 kB
VmRSS:	93008332 kB
1: MemResourceStatus {MigratedColumnsAggregate,18446744073709551615,63541608448,52888587462,0,0,1,N/A}
MemResourceStatus {NumaMonotonicResource,3,53687091200,0,0,0,1,0}
MemResourceStatus {NumaMonotonicResource,2,53687091200,0,0,0,0,0}
0: MemResourceStatus {MemManagerAggregate,18446744073709551615,53687091200,0,0,0,0,N/A}
1: MemResourceStatus {MemManagerAggregate,18446744073709551615,53687091200,0,0,0,1,N/A}
MemResourceStatus {DefaultResource,18446744073709551615,18446744073709551615,18446744071318973865,60530953333,0,-1,N/A}
Quick Memory Usage Overview:
Used Capacity: 0, 52888587462
------------------------------------------
Executing script file: /home/umeshsum/tpch_queries/2.sql
[32m(release)[0m> select
[32m(release)[0m> 	s_acctbal,
[32m(release)[0m> 	s_name,
[32m(release)[0m> 	n_name,
[32m(release)[0m> 	p_partkey,
[32m(release)[0m> 	p_mfgr,
[32m(release)[0m> 	s_address,
[32m(release)[0m> 	s_phone,
[32m(release)[0m> 	s_comment
[32m(release)[0m> from
[32m(release)[0m> 	part,
[32m(release)[0m> 	supplier,
[32m(release)[0m> 	partsupp,
[32m(release)[0m> 	nation,
[32m(release)[0m> 	region
[32m(release)[0m> where
[32m(release)[0m> 	p_partkey = ps_partkey
[32m(release)[0m> 	and s_suppkey = ps_suppkey
[32m(release)[0m> 	and p_size = 15
[32m(release)[0m> 	and p_type like '%BRASS'
[32m(release)[0m> 	and s_nationkey = n_nationkey
[32m(release)[0m> 	and n_regionkey = r_regionkey
[32m(release)[0m> 	and r_name = 'EUROPE'
[32m(release)[0m> 	and ps_supplycost = (
[32m(release)[0m> 		select
[32m(release)[0m> 			min(ps_supplycost)
[32m(release)[0m> 		from
[32m(release)[0m> 			partsupp,
[32m(release)[0m> 			supplier,
[32m(release)[0m> 			nation,
[32m(release)[0m> 			region
[32m(release)[0m> 		where
[32m(release)[0m> 			p_partkey = ps_partkey
[32m(release)[0m> 			and s_suppkey = ps_suppkey
[32m(release)[0m> 			and s_nationkey = n_nationkey
[32m(release)[0m> 			and n_regionkey = r_regionkey
[32m(release)[0m> 			and r_name = 'EUROPE'
[32m(release)[0m> 	)
[32m(release)[0m> order by
[32m(release)[0m> 	s_acctbal desc,
[32m(release)[0m> 	n_name,
[32m(release)[0m> 	s_name,
[32m(release)[0m> 	p_partkey;
VmRSS Change: 60 KB
===
23639 rows total
Execution info: [PARSE: 82 µs 659 ns, SQL TRANSLATE: 235 µs 848 ns, OPTIMIZE: 11 ms 15 µs, LQP TRANSLATE: 321 µs 177 ns, EXECUTE: 95 ms 388 µs (wall time) | QUERY PLAN CACHE HITS: 0/1 statement(s)]
After reset, table use_count: 2
WARNING: Table still has 1 other owner(s) after pipeline reset!
Executing script file done
$:hsh clear_plan_caches
Cleared PQP and LQP caches
$:hsh clear_pipeline
Released last SQLPipeline
$:hsh reset_exec_pools
Reset execution pools (2, 3) bump pointers to start
$:hsh mem_usage
------------------------------------------
Memory Usage Statistics:
VmSize:	328142280 kB
VmRSS:	93008392 kB
1: MemResourceStatus {MigratedColumnsAggregate,18446744073709551615,63541608448,52888587462,0,0,1,N/A}
MemResourceStatus {NumaMonotonicResource,3,53687091200,0,0,0,1,0}
MemResourceStatus {NumaMonotonicResource,2,53687091200,0,0,0,0,0}
0: MemResourceStatus {MemManagerAggregate,18446744073709551615,53687091200,0,0,0,0,N/A}
1: MemResourceStatus {MemManagerAggregate,18446744073709551615,53687091200,0,0,0,1,N/A}
MemResourceStatus {DefaultResource,18446744073709551615,18446744073709551615,18446744071318973865,60530953333,0,-1,N/A}
Quick Memory Usage Overview:
Used Capacity: 0, 52888587462
------------------------------------------
Executing script file: /home/umeshsum/tpch_queries/2.sql
[32m(release)[0m> select
[32m(release)[0m> 	s_acctbal,
[32m(release)[0m> 	s_name,
[32m(release)[0m> 	n_name,
[32m(release)[0m> 	p_partkey,
[32m(release)[0m> 	p_mfgr,
[32m(release)[0m> 	s_address,
[32m(release)[0m> 	s_phone,
[32m(release)[0m> 	s_comment
[32m(release)[0m> from
[32m(release)[0m> 	part,
[32m(release)[0m> 	supplier,
[32m(release)[0m> 	partsupp,
[32m(release)[0m> 	nation,
[32m(release)[0m> 	region
[32m(release)[0m> where
[32m(release)[0m> 	p_partkey = ps_partkey
[32m(release)[0m> 	and s_suppkey = ps_suppkey
[32m(release)[0m> 	and p_size = 15
[32m(release)[0m> 	and p_type like '%BRASS'
[32m(release)[0m> 	and s_nationkey = n_nationkey
[32m(release)[0m> 	and n_regionkey = r_regionkey
[32m(release)[0m> 	and r_name = 'EUROPE'
[32m(release)[0m> 	and ps_supplycost = (
[32m(release)[0m> 		select
[32m(release)[0m> 			min(ps_supplycost)
[32m(release)[0m> 		from
[32m(release)[0m> 			partsupp,
[32m(release)[0m> 			supplier,
[32m(release)[0m> 			nation,
[32m(release)[0m> 			region
[32m(release)[0m> 		where
[32m(release)[0m> 			p_partkey = ps_partkey
[32m(release)[0m> 			and s_suppkey = ps_suppkey
[32m(release)[0m> 			and s_nationkey = n_nationkey
[32m(release)[0m> 			and n_regionkey = r_regionkey
[32m(release)[0m> 			and r_name = 'EUROPE'
[32m(release)[0m> 	)
[32m(release)[0m> order by
[32m(release)[0m> 	s_acctbal desc,
[32m(release)[0m> 	n_name,
[32m(release)[0m> 	s_name,
[32m(release)[0m> 	p_partkey;
VmRSS Change: 564 KB
===
23639 rows total
Execution info: [PARSE: 72 µs 709 ns, SQL TRANSLATE: 239 µs 118 ns, OPTIMIZE: 10 ms 955 µs, LQP TRANSLATE: 321 µs 757 ns, EXECUTE: 94 ms 394 µs (wall time) | QUERY PLAN CACHE HITS: 0/1 statement(s)]
After reset, table use_count: 2
WARNING: Table still has 1 other owner(s) after pipeline reset!
Executing script file done
$:hsh clear_plan_caches
Cleared PQP and LQP caches
$:hsh clear_pipeline
Released last SQLPipeline
$:hsh reset_exec_pools
Reset execution pools (2, 3) bump pointers to start
$:hsh mem_usage
------------------------------------------
Memory Usage Statistics:
VmSize:	328142280 kB
VmRSS:	93008964 kB
1: MemResourceStatus {MigratedColumnsAggregate,18446744073709551615,63541608448,52888587462,0,0,1,N/A}
MemResourceStatus {NumaMonotonicResource,3,53687091200,0,0,0,1,0}
MemResourceStatus {NumaMonotonicResource,2,53687091200,0,0,0,0,0}
0: MemResourceStatus {MemManagerAggregate,18446744073709551615,53687091200,0,0,0,0,N/A}
1: MemResourceStatus {MemManagerAggregate,18446744073709551615,53687091200,0,0,0,1,N/A}
MemResourceStatus {DefaultResource,18446744073709551615,18446744073709551615,18446744071318973865,60530953333,0,-1,N/A}
Quick Memory Usage Overview:
Used Capacity: 0, 52888587462
------------------------------------------
Label set to d53687091200_tf1000000000000_q3
$:hsh clear_plan_caches
Cleared PQP and LQP caches
$:hsh clear_pipeline
Released last SQLPipeline
$:hsh reset_exec_pools
Reset execution pools (2, 3) bump pointers to start
$:hsh mem_usage
------------------------------------------
Memory Usage Statistics:
VmSize:	328142280 kB
VmRSS:	93008964 kB
1: MemResourceStatus {MigratedColumnsAggregate,18446744073709551615,63541608448,52888587462,0,0,1,N/A}
MemResourceStatus {NumaMonotonicResource,3,53687091200,0,0,0,1,0}
MemResourceStatus {NumaMonotonicResource,2,53687091200,0,0,0,0,0}
0: MemResourceStatus {MemManagerAggregate,18446744073709551615,53687091200,0,0,0,0,N/A}
1: MemResourceStatus {MemManagerAggregate,18446744073709551615,53687091200,0,0,0,1,N/A}
MemResourceStatus {DefaultResource,18446744073709551615,18446744073709551615,18446744071318973865,60530953333,0,-1,N/A}
Quick Memory Usage Overview:
Used Capacity: 0, 52888587462
------------------------------------------
Executing script file: /home/umeshsum/tpch_queries/3.sql
[32m(release)[0m> select
[32m(release)[0m> 	l_orderkey,
[32m(release)[0m> 	sum(l_extendedprice * (1 - l_discount)) as revenue,
[32m(release)[0m> 	o_orderdate,
[32m(release)[0m> 	o_shippriority
[32m(release)[0m> from
[32m(release)[0m> 	customer,
[32m(release)[0m> 	orders,
[32m(release)[0m> 	lineitem
[32m(release)[0m> where
[32m(release)[0m> 	c_mktsegment = 'BUILDING'
[32m(release)[0m> 	and c_custkey = o_custkey
[32m(release)[0m> 	and l_orderkey = o_orderkey
[32m(release)[0m> 	and o_orderdate < date '1995-03-15'
[32m(release)[0m> 	and l_shipdate > date '1995-03-15'
[32m(release)[0m> group by
[32m(release)[0m> 	l_orderkey,
[32m(release)[0m> 	o_orderdate,
[32m(release)[0m> 	o_shippriority
[32m(release)[0m> order by
[32m(release)[0m> 	revenue desc,
[32m(release)[0m> 	o_orderdate;
VmRSS Change: 15160 KB
===
566035 rows total
Execution info: [PARSE: 59 µs 879 ns, SQL TRANSLATE: 200 µs 768 ns, OPTIMIZE: 12 ms 622 µs, LQP TRANSLATE: 188 µs 8 ns, EXECUTE: 2 s 1 ms (wall time) | QUERY PLAN CACHE HITS: 0/1 statement(s)]
After reset, table use_count: 2
WARNING: Table still has 1 other owner(s) after pipeline reset!
Executing script file done
$:hsh clear_plan_caches
Cleared PQP and LQP caches
$:hsh clear_pipeline
Released last SQLPipeline
$:hsh reset_exec_pools
Reset execution pools (2, 3) bump pointers to start
$:hsh mem_usage
------------------------------------------
Memory Usage Statistics:
VmSize:	328142280 kB
VmRSS:	93023956 kB
1: MemResourceStatus {MigratedColumnsAggregate,18446744073709551615,63541608448,52888587462,0,0,1,N/A}
MemResourceStatus {NumaMonotonicResource,3,53687091200,0,0,0,1,0}
MemResourceStatus {NumaMonotonicResource,2,53687091200,0,0,0,0,0}
0: MemResourceStatus {MemManagerAggregate,18446744073709551615,53687091200,0,0,0,0,N/A}
1: MemResourceStatus {MemManagerAggregate,18446744073709551615,53687091200,0,0,0,1,N/A}
MemResourceStatus {DefaultResource,18446744073709551615,18446744073709551615,18446744071318973865,60530953333,0,-1,N/A}
Quick Memory Usage Overview:
Used Capacity: 0, 52888587462
------------------------------------------
Executing script file: /home/umeshsum/tpch_queries/3.sql
[32m(release)[0m> select
[32m(release)[0m> 	l_orderkey,
[32m(release)[0m> 	sum(l_extendedprice * (1 - l_discount)) as revenue,
[32m(release)[0m> 	o_orderdate,
[32m(release)[0m> 	o_shippriority
[32m(release)[0m> from
[32m(release)[0m> 	customer,
[32m(release)[0m> 	orders,
[32m(release)[0m> 	lineitem
[32m(release)[0m> where
[32m(release)[0m> 	c_mktsegment = 'BUILDING'
[32m(release)[0m> 	and c_custkey = o_custkey
[32m(release)[0m> 	and l_orderkey = o_orderkey
[32m(release)[0m> 	and o_orderdate < date '1995-03-15'
[32m(release)[0m> 	and l_shipdate > date '1995-03-15'
[32m(release)[0m> group by
[32m(release)[0m> 	l_orderkey,
[32m(release)[0m> 	o_orderdate,
[32m(release)[0m> 	o_shippriority
[32m(release)[0m> order by
[32m(release)[0m> 	revenue desc,
[32m(release)[0m> 	o_orderdate;
VmRSS Change: 1032 KB
===
566035 rows total
Execution info: [PARSE: 71 µs 149 ns, SQL TRANSLATE: 186 µs 308 ns, OPTIMIZE: 8 ms 777 µs, LQP TRANSLATE: 177 µs 998 ns, EXECUTE: 1 s 992 ms (wall time) | QUERY PLAN CACHE HITS: 0/1 statement(s)]
After reset, table use_count: 2
WARNING: Table still has 1 other owner(s) after pipeline reset!
Executing script file done
$:hsh clear_plan_caches
Cleared PQP and LQP caches
$:hsh clear_pipeline
Released last SQLPipeline
$:hsh reset_exec_pools
Reset execution pools (2, 3) bump pointers to start
$:hsh mem_usage
------------------------------------------
Memory Usage Statistics:
VmSize:	328142280 kB
VmRSS:	93024776 kB
1: MemResourceStatus {MigratedColumnsAggregate,18446744073709551615,63541608448,52888587462,0,0,1,N/A}
MemResourceStatus {NumaMonotonicResource,3,53687091200,0,0,0,1,0}
MemResourceStatus {NumaMonotonicResource,2,53687091200,0,0,0,0,0}
0: MemResourceStatus {MemManagerAggregate,18446744073709551615,53687091200,0,0,0,0,N/A}
1: MemResourceStatus {MemManagerAggregate,18446744073709551615,53687091200,0,0,0,1,N/A}
MemResourceStatus {DefaultResource,18446744073709551615,18446744073709551615,18446744071318973865,60530953333,0,-1,N/A}
Quick Memory Usage Overview:
Used Capacity: 0, 52888587462
------------------------------------------
Executing script file: /home/umeshsum/tpch_queries/3.sql
[32m(release)[0m> select
[32m(release)[0m> 	l_orderkey,
[32m(release)[0m> 	sum(l_extendedprice * (1 - l_discount)) as revenue,
[32m(release)[0m> 	o_orderdate,
[32m(release)[0m> 	o_shippriority
[32m(release)[0m> from
[32m(release)[0m> 	customer,
[32m(release)[0m> 	orders,
[32m(release)[0m> 	lineitem
[32m(release)[0m> where
[32m(release)[0m> 	c_mktsegment = 'BUILDING'
[32m(release)[0m> 	and c_custkey = o_custkey
[32m(release)[0m> 	and l_orderkey = o_orderkey
[32m(release)[0m> 	and o_orderdate < date '1995-03-15'
[32m(release)[0m> 	and l_shipdate > date '1995-03-15'
[32m(release)[0m> group by
[32m(release)[0m> 	l_orderkey,
[32m(release)[0m> 	o_orderdate,
[32m(release)[0m> 	o_shippriority
[32m(release)[0m> order by
[32m(release)[0m> 	revenue desc,
[32m(release)[0m> 	o_orderdate;
VmRSS Change: 14204 KB
===
566035 rows total
Execution info: [PARSE: 58 µs 80 ns, SQL TRANSLATE: 194 µs 108 ns, OPTIMIZE: 8 ms 335 µs, LQP TRANSLATE: 185 µs 219 ns, EXECUTE: 2 s 5 ms (wall time) | QUERY PLAN CACHE HITS: 0/1 statement(s)]
After reset, table use_count: 2
WARNING: Table still has 1 other owner(s) after pipeline reset!
Executing script file done
$:hsh clear_plan_caches
Cleared PQP and LQP caches
$:hsh clear_pipeline
Released last SQLPipeline
$:hsh reset_exec_pools
Reset execution pools (2, 3) bump pointers to start
$:hsh mem_usage
------------------------------------------
Memory Usage Statistics:
VmSize:	328142280 kB
VmRSS:	93038464 kB
1: MemResourceStatus {MigratedColumnsAggregate,18446744073709551615,63541608448,52888587462,0,0,1,N/A}
MemResourceStatus {NumaMonotonicResource,3,53687091200,0,0,0,1,0}
MemResourceStatus {NumaMonotonicResource,2,53687091200,0,0,0,0,0}
0: MemResourceStatus {MemManagerAggregate,18446744073709551615,53687091200,0,0,0,0,N/A}
1: MemResourceStatus {MemManagerAggregate,18446744073709551615,53687091200,0,0,0,1,N/A}
MemResourceStatus {DefaultResource,18446744073709551615,18446744073709551615,18446744071318973865,60530953333,0,-1,N/A}
Quick Memory Usage Overview:
Used Capacity: 0, 52888587462
------------------------------------------
Executing script file: /home/umeshsum/tpch_queries/3.sql
[32m(release)[0m> select
[32m(release)[0m> 	l_orderkey,
[32m(release)[0m> 	sum(l_extendedprice * (1 - l_discount)) as revenue,
[32m(release)[0m> 	o_orderdate,
[32m(release)[0m> 	o_shippriority
[32m(release)[0m> from
[32m(release)[0m> 	customer,
[32m(release)[0m> 	orders,
[32m(release)[0m> 	lineitem
[32m(release)[0m> where
[32m(release)[0m> 	c_mktsegment = 'BUILDING'
[32m(release)[0m> 	and c_custkey = o_custkey
[32m(release)[0m> 	and l_orderkey = o_orderkey
[32m(release)[0m> 	and o_orderdate < date '1995-03-15'
[32m(release)[0m> 	and l_shipdate > date '1995-03-15'
[32m(release)[0m> group by
[32m(release)[0m> 	l_orderkey,
[32m(release)[0m> 	o_orderdate,
[32m(release)[0m> 	o_shippriority
[32m(release)[0m> order by
[32m(release)[0m> 	revenue desc,
[32m(release)[0m> 	o_orderdate;
VmRSS Change: 1408 KB
===
566035 rows total
Execution info: [PARSE: 57 µs 839 ns, SQL TRANSLATE: 183 µs 958 ns, OPTIMIZE: 8 ms 315 µs, LQP TRANSLATE: 175 µs 648 ns, EXECUTE: 2 s 11 ms (wall time) | QUERY PLAN CACHE HITS: 0/1 statement(s)]
After reset, table use_count: 2
WARNING: Table still has 1 other owner(s) after pipeline reset!
Executing script file done
$:hsh clear_plan_caches
Cleared PQP and LQP caches
$:hsh clear_pipeline
Released last SQLPipeline
$:hsh reset_exec_pools
Reset execution pools (2, 3) bump pointers to start
$:hsh mem_usage
------------------------------------------
Memory Usage Statistics:
VmSize:	328142280 kB
VmRSS:	93039632 kB
1: MemResourceStatus {MigratedColumnsAggregate,18446744073709551615,63541608448,52888587462,0,0,1,N/A}
MemResourceStatus {NumaMonotonicResource,3,53687091200,0,0,0,1,0}
MemResourceStatus {NumaMonotonicResource,2,53687091200,0,0,0,0,0}
0: MemResourceStatus {MemManagerAggregate,18446744073709551615,53687091200,0,0,0,0,N/A}
1: MemResourceStatus {MemManagerAggregate,18446744073709551615,53687091200,0,0,0,1,N/A}
MemResourceStatus {DefaultResource,18446744073709551615,18446744073709551615,18446744071318973865,60530953333,0,-1,N/A}
Quick Memory Usage Overview:
Used Capacity: 0, 52888587462
------------------------------------------
Executing script file: /home/umeshsum/tpch_queries/3.sql
[32m(release)[0m> select
[32m(release)[0m> 	l_orderkey,
[32m(release)[0m> 	sum(l_extendedprice * (1 - l_discount)) as revenue,
[32m(release)[0m> 	o_orderdate,
[32m(release)[0m> 	o_shippriority
[32m(release)[0m> from
[32m(release)[0m> 	customer,
[32m(release)[0m> 	orders,
[32m(release)[0m> 	lineitem
[32m(release)[0m> where
[32m(release)[0m> 	c_mktsegment = 'BUILDING'
[32m(release)[0m> 	and c_custkey = o_custkey
[32m(release)[0m> 	and l_orderkey = o_orderkey
[32m(release)[0m> 	and o_orderdate < date '1995-03-15'
[32m(release)[0m> 	and l_shipdate > date '1995-03-15'
[32m(release)[0m> group by
[32m(release)[0m> 	l_orderkey,
[32m(release)[0m> 	o_orderdate,
[32m(release)[0m> 	o_shippriority
[32m(release)[0m> order by
[32m(release)[0m> 	revenue desc,
[32m(release)[0m> 	o_orderdate;
VmRSS Change: 56 KB
===
566035 rows total
Execution info: [PARSE: 57 µs 440 ns, SQL TRANSLATE: 194 µs 158 ns, OPTIMIZE: 9 ms 129 µs, LQP TRANSLATE: 176 µs 398 ns, EXECUTE: 2 s 35 ms (wall time) | QUERY PLAN CACHE HITS: 0/1 statement(s)]
After reset, table use_count: 2
WARNING: Table still has 1 other owner(s) after pipeline reset!
Executing script file done
$:hsh clear_plan_caches
Cleared PQP and LQP caches
$:hsh clear_pipeline
Released last SQLPipeline
$:hsh reset_exec_pools
Reset execution pools (2, 3) bump pointers to start
$:hsh mem_usage
------------------------------------------
Memory Usage Statistics:
VmSize:	328142280 kB
VmRSS:	93039444 kB
1: MemResourceStatus {MigratedColumnsAggregate,18446744073709551615,63541608448,52888587462,0,0,1,N/A}
MemResourceStatus {NumaMonotonicResource,3,53687091200,0,0,0,1,0}
MemResourceStatus {NumaMonotonicResource,2,53687091200,0,0,0,0,0}
0: MemResourceStatus {MemManagerAggregate,18446744073709551615,53687091200,0,0,0,0,N/A}
1: MemResourceStatus {MemManagerAggregate,18446744073709551615,53687091200,0,0,0,1,N/A}
MemResourceStatus {DefaultResource,18446744073709551615,18446744073709551615,18446744071318973865,60530953333,0,-1,N/A}
Quick Memory Usage Overview:
Used Capacity: 0, 52888587462
------------------------------------------
Executing script file: /home/umeshsum/tpch_queries/3.sql
[32m(release)[0m> select
[32m(release)[0m> 	l_orderkey,
[32m(release)[0m> 	sum(l_extendedprice * (1 - l_discount)) as revenue,
[32m(release)[0m> 	o_orderdate,
[32m(release)[0m> 	o_shippriority
[32m(release)[0m> from
[32m(release)[0m> 	customer,
[32m(release)[0m> 	orders,
[32m(release)[0m> 	lineitem
[32m(release)[0m> where
[32m(release)[0m> 	c_mktsegment = 'BUILDING'
[32m(release)[0m> 	and c_custkey = o_custkey
[32m(release)[0m> 	and l_orderkey = o_orderkey
[32m(release)[0m> 	and o_orderdate < date '1995-03-15'
[32m(release)[0m> 	and l_shipdate > date '1995-03-15'
[32m(release)[0m> group by
[32m(release)[0m> 	l_orderkey,
[32m(release)[0m> 	o_orderdate,
[32m(release)[0m> 	o_shippriority
[32m(release)[0m> order by
[32m(release)[0m> 	revenue desc,
[32m(release)[0m> 	o_orderdate;
VmRSS Change: 18446744073709548768 KB
===
566035 rows total
Execution info: [PARSE: 55 µs 580 ns, SQL TRANSLATE: 185 µs 578 ns, OPTIMIZE: 8 ms 361 µs, LQP TRANSLATE: 182 µs 228 ns, EXECUTE: 2 s 38 ms (wall time) | QUERY PLAN CACHE HITS: 0/1 statement(s)]
After reset, table use_count: 2
WARNING: Table still has 1 other owner(s) after pipeline reset!
Executing script file done
$:hsh clear_plan_caches
Cleared PQP and LQP caches
$:hsh clear_pipeline
Released last SQLPipeline
$:hsh reset_exec_pools
Reset execution pools (2, 3) bump pointers to start
$:hsh mem_usage
------------------------------------------
Memory Usage Statistics:
VmSize:	328142280 kB
VmRSS:	93024296 kB
1: MemResourceStatus {MigratedColumnsAggregate,18446744073709551615,63541608448,52888587462,0,0,1,N/A}
MemResourceStatus {NumaMonotonicResource,3,53687091200,0,0,0,1,0}
MemResourceStatus {NumaMonotonicResource,2,53687091200,0,0,0,0,0}
0: MemResourceStatus {MemManagerAggregate,18446744073709551615,53687091200,0,0,0,0,N/A}
1: MemResourceStatus {MemManagerAggregate,18446744073709551615,53687091200,0,0,0,1,N/A}
MemResourceStatus {DefaultResource,18446744073709551615,18446744073709551615,18446744071318973865,60530953333,0,-1,N/A}
Quick Memory Usage Overview:
Used Capacity: 0, 52888587462
------------------------------------------
Executing script file: /home/umeshsum/tpch_queries/3.sql
[32m(release)[0m> select
[32m(release)[0m> 	l_orderkey,
[32m(release)[0m> 	sum(l_extendedprice * (1 - l_discount)) as revenue,
[32m(release)[0m> 	o_orderdate,
[32m(release)[0m> 	o_shippriority
[32m(release)[0m> from
[32m(release)[0m> 	customer,
[32m(release)[0m> 	orders,
[32m(release)[0m> 	lineitem
[32m(release)[0m> where
[32m(release)[0m> 	c_mktsegment = 'BUILDING'
[32m(release)[0m> 	and c_custkey = o_custkey
[32m(release)[0m> 	and l_orderkey = o_orderkey
[32m(release)[0m> 	and o_orderdate < date '1995-03-15'
[32m(release)[0m> 	and l_shipdate > date '1995-03-15'
[32m(release)[0m> group by
[32m(release)[0m> 	l_orderkey,
[32m(release)[0m> 	o_orderdate,
[32m(release)[0m> 	o_shippriority
[32m(release)[0m> order by
[32m(release)[0m> 	revenue desc,
[32m(release)[0m> 	o_orderdate;
VmRSS Change: 1376 KB
===
566035 rows total
Execution info: [PARSE: 56 µs 549 ns, SQL TRANSLATE: 185 µs 678 ns, OPTIMIZE: 8 ms 445 µs, LQP TRANSLATE: 176 µs 38 ns, EXECUTE: 1 s 962 ms (wall time) | QUERY PLAN CACHE HITS: 0/1 statement(s)]
After reset, table use_count: 2
WARNING: Table still has 1 other owner(s) after pipeline reset!
Executing script file done
$:hsh clear_plan_caches
Cleared PQP and LQP caches
$:hsh clear_pipeline
Released last SQLPipeline
$:hsh reset_exec_pools
Reset execution pools (2, 3) bump pointers to start
$:hsh mem_usage
------------------------------------------
Memory Usage Statistics:
VmSize:	328142280 kB
VmRSS:	93025584 kB
1: MemResourceStatus {MigratedColumnsAggregate,18446744073709551615,63541608448,52888587462,0,0,1,N/A}
MemResourceStatus {NumaMonotonicResource,3,53687091200,0,0,0,1,0}
MemResourceStatus {NumaMonotonicResource,2,53687091200,0,0,0,0,0}
0: MemResourceStatus {MemManagerAggregate,18446744073709551615,53687091200,0,0,0,0,N/A}
1: MemResourceStatus {MemManagerAggregate,18446744073709551615,53687091200,0,0,0,1,N/A}
MemResourceStatus {DefaultResource,18446744073709551615,18446744073709551615,18446744071318973865,60530953333,0,-1,N/A}
Quick Memory Usage Overview:
Used Capacity: 0, 52888587462
------------------------------------------
Executing script file: /home/umeshsum/tpch_queries/3.sql
[32m(release)[0m> select
[32m(release)[0m> 	l_orderkey,
[32m(release)[0m> 	sum(l_extendedprice * (1 - l_discount)) as revenue,
[32m(release)[0m> 	o_orderdate,
[32m(release)[0m> 	o_shippriority
[32m(release)[0m> from
[32m(release)[0m> 	customer,
[32m(release)[0m> 	orders,
[32m(release)[0m> 	lineitem
[32m(release)[0m> where
[32m(release)[0m> 	c_mktsegment = 'BUILDING'
[32m(release)[0m> 	and c_custkey = o_custkey
[32m(release)[0m> 	and l_orderkey = o_orderkey
[32m(release)[0m> 	and o_orderdate < date '1995-03-15'
[32m(release)[0m> 	and l_shipdate > date '1995-03-15'
[32m(release)[0m> group by
[32m(release)[0m> 	l_orderkey,
[32m(release)[0m> 	o_orderdate,
[32m(release)[0m> 	o_shippriority
[32m(release)[0m> order by
[32m(release)[0m> 	revenue desc,
[32m(release)[0m> 	o_orderdate;
VmRSS Change: 18446744073709550564 KB
===
566035 rows total
Execution info: [PARSE: 57 µs 319 ns, SQL TRANSLATE: 248 µs 198 ns, OPTIMIZE: 8 ms 403 µs, LQP TRANSLATE: 190 µs 638 ns, EXECUTE: 1 s 968 ms (wall time) | QUERY PLAN CACHE HITS: 0/1 statement(s)]
After reset, table use_count: 2
WARNING: Table still has 1 other owner(s) after pipeline reset!
Executing script file done
$:hsh clear_plan_caches
Cleared PQP and LQP caches
$:hsh clear_pipeline
Released last SQLPipeline
$:hsh reset_exec_pools
Reset execution pools (2, 3) bump pointers to start
$:hsh mem_usage
------------------------------------------
Memory Usage Statistics:
VmSize:	328142280 kB
VmRSS:	93024504 kB
1: MemResourceStatus {MigratedColumnsAggregate,18446744073709551615,63541608448,52888587462,0,0,1,N/A}
MemResourceStatus {NumaMonotonicResource,3,53687091200,0,0,0,1,0}
MemResourceStatus {NumaMonotonicResource,2,53687091200,0,0,0,0,0}
0: MemResourceStatus {MemManagerAggregate,18446744073709551615,53687091200,0,0,0,0,N/A}
1: MemResourceStatus {MemManagerAggregate,18446744073709551615,53687091200,0,0,0,1,N/A}
MemResourceStatus {DefaultResource,18446744073709551615,18446744073709551615,18446744071318973865,60530953333,0,-1,N/A}
Quick Memory Usage Overview:
Used Capacity: 0, 52888587462
------------------------------------------
Executing script file: /home/umeshsum/tpch_queries/3.sql
[32m(release)[0m> select
[32m(release)[0m> 	l_orderkey,
[32m(release)[0m> 	sum(l_extendedprice * (1 - l_discount)) as revenue,
[32m(release)[0m> 	o_orderdate,
[32m(release)[0m> 	o_shippriority
[32m(release)[0m> from
[32m(release)[0m> 	customer,
[32m(release)[0m> 	orders,
[32m(release)[0m> 	lineitem
[32m(release)[0m> where
[32m(release)[0m> 	c_mktsegment = 'BUILDING'
[32m(release)[0m> 	and c_custkey = o_custkey
[32m(release)[0m> 	and l_orderkey = o_orderkey
[32m(release)[0m> 	and o_orderdate < date '1995-03-15'
[32m(release)[0m> 	and l_shipdate > date '1995-03-15'
[32m(release)[0m> group by
[32m(release)[0m> 	l_orderkey,
[32m(release)[0m> 	o_orderdate,
[32m(release)[0m> 	o_shippriority
[32m(release)[0m> order by
[32m(release)[0m> 	revenue desc,
[32m(release)[0m> 	o_orderdate;
VmRSS Change: 18446744073709551188 KB
===
566035 rows total
Execution info: [PARSE: 56 µs 249 ns, SQL TRANSLATE: 193 µs 268 ns, OPTIMIZE: 8 ms 346 µs, LQP TRANSLATE: 178 µs 488 ns, EXECUTE: 1 s 953 ms (wall time) | QUERY PLAN CACHE HITS: 0/1 statement(s)]
After reset, table use_count: 2
WARNING: Table still has 1 other owner(s) after pipeline reset!
Executing script file done
$:hsh clear_plan_caches
Cleared PQP and LQP caches
$:hsh clear_pipeline
Released last SQLPipeline
$:hsh reset_exec_pools
Reset execution pools (2, 3) bump pointers to start
$:hsh mem_usage
------------------------------------------
Memory Usage Statistics:
VmSize:	328142280 kB
VmRSS:	93024080 kB
1: MemResourceStatus {MigratedColumnsAggregate,18446744073709551615,63541608448,52888587462,0,0,1,N/A}
MemResourceStatus {NumaMonotonicResource,3,53687091200,0,0,0,1,0}
MemResourceStatus {NumaMonotonicResource,2,53687091200,0,0,0,0,0}
0: MemResourceStatus {MemManagerAggregate,18446744073709551615,53687091200,0,0,0,0,N/A}
1: MemResourceStatus {MemManagerAggregate,18446744073709551615,53687091200,0,0,0,1,N/A}
MemResourceStatus {DefaultResource,18446744073709551615,18446744073709551615,18446744071318973865,60530953333,0,-1,N/A}
Quick Memory Usage Overview:
Used Capacity: 0, 52888587462
------------------------------------------
Executing script file: /home/umeshsum/tpch_queries/3.sql
[32m(release)[0m> select
[32m(release)[0m> 	l_orderkey,
[32m(release)[0m> 	sum(l_extendedprice * (1 - l_discount)) as revenue,
[32m(release)[0m> 	o_orderdate,
[32m(release)[0m> 	o_shippriority
[32m(release)[0m> from
[32m(release)[0m> 	customer,
[32m(release)[0m> 	orders,
[32m(release)[0m> 	lineitem
[32m(release)[0m> where
[32m(release)[0m> 	c_mktsegment = 'BUILDING'
[32m(release)[0m> 	and c_custkey = o_custkey
[32m(release)[0m> 	and l_orderkey = o_orderkey
[32m(release)[0m> 	and o_orderdate < date '1995-03-15'
[32m(release)[0m> 	and l_shipdate > date '1995-03-15'
[32m(release)[0m> group by
[32m(release)[0m> 	l_orderkey,
[32m(release)[0m> 	o_orderdate,
[32m(release)[0m> 	o_shippriority
[32m(release)[0m> order by
[32m(release)[0m> 	revenue desc,
[32m(release)[0m> 	o_orderdate;
VmRSS Change: 14176 KB
===
566035 rows total
Execution info: [PARSE: 57 µs 360 ns, SQL TRANSLATE: 184 µs 99 ns, OPTIMIZE: 8 ms 349 µs, LQP TRANSLATE: 185 µs 698 ns, EXECUTE: 2 s 14 ms (wall time) | QUERY PLAN CACHE HITS: 0/1 statement(s)]
After reset, table use_count: 2
WARNING: Table still has 1 other owner(s) after pipeline reset!
Executing script file done
$:hsh clear_plan_caches
Cleared PQP and LQP caches
$:hsh clear_pipeline
Released last SQLPipeline
$:hsh reset_exec_pools
Reset execution pools (2, 3) bump pointers to start
$:hsh mem_usage
------------------------------------------
Memory Usage Statistics:
VmSize:	328142280 kB
VmRSS:	93038116 kB
1: MemResourceStatus {MigratedColumnsAggregate,18446744073709551615,63541608448,52888587462,0,0,1,N/A}
MemResourceStatus {NumaMonotonicResource,3,53687091200,0,0,0,1,0}
MemResourceStatus {NumaMonotonicResource,2,53687091200,0,0,0,0,0}
0: MemResourceStatus {MemManagerAggregate,18446744073709551615,53687091200,0,0,0,0,N/A}
1: MemResourceStatus {MemManagerAggregate,18446744073709551615,53687091200,0,0,0,1,N/A}
MemResourceStatus {DefaultResource,18446744073709551615,18446744073709551615,18446744071318973865,60530953333,0,-1,N/A}
Quick Memory Usage Overview:
Used Capacity: 0, 52888587462
------------------------------------------
Label set to d53687091200_tf1000000000000_q4
$:hsh clear_plan_caches
Cleared PQP and LQP caches
$:hsh clear_pipeline
Released last SQLPipeline
$:hsh reset_exec_pools
Reset execution pools (2, 3) bump pointers to start
$:hsh mem_usage
------------------------------------------
Memory Usage Statistics:
VmSize:	328142280 kB
VmRSS:	93038116 kB
1: MemResourceStatus {MigratedColumnsAggregate,18446744073709551615,63541608448,52888587462,0,0,1,N/A}
MemResourceStatus {NumaMonotonicResource,3,53687091200,0,0,0,1,0}
MemResourceStatus {NumaMonotonicResource,2,53687091200,0,0,0,0,0}
0: MemResourceStatus {MemManagerAggregate,18446744073709551615,53687091200,0,0,0,0,N/A}
1: MemResourceStatus {MemManagerAggregate,18446744073709551615,53687091200,0,0,0,1,N/A}
MemResourceStatus {DefaultResource,18446744073709551615,18446744073709551615,18446744071318973865,60530953333,0,-1,N/A}
Quick Memory Usage Overview:
Used Capacity: 0, 52888587462
------------------------------------------
Executing script file: /home/umeshsum/tpch_queries/4.sql
[32m(release)[0m> select
[32m(release)[0m> 	o_orderpriority,
[32m(release)[0m> 	count(*) as order_count
[32m(release)[0m> from
[32m(release)[0m> 	orders
[32m(release)[0m> where
[32m(release)[0m> 	o_orderdate >= date '1993-07-01'
[32m(release)[0m> 	and o_orderdate < date '1993-07-01' + interval '3' month
[32m(release)[0m> 	and exists (
[32m(release)[0m> 		select
[32m(release)[0m> 			*
[32m(release)[0m> 		from
[32m(release)[0m> 			lineitem
[32m(release)[0m> 		where
[32m(release)[0m> 			l_orderkey = o_orderkey
[32m(release)[0m> 			and l_commitdate < l_receiptdate
[32m(release)[0m> 	)
[32m(release)[0m> group by
[32m(release)[0m> 	o_orderpriority
[32m(release)[0m> order by
[32m(release)[0m> 	o_orderpriority;
VmRSS Change: 18446744073709539080 KB
===
5 rows total
Execution info: [PARSE: 55 µs 159 ns, SQL TRANSLATE: 159 µs 419 ns, OPTIMIZE: 2 ms 274 µs, LQP TRANSLATE: 94 µs 109 ns, EXECUTE: 1 s 824 ms (wall time) | QUERY PLAN CACHE HITS: 0/1 statement(s)]
After reset, table use_count: 2
WARNING: Table still has 1 other owner(s) after pipeline reset!
Executing script file done
$:hsh clear_plan_caches
Cleared PQP and LQP caches
$:hsh clear_pipeline
Released last SQLPipeline
$:hsh reset_exec_pools
Reset execution pools (2, 3) bump pointers to start
$:hsh mem_usage
------------------------------------------
Memory Usage Statistics:
VmSize:	328142280 kB
VmRSS:	93025564 kB
1: MemResourceStatus {MigratedColumnsAggregate,18446744073709551615,63541608448,52888587462,0,0,1,N/A}
MemResourceStatus {NumaMonotonicResource,3,53687091200,0,0,0,1,0}
MemResourceStatus {NumaMonotonicResource,2,53687091200,0,0,0,0,0}
0: MemResourceStatus {MemManagerAggregate,18446744073709551615,53687091200,0,0,0,0,N/A}
1: MemResourceStatus {MemManagerAggregate,18446744073709551615,53687091200,0,0,0,1,N/A}
MemResourceStatus {DefaultResource,18446744073709551615,18446744073709551615,18446744071318973865,60530953333,0,-1,N/A}
Quick Memory Usage Overview:
Used Capacity: 0, 52888587462
------------------------------------------
Executing script file: /home/umeshsum/tpch_queries/4.sql
[32m(release)[0m> select
[32m(release)[0m> 	o_orderpriority,
[32m(release)[0m> 	count(*) as order_count
[32m(release)[0m> from
[32m(release)[0m> 	orders
[32m(release)[0m> where
[32m(release)[0m> 	o_orderdate >= date '1993-07-01'
[32m(release)[0m> 	and o_orderdate < date '1993-07-01' + interval '3' month
[32m(release)[0m> 	and exists (
[32m(release)[0m> 		select
[32m(release)[0m> 			*
[32m(release)[0m> 		from
[32m(release)[0m> 			lineitem
[32m(release)[0m> 		where
[32m(release)[0m> 			l_orderkey = o_orderkey
[32m(release)[0m> 			and l_commitdate < l_receiptdate
[32m(release)[0m> 	)
[32m(release)[0m> group by
[32m(release)[0m> 	o_orderpriority
[32m(release)[0m> order by
[32m(release)[0m> 	o_orderpriority;
VmRSS Change: 18446744073709551036 KB
===
5 rows total
Execution info: [PARSE: 56 µs 579 ns, SQL TRANSLATE: 163 µs 249 ns, OPTIMIZE: 2 ms 30 µs, LQP TRANSLATE: 83 µs 549 ns, EXECUTE: 1 s 796 ms (wall time) | QUERY PLAN CACHE HITS: 0/1 statement(s)]
After reset, table use_count: 2
WARNING: Table still has 1 other owner(s) after pipeline reset!
Executing script file done
$:hsh clear_plan_caches
Cleared PQP and LQP caches
$:hsh clear_pipeline
Released last SQLPipeline
$:hsh reset_exec_pools
Reset execution pools (2, 3) bump pointers to start
$:hsh mem_usage
------------------------------------------
Memory Usage Statistics:
VmSize:	328142280 kB
VmRSS:	93024980 kB
1: MemResourceStatus {MigratedColumnsAggregate,18446744073709551615,63541608448,52888587462,0,0,1,N/A}
MemResourceStatus {NumaMonotonicResource,3,53687091200,0,0,0,1,0}
MemResourceStatus {NumaMonotonicResource,2,53687091200,0,0,0,0,0}
0: MemResourceStatus {MemManagerAggregate,18446744073709551615,53687091200,0,0,0,0,N/A}
1: MemResourceStatus {MemManagerAggregate,18446744073709551615,53687091200,0,0,0,1,N/A}
MemResourceStatus {DefaultResource,18446744073709551615,18446744073709551615,18446744071318973865,60530953333,0,-1,N/A}
Quick Memory Usage Overview:
Used Capacity: 0, 52888587462
------------------------------------------
Executing script file: /home/umeshsum/tpch_queries/4.sql
[32m(release)[0m> select
[32m(release)[0m> 	o_orderpriority,
[32m(release)[0m> 	count(*) as order_count
[32m(release)[0m> from
[32m(release)[0m> 	orders
[32m(release)[0m> where
[32m(release)[0m> 	o_orderdate >= date '1993-07-01'
[32m(release)[0m> 	and o_orderdate < date '1993-07-01' + interval '3' month
[32m(release)[0m> 	and exists (
[32m(release)[0m> 		select
[32m(release)[0m> 			*
[32m(release)[0m> 		from
[32m(release)[0m> 			lineitem
[32m(release)[0m> 		where
[32m(release)[0m> 			l_orderkey = o_orderkey
[32m(release)[0m> 			and l_commitdate < l_receiptdate
[32m(release)[0m> 	)
[32m(release)[0m> group by
[32m(release)[0m> 	o_orderpriority
[32m(release)[0m> order by
[32m(release)[0m> 	o_orderpriority;
VmRSS Change: 18446744073709537700 KB
===
5 rows total
Execution info: [PARSE: 54 µs 869 ns, SQL TRANSLATE: 169 µs 789 ns, OPTIMIZE: 2 ms 261 µs, LQP TRANSLATE: 81 µs 939 ns, EXECUTE: 1 s 795 ms (wall time) | QUERY PLAN CACHE HITS: 0/1 statement(s)]
After reset, table use_count: 2
WARNING: Table still has 1 other owner(s) after pipeline reset!
Executing script file done
$:hsh clear_plan_caches
Cleared PQP and LQP caches
$:hsh clear_pipeline
Released last SQLPipeline
$:hsh reset_exec_pools
Reset execution pools (2, 3) bump pointers to start
$:hsh mem_usage
------------------------------------------
Memory Usage Statistics:
VmSize:	328142280 kB
VmRSS:	93010632 kB
1: MemResourceStatus {MigratedColumnsAggregate,18446744073709551615,63541608448,52888587462,0,0,1,N/A}
MemResourceStatus {NumaMonotonicResource,3,53687091200,0,0,0,1,0}
MemResourceStatus {NumaMonotonicResource,2,53687091200,0,0,0,0,0}
0: MemResourceStatus {MemManagerAggregate,18446744073709551615,53687091200,0,0,0,0,N/A}
1: MemResourceStatus {MemManagerAggregate,18446744073709551615,53687091200,0,0,0,1,N/A}
MemResourceStatus {DefaultResource,18446744073709551615,18446744073709551615,18446744071318973865,60530953333,0,-1,N/A}
Quick Memory Usage Overview:
Used Capacity: 0, 52888587462
------------------------------------------
Executing script file: /home/umeshsum/tpch_queries/4.sql
[32m(release)[0m> select
[32m(release)[0m> 	o_orderpriority,
[32m(release)[0m> 	count(*) as order_count
[32m(release)[0m> from
[32m(release)[0m> 	orders
[32m(release)[0m> where
[32m(release)[0m> 	o_orderdate >= date '1993-07-01'
[32m(release)[0m> 	and o_orderdate < date '1993-07-01' + interval '3' month
[32m(release)[0m> 	and exists (
[32m(release)[0m> 		select
[32m(release)[0m> 			*
[32m(release)[0m> 		from
[32m(release)[0m> 			lineitem
[32m(release)[0m> 		where
[32m(release)[0m> 			l_orderkey = o_orderkey
[32m(release)[0m> 			and l_commitdate < l_receiptdate
[32m(release)[0m> 	)
[32m(release)[0m> group by
[32m(release)[0m> 	o_orderpriority
[32m(release)[0m> order by
[32m(release)[0m> 	o_orderpriority;
VmRSS Change: 18446744073709551388 KB
===
5 rows total
Execution info: [PARSE: 56 µs 870 ns, SQL TRANSLATE: 206 µs 207 ns, OPTIMIZE: 2 ms 49 µs, LQP TRANSLATE: 95 µs 499 ns, EXECUTE: 1 s 821 ms (wall time) | QUERY PLAN CACHE HITS: 0/1 statement(s)]
After reset, table use_count: 2
WARNING: Table still has 1 other owner(s) after pipeline reset!
Executing script file done
$:hsh clear_plan_caches
Cleared PQP and LQP caches
$:hsh clear_pipeline
Released last SQLPipeline
$:hsh reset_exec_pools
Reset execution pools (2, 3) bump pointers to start
$:hsh mem_usage
------------------------------------------
Memory Usage Statistics:
VmSize:	328142280 kB
VmRSS:	93010296 kB
1: MemResourceStatus {MigratedColumnsAggregate,18446744073709551615,63541608448,52888587462,0,0,1,N/A}
MemResourceStatus {NumaMonotonicResource,3,53687091200,0,0,0,1,0}
MemResourceStatus {NumaMonotonicResource,2,53687091200,0,0,0,0,0}
0: MemResourceStatus {MemManagerAggregate,18446744073709551615,53687091200,0,0,0,0,N/A}
1: MemResourceStatus {MemManagerAggregate,18446744073709551615,53687091200,0,0,0,1,N/A}
MemResourceStatus {DefaultResource,18446744073709551615,18446744073709551615,18446744071318973865,60530953333,0,-1,N/A}
Quick Memory Usage Overview:
Used Capacity: 0, 52888587462
------------------------------------------
Executing script file: /home/umeshsum/tpch_queries/4.sql
[32m(release)[0m> select
[32m(release)[0m> 	o_orderpriority,
[32m(release)[0m> 	count(*) as order_count
[32m(release)[0m> from
[32m(release)[0m> 	orders
[32m(release)[0m> where
[32m(release)[0m> 	o_orderdate >= date '1993-07-01'
[32m(release)[0m> 	and o_orderdate < date '1993-07-01' + interval '3' month
[32m(release)[0m> 	and exists (
[32m(release)[0m> 		select
[32m(release)[0m> 			*
[32m(release)[0m> 		from
[32m(release)[0m> 			lineitem
[32m(release)[0m> 		where
[32m(release)[0m> 			l_orderkey = o_orderkey
[32m(release)[0m> 			and l_commitdate < l_receiptdate
[32m(release)[0m> 	)
[32m(release)[0m> group by
[32m(release)[0m> 	o_orderpriority
[32m(release)[0m> order by
[32m(release)[0m> 	o_orderpriority;
VmRSS Change: 532 KB
===
5 rows total
Execution info: [PARSE: 58 µs 320 ns, SQL TRANSLATE: 217 µs 497 ns, OPTIMIZE: 2 ms 75 µs, LQP TRANSLATE: 84 µs 309 ns, EXECUTE: 1 s 801 ms (wall time) | QUERY PLAN CACHE HITS: 0/1 statement(s)]
After reset, table use_count: 2
WARNING: Table still has 1 other owner(s) after pipeline reset!
Executing script file done
$:hsh clear_plan_caches
Cleared PQP and LQP caches
$:hsh clear_pipeline
Released last SQLPipeline
$:hsh reset_exec_pools
Reset execution pools (2, 3) bump pointers to start
$:hsh mem_usage
------------------------------------------
Memory Usage Statistics:
VmSize:	328142280 kB
VmRSS:	93010820 kB
1: MemResourceStatus {MigratedColumnsAggregate,18446744073709551615,63541608448,52888587462,0,0,1,N/A}
MemResourceStatus {NumaMonotonicResource,3,53687091200,0,0,0,1,0}
MemResourceStatus {NumaMonotonicResource,2,53687091200,0,0,0,0,0}
0: MemResourceStatus {MemManagerAggregate,18446744073709551615,53687091200,0,0,0,0,N/A}
1: MemResourceStatus {MemManagerAggregate,18446744073709551615,53687091200,0,0,0,1,N/A}
MemResourceStatus {DefaultResource,18446744073709551615,18446744073709551615,18446744071318973865,60530953333,0,-1,N/A}
Quick Memory Usage Overview:
Used Capacity: 0, 52888587462
------------------------------------------
Executing script file: /home/umeshsum/tpch_queries/4.sql
[32m(release)[0m> select
[32m(release)[0m> 	o_orderpriority,
[32m(release)[0m> 	count(*) as order_count
[32m(release)[0m> from
[32m(release)[0m> 	orders
[32m(release)[0m> where
[32m(release)[0m> 	o_orderdate >= date '1993-07-01'
[32m(release)[0m> 	and o_orderdate < date '1993-07-01' + interval '3' month
[32m(release)[0m> 	and exists (
[32m(release)[0m> 		select
[32m(release)[0m> 			*
[32m(release)[0m> 		from
[32m(release)[0m> 			lineitem
[32m(release)[0m> 		where
[32m(release)[0m> 			l_orderkey = o_orderkey
[32m(release)[0m> 			and l_commitdate < l_receiptdate
[32m(release)[0m> 	)
[32m(release)[0m> group by
[32m(release)[0m> 	o_orderpriority
[32m(release)[0m> order by
[32m(release)[0m> 	o_orderpriority;
VmRSS Change: 18446744073709551592 KB
===
5 rows total
Execution info: [PARSE: 58 µs 770 ns, SQL TRANSLATE: 257 µs 327 ns, OPTIMIZE: 2 ms 823 µs, LQP TRANSLATE: 83 µs 819 ns, EXECUTE: 1 s 792 ms (wall time) | QUERY PLAN CACHE HITS: 0/1 statement(s)]
After reset, table use_count: 2
WARNING: Table still has 1 other owner(s) after pipeline reset!
Executing script file done
$:hsh clear_plan_caches
Cleared PQP and LQP caches
$:hsh clear_pipeline
Released last SQLPipeline
$:hsh reset_exec_pools
Reset execution pools (2, 3) bump pointers to start
$:hsh mem_usage
------------------------------------------
Memory Usage Statistics:
VmSize:	328142280 kB
VmRSS:	93010756 kB
1: MemResourceStatus {MigratedColumnsAggregate,18446744073709551615,63541608448,52888587462,0,0,1,N/A}
MemResourceStatus {NumaMonotonicResource,3,53687091200,0,0,0,1,0}
MemResourceStatus {NumaMonotonicResource,2,53687091200,0,0,0,0,0}
0: MemResourceStatus {MemManagerAggregate,18446744073709551615,53687091200,0,0,0,0,N/A}
1: MemResourceStatus {MemManagerAggregate,18446744073709551615,53687091200,0,0,0,1,N/A}
MemResourceStatus {DefaultResource,18446744073709551615,18446744073709551615,18446744071318973865,60530953333,0,-1,N/A}
Quick Memory Usage Overview:
Used Capacity: 0, 52888587462
------------------------------------------
Executing script file: /home/umeshsum/tpch_queries/4.sql
[32m(release)[0m> select
[32m(release)[0m> 	o_orderpriority,
[32m(release)[0m> 	count(*) as order_count
[32m(release)[0m> from
[32m(release)[0m> 	orders
[32m(release)[0m> where
[32m(release)[0m> 	o_orderdate >= date '1993-07-01'
[32m(release)[0m> 	and o_orderdate < date '1993-07-01' + interval '3' month
[32m(release)[0m> 	and exists (
[32m(release)[0m> 		select
[32m(release)[0m> 			*
[32m(release)[0m> 		from
[32m(release)[0m> 			lineitem
[32m(release)[0m> 		where
[32m(release)[0m> 			l_orderkey = o_orderkey
[32m(release)[0m> 			and l_commitdate < l_receiptdate
[32m(release)[0m> 	)
[32m(release)[0m> group by
[32m(release)[0m> 	o_orderpriority
[32m(release)[0m> order by
[32m(release)[0m> 	o_orderpriority;
VmRSS Change: 18446744073709549684 KB
===
5 rows total
Execution info: [PARSE: 56 µs 109 ns, SQL TRANSLATE: 163 µs 309 ns, OPTIMIZE: 2 ms 19 µs, LQP TRANSLATE: 83 µs 489 ns, EXECUTE: 1 s 794 ms (wall time) | QUERY PLAN CACHE HITS: 0/1 statement(s)]
After reset, table use_count: 2
WARNING: Table still has 1 other owner(s) after pipeline reset!
Executing script file done
$:hsh clear_plan_caches
Cleared PQP and LQP caches
$:hsh clear_pipeline
Released last SQLPipeline
$:hsh reset_exec_pools
Reset execution pools (2, 3) bump pointers to start
$:hsh mem_usage
------------------------------------------
Memory Usage Statistics:
VmSize:	328142280 kB
VmRSS:	93008820 kB
1: MemResourceStatus {MigratedColumnsAggregate,18446744073709551615,63541608448,52888587462,0,0,1,N/A}
MemResourceStatus {NumaMonotonicResource,3,53687091200,0,0,0,1,0}
MemResourceStatus {NumaMonotonicResource,2,53687091200,0,0,0,0,0}
0: MemResourceStatus {MemManagerAggregate,18446744073709551615,53687091200,0,0,0,0,N/A}
1: MemResourceStatus {MemManagerAggregate,18446744073709551615,53687091200,0,0,0,1,N/A}
MemResourceStatus {DefaultResource,18446744073709551615,18446744073709551615,18446744071318973865,60530953333,0,-1,N/A}
Quick Memory Usage Overview:
Used Capacity: 0, 52888587462
------------------------------------------
Executing script file: /home/umeshsum/tpch_queries/4.sql
[32m(release)[0m> select
[32m(release)[0m> 	o_orderpriority,
[32m(release)[0m> 	count(*) as order_count
[32m(release)[0m> from
[32m(release)[0m> 	orders
[32m(release)[0m> where
[32m(release)[0m> 	o_orderdate >= date '1993-07-01'
[32m(release)[0m> 	and o_orderdate < date '1993-07-01' + interval '3' month
[32m(release)[0m> 	and exists (
[32m(release)[0m> 		select
[32m(release)[0m> 			*
[32m(release)[0m> 		from
[32m(release)[0m> 			lineitem
[32m(release)[0m> 		where
[32m(release)[0m> 			l_orderkey = o_orderkey
[32m(release)[0m> 			and l_commitdate < l_receiptdate
[32m(release)[0m> 	)
[32m(release)[0m> group by
[32m(release)[0m> 	o_orderpriority
[32m(release)[0m> order by
[32m(release)[0m> 	o_orderpriority;
VmRSS Change: 776 KB
===
5 rows total
Execution info: [PARSE: 67 µs 999 ns, SQL TRANSLATE: 163 µs 438 ns, OPTIMIZE: 2 ms 294 µs, LQP TRANSLATE: 83 µs 839 ns, EXECUTE: 1 s 788 ms (wall time) | QUERY PLAN CACHE HITS: 0/1 statement(s)]
After reset, table use_count: 2
WARNING: Table still has 1 other owner(s) after pipeline reset!
Executing script file done
$:hsh clear_plan_caches
Cleared PQP and LQP caches
$:hsh clear_pipeline
Released last SQLPipeline
$:hsh reset_exec_pools
Reset execution pools (2, 3) bump pointers to start
$:hsh mem_usage
------------------------------------------
Memory Usage Statistics:
VmSize:	328142280 kB
VmRSS:	93009592 kB
1: MemResourceStatus {MigratedColumnsAggregate,18446744073709551615,63541608448,52888587462,0,0,1,N/A}
MemResourceStatus {NumaMonotonicResource,3,53687091200,0,0,0,1,0}
MemResourceStatus {NumaMonotonicResource,2,53687091200,0,0,0,0,0}
0: MemResourceStatus {MemManagerAggregate,18446744073709551615,53687091200,0,0,0,0,N/A}
1: MemResourceStatus {MemManagerAggregate,18446744073709551615,53687091200,0,0,0,1,N/A}
MemResourceStatus {DefaultResource,18446744073709551615,18446744073709551615,18446744071318973865,60530953333,0,-1,N/A}
Quick Memory Usage Overview:
Used Capacity: 0, 52888587462
------------------------------------------
Executing script file: /home/umeshsum/tpch_queries/4.sql
[32m(release)[0m> select
[32m(release)[0m> 	o_orderpriority,
[32m(release)[0m> 	count(*) as order_count
[32m(release)[0m> from
[32m(release)[0m> 	orders
[32m(release)[0m> where
[32m(release)[0m> 	o_orderdate >= date '1993-07-01'
[32m(release)[0m> 	and o_orderdate < date '1993-07-01' + interval '3' month
[32m(release)[0m> 	and exists (
[32m(release)[0m> 		select
[32m(release)[0m> 			*
[32m(release)[0m> 		from
[32m(release)[0m> 			lineitem
[32m(release)[0m> 		where
[32m(release)[0m> 			l_orderkey = o_orderkey
[32m(release)[0m> 			and l_commitdate < l_receiptdate
[32m(release)[0m> 	)
[32m(release)[0m> group by
[32m(release)[0m> 	o_orderpriority
[32m(release)[0m> order by
[32m(release)[0m> 	o_orderpriority;
VmRSS Change: 1152 KB
===
5 rows total
Execution info: [PARSE: 56 µs 750 ns, SQL TRANSLATE: 175 µs 638 ns, OPTIMIZE: 2 ms 32 µs, LQP TRANSLATE: 82 µs 799 ns, EXECUTE: 1 s 786 ms (wall time) | QUERY PLAN CACHE HITS: 0/1 statement(s)]
After reset, table use_count: 2
WARNING: Table still has 1 other owner(s) after pipeline reset!
Executing script file done
$:hsh clear_plan_caches
Cleared PQP and LQP caches
$:hsh clear_pipeline
Released last SQLPipeline
$:hsh reset_exec_pools
Reset execution pools (2, 3) bump pointers to start
$:hsh mem_usage
------------------------------------------
Memory Usage Statistics:
VmSize:	328142280 kB
VmRSS:	93010608 kB
1: MemResourceStatus {MigratedColumnsAggregate,18446744073709551615,63541608448,52888587462,0,0,1,N/A}
MemResourceStatus {NumaMonotonicResource,3,53687091200,0,0,0,1,0}
MemResourceStatus {NumaMonotonicResource,2,53687091200,0,0,0,0,0}
0: MemResourceStatus {MemManagerAggregate,18446744073709551615,53687091200,0,0,0,0,N/A}
1: MemResourceStatus {MemManagerAggregate,18446744073709551615,53687091200,0,0,0,1,N/A}
MemResourceStatus {DefaultResource,18446744073709551615,18446744073709551615,18446744071318973865,60530953333,0,-1,N/A}
Quick Memory Usage Overview:
Used Capacity: 0, 52888587462
------------------------------------------
Executing script file: /home/umeshsum/tpch_queries/4.sql
[32m(release)[0m> select
[32m(release)[0m> 	o_orderpriority,
[32m(release)[0m> 	count(*) as order_count
[32m(release)[0m> from
[32m(release)[0m> 	orders
[32m(release)[0m> where
[32m(release)[0m> 	o_orderdate >= date '1993-07-01'
[32m(release)[0m> 	and o_orderdate < date '1993-07-01' + interval '3' month
[32m(release)[0m> 	and exists (
[32m(release)[0m> 		select
[32m(release)[0m> 			*
[32m(release)[0m> 		from
[32m(release)[0m> 			lineitem
[32m(release)[0m> 		where
[32m(release)[0m> 			l_orderkey = o_orderkey
[32m(release)[0m> 			and l_commitdate < l_receiptdate
[32m(release)[0m> 	)
[32m(release)[0m> group by
[32m(release)[0m> 	o_orderpriority
[32m(release)[0m> order by
[32m(release)[0m> 	o_orderpriority;
VmRSS Change: 1376 KB
===
5 rows total
Execution info: [PARSE: 57 µs 490 ns, SQL TRANSLATE: 169 µs 698 ns, OPTIMIZE: 2 ms 59 µs, LQP TRANSLATE: 84 µs 79 ns, EXECUTE: 1 s 791 ms (wall time) | QUERY PLAN CACHE HITS: 0/1 statement(s)]
After reset, table use_count: 2
WARNING: Table still has 1 other owner(s) after pipeline reset!
Executing script file done
$:hsh clear_plan_caches
Cleared PQP and LQP caches
$:hsh clear_pipeline
Released last SQLPipeline
$:hsh reset_exec_pools
Reset execution pools (2, 3) bump pointers to start
$:hsh mem_usage
------------------------------------------
Memory Usage Statistics:
VmSize:	328142280 kB
VmRSS:	93011988 kB
1: MemResourceStatus {MigratedColumnsAggregate,18446744073709551615,63541608448,52888587462,0,0,1,N/A}
MemResourceStatus {NumaMonotonicResource,3,53687091200,0,0,0,1,0}
MemResourceStatus {NumaMonotonicResource,2,53687091200,0,0,0,0,0}
0: MemResourceStatus {MemManagerAggregate,18446744073709551615,53687091200,0,0,0,0,N/A}
1: MemResourceStatus {MemManagerAggregate,18446744073709551615,53687091200,0,0,0,1,N/A}
MemResourceStatus {DefaultResource,18446744073709551615,18446744073709551615,18446744071318973865,60530953333,0,-1,N/A}
Quick Memory Usage Overview:
Used Capacity: 0, 52888587462
------------------------------------------
Label set to d53687091200_tf1000000000000_q5
$:hsh clear_plan_caches
Cleared PQP and LQP caches
$:hsh clear_pipeline
Released last SQLPipeline
$:hsh reset_exec_pools
Reset execution pools (2, 3) bump pointers to start
$:hsh mem_usage
------------------------------------------
Memory Usage Statistics:
VmSize:	328142280 kB
VmRSS:	93011972 kB
1: MemResourceStatus {MigratedColumnsAggregate,18446744073709551615,63541608448,52888587462,0,0,1,N/A}
MemResourceStatus {NumaMonotonicResource,3,53687091200,0,0,0,1,0}
MemResourceStatus {NumaMonotonicResource,2,53687091200,0,0,0,0,0}
0: MemResourceStatus {MemManagerAggregate,18446744073709551615,53687091200,0,0,0,0,N/A}
1: MemResourceStatus {MemManagerAggregate,18446744073709551615,53687091200,0,0,0,1,N/A}
MemResourceStatus {DefaultResource,18446744073709551615,18446744073709551615,18446744071318973865,60530953333,0,-1,N/A}
Quick Memory Usage Overview:
Used Capacity: 0, 52888587462
------------------------------------------
Executing script file: /home/umeshsum/tpch_queries/5.sql
[32m(release)[0m> select
[32m(release)[0m> 	n_name,
[32m(release)[0m> 	sum(l_extendedprice * (1 - l_discount)) as revenue
[32m(release)[0m> from
[32m(release)[0m> 	customer,
[32m(release)[0m> 	orders,
[32m(release)[0m> 	lineitem,
[32m(release)[0m> 	supplier,
[32m(release)[0m> 	nation,
[32m(release)[0m> 	region
[32m(release)[0m> where
[32m(release)[0m> 	c_custkey = o_custkey
[32m(release)[0m> 	and l_orderkey = o_orderkey
[32m(release)[0m> 	and l_suppkey = s_suppkey
[32m(release)[0m> 	and c_nationkey = s_nationkey
[32m(release)[0m> 	and s_nationkey = n_nationkey
[32m(release)[0m> 	and n_regionkey = r_regionkey
[32m(release)[0m> 	and r_name = 'ASIA'
[32m(release)[0m> 	and o_orderdate >= date '1994-01-01'
[32m(release)[0m> 	and o_orderdate < date '1994-01-01' + interval '1' year
[32m(release)[0m> group by
[32m(release)[0m> 	n_name
[32m(release)[0m> order by
[32m(release)[0m> 	revenue desc;
VmRSS Change: 18446744073709550712 KB
===
5 rows total
Execution info: [PARSE: 63 µs 699 ns, SQL TRANSLATE: 286 µs 287 ns, OPTIMIZE: 18 ms 553 µs, LQP TRANSLATE: 271 µs 798 ns, EXECUTE: 2 s 524 ms (wall time) | QUERY PLAN CACHE HITS: 0/1 statement(s)]
After reset, table use_count: 2
WARNING: Table still has 1 other owner(s) after pipeline reset!
Executing script file done
$:hsh clear_plan_caches
Cleared PQP and LQP caches
$:hsh clear_pipeline
Released last SQLPipeline
$:hsh reset_exec_pools
Reset execution pools (2, 3) bump pointers to start
$:hsh mem_usage
------------------------------------------
Memory Usage Statistics:
VmSize:	328142280 kB
VmRSS:	93011320 kB
1: MemResourceStatus {MigratedColumnsAggregate,18446744073709551615,63541608448,52888587462,0,0,1,N/A}
MemResourceStatus {NumaMonotonicResource,3,53687091200,0,0,0,1,0}
MemResourceStatus {NumaMonotonicResource,2,53687091200,0,0,0,0,0}
0: MemResourceStatus {MemManagerAggregate,18446744073709551615,53687091200,0,0,0,0,N/A}
1: MemResourceStatus {MemManagerAggregate,18446744073709551615,53687091200,0,0,0,1,N/A}
MemResourceStatus {DefaultResource,18446744073709551615,18446744073709551615,18446744071318973865,60530953333,0,-1,N/A}
Quick Memory Usage Overview:
Used Capacity: 0, 52888587462
------------------------------------------
Executing script file: /home/umeshsum/tpch_queries/5.sql
[32m(release)[0m> select
[32m(release)[0m> 	n_name,
[32m(release)[0m> 	sum(l_extendedprice * (1 - l_discount)) as revenue
[32m(release)[0m> from
[32m(release)[0m> 	customer,
[32m(release)[0m> 	orders,
[32m(release)[0m> 	lineitem,
[32m(release)[0m> 	supplier,
[32m(release)[0m> 	nation,
[32m(release)[0m> 	region
[32m(release)[0m> where
[32m(release)[0m> 	c_custkey = o_custkey
[32m(release)[0m> 	and l_orderkey = o_orderkey
[32m(release)[0m> 	and l_suppkey = s_suppkey
[32m(release)[0m> 	and c_nationkey = s_nationkey
[32m(release)[0m> 	and s_nationkey = n_nationkey
[32m(release)[0m> 	and n_regionkey = r_regionkey
[32m(release)[0m> 	and r_name = 'ASIA'
[32m(release)[0m> 	and o_orderdate >= date '1994-01-01'
[32m(release)[0m> 	and o_orderdate < date '1994-01-01' + interval '1' year
[32m(release)[0m> group by
[32m(release)[0m> 	n_name
[32m(release)[0m> order by
[32m(release)[0m> 	revenue desc;
VmRSS Change: 18446744073709549888 KB
===
5 rows total
Execution info: [PARSE: 66 µs 579 ns, SQL TRANSLATE: 250 µs 607 ns, OPTIMIZE: 18 ms 154 µs, LQP TRANSLATE: 276 µs 788 ns, EXECUTE: 2 s 509 ms (wall time) | QUERY PLAN CACHE HITS: 0/1 statement(s)]
After reset, table use_count: 2
WARNING: Table still has 1 other owner(s) after pipeline reset!
Executing script file done
$:hsh clear_plan_caches
Cleared PQP and LQP caches
$:hsh clear_pipeline
Released last SQLPipeline
$:hsh reset_exec_pools
Reset execution pools (2, 3) bump pointers to start
$:hsh mem_usage
------------------------------------------
Memory Usage Statistics:
VmSize:	328142280 kB
VmRSS:	93009620 kB
1: MemResourceStatus {MigratedColumnsAggregate,18446744073709551615,63541608448,52888587462,0,0,1,N/A}
MemResourceStatus {NumaMonotonicResource,3,53687091200,0,0,0,1,0}
MemResourceStatus {NumaMonotonicResource,2,53687091200,0,0,0,0,0}
0: MemResourceStatus {MemManagerAggregate,18446744073709551615,53687091200,0,0,0,0,N/A}
1: MemResourceStatus {MemManagerAggregate,18446744073709551615,53687091200,0,0,0,1,N/A}
MemResourceStatus {DefaultResource,18446744073709551615,18446744073709551615,18446744071318973865,60530953333,0,-1,N/A}
Quick Memory Usage Overview:
Used Capacity: 0, 52888587462
------------------------------------------
Executing script file: /home/umeshsum/tpch_queries/5.sql
[32m(release)[0m> select
[32m(release)[0m> 	n_name,
[32m(release)[0m> 	sum(l_extendedprice * (1 - l_discount)) as revenue
[32m(release)[0m> from
[32m(release)[0m> 	customer,
[32m(release)[0m> 	orders,
[32m(release)[0m> 	lineitem,
[32m(release)[0m> 	supplier,
[32m(release)[0m> 	nation,
[32m(release)[0m> 	region
[32m(release)[0m> where
[32m(release)[0m> 	c_custkey = o_custkey
[32m(release)[0m> 	and l_orderkey = o_orderkey
[32m(release)[0m> 	and l_suppkey = s_suppkey
[32m(release)[0m> 	and c_nationkey = s_nationkey
[32m(release)[0m> 	and s_nationkey = n_nationkey
[32m(release)[0m> 	and n_regionkey = r_regionkey
[32m(release)[0m> 	and r_name = 'ASIA'
[32m(release)[0m> 	and o_orderdate >= date '1994-01-01'
[32m(release)[0m> 	and o_orderdate < date '1994-01-01' + interval '1' year
[32m(release)[0m> group by
[32m(release)[0m> 	n_name
[32m(release)[0m> order by
[32m(release)[0m> 	revenue desc;
VmRSS Change: 632 KB
===
5 rows total
Execution info: [PARSE: 66 µs 189 ns, SQL TRANSLATE: 234 µs 398 ns, OPTIMIZE: 18 ms 156 µs, LQP TRANSLATE: 266 µs 467 ns, EXECUTE: 2 s 507 ms (wall time) | QUERY PLAN CACHE HITS: 0/1 statement(s)]
After reset, table use_count: 2
WARNING: Table still has 1 other owner(s) after pipeline reset!
Executing script file done
$:hsh clear_plan_caches
Cleared PQP and LQP caches
$:hsh clear_pipeline
Released last SQLPipeline
$:hsh reset_exec_pools
Reset execution pools (2, 3) bump pointers to start
$:hsh mem_usage
------------------------------------------
Memory Usage Statistics:
VmSize:	328142280 kB
VmRSS:	93010248 kB
1: MemResourceStatus {MigratedColumnsAggregate,18446744073709551615,63541608448,52888587462,0,0,1,N/A}
MemResourceStatus {NumaMonotonicResource,3,53687091200,0,0,0,1,0}
MemResourceStatus {NumaMonotonicResource,2,53687091200,0,0,0,0,0}
0: MemResourceStatus {MemManagerAggregate,18446744073709551615,53687091200,0,0,0,0,N/A}
1: MemResourceStatus {MemManagerAggregate,18446744073709551615,53687091200,0,0,0,1,N/A}
MemResourceStatus {DefaultResource,18446744073709551615,18446744073709551615,18446744071318973865,60530953333,0,-1,N/A}
Quick Memory Usage Overview:
Used Capacity: 0, 52888587462
------------------------------------------
Executing script file: /home/umeshsum/tpch_queries/5.sql
[32m(release)[0m> select
[32m(release)[0m> 	n_name,
[32m(release)[0m> 	sum(l_extendedprice * (1 - l_discount)) as revenue
[32m(release)[0m> from
[32m(release)[0m> 	customer,
[32m(release)[0m> 	orders,
[32m(release)[0m> 	lineitem,
[32m(release)[0m> 	supplier,
[32m(release)[0m> 	nation,
[32m(release)[0m> 	region
[32m(release)[0m> where
[32m(release)[0m> 	c_custkey = o_custkey
[32m(release)[0m> 	and l_orderkey = o_orderkey
[32m(release)[0m> 	and l_suppkey = s_suppkey
[32m(release)[0m> 	and c_nationkey = s_nationkey
[32m(release)[0m> 	and s_nationkey = n_nationkey
[32m(release)[0m> 	and n_regionkey = r_regionkey
[32m(release)[0m> 	and r_name = 'ASIA'
[32m(release)[0m> 	and o_orderdate >= date '1994-01-01'
[32m(release)[0m> 	and o_orderdate < date '1994-01-01' + interval '1' year
[32m(release)[0m> group by
[32m(release)[0m> 	n_name
[32m(release)[0m> order by
[32m(release)[0m> 	revenue desc;
VmRSS Change: 18446744073709550432 KB
===
5 rows total
Execution info: [PARSE: 77 µs 339 ns, SQL TRANSLATE: 232 µs 568 ns, OPTIMIZE: 18 ms 600 µs, LQP TRANSLATE: 295 µs 687 ns, EXECUTE: 2 s 630 ms (wall time) | QUERY PLAN CACHE HITS: 0/1 statement(s)]
After reset, table use_count: 2
WARNING: Table still has 1 other owner(s) after pipeline reset!
Executing script file done
$:hsh clear_plan_caches
Cleared PQP and LQP caches
$:hsh clear_pipeline
Released last SQLPipeline
$:hsh reset_exec_pools
Reset execution pools (2, 3) bump pointers to start
$:hsh mem_usage
------------------------------------------
Memory Usage Statistics:
VmSize:	328142280 kB
VmRSS:	93009064 kB
1: MemResourceStatus {MigratedColumnsAggregate,18446744073709551615,63541608448,52888587462,0,0,1,N/A}
MemResourceStatus {NumaMonotonicResource,3,53687091200,0,0,0,1,0}
MemResourceStatus {NumaMonotonicResource,2,53687091200,0,0,0,0,0}
0: MemResourceStatus {MemManagerAggregate,18446744073709551615,53687091200,0,0,0,0,N/A}
1: MemResourceStatus {MemManagerAggregate,18446744073709551615,53687091200,0,0,0,1,N/A}
MemResourceStatus {DefaultResource,18446744073709551615,18446744073709551615,18446744071318973865,60530953333,0,-1,N/A}
Quick Memory Usage Overview:
Used Capacity: 0, 52888587462
------------------------------------------
Executing script file: /home/umeshsum/tpch_queries/5.sql
[32m(release)[0m> select
[32m(release)[0m> 	n_name,
[32m(release)[0m> 	sum(l_extendedprice * (1 - l_discount)) as revenue
[32m(release)[0m> from
[32m(release)[0m> 	customer,
[32m(release)[0m> 	orders,
[32m(release)[0m> 	lineitem,
[32m(release)[0m> 	supplier,
[32m(release)[0m> 	nation,
[32m(release)[0m> 	region
[32m(release)[0m> where
[32m(release)[0m> 	c_custkey = o_custkey
[32m(release)[0m> 	and l_orderkey = o_orderkey
[32m(release)[0m> 	and l_suppkey = s_suppkey
[32m(release)[0m> 	and c_nationkey = s_nationkey
[32m(release)[0m> 	and s_nationkey = n_nationkey
[32m(release)[0m> 	and n_regionkey = r_regionkey
[32m(release)[0m> 	and r_name = 'ASIA'
[32m(release)[0m> 	and o_orderdate >= date '1994-01-01'
[32m(release)[0m> 	and o_orderdate < date '1994-01-01' + interval '1' year
[32m(release)[0m> group by
[32m(release)[0m> 	n_name
[32m(release)[0m> order by
[32m(release)[0m> 	revenue desc;
VmRSS Change: 136 KB
===
5 rows total
Execution info: [PARSE: 65 µs 639 ns, SQL TRANSLATE: 244 µs 7 ns, OPTIMIZE: 18 ms 435 µs, LQP TRANSLATE: 274 µs 667 ns, EXECUTE: 2 s 477 ms (wall time) | QUERY PLAN CACHE HITS: 0/1 statement(s)]
After reset, table use_count: 2
WARNING: Table still has 1 other owner(s) after pipeline reset!
Executing script file done
$:hsh clear_plan_caches
Cleared PQP and LQP caches
$:hsh clear_pipeline
Released last SQLPipeline
$:hsh reset_exec_pools
Reset execution pools (2, 3) bump pointers to start
$:hsh mem_usage
------------------------------------------
Memory Usage Statistics:
VmSize:	328142280 kB
VmRSS:	93009196 kB
1: MemResourceStatus {MigratedColumnsAggregate,18446744073709551615,63541608448,52888587462,0,0,1,N/A}
MemResourceStatus {NumaMonotonicResource,3,53687091200,0,0,0,1,0}
MemResourceStatus {NumaMonotonicResource,2,53687091200,0,0,0,0,0}
0: MemResourceStatus {MemManagerAggregate,18446744073709551615,53687091200,0,0,0,0,N/A}
1: MemResourceStatus {MemManagerAggregate,18446744073709551615,53687091200,0,0,0,1,N/A}
MemResourceStatus {DefaultResource,18446744073709551615,18446744073709551615,18446744071318973865,60530953333,0,-1,N/A}
Quick Memory Usage Overview:
Used Capacity: 0, 52888587462
------------------------------------------
Executing script file: /home/umeshsum/tpch_queries/5.sql
[32m(release)[0m> select
[32m(release)[0m> 	n_name,
[32m(release)[0m> 	sum(l_extendedprice * (1 - l_discount)) as revenue
[32m(release)[0m> from
[32m(release)[0m> 	customer,
[32m(release)[0m> 	orders,
[32m(release)[0m> 	lineitem,
[32m(release)[0m> 	supplier,
[32m(release)[0m> 	nation,
[32m(release)[0m> 	region
[32m(release)[0m> where
[32m(release)[0m> 	c_custkey = o_custkey
[32m(release)[0m> 	and l_orderkey = o_orderkey
[32m(release)[0m> 	and l_suppkey = s_suppkey
[32m(release)[0m> 	and c_nationkey = s_nationkey
[32m(release)[0m> 	and s_nationkey = n_nationkey
[32m(release)[0m> 	and n_regionkey = r_regionkey
[32m(release)[0m> 	and r_name = 'ASIA'
[32m(release)[0m> 	and o_orderdate >= date '1994-01-01'
[32m(release)[0m> 	and o_orderdate < date '1994-01-01' + interval '1' year
[32m(release)[0m> group by
[32m(release)[0m> 	n_name
[32m(release)[0m> order by
[32m(release)[0m> 	revenue desc;
VmRSS Change: 896 KB
===
5 rows total
Execution info: [PARSE: 66 µs 849 ns, SQL TRANSLATE: 234 µs 538 ns, OPTIMIZE: 18 ms 884 µs, LQP TRANSLATE: 285 µs 998 ns, EXECUTE: 2 s 593 ms (wall time) | QUERY PLAN CACHE HITS: 0/1 statement(s)]
After reset, table use_count: 2
WARNING: Table still has 1 other owner(s) after pipeline reset!
Executing script file done
$:hsh clear_plan_caches
Cleared PQP and LQP caches
$:hsh clear_pipeline
Released last SQLPipeline
$:hsh reset_exec_pools
Reset execution pools (2, 3) bump pointers to start
$:hsh mem_usage
------------------------------------------
Memory Usage Statistics:
VmSize:	328142280 kB
VmRSS:	93010096 kB
1: MemResourceStatus {MigratedColumnsAggregate,18446744073709551615,63541608448,52888587462,0,0,1,N/A}
MemResourceStatus {NumaMonotonicResource,3,53687091200,0,0,0,1,0}
MemResourceStatus {NumaMonotonicResource,2,53687091200,0,0,0,0,0}
0: MemResourceStatus {MemManagerAggregate,18446744073709551615,53687091200,0,0,0,0,N/A}
1: MemResourceStatus {MemManagerAggregate,18446744073709551615,53687091200,0,0,0,1,N/A}
MemResourceStatus {DefaultResource,18446744073709551615,18446744073709551615,18446744071318973865,60530953333,0,-1,N/A}
Quick Memory Usage Overview:
Used Capacity: 0, 52888587462
------------------------------------------
Executing script file: /home/umeshsum/tpch_queries/5.sql
[32m(release)[0m> select
[32m(release)[0m> 	n_name,
[32m(release)[0m> 	sum(l_extendedprice * (1 - l_discount)) as revenue
[32m(release)[0m> from
[32m(release)[0m> 	customer,
[32m(release)[0m> 	orders,
[32m(release)[0m> 	lineitem,
[32m(release)[0m> 	supplier,
[32m(release)[0m> 	nation,
[32m(release)[0m> 	region
[32m(release)[0m> where
[32m(release)[0m> 	c_custkey = o_custkey
[32m(release)[0m> 	and l_orderkey = o_orderkey
[32m(release)[0m> 	and l_suppkey = s_suppkey
[32m(release)[0m> 	and c_nationkey = s_nationkey
[32m(release)[0m> 	and s_nationkey = n_nationkey
[32m(release)[0m> 	and n_regionkey = r_regionkey
[32m(release)[0m> 	and r_name = 'ASIA'
[32m(release)[0m> 	and o_orderdate >= date '1994-01-01'
[32m(release)[0m> 	and o_orderdate < date '1994-01-01' + interval '1' year
[32m(release)[0m> group by
[32m(release)[0m> 	n_name
[32m(release)[0m> order by
[32m(release)[0m> 	revenue desc;
VmRSS Change: 548 KB
===
5 rows total
Execution info: [PARSE: 66 µs 29 ns, SQL TRANSLATE: 236 µs 518 ns, OPTIMIZE: 18 ms 772 µs, LQP TRANSLATE: 279 µs 108 ns, EXECUTE: 2 s 489 ms (wall time) | QUERY PLAN CACHE HITS: 0/1 statement(s)]
After reset, table use_count: 2
WARNING: Table still has 1 other owner(s) after pipeline reset!
Executing script file done
$:hsh clear_plan_caches
Cleared PQP and LQP caches
$:hsh clear_pipeline
Released last SQLPipeline
$:hsh reset_exec_pools
Reset execution pools (2, 3) bump pointers to start
$:hsh mem_usage
------------------------------------------
Memory Usage Statistics:
VmSize:	328142280 kB
VmRSS:	93010464 kB
1: MemResourceStatus {MigratedColumnsAggregate,18446744073709551615,63541608448,52888587462,0,0,1,N/A}
MemResourceStatus {NumaMonotonicResource,3,53687091200,0,0,0,1,0}
MemResourceStatus {NumaMonotonicResource,2,53687091200,0,0,0,0,0}
0: MemResourceStatus {MemManagerAggregate,18446744073709551615,53687091200,0,0,0,0,N/A}
1: MemResourceStatus {MemManagerAggregate,18446744073709551615,53687091200,0,0,0,1,N/A}
MemResourceStatus {DefaultResource,18446744073709551615,18446744073709551615,18446744071318973865,60530953333,0,-1,N/A}
Quick Memory Usage Overview:
Used Capacity: 0, 52888587462
------------------------------------------
Executing script file: /home/umeshsum/tpch_queries/5.sql
[32m(release)[0m> select
[32m(release)[0m> 	n_name,
[32m(release)[0m> 	sum(l_extendedprice * (1 - l_discount)) as revenue
[32m(release)[0m> from
[32m(release)[0m> 	customer,
[32m(release)[0m> 	orders,
[32m(release)[0m> 	lineitem,
[32m(release)[0m> 	supplier,
[32m(release)[0m> 	nation,
[32m(release)[0m> 	region
[32m(release)[0m> where
[32m(release)[0m> 	c_custkey = o_custkey
[32m(release)[0m> 	and l_orderkey = o_orderkey
[32m(release)[0m> 	and l_suppkey = s_suppkey
[32m(release)[0m> 	and c_nationkey = s_nationkey
[32m(release)[0m> 	and s_nationkey = n_nationkey
[32m(release)[0m> 	and n_regionkey = r_regionkey
[32m(release)[0m> 	and r_name = 'ASIA'
[32m(release)[0m> 	and o_orderdate >= date '1994-01-01'
[32m(release)[0m> 	and o_orderdate < date '1994-01-01' + interval '1' year
[32m(release)[0m> group by
[32m(release)[0m> 	n_name
[32m(release)[0m> order by
[32m(release)[0m> 	revenue desc;
VmRSS Change: 18446744073709551452 KB
===
5 rows total
Execution info: [PARSE: 63 µs 789 ns, SQL TRANSLATE: 233 µs 478 ns, OPTIMIZE: 18 ms 782 µs, LQP TRANSLATE: 295 µs 17 ns, EXECUTE: 2 s 481 ms (wall time) | QUERY PLAN CACHE HITS: 0/1 statement(s)]
After reset, table use_count: 2
WARNING: Table still has 1 other owner(s) after pipeline reset!
Executing script file done
$:hsh clear_plan_caches
Cleared PQP and LQP caches
$:hsh clear_pipeline
Released last SQLPipeline
$:hsh reset_exec_pools
Reset execution pools (2, 3) bump pointers to start
$:hsh mem_usage
------------------------------------------
Memory Usage Statistics:
VmSize:	328142280 kB
VmRSS:	93010276 kB
1: MemResourceStatus {MigratedColumnsAggregate,18446744073709551615,63541608448,52888587462,0,0,1,N/A}
MemResourceStatus {NumaMonotonicResource,3,53687091200,0,0,0,1,0}
MemResourceStatus {NumaMonotonicResource,2,53687091200,0,0,0,0,0}
0: MemResourceStatus {MemManagerAggregate,18446744073709551615,53687091200,0,0,0,0,N/A}
1: MemResourceStatus {MemManagerAggregate,18446744073709551615,53687091200,0,0,0,1,N/A}
MemResourceStatus {DefaultResource,18446744073709551615,18446744073709551615,18446744071318973865,60530953333,0,-1,N/A}
Quick Memory Usage Overview:
Used Capacity: 0, 52888587462
------------------------------------------
Executing script file: /home/umeshsum/tpch_queries/5.sql
[32m(release)[0m> select
[32m(release)[0m> 	n_name,
[32m(release)[0m> 	sum(l_extendedprice * (1 - l_discount)) as revenue
[32m(release)[0m> from
[32m(release)[0m> 	customer,
[32m(release)[0m> 	orders,
[32m(release)[0m> 	lineitem,
[32m(release)[0m> 	supplier,
[32m(release)[0m> 	nation,
[32m(release)[0m> 	region
[32m(release)[0m> where
[32m(release)[0m> 	c_custkey = o_custkey
[32m(release)[0m> 	and l_orderkey = o_orderkey
[32m(release)[0m> 	and l_suppkey = s_suppkey
[32m(release)[0m> 	and c_nationkey = s_nationkey
[32m(release)[0m> 	and s_nationkey = n_nationkey
[32m(release)[0m> 	and n_regionkey = r_regionkey
[32m(release)[0m> 	and r_name = 'ASIA'
[32m(release)[0m> 	and o_orderdate >= date '1994-01-01'
[32m(release)[0m> 	and o_orderdate < date '1994-01-01' + interval '1' year
[32m(release)[0m> group by
[32m(release)[0m> 	n_name
[32m(release)[0m> order by
[32m(release)[0m> 	revenue desc;
VmRSS Change: 18446744073709550200 KB
===
5 rows total
Execution info: [PARSE: 73 µs 439 ns, SQL TRANSLATE: 232 µs 948 ns, OPTIMIZE: 18 ms 725 µs, LQP TRANSLATE: 277 µs 547 ns, EXECUTE: 2 s 485 ms (wall time) | QUERY PLAN CACHE HITS: 0/1 statement(s)]
After reset, table use_count: 2
WARNING: Table still has 1 other owner(s) after pipeline reset!
Executing script file done
$:hsh clear_plan_caches
Cleared PQP and LQP caches
$:hsh clear_pipeline
Released last SQLPipeline
$:hsh reset_exec_pools
Reset execution pools (2, 3) bump pointers to start
$:hsh mem_usage
------------------------------------------
Memory Usage Statistics:
VmSize:	328142280 kB
VmRSS:	93008868 kB
1: MemResourceStatus {MigratedColumnsAggregate,18446744073709551615,63541608448,52888587462,0,0,1,N/A}
MemResourceStatus {NumaMonotonicResource,3,53687091200,0,0,0,1,0}
MemResourceStatus {NumaMonotonicResource,2,53687091200,0,0,0,0,0}
0: MemResourceStatus {MemManagerAggregate,18446744073709551615,53687091200,0,0,0,0,N/A}
1: MemResourceStatus {MemManagerAggregate,18446744073709551615,53687091200,0,0,0,1,N/A}
MemResourceStatus {DefaultResource,18446744073709551615,18446744073709551615,18446744071318973865,60530953333,0,-1,N/A}
Quick Memory Usage Overview:
Used Capacity: 0, 52888587462
------------------------------------------
Executing script file: /home/umeshsum/tpch_queries/5.sql
[32m(release)[0m> select
[32m(release)[0m> 	n_name,
[32m(release)[0m> 	sum(l_extendedprice * (1 - l_discount)) as revenue
[32m(release)[0m> from
[32m(release)[0m> 	customer,
[32m(release)[0m> 	orders,
[32m(release)[0m> 	lineitem,
[32m(release)[0m> 	supplier,
[32m(release)[0m> 	nation,
[32m(release)[0m> 	region
[32m(release)[0m> where
[32m(release)[0m> 	c_custkey = o_custkey
[32m(release)[0m> 	and l_orderkey = o_orderkey
[32m(release)[0m> 	and l_suppkey = s_suppkey
[32m(release)[0m> 	and c_nationkey = s_nationkey
[32m(release)[0m> 	and s_nationkey = n_nationkey
[32m(release)[0m> 	and n_regionkey = r_regionkey
[32m(release)[0m> 	and r_name = 'ASIA'
[32m(release)[0m> 	and o_orderdate >= date '1994-01-01'
[32m(release)[0m> 	and o_orderdate < date '1994-01-01' + interval '1' year
[32m(release)[0m> group by
[32m(release)[0m> 	n_name
[32m(release)[0m> order by
[32m(release)[0m> 	revenue desc;
VmRSS Change: 18446744073709551068 KB
===
5 rows total
Execution info: [PARSE: 65 µs 210 ns, SQL TRANSLATE: 230 µs 857 ns, OPTIMIZE: 18 ms 792 µs, LQP TRANSLATE: 279 µs 827 ns, EXECUTE: 2 s 553 ms (wall time) | QUERY PLAN CACHE HITS: 0/1 statement(s)]
After reset, table use_count: 2
WARNING: Table still has 1 other owner(s) after pipeline reset!
Executing script file done
$:hsh clear_plan_caches
Cleared PQP and LQP caches
$:hsh clear_pipeline
Released last SQLPipeline
$:hsh reset_exec_pools
Reset execution pools (2, 3) bump pointers to start
$:hsh mem_usage
------------------------------------------
Memory Usage Statistics:
VmSize:	328142280 kB
VmRSS:	93008300 kB
1: MemResourceStatus {MigratedColumnsAggregate,18446744073709551615,63541608448,52888587462,0,0,1,N/A}
MemResourceStatus {NumaMonotonicResource,3,53687091200,0,0,0,1,0}
MemResourceStatus {NumaMonotonicResource,2,53687091200,0,0,0,0,0}
0: MemResourceStatus {MemManagerAggregate,18446744073709551615,53687091200,0,0,0,0,N/A}
1: MemResourceStatus {MemManagerAggregate,18446744073709551615,53687091200,0,0,0,1,N/A}
MemResourceStatus {DefaultResource,18446744073709551615,18446744073709551615,18446744071318973865,60530953333,0,-1,N/A}
Quick Memory Usage Overview:
Used Capacity: 0, 52888587462
------------------------------------------
Label set to d53687091200_tf1000000000000_q6
$:hsh clear_plan_caches
Cleared PQP and LQP caches
$:hsh clear_pipeline
Released last SQLPipeline
$:hsh reset_exec_pools
Reset execution pools (2, 3) bump pointers to start
$:hsh mem_usage
------------------------------------------
Memory Usage Statistics:
VmSize:	328142280 kB
VmRSS:	93008300 kB
1: MemResourceStatus {MigratedColumnsAggregate,18446744073709551615,63541608448,52888587462,0,0,1,N/A}
MemResourceStatus {NumaMonotonicResource,3,53687091200,0,0,0,1,0}
MemResourceStatus {NumaMonotonicResource,2,53687091200,0,0,0,0,0}
0: MemResourceStatus {MemManagerAggregate,18446744073709551615,53687091200,0,0,0,0,N/A}
1: MemResourceStatus {MemManagerAggregate,18446744073709551615,53687091200,0,0,0,1,N/A}
MemResourceStatus {DefaultResource,18446744073709551615,18446744073709551615,18446744071318973865,60530953333,0,-1,N/A}
Quick Memory Usage Overview:
Used Capacity: 0, 52888587462
------------------------------------------
Executing script file: /home/umeshsum/tpch_queries/6.sql
[32m(release)[0m> select
[32m(release)[0m> 	sum(l_extendedprice * l_discount) as revenue
[32m(release)[0m> from
[32m(release)[0m> 	lineitem
[32m(release)[0m> where
[32m(release)[0m> 	l_shipdate >= date '1994-01-01'
[32m(release)[0m> 	and l_shipdate < date '1994-01-01' + interval '1' year
[32m(release)[0m> 	and l_discount between .06 - 0.01 and .06 + 0.01
[32m(release)[0m> 	and l_quantity < 24;
VmRSS Change: 912 KB
===
1 rows total
Execution info: [PARSE: 54 µs 190 ns, SQL TRANSLATE: 129 µs 348 ns, OPTIMIZE: 15 ms 390 µs, LQP TRANSLATE: 62 µs 270 ns, EXECUTE: 257 ms 388 µs (wall time) | QUERY PLAN CACHE HITS: 0/1 statement(s)]
After reset, table use_count: 2
WARNING: Table still has 1 other owner(s) after pipeline reset!
Executing script file done
$:hsh clear_plan_caches
Cleared PQP and LQP caches
$:hsh clear_pipeline
Released last SQLPipeline
$:hsh reset_exec_pools
Reset execution pools (2, 3) bump pointers to start
$:hsh mem_usage
------------------------------------------
Memory Usage Statistics:
VmSize:	328142280 kB
VmRSS:	93009180 kB
1: MemResourceStatus {MigratedColumnsAggregate,18446744073709551615,63541608448,52888587462,0,0,1,N/A}
MemResourceStatus {NumaMonotonicResource,3,53687091200,0,0,0,1,0}
MemResourceStatus {NumaMonotonicResource,2,53687091200,0,0,0,0,0}
0: MemResourceStatus {MemManagerAggregate,18446744073709551615,53687091200,0,0,0,0,N/A}
1: MemResourceStatus {MemManagerAggregate,18446744073709551615,53687091200,0,0,0,1,N/A}
MemResourceStatus {DefaultResource,18446744073709551615,18446744073709551615,18446744071318973865,60530953333,0,-1,N/A}
Quick Memory Usage Overview:
Used Capacity: 0, 52888587462
------------------------------------------
Executing script file: /home/umeshsum/tpch_queries/6.sql
[32m(release)[0m> select
[32m(release)[0m> 	sum(l_extendedprice * l_discount) as revenue
[32m(release)[0m> from
[32m(release)[0m> 	lineitem
[32m(release)[0m> where
[32m(release)[0m> 	l_shipdate >= date '1994-01-01'
[32m(release)[0m> 	and l_shipdate < date '1994-01-01' + interval '1' year
[32m(release)[0m> 	and l_discount between .06 - 0.01 and .06 + 0.01
[32m(release)[0m> 	and l_quantity < 24;
VmRSS Change: 2592 KB
===
1 rows total
Execution info: [PARSE: 48 µs 330 ns, SQL TRANSLATE: 122 µs 938 ns, OPTIMIZE: 5 ms 197 µs, LQP TRANSLATE: 58 µs 309 ns, EXECUTE: 256 ms 230 µs (wall time) | QUERY PLAN CACHE HITS: 0/1 statement(s)]
After reset, table use_count: 2
WARNING: Table still has 1 other owner(s) after pipeline reset!
Executing script file done
$:hsh clear_plan_caches
Cleared PQP and LQP caches
$:hsh clear_pipeline
Released last SQLPipeline
$:hsh reset_exec_pools
Reset execution pools (2, 3) bump pointers to start
$:hsh mem_usage
------------------------------------------
Memory Usage Statistics:
VmSize:	328142280 kB
VmRSS:	93011772 kB
1: MemResourceStatus {MigratedColumnsAggregate,18446744073709551615,63541608448,52888587462,0,0,1,N/A}
MemResourceStatus {NumaMonotonicResource,3,53687091200,0,0,0,1,0}
MemResourceStatus {NumaMonotonicResource,2,53687091200,0,0,0,0,0}
0: MemResourceStatus {MemManagerAggregate,18446744073709551615,53687091200,0,0,0,0,N/A}
1: MemResourceStatus {MemManagerAggregate,18446744073709551615,53687091200,0,0,0,1,N/A}
MemResourceStatus {DefaultResource,18446744073709551615,18446744073709551615,18446744071318973865,60530953333,0,-1,N/A}
Quick Memory Usage Overview:
Used Capacity: 0, 52888587462
------------------------------------------
Executing script file: /home/umeshsum/tpch_queries/6.sql
[32m(release)[0m> select
[32m(release)[0m> 	sum(l_extendedprice * l_discount) as revenue
[32m(release)[0m> from
[32m(release)[0m> 	lineitem
[32m(release)[0m> where
[32m(release)[0m> 	l_shipdate >= date '1994-01-01'
[32m(release)[0m> 	and l_shipdate < date '1994-01-01' + interval '1' year
[32m(release)[0m> 	and l_discount between .06 - 0.01 and .06 + 0.01
[32m(release)[0m> 	and l_quantity < 24;
VmRSS Change: 4004 KB
===
1 rows total
Execution info: [PARSE: 48 µs 79 ns, SQL TRANSLATE: 124 µs 179 ns, OPTIMIZE: 5 ms 908 µs, LQP TRANSLATE: 59 µs 840 ns, EXECUTE: 254 ms 544 µs (wall time) | QUERY PLAN CACHE HITS: 0/1 statement(s)]
After reset, table use_count: 2
WARNING: Table still has 1 other owner(s) after pipeline reset!
Executing script file done
$:hsh clear_plan_caches
Cleared PQP and LQP caches
$:hsh clear_pipeline
Released last SQLPipeline
$:hsh reset_exec_pools
Reset execution pools (2, 3) bump pointers to start
$:hsh mem_usage
------------------------------------------
Memory Usage Statistics:
VmSize:	328142280 kB
VmRSS:	93015752 kB
1: MemResourceStatus {MigratedColumnsAggregate,18446744073709551615,63541608448,52888587462,0,0,1,N/A}
MemResourceStatus {NumaMonotonicResource,3,53687091200,0,0,0,1,0}
MemResourceStatus {NumaMonotonicResource,2,53687091200,0,0,0,0,0}
0: MemResourceStatus {MemManagerAggregate,18446744073709551615,53687091200,0,0,0,0,N/A}
1: MemResourceStatus {MemManagerAggregate,18446744073709551615,53687091200,0,0,0,1,N/A}
MemResourceStatus {DefaultResource,18446744073709551615,18446744073709551615,18446744071318973865,60530953333,0,-1,N/A}
Quick Memory Usage Overview:
Used Capacity: 0, 52888587462
------------------------------------------
Executing script file: /home/umeshsum/tpch_queries/6.sql
[32m(release)[0m> select
[32m(release)[0m> 	sum(l_extendedprice * l_discount) as revenue
[32m(release)[0m> from
[32m(release)[0m> 	lineitem
[32m(release)[0m> where
[32m(release)[0m> 	l_shipdate >= date '1994-01-01'
[32m(release)[0m> 	and l_shipdate < date '1994-01-01' + interval '1' year
[32m(release)[0m> 	and l_discount between .06 - 0.01 and .06 + 0.01
[32m(release)[0m> 	and l_quantity < 24;
VmRSS Change: 2464 KB
===
1 rows total
Execution info: [PARSE: 48 µs 49 ns, SQL TRANSLATE: 195 µs 988 ns, OPTIMIZE: 5 ms 229 µs, LQP TRANSLATE: 58 µs 350 ns, EXECUTE: 255 ms 454 µs (wall time) | QUERY PLAN CACHE HITS: 0/1 statement(s)]
After reset, table use_count: 2
WARNING: Table still has 1 other owner(s) after pipeline reset!
Executing script file done
$:hsh clear_plan_caches
Cleared PQP and LQP caches
$:hsh clear_pipeline
Released last SQLPipeline
$:hsh reset_exec_pools
Reset execution pools (2, 3) bump pointers to start
$:hsh mem_usage
------------------------------------------
Memory Usage Statistics:
VmSize:	328142280 kB
VmRSS:	93018216 kB
1: MemResourceStatus {MigratedColumnsAggregate,18446744073709551615,63541608448,52888587462,0,0,1,N/A}
MemResourceStatus {NumaMonotonicResource,3,53687091200,0,0,0,1,0}
MemResourceStatus {NumaMonotonicResource,2,53687091200,0,0,0,0,0}
0: MemResourceStatus {MemManagerAggregate,18446744073709551615,53687091200,0,0,0,0,N/A}
1: MemResourceStatus {MemManagerAggregate,18446744073709551615,53687091200,0,0,0,1,N/A}
MemResourceStatus {DefaultResource,18446744073709551615,18446744073709551615,18446744071318973865,60530953333,0,-1,N/A}
Quick Memory Usage Overview:
Used Capacity: 0, 52888587462
------------------------------------------
Executing script file: /home/umeshsum/tpch_queries/6.sql
[32m(release)[0m> select
[32m(release)[0m> 	sum(l_extendedprice * l_discount) as revenue
[32m(release)[0m> from
[32m(release)[0m> 	lineitem
[32m(release)[0m> where
[32m(release)[0m> 	l_shipdate >= date '1994-01-01'
[32m(release)[0m> 	and l_shipdate < date '1994-01-01' + interval '1' year
[32m(release)[0m> 	and l_discount between .06 - 0.01 and .06 + 0.01
[32m(release)[0m> 	and l_quantity < 24;
VmRSS Change: 2280 KB
===
1 rows total
Execution info: [PARSE: 49 µs 209 ns, SQL TRANSLATE: 125 µs 829 ns, OPTIMIZE: 5 ms 619 µs, LQP TRANSLATE: 59 µs 980 ns, EXECUTE: 259 ms 31 µs (wall time) | QUERY PLAN CACHE HITS: 0/1 statement(s)]
After reset, table use_count: 2
WARNING: Table still has 1 other owner(s) after pipeline reset!
Executing script file done
$:hsh clear_plan_caches
Cleared PQP and LQP caches
$:hsh clear_pipeline
Released last SQLPipeline
$:hsh reset_exec_pools
Reset execution pools (2, 3) bump pointers to start
$:hsh mem_usage
------------------------------------------
Memory Usage Statistics:
VmSize:	328142280 kB
VmRSS:	93020496 kB
1: MemResourceStatus {MigratedColumnsAggregate,18446744073709551615,63541608448,52888587462,0,0,1,N/A}
MemResourceStatus {NumaMonotonicResource,3,53687091200,0,0,0,1,0}
MemResourceStatus {NumaMonotonicResource,2,53687091200,0,0,0,0,0}
0: MemResourceStatus {MemManagerAggregate,18446744073709551615,53687091200,0,0,0,0,N/A}
1: MemResourceStatus {MemManagerAggregate,18446744073709551615,53687091200,0,0,0,1,N/A}
MemResourceStatus {DefaultResource,18446744073709551615,18446744073709551615,18446744071318973865,60530953333,0,-1,N/A}
Quick Memory Usage Overview:
Used Capacity: 0, 52888587462
------------------------------------------
Executing script file: /home/umeshsum/tpch_queries/6.sql
[32m(release)[0m> select
[32m(release)[0m> 	sum(l_extendedprice * l_discount) as revenue
[32m(release)[0m> from
[32m(release)[0m> 	lineitem
[32m(release)[0m> where
[32m(release)[0m> 	l_shipdate >= date '1994-01-01'
[32m(release)[0m> 	and l_shipdate < date '1994-01-01' + interval '1' year
[32m(release)[0m> 	and l_discount between .06 - 0.01 and .06 + 0.01
[32m(release)[0m> 	and l_quantity < 24;
VmRSS Change: 1792 KB
===
1 rows total
Execution info: [PARSE: 58 µs 689 ns, SQL TRANSLATE: 124 µs 69 ns, OPTIMIZE: 5 ms 212 µs, LQP TRANSLATE: 57 µs 320 ns, EXECUTE: 255 ms 103 µs (wall time) | QUERY PLAN CACHE HITS: 0/1 statement(s)]
After reset, table use_count: 2
WARNING: Table still has 1 other owner(s) after pipeline reset!
Executing script file done
$:hsh clear_plan_caches
Cleared PQP and LQP caches
$:hsh clear_pipeline
Released last SQLPipeline
$:hsh reset_exec_pools
Reset execution pools (2, 3) bump pointers to start
$:hsh mem_usage
------------------------------------------
Memory Usage Statistics:
VmSize:	328142280 kB
VmRSS:	93022288 kB
1: MemResourceStatus {MigratedColumnsAggregate,18446744073709551615,63541608448,52888587462,0,0,1,N/A}
MemResourceStatus {NumaMonotonicResource,3,53687091200,0,0,0,1,0}
MemResourceStatus {NumaMonotonicResource,2,53687091200,0,0,0,0,0}
0: MemResourceStatus {MemManagerAggregate,18446744073709551615,53687091200,0,0,0,0,N/A}
1: MemResourceStatus {MemManagerAggregate,18446744073709551615,53687091200,0,0,0,1,N/A}
MemResourceStatus {DefaultResource,18446744073709551615,18446744073709551615,18446744071318973865,60530953333,0,-1,N/A}
Quick Memory Usage Overview:
Used Capacity: 0, 52888587462
------------------------------------------
Executing script file: /home/umeshsum/tpch_queries/6.sql
[32m(release)[0m> select
[32m(release)[0m> 	sum(l_extendedprice * l_discount) as revenue
[32m(release)[0m> from
[32m(release)[0m> 	lineitem
[32m(release)[0m> where
[32m(release)[0m> 	l_shipdate >= date '1994-01-01'
[32m(release)[0m> 	and l_shipdate < date '1994-01-01' + interval '1' year
[32m(release)[0m> 	and l_discount between .06 - 0.01 and .06 + 0.01
[32m(release)[0m> 	and l_quantity < 24;
VmRSS Change: 1132 KB
===
1 rows total
Execution info: [PARSE: 110 µs 49 ns, SQL TRANSLATE: 121 µs 948 ns, OPTIMIZE: 5 ms 227 µs, LQP TRANSLATE: 57 µs 749 ns, EXECUTE: 257 ms 276 µs (wall time) | QUERY PLAN CACHE HITS: 0/1 statement(s)]
After reset, table use_count: 2
WARNING: Table still has 1 other owner(s) after pipeline reset!
Executing script file done
$:hsh clear_plan_caches
Cleared PQP and LQP caches
$:hsh clear_pipeline
Released last SQLPipeline
$:hsh reset_exec_pools
Reset execution pools (2, 3) bump pointers to start
$:hsh mem_usage
------------------------------------------
Memory Usage Statistics:
VmSize:	328142280 kB
VmRSS:	93023412 kB
1: MemResourceStatus {MigratedColumnsAggregate,18446744073709551615,63541608448,52888587462,0,0,1,N/A}
MemResourceStatus {NumaMonotonicResource,3,53687091200,0,0,0,1,0}
MemResourceStatus {NumaMonotonicResource,2,53687091200,0,0,0,0,0}
0: MemResourceStatus {MemManagerAggregate,18446744073709551615,53687091200,0,0,0,0,N/A}
1: MemResourceStatus {MemManagerAggregate,18446744073709551615,53687091200,0,0,0,1,N/A}
MemResourceStatus {DefaultResource,18446744073709551615,18446744073709551615,18446744071318973865,60530953333,0,-1,N/A}
Quick Memory Usage Overview:
Used Capacity: 0, 52888587462
------------------------------------------
Executing script file: /home/umeshsum/tpch_queries/6.sql
[32m(release)[0m> select
[32m(release)[0m> 	sum(l_extendedprice * l_discount) as revenue
[32m(release)[0m> from
[32m(release)[0m> 	lineitem
[32m(release)[0m> where
[32m(release)[0m> 	l_shipdate >= date '1994-01-01'
[32m(release)[0m> 	and l_shipdate < date '1994-01-01' + interval '1' year
[32m(release)[0m> 	and l_discount between .06 - 0.01 and .06 + 0.01
[32m(release)[0m> 	and l_quantity < 24;
VmRSS Change: 18446744073709551408 KB
===
1 rows total
Execution info: [PARSE: 50 µs 990 ns, SQL TRANSLATE: 127 µs 98 ns, OPTIMIZE: 5 ms 234 µs, LQP TRANSLATE: 58 µs 340 ns, EXECUTE: 257 ms 181 µs (wall time) | QUERY PLAN CACHE HITS: 0/1 statement(s)]
After reset, table use_count: 2
WARNING: Table still has 1 other owner(s) after pipeline reset!
Executing script file done
$:hsh clear_plan_caches
Cleared PQP and LQP caches
$:hsh clear_pipeline
Released last SQLPipeline
$:hsh reset_exec_pools
Reset execution pools (2, 3) bump pointers to start
$:hsh mem_usage
------------------------------------------
Memory Usage Statistics:
VmSize:	328142280 kB
VmRSS:	93023204 kB
1: MemResourceStatus {MigratedColumnsAggregate,18446744073709551615,63541608448,52888587462,0,0,1,N/A}
MemResourceStatus {NumaMonotonicResource,3,53687091200,0,0,0,1,0}
MemResourceStatus {NumaMonotonicResource,2,53687091200,0,0,0,0,0}
0: MemResourceStatus {MemManagerAggregate,18446744073709551615,53687091200,0,0,0,0,N/A}
1: MemResourceStatus {MemManagerAggregate,18446744073709551615,53687091200,0,0,0,1,N/A}
MemResourceStatus {DefaultResource,18446744073709551615,18446744073709551615,18446744071318973865,60530953333,0,-1,N/A}
Quick Memory Usage Overview:
Used Capacity: 0, 52888587462
------------------------------------------
Executing script file: /home/umeshsum/tpch_queries/6.sql
[32m(release)[0m> select
[32m(release)[0m> 	sum(l_extendedprice * l_discount) as revenue
[32m(release)[0m> from
[32m(release)[0m> 	lineitem
[32m(release)[0m> where
[32m(release)[0m> 	l_shipdate >= date '1994-01-01'
[32m(release)[0m> 	and l_shipdate < date '1994-01-01' + interval '1' year
[32m(release)[0m> 	and l_discount between .06 - 0.01 and .06 + 0.01
[32m(release)[0m> 	and l_quantity < 24;
VmRSS Change: 18446744073709551576 KB
===
1 rows total
Execution info: [PARSE: 63 µs 649 ns, SQL TRANSLATE: 124 µs 539 ns, OPTIMIZE: 5 ms 226 µs, LQP TRANSLATE: 59 µs 569 ns, EXECUTE: 256 ms 53 µs (wall time) | QUERY PLAN CACHE HITS: 0/1 statement(s)]
After reset, table use_count: 2
WARNING: Table still has 1 other owner(s) after pipeline reset!
Executing script file done
$:hsh clear_plan_caches
Cleared PQP and LQP caches
$:hsh clear_pipeline
Released last SQLPipeline
$:hsh reset_exec_pools
Reset execution pools (2, 3) bump pointers to start
$:hsh mem_usage
------------------------------------------
Memory Usage Statistics:
VmSize:	328142280 kB
VmRSS:	93023164 kB
1: MemResourceStatus {MigratedColumnsAggregate,18446744073709551615,63541608448,52888587462,0,0,1,N/A}
MemResourceStatus {NumaMonotonicResource,3,53687091200,0,0,0,1,0}
MemResourceStatus {NumaMonotonicResource,2,53687091200,0,0,0,0,0}
0: MemResourceStatus {MemManagerAggregate,18446744073709551615,53687091200,0,0,0,0,N/A}
1: MemResourceStatus {MemManagerAggregate,18446744073709551615,53687091200,0,0,0,1,N/A}
MemResourceStatus {DefaultResource,18446744073709551615,18446744073709551615,18446744071318973865,60530953333,0,-1,N/A}
Quick Memory Usage Overview:
Used Capacity: 0, 52888587462
------------------------------------------
Executing script file: /home/umeshsum/tpch_queries/6.sql
[32m(release)[0m> select
[32m(release)[0m> 	sum(l_extendedprice * l_discount) as revenue
[32m(release)[0m> from
[32m(release)[0m> 	lineitem
[32m(release)[0m> where
[32m(release)[0m> 	l_shipdate >= date '1994-01-01'
[32m(release)[0m> 	and l_shipdate < date '1994-01-01' + interval '1' year
[32m(release)[0m> 	and l_discount between .06 - 0.01 and .06 + 0.01
[32m(release)[0m> 	and l_quantity < 24;
VmRSS Change: 3372 KB
===
1 rows total
Execution info: [PARSE: 50 µs 980 ns, SQL TRANSLATE: 124 µs 298 ns, OPTIMIZE: 5 ms 238 µs, LQP TRANSLATE: 59 µs 579 ns, EXECUTE: 255 ms 640 µs (wall time) | QUERY PLAN CACHE HITS: 0/1 statement(s)]
After reset, table use_count: 2
WARNING: Table still has 1 other owner(s) after pipeline reset!
Executing script file done
$:hsh clear_plan_caches
Cleared PQP and LQP caches
$:hsh clear_pipeline
Released last SQLPipeline
$:hsh reset_exec_pools
Reset execution pools (2, 3) bump pointers to start
$:hsh mem_usage
------------------------------------------
Memory Usage Statistics:
VmSize:	328142280 kB
VmRSS:	93026536 kB
1: MemResourceStatus {MigratedColumnsAggregate,18446744073709551615,63541608448,52888587462,0,0,1,N/A}
MemResourceStatus {NumaMonotonicResource,3,53687091200,0,0,0,1,0}
MemResourceStatus {NumaMonotonicResource,2,53687091200,0,0,0,0,0}
0: MemResourceStatus {MemManagerAggregate,18446744073709551615,53687091200,0,0,0,0,N/A}
1: MemResourceStatus {MemManagerAggregate,18446744073709551615,53687091200,0,0,0,1,N/A}
MemResourceStatus {DefaultResource,18446744073709551615,18446744073709551615,18446744071318973865,60530953333,0,-1,N/A}
Quick Memory Usage Overview:
Used Capacity: 0, 52888587462
------------------------------------------
Label set to d53687091200_tf1000000000000_q7
$:hsh clear_plan_caches
Cleared PQP and LQP caches
$:hsh clear_pipeline
Released last SQLPipeline
$:hsh reset_exec_pools
Reset execution pools (2, 3) bump pointers to start
$:hsh mem_usage
------------------------------------------
Memory Usage Statistics:
VmSize:	328142280 kB
VmRSS:	93026536 kB
1: MemResourceStatus {MigratedColumnsAggregate,18446744073709551615,63541608448,52888587462,0,0,1,N/A}
MemResourceStatus {NumaMonotonicResource,3,53687091200,0,0,0,1,0}
MemResourceStatus {NumaMonotonicResource,2,53687091200,0,0,0,0,0}
0: MemResourceStatus {MemManagerAggregate,18446744073709551615,53687091200,0,0,0,0,N/A}
1: MemResourceStatus {MemManagerAggregate,18446744073709551615,53687091200,0,0,0,1,N/A}
MemResourceStatus {DefaultResource,18446744073709551615,18446744073709551615,18446744071318973865,60530953333,0,-1,N/A}
Quick Memory Usage Overview:
Used Capacity: 0, 52888587462
------------------------------------------
Executing script file: /home/umeshsum/tpch_queries/7.sql
[32m(release)[0m> select
[32m(release)[0m> 	supp_nation,
[32m(release)[0m> 	cust_nation,
[32m(release)[0m> 	l_year,
[32m(release)[0m> 	sum(volume) as revenue
[32m(release)[0m> from
[32m(release)[0m> 	(
[32m(release)[0m> 		select
[32m(release)[0m> 			n1.n_name as supp_nation,
[32m(release)[0m> 			n2.n_name as cust_nation,
[32m(release)[0m> 			extract(year from l_shipdate) as l_year,
[32m(release)[0m> 			l_extendedprice * (1 - l_discount) as volume
[32m(release)[0m> 		from
[32m(release)[0m> 			supplier,
[32m(release)[0m> 			lineitem,
[32m(release)[0m> 			orders,
[32m(release)[0m> 			customer,
[32m(release)[0m> 			nation n1,
[32m(release)[0m> 			nation n2
[32m(release)[0m> 		where
[32m(release)[0m> 			s_suppkey = l_suppkey
[32m(release)[0m> 			and o_orderkey = l_orderkey
[32m(release)[0m> 			and c_custkey = o_custkey
[32m(release)[0m> 			and s_nationkey = n1.n_nationkey
[32m(release)[0m> 			and c_nationkey = n2.n_nationkey
[32m(release)[0m> 			and (
[32m(release)[0m> 				(n1.n_name = 'FRANCE' and n2.n_name = 'GERMANY')
[32m(release)[0m> 				or (n1.n_name = 'GERMANY' and n2.n_name = 'FRANCE')
[32m(release)[0m> 			)
[32m(release)[0m> 			and l_shipdate between date '1995-01-01' and date '1996-12-31'
[32m(release)[0m> 	) as shipping
[32m(release)[0m> group by
[32m(release)[0m> 	supp_nation,
[32m(release)[0m> 	cust_nation,
[32m(release)[0m> 	l_year
[32m(release)[0m> order by
[32m(release)[0m> 	supp_nation,
[32m(release)[0m> 	cust_nation,
[32m(release)[0m> 	l_year;
VmRSS Change: 2504 KB
===
4 rows total
Execution info: [PARSE: 91 µs 179 ns, SQL TRANSLATE: 305 µs 947 ns, OPTIMIZE: 22 ms 827 µs, LQP TRANSLATE: 466 µs 505 ns, EXECUTE: 1 s 188 ms (wall time) | QUERY PLAN CACHE HITS: 0/1 statement(s)]
After reset, table use_count: 2
WARNING: Table still has 1 other owner(s) after pipeline reset!
Executing script file done
$:hsh clear_plan_caches
Cleared PQP and LQP caches
$:hsh clear_pipeline
Released last SQLPipeline
$:hsh reset_exec_pools
Reset execution pools (2, 3) bump pointers to start
$:hsh mem_usage
------------------------------------------
Memory Usage Statistics:
VmSize:	328142280 kB
VmRSS:	93029288 kB
1: MemResourceStatus {MigratedColumnsAggregate,18446744073709551615,63541608448,52888587462,0,0,1,N/A}
MemResourceStatus {NumaMonotonicResource,3,53687091200,0,0,0,1,0}
MemResourceStatus {NumaMonotonicResource,2,53687091200,0,0,0,0,0}
0: MemResourceStatus {MemManagerAggregate,18446744073709551615,53687091200,0,0,0,0,N/A}
1: MemResourceStatus {MemManagerAggregate,18446744073709551615,53687091200,0,0,0,1,N/A}
MemResourceStatus {DefaultResource,18446744073709551615,18446744073709551615,18446744071318973865,60530953333,0,-1,N/A}
Quick Memory Usage Overview:
Used Capacity: 0, 52888587462
------------------------------------------
Executing script file: /home/umeshsum/tpch_queries/7.sql
[32m(release)[0m> select
[32m(release)[0m> 	supp_nation,
[32m(release)[0m> 	cust_nation,
[32m(release)[0m> 	l_year,
[32m(release)[0m> 	sum(volume) as revenue
[32m(release)[0m> from
[32m(release)[0m> 	(
[32m(release)[0m> 		select
[32m(release)[0m> 			n1.n_name as supp_nation,
[32m(release)[0m> 			n2.n_name as cust_nation,
[32m(release)[0m> 			extract(year from l_shipdate) as l_year,
[32m(release)[0m> 			l_extendedprice * (1 - l_discount) as volume
[32m(release)[0m> 		from
[32m(release)[0m> 			supplier,
[32m(release)[0m> 			lineitem,
[32m(release)[0m> 			orders,
[32m(release)[0m> 			customer,
[32m(release)[0m> 			nation n1,
[32m(release)[0m> 			nation n2
[32m(release)[0m> 		where
[32m(release)[0m> 			s_suppkey = l_suppkey
[32m(release)[0m> 			and o_orderkey = l_orderkey
[32m(release)[0m> 			and c_custkey = o_custkey
[32m(release)[0m> 			and s_nationkey = n1.n_nationkey
[32m(release)[0m> 			and c_nationkey = n2.n_nationkey
[32m(release)[0m> 			and (
[32m(release)[0m> 				(n1.n_name = 'FRANCE' and n2.n_name = 'GERMANY')
[32m(release)[0m> 				or (n1.n_name = 'GERMANY' and n2.n_name = 'FRANCE')
[32m(release)[0m> 			)
[32m(release)[0m> 			and l_shipdate between date '1995-01-01' and date '1996-12-31'
[32m(release)[0m> 	) as shipping
[32m(release)[0m> group by
[32m(release)[0m> 	supp_nation,
[32m(release)[0m> 	cust_nation,
[32m(release)[0m> 	l_year
[32m(release)[0m> order by
[32m(release)[0m> 	supp_nation,
[32m(release)[0m> 	cust_nation,
[32m(release)[0m> 	l_year;
VmRSS Change: 708 KB
===
4 rows total
Execution info: [PARSE: 100 µs 229 ns, SQL TRANSLATE: 303 µs 927 ns, OPTIMIZE: 23 ms 911 µs, LQP TRANSLATE: 561 µs 64 ns, EXECUTE: 1 s 203 ms (wall time) | QUERY PLAN CACHE HITS: 0/1 statement(s)]
After reset, table use_count: 2
WARNING: Table still has 1 other owner(s) after pipeline reset!
Executing script file done
$:hsh clear_plan_caches
Cleared PQP and LQP caches
$:hsh clear_pipeline
Released last SQLPipeline
$:hsh reset_exec_pools
Reset execution pools (2, 3) bump pointers to start
$:hsh mem_usage
------------------------------------------
Memory Usage Statistics:
VmSize:	328142280 kB
VmRSS:	93030012 kB
1: MemResourceStatus {MigratedColumnsAggregate,18446744073709551615,63541608448,52888587462,0,0,1,N/A}
MemResourceStatus {NumaMonotonicResource,3,53687091200,0,0,0,1,0}
MemResourceStatus {NumaMonotonicResource,2,53687091200,0,0,0,0,0}
0: MemResourceStatus {MemManagerAggregate,18446744073709551615,53687091200,0,0,0,0,N/A}
1: MemResourceStatus {MemManagerAggregate,18446744073709551615,53687091200,0,0,0,1,N/A}
MemResourceStatus {DefaultResource,18446744073709551615,18446744073709551615,18446744071318973865,60530953333,0,-1,N/A}
Quick Memory Usage Overview:
Used Capacity: 0, 52888587462
------------------------------------------
Executing script file: /home/umeshsum/tpch_queries/7.sql
[32m(release)[0m> select
[32m(release)[0m> 	supp_nation,
[32m(release)[0m> 	cust_nation,
[32m(release)[0m> 	l_year,
[32m(release)[0m> 	sum(volume) as revenue
[32m(release)[0m> from
[32m(release)[0m> 	(
[32m(release)[0m> 		select
[32m(release)[0m> 			n1.n_name as supp_nation,
[32m(release)[0m> 			n2.n_name as cust_nation,
[32m(release)[0m> 			extract(year from l_shipdate) as l_year,
[32m(release)[0m> 			l_extendedprice * (1 - l_discount) as volume
[32m(release)[0m> 		from
[32m(release)[0m> 			supplier,
[32m(release)[0m> 			lineitem,
[32m(release)[0m> 			orders,
[32m(release)[0m> 			customer,
[32m(release)[0m> 			nation n1,
[32m(release)[0m> 			nation n2
[32m(release)[0m> 		where
[32m(release)[0m> 			s_suppkey = l_suppkey
[32m(release)[0m> 			and o_orderkey = l_orderkey
[32m(release)[0m> 			and c_custkey = o_custkey
[32m(release)[0m> 			and s_nationkey = n1.n_nationkey
[32m(release)[0m> 			and c_nationkey = n2.n_nationkey
[32m(release)[0m> 			and (
[32m(release)[0m> 				(n1.n_name = 'FRANCE' and n2.n_name = 'GERMANY')
[32m(release)[0m> 				or (n1.n_name = 'GERMANY' and n2.n_name = 'FRANCE')
[32m(release)[0m> 			)
[32m(release)[0m> 			and l_shipdate between date '1995-01-01' and date '1996-12-31'
[32m(release)[0m> 	) as shipping
[32m(release)[0m> group by
[32m(release)[0m> 	supp_nation,
[32m(release)[0m> 	cust_nation,
[32m(release)[0m> 	l_year
[32m(release)[0m> order by
[32m(release)[0m> 	supp_nation,
[32m(release)[0m> 	cust_nation,
[32m(release)[0m> 	l_year;
VmRSS Change: 564 KB
===
4 rows total
Execution info: [PARSE: 151 µs 958 ns, SQL TRANSLATE: 298 µs 847 ns, OPTIMIZE: 23 ms 286 µs, LQP TRANSLATE: 570 µs 915 ns, EXECUTE: 1 s 180 ms (wall time) | QUERY PLAN CACHE HITS: 0/1 statement(s)]
After reset, table use_count: 2
WARNING: Table still has 1 other owner(s) after pipeline reset!
Executing script file done
$:hsh clear_plan_caches
Cleared PQP and LQP caches
$:hsh clear_pipeline
Released last SQLPipeline
$:hsh reset_exec_pools
Reset execution pools (2, 3) bump pointers to start
$:hsh mem_usage
------------------------------------------
Memory Usage Statistics:
VmSize:	328142280 kB
VmRSS:	93030608 kB
1: MemResourceStatus {MigratedColumnsAggregate,18446744073709551615,63541608448,52888587462,0,0,1,N/A}
MemResourceStatus {NumaMonotonicResource,3,53687091200,0,0,0,1,0}
MemResourceStatus {NumaMonotonicResource,2,53687091200,0,0,0,0,0}
0: MemResourceStatus {MemManagerAggregate,18446744073709551615,53687091200,0,0,0,0,N/A}
1: MemResourceStatus {MemManagerAggregate,18446744073709551615,53687091200,0,0,0,1,N/A}
MemResourceStatus {DefaultResource,18446744073709551615,18446744073709551615,18446744071318973865,60530953333,0,-1,N/A}
Quick Memory Usage Overview:
Used Capacity: 0, 52888587462
------------------------------------------
Executing script file: /home/umeshsum/tpch_queries/7.sql
[32m(release)[0m> select
[32m(release)[0m> 	supp_nation,
[32m(release)[0m> 	cust_nation,
[32m(release)[0m> 	l_year,
[32m(release)[0m> 	sum(volume) as revenue
[32m(release)[0m> from
[32m(release)[0m> 	(
[32m(release)[0m> 		select
[32m(release)[0m> 			n1.n_name as supp_nation,
[32m(release)[0m> 			n2.n_name as cust_nation,
[32m(release)[0m> 			extract(year from l_shipdate) as l_year,
[32m(release)[0m> 			l_extendedprice * (1 - l_discount) as volume
[32m(release)[0m> 		from
[32m(release)[0m> 			supplier,
[32m(release)[0m> 			lineitem,
[32m(release)[0m> 			orders,
[32m(release)[0m> 			customer,
[32m(release)[0m> 			nation n1,
[32m(release)[0m> 			nation n2
[32m(release)[0m> 		where
[32m(release)[0m> 			s_suppkey = l_suppkey
[32m(release)[0m> 			and o_orderkey = l_orderkey
[32m(release)[0m> 			and c_custkey = o_custkey
[32m(release)[0m> 			and s_nationkey = n1.n_nationkey
[32m(release)[0m> 			and c_nationkey = n2.n_nationkey
[32m(release)[0m> 			and (
[32m(release)[0m> 				(n1.n_name = 'FRANCE' and n2.n_name = 'GERMANY')
[32m(release)[0m> 				or (n1.n_name = 'GERMANY' and n2.n_name = 'FRANCE')
[32m(release)[0m> 			)
[32m(release)[0m> 			and l_shipdate between date '1995-01-01' and date '1996-12-31'
[32m(release)[0m> 	) as shipping
[32m(release)[0m> group by
[32m(release)[0m> 	supp_nation,
[32m(release)[0m> 	cust_nation,
[32m(release)[0m> 	l_year
[32m(release)[0m> order by
[32m(release)[0m> 	supp_nation,
[32m(release)[0m> 	cust_nation,
[32m(release)[0m> 	l_year;
VmRSS Change: 18446744073709546136 KB
===
4 rows total
Execution info: [PARSE: 97 µs 169 ns, SQL TRANSLATE: 306 µs 407 ns, OPTIMIZE: 23 ms 315 µs, LQP TRANSLATE: 564 µs 804 ns, EXECUTE: 1 s 390 ms (wall time) | QUERY PLAN CACHE HITS: 0/1 statement(s)]
After reset, table use_count: 2
WARNING: Table still has 1 other owner(s) after pipeline reset!
Executing script file done
$:hsh clear_plan_caches
Cleared PQP and LQP caches
$:hsh clear_pipeline
Released last SQLPipeline
$:hsh reset_exec_pools
Reset execution pools (2, 3) bump pointers to start
$:hsh mem_usage
------------------------------------------
Memory Usage Statistics:
VmSize:	328142280 kB
VmRSS:	93025136 kB
1: MemResourceStatus {MigratedColumnsAggregate,18446744073709551615,63541608448,52888587462,0,0,1,N/A}
MemResourceStatus {NumaMonotonicResource,3,53687091200,0,0,0,1,0}
MemResourceStatus {NumaMonotonicResource,2,53687091200,0,0,0,0,0}
0: MemResourceStatus {MemManagerAggregate,18446744073709551615,53687091200,0,0,0,0,N/A}
1: MemResourceStatus {MemManagerAggregate,18446744073709551615,53687091200,0,0,0,1,N/A}
MemResourceStatus {DefaultResource,18446744073709551615,18446744073709551615,18446744071318973865,60530953333,0,-1,N/A}
Quick Memory Usage Overview:
Used Capacity: 0, 52888587462
------------------------------------------
Executing script file: /home/umeshsum/tpch_queries/7.sql
[32m(release)[0m> select
[32m(release)[0m> 	supp_nation,
[32m(release)[0m> 	cust_nation,
[32m(release)[0m> 	l_year,
[32m(release)[0m> 	sum(volume) as revenue
[32m(release)[0m> from
[32m(release)[0m> 	(
[32m(release)[0m> 		select
[32m(release)[0m> 			n1.n_name as supp_nation,
[32m(release)[0m> 			n2.n_name as cust_nation,
[32m(release)[0m> 			extract(year from l_shipdate) as l_year,
[32m(release)[0m> 			l_extendedprice * (1 - l_discount) as volume
[32m(release)[0m> 		from
[32m(release)[0m> 			supplier,
[32m(release)[0m> 			lineitem,
[32m(release)[0m> 			orders,
[32m(release)[0m> 			customer,
[32m(release)[0m> 			nation n1,
[32m(release)[0m> 			nation n2
[32m(release)[0m> 		where
[32m(release)[0m> 			s_suppkey = l_suppkey
[32m(release)[0m> 			and o_orderkey = l_orderkey
[32m(release)[0m> 			and c_custkey = o_custkey
[32m(release)[0m> 			and s_nationkey = n1.n_nationkey
[32m(release)[0m> 			and c_nationkey = n2.n_nationkey
[32m(release)[0m> 			and (
[32m(release)[0m> 				(n1.n_name = 'FRANCE' and n2.n_name = 'GERMANY')
[32m(release)[0m> 				or (n1.n_name = 'GERMANY' and n2.n_name = 'FRANCE')
[32m(release)[0m> 			)
[32m(release)[0m> 			and l_shipdate between date '1995-01-01' and date '1996-12-31'
[32m(release)[0m> 	) as shipping
[32m(release)[0m> group by
[32m(release)[0m> 	supp_nation,
[32m(release)[0m> 	cust_nation,
[32m(release)[0m> 	l_year
[32m(release)[0m> order by
[32m(release)[0m> 	supp_nation,
[32m(release)[0m> 	cust_nation,
[32m(release)[0m> 	l_year;
VmRSS Change: 18446744073709551436 KB
===
4 rows total
Execution info: [PARSE: 87 µs 329 ns, SQL TRANSLATE: 281 µs 917 ns, OPTIMIZE: 23 ms 498 µs, LQP TRANSLATE: 562 µs 835 ns, EXECUTE: 1 s 274 ms (wall time) | QUERY PLAN CACHE HITS: 0/1 statement(s)]
After reset, table use_count: 2
WARNING: Table still has 1 other owner(s) after pipeline reset!
Executing script file done
$:hsh clear_plan_caches
Cleared PQP and LQP caches
$:hsh clear_pipeline
Released last SQLPipeline
$:hsh reset_exec_pools
Reset execution pools (2, 3) bump pointers to start
$:hsh mem_usage
------------------------------------------
Memory Usage Statistics:
VmSize:	328142280 kB
VmRSS:	93024988 kB
1: MemResourceStatus {MigratedColumnsAggregate,18446744073709551615,63541608448,52888587462,0,0,1,N/A}
MemResourceStatus {NumaMonotonicResource,3,53687091200,0,0,0,1,0}
MemResourceStatus {NumaMonotonicResource,2,53687091200,0,0,0,0,0}
0: MemResourceStatus {MemManagerAggregate,18446744073709551615,53687091200,0,0,0,0,N/A}
1: MemResourceStatus {MemManagerAggregate,18446744073709551615,53687091200,0,0,0,1,N/A}
MemResourceStatus {DefaultResource,18446744073709551615,18446744073709551615,18446744071318973865,60530953333,0,-1,N/A}
Quick Memory Usage Overview:
Used Capacity: 0, 52888587462
------------------------------------------
Executing script file: /home/umeshsum/tpch_queries/7.sql
[32m(release)[0m> select
[32m(release)[0m> 	supp_nation,
[32m(release)[0m> 	cust_nation,
[32m(release)[0m> 	l_year,
[32m(release)[0m> 	sum(volume) as revenue
[32m(release)[0m> from
[32m(release)[0m> 	(
[32m(release)[0m> 		select
[32m(release)[0m> 			n1.n_name as supp_nation,
[32m(release)[0m> 			n2.n_name as cust_nation,
[32m(release)[0m> 			extract(year from l_shipdate) as l_year,
[32m(release)[0m> 			l_extendedprice * (1 - l_discount) as volume
[32m(release)[0m> 		from
[32m(release)[0m> 			supplier,
[32m(release)[0m> 			lineitem,
[32m(release)[0m> 			orders,
[32m(release)[0m> 			customer,
[32m(release)[0m> 			nation n1,
[32m(release)[0m> 			nation n2
[32m(release)[0m> 		where
[32m(release)[0m> 			s_suppkey = l_suppkey
[32m(release)[0m> 			and o_orderkey = l_orderkey
[32m(release)[0m> 			and c_custkey = o_custkey
[32m(release)[0m> 			and s_nationkey = n1.n_nationkey
[32m(release)[0m> 			and c_nationkey = n2.n_nationkey
[32m(release)[0m> 			and (
[32m(release)[0m> 				(n1.n_name = 'FRANCE' and n2.n_name = 'GERMANY')
[32m(release)[0m> 				or (n1.n_name = 'GERMANY' and n2.n_name = 'FRANCE')
[32m(release)[0m> 			)
[32m(release)[0m> 			and l_shipdate between date '1995-01-01' and date '1996-12-31'
[32m(release)[0m> 	) as shipping
[32m(release)[0m> group by
[32m(release)[0m> 	supp_nation,
[32m(release)[0m> 	cust_nation,
[32m(release)[0m> 	l_year
[32m(release)[0m> order by
[32m(release)[0m> 	supp_nation,
[32m(release)[0m> 	cust_nation,
[32m(release)[0m> 	l_year;
VmRSS Change: 18446744073709547452 KB
===
4 rows total
Execution info: [PARSE: 93 µs 29 ns, SQL TRANSLATE: 291 µs 527 ns, OPTIMIZE: 23 ms 770 µs, LQP TRANSLATE: 560 µs 604 ns, EXECUTE: 1 s 209 ms (wall time) | QUERY PLAN CACHE HITS: 0/1 statement(s)]
After reset, table use_count: 2
WARNING: Table still has 1 other owner(s) after pipeline reset!
Executing script file done
$:hsh clear_plan_caches
Cleared PQP and LQP caches
$:hsh clear_pipeline
Released last SQLPipeline
$:hsh reset_exec_pools
Reset execution pools (2, 3) bump pointers to start
$:hsh mem_usage
------------------------------------------
Memory Usage Statistics:
VmSize:	328142280 kB
VmRSS:	93020828 kB
1: MemResourceStatus {MigratedColumnsAggregate,18446744073709551615,63541608448,52888587462,0,0,1,N/A}
MemResourceStatus {NumaMonotonicResource,3,53687091200,0,0,0,1,0}
MemResourceStatus {NumaMonotonicResource,2,53687091200,0,0,0,0,0}
0: MemResourceStatus {MemManagerAggregate,18446744073709551615,53687091200,0,0,0,0,N/A}
1: MemResourceStatus {MemManagerAggregate,18446744073709551615,53687091200,0,0,0,1,N/A}
MemResourceStatus {DefaultResource,18446744073709551615,18446744073709551615,18446744071318973865,60530953333,0,-1,N/A}
Quick Memory Usage Overview:
Used Capacity: 0, 52888587462
------------------------------------------
Executing script file: /home/umeshsum/tpch_queries/7.sql
[32m(release)[0m> select
[32m(release)[0m> 	supp_nation,
[32m(release)[0m> 	cust_nation,
[32m(release)[0m> 	l_year,
[32m(release)[0m> 	sum(volume) as revenue
[32m(release)[0m> from
[32m(release)[0m> 	(
[32m(release)[0m> 		select
[32m(release)[0m> 			n1.n_name as supp_nation,
[32m(release)[0m> 			n2.n_name as cust_nation,
[32m(release)[0m> 			extract(year from l_shipdate) as l_year,
[32m(release)[0m> 			l_extendedprice * (1 - l_discount) as volume
[32m(release)[0m> 		from
[32m(release)[0m> 			supplier,
[32m(release)[0m> 			lineitem,
[32m(release)[0m> 			orders,
[32m(release)[0m> 			customer,
[32m(release)[0m> 			nation n1,
[32m(release)[0m> 			nation n2
[32m(release)[0m> 		where
[32m(release)[0m> 			s_suppkey = l_suppkey
[32m(release)[0m> 			and o_orderkey = l_orderkey
[32m(release)[0m> 			and c_custkey = o_custkey
[32m(release)[0m> 			and s_nationkey = n1.n_nationkey
[32m(release)[0m> 			and c_nationkey = n2.n_nationkey
[32m(release)[0m> 			and (
[32m(release)[0m> 				(n1.n_name = 'FRANCE' and n2.n_name = 'GERMANY')
[32m(release)[0m> 				or (n1.n_name = 'GERMANY' and n2.n_name = 'FRANCE')
[32m(release)[0m> 			)
[32m(release)[0m> 			and l_shipdate between date '1995-01-01' and date '1996-12-31'
[32m(release)[0m> 	) as shipping
[32m(release)[0m> group by
[32m(release)[0m> 	supp_nation,
[32m(release)[0m> 	cust_nation,
[32m(release)[0m> 	l_year
[32m(release)[0m> order by
[32m(release)[0m> 	supp_nation,
[32m(release)[0m> 	cust_nation,
[32m(release)[0m> 	l_year;
VmRSS Change: 18446744073709551360 KB
===
4 rows total
Execution info: [PARSE: 93 µs 629 ns, SQL TRANSLATE: 419 µs 236 ns, OPTIMIZE: 25 ms 204 µs, LQP TRANSLATE: 562 µs 654 ns, EXECUTE: 1 s 184 ms (wall time) | QUERY PLAN CACHE HITS: 0/1 statement(s)]
After reset, table use_count: 2
WARNING: Table still has 1 other owner(s) after pipeline reset!
Executing script file done
$:hsh clear_plan_caches
Cleared PQP and LQP caches
$:hsh clear_pipeline
Released last SQLPipeline
$:hsh reset_exec_pools
Reset execution pools (2, 3) bump pointers to start
$:hsh mem_usage
------------------------------------------
Memory Usage Statistics:
VmSize:	328142280 kB
VmRSS:	93020572 kB
1: MemResourceStatus {MigratedColumnsAggregate,18446744073709551615,63541608448,52888587462,0,0,1,N/A}
MemResourceStatus {NumaMonotonicResource,3,53687091200,0,0,0,1,0}
MemResourceStatus {NumaMonotonicResource,2,53687091200,0,0,0,0,0}
0: MemResourceStatus {MemManagerAggregate,18446744073709551615,53687091200,0,0,0,0,N/A}
1: MemResourceStatus {MemManagerAggregate,18446744073709551615,53687091200,0,0,0,1,N/A}
MemResourceStatus {DefaultResource,18446744073709551615,18446744073709551615,18446744071318973865,60530953333,0,-1,N/A}
Quick Memory Usage Overview:
Used Capacity: 0, 52888587462
------------------------------------------
Executing script file: /home/umeshsum/tpch_queries/7.sql
[32m(release)[0m> select
[32m(release)[0m> 	supp_nation,
[32m(release)[0m> 	cust_nation,
[32m(release)[0m> 	l_year,
[32m(release)[0m> 	sum(volume) as revenue
[32m(release)[0m> from
[32m(release)[0m> 	(
[32m(release)[0m> 		select
[32m(release)[0m> 			n1.n_name as supp_nation,
[32m(release)[0m> 			n2.n_name as cust_nation,
[32m(release)[0m> 			extract(year from l_shipdate) as l_year,
[32m(release)[0m> 			l_extendedprice * (1 - l_discount) as volume
[32m(release)[0m> 		from
[32m(release)[0m> 			supplier,
[32m(release)[0m> 			lineitem,
[32m(release)[0m> 			orders,
[32m(release)[0m> 			customer,
[32m(release)[0m> 			nation n1,
[32m(release)[0m> 			nation n2
[32m(release)[0m> 		where
[32m(release)[0m> 			s_suppkey = l_suppkey
[32m(release)[0m> 			and o_orderkey = l_orderkey
[32m(release)[0m> 			and c_custkey = o_custkey
[32m(release)[0m> 			and s_nationkey = n1.n_nationkey
[32m(release)[0m> 			and c_nationkey = n2.n_nationkey
[32m(release)[0m> 			and (
[32m(release)[0m> 				(n1.n_name = 'FRANCE' and n2.n_name = 'GERMANY')
[32m(release)[0m> 				or (n1.n_name = 'GERMANY' and n2.n_name = 'FRANCE')
[32m(release)[0m> 			)
[32m(release)[0m> 			and l_shipdate between date '1995-01-01' and date '1996-12-31'
[32m(release)[0m> 	) as shipping
[32m(release)[0m> group by
[32m(release)[0m> 	supp_nation,
[32m(release)[0m> 	cust_nation,
[32m(release)[0m> 	l_year
[32m(release)[0m> order by
[32m(release)[0m> 	supp_nation,
[32m(release)[0m> 	cust_nation,
[32m(release)[0m> 	l_year;
VmRSS Change: 18446744073709550076 KB
===
4 rows total
Execution info: [PARSE: 88 µs 249 ns, SQL TRANSLATE: 281 µs 927 ns, OPTIMIZE: 23 ms 423 µs, LQP TRANSLATE: 554 µs 635 ns, EXECUTE: 1 s 253 ms (wall time) | QUERY PLAN CACHE HITS: 0/1 statement(s)]
After reset, table use_count: 2
WARNING: Table still has 1 other owner(s) after pipeline reset!
Executing script file done
$:hsh clear_plan_caches
Cleared PQP and LQP caches
$:hsh clear_pipeline
Released last SQLPipeline
$:hsh reset_exec_pools
Reset execution pools (2, 3) bump pointers to start
$:hsh mem_usage
------------------------------------------
Memory Usage Statistics:
VmSize:	328142280 kB
VmRSS:	93019048 kB
1: MemResourceStatus {MigratedColumnsAggregate,18446744073709551615,63541608448,52888587462,0,0,1,N/A}
MemResourceStatus {NumaMonotonicResource,3,53687091200,0,0,0,1,0}
MemResourceStatus {NumaMonotonicResource,2,53687091200,0,0,0,0,0}
0: MemResourceStatus {MemManagerAggregate,18446744073709551615,53687091200,0,0,0,0,N/A}
1: MemResourceStatus {MemManagerAggregate,18446744073709551615,53687091200,0,0,0,1,N/A}
MemResourceStatus {DefaultResource,18446744073709551615,18446744073709551615,18446744071318973865,60530953333,0,-1,N/A}
Quick Memory Usage Overview:
Used Capacity: 0, 52888587462
------------------------------------------
Executing script file: /home/umeshsum/tpch_queries/7.sql
[32m(release)[0m> select
[32m(release)[0m> 	supp_nation,
[32m(release)[0m> 	cust_nation,
[32m(release)[0m> 	l_year,
[32m(release)[0m> 	sum(volume) as revenue
[32m(release)[0m> from
[32m(release)[0m> 	(
[32m(release)[0m> 		select
[32m(release)[0m> 			n1.n_name as supp_nation,
[32m(release)[0m> 			n2.n_name as cust_nation,
[32m(release)[0m> 			extract(year from l_shipdate) as l_year,
[32m(release)[0m> 			l_extendedprice * (1 - l_discount) as volume
[32m(release)[0m> 		from
[32m(release)[0m> 			supplier,
[32m(release)[0m> 			lineitem,
[32m(release)[0m> 			orders,
[32m(release)[0m> 			customer,
[32m(release)[0m> 			nation n1,
[32m(release)[0m> 			nation n2
[32m(release)[0m> 		where
[32m(release)[0m> 			s_suppkey = l_suppkey
[32m(release)[0m> 			and o_orderkey = l_orderkey
[32m(release)[0m> 			and c_custkey = o_custkey
[32m(release)[0m> 			and s_nationkey = n1.n_nationkey
[32m(release)[0m> 			and c_nationkey = n2.n_nationkey
[32m(release)[0m> 			and (
[32m(release)[0m> 				(n1.n_name = 'FRANCE' and n2.n_name = 'GERMANY')
[32m(release)[0m> 				or (n1.n_name = 'GERMANY' and n2.n_name = 'FRANCE')
[32m(release)[0m> 			)
[32m(release)[0m> 			and l_shipdate between date '1995-01-01' and date '1996-12-31'
[32m(release)[0m> 	) as shipping
[32m(release)[0m> group by
[32m(release)[0m> 	supp_nation,
[32m(release)[0m> 	cust_nation,
[32m(release)[0m> 	l_year
[32m(release)[0m> order by
[32m(release)[0m> 	supp_nation,
[32m(release)[0m> 	cust_nation,
[32m(release)[0m> 	l_year;
VmRSS Change: 1912 KB
===
4 rows total
Execution info: [PARSE: 92 µs 119 ns, SQL TRANSLATE: 294 µs 327 ns, OPTIMIZE: 23 ms 824 µs, LQP TRANSLATE: 576 µs 305 ns, EXECUTE: 1 s 260 ms (wall time) | QUERY PLAN CACHE HITS: 0/1 statement(s)]
After reset, table use_count: 2
WARNING: Table still has 1 other owner(s) after pipeline reset!
Executing script file done
$:hsh clear_plan_caches
Cleared PQP and LQP caches
$:hsh clear_pipeline
Released last SQLPipeline
$:hsh reset_exec_pools
Reset execution pools (2, 3) bump pointers to start
$:hsh mem_usage
------------------------------------------
Memory Usage Statistics:
VmSize:	328142280 kB
VmRSS:	93020928 kB
1: MemResourceStatus {MigratedColumnsAggregate,18446744073709551615,63541608448,52888587462,0,0,1,N/A}
MemResourceStatus {NumaMonotonicResource,3,53687091200,0,0,0,1,0}
MemResourceStatus {NumaMonotonicResource,2,53687091200,0,0,0,0,0}
0: MemResourceStatus {MemManagerAggregate,18446744073709551615,53687091200,0,0,0,0,N/A}
1: MemResourceStatus {MemManagerAggregate,18446744073709551615,53687091200,0,0,0,1,N/A}
MemResourceStatus {DefaultResource,18446744073709551615,18446744073709551615,18446744071318973865,60530953333,0,-1,N/A}
Quick Memory Usage Overview:
Used Capacity: 0, 52888587462
------------------------------------------
Executing script file: /home/umeshsum/tpch_queries/7.sql
[32m(release)[0m> select
[32m(release)[0m> 	supp_nation,
[32m(release)[0m> 	cust_nation,
[32m(release)[0m> 	l_year,
[32m(release)[0m> 	sum(volume) as revenue
[32m(release)[0m> from
[32m(release)[0m> 	(
[32m(release)[0m> 		select
[32m(release)[0m> 			n1.n_name as supp_nation,
[32m(release)[0m> 			n2.n_name as cust_nation,
[32m(release)[0m> 			extract(year from l_shipdate) as l_year,
[32m(release)[0m> 			l_extendedprice * (1 - l_discount) as volume
[32m(release)[0m> 		from
[32m(release)[0m> 			supplier,
[32m(release)[0m> 			lineitem,
[32m(release)[0m> 			orders,
[32m(release)[0m> 			customer,
[32m(release)[0m> 			nation n1,
[32m(release)[0m> 			nation n2
[32m(release)[0m> 		where
[32m(release)[0m> 			s_suppkey = l_suppkey
[32m(release)[0m> 			and o_orderkey = l_orderkey
[32m(release)[0m> 			and c_custkey = o_custkey
[32m(release)[0m> 			and s_nationkey = n1.n_nationkey
[32m(release)[0m> 			and c_nationkey = n2.n_nationkey
[32m(release)[0m> 			and (
[32m(release)[0m> 				(n1.n_name = 'FRANCE' and n2.n_name = 'GERMANY')
[32m(release)[0m> 				or (n1.n_name = 'GERMANY' and n2.n_name = 'FRANCE')
[32m(release)[0m> 			)
[32m(release)[0m> 			and l_shipdate between date '1995-01-01' and date '1996-12-31'
[32m(release)[0m> 	) as shipping
[32m(release)[0m> group by
[32m(release)[0m> 	supp_nation,
[32m(release)[0m> 	cust_nation,
[32m(release)[0m> 	l_year
[32m(release)[0m> order by
[32m(release)[0m> 	supp_nation,
[32m(release)[0m> 	cust_nation,
[32m(release)[0m> 	l_year;
VmRSS Change: 308 KB
===
4 rows total
Execution info: [PARSE: 49 µs 109 ns, SQL TRANSLATE: 137 µs 819 ns, OPTIMIZE: 10 ms 382 µs, LQP TRANSLATE: 235 µs 708 ns, EXECUTE: 1 s 332 ms (wall time) | QUERY PLAN CACHE HITS: 0/1 statement(s)]
After reset, table use_count: 2
WARNING: Table still has 1 other owner(s) after pipeline reset!
Executing script file done
$:hsh clear_plan_caches
Cleared PQP and LQP caches
$:hsh clear_pipeline
Released last SQLPipeline
$:hsh reset_exec_pools
Reset execution pools (2, 3) bump pointers to start
$:hsh mem_usage
------------------------------------------
Memory Usage Statistics:
VmSize:	328142280 kB
VmRSS:	93021180 kB
1: MemResourceStatus {MigratedColumnsAggregate,18446744073709551615,63541608448,52888587462,0,0,1,N/A}
MemResourceStatus {NumaMonotonicResource,3,53687091200,0,0,0,1,0}
MemResourceStatus {NumaMonotonicResource,2,53687091200,0,0,0,0,0}
0: MemResourceStatus {MemManagerAggregate,18446744073709551615,53687091200,0,0,0,0,N/A}
1: MemResourceStatus {MemManagerAggregate,18446744073709551615,53687091200,0,0,0,1,N/A}
MemResourceStatus {DefaultResource,18446744073709551615,18446744073709551615,18446744071318973865,60530953333,0,-1,N/A}
Quick Memory Usage Overview:
Used Capacity: 0, 52888587462
------------------------------------------
Label set to d53687091200_tf1000000000000_q8
$:hsh clear_plan_caches
Cleared PQP and LQP caches
$:hsh clear_pipeline
Released last SQLPipeline
$:hsh reset_exec_pools
Reset execution pools (2, 3) bump pointers to start
$:hsh mem_usage
------------------------------------------
Memory Usage Statistics:
VmSize:	328142280 kB
VmRSS:	93021112 kB
1: MemResourceStatus {MigratedColumnsAggregate,18446744073709551615,63541608448,52888587462,0,0,1,N/A}
MemResourceStatus {NumaMonotonicResource,3,53687091200,0,0,0,1,0}
MemResourceStatus {NumaMonotonicResource,2,53687091200,0,0,0,0,0}
0: MemResourceStatus {MemManagerAggregate,18446744073709551615,53687091200,0,0,0,0,N/A}
1: MemResourceStatus {MemManagerAggregate,18446744073709551615,53687091200,0,0,0,1,N/A}
MemResourceStatus {DefaultResource,18446744073709551615,18446744073709551615,18446744071318973865,60530953333,0,-1,N/A}
Quick Memory Usage Overview:
Used Capacity: 0, 52888587462
------------------------------------------
Executing script file: /home/umeshsum/tpch_queries/8.sql
[32m(release)[0m> select
[32m(release)[0m> 	o_year,
[32m(release)[0m> 	sum(case
[32m(release)[0m> 		when nation = 'BRAZIL' then volume
[32m(release)[0m> 		else 0
[32m(release)[0m> 	end) / sum(volume) as mkt_share
[32m(release)[0m> from
[32m(release)[0m> 	(
[32m(release)[0m> 		select
[32m(release)[0m> 			extract(year from o_orderdate) as o_year,
[32m(release)[0m> 			l_extendedprice * (1 - l_discount) as volume,
[32m(release)[0m> 			n2.n_name as nation
[32m(release)[0m> 		from
[32m(release)[0m> 			part,
[32m(release)[0m> 			supplier,
[32m(release)[0m> 			lineitem,
[32m(release)[0m> 			orders,
[32m(release)[0m> 			customer,
[32m(release)[0m> 			nation n1,
[32m(release)[0m> 			nation n2,
[32m(release)[0m> 			region
[32m(release)[0m> 		where
[32m(release)[0m> 			p_partkey = l_partkey
[32m(release)[0m> 			and s_suppkey = l_suppkey
[32m(release)[0m> 			and l_orderkey = o_orderkey
[32m(release)[0m> 			and o_custkey = c_custkey
[32m(release)[0m> 			and c_nationkey = n1.n_nationkey
[32m(release)[0m> 			and n1.n_regionkey = r_regionkey
[32m(release)[0m> 			and r_name = 'AMERICA'
[32m(release)[0m> 			and s_nationkey = n2.n_nationkey
[32m(release)[0m> 			and o_orderdate between date '1995-01-01' and date '1996-12-31'
[32m(release)[0m> 			and p_type = 'ECONOMY ANODIZED STEEL'
[32m(release)[0m> 	) as all_nations
[32m(release)[0m> group by
[32m(release)[0m> 	o_year
[32m(release)[0m> order by
[32m(release)[0m> 	o_year;
VmRSS Change: 1320 KB
===
2 rows total
Execution info: [PARSE: 42 µs 769 ns, SQL TRANSLATE: 167 µs 789 ns, OPTIMIZE: 5 ms 205 µs, LQP TRANSLATE: 158 µs 369 ns, EXECUTE: 754 ms 498 µs (wall time) | QUERY PLAN CACHE HITS: 0/1 statement(s)]
After reset, table use_count: 2
WARNING: Table still has 1 other owner(s) after pipeline reset!
Executing script file done
$:hsh clear_plan_caches
Cleared PQP and LQP caches
$:hsh clear_pipeline
Released last SQLPipeline
$:hsh reset_exec_pools
Reset execution pools (2, 3) bump pointers to start
$:hsh mem_usage
------------------------------------------
Memory Usage Statistics:
VmSize:	328142280 kB
VmRSS:	93022444 kB
1: MemResourceStatus {MigratedColumnsAggregate,18446744073709551615,63541608448,52888587462,0,0,1,N/A}
MemResourceStatus {NumaMonotonicResource,3,53687091200,0,0,0,1,0}
MemResourceStatus {NumaMonotonicResource,2,53687091200,0,0,0,0,0}
0: MemResourceStatus {MemManagerAggregate,18446744073709551615,53687091200,0,0,0,0,N/A}
1: MemResourceStatus {MemManagerAggregate,18446744073709551615,53687091200,0,0,0,1,N/A}
MemResourceStatus {DefaultResource,18446744073709551615,18446744073709551615,18446744071318973865,60530953333,0,-1,N/A}
Quick Memory Usage Overview:
Used Capacity: 0, 52888587462
------------------------------------------
Executing script file: /home/umeshsum/tpch_queries/8.sql
[32m(release)[0m> select
[32m(release)[0m> 	o_year,
[32m(release)[0m> 	sum(case
[32m(release)[0m> 		when nation = 'BRAZIL' then volume
[32m(release)[0m> 		else 0
[32m(release)[0m> 	end) / sum(volume) as mkt_share
[32m(release)[0m> from
[32m(release)[0m> 	(
[32m(release)[0m> 		select
[32m(release)[0m> 			extract(year from o_orderdate) as o_year,
[32m(release)[0m> 			l_extendedprice * (1 - l_discount) as volume,
[32m(release)[0m> 			n2.n_name as nation
[32m(release)[0m> 		from
[32m(release)[0m> 			part,
[32m(release)[0m> 			supplier,
[32m(release)[0m> 			lineitem,
[32m(release)[0m> 			orders,
[32m(release)[0m> 			customer,
[32m(release)[0m> 			nation n1,
[32m(release)[0m> 			nation n2,
[32m(release)[0m> 			region
[32m(release)[0m> 		where
[32m(release)[0m> 			p_partkey = l_partkey
[32m(release)[0m> 			and s_suppkey = l_suppkey
[32m(release)[0m> 			and l_orderkey = o_orderkey
[32m(release)[0m> 			and o_custkey = c_custkey
[32m(release)[0m> 			and c_nationkey = n1.n_nationkey
[32m(release)[0m> 			and n1.n_regionkey = r_regionkey
[32m(release)[0m> 			and r_name = 'AMERICA'
[32m(release)[0m> 			and s_nationkey = n2.n_nationkey
[32m(release)[0m> 			and o_orderdate between date '1995-01-01' and date '1996-12-31'
[32m(release)[0m> 			and p_type = 'ECONOMY ANODIZED STEEL'
[32m(release)[0m> 	) as all_nations
[32m(release)[0m> group by
[32m(release)[0m> 	o_year
[32m(release)[0m> order by
[32m(release)[0m> 	o_year;
VmRSS Change: 18446744073709550684 KB
===
2 rows total
Execution info: [PARSE: 45 µs 850 ns, SQL TRANSLATE: 154 µs 38 ns, OPTIMIZE: 4 ms 675 µs, LQP TRANSLATE: 153 µs 479 ns, EXECUTE: 774 ms 87 µs (wall time) | QUERY PLAN CACHE HITS: 0/1 statement(s)]
After reset, table use_count: 2
WARNING: Table still has 1 other owner(s) after pipeline reset!
Executing script file done
$:hsh clear_plan_caches
Cleared PQP and LQP caches
$:hsh clear_pipeline
Released last SQLPipeline
$:hsh reset_exec_pools
Reset execution pools (2, 3) bump pointers to start
$:hsh mem_usage
------------------------------------------
Memory Usage Statistics:
VmSize:	328142280 kB
VmRSS:	93021440 kB
1: MemResourceStatus {MigratedColumnsAggregate,18446744073709551615,63541608448,52888587462,0,0,1,N/A}
MemResourceStatus {NumaMonotonicResource,3,53687091200,0,0,0,1,0}
MemResourceStatus {NumaMonotonicResource,2,53687091200,0,0,0,0,0}
0: MemResourceStatus {MemManagerAggregate,18446744073709551615,53687091200,0,0,0,0,N/A}
1: MemResourceStatus {MemManagerAggregate,18446744073709551615,53687091200,0,0,0,1,N/A}
MemResourceStatus {DefaultResource,18446744073709551615,18446744073709551615,18446744071318973865,60530953333,0,-1,N/A}
Quick Memory Usage Overview:
Used Capacity: 0, 52888587462
------------------------------------------
Executing script file: /home/umeshsum/tpch_queries/8.sql
[32m(release)[0m> select
[32m(release)[0m> 	o_year,
[32m(release)[0m> 	sum(case
[32m(release)[0m> 		when nation = 'BRAZIL' then volume
[32m(release)[0m> 		else 0
[32m(release)[0m> 	end) / sum(volume) as mkt_share
[32m(release)[0m> from
[32m(release)[0m> 	(
[32m(release)[0m> 		select
[32m(release)[0m> 			extract(year from o_orderdate) as o_year,
[32m(release)[0m> 			l_extendedprice * (1 - l_discount) as volume,
[32m(release)[0m> 			n2.n_name as nation
[32m(release)[0m> 		from
[32m(release)[0m> 			part,
[32m(release)[0m> 			supplier,
[32m(release)[0m> 			lineitem,
[32m(release)[0m> 			orders,
[32m(release)[0m> 			customer,
[32m(release)[0m> 			nation n1,
[32m(release)[0m> 			nation n2,
[32m(release)[0m> 			region
[32m(release)[0m> 		where
[32m(release)[0m> 			p_partkey = l_partkey
[32m(release)[0m> 			and s_suppkey = l_suppkey
[32m(release)[0m> 			and l_orderkey = o_orderkey
[32m(release)[0m> 			and o_custkey = c_custkey
[32m(release)[0m> 			and c_nationkey = n1.n_nationkey
[32m(release)[0m> 			and n1.n_regionkey = r_regionkey
[32m(release)[0m> 			and r_name = 'AMERICA'
[32m(release)[0m> 			and s_nationkey = n2.n_nationkey
[32m(release)[0m> 			and o_orderdate between date '1995-01-01' and date '1996-12-31'
[32m(release)[0m> 			and p_type = 'ECONOMY ANODIZED STEEL'
[32m(release)[0m> 	) as all_nations
[32m(release)[0m> group by
[32m(release)[0m> 	o_year
[32m(release)[0m> order by
[32m(release)[0m> 	o_year;
VmRSS Change: 18446744073709551104 KB
===
2 rows total
Execution info: [PARSE: 45 µs 589 ns, SQL TRANSLATE: 168 µs 468 ns, OPTIMIZE: 4 ms 716 µs, LQP TRANSLATE: 153 µs 368 ns, EXECUTE: 768 ms 309 µs (wall time) | QUERY PLAN CACHE HITS: 0/1 statement(s)]
After reset, table use_count: 2
WARNING: Table still has 1 other owner(s) after pipeline reset!
Executing script file done
$:hsh clear_plan_caches
Cleared PQP and LQP caches
$:hsh clear_pipeline
Released last SQLPipeline
$:hsh reset_exec_pools
Reset execution pools (2, 3) bump pointers to start
$:hsh mem_usage
------------------------------------------
Memory Usage Statistics:
VmSize:	328142280 kB
VmRSS:	93020908 kB
1: MemResourceStatus {MigratedColumnsAggregate,18446744073709551615,63541608448,52888587462,0,0,1,N/A}
MemResourceStatus {NumaMonotonicResource,3,53687091200,0,0,0,1,0}
MemResourceStatus {NumaMonotonicResource,2,53687091200,0,0,0,0,0}
0: MemResourceStatus {MemManagerAggregate,18446744073709551615,53687091200,0,0,0,0,N/A}
1: MemResourceStatus {MemManagerAggregate,18446744073709551615,53687091200,0,0,0,1,N/A}
MemResourceStatus {DefaultResource,18446744073709551615,18446744073709551615,18446744071318973865,60530953333,0,-1,N/A}
Quick Memory Usage Overview:
Used Capacity: 0, 52888587462
------------------------------------------
Executing script file: /home/umeshsum/tpch_queries/8.sql
[32m(release)[0m> select
[32m(release)[0m> 	o_year,
[32m(release)[0m> 	sum(case
[32m(release)[0m> 		when nation = 'BRAZIL' then volume
[32m(release)[0m> 		else 0
[32m(release)[0m> 	end) / sum(volume) as mkt_share
[32m(release)[0m> from
[32m(release)[0m> 	(
[32m(release)[0m> 		select
[32m(release)[0m> 			extract(year from o_orderdate) as o_year,
[32m(release)[0m> 			l_extendedprice * (1 - l_discount) as volume,
[32m(release)[0m> 			n2.n_name as nation
[32m(release)[0m> 		from
[32m(release)[0m> 			part,
[32m(release)[0m> 			supplier,
[32m(release)[0m> 			lineitem,
[32m(release)[0m> 			orders,
[32m(release)[0m> 			customer,
[32m(release)[0m> 			nation n1,
[32m(release)[0m> 			nation n2,
[32m(release)[0m> 			region
[32m(release)[0m> 		where
[32m(release)[0m> 			p_partkey = l_partkey
[32m(release)[0m> 			and s_suppkey = l_suppkey
[32m(release)[0m> 			and l_orderkey = o_orderkey
[32m(release)[0m> 			and o_custkey = c_custkey
[32m(release)[0m> 			and c_nationkey = n1.n_nationkey
[32m(release)[0m> 			and n1.n_regionkey = r_regionkey
[32m(release)[0m> 			and r_name = 'AMERICA'
[32m(release)[0m> 			and s_nationkey = n2.n_nationkey
[32m(release)[0m> 			and o_orderdate between date '1995-01-01' and date '1996-12-31'
[32m(release)[0m> 			and p_type = 'ECONOMY ANODIZED STEEL'
[32m(release)[0m> 	) as all_nations
[32m(release)[0m> group by
[32m(release)[0m> 	o_year
[32m(release)[0m> order by
[32m(release)[0m> 	o_year;
VmRSS Change: 18446744073709550684 KB
===
2 rows total
Execution info: [PARSE: 44 µs 320 ns, SQL TRANSLATE: 156 µs 458 ns, OPTIMIZE: 4 ms 661 µs, LQP TRANSLATE: 153 µs 729 ns, EXECUTE: 756 ms 64 µs (wall time) | QUERY PLAN CACHE HITS: 0/1 statement(s)]
After reset, table use_count: 2
WARNING: Table still has 1 other owner(s) after pipeline reset!
Executing script file done
$:hsh clear_plan_caches
Cleared PQP and LQP caches
$:hsh clear_pipeline
Released last SQLPipeline
$:hsh reset_exec_pools
Reset execution pools (2, 3) bump pointers to start
$:hsh mem_usage
------------------------------------------
Memory Usage Statistics:
VmSize:	328142280 kB
VmRSS:	93019972 kB
1: MemResourceStatus {MigratedColumnsAggregate,18446744073709551615,63541608448,52888587462,0,0,1,N/A}
MemResourceStatus {NumaMonotonicResource,3,53687091200,0,0,0,1,0}
MemResourceStatus {NumaMonotonicResource,2,53687091200,0,0,0,0,0}
0: MemResourceStatus {MemManagerAggregate,18446744073709551615,53687091200,0,0,0,0,N/A}
1: MemResourceStatus {MemManagerAggregate,18446744073709551615,53687091200,0,0,0,1,N/A}
MemResourceStatus {DefaultResource,18446744073709551615,18446744073709551615,18446744071318973865,60530953333,0,-1,N/A}
Quick Memory Usage Overview:
Used Capacity: 0, 52888587462
------------------------------------------
Executing script file: /home/umeshsum/tpch_queries/8.sql
[32m(release)[0m> select
[32m(release)[0m> 	o_year,
[32m(release)[0m> 	sum(case
[32m(release)[0m> 		when nation = 'BRAZIL' then volume
[32m(release)[0m> 		else 0
[32m(release)[0m> 	end) / sum(volume) as mkt_share
[32m(release)[0m> from
[32m(release)[0m> 	(
[32m(release)[0m> 		select
[32m(release)[0m> 			extract(year from o_orderdate) as o_year,
[32m(release)[0m> 			l_extendedprice * (1 - l_discount) as volume,
[32m(release)[0m> 			n2.n_name as nation
[32m(release)[0m> 		from
[32m(release)[0m> 			part,
[32m(release)[0m> 			supplier,
[32m(release)[0m> 			lineitem,
[32m(release)[0m> 			orders,
[32m(release)[0m> 			customer,
[32m(release)[0m> 			nation n1,
[32m(release)[0m> 			nation n2,
[32m(release)[0m> 			region
[32m(release)[0m> 		where
[32m(release)[0m> 			p_partkey = l_partkey
[32m(release)[0m> 			and s_suppkey = l_suppkey
[32m(release)[0m> 			and l_orderkey = o_orderkey
[32m(release)[0m> 			and o_custkey = c_custkey
[32m(release)[0m> 			and c_nationkey = n1.n_nationkey
[32m(release)[0m> 			and n1.n_regionkey = r_regionkey
[32m(release)[0m> 			and r_name = 'AMERICA'
[32m(release)[0m> 			and s_nationkey = n2.n_nationkey
[32m(release)[0m> 			and o_orderdate between date '1995-01-01' and date '1996-12-31'
[32m(release)[0m> 			and p_type = 'ECONOMY ANODIZED STEEL'
[32m(release)[0m> 	) as all_nations
[32m(release)[0m> group by
[32m(release)[0m> 	o_year
[32m(release)[0m> order by
[32m(release)[0m> 	o_year;
VmRSS Change: 18446744073709547688 KB
===
2 rows total
Execution info: [PARSE: 44 µs 709 ns, SQL TRANSLATE: 166 µs 169 ns, OPTIMIZE: 4 ms 676 µs, LQP TRANSLATE: 150 µs 809 ns, EXECUTE: 755 ms 521 µs (wall time) | QUERY PLAN CACHE HITS: 0/1 statement(s)]
After reset, table use_count: 2
WARNING: Table still has 1 other owner(s) after pipeline reset!
Executing script file done
$:hsh clear_plan_caches
Cleared PQP and LQP caches
$:hsh clear_pipeline
Released last SQLPipeline
$:hsh reset_exec_pools
Reset execution pools (2, 3) bump pointers to start
$:hsh mem_usage
------------------------------------------
Memory Usage Statistics:
VmSize:	328142280 kB
VmRSS:	93016064 kB
1: MemResourceStatus {MigratedColumnsAggregate,18446744073709551615,63541608448,52888587462,0,0,1,N/A}
MemResourceStatus {NumaMonotonicResource,3,53687091200,0,0,0,1,0}
MemResourceStatus {NumaMonotonicResource,2,53687091200,0,0,0,0,0}
0: MemResourceStatus {MemManagerAggregate,18446744073709551615,53687091200,0,0,0,0,N/A}
1: MemResourceStatus {MemManagerAggregate,18446744073709551615,53687091200,0,0,0,1,N/A}
MemResourceStatus {DefaultResource,18446744073709551615,18446744073709551615,18446744071318973865,60530953333,0,-1,N/A}
Quick Memory Usage Overview:
Used Capacity: 0, 52888587462
------------------------------------------
Executing script file: /home/umeshsum/tpch_queries/8.sql
[32m(release)[0m> select
[32m(release)[0m> 	o_year,
[32m(release)[0m> 	sum(case
[32m(release)[0m> 		when nation = 'BRAZIL' then volume
[32m(release)[0m> 		else 0
[32m(release)[0m> 	end) / sum(volume) as mkt_share
[32m(release)[0m> from
[32m(release)[0m> 	(
[32m(release)[0m> 		select
[32m(release)[0m> 			extract(year from o_orderdate) as o_year,
[32m(release)[0m> 			l_extendedprice * (1 - l_discount) as volume,
[32m(release)[0m> 			n2.n_name as nation
[32m(release)[0m> 		from
[32m(release)[0m> 			part,
[32m(release)[0m> 			supplier,
[32m(release)[0m> 			lineitem,
[32m(release)[0m> 			orders,
[32m(release)[0m> 			customer,
[32m(release)[0m> 			nation n1,
[32m(release)[0m> 			nation n2,
[32m(release)[0m> 			region
[32m(release)[0m> 		where
[32m(release)[0m> 			p_partkey = l_partkey
[32m(release)[0m> 			and s_suppkey = l_suppkey
[32m(release)[0m> 			and l_orderkey = o_orderkey
[32m(release)[0m> 			and o_custkey = c_custkey
[32m(release)[0m> 			and c_nationkey = n1.n_nationkey
[32m(release)[0m> 			and n1.n_regionkey = r_regionkey
[32m(release)[0m> 			and r_name = 'AMERICA'
[32m(release)[0m> 			and s_nationkey = n2.n_nationkey
[32m(release)[0m> 			and o_orderdate between date '1995-01-01' and date '1996-12-31'
[32m(release)[0m> 			and p_type = 'ECONOMY ANODIZED STEEL'
[32m(release)[0m> 	) as all_nations
[32m(release)[0m> group by
[32m(release)[0m> 	o_year
[32m(release)[0m> order by
[32m(release)[0m> 	o_year;
VmRSS Change: 1212 KB
===
2 rows total
Execution info: [PARSE: 43 µs 810 ns, SQL TRANSLATE: 166 µs 509 ns, OPTIMIZE: 4 ms 625 µs, LQP TRANSLATE: 153 µs 299 ns, EXECUTE: 762 ms 837 µs (wall time) | QUERY PLAN CACHE HITS: 0/1 statement(s)]
After reset, table use_count: 2
WARNING: Table still has 1 other owner(s) after pipeline reset!
Executing script file done
$:hsh clear_plan_caches
Cleared PQP and LQP caches
$:hsh clear_pipeline
Released last SQLPipeline
$:hsh reset_exec_pools
Reset execution pools (2, 3) bump pointers to start
$:hsh mem_usage
------------------------------------------
Memory Usage Statistics:
VmSize:	328142280 kB
VmRSS:	93017288 kB
1: MemResourceStatus {MigratedColumnsAggregate,18446744073709551615,63541608448,52888587462,0,0,1,N/A}
MemResourceStatus {NumaMonotonicResource,3,53687091200,0,0,0,1,0}
MemResourceStatus {NumaMonotonicResource,2,53687091200,0,0,0,0,0}
0: MemResourceStatus {MemManagerAggregate,18446744073709551615,53687091200,0,0,0,0,N/A}
1: MemResourceStatus {MemManagerAggregate,18446744073709551615,53687091200,0,0,0,1,N/A}
MemResourceStatus {DefaultResource,18446744073709551615,18446744073709551615,18446744071318973865,60530953333,0,-1,N/A}
Quick Memory Usage Overview:
Used Capacity: 0, 52888587462
------------------------------------------
Executing script file: /home/umeshsum/tpch_queries/8.sql
[32m(release)[0m> select
[32m(release)[0m> 	o_year,
[32m(release)[0m> 	sum(case
[32m(release)[0m> 		when nation = 'BRAZIL' then volume
[32m(release)[0m> 		else 0
[32m(release)[0m> 	end) / sum(volume) as mkt_share
[32m(release)[0m> from
[32m(release)[0m> 	(
[32m(release)[0m> 		select
[32m(release)[0m> 			extract(year from o_orderdate) as o_year,
[32m(release)[0m> 			l_extendedprice * (1 - l_discount) as volume,
[32m(release)[0m> 			n2.n_name as nation
[32m(release)[0m> 		from
[32m(release)[0m> 			part,
[32m(release)[0m> 			supplier,
[32m(release)[0m> 			lineitem,
[32m(release)[0m> 			orders,
[32m(release)[0m> 			customer,
[32m(release)[0m> 			nation n1,
[32m(release)[0m> 			nation n2,
[32m(release)[0m> 			region
[32m(release)[0m> 		where
[32m(release)[0m> 			p_partkey = l_partkey
[32m(release)[0m> 			and s_suppkey = l_suppkey
[32m(release)[0m> 			and l_orderkey = o_orderkey
[32m(release)[0m> 			and o_custkey = c_custkey
[32m(release)[0m> 			and c_nationkey = n1.n_nationkey
[32m(release)[0m> 			and n1.n_regionkey = r_regionkey
[32m(release)[0m> 			and r_name = 'AMERICA'
[32m(release)[0m> 			and s_nationkey = n2.n_nationkey
[32m(release)[0m> 			and o_orderdate between date '1995-01-01' and date '1996-12-31'
[32m(release)[0m> 			and p_type = 'ECONOMY ANODIZED STEEL'
[32m(release)[0m> 	) as all_nations
[32m(release)[0m> group by
[32m(release)[0m> 	o_year
[32m(release)[0m> order by
[32m(release)[0m> 	o_year;
VmRSS Change: 18446744073709548972 KB
===
2 rows total
Execution info: [PARSE: 45 µs 219 ns, SQL TRANSLATE: 172 µs 99 ns, OPTIMIZE: 4 ms 678 µs, LQP TRANSLATE: 152 µs 448 ns, EXECUTE: 739 ms 112 µs (wall time) | QUERY PLAN CACHE HITS: 0/1 statement(s)]
After reset, table use_count: 2
WARNING: Table still has 1 other owner(s) after pipeline reset!
Executing script file done
$:hsh clear_plan_caches
Cleared PQP and LQP caches
$:hsh clear_pipeline
Released last SQLPipeline
$:hsh reset_exec_pools
Reset execution pools (2, 3) bump pointers to start
$:hsh mem_usage
------------------------------------------
Memory Usage Statistics:
VmSize:	328142280 kB
VmRSS:	93014652 kB
1: MemResourceStatus {MigratedColumnsAggregate,18446744073709551615,63541608448,52888587462,0,0,1,N/A}
MemResourceStatus {NumaMonotonicResource,3,53687091200,0,0,0,1,0}
MemResourceStatus {NumaMonotonicResource,2,53687091200,0,0,0,0,0}
0: MemResourceStatus {MemManagerAggregate,18446744073709551615,53687091200,0,0,0,0,N/A}
1: MemResourceStatus {MemManagerAggregate,18446744073709551615,53687091200,0,0,0,1,N/A}
MemResourceStatus {DefaultResource,18446744073709551615,18446744073709551615,18446744071318973865,60530953333,0,-1,N/A}
Quick Memory Usage Overview:
Used Capacity: 0, 52888587462
------------------------------------------
Executing script file: /home/umeshsum/tpch_queries/8.sql
[32m(release)[0m> select
[32m(release)[0m> 	o_year,
[32m(release)[0m> 	sum(case
[32m(release)[0m> 		when nation = 'BRAZIL' then volume
[32m(release)[0m> 		else 0
[32m(release)[0m> 	end) / sum(volume) as mkt_share
[32m(release)[0m> from
[32m(release)[0m> 	(
[32m(release)[0m> 		select
[32m(release)[0m> 			extract(year from o_orderdate) as o_year,
[32m(release)[0m> 			l_extendedprice * (1 - l_discount) as volume,
[32m(release)[0m> 			n2.n_name as nation
[32m(release)[0m> 		from
[32m(release)[0m> 			part,
[32m(release)[0m> 			supplier,
[32m(release)[0m> 			lineitem,
[32m(release)[0m> 			orders,
[32m(release)[0m> 			customer,
[32m(release)[0m> 			nation n1,
[32m(release)[0m> 			nation n2,
[32m(release)[0m> 			region
[32m(release)[0m> 		where
[32m(release)[0m> 			p_partkey = l_partkey
[32m(release)[0m> 			and s_suppkey = l_suppkey
[32m(release)[0m> 			and l_orderkey = o_orderkey
[32m(release)[0m> 			and o_custkey = c_custkey
[32m(release)[0m> 			and c_nationkey = n1.n_nationkey
[32m(release)[0m> 			and n1.n_regionkey = r_regionkey
[32m(release)[0m> 			and r_name = 'AMERICA'
[32m(release)[0m> 			and s_nationkey = n2.n_nationkey
[32m(release)[0m> 			and o_orderdate between date '1995-01-01' and date '1996-12-31'
[32m(release)[0m> 			and p_type = 'ECONOMY ANODIZED STEEL'
[32m(release)[0m> 	) as all_nations
[32m(release)[0m> group by
[32m(release)[0m> 	o_year
[32m(release)[0m> order by
[32m(release)[0m> 	o_year;
VmRSS Change: 852 KB
===
2 rows total
Execution info: [PARSE: 44 µs 89 ns, SQL TRANSLATE: 164 µs 329 ns, OPTIMIZE: 4 ms 585 µs, LQP TRANSLATE: 147 µs 119 ns, EXECUTE: 785 ms 179 µs (wall time) | QUERY PLAN CACHE HITS: 0/1 statement(s)]
After reset, table use_count: 2
WARNING: Table still has 1 other owner(s) after pipeline reset!
Executing script file done
$:hsh clear_plan_caches
Cleared PQP and LQP caches
$:hsh clear_pipeline
Released last SQLPipeline
$:hsh reset_exec_pools
Reset execution pools (2, 3) bump pointers to start
$:hsh mem_usage
------------------------------------------
Memory Usage Statistics:
VmSize:	328142280 kB
VmRSS:	93015516 kB
1: MemResourceStatus {MigratedColumnsAggregate,18446744073709551615,63541608448,52888587462,0,0,1,N/A}
MemResourceStatus {NumaMonotonicResource,3,53687091200,0,0,0,1,0}
MemResourceStatus {NumaMonotonicResource,2,53687091200,0,0,0,0,0}
0: MemResourceStatus {MemManagerAggregate,18446744073709551615,53687091200,0,0,0,0,N/A}
1: MemResourceStatus {MemManagerAggregate,18446744073709551615,53687091200,0,0,0,1,N/A}
MemResourceStatus {DefaultResource,18446744073709551615,18446744073709551615,18446744071318973865,60530953333,0,-1,N/A}
Quick Memory Usage Overview:
Used Capacity: 0, 52888587462
------------------------------------------
Executing script file: /home/umeshsum/tpch_queries/8.sql
[32m(release)[0m> select
[32m(release)[0m> 	o_year,
[32m(release)[0m> 	sum(case
[32m(release)[0m> 		when nation = 'BRAZIL' then volume
[32m(release)[0m> 		else 0
[32m(release)[0m> 	end) / sum(volume) as mkt_share
[32m(release)[0m> from
[32m(release)[0m> 	(
[32m(release)[0m> 		select
[32m(release)[0m> 			extract(year from o_orderdate) as o_year,
[32m(release)[0m> 			l_extendedprice * (1 - l_discount) as volume,
[32m(release)[0m> 			n2.n_name as nation
[32m(release)[0m> 		from
[32m(release)[0m> 			part,
[32m(release)[0m> 			supplier,
[32m(release)[0m> 			lineitem,
[32m(release)[0m> 			orders,
[32m(release)[0m> 			customer,
[32m(release)[0m> 			nation n1,
[32m(release)[0m> 			nation n2,
[32m(release)[0m> 			region
[32m(release)[0m> 		where
[32m(release)[0m> 			p_partkey = l_partkey
[32m(release)[0m> 			and s_suppkey = l_suppkey
[32m(release)[0m> 			and l_orderkey = o_orderkey
[32m(release)[0m> 			and o_custkey = c_custkey
[32m(release)[0m> 			and c_nationkey = n1.n_nationkey
[32m(release)[0m> 			and n1.n_regionkey = r_regionkey
[32m(release)[0m> 			and r_name = 'AMERICA'
[32m(release)[0m> 			and s_nationkey = n2.n_nationkey
[32m(release)[0m> 			and o_orderdate between date '1995-01-01' and date '1996-12-31'
[32m(release)[0m> 			and p_type = 'ECONOMY ANODIZED STEEL'
[32m(release)[0m> 	) as all_nations
[32m(release)[0m> group by
[32m(release)[0m> 	o_year
[32m(release)[0m> order by
[32m(release)[0m> 	o_year;
VmRSS Change: 18446744073709551356 KB
===
2 rows total
Execution info: [PARSE: 44 µs 330 ns, SQL TRANSLATE: 154 µs 18 ns, OPTIMIZE: 4 ms 646 µs, LQP TRANSLATE: 148 µs 579 ns, EXECUTE: 780 ms 164 µs (wall time) | QUERY PLAN CACHE HITS: 0/1 statement(s)]
After reset, table use_count: 2
WARNING: Table still has 1 other owner(s) after pipeline reset!
Executing script file done
$:hsh clear_plan_caches
Cleared PQP and LQP caches
$:hsh clear_pipeline
Released last SQLPipeline
$:hsh reset_exec_pools
Reset execution pools (2, 3) bump pointers to start
$:hsh mem_usage
------------------------------------------
Memory Usage Statistics:
VmSize:	328142280 kB
VmRSS:	93015256 kB
1: MemResourceStatus {MigratedColumnsAggregate,18446744073709551615,63541608448,52888587462,0,0,1,N/A}
MemResourceStatus {NumaMonotonicResource,3,53687091200,0,0,0,1,0}
MemResourceStatus {NumaMonotonicResource,2,53687091200,0,0,0,0,0}
0: MemResourceStatus {MemManagerAggregate,18446744073709551615,53687091200,0,0,0,0,N/A}
1: MemResourceStatus {MemManagerAggregate,18446744073709551615,53687091200,0,0,0,1,N/A}
MemResourceStatus {DefaultResource,18446744073709551615,18446744073709551615,18446744071318973865,60530953333,0,-1,N/A}
Quick Memory Usage Overview:
Used Capacity: 0, 52888587462
------------------------------------------
Executing script file: /home/umeshsum/tpch_queries/8.sql
[32m(release)[0m> select
[32m(release)[0m> 	o_year,
[32m(release)[0m> 	sum(case
[32m(release)[0m> 		when nation = 'BRAZIL' then volume
[32m(release)[0m> 		else 0
[32m(release)[0m> 	end) / sum(volume) as mkt_share
[32m(release)[0m> from
[32m(release)[0m> 	(
[32m(release)[0m> 		select
[32m(release)[0m> 			extract(year from o_orderdate) as o_year,
[32m(release)[0m> 			l_extendedprice * (1 - l_discount) as volume,
[32m(release)[0m> 			n2.n_name as nation
[32m(release)[0m> 		from
[32m(release)[0m> 			part,
[32m(release)[0m> 			supplier,
[32m(release)[0m> 			lineitem,
[32m(release)[0m> 			orders,
[32m(release)[0m> 			customer,
[32m(release)[0m> 			nation n1,
[32m(release)[0m> 			nation n2,
[32m(release)[0m> 			region
[32m(release)[0m> 		where
[32m(release)[0m> 			p_partkey = l_partkey
[32m(release)[0m> 			and s_suppkey = l_suppkey
[32m(release)[0m> 			and l_orderkey = o_orderkey
[32m(release)[0m> 			and o_custkey = c_custkey
[32m(release)[0m> 			and c_nationkey = n1.n_nationkey
[32m(release)[0m> 			and n1.n_regionkey = r_regionkey
[32m(release)[0m> 			and r_name = 'AMERICA'
[32m(release)[0m> 			and s_nationkey = n2.n_nationkey
[32m(release)[0m> 			and o_orderdate between date '1995-01-01' and date '1996-12-31'
[32m(release)[0m> 			and p_type = 'ECONOMY ANODIZED STEEL'
[32m(release)[0m> 	) as all_nations
[32m(release)[0m> group by
[32m(release)[0m> 	o_year
[32m(release)[0m> order by
[32m(release)[0m> 	o_year;
VmRSS Change: 612 KB
===
2 rows total
Execution info: [PARSE: 43 µs 89 ns, SQL TRANSLATE: 155 µs 378 ns, OPTIMIZE: 4 ms 654 µs, LQP TRANSLATE: 148 µs 278 ns, EXECUTE: 810 ms 369 µs (wall time) | QUERY PLAN CACHE HITS: 0/1 statement(s)]
After reset, table use_count: 2
WARNING: Table still has 1 other owner(s) after pipeline reset!
Executing script file done
$:hsh clear_plan_caches
Cleared PQP and LQP caches
$:hsh clear_pipeline
Released last SQLPipeline
$:hsh reset_exec_pools
Reset execution pools (2, 3) bump pointers to start
$:hsh mem_usage
------------------------------------------
Memory Usage Statistics:
VmSize:	328142280 kB
VmRSS:	93015864 kB
1: MemResourceStatus {MigratedColumnsAggregate,18446744073709551615,63541608448,52888587462,0,0,1,N/A}
MemResourceStatus {NumaMonotonicResource,3,53687091200,0,0,0,1,0}
MemResourceStatus {NumaMonotonicResource,2,53687091200,0,0,0,0,0}
0: MemResourceStatus {MemManagerAggregate,18446744073709551615,53687091200,0,0,0,0,N/A}
1: MemResourceStatus {MemManagerAggregate,18446744073709551615,53687091200,0,0,0,1,N/A}
MemResourceStatus {DefaultResource,18446744073709551615,18446744073709551615,18446744071318973865,60530953333,0,-1,N/A}
Quick Memory Usage Overview:
Used Capacity: 0, 52888587462
------------------------------------------
Label set to d53687091200_tf1000000000000_q9
$:hsh clear_plan_caches
Cleared PQP and LQP caches
$:hsh clear_pipeline
Released last SQLPipeline
$:hsh reset_exec_pools
Reset execution pools (2, 3) bump pointers to start
$:hsh mem_usage
------------------------------------------
Memory Usage Statistics:
VmSize:	328142280 kB
VmRSS:	93015864 kB
1: MemResourceStatus {MigratedColumnsAggregate,18446744073709551615,63541608448,52888587462,0,0,1,N/A}
MemResourceStatus {NumaMonotonicResource,3,53687091200,0,0,0,1,0}
MemResourceStatus {NumaMonotonicResource,2,53687091200,0,0,0,0,0}
0: MemResourceStatus {MemManagerAggregate,18446744073709551615,53687091200,0,0,0,0,N/A}
1: MemResourceStatus {MemManagerAggregate,18446744073709551615,53687091200,0,0,0,1,N/A}
MemResourceStatus {DefaultResource,18446744073709551615,18446744073709551615,18446744071318973865,60530953333,0,-1,N/A}
Quick Memory Usage Overview:
Used Capacity: 0, 52888587462
------------------------------------------
Executing script file: /home/umeshsum/tpch_queries/9.sql
[32m(release)[0m> select
[32m(release)[0m> 	nation,
[32m(release)[0m> 	o_year,
[32m(release)[0m> 	sum(amount) as sum_profit
[32m(release)[0m> from
[32m(release)[0m> 	(
[32m(release)[0m> 		select
[32m(release)[0m> 			n_name as nation,
[32m(release)[0m> 			extract(year from o_orderdate) as o_year,
[32m(release)[0m> 			l_extendedprice * (1 - l_discount) - ps_supplycost * l_quantity as amount
[32m(release)[0m> 		from
[32m(release)[0m> 			part,
[32m(release)[0m> 			supplier,
[32m(release)[0m> 			lineitem,
[32m(release)[0m> 			partsupp,
[32m(release)[0m> 			orders,
[32m(release)[0m> 			nation
[32m(release)[0m> 		where
[32m(release)[0m> 			s_suppkey = l_suppkey
[32m(release)[0m> 			and ps_suppkey = l_suppkey
[32m(release)[0m> 			and ps_partkey = l_partkey
[32m(release)[0m> 			and p_partkey = l_partkey
[32m(release)[0m> 			and o_orderkey = l_orderkey
[32m(release)[0m> 			and s_nationkey = n_nationkey
[32m(release)[0m> 			and p_name like '%green%'
[32m(release)[0m> 	) as profit
[32m(release)[0m> group by
[32m(release)[0m> 	nation,
[32m(release)[0m> 	o_year
[32m(release)[0m> order by
[32m(release)[0m> 	nation,
[32m(release)[0m> 	o_year desc;
VmRSS Change: 1394948 KB
===
175 rows total
Execution info: [PARSE: 34 µs 899 ns, SQL TRANSLATE: 151 µs 149 ns, OPTIMIZE: 7 ms 391 µs, LQP TRANSLATE: 101 µs 339 ns, EXECUTE: 9 s 872 ms (wall time) | QUERY PLAN CACHE HITS: 0/1 statement(s)]
After reset, table use_count: 2
WARNING: Table still has 1 other owner(s) after pipeline reset!
Executing script file done
$:hsh clear_plan_caches
Cleared PQP and LQP caches
$:hsh clear_pipeline
Released last SQLPipeline
$:hsh reset_exec_pools
Reset execution pools (2, 3) bump pointers to start
$:hsh mem_usage
------------------------------------------
Memory Usage Statistics:
VmSize:	328142280 kB
VmRSS:	94410968 kB
1: MemResourceStatus {MigratedColumnsAggregate,18446744073709551615,63541608448,52888587462,0,0,1,N/A}
MemResourceStatus {NumaMonotonicResource,3,53687091200,0,0,0,1,0}
MemResourceStatus {NumaMonotonicResource,2,53687091200,0,0,0,0,0}
0: MemResourceStatus {MemManagerAggregate,18446744073709551615,53687091200,0,0,0,0,N/A}
1: MemResourceStatus {MemManagerAggregate,18446744073709551615,53687091200,0,0,0,1,N/A}
MemResourceStatus {DefaultResource,18446744073709551615,18446744073709551615,18446744071318973865,60530953333,0,-1,N/A}
Quick Memory Usage Overview:
Used Capacity: 0, 52888587462
------------------------------------------
Executing script file: /home/umeshsum/tpch_queries/9.sql
[32m(release)[0m> select
[32m(release)[0m> 	nation,
[32m(release)[0m> 	o_year,
[32m(release)[0m> 	sum(amount) as sum_profit
[32m(release)[0m> from
[32m(release)[0m> 	(
[32m(release)[0m> 		select
[32m(release)[0m> 			n_name as nation,
[32m(release)[0m> 			extract(year from o_orderdate) as o_year,
[32m(release)[0m> 			l_extendedprice * (1 - l_discount) - ps_supplycost * l_quantity as amount
[32m(release)[0m> 		from
[32m(release)[0m> 			part,
[32m(release)[0m> 			supplier,
[32m(release)[0m> 			lineitem,
[32m(release)[0m> 			partsupp,
[32m(release)[0m> 			orders,
[32m(release)[0m> 			nation
[32m(release)[0m> 		where
[32m(release)[0m> 			s_suppkey = l_suppkey
[32m(release)[0m> 			and ps_suppkey = l_suppkey
[32m(release)[0m> 			and ps_partkey = l_partkey
[32m(release)[0m> 			and p_partkey = l_partkey
[32m(release)[0m> 			and o_orderkey = l_orderkey
[32m(release)[0m> 			and s_nationkey = n_nationkey
[32m(release)[0m> 			and p_name like '%green%'
[32m(release)[0m> 	) as profit
[32m(release)[0m> group by
[32m(release)[0m> 	nation,
[32m(release)[0m> 	o_year
[32m(release)[0m> order by
[32m(release)[0m> 	nation,
[32m(release)[0m> 	o_year desc;
VmRSS Change: 96 KB
===
175 rows total
Execution info: [PARSE: 34 µs 880 ns, SQL TRANSLATE: 133 µs 829 ns, OPTIMIZE: 7 ms 357 µs, LQP TRANSLATE: 99 µs 829 ns, EXECUTE: 9 s 656 ms (wall time) | QUERY PLAN CACHE HITS: 0/1 statement(s)]
After reset, table use_count: 2
WARNING: Table still has 1 other owner(s) after pipeline reset!
Executing script file done
$:hsh clear_plan_caches
Cleared PQP and LQP caches
$:hsh clear_pipeline
Released last SQLPipeline
$:hsh reset_exec_pools
Reset execution pools (2, 3) bump pointers to start
$:hsh mem_usage
------------------------------------------
Memory Usage Statistics:
VmSize:	328142280 kB
VmRSS:	94411056 kB
1: MemResourceStatus {MigratedColumnsAggregate,18446744073709551615,63541608448,52888587462,0,0,1,N/A}
MemResourceStatus {NumaMonotonicResource,3,53687091200,0,0,0,1,0}
MemResourceStatus {NumaMonotonicResource,2,53687091200,0,0,0,0,0}
0: MemResourceStatus {MemManagerAggregate,18446744073709551615,53687091200,0,0,0,0,N/A}
1: MemResourceStatus {MemManagerAggregate,18446744073709551615,53687091200,0,0,0,1,N/A}
MemResourceStatus {DefaultResource,18446744073709551615,18446744073709551615,18446744071318973865,60530953333,0,-1,N/A}
Quick Memory Usage Overview:
Used Capacity: 0, 52888587462
------------------------------------------
Executing script file: /home/umeshsum/tpch_queries/9.sql
[32m(release)[0m> select
[32m(release)[0m> 	nation,
[32m(release)[0m> 	o_year,
[32m(release)[0m> 	sum(amount) as sum_profit
[32m(release)[0m> from
[32m(release)[0m> 	(
[32m(release)[0m> 		select
[32m(release)[0m> 			n_name as nation,
[32m(release)[0m> 			extract(year from o_orderdate) as o_year,
[32m(release)[0m> 			l_extendedprice * (1 - l_discount) - ps_supplycost * l_quantity as amount
[32m(release)[0m> 		from
[32m(release)[0m> 			part,
[32m(release)[0m> 			supplier,
[32m(release)[0m> 			lineitem,
[32m(release)[0m> 			partsupp,
[32m(release)[0m> 			orders,
[32m(release)[0m> 			nation
[32m(release)[0m> 		where
[32m(release)[0m> 			s_suppkey = l_suppkey
[32m(release)[0m> 			and ps_suppkey = l_suppkey
[32m(release)[0m> 			and ps_partkey = l_partkey
[32m(release)[0m> 			and p_partkey = l_partkey
[32m(release)[0m> 			and o_orderkey = l_orderkey
[32m(release)[0m> 			and s_nationkey = n_nationkey
[32m(release)[0m> 			and p_name like '%green%'
[32m(release)[0m> 	) as profit
[32m(release)[0m> group by
[32m(release)[0m> 	nation,
[32m(release)[0m> 	o_year
[32m(release)[0m> order by
[32m(release)[0m> 	nation,
[32m(release)[0m> 	o_year desc;
VmRSS Change: 18446744073709550828 KB
===
175 rows total
Execution info: [PARSE: 35 µs 330 ns, SQL TRANSLATE: 134 µs 369 ns, OPTIMIZE: 7 ms 387 µs, LQP TRANSLATE: 101 µs 409 ns, EXECUTE: 10 s 2 ms (wall time) | QUERY PLAN CACHE HITS: 0/1 statement(s)]
After reset, table use_count: 2
WARNING: Table still has 1 other owner(s) after pipeline reset!
Executing script file done
$:hsh clear_plan_caches
Cleared PQP and LQP caches
$:hsh clear_pipeline
Released last SQLPipeline
$:hsh reset_exec_pools
Reset execution pools (2, 3) bump pointers to start
$:hsh mem_usage
------------------------------------------
Memory Usage Statistics:
VmSize:	328142280 kB
VmRSS:	94410288 kB
1: MemResourceStatus {MigratedColumnsAggregate,18446744073709551615,63541608448,52888587462,0,0,1,N/A}
MemResourceStatus {NumaMonotonicResource,3,53687091200,0,0,0,1,0}
MemResourceStatus {NumaMonotonicResource,2,53687091200,0,0,0,0,0}
0: MemResourceStatus {MemManagerAggregate,18446744073709551615,53687091200,0,0,0,0,N/A}
1: MemResourceStatus {MemManagerAggregate,18446744073709551615,53687091200,0,0,0,1,N/A}
MemResourceStatus {DefaultResource,18446744073709551615,18446744073709551615,18446744071318973865,60530953333,0,-1,N/A}
Quick Memory Usage Overview:
Used Capacity: 0, 52888587462
------------------------------------------
Executing script file: /home/umeshsum/tpch_queries/9.sql
[32m(release)[0m> select
[32m(release)[0m> 	nation,
[32m(release)[0m> 	o_year,
[32m(release)[0m> 	sum(amount) as sum_profit
[32m(release)[0m> from
[32m(release)[0m> 	(
[32m(release)[0m> 		select
[32m(release)[0m> 			n_name as nation,
[32m(release)[0m> 			extract(year from o_orderdate) as o_year,
[32m(release)[0m> 			l_extendedprice * (1 - l_discount) - ps_supplycost * l_quantity as amount
[32m(release)[0m> 		from
[32m(release)[0m> 			part,
[32m(release)[0m> 			supplier,
[32m(release)[0m> 			lineitem,
[32m(release)[0m> 			partsupp,
[32m(release)[0m> 			orders,
[32m(release)[0m> 			nation
[32m(release)[0m> 		where
[32m(release)[0m> 			s_suppkey = l_suppkey
[32m(release)[0m> 			and ps_suppkey = l_suppkey
[32m(release)[0m> 			and ps_partkey = l_partkey
[32m(release)[0m> 			and p_partkey = l_partkey
[32m(release)[0m> 			and o_orderkey = l_orderkey
[32m(release)[0m> 			and s_nationkey = n_nationkey
[32m(release)[0m> 			and p_name like '%green%'
[32m(release)[0m> 	) as profit
[32m(release)[0m> group by
[32m(release)[0m> 	nation,
[32m(release)[0m> 	o_year
[32m(release)[0m> order by
[32m(release)[0m> 	nation,
[32m(release)[0m> 	o_year desc;
VmRSS Change: 1596 KB
===
175 rows total
Execution info: [PARSE: 67 µs 369 ns, SQL TRANSLATE: 293 µs 597 ns, OPTIMIZE: 18 ms 416 µs, LQP TRANSLATE: 234 µs 908 ns, EXECUTE: 9 s 698 ms (wall time) | QUERY PLAN CACHE HITS: 0/1 statement(s)]
After reset, table use_count: 2
WARNING: Table still has 1 other owner(s) after pipeline reset!
Executing script file done
$:hsh clear_plan_caches
Cleared PQP and LQP caches
$:hsh clear_pipeline
Released last SQLPipeline
$:hsh reset_exec_pools
Reset execution pools (2, 3) bump pointers to start
$:hsh mem_usage
------------------------------------------
Memory Usage Statistics:
VmSize:	328142280 kB
VmRSS:	94411660 kB
1: MemResourceStatus {MigratedColumnsAggregate,18446744073709551615,63541608448,52888587462,0,0,1,N/A}
MemResourceStatus {NumaMonotonicResource,3,53687091200,0,0,0,1,0}
MemResourceStatus {NumaMonotonicResource,2,53687091200,0,0,0,0,0}
0: MemResourceStatus {MemManagerAggregate,18446744073709551615,53687091200,0,0,0,0,N/A}
1: MemResourceStatus {MemManagerAggregate,18446744073709551615,53687091200,0,0,0,1,N/A}
MemResourceStatus {DefaultResource,18446744073709551615,18446744073709551615,18446744071318973865,60530953333,0,-1,N/A}
Quick Memory Usage Overview:
Used Capacity: 0, 52888587462
------------------------------------------
Executing script file: /home/umeshsum/tpch_queries/9.sql
[32m(release)[0m> select
[32m(release)[0m> 	nation,
[32m(release)[0m> 	o_year,
[32m(release)[0m> 	sum(amount) as sum_profit
[32m(release)[0m> from
[32m(release)[0m> 	(
[32m(release)[0m> 		select
[32m(release)[0m> 			n_name as nation,
[32m(release)[0m> 			extract(year from o_orderdate) as o_year,
[32m(release)[0m> 			l_extendedprice * (1 - l_discount) - ps_supplycost * l_quantity as amount
[32m(release)[0m> 		from
[32m(release)[0m> 			part,
[32m(release)[0m> 			supplier,
[32m(release)[0m> 			lineitem,
[32m(release)[0m> 			partsupp,
[32m(release)[0m> 			orders,
[32m(release)[0m> 			nation
[32m(release)[0m> 		where
[32m(release)[0m> 			s_suppkey = l_suppkey
[32m(release)[0m> 			and ps_suppkey = l_suppkey
[32m(release)[0m> 			and ps_partkey = l_partkey
[32m(release)[0m> 			and p_partkey = l_partkey
[32m(release)[0m> 			and o_orderkey = l_orderkey
[32m(release)[0m> 			and s_nationkey = n_nationkey
[32m(release)[0m> 			and p_name like '%green%'
[32m(release)[0m> 	) as profit
[32m(release)[0m> group by
[32m(release)[0m> 	nation,
[32m(release)[0m> 	o_year
[32m(release)[0m> order by
[32m(release)[0m> 	nation,
[32m(release)[0m> 	o_year desc;
VmRSS Change: 156 KB
===
175 rows total
Execution info: [PARSE: 68 µs 559 ns, SQL TRANSLATE: 303 µs 37 ns, OPTIMIZE: 18 ms 53 µs, LQP TRANSLATE: 236 µs 358 ns, EXECUTE: 9 s 693 ms (wall time) | QUERY PLAN CACHE HITS: 0/1 statement(s)]
After reset, table use_count: 2
WARNING: Table still has 1 other owner(s) after pipeline reset!
Executing script file done
$:hsh clear_plan_caches
Cleared PQP and LQP caches
$:hsh clear_pipeline
Released last SQLPipeline
$:hsh reset_exec_pools
Reset execution pools (2, 3) bump pointers to start
$:hsh mem_usage
------------------------------------------
Memory Usage Statistics:
VmSize:	328142280 kB
VmRSS:	94412016 kB
1: MemResourceStatus {MigratedColumnsAggregate,18446744073709551615,63541608448,52888587462,0,0,1,N/A}
MemResourceStatus {NumaMonotonicResource,3,53687091200,0,0,0,1,0}
MemResourceStatus {NumaMonotonicResource,2,53687091200,0,0,0,0,0}
0: MemResourceStatus {MemManagerAggregate,18446744073709551615,53687091200,0,0,0,0,N/A}
1: MemResourceStatus {MemManagerAggregate,18446744073709551615,53687091200,0,0,0,1,N/A}
MemResourceStatus {DefaultResource,18446744073709551615,18446744073709551615,18446744071318973865,60530953333,0,-1,N/A}
Quick Memory Usage Overview:
Used Capacity: 0, 52888587462
------------------------------------------
Executing script file: /home/umeshsum/tpch_queries/9.sql
[32m(release)[0m> select
[32m(release)[0m> 	nation,
[32m(release)[0m> 	o_year,
[32m(release)[0m> 	sum(amount) as sum_profit
[32m(release)[0m> from
[32m(release)[0m> 	(
[32m(release)[0m> 		select
[32m(release)[0m> 			n_name as nation,
[32m(release)[0m> 			extract(year from o_orderdate) as o_year,
[32m(release)[0m> 			l_extendedprice * (1 - l_discount) - ps_supplycost * l_quantity as amount
[32m(release)[0m> 		from
[32m(release)[0m> 			part,
[32m(release)[0m> 			supplier,
[32m(release)[0m> 			lineitem,
[32m(release)[0m> 			partsupp,
[32m(release)[0m> 			orders,
[32m(release)[0m> 			nation
[32m(release)[0m> 		where
[32m(release)[0m> 			s_suppkey = l_suppkey
[32m(release)[0m> 			and ps_suppkey = l_suppkey
[32m(release)[0m> 			and ps_partkey = l_partkey
[32m(release)[0m> 			and p_partkey = l_partkey
[32m(release)[0m> 			and o_orderkey = l_orderkey
[32m(release)[0m> 			and s_nationkey = n_nationkey
[32m(release)[0m> 			and p_name like '%green%'
[32m(release)[0m> 	) as profit
[32m(release)[0m> group by
[32m(release)[0m> 	nation,
[32m(release)[0m> 	o_year
[32m(release)[0m> order by
[32m(release)[0m> 	nation,
[32m(release)[0m> 	o_year desc;
VmRSS Change: 18446744073709550752 KB
===
175 rows total
Execution info: [PARSE: 71 µs 350 ns, SQL TRANSLATE: 344 µs 866 ns, OPTIMIZE: 18 ms 322 µs, LQP TRANSLATE: 236 µs 308 ns, EXECUTE: 9 s 721 ms (wall time) | QUERY PLAN CACHE HITS: 0/1 statement(s)]
After reset, table use_count: 2
WARNING: Table still has 1 other owner(s) after pipeline reset!
Executing script file done
$:hsh clear_plan_caches
Cleared PQP and LQP caches
$:hsh clear_pipeline
Released last SQLPipeline
$:hsh reset_exec_pools
Reset execution pools (2, 3) bump pointers to start
$:hsh mem_usage
------------------------------------------
Memory Usage Statistics:
VmSize:	328142280 kB
VmRSS:	94411168 kB
1: MemResourceStatus {MigratedColumnsAggregate,18446744073709551615,63541608448,52888587462,0,0,1,N/A}
MemResourceStatus {NumaMonotonicResource,3,53687091200,0,0,0,1,0}
MemResourceStatus {NumaMonotonicResource,2,53687091200,0,0,0,0,0}
0: MemResourceStatus {MemManagerAggregate,18446744073709551615,53687091200,0,0,0,0,N/A}
1: MemResourceStatus {MemManagerAggregate,18446744073709551615,53687091200,0,0,0,1,N/A}
MemResourceStatus {DefaultResource,18446744073709551615,18446744073709551615,18446744071318973865,60530953333,0,-1,N/A}
Quick Memory Usage Overview:
Used Capacity: 0, 52888587462
------------------------------------------
Executing script file: /home/umeshsum/tpch_queries/9.sql
[32m(release)[0m> select
[32m(release)[0m> 	nation,
[32m(release)[0m> 	o_year,
[32m(release)[0m> 	sum(amount) as sum_profit
[32m(release)[0m> from
[32m(release)[0m> 	(
[32m(release)[0m> 		select
[32m(release)[0m> 			n_name as nation,
[32m(release)[0m> 			extract(year from o_orderdate) as o_year,
[32m(release)[0m> 			l_extendedprice * (1 - l_discount) - ps_supplycost * l_quantity as amount
[32m(release)[0m> 		from
[32m(release)[0m> 			part,
[32m(release)[0m> 			supplier,
[32m(release)[0m> 			lineitem,
[32m(release)[0m> 			partsupp,
[32m(release)[0m> 			orders,
[32m(release)[0m> 			nation
[32m(release)[0m> 		where
[32m(release)[0m> 			s_suppkey = l_suppkey
[32m(release)[0m> 			and ps_suppkey = l_suppkey
[32m(release)[0m> 			and ps_partkey = l_partkey
[32m(release)[0m> 			and p_partkey = l_partkey
[32m(release)[0m> 			and o_orderkey = l_orderkey
[32m(release)[0m> 			and s_nationkey = n_nationkey
[32m(release)[0m> 			and p_name like '%green%'
[32m(release)[0m> 	) as profit
[32m(release)[0m> group by
[32m(release)[0m> 	nation,
[32m(release)[0m> 	o_year
[32m(release)[0m> order by
[32m(release)[0m> 	nation,
[32m(release)[0m> 	o_year desc;
VmRSS Change: 18446744073709551388 KB
===
175 rows total
Execution info: [PARSE: 76 µs 739 ns, SQL TRANSLATE: 315 µs 17 ns, OPTIMIZE: 18 ms 271 µs, LQP TRANSLATE: 240 µs 577 ns, EXECUTE: 9 s 735 ms (wall time) | QUERY PLAN CACHE HITS: 0/1 statement(s)]
After reset, table use_count: 2
WARNING: Table still has 1 other owner(s) after pipeline reset!
Executing script file done
$:hsh clear_plan_caches
Cleared PQP and LQP caches
$:hsh clear_pipeline
Released last SQLPipeline
$:hsh reset_exec_pools
Reset execution pools (2, 3) bump pointers to start
$:hsh mem_usage
------------------------------------------
Memory Usage Statistics:
VmSize:	328142280 kB
VmRSS:	94410924 kB
1: MemResourceStatus {MigratedColumnsAggregate,18446744073709551615,63541608448,52888587462,0,0,1,N/A}
MemResourceStatus {NumaMonotonicResource,3,53687091200,0,0,0,1,0}
MemResourceStatus {NumaMonotonicResource,2,53687091200,0,0,0,0,0}
0: MemResourceStatus {MemManagerAggregate,18446744073709551615,53687091200,0,0,0,0,N/A}
1: MemResourceStatus {MemManagerAggregate,18446744073709551615,53687091200,0,0,0,1,N/A}
MemResourceStatus {DefaultResource,18446744073709551615,18446744073709551615,18446744071318973865,60530953333,0,-1,N/A}
Quick Memory Usage Overview:
Used Capacity: 0, 52888587462
------------------------------------------
Executing script file: /home/umeshsum/tpch_queries/9.sql
[32m(release)[0m> select
[32m(release)[0m> 	nation,
[32m(release)[0m> 	o_year,
[32m(release)[0m> 	sum(amount) as sum_profit
[32m(release)[0m> from
[32m(release)[0m> 	(
[32m(release)[0m> 		select
[32m(release)[0m> 			n_name as nation,
[32m(release)[0m> 			extract(year from o_orderdate) as o_year,
[32m(release)[0m> 			l_extendedprice * (1 - l_discount) - ps_supplycost * l_quantity as amount
[32m(release)[0m> 		from
[32m(release)[0m> 			part,
[32m(release)[0m> 			supplier,
[32m(release)[0m> 			lineitem,
[32m(release)[0m> 			partsupp,
[32m(release)[0m> 			orders,
[32m(release)[0m> 			nation
[32m(release)[0m> 		where
[32m(release)[0m> 			s_suppkey = l_suppkey
[32m(release)[0m> 			and ps_suppkey = l_suppkey
[32m(release)[0m> 			and ps_partkey = l_partkey
[32m(release)[0m> 			and p_partkey = l_partkey
[32m(release)[0m> 			and o_orderkey = l_orderkey
[32m(release)[0m> 			and s_nationkey = n_nationkey
[32m(release)[0m> 			and p_name like '%green%'
[32m(release)[0m> 	) as profit
[32m(release)[0m> group by
[32m(release)[0m> 	nation,
[32m(release)[0m> 	o_year
[32m(release)[0m> order by
[32m(release)[0m> 	nation,
[32m(release)[0m> 	o_year desc;
VmRSS Change: 280 KB
===
175 rows total
Execution info: [PARSE: 65 µs 639 ns, SQL TRANSLATE: 289 µs 437 ns, OPTIMIZE: 18 ms 450 µs, LQP TRANSLATE: 243 µs 138 ns, EXECUTE: 9 s 509 ms (wall time) | QUERY PLAN CACHE HITS: 0/1 statement(s)]
After reset, table use_count: 2
WARNING: Table still has 1 other owner(s) after pipeline reset!
Executing script file done
$:hsh clear_plan_caches
Cleared PQP and LQP caches
$:hsh clear_pipeline
Released last SQLPipeline
$:hsh reset_exec_pools
Reset execution pools (2, 3) bump pointers to start
$:hsh mem_usage
------------------------------------------
Memory Usage Statistics:
VmSize:	328142280 kB
VmRSS:	94411204 kB
1: MemResourceStatus {MigratedColumnsAggregate,18446744073709551615,63541608448,52888587462,0,0,1,N/A}
MemResourceStatus {NumaMonotonicResource,3,53687091200,0,0,0,1,0}
MemResourceStatus {NumaMonotonicResource,2,53687091200,0,0,0,0,0}
0: MemResourceStatus {MemManagerAggregate,18446744073709551615,53687091200,0,0,0,0,N/A}
1: MemResourceStatus {MemManagerAggregate,18446744073709551615,53687091200,0,0,0,1,N/A}
MemResourceStatus {DefaultResource,18446744073709551615,18446744073709551615,18446744071318973865,60530953333,0,-1,N/A}
Quick Memory Usage Overview:
Used Capacity: 0, 52888587462
------------------------------------------
Executing script file: /home/umeshsum/tpch_queries/9.sql
[32m(release)[0m> select
[32m(release)[0m> 	nation,
[32m(release)[0m> 	o_year,
[32m(release)[0m> 	sum(amount) as sum_profit
[32m(release)[0m> from
[32m(release)[0m> 	(
[32m(release)[0m> 		select
[32m(release)[0m> 			n_name as nation,
[32m(release)[0m> 			extract(year from o_orderdate) as o_year,
[32m(release)[0m> 			l_extendedprice * (1 - l_discount) - ps_supplycost * l_quantity as amount
[32m(release)[0m> 		from
[32m(release)[0m> 			part,
[32m(release)[0m> 			supplier,
[32m(release)[0m> 			lineitem,
[32m(release)[0m> 			partsupp,
[32m(release)[0m> 			orders,
[32m(release)[0m> 			nation
[32m(release)[0m> 		where
[32m(release)[0m> 			s_suppkey = l_suppkey
[32m(release)[0m> 			and ps_suppkey = l_suppkey
[32m(release)[0m> 			and ps_partkey = l_partkey
[32m(release)[0m> 			and p_partkey = l_partkey
[32m(release)[0m> 			and o_orderkey = l_orderkey
[32m(release)[0m> 			and s_nationkey = n_nationkey
[32m(release)[0m> 			and p_name like '%green%'
[32m(release)[0m> 	) as profit
[32m(release)[0m> group by
[32m(release)[0m> 	nation,
[32m(release)[0m> 	o_year
[32m(release)[0m> order by
[32m(release)[0m> 	nation,
[32m(release)[0m> 	o_year desc;
VmRSS Change: 18446744073709550924 KB
===
175 rows total
Execution info: [PARSE: 36 µs 310 ns, SQL TRANSLATE: 154 µs 748 ns, OPTIMIZE: 7 ms 417 µs, LQP TRANSLATE: 103 µs 268 ns, EXECUTE: 9 s 731 ms (wall time) | QUERY PLAN CACHE HITS: 0/1 statement(s)]
After reset, table use_count: 2
WARNING: Table still has 1 other owner(s) after pipeline reset!
Executing script file done
$:hsh clear_plan_caches
Cleared PQP and LQP caches
$:hsh clear_pipeline
Released last SQLPipeline
$:hsh reset_exec_pools
Reset execution pools (2, 3) bump pointers to start
$:hsh mem_usage
------------------------------------------
Memory Usage Statistics:
VmSize:	328142280 kB
VmRSS:	94410512 kB
1: MemResourceStatus {MigratedColumnsAggregate,18446744073709551615,63541608448,52888587462,0,0,1,N/A}
MemResourceStatus {NumaMonotonicResource,3,53687091200,0,0,0,1,0}
MemResourceStatus {NumaMonotonicResource,2,53687091200,0,0,0,0,0}
0: MemResourceStatus {MemManagerAggregate,18446744073709551615,53687091200,0,0,0,0,N/A}
1: MemResourceStatus {MemManagerAggregate,18446744073709551615,53687091200,0,0,0,1,N/A}
MemResourceStatus {DefaultResource,18446744073709551615,18446744073709551615,18446744071318973865,60530953333,0,-1,N/A}
Quick Memory Usage Overview:
Used Capacity: 0, 52888587462
------------------------------------------
Executing script file: /home/umeshsum/tpch_queries/9.sql
[32m(release)[0m> select
[32m(release)[0m> 	nation,
[32m(release)[0m> 	o_year,
[32m(release)[0m> 	sum(amount) as sum_profit
[32m(release)[0m> from
[32m(release)[0m> 	(
[32m(release)[0m> 		select
[32m(release)[0m> 			n_name as nation,
[32m(release)[0m> 			extract(year from o_orderdate) as o_year,
[32m(release)[0m> 			l_extendedprice * (1 - l_discount) - ps_supplycost * l_quantity as amount
[32m(release)[0m> 		from
[32m(release)[0m> 			part,
[32m(release)[0m> 			supplier,
[32m(release)[0m> 			lineitem,
[32m(release)[0m> 			partsupp,
[32m(release)[0m> 			orders,
[32m(release)[0m> 			nation
[32m(release)[0m> 		where
[32m(release)[0m> 			s_suppkey = l_suppkey
[32m(release)[0m> 			and ps_suppkey = l_suppkey
[32m(release)[0m> 			and ps_partkey = l_partkey
[32m(release)[0m> 			and p_partkey = l_partkey
[32m(release)[0m> 			and o_orderkey = l_orderkey
[32m(release)[0m> 			and s_nationkey = n_nationkey
[32m(release)[0m> 			and p_name like '%green%'
[32m(release)[0m> 	) as profit
[32m(release)[0m> group by
[32m(release)[0m> 	nation,
[32m(release)[0m> 	o_year
[32m(release)[0m> order by
[32m(release)[0m> 	nation,
[32m(release)[0m> 	o_year desc;
VmRSS Change: 220 KB
===
175 rows total
Execution info: [PARSE: 159 µs 868 ns, SQL TRANSLATE: 145 µs 449 ns, OPTIMIZE: 7 ms 399 µs, LQP TRANSLATE: 114 µs 719 ns, EXECUTE: 9 s 626 ms (wall time) | QUERY PLAN CACHE HITS: 0/1 statement(s)]
After reset, table use_count: 2
WARNING: Table still has 1 other owner(s) after pipeline reset!
Executing script file done
$:hsh clear_plan_caches
Cleared PQP and LQP caches
$:hsh clear_pipeline
Released last SQLPipeline
$:hsh reset_exec_pools
Reset execution pools (2, 3) bump pointers to start
$:hsh mem_usage
------------------------------------------
Memory Usage Statistics:
VmSize:	328142280 kB
VmRSS:	94410724 kB
1: MemResourceStatus {MigratedColumnsAggregate,18446744073709551615,63541608448,52888587462,0,0,1,N/A}
MemResourceStatus {NumaMonotonicResource,3,53687091200,0,0,0,1,0}
MemResourceStatus {NumaMonotonicResource,2,53687091200,0,0,0,0,0}
0: MemResourceStatus {MemManagerAggregate,18446744073709551615,53687091200,0,0,0,0,N/A}
1: MemResourceStatus {MemManagerAggregate,18446744073709551615,53687091200,0,0,0,1,N/A}
MemResourceStatus {DefaultResource,18446744073709551615,18446744073709551615,18446744071318973865,60530953333,0,-1,N/A}
Quick Memory Usage Overview:
Used Capacity: 0, 52888587462
------------------------------------------
$:Quit
Executing script file done
Bye.
Backtrace:
 0# print_backtrace[abi:cxx11]() in /home/umeshsum/hyrise_pmr/build/lib/libhyrise_impl.so
 1# segfault_handler(int) in ./hyriseConsole
 2# 0x00007B7C5F045330 in /lib/x86_64-linux-gnu/libc.so.6
 3# std::vector<std::shared_ptr<hyrise::AbstractSegment>, std::pmr::polymorphic_allocator<std::shared_ptr<hyrise::AbstractSegment> > >::~vector() in ./hyriseConsole
 4# tbb::detail::d1::concurrent_vector<std::shared_ptr<hyrise::Chunk>, hyrise::ZeroAllocator<std::shared_ptr<hyrise::Chunk> > >::destroy_segment(std::shared_ptr<hyrise::Chunk>*, unsigned long) in ./hyriseConsole
 5# tbb::detail::d1::segment_table<std::shared_ptr<hyrise::Chunk>, hyrise::ZeroAllocator<std::shared_ptr<hyrise::Chunk> >, tbb::detail::d1::concurrent_vector<std::shared_ptr<hyrise::Chunk>, hyrise::ZeroAllocator<std::shared_ptr<hyrise::Chunk> > >, 3ul>::clear() in ./hyriseConsole
 6# hyrise::Table::~Table() in ./hyriseConsole
 7# std::_Sp_counted_base<(__gnu_cxx::_Lock_policy)2>::_M_release_last_use_cold() in ./hyriseConsole
 8# tbb::detail::d1::concurrent_unordered_base<tbb::detail::d1::concurrent_unordered_map_traits<std::__cxx11::basic_string<char, std::char_traits<char>, std::allocator<char> >, std::shared_ptr<hyrise::Table>, std::hash<std::__cxx11::basic_string<char, std::char_traits<char>, std::allocator<char> > >, std::equal_to<std::__cxx11::basic_string<char, std::char_traits<char>, std::allocator<char> > >, tbb::detail::d1::tbb_allocator<std::pair<std::__cxx11::basic_string<char, std::char_traits<char>, std::allocator<char> > const, std::shared_ptr<hyrise::Table> > >, false> >::destroy_node(tbb::detail::d1::list_node<unsigned long>*) in ./hyriseConsole
 9# tbb::detail::d1::concurrent_unordered_base<tbb::detail::d1::concurrent_unordered_map_traits<std::__cxx11::basic_string<char, std::char_traits<char>, std::allocator<char> >, std::shared_ptr<hyrise::Table>, std::hash<std::__cxx11::basic_string<char, std::char_traits<char>, std::allocator<char> > >, std::equal_to<std::__cxx11::basic_string<char, std::char_traits<char>, std::allocator<char> > >, tbb::detail::d1::tbb_allocator<std::pair<std::__cxx11::basic_string<char, std::char_traits<char>, std::allocator<char> > const, std::shared_ptr<hyrise::Table> > >, false> >::internal_clear() in ./hyriseConsole
10# tbb::detail::d1::concurrent_unordered_base<tbb::detail::d1::concurrent_unordered_map_traits<std::__cxx11::basic_string<char, std::char_traits<char>, std::allocator<char> >, std::shared_ptr<hyrise::Table>, std::hash<std::__cxx11::basic_string<char, std::char_traits<char>, std::allocator<char> > >, std::equal_to<std::__cxx11::basic_string<char, std::char_traits<char>, std::allocator<char> > >, tbb::detail::d1::tbb_allocator<std::pair<std::__cxx11::basic_string<char, std::char_traits<char>, std::allocator<char> > const, std::shared_ptr<hyrise::Table> > >, false> >::~concurrent_unordered_base() in ./hyriseConsole
11# 0x00007B7C5F047A76 in /lib/x86_64-linux-gnu/libc.so.6
12# 0x00007B7C5F047BBE in /lib/x86_64-linux-gnu/libc.so.6
13# 0x00007B7C5F02A1D1 in /lib/x86_64-linux-gnu/libc.so.6
14# __libc_start_main in /lib/x86_64-linux-gnu/libc.so.6
15# _start in ./hyriseConsole

