query_id,dam_size,table_size,total_allocated_bytes_delta_pool2,total_allocated_bytes_delta_pool3,duration
10,10737418240,1073741824,9124385008,0,2621719643
22,13421772800,6710886400,3952082146,0,547366865
22,13421772800,6710886400,3952082146,0,540353276
22,13421772800,6710886400,3952082146,0,541647922
22,13421772800,6710886400,3952082146,0,537799121
22,13421772800,6710886400,3952082146,0,541739431
2,13421772800,6710886400,1114282626,0,84026984
2,13421772800,6710886400,1114437322,0,87369810
2,13421772800,6710886400,1114282626,0,87345231
2,13421772800,6710886400,1114282626,0,87679756
2,13421772800,6710886400,1114262954,0,79058364
9,10737418240,1073741824,26417320344,0,10991307492
3,13421772800,6710886400,11829838460,0,1652639372
3,13421772800,6710886400,11829838460,0,1629529275
3,13421772800,6710886400,11829838460,0,1648507144
3,13421772800,6710886400,11829838460,0,1631236929
3,13421772800,6710886400,11829838460,0,1661344506
4,13421772800,6710886400,11750982056,0,1336444302
4,13421772800,6710886400,11750982056,0,1327482842
4,13421772800,6710886400,11750982056,0,1315083037
4,13421772800,6710886400,11750982056,0,1326582132
4,13421772800,6710886400,11750982056,0,1325081776
9,10737418240,1073741824,26417320344,0,10668667790
5,13421772800,6710886400,16083043104,0,1956261012
5,13421772800,6710886400,16083043104,0,1951922976
5,13421772800,6710886400,16083043104,0,1942458882
5,13421772800,6710886400,16083043104,0,1970797176
5,13421772800,6710886400,16083043104,0,1937138276
6,13421772800,6710886400,1320628080,0,241552951
6,13421772800,6710886400,1320628080,0,238115886
6,13421772800,6710886400,1320628080,0,241530901
6,13421772800,6710886400,1320628080,0,242347653
6,13421772800,6710886400,1320628080,0,239728510
9,10737418240,1073741824,26417320344,0,10214829928
7,13421772800,6710886400,11135969600,0,970946769
7,13421772800,6710886400,11135969600,0,957851121
7,13421772800,6710886400,11135969600,0,939451786
7,13421772800,6710886400,11135969600,0,959930450
7,13421772800,6710886400,11135969600,0,1090019583
8,13421772800,6710886400,9592032951,0,553393179
8,13421772800,6710886400,9592032951,0,572984872
8,13421772800,6710886400,9592032951,0,546622206
8,13421772800,6710886400,9592032951,0,559229340
8,13421772800,6710886400,9592032951,0,550037433
9,10737418240,1073741824,26417320344,0,10057382500
9,13421772800,6710886400,26417320344,0,6940016462
9,13421772800,6710886400,26417320344,0,6898164065
9,13421772800,6710886400,26417320344,0,6894840771
9,13421772800,6710886400,26417320344,0,7023697798
9,13421772800,6710886400,26417320344,0,6953908581
10,2684354560,268435456,9088724656,35660352,2035487036
10,2684354560,268435456,8916140888,208244120,2059114919
10,2684354560,268435456,9088724656,35660352,2058276778
10,2684354560,268435456,9088724656,35660352,2044103010
10,2684354560,268435456,8916164640,208220368,2096082829
9,10737418240,1073741824,26417320344,0,9298930816
11,2684354560,268435456,1285878476,0,169088172
11,2684354560,268435456,1285878476,0,157452689
11,2684354560,268435456,1285878476,0,167872194
11,2684354560,268435456,1285878476,0,164537787
11,2684354560,268435456,1285878476,0,161649167
12,2684354560,268435456,6845090004,0,2155089403
12,2684354560,268435456,6845090004,0,2123208073
12,2684354560,268435456,6845090004,0,2129864667
12,2684354560,268435456,6845090004,0,2112755698
12,2684354560,268435456,6845090004,0,2124729359
10,10737418240,2147483648,9124385008,0,1715736804
13,2684354560,268435456,13220882562,3482583648,14011345735
13,2684354560,268435456,13221004034,3482462176,13960177884
13,2684354560,268435456,13221187818,3482278392,13982271978
13,2684354560,268435456,13220996498,3482469712,13817297319
13,2684354560,268435456,13221138938,3482327272,14033702572
14,2684354560,268435456,2176131663,0,2246230919
14,2684354560,268435456,2176131663,0,2271214508
14,2684354560,268435456,2176131663,0,2173284861
14,2684354560,268435456,2176131663,0,2315455425
14,2684354560,268435456,2176131663,0,2311694412
10,10737418240,2147483648,9124385008,0,1750319464
16,2684354560,268435456,4026449962,0,2194584990
16,2684354560,268435456,4026449962,0,2214675158
16,2684354560,268435456,4026449962,0,2131636782
16,2684354560,268435456,4026449962,0,2167231875
16,2684354560,268435456,4026449962,0,2139242226
17,2684354560,268435456,6858776412,140360,425370992
17,2684354560,268435456,6858775164,140360,416486152
17,2684354560,268435456,6858775164,140360,418476462
17,2684354560,268435456,6858775164,140360,412441432
17,2684354560,268435456,6858929452,140360,409222524
10,10737418240,2147483648,9124385008,0,1742553397
18,2684354560,268435456,14445006680,8763825660,4445990949
18,2684354560,268435456,14445006680,8763829692,4432356147
18,2684354560,268435456,14445006680,8763811380,4397820093
18,2684354560,268435456,14445006680,8763809076,4428319148
18,2684354560,268435456,14445006680,8763810804,4428408557
19,2684354560,268435456,2078143356,0,310319927
19,2684354560,268435456,2078168076,0,285227489
19,2684354560,268435456,2078109428,0,286684294
19,2684354560,268435456,2078205548,0,293373397
19,2684354560,268435456,2078171596,0,284476727
10,10737418240,2147483648,9124385008,0,1728797992
1,2684354560,268435456,4039139360,20936526288,20659253804
1,2684354560,268435456,4037565592,20938100056,18184375242
1,2684354560,268435456,4037565592,20938100056,18082582047
1,2684354560,268435456,17053359336,7922306312,18073768940
1,2684354560,268435456,17053359336,7922306312,17941664468
20,2684354560,268435456,3807060626,0,1034121050
20,2684354560,268435456,3807060626,0,1044821263
20,2684354560,268435456,3807060626,0,1040214879
20,2684354560,268435456,3807060626,0,1024553126
20,2684354560,268435456,3807060626,0,1031743403
10,10737418240,2147483648,9124385008,0,1725186217
12,10737418240,1073741824,6845090004,0,2124028381
21,2684354560,268435456,24873030662,71948800,6545170118
21,2684354560,268435456,24873030662,71948800,6445179512
21,2684354560,268435456,24873387902,71591560,6512610545
21,2684354560,268435456,24873030662,71948800,6402113774
21,2684354560,268435456,24873387902,71591560,6509236490
22,2684354560,268435456,3952082146,0,695086760
22,2684354560,268435456,3952082146,0,691422888
22,2684354560,268435456,3952082146,0,686227970
22,2684354560,268435456,3952082146,0,676682315
22,2684354560,268435456,3952082146,0,682726374
11,10737418240,2147483648,1285878476,0,146515824
2,2684354560,268435456,1114282626,0,83213531
2,2684354560,268435456,1114262954,0,77896304
2,2684354560,268435456,1114282626,0,90602199
2,2684354560,268435456,1114262954,0,73694605
2,2684354560,268435456,1114262954,0,80036223
3,2684354560,268435456,11687214588,142623872,2057074230
3,2684354560,268435456,11687214588,142623872,2057013520
3,2684354560,268435456,11687214588,142623872,2048816579
3,2684354560,268435456,11687214588,142623872,2036966865
3,2684354560,268435456,11687214588,142623872,2039273211
11,10737418240,2147483648,1285878476,0,148633717
4,2684354560,268435456,11715321704,35660352,1938058882
4,2684354560,268435456,11715321704,35660352,1921082729
4,2684354560,268435456,11715321704,35660352,1944369268
4,2684354560,268435456,11715321704,35660352,1929742932
4,2684354560,268435456,11715321704,35660352,1944482405
5,2684354560,268435456,16081927896,1115208,2530850830
5,2684354560,268435456,16081927896,1115208,2528448652
5,2684354560,268435456,16081927896,1115208,2554354025
5,2684354560,268435456,16081927896,1115208,2577622053
5,2684354560,268435456,16081927896,1115208,2559730538
11,10737418240,2147483648,1285878476,0,150244206
6,2684354560,268435456,1320628080,0,268562334
6,2684354560,268435456,1320628080,0,263634672
6,2684354560,268435456,1320628080,0,265921959
6,2684354560,268435456,1320628080,0,262589633
6,2684354560,268435456,1320628080,0,261240286
7,2684354560,268435456,10828493056,307476544,1344768906
7,2684354560,268435456,11126494168,9475432,1287447063
7,2684354560,268435456,10423916480,712053120,1279067706
7,2684354560,268435456,10423916480,712053120,1302481804
7,2684354560,268435456,10383541168,752428432,1478103854
11,10737418240,2147483648,1285878476,0,144292925
8,2684354560,268435456,8514359319,1077673632,834657798
8,2684354560,268435456,8485570983,1106461968,871319315
8,2684354560,268435456,9536593759,55439192,802435768
8,2684354560,268435456,8476305271,1115727680,890931981
8,2684354560,268435456,8509988967,1082043984,818893594
9,2684354560,268435456,25210556944,1206763400,10009550023
9,2684354560,268435456,25210556944,1206763400,9920099185
9,2684354560,268435456,25210556944,1206763400,10681051128
9,2684354560,268435456,25210556944,1206763400,9886691444
9,2684354560,268435456,25210556944,1206763400,10910982063
11,10737418240,2147483648,1285878476,0,144130077
10,2684354560,536870912,9088724656,35660352,1894630311
10,2684354560,536870912,9088724656,35660352,1923341425
10,2684354560,536870912,8910186888,214198120,1917072377
10,2684354560,536870912,8898297224,226087784,1916573812
10,2684354560,536870912,9088724656,35660352,1906572500
11,2684354560,536870912,1285878476,0,157171867
11,2684354560,536870912,1285878476,0,152884880
11,2684354560,536870912,1285878476,0,160900371
11,2684354560,536870912,1285878476,0,155491664
11,2684354560,536870912,1285878476,0,148193827
12,10737418240,2147483648,6845090004,0,1974186007
12,2684354560,536870912,6845090004,0,1994010550
12,2684354560,536870912,6845090004,0,1973910339
12,2684354560,536870912,6845090004,0,1981554223
12,2684354560,536870912,6845090004,0,1968915338
12,2684354560,536870912,6845090004,0,1989254986
13,2684354560,536870912,12072400402,4631065808,13891250705
13,2684354560,536870912,12035319290,4668146920,13937763893
13,2684354560,536870912,12035341994,4668124216,13957167922
13,2684354560,536870912,12053877466,4649588744,13997218505
13,2684354560,536870912,12035341994,4668124216,13919227244
12,10737418240,2147483648,6845090004,0,1940336936
14,2684354560,536870912,2176131663,0,2357846784
14,2684354560,536870912,2176131663,0,2232639760
14,2684354560,536870912,2176131663,0,2302404806
14,2684354560,536870912,2176131663,0,2237930067
14,2684354560,536870912,2176131663,0,2302323865
16,2684354560,536870912,4026449962,0,1608237543
16,2684354560,536870912,4026449962,0,1639465493
16,2684354560,536870912,4026449962,0,1623430362
16,2684354560,536870912,4026449962,0,1634283724
16,2684354560,536870912,4026449962,0,1620965466
12,10737418240,2147483648,6845090004,0,1941813107
17,2684354560,536870912,6858912204,140360,397716345
17,2684354560,536870912,6858929452,140360,389509607
17,2684354560,536870912,6858776188,140360,386738795
17,2684354560,536870912,6858775164,140360,390225190
17,2684354560,536870912,6858775164,140360,377520587
18,2684354560,536870912,7245006616,15963808852,6703517715
18,2684354560,536870912,7245006616,15963810292,6616302242
18,2684354560,536870912,7245006616,15963829324,6698049834
18,2684354560,536870912,7245006616,15963809140,6700537567
18,2684354560,536870912,7245006616,15963826156,6610811959
12,10737418240,2147483648,6845090004,0,1933354473
19,2684354560,536870912,2078090244,0,303069357
19,2684354560,536870912,2078115204,0,283847418
19,2684354560,536870912,2078174092,0,288190295
19,2684354560,536870912,2078172052,0,288575411
19,2684354560,536870912,2078134196,0,285047787
1,2684354560,536870912,3587226864,21388438784,18518965481
1,2684354560,536870912,3585652256,21390013392,18194016379
1,2684354560,536870912,16601446840,8374218808,17970437837
1,2684354560,536870912,8313621840,16662043712,17989242086
1,2684354560,536870912,8315196448,16660469104,17995671199
12,10737418240,2147483648,6845090004,0,1931687733
12,10737418240,1073741824,6845090004,0,2078147243
20,2684354560,536870912,3807060626,0,1010037267
20,2684354560,536870912,3807060626,0,1006419532
20,2684354560,536870912,3807060626,0,998764749
20,2684354560,536870912,3807060626,0,1023905018
20,2684354560,536870912,3807060626,0,1033934138
21,2684354560,536870912,24873030662,71948800,6349071914
21,2684354560,536870912,24873030662,71948800,6503543000
21,2684354560,536870912,24873387902,71591560,6498668407
21,2684354560,536870912,24873387902,71591560,6416539916
21,2684354560,536870912,24873387902,71591560,6416010671
13,10737418240,2147483648,16703466210,0,9321171713
22,2684354560,536870912,3952082146,0,654383995
22,2684354560,536870912,3952082146,0,652688232
22,2684354560,536870912,3952082146,0,648306575
22,2684354560,536870912,3952082146,0,645305355
22,2684354560,536870912,3952082146,0,645218526
2,2684354560,536870912,1114301914,0,87787433
2,2684354560,536870912,1114302106,0,100659955
2,2684354560,536870912,1114282434,0,85485806
2,2684354560,536870912,1114263146,0,82738823
2,2684354560,536870912,1114262954,0,86988961
13,10737418240,2147483648,16703466210,0,9457103150
3,2684354560,536870912,11669371260,160467200,2093866123
3,2684354560,536870912,11627929124,201909336,1981879092
3,2684354560,536870912,11546101492,283736968,2043685494
3,2684354560,536870912,11669371260,160467200,2097317199
3,2684354560,536870912,11561831540,268006920,2079854873
4,2684354560,536870912,11715321704,35660352,1591975235
4,2684354560,536870912,11715321704,35660352,1578966395
4,2684354560,536870912,11715321704,35660352,1583634038
4,2684354560,536870912,11715321704,35660352,1576182423
4,2684354560,536870912,11715321704,35660352,1579551589
13,10737418240,2147483648,16703466210,0,9612902608
5,2684354560,536870912,16081433256,1609848,2549543236
5,2684354560,536870912,16081433256,1609848,2511743103
5,2684354560,536870912,16081927896,1115208,2536170559
5,2684354560,536870912,16081433256,1609848,2564644704
5,2684354560,536870912,16081927896,1115208,2557828082
6,2684354560,536870912,1320628080,0,265293369
6,2684354560,536870912,1320628080,0,259204950
6,2684354560,536870912,1320628080,0,258314558
6,2684354560,536870912,1320628080,0,256655966
6,2684354560,536870912,1320628080,0,257195070
13,10737418240,2147483648,16703466210,0,9382468081
7,2684354560,536870912,8192509252,2943460348,1287380015
7,2684354560,536870912,8429150756,2706818844,1202837779
7,2684354560,536870912,8197231588,2938738012,1231754030
7,2684354560,536870912,8214546820,2921422780,1242315865
7,2684354560,536870912,8220318564,2915651036,1262450794
8,2684354560,536870912,9536593759,55439192,799045864
8,2684354560,536870912,8489941335,1102091616,861287862
8,2684354560,536870912,8526421991,1065610960,836698148
8,2684354560,536870912,8500198791,1091834160,825836897
8,2684354560,536870912,8478403127,1113629824,817533359
13,10737418240,2147483648,16703466210,0,9550998243
9,2684354560,536870912,25210556944,1206763400,9881900770
9,2684354560,536870912,25210556944,1206763400,10942062872
9,2684354560,536870912,25165685912,1251634432,9906898958
9,2684354560,536870912,25224257640,1193062704,9912648449
9,2684354560,536870912,25249318952,1168001392,10004845066
10,2684354560,805306368,9088724656,35660352,1908763450
10,2684354560,805306368,9088724656,35660352,1966876619
10,2684354560,805306368,8898297224,226087784,1923911099
10,2684354560,805306368,8904244832,220140176,1924801060
10,2684354560,805306368,9053037664,71347344,1904234955
14,10737418240,2147483648,2176131663,0,2320258149
11,2684354560,805306368,1285878476,0,161652124
11,2684354560,805306368,1285878476,0,145607854
11,2684354560,805306368,1285878476,0,144311698
11,2684354560,805306368,1285878476,0,145119859
11,2684354560,805306368,1285878476,0,149098109
12,2684354560,805306368,6845090004,0,1999509611
12,2684354560,805306368,6845090004,0,1963808848
12,2684354560,805306368,6845090004,0,1963630490
12,2684354560,805306368,6845090004,0,1975731589
12,2684354560,805306368,6845090004,0,1987955326
14,10737418240,2147483648,2176131663,0,2257946980
13,2684354560,805306368,11961181186,4742285024,9664795386
13,2684354560,805306368,11961181186,4742285024,9826951595
13,2684354560,805306368,11961181186,4742285024,9659718406
13,2684354560,805306368,11961181186,4742285024,9684068282
13,2684354560,805306368,11961181186,4742285024,9841137431
14,2684354560,805306368,2176131663,0,2202667177
14,2684354560,805306368,2176131663,0,2304261461
14,2684354560,805306368,2176131663,0,2305316662
14,2684354560,805306368,2176131663,0,2246709948
14,2684354560,805306368,2176131663,0,2347182842
14,10737418240,2147483648,2176131663,0,2315384398
16,2684354560,805306368,4026449962,0,1649339474
16,2684354560,805306368,4026449962,0,1615427740
16,2684354560,805306368,4026449962,0,1613677636
16,2684354560,805306368,4026449962,0,1626112874
16,2684354560,805306368,4026449962,0,1619370668
17,2684354560,805306368,6858759164,140360,390161000
17,2684354560,805306368,6858759164,140360,384523935
17,2684354560,805306368,6858792412,140360,391707374
17,2684354560,805306368,6858775164,140360,381079658
17,2684354560,805306368,6858759164,140360,376147136
14,10737418240,2147483648,2176131663,0,2216336558
18,2684354560,805306368,7245006616,15963809284,6682845119
18,2684354560,805306368,7245006616,15963809860,6649457165
18,2684354560,805306368,7245006616,15963812308,6625501449
18,2684354560,805306368,7245006616,15963811300,6708559020
18,2684354560,805306368,7245006616,15963829612,6646217398
19,2684354560,805306368,2078121284,0,283784218
19,2684354560,805306368,2078071052,0,276783767
19,2684354560,805306368,2078134044,0,280366461
19,2684354560,805306368,2078053164,0,279400921
19,2684354560,805306368,2078130700,0,279820586
14,10737418240,2147483648,2176131663,0,2243727305
12,10737418240,1073741824,6845090004,0,2087033346
1,2684354560,805306368,3132165992,21843499656,18568238839
1,2684354560,805306368,16151108952,8824556696,17975919355
1,2684354560,805306368,3132165992,21843499656,18286698223
1,2684354560,805306368,16149534344,8826131304,17894349537
1,2684354560,805306368,3135315208,21840350440,18266976092
20,2684354560,805306368,3807060626,0,967042547
20,2684354560,805306368,3807060626,0,957195784
20,2684354560,805306368,3807060626,0,950203472
20,2684354560,805306368,3807060626,0,986832622
20,2684354560,805306368,3807060626,0,954348201
16,10737418240,2147483648,4026449962,0,1621606801
21,2684354560,805306368,24873030662,71948800,6468169060
21,2684354560,805306368,24873387902,71591560,6419999454
21,2684354560,805306368,24873387902,71591560,6418627638
21,2684354560,805306368,24873387902,71591560,6557492251
21,2684354560,805306368,24873030662,71948800,6365484282
22,2684354560,805306368,3952082146,0,596829437
22,2684354560,805306368,3952082146,0,582998993
22,2684354560,805306368,3952082146,0,586423169
22,2684354560,805306368,3952082146,0,570577546
22,2684354560,805306368,3952082146,0,583621747
16,10737418240,2147483648,4026449962,0,1631546350
2,2684354560,805306368,1114262954,0,81830822
2,2684354560,805306368,1114282434,0,89854853
2,2684354560,805306368,1114282434,0,92398708
2,2684354560,805306368,1114262954,0,90916183
2,2684354560,805306368,1114290626,0,87016351
3,2684354560,805306368,11349375020,480463440,1978651650
3,2684354560,805306368,11268064500,561773960,1971988545
3,2684354560,805306368,11381374644,448463816,1972225462
3,2684354560,805306368,11385046252,444792208,1956987462
3,2684354560,805306368,11280129932,549708528,1944230368
16,10737418240,2147483648,4026449962,0,1606866726
4,2684354560,805306368,11715321704,35660352,1638688243
4,2684354560,805306368,11715321704,35660352,1586367420
4,2684354560,805306368,11715321704,35660352,1605862087
4,2684354560,805306368,11715321704,35660352,1585713465
4,2684354560,805306368,11715321704,35660352,1577756513
5,2684354560,805306368,16081927896,1115208,2689309717
5,2684354560,805306368,16081927896,1115208,2449639377
5,2684354560,805306368,16081927896,1115208,2586852799
5,2684354560,805306368,16081927896,1115208,2472577458
5,2684354560,805306368,16081433256,1609848,2530378215
16,10737418240,2147483648,4026449962,0,1607264276
6,2684354560,805306368,1320628080,0,256923256
6,2684354560,805306368,1320628080,0,252568630
6,2684354560,805306368,1320628080,0,251820967
6,2684354560,805306368,1320628080,0,252697318
6,2684354560,805306368,1320628080,0,249972716
7,2684354560,805306368,10981702760,154266840,1355803100
7,2684354560,805306368,7994171140,3141798460,1204605248
7,2684354560,805306368,8339395612,2796573988,1503009262
7,2684354560,805306368,8006764036,3129205564,1194606656
7,2684354560,805306368,7993088284,3142881316,1298147910
16,10737418240,2147483648,4026449962,0,1612780495
8,2684354560,805306368,8487319015,1104713936,814306819
8,2684354560,805306368,8413369591,1178663360,827726626
8,2684354560,805306368,8412146023,1179886928,827468899
8,2684354560,805306368,8463543495,1128489456,831783596
8,2684354560,805306368,8414243879,1177789072,809521636
9,2684354560,805306368,25062345584,1354974760,9511629150
9,2684354560,805306368,24951151008,1466169336,10289177890
9,2684354560,805306368,25099412744,1317907600,9465860916
9,2684354560,805306368,25099384480,1317935864,10360685722
9,2684354560,805306368,25062357176,1354963168,9575395363
17,10737418240,2147483648,6858916772,0,276435276
10,2684354560,1073741824,8898297224,226087784,1893946085
10,2684354560,1073741824,5553062600,3571322408,1938596511
10,2684354560,1073741824,5549565272,3574819736,1918465861
10,2684354560,1073741824,5562155288,3562229720,1955654831
10,2684354560,1073741824,5507346200,3617038808,2006019301
11,2684354560,1073741824,1285878476,0,156731634
11,2684354560,1073741824,1285878476,0,143925011
11,2684354560,1073741824,1285878476,0,146765163
11,2684354560,1073741824,1285878476,0,144195389
11,2684354560,1073741824,1285878476,0,154740593
17,10737418240,2147483648,6858932772,0,251870971
12,2684354560,1073741824,6845090004,0,2119973296
12,2684354560,1073741824,6845090004,0,2085911284
12,2684354560,1073741824,6845090004,0,2086276310
12,2684354560,1073741824,6845090004,0,2091192840
12,2684354560,1073741824,6845090004,0,2100416289
13,2684354560,1073741824,11961181186,4742285024,9959521102
13,2684354560,1073741824,11961181186,4742285024,9638945422
13,2684354560,1073741824,11961181186,4742285024,9752360650
13,2684354560,1073741824,11961181186,4742285024,9691853056
13,2684354560,1073741824,11961181186,4742285024,9705488636
17,10737418240,2147483648,6858916772,0,251465906
14,2684354560,1073741824,2176131663,0,2251443151
14,2684354560,1073741824,2176131663,0,2299068518
14,2684354560,1073741824,2176131663,0,2301293996
14,2684354560,1073741824,2176131663,0,2255627649
14,2684354560,1073741824,2176131663,0,2303390404
16,2684354560,1073741824,4026449962,0,1632827846
16,2684354560,1073741824,4026449962,0,1615807225
16,2684354560,1073741824,4026449962,0,1609355199
16,2684354560,1073741824,4026449962,0,1624446219
16,2684354560,1073741824,4026449962,0,1625235531
17,10737418240,2147483648,6858899524,0,252341927
17,2684354560,1073741824,6858929452,140360,398175630
17,2684354560,1073741824,6858775164,140360,393273359
17,2684354560,1073741824,6858776188,140360,385163340
17,2684354560,1073741824,6858776412,140360,392170060
17,2684354560,1073741824,6858759164,140360,383998531
18,2684354560,1073741824,7245006616,15963810868,6688278766
18,2684354560,1073741824,7245006616,15963811588,6667740369
18,2684354560,1073741824,7245006616,15963808276,6653694127
18,2684354560,1073741824,7245006616,15963808420,6691478329
18,2684354560,1073741824,7245006616,15963827308,6627642283
17,10737418240,2147483648,6858899524,0,262064648
12,10737418240,1073741824,6845090004,0,2104675780
19,2684354560,1073741824,2078125076,0,302472940
19,2684354560,1073741824,2078184964,0,277625008
19,2684354560,1073741824,2078143060,0,279880255
19,2684354560,1073741824,2078166692,0,279431420
19,2684354560,1073741824,2078192372,0,281051794
1,2684354560,1073741824,15700771064,9274894584,17985567716
1,2684354560,1073741824,15700771064,9274894584,17990304930
1,2684354560,1073741824,2683402712,22292262936,18588813786
1,2684354560,1073741824,2683402712,22292262936,18320570416
1,2684354560,1073741824,2681828944,22293836704,18304746717
18,10737418240,2147483648,23208814828,0,4350292958
20,2684354560,1073741824,3807060626,0,1059857491
20,2684354560,1073741824,3807060626,0,1036807780
20,2684354560,1073741824,3807060626,0,1046495913
20,2684354560,1073741824,3807060626,0,1027438533
20,2684354560,1073741824,3807060626,0,1022683070
21,2684354560,1073741824,24846645926,98333536,6048320941
21,2684354560,1073741824,24846645926,98333536,5984710684
21,2684354560,1073741824,24846645926,98333536,6178924110
21,2684354560,1073741824,24846645926,98333536,6148643871
21,2684354560,1073741824,24846645926,98333536,6037384158
18,10737418240,2147483648,23208816988,0,4351523306
22,2684354560,1073741824,3952082146,0,556142054
22,2684354560,1073741824,3952082146,0,538979214
22,2684354560,1073741824,3952082146,0,540818155
22,2684354560,1073741824,3952082146,0,534701386
22,2684354560,1073741824,3952082146,0,536011244
2,2684354560,1073741824,1114262954,0,88068513
2,2684354560,1073741824,1114301914,0,83866185
2,2684354560,1073741824,1114262954,0,79163852
2,2684354560,1073741824,1114301914,0,96249652
2,2684354560,1073741824,1114262954,0,87124903
18,10737418240,2147483648,23208835444,0,4327461839
3,2684354560,1073741824,11116459724,713378736,2096594474
3,2684354560,1073741824,11096000948,733837512,2157165650
3,2684354560,1073741824,11119607228,710231232,2171438158
3,2684354560,1073741824,11118558060,711280400,2083898850
3,2684354560,1073741824,11116459724,713378736,2126857962
4,2684354560,1073741824,11715321704,35660352,1548262972
4,2684354560,1073741824,11715321704,35660352,1519553228
4,2684354560,1073741824,11715321704,35660352,1523299040
4,2684354560,1073741824,11715321704,35660352,1508378440
4,2684354560,1073741824,11715321704,35660352,1504392509
18,10737418240,2147483648,23208816556,0,4349336501
5,2684354560,1073741824,16081927896,1115208,2298126064
5,2684354560,1073741824,16081433256,1609848,2287244513
5,2684354560,1073741824,16081927896,1115208,2378791920
5,2684354560,1073741824,16081433256,1609848,2245478648
5,2684354560,1073741824,16081927896,1115208,2319331212
6,2684354560,1073741824,1320628080,0,264677955
6,2684354560,1073741824,1320628080,0,260834673
6,2684354560,1073741824,1320628080,0,264169661
6,2684354560,1073741824,1320628080,0,260942202
6,2684354560,1073741824,1320628080,0,258766474
18,10737418240,2147483648,23208834724,0,4331119869
7,2684354560,1073741824,9868802888,1267166712,1496572501
7,2684354560,1073741824,7942228132,3193741468,1394846842
7,2684354560,1073741824,7926487012,3209482588,1270808533
7,2684354560,1073741824,7928061124,3207908476,1301251234
7,2684354560,1073741824,7910221188,3225748412,1376998967
8,2684354560,1073741824,8466165815,1125867136,768492994
8,2684354560,1073741824,8399034423,1192998528,750653760
8,2684354560,1073741824,8436446007,1155586944,752138764
8,2684354560,1073741824,8387496215,1204536736,772126248
8,2684354560,1073741824,8388195319,1203837632,749191094
19,10737418240,2147483648,2078094148,0,300744744
9,2684354560,1073741824,24840057648,1577262696,10185865790
9,2684354560,1073741824,24802983736,1614336608,9328372907
9,2684354560,1073741824,24839896392,1577423952,9331961728
9,2684354560,1073741824,24840077768,1577242576,9289091648
9,2684354560,1073741824,24728835336,1688485008,10062322270
10,2684354560,1342177280,5044663112,4079721896,1943225860
10,2684354560,1342177280,5076215744,4048169264,1909783059
10,2684354560,1342177280,5071494488,4052890520,1929245986
10,2684354560,1342177280,5069920736,4054464272,1906014416
10,2684354560,1342177280,5036269768,4088115240,1973635497
19,10737418240,2147483648,2078092204,0,279130836
11,2684354560,1342177280,1285878476,0,151181466
11,2684354560,1342177280,1285878476,0,149956757
11,2684354560,1342177280,1285878476,0,151584971
11,2684354560,1342177280,1285878476,0,147714480
11,2684354560,1342177280,1285878476,0,139750408
12,2684354560,1342177280,6845090004,0,2123777029
12,2684354560,1342177280,6845090004,0,2077631426
12,2684354560,1342177280,6845090004,0,2079218719
12,2684354560,1342177280,6845090004,0,2088355488
12,2684354560,1342177280,6845090004,0,2082075999
19,10737418240,2147483648,2078109364,0,275805892
13,2684354560,1342177280,11961181186,4742285024,9671598387
13,2684354560,1342177280,11961181186,4742285024,9778993984
13,2684354560,1342177280,11961181186,4742285024,9831296137
13,2684354560,1342177280,11961181186,4742285024,9681537651
13,2684354560,1342177280,11961181186,4742285024,9685337264
14,2684354560,1342177280,2176131663,0,2231351352
14,2684354560,1342177280,2176131663,0,2247644411
14,2684354560,1342177280,2176131663,0,2179627424
14,2684354560,1342177280,2176131663,0,2299799154
14,2684354560,1342177280,2176131663,0,2240622490
19,10737418240,2147483648,2078137772,0,274729604
16,2684354560,1342177280,4026449962,0,1644730657
16,2684354560,1342177280,4026449962,0,1638358971
16,2684354560,1342177280,4026449962,0,1608510156
16,2684354560,1342177280,4026449962,0,1632564298
16,2684354560,1342177280,4026449962,0,1626638716
17,2684354560,1342177280,6858759164,140360,387431949
17,2684354560,1342177280,6858775164,140360,381334309
17,2684354560,1342177280,6858912204,140360,390374540
17,2684354560,1342177280,6858792412,140360,383503238
17,2684354560,1342177280,6858776188,140360,391519888
19,10737418240,2147483648,2078163500,0,280560942
12,10737418240,1073741824,6845090004,0,2098232766
18,2684354560,1342177280,7245006616,15963828028,6692519717
18,2684354560,1342177280,7245006616,15963807988,6673060227
18,2684354560,1342177280,7245006616,15963826444,6652451779
18,2684354560,1342177280,7245006616,15963826444,6595981237
18,2684354560,1342177280,7245006616,15963829036,6641406444
19,2684354560,1342177280,2078144436,0,294802425
19,2684354560,1342177280,2078117452,0,278750284
19,2684354560,1342177280,2078120060,0,276410247
19,2684354560,1342177280,2078094380,0,280487266
19,2684354560,1342177280,2078148988,0,274559535
1,10737418240,2147483648,20242966456,4732699192,19388934826
1,2684354560,1342177280,2237788648,22737877000,18438510940
1,2684354560,1342177280,2234639432,22741026216,18303434856
1,2684354560,1342177280,2234639432,22741026216,18214267756
1,2684354560,1342177280,15250433176,9725232472,17937081135
1,2684354560,1342177280,2236214040,22739451608,18293056665
20,2684354560,1342177280,3807060626,0,1018627413
20,2684354560,1342177280,3807060626,0,1010278807
20,2684354560,1342177280,3807060626,0,1019241578
20,2684354560,1342177280,3807060626,0,1042934872
20,2684354560,1342177280,3807060626,0,1014095469
1,10737418240,2147483648,20242966456,4732699192,17847438980
21,2684354560,1342177280,24543212958,401766504,6118266827
21,2684354560,1342177280,24543212958,401766504,6184834395
21,2684354560,1342177280,24543570198,401409264,6139648782
21,2684354560,1342177280,24543570198,401409264,6288062467
21,2684354560,1342177280,24543212958,401766504,6102536959
22,2684354560,1342177280,3952082146,0,553983286
22,2684354560,1342177280,3952082146,0,543984585
22,2684354560,1342177280,3952082146,0,533705097
22,2684354560,1342177280,3952082146,0,536051005
22,2684354560,1342177280,3952082146,0,529805216
1,10737418240,2147483648,20242966456,4732699192,17844338461
2,2684354560,1342177280,1114271146,0,81729858
2,2684354560,1342177280,1114282434,0,81822377
2,2684354560,1342177280,1114282626,0,87366912
2,2684354560,1342177280,1114417842,0,80549130
2,2684354560,1342177280,1114262954,0,80647919
3,2684354560,1342177280,10721972076,1107866384,2054979548
3,2684354560,1342177280,10717251300,1112587160,1938873632
3,2684354560,1342177280,10713054148,1116784312,2045813859
3,2684354560,1342177280,10723546308,1106292152,1993153603
3,2684354560,1342177280,10729841316,1099997144,2033605470
1,10737418240,2147483648,20242966456,4732699192,17750595922
4,2684354560,1342177280,11715321704,35660352,1510183050
4,2684354560,1342177280,11715321704,35660352,1517736125
4,2684354560,1342177280,11715321704,35660352,1524519338
4,2684354560,1342177280,11715321704,35660352,1519812935
4,2684354560,1342177280,11715321704,35660352,1515144711
5,2684354560,1342177280,15938791848,144251256,2409039313
5,2684354560,1342177280,15939286488,143756616,2435227724
5,2684354560,1342177280,15939286488,143756616,2419459480
5,2684354560,1342177280,15939286488,143756616,2355584885
5,2684354560,1342177280,15938791848,144251256,2377628696
1,10737418240,2147483648,20242966456,4732699192,17800191990
6,2684354560,1342177280,1320628080,0,265490960
6,2684354560,1342177280,1320628080,0,259806407
6,2684354560,1342177280,1320628080,0,260112914
6,2684354560,1342177280,1320628080,0,261722868
6,2684354560,1342177280,1320628080,0,262364072
7,2684354560,1342177280,7914943524,3221026076,1308619010
7,2684354560,1342177280,7876115428,3259854172,1389063760
7,2684354560,1342177280,7943802244,3192167356,1301947146
7,2684354560,1342177280,7922814084,3213155516,1423135351
7,2684354560,1342177280,7918091748,3217877852,1265588537
20,10737418240,2147483648,3807060626,0,1041159794
8,2684354560,1342177280,9506479039,85553912,778275182
8,2684354560,1342177280,8470828807,1121204144,771634888
8,2684354560,1342177280,8385398359,1206634592,758445179
8,2684354560,1342177280,9543541343,48491608,780700298
8,2684354560,1342177280,8384873895,1207159056,776027564
9,2684354560,1342177280,24246922944,2170397400,9281036555
9,2684354560,1342177280,24246714256,2170606088,9233044412
9,2684354560,1342177280,24246798344,2170522000,9219473196
9,2684354560,1342177280,24246786024,2170534320,9047258348
9,2684354560,1342177280,24246844080,2170476264,9424361737
20,10737418240,2147483648,3807060626,0,1039539854
10,5368709120,536870912,9124385008,0,1865709136
10,5368709120,536870912,9124385008,0,1856742656
10,5368709120,536870912,9124385008,0,1830192230
10,5368709120,536870912,9124385008,0,1837200070
10,5368709120,536870912,9124385008,0,1852079792
11,5368709120,536870912,1285878476,0,167577644
11,5368709120,536870912,1285878476,0,146917569
11,5368709120,536870912,1285878476,0,162362945
11,5368709120,536870912,1285878476,0,147630892
11,5368709120,536870912,1285878476,0,147878889
20,10737418240,2147483648,3807060626,0,1029582468
12,5368709120,536870912,6845090004,0,2021189758
12,5368709120,536870912,6845090004,0,1979785081
12,5368709120,536870912,6845090004,0,1962604572
12,5368709120,536870912,6845090004,0,1962511822
12,5368709120,536870912,6845090004,0,1973584702
13,5368709120,536870912,16703466210,0,13817338605
13,5368709120,536870912,16703466210,0,13599581440
13,5368709120,536870912,16703466210,0,13669173576
13,5368709120,536870912,16703466210,0,13779965493
13,5368709120,536870912,16703466210,0,13912537973
20,10737418240,2147483648,3807060626,0,1038399971
14,5368709120,536870912,2176131663,0,2288608266
14,5368709120,536870912,2176131663,0,2295041532
14,5368709120,536870912,2176131663,0,2184354403
14,5368709120,536870912,2176131663,0,2230318056
14,5368709120,536870912,2176131663,0,2213214536
16,5368709120,536870912,4026449962,0,1643687971
16,5368709120,536870912,4026449962,0,1633781759
16,5368709120,536870912,4026449962,0,1617486461
16,5368709120,536870912,4026449962,0,1626775419
16,5368709120,536870912,4026449962,0,1605532250
20,10737418240,2147483648,3807060626,0,1021426226
13,10737418240,1073741824,16703466210,0,10165783096
17,5368709120,536870912,6858915524,0,388946321
17,5368709120,536870912,6858915524,0,386656254
17,5368709120,536870912,6858899524,0,387716553
17,5368709120,536870912,6858899524,0,385908202
17,5368709120,536870912,6858899524,0,380565075
18,5368709120,536870912,23208569516,250064,4383793183
18,5368709120,536870912,23208583508,250064,4351110658
18,5368709120,536870912,23208565196,250064,4350966599
18,5368709120,536870912,23208567788,250064,4356007528
18,5368709120,536870912,23208565052,250064,4342827680
21,10737418240,2147483648,24944979462,0,5674804814
19,5368709120,536870912,2078231652,0,300076944
19,5368709120,536870912,2078113396,0,287471319
19,5368709120,536870912,2078102996,0,284169373
19,5368709120,536870912,2078176620,0,288809257
19,5368709120,536870912,2078134196,0,293108063
1,5368709120,536870912,20242966456,4732699192,17769330515
1,5368709120,536870912,20242966456,4732699192,17788583289
1,5368709120,536870912,20242966456,4732699192,17815367297
1,5368709120,536870912,20242966456,4732699192,17845512752
1,5368709120,536870912,20242966456,4732699192,17818795843
21,10737418240,2147483648,24944979462,0,5710277817
20,5368709120,536870912,3807060626,0,1004315410
20,5368709120,536870912,3807060626,0,1005331881
20,5368709120,536870912,3807060626,0,1010465540
20,5368709120,536870912,3807060626,0,989521719
20,5368709120,536870912,3807060626,0,1005305481
21,5368709120,536870912,24944979462,0,6238690964
21,5368709120,536870912,24944979462,0,6205725455
21,5368709120,536870912,24944979462,0,6346092076
21,5368709120,536870912,24944979462,0,6269842338
21,5368709120,536870912,24944979462,0,6400882812
21,10737418240,2147483648,24944979462,0,5677420883
22,5368709120,536870912,3952082146,0,655991949
22,5368709120,536870912,3952082146,0,640754201
22,5368709120,536870912,3952082146,0,640938448
22,5368709120,536870912,3952082146,0,641339655
22,5368709120,536870912,3952082146,0,643773340
2,5368709120,536870912,1114282626,0,91814904
2,5368709120,536870912,1114262954,0,94537367
2,5368709120,536870912,1114262954,0,84651706
2,5368709120,536870912,1114271146,0,92845495
2,5368709120,536870912,1114282434,0,89237901
21,10737418240,2147483648,24944979462,0,5643528928
3,5368709120,536870912,11829838460,0,1937575344
3,5368709120,536870912,11829838460,0,1960320498
3,5368709120,536870912,11829838460,0,1966128160
3,5368709120,536870912,11829838460,0,1914580314
3,5368709120,536870912,11829838460,0,1963522916
4,5368709120,536870912,11750982056,0,1509618332
4,5368709120,536870912,11750982056,0,1504429155
4,5368709120,536870912,11750982056,0,1485791141
4,5368709120,536870912,11750982056,0,1493448225
4,5368709120,536870912,11750982056,0,1513958410
21,10737418240,2147483648,24944979462,0,5731602525
5,5368709120,536870912,16083043104,0,2459432238
5,5368709120,536870912,16083043104,0,2522677719
5,5368709120,536870912,16083043104,0,2505011344
5,5368709120,536870912,16083043104,0,2508784267
5,5368709120,536870912,16083043104,0,2551326294
6,5368709120,536870912,1320628080,0,261604423
6,5368709120,536870912,1320628080,0,255947600
6,5368709120,536870912,1320628080,0,255788751
6,5368709120,536870912,1320628080,0,260350485
6,5368709120,536870912,1320628080,0,254917380
22,10737418240,2147483648,3952082146,0,546157476
7,5368709120,536870912,11135969600,0,1205145982
7,5368709120,536870912,11135969600,0,1230579488
7,5368709120,536870912,11135969600,0,1304992547
7,5368709120,536870912,11135969600,0,1220473469
7,5368709120,536870912,11135969600,0,1157455597
8,5368709120,536870912,9592032951,0,808463075
8,5368709120,536870912,9574189623,17843328,789900520
8,5368709120,536870912,9555552295,36480656,789888750
8,5368709120,536870912,9555552295,36480656,807110219
8,5368709120,536870912,9555552295,36480656,798821251
22,10737418240,2147483648,3952082146,0,533086125
9,5368709120,536870912,26417320344,0,9797956437
9,5368709120,536870912,26417320344,0,9745961766
9,5368709120,536870912,26417320344,0,9851755403
9,5368709120,536870912,26417320344,0,9787483455
9,5368709120,536870912,26417320344,0,9938937647
10,5368709120,1073741824,9124385008,0,1877355308
10,5368709120,1073741824,9124385008,0,1831111580
10,5368709120,1073741824,9124385008,0,1822672933
10,5368709120,1073741824,9124385008,0,1831234568
10,5368709120,1073741824,9124385008,0,1822034160
22,10737418240,2147483648,3952082146,0,544759130
11,5368709120,1073741824,1285878476,0,160003856
11,5368709120,1073741824,1285878476,0,148419162
11,5368709120,1073741824,1285878476,0,148865897
11,5368709120,1073741824,1285878476,0,147195403
11,5368709120,1073741824,1285878476,0,151332973
12,5368709120,1073741824,6845090004,0,2126052294
12,5368709120,1073741824,6845090004,0,2091182261
12,5368709120,1073741824,6845090004,0,2073348338
12,5368709120,1073741824,6845090004,0,2084324889
12,5368709120,1073741824,6845090004,0,2105268130
22,10737418240,2147483648,3952082146,0,537630481
13,5368709120,1073741824,16703466210,0,9357019526
13,5368709120,1073741824,16703466210,0,9615965977
13,5368709120,1073741824,16703466210,0,9375584862
13,5368709120,1073741824,16703466210,0,9389729292
13,5368709120,1073741824,16703466210,0,9433037121
14,5368709120,1073741824,2176131663,0,2273916234
14,5368709120,1073741824,2176131663,0,2273851814
14,5368709120,1073741824,2176131663,0,2301673928
14,5368709120,1073741824,2176131663,0,2225979621
14,5368709120,1073741824,2176131663,0,2335039185
22,10737418240,2147483648,3952082146,0,542877830
13,10737418240,1073741824,16703466210,0,9631868308
16,5368709120,1073741824,4026449962,0,1636604672
16,5368709120,1073741824,4026449962,0,1630128796
16,5368709120,1073741824,4026449962,0,1653353094
16,5368709120,1073741824,4026449962,0,1626019337
16,5368709120,1073741824,4026449962,0,1635490112
17,5368709120,1073741824,6858899524,0,394726809
17,5368709120,1073741824,6858915524,0,376270323
17,5368709120,1073741824,6858899524,0,393012276
17,5368709120,1073741824,6858899524,0,372459591
17,5368709120,1073741824,6858915524,0,387430912
2,10737418240,2147483648,1114290626,0,92871723
18,5368709120,1073741824,14445006680,8763810660,4456020736
18,5368709120,1073741824,14445006680,8763827100,4405757766
18,5368709120,1073741824,14445006680,8763809940,4378803666
18,5368709120,1073741824,14445006680,8763811236,4370472349
18,5368709120,1073741824,14445006680,8763809076,4410477200
19,5368709120,1073741824,2078152036,0,293912533
19,5368709120,1073741824,2078188540,0,283034102
19,5368709120,1073741824,2078147900,0,280702064
19,5368709120,1073741824,2078112780,0,282999732
19,5368709120,1073741824,2078167756,0,277498056
2,10737418240,2147483648,1114262954,0,76936519
1,5368709120,1073741824,6708100760,18267564888,18101025627
1,5368709120,1073741824,11436069504,13539596048,17966321689
1,5368709120,1073741824,19725469112,5250196536,17818012407
1,5368709120,1073741824,19727043720,5248621928,17790974428
1,5368709120,1073741824,19723894504,5251771144,17822338067
20,5368709120,1073741824,3807060626,0,1048143903
20,5368709120,1073741824,3807060626,0,1036690198
20,5368709120,1073741824,3807060626,0,1035473430
20,5368709120,1073741824,3807060626,0,1021187902
20,5368709120,1073741824,3807060626,0,1025967154
2,10737418240,2147483648,1114262954,0,88576135
21,5368709120,1073741824,24944979462,0,5932989315
21,5368709120,1073741824,24944979462,0,5816643984
21,5368709120,1073741824,24944979462,0,5884328650
21,5368709120,1073741824,24944979462,0,5925427481
21,5368709120,1073741824,24944979462,0,5775627693
22,5368709120,1073741824,3952082146,0,549965524
22,5368709120,1073741824,3952082146,0,541411889
22,5368709120,1073741824,3952082146,0,540626587
22,5368709120,1073741824,3952082146,0,536648047
22,5368709120,1073741824,3952082146,0,541054383
2,10737418240,2147483648,1114290626,0,83171258
2,5368709120,1073741824,1114262954,0,86709267
2,5368709120,1073741824,1114271146,0,94660107
2,5368709120,1073741824,1114290818,0,86737816
2,5368709120,1073741824,1114282434,0,86349790
2,5368709120,1073741824,1114263146,0,89138683
3,5368709120,1073741824,11829838460,0,2076516995
3,5368709120,1073741824,11829838460,0,2076092979
3,5368709120,1073741824,11829838460,0,2013644861
3,5368709120,1073741824,11829838460,0,2016553172
3,5368709120,1073741824,11829838460,0,2037561673
2,10737418240,2147483648,1114262954,0,97750746
4,5368709120,1073741824,11750982056,0,1451598957
4,5368709120,1073741824,11750982056,0,1440254740
4,5368709120,1073741824,11750982056,0,1413198049
4,5368709120,1073741824,11750982056,0,1434987792
4,5368709120,1073741824,11750982056,0,1422079401
5,5368709120,1073741824,16083043104,0,2337797154
5,5368709120,1073741824,16083043104,0,2415376652
5,5368709120,1073741824,16083043104,0,2343632006
5,5368709120,1073741824,16083043104,0,2337425788
5,5368709120,1073741824,16083043104,0,2322855963
3,10737418240,2147483648,11829838460,0,2030884656
6,5368709120,1073741824,1320628080,0,266602056
6,5368709120,1073741824,1320628080,0,259682005
6,5368709120,1073741824,1320628080,0,266291239
6,5368709120,1073741824,1320628080,0,260518886
6,5368709120,1073741824,1320628080,0,260275458
7,5368709120,1073741824,11135969600,0,1378619214
7,5368709120,1073741824,11135969600,0,1221517158
7,5368709120,1073741824,11135969600,0,1202358739
7,5368709120,1073741824,11135969600,0,1199854964
7,5368709120,1073741824,11135969600,0,1260522210
3,10737418240,2147483648,11829838460,0,2022375217
8,5368709120,1073741824,9592032951,0,778998544
8,5368709120,1073741824,9555552295,36480656,744733425
8,5368709120,1073741824,9555552295,36480656,822617390
8,5368709120,1073741824,9555552295,36480656,719673695
8,5368709120,1073741824,9592032951,0,769399380
9,5368709120,1073741824,26417320344,0,9046165329
9,5368709120,1073741824,26417320344,0,9300851624
9,5368709120,1073741824,26417320344,0,9169595430
9,5368709120,1073741824,26417320344,0,9843226901
9,5368709120,1073741824,26417320344,0,10057575419
3,10737418240,2147483648,11829838460,0,2049480971
10,5368709120,1610612736,9124385008,0,1765930909
10,5368709120,1610612736,9124385008,0,1770644452
10,5368709120,1610612736,9124385008,0,1787958248
10,5368709120,1610612736,9124385008,0,1774311787
10,5368709120,1610612736,9124385008,0,1787800311
11,5368709120,1610612736,1285878476,0,158901642
11,5368709120,1610612736,1285878476,0,146615327
11,5368709120,1610612736,1285878476,0,146499908
11,5368709120,1610612736,1285878476,0,150699826
11,5368709120,1610612736,1285878476,0,143410989
3,10737418240,2147483648,11829838460,0,2031019127
12,5368709120,1610612736,6845090004,0,1987465770
12,5368709120,1610612736,6845090004,0,1948743102
12,5368709120,1610612736,6845090004,0,1941065130
12,5368709120,1610612736,6845090004,0,1947424228
12,5368709120,1610612736,6845090004,0,1948016813
13,5368709120,1610612736,16703466210,0,9617774511
13,5368709120,1610612736,16703466210,0,9557845745
13,5368709120,1610612736,16703466210,0,9422597928
13,5368709120,1610612736,16703466210,0,9384664209
13,5368709120,1610612736,16703466210,0,9381212322
3,10737418240,2147483648,11829838460,0,1993555486
13,10737418240,1073741824,16703466210,0,9360815689
14,5368709120,1610612736,2176131663,0,2250143808
14,5368709120,1610612736,2176131663,0,2353119931
14,5368709120,1610612736,2176131663,0,2350680277
14,5368709120,1610612736,2176131663,0,2223965204
14,5368709120,1610612736,2176131663,0,2251020882
16,5368709120,1610612736,4026449962,0,1625589773
16,5368709120,1610612736,4026449962,0,1595526886
16,5368709120,1610612736,4026449962,0,1633150398
16,5368709120,1610612736,4026449962,0,1639212778
16,5368709120,1610612736,4026449962,0,1615448057
4,10737418240,2147483648,11750982056,0,1418085547
17,5368709120,1610612736,6858916772,0,390085209
17,5368709120,1610612736,6859069812,0,390598923
17,5368709120,1610612736,6858899524,0,391748772
17,5368709120,1610612736,6858899524,0,384542084
17,5368709120,1610612736,6859052564,0,381135508
18,5368709120,1610612736,14445006680,8763826524,4379727059
18,5368709120,1610612736,14445006680,8763808932,4396356495
18,5368709120,1610612736,14445006680,8763829260,4395112090
18,5368709120,1610612736,14445006680,8763809796,4365107554
18,5368709120,1610612736,14445006680,8763809796,4393216235
4,10737418240,2147483648,11750982056,0,1405457572
19,5368709120,1610612736,2078153020,0,291283516
19,5368709120,1610612736,2078182420,0,280801112
19,5368709120,1610612736,2078138572,0,278810351
19,5368709120,1610612736,2078119860,0,279163108
19,5368709120,1610612736,2078143644,0,278743902
1,5368709120,1610612736,18821644120,6154021528,17879223178
1,5368709120,1610612736,18823218728,6152446920,17864989614
1,5368709120,1610612736,5808999592,19166666056,18076414695
1,5368709120,1610612736,10535393728,14440271824,18007869754
1,5368709120,1610612736,10536968336,14438697216,17988080973
4,10737418240,2147483648,11750982056,0,1405533155
20,5368709120,1610612736,3807060626,0,1013262287
20,5368709120,1610612736,3807060626,0,1023662083
20,5368709120,1610612736,3807060626,0,977253398
20,5368709120,1610612736,3807060626,0,1017595864
20,5368709120,1610612736,3807060626,0,1022067239
21,5368709120,1610612736,24944979462,0,5958992706
21,5368709120,1610612736,24944979462,0,5809829563
21,5368709120,1610612736,24944979462,0,5988031360
21,5368709120,1610612736,24944979462,0,5828193724
21,5368709120,1610612736,24944979462,0,5917916277
4,10737418240,2147483648,11750982056,0,1414469921
22,5368709120,1610612736,3952082146,0,546622078
22,5368709120,1610612736,3952082146,0,527971334
22,5368709120,1610612736,3952082146,0,530908335
22,5368709120,1610612736,3952082146,0,537537849
22,5368709120,1610612736,3952082146,0,534768177
2,5368709120,1610612736,1114262954,0,81430715
2,5368709120,1610612736,1114262954,0,79255897
2,5368709120,1610612736,1114282434,0,83797942
2,5368709120,1610612736,1114282626,0,87555354
2,5368709120,1610612736,1114271146,0,87073339
4,10737418240,2147483648,11750982056,0,1415677873
3,5368709120,1610612736,11758526524,71311936,1817463375
3,5368709120,1610612736,11758526524,71311936,1795080350
3,5368709120,1610612736,11758526524,71311936,1845694764
3,5368709120,1610612736,11758526524,71311936,1887951791
3,5368709120,1610612736,11758526524,71311936,1839884772
4,5368709120,1610612736,11750982056,0,1405146855
4,5368709120,1610612736,11750982056,0,1394279914
4,5368709120,1610612736,11750982056,0,1399862569
4,5368709120,1610612736,11750982056,0,1403978507
4,5368709120,1610612736,11750982056,0,1394744620
5,10737418240,2147483648,16083043104,0,2315516879
5,5368709120,1610612736,16083043104,0,2303705303
5,5368709120,1610612736,16083043104,0,2309579824
5,5368709120,1610612736,16083043104,0,2282643264
5,5368709120,1610612736,16083043104,0,2314754223
5,5368709120,1610612736,16083043104,0,2359790853
6,5368709120,1610612736,1320628080,0,261367007
6,5368709120,1610612736,1320628080,0,256043050
6,5368709120,1610612736,1320628080,0,259110609
6,5368709120,1610612736,1320628080,0,255013070
6,5368709120,1610612736,1320628080,0,250670114
5,10737418240,2147483648,16083043104,0,2318946375
7,5368709120,1610612736,11135969600,0,1303656219
7,5368709120,1610612736,11135969600,0,1171853876
7,5368709120,1610612736,11135969600,0,1200729938
7,5368709120,1610612736,11135969600,0,1161724768
7,5368709120,1610612736,11135969600,0,1198677688
8,5368709120,1610612736,9554437087,37595864,736662497
8,5368709120,1610612736,9537708967,54323984,736132913
8,5368709120,1610612736,9536593759,55439192,733685947
8,5368709120,1610612736,9536593759,55439192,742862416
8,5368709120,1610612736,9536593759,55439192,734778886
5,10737418240,2147483648,16083043104,0,2402728866
9,5368709120,1610612736,26417320344,0,8721335061
9,5368709120,1610612736,26417320344,0,8782959868
9,5368709120,1610612736,26417320344,0,8725073538
9,5368709120,1610612736,26417320344,0,8719140279
9,5368709120,1610612736,26417320344,0,9575709743
10,5368709120,2147483648,9124385008,0,1707134385
10,5368709120,2147483648,9124385008,0,1724863748
10,5368709120,2147483648,9124385008,0,1721322414
10,5368709120,2147483648,9124385008,0,1712140715
10,5368709120,2147483648,9124385008,0,1709402782
5,10737418240,2147483648,16083043104,0,2315644212
11,5368709120,2147483648,1285878476,0,159306388
11,5368709120,2147483648,1285878476,0,146795824
11,5368709120,2147483648,1285878476,0,146700215
11,5368709120,2147483648,1285878476,0,134590996
11,5368709120,2147483648,1285878476,0,144823683
12,5368709120,2147483648,6845090004,0,1974277191
12,5368709120,2147483648,6845090004,0,1922351250
12,5368709120,2147483648,6845090004,0,1949787035
12,5368709120,2147483648,6845090004,0,1940359579
12,5368709120,2147483648,6845090004,0,1955466828
5,10737418240,2147483648,16083043104,0,2357064416
13,10737418240,1073741824,16703466210,0,9383272508
13,5368709120,2147483648,16703466210,0,9443691756
13,5368709120,2147483648,16703466210,0,9604297244
13,5368709120,2147483648,16703466210,0,9714452214
13,5368709120,2147483648,16703466210,0,9578834631
13,5368709120,2147483648,16703466210,0,9571441696
14,5368709120,2147483648,2176131663,0,2321488698
14,5368709120,2147483648,2176131663,0,2233063601
14,5368709120,2147483648,2176131663,0,2183265689
14,5368709120,2147483648,2176131663,0,2309744476
14,5368709120,2147483648,2176131663,0,2225752575
6,10737418240,2147483648,1320628080,0,254408499
16,5368709120,2147483648,4026449962,0,1623977695
16,5368709120,2147483648,4026449962,0,1592857116
16,5368709120,2147483648,4026449962,0,1608962775
16,5368709120,2147483648,4026449962,0,1634770147
16,5368709120,2147483648,4026449962,0,1633662038
17,5368709120,2147483648,6858775164,140360,273257582
17,5368709120,2147483648,6858775164,140360,260507189
17,5368709120,2147483648,6858759164,140360,254300181
17,5368709120,2147483648,6858775164,140360,259295891
17,5368709120,2147483648,6858759164,140360,252541269
6,10737418240,2147483648,1320628080,0,248844391
18,5368709120,2147483648,14445006680,8763826236,4427827174
18,5368709120,2147483648,14445006680,8763810948,4356804484
18,5368709120,2147483648,14445006680,8763810228,4395883124
18,5368709120,2147483648,14445006680,8763810516,4383845794
18,5368709120,2147483648,14445006680,8763810372,4379032843
19,5368709120,2147483648,2078153308,0,301110284
19,5368709120,2147483648,2078061916,0,277057214
19,5368709120,2147483648,2078158428,0,273917086
19,5368709120,2147483648,2078177252,0,277626459
19,5368709120,2147483648,2078154820,0,275162163
6,10737418240,2147483648,1320628080,0,247749551
1,5368709120,2147483648,10535394568,14440270984,17923776048
1,5368709120,2147483648,18821644120,6154021528,17800982967
1,5368709120,2147483648,5805850376,19169815272,18113875975
1,5368709120,2147483648,18824793336,6150872312,17893932374
1,5368709120,2147483648,10536968336,14438697216,17981238134
20,5368709120,2147483648,3807060626,0,1044249537
20,5368709120,2147483648,3807060626,0,1031242287
20,5368709120,2147483648,3807060626,0,1033478744
20,5368709120,2147483648,3807060626,0,1019953160
20,5368709120,2147483648,3807060626,0,1020538394
6,10737418240,2147483648,1320628080,0,246227646
21,5368709120,2147483648,24873387902,71591560,5980684813
21,5368709120,2147483648,24873387902,71591560,5929253019
21,5368709120,2147483648,24873387902,71591560,6017577812
21,5368709120,2147483648,24873387902,71591560,5843253120
21,5368709120,2147483648,24873387902,71591560,5830041526
22,5368709120,2147483648,3952082146,0,551560085
22,5368709120,2147483648,3952082146,0,530857585
22,5368709120,2147483648,3952082146,0,537483758
22,5368709120,2147483648,3952082146,0,534518008
22,5368709120,2147483648,3952082146,0,541592947
6,10737418240,2147483648,1320628080,0,248261767
2,5368709120,2147483648,1114282434,0,79400534
2,5368709120,2147483648,1114437322,0,84748671
2,5368709120,2147483648,1114282434,0,85011787
2,5368709120,2147483648,1114262954,0,83197495
2,5368709120,2147483648,1114282626,0,80305495
3,5368709120,2147483648,11687214588,142623872,2075733601
3,5368709120,2147483648,11687214588,142623872,2074592894
3,5368709120,2147483648,11687214588,142623872,2086755262
3,5368709120,2147483648,11687214588,142623872,2087142549
3,5368709120,2147483648,11687214588,142623872,2111282696
7,10737418240,2147483648,11135969600,0,1140709596
4,5368709120,2147483648,11750982056,0,1433218533
4,5368709120,2147483648,11750982056,0,1408724692
4,5368709120,2147483648,11750982056,0,1425837299
4,5368709120,2147483648,11750982056,0,1427761310
4,5368709120,2147483648,11750982056,0,1423218877
5,5368709120,2147483648,16081927896,1115208,2332171762
5,5368709120,2147483648,16081927896,1115208,2275793513
5,5368709120,2147483648,16081927896,1115208,2318032457
5,5368709120,2147483648,16081927896,1115208,2292652944
5,5368709120,2147483648,16081927896,1115208,2453552819
7,10737418240,2147483648,11135969600,0,1131819512
6,5368709120,2147483648,1320628080,0,253068514
6,5368709120,2147483648,1320628080,0,251339992
6,5368709120,2147483648,1320628080,0,250964335
6,5368709120,2147483648,1320628080,0,250248933
6,5368709120,2147483648,1320628080,0,249753738
7,5368709120,2147483648,11135969600,0,1207026581
7,5368709120,2147483648,11135411448,558152,1226787352
7,5368709120,2147483648,11135969600,0,1125560794
7,5368709120,2147483648,11135969600,0,1103911351
7,5368709120,2147483648,11135969600,0,1117120249
7,10737418240,2147483648,11135969600,0,1135750616
8,5368709120,2147483648,9573074415,18958536,731677223
8,5368709120,2147483648,9590917743,1115208,700671136
8,5368709120,2147483648,9590917743,1115208,710895053
8,5368709120,2147483648,9590917743,1115208,705294890
8,5368709120,2147483648,9590917743,1115208,709554036
9,5368709120,2147483648,26417320344,0,9156447548
9,5368709120,2147483648,26417320344,0,9084474465
9,5368709120,2147483648,26417320344,0,9084407727
9,5368709120,2147483648,26417320344,0,8936526767
9,5368709120,2147483648,26417320344,0,9072038443
7,10737418240,2147483648,11135969600,0,1170540411
10,5368709120,2684354560,9124385008,0,1691469069
10,5368709120,2684354560,9124385008,0,1716321539
10,5368709120,2684354560,9124385008,0,1730149111
10,5368709120,2684354560,9124385008,0,1717822985
10,5368709120,2684354560,9124385008,0,1741857793
11,5368709120,2684354560,1285878476,0,156775754
11,5368709120,2684354560,1285878476,0,148539686
11,5368709120,2684354560,1285878476,0,147854513
11,5368709120,2684354560,1285878476,0,140725245
11,5368709120,2684354560,1285878476,0,147481347
7,10737418240,2147483648,11135969600,0,1103489152
13,10737418240,1073741824,16703466210,0,9619276535
10,10737418240,1073741824,9124385008,0,1849713403
12,5368709120,2684354560,6845090004,0,1630925046
12,5368709120,2684354560,6845090004,0,1612217234
12,5368709120,2684354560,6845090004,0,1618507451
12,5368709120,2684354560,6845090004,0,1605902348
12,5368709120,2684354560,6845090004,0,1599399563
13,5368709120,2684354560,16703466210,0,9389150759
13,5368709120,2684354560,16703466210,0,9416833098
13,5368709120,2684354560,16703466210,0,9403666918
13,5368709120,2684354560,16703466210,0,9647026671
13,5368709120,2684354560,16703466210,0,9587264119
8,10737418240,2147483648,9592032951,0,709490703
14,5368709120,2684354560,2176131663,0,2276281876
14,5368709120,2684354560,2176131663,0,2219207980
14,5368709120,2684354560,2176131663,0,2275931011
14,5368709120,2684354560,2176131663,0,2293370066
14,5368709120,2684354560,2176131663,0,2189557879
16,5368709120,2684354560,4026449962,0,1621742614
16,5368709120,2684354560,4026449962,0,1627331068
16,5368709120,2684354560,4026449962,0,1634840973
16,5368709120,2684354560,4026449962,0,1642045761
16,5368709120,2684354560,4026449962,0,1616053492
8,10737418240,2147483648,9592032951,0,731438688
17,5368709120,2684354560,6858775164,140360,280265648
17,5368709120,2684354560,6858759164,140360,264316178
17,5368709120,2684354560,6858759164,140360,257014032
17,5368709120,2684354560,6858776412,140360,254475067
17,5368709120,2684354560,6858759164,140360,258718344
18,5368709120,2684354560,14445006680,8763827100,4395984918
18,5368709120,2684354560,14445006680,8763807924,4382977990
18,5368709120,2684354560,14445006680,8763807924,4402684133
18,5368709120,2684354560,14445006680,8763812244,4405205529
18,5368709120,2684354560,14445006680,8763827100,4357346580
8,10737418240,2147483648,9592032951,0,690227753
19,5368709120,2684354560,2078182980,0,251171382
19,5368709120,2684354560,2078130604,0,234123063
19,5368709120,2684354560,2078156556,0,243913385
19,5368709120,2684354560,2078103140,0,243761896
19,5368709120,2684354560,2078129276,0,243561208
1,5368709120,2684354560,4215496296,20760169352,18149284886
1,5368709120,2684354560,4217070904,20758594744,18151421348
1,5368709120,2684354560,4217070904,20758594744,18153999165
1,5368709120,2684354560,17231290040,7744375608,17821036774
1,5368709120,2684354560,17232864648,7742801000,17917328291
8,10737418240,2147483648,9592032951,0,687743777
20,5368709120,2684354560,3807060626,0,956365888
20,5368709120,2684354560,3807060626,0,962037701
20,5368709120,2684354560,3807060626,0,953101181
20,5368709120,2684354560,3807060626,0,963947431
20,5368709120,2684354560,3807060626,0,966086020
21,5368709120,2684354560,24873387902,71591560,5698935268
21,5368709120,2684354560,24873387902,71591560,5853198594
21,5368709120,2684354560,24873387902,71591560,5684698022
21,5368709120,2684354560,24873387902,71591560,5898508352
21,5368709120,2684354560,24873387902,71591560,5648482017
8,10737418240,2147483648,9592032951,0,732562179
22,5368709120,2684354560,3952082146,0,561848212
22,5368709120,2684354560,3952082146,0,539483666
22,5368709120,2684354560,3952082146,0,535257629
22,5368709120,2684354560,3952082146,0,542511876
22,5368709120,2684354560,3952082146,0,545754994
2,5368709120,2684354560,1114282434,0,83009488
2,5368709120,2684354560,1114282818,0,92541753
2,5368709120,2684354560,1114282626,0,91144247
2,5368709120,2684354560,1114263146,0,83159237
2,5368709120,2684354560,1114262954,0,89249096
9,10737418240,2147483648,26417320344,0,9858679013
3,5368709120,2684354560,11687214588,142623872,1878753327
3,5368709120,2684354560,11687214588,142623872,1840104164
3,5368709120,2684354560,11687214588,142623872,1827847006
3,5368709120,2684354560,11687214588,142623872,1895324430
3,5368709120,2684354560,11687214588,142623872,1823126883
4,5368709120,2684354560,11715321704,35660352,1493616785
4,5368709120,2684354560,11715321704,35660352,1483170100
4,5368709120,2684354560,11715321704,35660352,1470228258
4,5368709120,2684354560,11715321704,35660352,1491248928
4,5368709120,2684354560,11715321704,35660352,1466028511
9,10737418240,2147483648,26417320344,0,8913220993
5,5368709120,2684354560,16081927896,1115208,2097792228
5,5368709120,2684354560,16081927896,1115208,2128499940
5,5368709120,2684354560,16081927896,1115208,2180105733
5,5368709120,2684354560,16081433256,1609848,2243514908
5,5368709120,2684354560,16081927896,1115208,2077585120
6,5368709120,2684354560,1320628080,0,252629011
6,5368709120,2684354560,1320628080,0,245235185
6,5368709120,2684354560,1320628080,0,247486393
6,5368709120,2684354560,1320628080,0,247315424
6,5368709120,2684354560,1320628080,0,246780660
9,10737418240,2147483648,26417320344,0,8915757285
7,5368709120,2684354560,11135411448,558152,1312917887
7,5368709120,2684354560,8494738756,2641230844,1212767690
7,5368709120,2684354560,11135969600,0,1173163617
7,5368709120,2684354560,11135969600,0,1165122307
7,5368709120,2684354560,11135411448,558152,1288991407
8,5368709120,2684354560,8478008215,1114024736,733727365
8,5368709120,2684354560,8468962775,1123070176,741228571
8,5368709120,2684354560,8471443751,1120589200,724001253
8,5368709120,2684354560,8518753871,1073279080,721680026
8,5368709120,2684354560,9573074415,18958536,691977344
9,10737418240,2147483648,26417320344,0,8712083763
9,5368709120,2684354560,25880013464,537306880,8310974765
9,5368709120,2684354560,25851032304,566288040,8385374651
9,5368709120,2684354560,25955489384,461830960,8426456661
9,5368709120,2684354560,25851032304,566288040,8297965598
9,5368709120,2684354560,25868866864,548453480,8371424874
10,8053063680,805306368,9124385008,0,1850178423
10,8053063680,805306368,9124385008,0,1923071114
10,8053063680,805306368,9124385008,0,1858693948
10,8053063680,805306368,9124385008,0,1866199363
10,8053063680,805306368,9124385008,0,1864144113
9,10737418240,2147483648,26417320344,0,8975096724
14,10737418240,1073741824,2176131663,0,2272140196
11,8053063680,805306368,1285878476,0,160796741
11,8053063680,805306368,1285878476,0,150116748
11,8053063680,805306368,1285878476,0,140903210
11,8053063680,805306368,1285878476,0,156903640
11,8053063680,805306368,1285878476,0,144866990
12,8053063680,805306368,6845090004,0,2001354832
12,8053063680,805306368,6845090004,0,1966163834
12,8053063680,805306368,6845090004,0,1961602780
12,8053063680,805306368,6845090004,0,1964653839
12,8053063680,805306368,6845090004,0,1980664709
10,10737418240,3221225472,9124385008,0,1712197093
13,8053063680,805306368,16703466210,0,9409082616
13,8053063680,805306368,16703466210,0,9581989391
13,8053063680,805306368,16703466210,0,9460548052
13,8053063680,805306368,16703466210,0,9407968203
13,8053063680,805306368,16703466210,0,9579617061
14,8053063680,805306368,2176131663,0,2167536301
14,8053063680,805306368,2176131663,0,2297242562
14,8053063680,805306368,2176131663,0,2161572545
14,8053063680,805306368,2176131663,0,2204015739
14,8053063680,805306368,2176131663,0,2211383844
10,10737418240,3221225472,9124385008,0,1709490600
16,8053063680,805306368,4026449962,0,1632584560
16,8053063680,805306368,4026449962,0,1622350920
16,8053063680,805306368,4026449962,0,1658392895
16,8053063680,805306368,4026449962,0,1624743365
16,8053063680,805306368,4026449962,0,1632548937
17,8053063680,805306368,6858915524,0,397590151
17,8053063680,805306368,6858915524,0,381168202
17,8053063680,805306368,6859052564,0,387948086
17,8053063680,805306368,6858915524,0,386320591
17,8053063680,805306368,6858916548,0,388715528
10,10737418240,3221225472,9124385008,0,1742075263
18,8053063680,805306368,23208623308,214152,4389407608
18,8053063680,805306368,23208619708,214152,4319057173
18,8053063680,805306368,23208603412,214152,4330484766
18,8053063680,805306368,23208619420,214152,4363756034
18,8053063680,805306368,23208620572,214152,4328903280
19,8053063680,805306368,2078141516,0,304358125
19,8053063680,805306368,2078064996,0,277353311
19,8053063680,805306368,2078127516,0,277896216
19,8053063680,805306368,2078181444,0,278887386
19,8053063680,805306368,2078076892,0,282821017
10,10737418240,3221225472,9124385008,0,1699916533
1,8053063680,805306368,20242966456,4732699192,17732654488
1,8053063680,805306368,20242966456,4732699192,17832328665
1,8053063680,805306368,20242966456,4732699192,17806455611
1,8053063680,805306368,20242966456,4732699192,17790659619
1,8053063680,805306368,20242966456,4732699192,17818987455
20,8053063680,805306368,3807060626,0,956038275
20,8053063680,805306368,3807060626,0,954745077
20,8053063680,805306368,3807060626,0,975045066
20,8053063680,805306368,3807060626,0,954508929
20,8053063680,805306368,3807060626,0,935627856
10,10737418240,3221225472,9124385008,0,1713580961
21,8053063680,805306368,24944979462,0,6321471679
21,8053063680,805306368,24944979462,0,6361738625
21,8053063680,805306368,24944979462,0,6371538451
21,8053063680,805306368,24944979462,0,6291335388
21,8053063680,805306368,24944979462,0,6246245638
22,8053063680,805306368,3952082146,0,590786962
22,8053063680,805306368,3952082146,0,575926939
22,8053063680,805306368,3952082146,0,579613262
22,8053063680,805306368,3952082146,0,583360594
22,8053063680,805306368,3952082146,0,588363645
11,10737418240,3221225472,1285878476,0,155656445
2,8053063680,805306368,1114437322,0,87755100
2,8053063680,805306368,1114282626,0,75759360
2,8053063680,805306368,1114262954,0,83309614
2,8053063680,805306368,1114262954,0,80548752
2,8053063680,805306368,1114271146,0,75749910
3,8053063680,805306368,11829838460,0,1880592050
3,8053063680,805306368,11829838460,0,1894727719
3,8053063680,805306368,11829838460,0,1864603497
3,8053063680,805306368,11829838460,0,1930881370
3,8053063680,805306368,11829838460,0,1974261149
11,10737418240,3221225472,1285878476,0,146708307
4,8053063680,805306368,11750982056,0,1513854216
4,8053063680,805306368,11750982056,0,1489099160
4,8053063680,805306368,11750982056,0,1480786872
4,8053063680,805306368,11750982056,0,1502156311
4,8053063680,805306368,11750982056,0,1476359086
5,8053063680,805306368,16083043104,0,2474609263
5,8053063680,805306368,16083043104,0,2557809767
5,8053063680,805306368,16083043104,0,2541518788
5,8053063680,805306368,16083043104,0,2605489283
5,8053063680,805306368,16083043104,0,2557331150
11,10737418240,3221225472,1285878476,0,145261810
6,8053063680,805306368,1320628080,0,258657882
6,8053063680,805306368,1320628080,0,251935859
6,8053063680,805306368,1320628080,0,255024958
6,8053063680,805306368,1320628080,0,252790450
6,8053063680,805306368,1320628080,0,253381494
7,8053063680,805306368,11135969600,0,1199714794
7,8053063680,805306368,11135969600,0,1108054044
7,8053063680,805306368,11135969600,0,1117647649
7,8053063680,805306368,11135969600,0,1128071445
7,8053063680,805306368,11135969600,0,1176944700
11,10737418240,3221225472,1285878476,0,151567593
8,8053063680,805306368,9592032951,0,786622454
8,8053063680,805306368,9592032951,0,754219416
8,8053063680,805306368,9592032951,0,818205210
8,8053063680,805306368,9592032951,0,753673611
8,8053063680,805306368,9592032951,0,757217506
9,8053063680,805306368,26417320344,0,9402546900
9,8053063680,805306368,26417320344,0,9434924894
9,8053063680,805306368,26417320344,0,9455550993
9,8053063680,805306368,26417320344,0,9580081620
9,8053063680,805306368,26417320344,0,9389456339
11,10737418240,3221225472,1285878476,0,140887560
14,10737418240,1073741824,2176131663,0,2353549319
10,8053063680,1610612736,9124385008,0,1803130208
10,8053063680,1610612736,9124385008,0,1792841220
10,8053063680,1610612736,9124385008,0,1830526916
10,8053063680,1610612736,9124385008,0,1757180814
10,8053063680,1610612736,9124385008,0,1796239266
11,8053063680,1610612736,1285878476,0,158597252
11,8053063680,1610612736,1285878476,0,142987197
11,8053063680,1610612736,1285878476,0,143966368
11,8053063680,1610612736,1285878476,0,151166416
11,8053063680,1610612736,1285878476,0,150203886
12,10737418240,3221225472,6845090004,0,1858598703
12,8053063680,1610612736,6845090004,0,1966308376
12,8053063680,1610612736,6845090004,0,1946830838
12,8053063680,1610612736,6845090004,0,1952567852
12,8053063680,1610612736,6845090004,0,1941558052
12,8053063680,1610612736,6845090004,0,1939593681
13,8053063680,1610612736,16703466210,0,9453515299
13,8053063680,1610612736,16703466210,0,9510249720
13,8053063680,1610612736,16703466210,0,9547824792
13,8053063680,1610612736,16703466210,0,9420716604
13,8053063680,1610612736,16703466210,0,9363572789
12,10737418240,3221225472,6845090004,0,1816686948
14,8053063680,1610612736,2176131663,0,2320700407
14,8053063680,1610612736,2176131663,0,2249839102
14,8053063680,1610612736,2176131663,0,2257746104
14,8053063680,1610612736,2176131663,0,2231548214
14,8053063680,1610612736,2176131663,0,2307169841
16,8053063680,1610612736,4026449962,0,1627963371
16,8053063680,1610612736,4026449962,0,1630683794
16,8053063680,1610612736,4026449962,0,1610744872
16,8053063680,1610612736,4026449962,0,1608303976
16,8053063680,1610612736,4026449962,0,1618140398
12,10737418240,3221225472,6845090004,0,1829626872
17,8053063680,1610612736,6858915524,0,392993326
17,8053063680,1610612736,6858915524,0,396677500
17,8053063680,1610612736,6858932772,0,394293784
17,8053063680,1610612736,6858932772,0,389330883
17,8053063680,1610612736,6859052564,0,398948877
18,8053063680,1610612736,23208619132,214152,4392349274
18,8053063680,1610612736,23208602692,214152,4341685568
18,8053063680,1610612736,23208623596,214152,4318929885
18,8053063680,1610612736,23208601540,214152,4334876036
18,8053063680,1610612736,23208601252,214152,4325618487
12,10737418240,3221225472,6845090004,0,1823814087
19,8053063680,1610612736,2078128916,0,293292039
19,8053063680,1610612736,2078096220,0,274896412
19,8053063680,1610612736,2078129348,0,274886341
19,8053063680,1610612736,2078065156,0,274019440
19,8053063680,1610612736,2078129220,0,274039680
1,8053063680,1610612736,20242966456,4732699192,17750806776
1,8053063680,1610612736,20242966456,4732699192,17701018416
1,8053063680,1610612736,20242966456,4732699192,17782424709
1,8053063680,1610612736,20242966456,4732699192,17781147727
1,8053063680,1610612736,20242966456,4732699192,17866741330
12,10737418240,3221225472,6845090004,0,1806530857
20,8053063680,1610612736,3807060626,0,997485471
20,8053063680,1610612736,3807060626,0,1000780439
20,8053063680,1610612736,3807060626,0,979323182
20,8053063680,1610612736,3807060626,0,984031815
20,8053063680,1610612736,3807060626,0,997899397
21,8053063680,1610612736,24944979462,0,5873667550
21,8053063680,1610612736,24944979462,0,5904168196
21,8053063680,1610612736,24944979462,0,5948615542
21,8053063680,1610612736,24944979462,0,5810417289
21,8053063680,1610612736,24944979462,0,5844602958
13,10737418240,3221225472,16703466210,0,9365479181
22,8053063680,1610612736,3952082146,0,552022189
22,8053063680,1610612736,3952082146,0,540166177
22,8053063680,1610612736,3952082146,0,538729191
22,8053063680,1610612736,3952082146,0,535381875
22,8053063680,1610612736,3952082146,0,538907499
2,8053063680,1610612736,1114417842,0,75766995
2,8053063680,1610612736,1114437514,0,90469429
2,8053063680,1610612736,1114263146,0,86855074
2,8053063680,1610612736,1114282434,0,80572547
2,8053063680,1610612736,1114302106,0,87908944
13,10737418240,3221225472,16703466210,0,9394289953
3,8053063680,1610612736,11829838460,0,1779983019
3,8053063680,1610612736,11829838460,0,1787622564
3,8053063680,1610612736,11829838460,0,1845273805
3,8053063680,1610612736,11829838460,0,1825577524
3,8053063680,1610612736,11829838460,0,1780687716
4,8053063680,1610612736,11750982056,0,1425969269
4,8053063680,1610612736,11750982056,0,1407116311
4,8053063680,1610612736,11750982056,0,1403215918
4,8053063680,1610612736,11750982056,0,1403428235
4,8053063680,1610612736,11750982056,0,1392364641
13,10737418240,3221225472,16703466210,0,9576367814
5,8053063680,1610612736,16083043104,0,2350247572
5,8053063680,1610612736,16083043104,0,2385669676
5,8053063680,1610612736,16083043104,0,2437082844
5,8053063680,1610612736,16083043104,0,2340986255
5,8053063680,1610612736,16083043104,0,2288453753
6,8053063680,1610612736,1320628080,0,259345216
6,8053063680,1610612736,1320628080,0,253335165
6,8053063680,1610612736,1320628080,0,257126798
6,8053063680,1610612736,1320628080,0,253734141
6,8053063680,1610612736,1320628080,0,255285256
13,10737418240,3221225472,16703466210,0,9332704687
7,8053063680,1610612736,11135969600,0,1237626956
7,8053063680,1610612736,11135969600,0,1196798403
7,8053063680,1610612736,11135969600,0,1144260195
7,8053063680,1610612736,11135969600,0,1188524453
7,8053063680,1610612736,11135969600,0,1330207361
8,8053063680,1610612736,9592032951,0,731480307
8,8053063680,1610612736,9592032951,0,735717015
8,8053063680,1610612736,9592032951,0,742116533
8,8053063680,1610612736,9592032951,0,808183398
8,8053063680,1610612736,9592032951,0,735167030
13,10737418240,3221225472,16703466210,0,9381306388
14,10737418240,1073741824,2176131663,0,2218770994
9,8053063680,1610612736,26417320344,0,8833842308
9,8053063680,1610612736,26417320344,0,8834210993
9,8053063680,1610612736,26417320344,0,9299874664
9,8053063680,1610612736,26417320344,0,8654765047
9,8053063680,1610612736,26417320344,0,8751090934
10,8053063680,2415919104,9124385008,0,1724494695
10,8053063680,2415919104,9124385008,0,1708957906
10,8053063680,2415919104,9124385008,0,1695774275
10,8053063680,2415919104,9124385008,0,1711623029
10,8053063680,2415919104,9124385008,0,1751137791
14,10737418240,3221225472,2176131663,0,2324251176
11,8053063680,2415919104,1285878476,0,137696538
11,8053063680,2415919104,1285878476,0,146160325
11,8053063680,2415919104,1285878476,0,140714549
11,8053063680,2415919104,1285878476,0,142944847
11,8053063680,2415919104,1285878476,0,147777710
12,8053063680,2415919104,6845090004,0,1948638986
12,8053063680,2415919104,6845090004,0,1932613162
12,8053063680,2415919104,6845090004,0,1930521382
12,8053063680,2415919104,6845090004,0,1935272005
12,8053063680,2415919104,6845090004,0,1929961566
14,10737418240,3221225472,2176131663,0,2150100412
13,8053063680,2415919104,16703466210,0,9595843582
13,8053063680,2415919104,16703466210,0,9575910472
13,8053063680,2415919104,16703466210,0,9380748917
13,8053063680,2415919104,16703466210,0,9392701816
13,8053063680,2415919104,16703466210,0,9428252742
14,8053063680,2415919104,2176131663,0,2268532147
14,8053063680,2415919104,2176131663,0,2322659842
14,8053063680,2415919104,2176131663,0,2228579078
14,8053063680,2415919104,2176131663,0,2268656133
14,8053063680,2415919104,2176131663,0,2313452561
14,10737418240,3221225472,2176131663,0,2182754139
16,8053063680,2415919104,4026449962,0,1629347660
16,8053063680,2415919104,4026449962,0,1638485559
16,8053063680,2415919104,4026449962,0,1618903052
16,8053063680,2415919104,4026449962,0,1610860841
16,8053063680,2415919104,4026449962,0,1638280340
17,8053063680,2415919104,6858915524,0,280620442
17,8053063680,2415919104,6858916548,0,255192613
17,8053063680,2415919104,6858915524,0,259896487
17,8053063680,2415919104,6858916548,0,253946335
17,8053063680,2415919104,6858916548,0,253165683
14,10737418240,3221225472,2176131663,0,2268032892
18,8053063680,2415919104,23208620716,214152,4351187149
18,8053063680,2415919104,23208602836,214152,4364319117
18,8053063680,2415919104,23208619852,214152,4337811987
18,8053063680,2415919104,23208618700,214152,4343519778
18,8053063680,2415919104,23208602836,214152,4324705422
19,8053063680,2415919104,2078125804,0,256490517
19,8053063680,2415919104,2078222212,0,243292128
19,8053063680,2415919104,2078160460,0,240899091
19,8053063680,2415919104,2078137876,0,240231347
19,8053063680,2415919104,2078186156,0,240656564
14,10737418240,3221225472,2176131663,0,2185499360
1,8053063680,2415919104,20242966456,4732699192,17752888797
1,8053063680,2415919104,20242966456,4732699192,17780859506
1,8053063680,2415919104,20242966456,4732699192,17836960116
1,8053063680,2415919104,20242966456,4732699192,17793061717
1,8053063680,2415919104,20242966456,4732699192,17724806688
20,8053063680,2415919104,3807060626,0,1004275308
20,8053063680,2415919104,3807060626,0,1005037131
20,8053063680,2415919104,3807060626,0,997641494
20,8053063680,2415919104,3807060626,0,1012909253
20,8053063680,2415919104,3807060626,0,1007353558
16,10737418240,3221225472,4026449962,0,1627343408
21,8053063680,2415919104,24944979462,0,5683214498
21,8053063680,2415919104,24944979462,0,5756019786
21,8053063680,2415919104,24944979462,0,5718576114
21,8053063680,2415919104,24944979462,0,5772922074
21,8053063680,2415919104,24944979462,0,5811683659
22,8053063680,2415919104,3952082146,0,553908268
22,8053063680,2415919104,3952082146,0,535008225
22,8053063680,2415919104,3952082146,0,538835997
22,8053063680,2415919104,3952082146,0,537059204
22,8053063680,2415919104,3952082146,0,532360651
16,10737418240,3221225472,4026449962,0,1602711491
2,8053063680,2415919104,1114263146,0,92193088
2,8053063680,2415919104,1114282434,0,83703142
2,8053063680,2415919104,1114262954,0,86471204
2,8053063680,2415919104,1114263146,0,94039849
2,8053063680,2415919104,1114279338,0,79626662
3,8053063680,2415919104,11829838460,0,1839408338
3,8053063680,2415919104,11829838460,0,1895131056
3,8053063680,2415919104,11829838460,0,1809429584
3,8053063680,2415919104,11829838460,0,1809056938
3,8053063680,2415919104,11829838460,0,1862306341
16,10737418240,3221225472,4026449962,0,1602959480
4,8053063680,2415919104,11750982056,0,1441660673
4,8053063680,2415919104,11750982056,0,1400779608
4,8053063680,2415919104,11750982056,0,1421010508
4,8053063680,2415919104,11750982056,0,1395830577
4,8053063680,2415919104,11750982056,0,1402226203
5,8053063680,2415919104,16083043104,0,2246591087
5,8053063680,2415919104,16083043104,0,2286683610
5,8053063680,2415919104,16083043104,0,2406839599
5,8053063680,2415919104,16083043104,0,2263843406
5,8053063680,2415919104,16083043104,0,2272659618
16,10737418240,3221225472,4026449962,0,1612117379
6,8053063680,2415919104,1320628080,0,255833146
6,8053063680,2415919104,1320628080,0,247811645
6,8053063680,2415919104,1320628080,0,254451899
6,8053063680,2415919104,1320628080,0,247653237
6,8053063680,2415919104,1320628080,0,246912454
7,8053063680,2415919104,11135969600,0,1127461539
7,8053063680,2415919104,11135969600,0,1130941504
7,8053063680,2415919104,11135969600,0,1075955489
7,8053063680,2415919104,11135969600,0,1160781698
7,8053063680,2415919104,11135969600,0,1132679727
16,10737418240,3221225472,4026449962,0,1603032471
14,10737418240,1073741824,2176131663,0,2313512462
8,8053063680,2415919104,9592032951,0,686205680
8,8053063680,2415919104,9574189623,17843328,697729276
8,8053063680,2415919104,9592032951,0,669766122
8,8053063680,2415919104,9592032951,0,679710495
8,8053063680,2415919104,9592032951,0,679307879
9,8053063680,2415919104,26417320344,0,9099418297
9,8053063680,2415919104,26417320344,0,9357754796
9,8053063680,2415919104,26417320344,0,8813867954
9,8053063680,2415919104,26417320344,0,8942946122
9,8053063680,2415919104,26417320344,0,9133546632
17,10737418240,3221225472,6858916772,0,270428220
10,8053063680,3221225472,9124385008,0,1748028612
10,8053063680,3221225472,9124385008,0,1738828244
10,8053063680,3221225472,9124385008,0,1704688422
10,8053063680,3221225472,9124385008,0,1718668134
10,8053063680,3221225472,9124385008,0,1764799976
11,8053063680,3221225472,1285878476,0,152475629
11,8053063680,3221225472,1285878476,0,147990302
11,8053063680,3221225472,1285878476,0,145150161
11,8053063680,3221225472,1285878476,0,150293200
11,8053063680,3221225472,1285878476,0,135161550
17,10737418240,3221225472,6858915524,0,258911194
12,8053063680,3221225472,6845090004,0,1861859371
12,8053063680,3221225472,6845090004,0,1826333493
12,8053063680,3221225472,6845090004,0,1826771098
12,8053063680,3221225472,6845090004,0,1824176875
12,8053063680,3221225472,6845090004,0,1843167316
13,8053063680,3221225472,16703466210,0,9322104470
13,8053063680,3221225472,16703466210,0,9428386095
13,8053063680,3221225472,16703466210,0,9562505834
13,8053063680,3221225472,16703466210,0,9607472566
13,8053063680,3221225472,16703466210,0,9429979446
17,10737418240,3221225472,6858916548,0,264181086
14,8053063680,3221225472,2176131663,0,2252694501
14,8053063680,3221225472,2176131663,0,2250723031
14,8053063680,3221225472,2176131663,0,2167741024
14,8053063680,3221225472,2176131663,0,2250948608
14,8053063680,3221225472,2176131663,0,2207450250
16,8053063680,3221225472,4026449962,0,1611470189
16,8053063680,3221225472,4026449962,0,1638088296
16,8053063680,3221225472,4026449962,0,1642713059
16,8053063680,3221225472,4026449962,0,1628636389
16,8053063680,3221225472,4026449962,0,1640758509
17,10737418240,3221225472,6858916548,0,255399265
17,8053063680,3221225472,6858933796,0,281992284
17,8053063680,3221225472,6858917796,0,264016083
17,8053063680,3221225472,6858916772,0,258473218
17,8053063680,3221225472,6859052564,0,256888973
17,8053063680,3221225472,6858899524,0,262015472
18,8053063680,3221225472,23208585812,250064,4341899949
18,8053063680,3221225472,23208585380,250064,4360228237
18,8053063680,3221225472,23208566060,250064,4350746812
18,8053063680,3221225472,23208566924,250064,4332313817
18,8053063680,3221225472,23208584948,250064,4328923622
17,10737418240,3221225472,6858915524,0,253599121
19,8053063680,3221225472,2078104124,0,259322770
19,8053063680,3221225472,2078128556,0,234654356
19,8053063680,3221225472,2078126436,0,232949903
19,8053063680,3221225472,2078130156,0,237514997
19,8053063680,3221225472,2078130284,0,236616067
1,8053063680,3221225472,20242966456,4732699192,17871746661
1,8053063680,3221225472,20242966456,4732699192,17920949424
1,8053063680,3221225472,20242966456,4732699192,17815998179
1,8053063680,3221225472,20242966456,4732699192,17609773439
1,8053063680,3221225472,20242966456,4732699192,17787482624
18,10737418240,3221225472,23208619996,214152,4347268643
20,8053063680,3221225472,3807060626,0,846573315
20,8053063680,3221225472,3807060626,0,836647593
20,8053063680,3221225472,3807060626,0,838570734
20,8053063680,3221225472,3807060626,0,834691782
20,8053063680,3221225472,3807060626,0,798732790
21,8053063680,3221225472,24944979462,0,5546648612
21,8053063680,3221225472,24944979462,0,5536085618
21,8053063680,3221225472,24944979462,0,5506737649
21,8053063680,3221225472,24944979462,0,5620003625
21,8053063680,3221225472,24944979462,0,5559664115
18,10737418240,3221225472,23208620284,214152,4332514463
22,8053063680,3221225472,3952082146,0,545050923
22,8053063680,3221225472,3952082146,0,532386509
22,8053063680,3221225472,3952082146,0,534591438
22,8053063680,3221225472,3952082146,0,533511248
22,8053063680,3221225472,3952082146,0,545676288
2,8053063680,3221225472,1114282626,0,89281493
2,8053063680,3221225472,1114282434,0,87876277
2,8053063680,3221225472,1114263146,0,86457471
2,8053063680,3221225472,1114262954,0,86695969
2,8053063680,3221225472,1114282434,0,84918797
18,10737418240,3221225472,23208619708,214152,4313055164
3,8053063680,3221225472,11829838460,0,1688652823
3,8053063680,3221225472,11829838460,0,1696258147
3,8053063680,3221225472,11829838460,0,1679020619
3,8053063680,3221225472,11829838460,0,1702199809
3,8053063680,3221225472,11829838460,0,1701883492
4,8053063680,3221225472,11750982056,0,1416595477
4,8053063680,3221225472,11750982056,0,1390298269
4,8053063680,3221225472,11750982056,0,1389879372
4,8053063680,3221225472,11750982056,0,1388018591
4,8053063680,3221225472,11750982056,0,1397967113
18,10737418240,3221225472,23208601540,214152,4348773892
5,8053063680,3221225472,16083043104,0,2073585283
5,8053063680,3221225472,16083043104,0,2073498154
5,8053063680,3221225472,16083043104,0,2196007627
5,8053063680,3221225472,16083043104,0,2074076217
5,8053063680,3221225472,16083043104,0,2098379407
6,8053063680,3221225472,1320628080,0,253381143
6,8053063680,3221225472,1320628080,0,248890318
6,8053063680,3221225472,1320628080,0,247841438
6,8053063680,3221225472,1320628080,0,252562891
6,8053063680,3221225472,1320628080,0,251633401
18,10737418240,3221225472,23208622300,214152,4339461093
14,10737418240,1073741824,2176131663,0,2304374718
7,8053063680,3221225472,11135969600,0,1167703392
7,8053063680,3221225472,11135969600,0,1088253531
7,8053063680,3221225472,11135969600,0,1084791446
7,8053063680,3221225472,11135969600,0,1064061462
7,8053063680,3221225472,11135969600,0,1057447587
8,8053063680,3221225472,9584226495,7806456,640959225
8,8053063680,3221225472,9592032951,0,642545818
8,8053063680,3221225472,9592032951,0,690851609
8,8053063680,3221225472,9574189623,17843328,667730409
8,8053063680,3221225472,9592032951,0,625874204
19,10737418240,3221225472,2078120396,0,238563146
9,8053063680,3221225472,26417320344,0,8670820162
9,8053063680,3221225472,26417320344,0,8729136255
9,8053063680,3221225472,26417320344,0,7885757090
9,8053063680,3221225472,26417320344,0,8280957006
9,8053063680,3221225472,26417320344,0,8215776044
10,8053063680,4026531840,9124385008,0,1667877638
10,8053063680,4026531840,9124385008,0,1668254574
10,8053063680,4026531840,9124385008,0,1665063916
10,8053063680,4026531840,9124385008,0,1663796928
10,8053063680,4026531840,9124385008,0,1702435885
19,10737418240,3221225472,2078112164,0,235353034
11,8053063680,4026531840,1285878476,0,159413417
11,8053063680,4026531840,1285878476,0,147878711
11,8053063680,4026531840,1285878476,0,159790264
11,8053063680,4026531840,1285878476,0,145845902
11,8053063680,4026531840,1285878476,0,152129790
12,8053063680,4026531840,6845090004,0,1765014025
12,8053063680,4026531840,6845090004,0,1754248732
12,8053063680,4026531840,6845090004,0,1737524308
12,8053063680,4026531840,6845090004,0,1748892525
12,8053063680,4026531840,6845090004,0,1749445580
19,10737418240,3221225472,2078087500,0,231670728
13,8053063680,4026531840,16703466210,0,9550370717
13,8053063680,4026531840,16703466210,0,9429917263
13,8053063680,4026531840,16703466210,0,9602890467
13,8053063680,4026531840,16703466210,0,9658991290
13,8053063680,4026531840,16703466210,0,9915161957
14,8053063680,4026531840,2176131663,0,2174959356
14,8053063680,4026531840,2176131663,0,2149955315
14,8053063680,4026531840,2176131663,0,2272589708
14,8053063680,4026531840,2176131663,0,2157490869
14,8053063680,4026531840,2176131663,0,2251025802
19,10737418240,3221225472,2078108300,0,239957627
16,8053063680,4026531840,4026449962,0,1650146447
16,8053063680,4026531840,4026449962,0,1638991318
16,8053063680,4026531840,4026449962,0,1624723890
16,8053063680,4026531840,4026449962,0,1627542112
16,8053063680,4026531840,4026449962,0,1655883201
17,8053063680,4026531840,6858916772,0,282345967
17,8053063680,4026531840,6858932772,0,252548953
17,8053063680,4026531840,6858900548,0,259603883
17,8053063680,4026531840,6858916548,0,253450933
17,8053063680,4026531840,6858915524,0,253284606
19,10737418240,3221225472,2078141708,0,236167783
18,8053063680,4026531840,23208565628,250064,4373142306
18,8053063680,4026531840,23208584084,250064,4363687889
18,8053063680,4026531840,23208585668,250064,4342552589
18,8053063680,4026531840,23208584516,250064,4337687338
18,8053063680,4026531840,23208583220,250064,4361570711
19,8053063680,4026531840,2078212340,0,265443685
19,8053063680,4026531840,2078074148,0,237869559
19,8053063680,4026531840,2078156244,0,237546992
19,8053063680,4026531840,2078170428,0,230590861
19,8053063680,4026531840,2078109140,0,234193535
1,10737418240,3221225472,20242966456,4732699192,17870513292
1,8053063680,4026531840,20177381608,4798284040,17770003805
1,8053063680,4026531840,11889556608,13086108944,17900966436
1,8053063680,4026531840,20177381608,4798284040,17776465173
1,8053063680,4026531840,20177381608,4798284040,17751099246
1,8053063680,4026531840,20177381608,4798284040,17786497905
20,8053063680,4026531840,3807060626,0,830735643
20,8053063680,4026531840,3807060626,0,816021110
20,8053063680,4026531840,3807060626,0,826761313
20,8053063680,4026531840,3807060626,0,817703453
20,8053063680,4026531840,3807060626,0,812869191
1,10737418240,3221225472,20242966456,4732699192,17740022105
21,8053063680,4026531840,24944979462,0,5414932278
21,8053063680,4026531840,24944979462,0,5464618674
21,8053063680,4026531840,24944979462,0,5510672827
21,8053063680,4026531840,24944979462,0,5411119546
21,8053063680,4026531840,24944979462,0,5373743977
22,8053063680,4026531840,3952082146,0,561559876
22,8053063680,4026531840,3952082146,0,534501865
22,8053063680,4026531840,3952082146,0,533323596
22,8053063680,4026531840,3952082146,0,533687953
22,8053063680,4026531840,3952082146,0,541587874
1,10737418240,3221225472,20242966456,4732699192,17735472526
2,8053063680,4026531840,1114282626,0,83472462
2,8053063680,4026531840,1114282434,0,84735359
2,8053063680,4026531840,1114262954,0,86796988
2,8053063680,4026531840,1114282434,0,86365623
2,8053063680,4026531840,1114262954,0,86453762
3,8053063680,4026531840,11829838460,0,1728163745
3,8053063680,4026531840,11829838460,0,1684773746
3,8053063680,4026531840,11829838460,0,1687637387
3,8053063680,4026531840,11829838460,0,1685596098
3,8053063680,4026531840,11829838460,0,1671548477
1,10737418240,3221225472,20242966456,4732699192,17764150878
4,8053063680,4026531840,11750982056,0,1328592022
4,8053063680,4026531840,11750982056,0,1324213516
4,8053063680,4026531840,11750982056,0,1326323395
4,8053063680,4026531840,11750982056,0,1312733120
4,8053063680,4026531840,11750982056,0,1326015768
6,8053063680,4026531840,1320628080,0,242733461
6,8053063680,4026531840,1320628080,0,241474073
6,8053063680,4026531840,1320628080,0,236602061
6,8053063680,4026531840,1320628080,0,239167956
6,8053063680,4026531840,1320628080,0,236136856
1,10737418240,3221225472,20242966456,4732699192,17761021055
16,10737418240,1073741824,4026449962,0,1645630408
7,8053063680,4026531840,11135969600,0,989658167
7,8053063680,4026531840,11135969600,0,973822004
7,8053063680,4026531840,11135969600,0,1045660840
7,8053063680,4026531840,11135969600,0,1039565651
7,8053063680,4026531840,11135969600,0,959874212
8,8053063680,4026531840,9590917743,1115208,605613119
8,8053063680,4026531840,9573074415,18958536,596620908
8,8053063680,4026531840,9592032951,0,653273866
8,8053063680,4026531840,9537708967,54323984,646721800
8,8053063680,4026531840,9539939383,52093568,621503191
20,10737418240,3221225472,3807060626,0,819772038
9,8053063680,4026531840,26417320344,0,8814893966
9,8053063680,4026531840,26417320344,0,7904522426
9,8053063680,4026531840,26417320344,0,7908747824
9,8053063680,4026531840,26417320344,0,7832486421
9,8053063680,4026531840,26417320344,0,8716453939
20,10737418240,3221225472,3807060626,0,808022218
20,10737418240,3221225472,3807060626,0,812175888
20,10737418240,3221225472,3807060626,0,821878385
20,10737418240,3221225472,3807060626,0,830988889
21,10737418240,3221225472,24944979462,0,5617311531
21,10737418240,3221225472,24944979462,0,5666726707
21,10737418240,3221225472,24944979462,0,5512389862
21,10737418240,3221225472,24944979462,0,5646910319
21,10737418240,3221225472,24944979462,0,5618203110
16,10737418240,1073741824,4026449962,0,1605295975
22,10737418240,3221225472,3952082146,0,549024018
22,10737418240,3221225472,3952082146,0,539995233
22,10737418240,3221225472,3952082146,0,541465506
22,10737418240,3221225472,3952082146,0,532937074
22,10737418240,3221225472,3952082146,0,535087178
2,10737418240,3221225472,1114321394,0,91038258
2,10737418240,3221225472,1114262954,0,89534516
2,10737418240,3221225472,1114290818,0,87130624
2,10737418240,3221225472,1114271146,0,85116219
2,10737418240,3221225472,1114262954,0,83510899
16,10737418240,1073741824,4026449962,0,1608622622
3,10737418240,3221225472,11829838460,0,1732342305
3,10737418240,3221225472,11829838460,0,1643301308
3,10737418240,3221225472,11829838460,0,1669605395
3,10737418240,3221225472,11829838460,0,1654768615
3,10737418240,3221225472,11829838460,0,1688155166
4,10737418240,3221225472,11750982056,0,1414964458
4,10737418240,3221225472,11750982056,0,1386509712
4,10737418240,3221225472,11750982056,0,1387739945
4,10737418240,3221225472,11750982056,0,1403767554
4,10737418240,3221225472,11750982056,0,1398309837
16,10737418240,1073741824,4026449962,0,1609067020
5,10737418240,3221225472,16083043104,0,2126961965
5,10737418240,3221225472,16083043104,0,2077904000
5,10737418240,3221225472,16083043104,0,2101345414
5,10737418240,3221225472,16083043104,0,2174584383
5,10737418240,3221225472,16083043104,0,2039654880
6,10737418240,3221225472,1320628080,0,260184380
6,10737418240,3221225472,1320628080,0,247472155
6,10737418240,3221225472,1320628080,0,247669522
6,10737418240,3221225472,1320628080,0,249647051
6,10737418240,3221225472,1320628080,0,248903359
16,10737418240,1073741824,4026449962,0,1667682292
10,10737418240,1073741824,9124385008,0,1891280041
7,10737418240,3221225472,11135969600,0,1221394309
7,10737418240,3221225472,11135969600,0,1158328485
7,10737418240,3221225472,11135969600,0,1203072835
7,10737418240,3221225472,11135969600,0,1156327325
7,10737418240,3221225472,11135969600,0,1067213103
8,10737418240,3221225472,9592032951,0,651299299
8,10737418240,3221225472,9592032951,0,635549705
8,10737418240,3221225472,9592032951,0,646542234
8,10737418240,3221225472,9592032951,0,656079239
8,10737418240,3221225472,9592032951,0,638057691
17,10737418240,1073741824,6858899524,0,394541010
9,10737418240,3221225472,26417320344,0,7862814779
9,10737418240,3221225472,26417320344,0,7880803053
9,10737418240,3221225472,26417320344,0,8613683036
9,10737418240,3221225472,26417320344,0,7831089479
9,10737418240,3221225472,26417320344,0,7814594673
10,10737418240,4294967296,9124385008,0,1680920635
10,10737418240,4294967296,9124385008,0,1697825198
10,10737418240,4294967296,9124385008,0,1701229937
10,10737418240,4294967296,9124385008,0,1698614541
10,10737418240,4294967296,9124385008,0,1696673989
17,10737418240,1073741824,6858899524,0,382464654
11,10737418240,4294967296,1285878476,0,161483660
11,10737418240,4294967296,1285878476,0,144722829
11,10737418240,4294967296,1285878476,0,153637184
11,10737418240,4294967296,1285878476,0,155783811
11,10737418240,4294967296,1285878476,0,149861244
12,10737418240,4294967296,6845090004,0,1767874844
12,10737418240,4294967296,6845090004,0,1765136559
12,10737418240,4294967296,6845090004,0,1747797768
12,10737418240,4294967296,6845090004,0,1752181277
12,10737418240,4294967296,6845090004,0,1744956629
17,10737418240,1073741824,6858899524,0,384425819
13,10737418240,4294967296,16703466210,0,9382471119
13,10737418240,4294967296,16703466210,0,9400790852
13,10737418240,4294967296,16703466210,0,9407023752
13,10737418240,4294967296,16703466210,0,9351097480
13,10737418240,4294967296,16703466210,0,9615299141
14,10737418240,4294967296,2176131663,0,2268746726
14,10737418240,4294967296,2176131663,0,2226005877
14,10737418240,4294967296,2176131663,0,2145564901
14,10737418240,4294967296,2176131663,0,2228040878
14,10737418240,4294967296,2176131663,0,2294013519
17,10737418240,1073741824,6858915524,0,387786723
16,10737418240,4294967296,4026449962,0,1635918987
16,10737418240,4294967296,4026449962,0,1605356146
16,10737418240,4294967296,4026449962,0,1613194989
16,10737418240,4294967296,4026449962,0,1605813577
16,10737418240,4294967296,4026449962,0,1636099487
17,10737418240,4294967296,6858916772,0,282243556
17,10737418240,4294967296,6858900548,0,259952986
17,10737418240,4294967296,6858915524,0,257886627
17,10737418240,4294967296,6858899524,0,254918298
17,10737418240,4294967296,6858899524,0,253815899
17,10737418240,1073741824,6858899524,0,380633559
18,10737418240,4294967296,23208601108,214152,4344912333
18,10737418240,4294967296,23208600388,214152,4330091394
18,10737418240,4294967296,23208619996,214152,4318234982
18,10737418240,4294967296,23208602260,214152,4349288193
18,10737418240,4294967296,23208617692,214152,4344127463
19,10737418240,4294967296,2078094188,0,262577617
19,10737418240,4294967296,2078071108,0,237735020
19,10737418240,4294967296,2078152652,0,238416243
19,10737418240,4294967296,2078201524,0,232855899
19,10737418240,4294967296,2078146916,0,231125587
18,10737418240,1073741824,23208832852,0,4421844621
1,10737418240,4294967296,20242966456,4732699192,17682625793
1,10737418240,4294967296,20242966456,4732699192,17754127359
1,10737418240,4294967296,20242966456,4732699192,17711831599
1,10737418240,4294967296,20242966456,4732699192,17722479725
1,10737418240,4294967296,20242966456,4732699192,17704277965
20,10737418240,4294967296,3807060626,0,797838331
20,10737418240,4294967296,3807060626,0,809144047
20,10737418240,4294967296,3807060626,0,805785812
20,10737418240,4294967296,3807060626,0,795857522
20,10737418240,4294967296,3807060626,0,806636834
18,10737418240,1073741824,23208817852,0,4389988130
21,10737418240,4294967296,24944979462,0,5576671619
21,10737418240,4294967296,24944979462,0,5374808358
21,10737418240,4294967296,24944979462,0,5458737113
21,10737418240,4294967296,24944979462,0,5471022817
21,10737418240,4294967296,24944979462,0,5372284421
22,10737418240,4294967296,3952082146,0,556715321
22,10737418240,4294967296,3952082146,0,540101016
22,10737418240,4294967296,3952082146,0,544630682
22,10737418240,4294967296,3952082146,0,536951898
22,10737418240,4294967296,3952082146,0,541567052
18,10737418240,1073741824,23208815980,0,4386578758
2,10737418240,4294967296,1114290818,0,86471359
2,10737418240,4294967296,1114282626,0,84398229
2,10737418240,4294967296,1114290626,0,70987442
2,10737418240,4294967296,1114271146,0,83809384
2,10737418240,4294967296,1114282434,0,94930984
3,10737418240,4294967296,11829838460,0,1661761482
3,10737418240,4294967296,11829838460,0,1664694914
3,10737418240,4294967296,11829838460,0,1667463987
3,10737418240,4294967296,11829838460,0,1676731996
3,10737418240,4294967296,11829838460,0,1695857288
18,10737418240,1073741824,23208835156,0,4387765988
4,10737418240,4294967296,11750982056,0,1321048167
4,10737418240,4294967296,11750982056,0,1319564172
4,10737418240,4294967296,11750982056,0,1376666067
4,10737418240,4294967296,11750982056,0,1320200567
4,10737418240,4294967296,11750982056,0,1329382277
5,10737418240,4294967296,16083043104,0,1973726524
5,10737418240,4294967296,16083043104,0,1992709977
5,10737418240,4294967296,16083043104,0,1944220539
5,10737418240,4294967296,16083043104,0,1981158034
5,10737418240,4294967296,16083043104,0,1961077254
18,10737418240,1073741824,23208816844,0,4387366093
10,10737418240,1073741824,9124385008,0,1868615369
6,10737418240,4294967296,1320628080,0,241838898
6,10737418240,4294967296,1320628080,0,236264273
6,10737418240,4294967296,1320628080,0,244537722
6,10737418240,4294967296,1320628080,0,242071485
6,10737418240,4294967296,1320628080,0,235656608
7,10737418240,4294967296,11135969600,0,1053592321
7,10737418240,4294967296,11135969600,0,1055312905
7,10737418240,4294967296,11135969600,0,999539656
7,10737418240,4294967296,11135969600,0,1137520544
7,10737418240,4294967296,11135969600,0,1026234783
19,10737418240,1073741824,2078138564,0,293616646
8,10737418240,4294967296,9592032951,0,585149256
8,10737418240,4294967296,9592032951,0,565762598
8,10737418240,4294967296,9589802535,2230416,585381804
8,10737418240,4294967296,9592032951,0,585610453
8,10737418240,4294967296,9592032951,0,580267055
9,10737418240,4294967296,26417320344,0,8715785803
9,10737418240,4294967296,26417320344,0,7907730630
9,10737418240,4294967296,26417320344,0,7850888674
9,10737418240,4294967296,26417320344,0,9387307658
9,10737418240,4294967296,26417320344,0,7856066513
19,10737418240,1073741824,2078113716,0,274159916
10,10737418240,5368709120,9124385008,0,1652971470
10,10737418240,5368709120,9124385008,0,1698594642
10,10737418240,5368709120,9124385008,0,1671319050
10,10737418240,5368709120,9124385008,0,1650315827
10,10737418240,5368709120,9124385008,0,1663467298
11,10737418240,5368709120,1285878476,0,153216882
11,10737418240,5368709120,1285878476,0,155319718
11,10737418240,5368709120,1285878476,0,143106905
11,10737418240,5368709120,1285878476,0,140298396
11,10737418240,5368709120,1285878476,0,144263242
19,10737418240,1073741824,2078149636,0,279094449
12,10737418240,5368709120,6845090004,0,1438808871
12,10737418240,5368709120,6845090004,0,1423938880
12,10737418240,5368709120,6845090004,0,1428699562
12,10737418240,5368709120,6845090004,0,1421806983
12,10737418240,5368709120,6845090004,0,1435131111
13,10737418240,5368709120,16703466210,0,9356353397
13,10737418240,5368709120,16703466210,0,9396556043
13,10737418240,5368709120,16703466210,0,9349293639
13,10737418240,5368709120,16703466210,0,9398153335
13,10737418240,5368709120,16703466210,0,9409039973
19,10737418240,1073741824,2078171484,0,276817406
14,10737418240,5368709120,2176131663,0,2192103179
14,10737418240,5368709120,2176131663,0,2178145088
14,10737418240,5368709120,2176131663,0,2185815013
14,10737418240,5368709120,2176131663,0,2173065448
14,10737418240,5368709120,2176131663,0,2249410506
16,10737418240,5368709120,4026449962,0,1656493770
16,10737418240,5368709120,4026449962,0,1639797473
16,10737418240,5368709120,4026449962,0,1602501994
16,10737418240,5368709120,4026449962,0,1626881408
16,10737418240,5368709120,4026449962,0,1601950049
19,10737418240,1073741824,2078176124,0,278341745
17,10737418240,5368709120,6858916548,0,274455379
17,10737418240,5368709120,6858916548,0,255743038
17,10737418240,5368709120,6858915524,0,256105934
17,10737418240,5368709120,6858915524,0,252064577
17,10737418240,5368709120,6858932772,0,255554850
18,10737418240,5368709120,23208620716,214152,4350441304
18,10737418240,5368709120,23208618844,214152,4344055665
18,10737418240,5368709120,23208605428,214152,4352087663
18,10737418240,5368709120,23208600820,214152,4326296758
18,10737418240,5368709120,23208602692,214152,4314006330
1,10737418240,1073741824,24975659024,6528,19146833790
19,10737418240,5368709120,2078169804,0,253905702
19,10737418240,5368709120,2078142156,0,234301797
19,10737418240,5368709120,2078219772,0,235312427
19,10737418240,5368709120,2078164764,0,233333037
19,10737418240,5368709120,2078205428,0,231856273
1,10737418240,5368709120,20242966456,4732699192,17723793668
1,10737418240,5368709120,20242966456,4732699192,17771291811
1,10737418240,5368709120,20242966456,4732699192,17633950003
1,10737418240,5368709120,20242966456,4732699192,17716273014
1,10737418240,5368709120,20242966456,4732699192,17727528684
1,10737418240,1073741824,24975659024,6528,17482907858
20,10737418240,5368709120,3807060626,0,779106683
20,10737418240,5368709120,3807060626,0,768131017
20,10737418240,5368709120,3807060626,0,775694789
20,10737418240,5368709120,3807060626,0,807365733
20,10737418240,5368709120,3807060626,0,770172597
21,10737418240,5368709120,24944979462,0,4990407750
21,10737418240,5368709120,24944979462,0,4983485058
21,10737418240,5368709120,24944979462,0,5029686031
21,10737418240,5368709120,24944979462,0,4968779154
21,10737418240,5368709120,24944979462,0,4970680981
1,10737418240,1073741824,24975659024,6528,17550147532
22,10737418240,5368709120,3952082146,0,549429443
22,10737418240,5368709120,3952082146,0,535533566
22,10737418240,5368709120,3952082146,0,536022912
22,10737418240,5368709120,3952082146,0,534249020
22,10737418240,5368709120,3952082146,0,534615436
2,10737418240,5368709120,1114282626,0,85048273
2,10737418240,5368709120,1114262954,0,84963494
2,10737418240,5368709120,1114282434,0,79024234
2,10737418240,5368709120,1114262954,0,92459047
2,10737418240,5368709120,1114263146,0,88127731
1,10737418240,1073741824,24975659024,6528,17582907348
3,10737418240,5368709120,11829838460,0,1646746874
3,10737418240,5368709120,11829838460,0,1674361074
3,10737418240,5368709120,11829838460,0,1648723627
3,10737418240,5368709120,11829838460,0,1664769474
3,10737418240,5368709120,11829838460,0,1653137224
4,10737418240,5368709120,11750982056,0,1343320504
4,10737418240,5368709120,11750982056,0,1330497224
4,10737418240,5368709120,11750982056,0,1321342908
4,10737418240,5368709120,11750982056,0,1312237291
4,10737418240,5368709120,11750982056,0,1314398600
1,10737418240,1073741824,24975659024,6528,17613811855
10,10737418240,1073741824,9124385008,0,1820516723
5,10737418240,5368709120,16083043104,0,1980262047
5,10737418240,5368709120,16083043104,0,1945209133
5,10737418240,5368709120,16083043104,0,1974697367
5,10737418240,5368709120,16083043104,0,1967663849
5,10737418240,5368709120,16083043104,0,1948039870
6,10737418240,5368709120,1320628080,0,245181554
6,10737418240,5368709120,1320628080,0,237146755
6,10737418240,5368709120,1320628080,0,239320293
6,10737418240,5368709120,1320628080,0,250373831
6,10737418240,5368709120,1320628080,0,238444261
20,10737418240,1073741824,3807060626,0,1046182696
7,10737418240,5368709120,11135969600,0,1031654068
7,10737418240,5368709120,11135969600,0,935318869
7,10737418240,5368709120,11135969600,0,980036468
7,10737418240,5368709120,11135969600,0,996932268
7,10737418240,5368709120,11135969600,0,951390958
8,10737418240,5368709120,9592032951,0,594605544
8,10737418240,5368709120,9592032951,0,581244579
8,10737418240,5368709120,9592032951,0,590938691
8,10737418240,5368709120,9592032951,0,629175567
8,10737418240,5368709120,9592032951,0,571974402
20,10737418240,1073741824,3807060626,0,1032530651
9,10737418240,5368709120,26417320344,0,6974903678
9,10737418240,5368709120,26417320344,0,6917253611
9,10737418240,5368709120,26417320344,0,6975709547
9,10737418240,5368709120,26417320344,0,7041634688
9,10737418240,5368709120,26417320344,0,6928424749
10,13421772800,1342177280,9124385008,0,1739845867
10,13421772800,1342177280,9124385008,0,1792292872
10,13421772800,1342177280,9124385008,0,1844529908
10,13421772800,1342177280,9124385008,0,1761502152
10,13421772800,1342177280,9124385008,0,1775895708
20,10737418240,1073741824,3807060626,0,1029927331
11,13421772800,1342177280,1285878476,0,146170995
11,13421772800,1342177280,1285878476,0,144252064
11,13421772800,1342177280,1285878476,0,133187256
11,13421772800,1342177280,1285878476,0,144053547
11,13421772800,1342177280,1285878476,0,137370034
12,13421772800,1342177280,6845090004,0,2108508726
12,13421772800,1342177280,6845090004,0,2080697645
12,13421772800,1342177280,6845090004,0,2068476558
12,13421772800,1342177280,6845090004,0,2082134762
12,13421772800,1342177280,6845090004,0,2076106573
20,10737418240,1073741824,3807060626,0,1047278239
13,13421772800,1342177280,16703466210,0,9389614983
13,13421772800,1342177280,16703466210,0,9607221493
13,13421772800,1342177280,16703466210,0,9569814434
13,13421772800,1342177280,16703466210,0,9619552763
13,13421772800,1342177280,16703466210,0,9616120593
14,13421772800,1342177280,2176131663,0,2179731519
14,13421772800,1342177280,2176131663,0,2311004730
14,13421772800,1342177280,2176131663,0,2240546724
14,13421772800,1342177280,2176131663,0,2215283067
14,13421772800,1342177280,2176131663,0,2277556686
20,10737418240,1073741824,3807060626,0,1027575960
16,13421772800,1342177280,4026449962,0,1643570766
16,13421772800,1342177280,4026449962,0,1612052470
16,13421772800,1342177280,4026449962,0,1625461297
16,13421772800,1342177280,4026449962,0,1622246489
16,13421772800,1342177280,4026449962,0,1635449938
17,13421772800,1342177280,6858916548,0,388705835
17,13421772800,1342177280,6859052564,0,388809784
17,13421772800,1342177280,6858899524,0,385234620
17,13421772800,1342177280,6859052564,0,387235180
17,13421772800,1342177280,6858915524,0,384556896
21,10737418240,1073741824,24944979462,0,5827145976
18,13421772800,1342177280,23208815980,0,4355290090
18,13421772800,1342177280,23208834436,0,4354303112
18,13421772800,1342177280,23208817996,0,4346409963
18,13421772800,1342177280,23208816844,0,4353270306
18,13421772800,1342177280,23208834724,0,4340775793
19,13421772800,1342177280,2078089948,0,291275910
19,13421772800,1342177280,2078077500,0,276300389
19,13421772800,1342177280,2078177108,0,274283029
19,13421772800,1342177280,2078211884,0,274388258
19,13421772800,1342177280,2078118364,0,270254300
21,10737418240,1073741824,24944979462,0,5966696369
1,13421772800,1342177280,24975659024,6528,17508412692
1,13421772800,1342177280,24975659024,6528,17533240812
1,13421772800,1342177280,24975659024,6528,17507126488
1,13421772800,1342177280,24975659024,6528,17503950644
1,13421772800,1342177280,24975659024,6528,17388516097
20,13421772800,1342177280,3807060626,0,1030810033
20,13421772800,1342177280,3807060626,0,1045381928
20,13421772800,1342177280,3807060626,0,1012565165
20,13421772800,1342177280,3807060626,0,1014662004
20,13421772800,1342177280,3807060626,0,1036445347
21,10737418240,1073741824,24944979462,0,5821664719
21,13421772800,1342177280,24944979462,0,5922671945
21,13421772800,1342177280,24944979462,0,5875799674
21,13421772800,1342177280,24944979462,0,5807735151
21,13421772800,1342177280,24944979462,0,5910298505
21,13421772800,1342177280,24944979462,0,5926770873
22,13421772800,1342177280,3952082146,0,546592320
22,13421772800,1342177280,3952082146,0,540930417
22,13421772800,1342177280,3952082146,0,532578910
22,13421772800,1342177280,3952082146,0,531394522
22,13421772800,1342177280,3952082146,0,542072785
21,10737418240,1073741824,24944979462,0,5919870289
2,13421772800,1342177280,1114271146,0,83451892
2,13421772800,1342177280,1114263146,0,86362562
2,13421772800,1342177280,1114263146,0,82373182
2,13421772800,1342177280,1114262954,0,93517681
2,13421772800,1342177280,1114282626,0,87070815
3,13421772800,1342177280,11829838460,0,1858734175
3,13421772800,1342177280,11829838460,0,1849080358
3,13421772800,1342177280,11829838460,0,1858681921
3,13421772800,1342177280,11829838460,0,1842999976
3,13421772800,1342177280,11829838460,0,1933337005
21,10737418240,1073741824,24944979462,0,5836887034
11,10737418240,1073741824,1285878476,0,149597745
4,13421772800,1342177280,11750982056,0,1444677141
4,13421772800,1342177280,11750982056,0,1434051312
4,13421772800,1342177280,11750982056,0,1421215955
4,13421772800,1342177280,11750982056,0,1428550001
4,13421772800,1342177280,11750982056,0,1430844138
5,13421772800,1342177280,16083043104,0,2440677045
5,13421772800,1342177280,16083043104,0,2271126138
5,13421772800,1342177280,16083043104,0,2327776440
5,13421772800,1342177280,16083043104,0,2399091782
5,13421772800,1342177280,16083043104,0,2348028129
22,10737418240,1073741824,3952082146,0,556434373
6,13421772800,1342177280,1320628080,0,267617181
6,13421772800,1342177280,1320628080,0,263401765
6,13421772800,1342177280,1320628080,0,260845830
6,13421772800,1342177280,1320628080,0,263441785
6,13421772800,1342177280,1320628080,0,260352086
7,13421772800,1342177280,11135969600,0,1246702212
7,13421772800,1342177280,11135969600,0,1236297709
7,13421772800,1342177280,11135969600,0,1207321096
7,13421772800,1342177280,11135969600,0,1272576220
7,13421772800,1342177280,11135969600,0,1200200529
22,10737418240,1073741824,3952082146,0,530537541
8,13421772800,1342177280,9592032951,0,816360125
8,13421772800,1342177280,9592032951,0,732446740
8,13421772800,1342177280,9592032951,0,754297288
8,13421772800,1342177280,9592032951,0,753515066
8,13421772800,1342177280,9592032951,0,726320073
9,13421772800,1342177280,26417320344,0,8892621307
9,13421772800,1342177280,26417320344,0,9447450884
9,13421772800,1342177280,26417320344,0,8975004917
9,13421772800,1342177280,26417320344,0,9131238823
9,13421772800,1342177280,26417320344,0,9605514202
22,10737418240,1073741824,3952082146,0,534731419
10,13421772800,2684354560,9124385008,0,1693773853
10,13421772800,2684354560,9124385008,0,1730530031
10,13421772800,2684354560,9124385008,0,1703942442
10,13421772800,2684354560,9124385008,0,1741780259
10,13421772800,2684354560,9124385008,0,1703956923
11,13421772800,2684354560,1285878476,0,150458438
11,13421772800,2684354560,1285878476,0,148072643
11,13421772800,2684354560,1285878476,0,157659176
11,13421772800,2684354560,1285878476,0,150298460
11,13421772800,2684354560,1285878476,0,143442379
22,10737418240,1073741824,3952082146,0,542749808
12,13421772800,2684354560,6845090004,0,1629320866
12,13421772800,2684354560,6845090004,0,1605210570
12,13421772800,2684354560,6845090004,0,1606003983
12,13421772800,2684354560,6845090004,0,1600335650
12,13421772800,2684354560,6845090004,0,1617756326
13,13421772800,2684354560,16703466210,0,9363228744
13,13421772800,2684354560,16703466210,0,9369990778
13,13421772800,2684354560,16703466210,0,9581452328
13,13421772800,2684354560,16703466210,0,9619478657
13,13421772800,2684354560,16703466210,0,9467524400
22,10737418240,1073741824,3952082146,0,535958700
14,13421772800,2684354560,2176131663,0,2241061528
14,13421772800,2684354560,2176131663,0,2227134349
14,13421772800,2684354560,2176131663,0,2236215419
14,13421772800,2684354560,2176131663,0,2349737698
14,13421772800,2684354560,2176131663,0,2193333723
16,13421772800,2684354560,4026449962,0,1635378762
16,13421772800,2684354560,4026449962,0,1612246375
16,13421772800,2684354560,4026449962,0,1601790950
16,13421772800,2684354560,4026449962,0,1588771272
16,13421772800,2684354560,4026449962,0,1618753690
2,10737418240,1073741824,1114262954,0,83114337
17,13421772800,2684354560,6858915524,0,280068937
17,13421772800,2684354560,6858900548,0,255739661
17,13421772800,2684354560,6858917796,0,263456064
17,13421772800,2684354560,6858916548,0,259250456
17,13421772800,2684354560,6858915524,0,257747822
18,13421772800,2684354560,23208816700,0,4366321267
18,13421772800,2684354560,23208815548,0,4329471019
18,13421772800,2684354560,23208816556,0,4349230364
18,13421772800,2684354560,23208832996,0,4343112009
18,13421772800,2684354560,23208833716,0,4334503988
2,10737418240,1073741824,1114271146,0,82539921
19,13421772800,2684354560,2078154796,0,245184122
19,13421772800,2684354560,2078178468,0,236365690
19,13421772800,2684354560,2078136148,0,237166732
19,13421772800,2684354560,2078170732,0,235481579
19,13421772800,2684354560,2078100340,0,238138223
1,13421772800,2684354560,24975659024,6528,17488873524
1,13421772800,2684354560,24975659024,6528,17478877901
1,13421772800,2684354560,24975659024,6528,17527539170
1,13421772800,2684354560,24975659024,6528,17447988732
1,13421772800,2684354560,24975659024,6528,17592008475
2,10737418240,1073741824,1114437322,0,84188629
20,13421772800,2684354560,3807060626,0,952432102
20,13421772800,2684354560,3807060626,0,948093605
20,13421772800,2684354560,3807060626,0,954492312
20,13421772800,2684354560,3807060626,0,942735239
20,13421772800,2684354560,3807060626,0,976916147
21,13421772800,2684354560,24944979462,0,5594131884
21,13421772800,2684354560,24944979462,0,5515635462
21,13421772800,2684354560,24944979462,0,5494872372
21,13421772800,2684354560,24944979462,0,5628144383
21,13421772800,2684354560,24944979462,0,5562255494
2,10737418240,1073741824,1114262954,0,94604700
22,13421772800,2684354560,3952082146,0,552181042
22,13421772800,2684354560,3952082146,0,537902344
22,13421772800,2684354560,3952082146,0,541818985
22,13421772800,2684354560,3952082146,0,544315991
22,13421772800,2684354560,3952082146,0,538783116
2,13421772800,2684354560,1114262954,0,79410637
2,13421772800,2684354560,1114282626,0,75862153
2,13421772800,2684354560,1114262954,0,82492426
2,13421772800,2684354560,1114290818,0,83885112
2,13421772800,2684354560,1114282626,0,85791293
2,10737418240,1073741824,1114271146,0,98089893
11,10737418240,1073741824,1285878476,0,144669425
3,13421772800,2684354560,11829838460,0,1773491679
3,13421772800,2684354560,11829838460,0,1764062814
3,13421772800,2684354560,11829838460,0,1760016094
3,13421772800,2684354560,11829838460,0,1747187333
3,13421772800,2684354560,11829838460,0,1880112385
4,13421772800,2684354560,11750982056,0,1412549608
4,13421772800,2684354560,11750982056,0,1383158052
4,13421772800,2684354560,11750982056,0,1393730847
4,13421772800,2684354560,11750982056,0,1393791666
4,13421772800,2684354560,11750982056,0,1389078523
3,10737418240,1073741824,11829838460,0,2072559315
5,13421772800,2684354560,16083043104,0,2130789284
5,13421772800,2684354560,16083043104,0,2231150852
5,13421772800,2684354560,16083043104,0,2108886603
5,13421772800,2684354560,16083043104,0,2093180890
5,13421772800,2684354560,16083043104,0,2147552847
6,13421772800,2684354560,1320628080,0,260560511
6,13421772800,2684354560,1320628080,0,249057175
6,13421772800,2684354560,1320628080,0,248256593
6,13421772800,2684354560,1320628080,0,248506721
6,13421772800,2684354560,1320628080,0,247819208
3,10737418240,1073741824,11829838460,0,2012578032
7,13421772800,2684354560,11135969600,0,1191294516
7,13421772800,2684354560,11135969600,0,1136872799
7,13421772800,2684354560,11135969600,0,1184395935
7,13421772800,2684354560,11135969600,0,1143537023
7,13421772800,2684354560,11135969600,0,1157433104
8,13421772800,2684354560,9592032951,0,706029589
8,13421772800,2684354560,9592032951,0,690616252
8,13421772800,2684354560,9592032951,0,706365075
8,13421772800,2684354560,9592032951,0,710825231
8,13421772800,2684354560,9592032951,0,675536233
3,10737418240,1073741824,11829838460,0,1993470956
9,13421772800,2684354560,26417320344,0,8374142797
9,13421772800,2684354560,26417320344,0,8457097762
9,13421772800,2684354560,26417320344,0,9230995429
9,13421772800,2684354560,26417320344,0,8331806537
9,13421772800,2684354560,26417320344,0,9353566862
10,13421772800,4026531840,9124385008,0,1691531987
10,13421772800,4026531840,9124385008,0,1678354109
10,13421772800,4026531840,9124385008,0,1669395218
10,13421772800,4026531840,9124385008,0,1704824615
10,13421772800,4026531840,9124385008,0,1668598697
3,10737418240,1073741824,11829838460,0,2046690230
11,13421772800,4026531840,1285878476,0,152557379
11,13421772800,4026531840,1285878476,0,147627008
11,13421772800,4026531840,1285878476,0,147711857
11,13421772800,4026531840,1285878476,0,143555479
11,13421772800,4026531840,1285878476,0,144619369
12,13421772800,4026531840,6845090004,0,1783292688
12,13421772800,4026531840,6845090004,0,1737748631
12,13421772800,4026531840,6845090004,0,1744486965
12,13421772800,4026531840,6845090004,0,1724798441
12,13421772800,4026531840,6845090004,0,1756940651
3,10737418240,1073741824,11829838460,0,2006790325
13,13421772800,4026531840,16703466210,0,9342198687
13,13421772800,4026531840,16703466210,0,9454583400
13,13421772800,4026531840,16703466210,0,9597613376
13,13421772800,4026531840,16703466210,0,9351380872
13,13421772800,4026531840,16703466210,0,9404564414
14,13421772800,4026531840,2176131663,0,2200551846
14,13421772800,4026531840,2176131663,0,2262450110
14,13421772800,4026531840,2176131663,0,2205052182
14,13421772800,4026531840,2176131663,0,2210044312
14,13421772800,4026531840,2176131663,0,2150320467
4,10737418240,1073741824,11750982056,0,1450923106
16,13421772800,4026531840,4026449962,0,1657550448
16,13421772800,4026531840,4026449962,0,1604766723
16,13421772800,4026531840,4026449962,0,1613034761
16,13421772800,4026531840,4026449962,0,1626875933
16,13421772800,4026531840,4026449962,0,1606114180
17,13421772800,4026531840,6858932772,0,277055980
17,13421772800,4026531840,6858916548,0,248930761
17,13421772800,4026531840,6858899524,0,255895801
17,13421772800,4026531840,6858915524,0,251078619
17,13421772800,4026531840,6858932772,0,253060830
4,10737418240,1073741824,11750982056,0,1416316940
18,13421772800,4026531840,23208832132,0,4368479842
18,13421772800,4026531840,23208834436,0,4350767780
18,13421772800,4026531840,23208832996,0,4363479548
18,13421772800,4026531840,23208816124,0,4335634481
18,13421772800,4026531840,23208835156,0,4341764146
19,13421772800,4026531840,2078072268,0,262442671
19,13421772800,4026531840,2078152828,0,238738021
19,13421772800,4026531840,2078114980,0,232961041
19,13421772800,4026531840,2078104980,0,231077930
19,13421772800,4026531840,2078139116,0,229794193
4,10737418240,1073741824,11750982056,0,1421513481
1,13421772800,4026531840,24975659024,6528,17461347378
1,13421772800,4026531840,24975659024,6528,17410352745
1,13421772800,4026531840,24975659024,6528,17364472038
1,13421772800,4026531840,24975659024,6528,17408469506
1,13421772800,4026531840,24975659024,6528,17482433637
20,13421772800,4026531840,3807060626,0,825387460
20,13421772800,4026531840,3807060626,0,823200922
20,13421772800,4026531840,3807060626,0,831637807
20,13421772800,4026531840,3807060626,0,831398370
20,13421772800,4026531840,3807060626,0,825305902
4,10737418240,1073741824,11750982056,0,1433072021
21,13421772800,4026531840,24944979462,0,5541996549
21,13421772800,4026531840,24944979462,0,5396828493
21,13421772800,4026531840,24944979462,0,5491590411
21,13421772800,4026531840,24944979462,0,5424979712
21,13421772800,4026531840,24944979462,0,5561466961
22,13421772800,4026531840,3952082146,0,542274990
22,13421772800,4026531840,3952082146,0,544120301
22,13421772800,4026531840,3952082146,0,533363140
22,13421772800,4026531840,3952082146,0,530771426
22,13421772800,4026531840,3952082146,0,535359480
4,10737418240,1073741824,11750982056,0,1422669765
11,10737418240,1073741824,1285878476,0,140445239
2,13421772800,4026531840,1114310490,0,92036222
2,13421772800,4026531840,1114282434,0,88817465
2,13421772800,4026531840,1114282434,0,85751676
2,13421772800,4026531840,1114302106,0,89793135
2,13421772800,4026531840,1114279338,0,89580088
3,13421772800,4026531840,11829838460,0,1724329147
3,13421772800,4026531840,11829838460,0,1660507480
3,13421772800,4026531840,11829838460,0,1663255082
3,13421772800,4026531840,11829838460,0,1713598366
3,13421772800,4026531840,11829838460,0,1665773318
5,10737418240,1073741824,16083043104,0,2268613237
4,13421772800,4026531840,11750982056,0,1372692210
4,13421772800,4026531840,11750982056,0,1323385716
4,13421772800,4026531840,11750982056,0,1321361286
4,13421772800,4026531840,11750982056,0,1316836193
4,13421772800,4026531840,11750982056,0,1321373497
6,13421772800,4026531840,1320628080,0,244507032
6,13421772800,4026531840,1320628080,0,240690870
6,13421772800,4026531840,1320628080,0,241327174
6,13421772800,4026531840,1320628080,0,237600371
6,13421772800,4026531840,1320628080,0,237528132
5,10737418240,1073741824,16083043104,0,2280561178
7,13421772800,4026531840,11135969600,0,991678256
7,13421772800,4026531840,11135969600,0,979363950
7,13421772800,4026531840,11135969600,0,968148983
7,13421772800,4026531840,11135969600,0,968331431
7,13421772800,4026531840,11135969600,0,950815168
8,13421772800,4026531840,9592032951,0,604479710
8,13421772800,4026531840,9592032951,0,587062655
8,13421772800,4026531840,9592032951,0,584494111
8,13421772800,4026531840,9592032951,0,584543670
8,13421772800,4026531840,9592032951,0,583716619
5,10737418240,1073741824,16083043104,0,2346909930
9,13421772800,4026531840,26417320344,0,7633485615
9,13421772800,4026531840,26417320344,0,7826014269
9,13421772800,4026531840,26417320344,0,8370046167
9,13421772800,4026531840,26417320344,0,7862128020
9,13421772800,4026531840,26417320344,0,7908284933
10,13421772800,5368709120,9124385008,0,1665173323
10,13421772800,5368709120,9124385008,0,1649048505
10,13421772800,5368709120,9124385008,0,1673824386
10,13421772800,5368709120,9124385008,0,1671186123
10,13421772800,5368709120,9124385008,0,1687125214
5,10737418240,1073741824,16083043104,0,2420859902
11,13421772800,5368709120,1285878476,0,161974937
11,13421772800,5368709120,1285878476,0,157744329
11,13421772800,5368709120,1285878476,0,141337183
11,13421772800,5368709120,1285878476,0,153661130
11,13421772800,5368709120,1285878476,0,149028166
12,13421772800,5368709120,6845090004,0,1445225570
12,13421772800,5368709120,6845090004,0,1430178431
12,13421772800,5368709120,6845090004,0,1416100112
12,13421772800,5368709120,6845090004,0,1435139442
12,13421772800,5368709120,6845090004,0,1418203482
5,10737418240,1073741824,16083043104,0,2322706875
13,13421772800,5368709120,16703466210,0,9462252064
13,13421772800,5368709120,16703466210,0,9368049523
13,13421772800,5368709120,16703466210,0,9436692831
13,13421772800,5368709120,16703466210,0,9583741335
13,13421772800,5368709120,16703466210,0,9412809721
14,13421772800,5368709120,2176131663,0,2116700743
14,13421772800,5368709120,2176131663,0,2293353524
14,13421772800,5368709120,2176131663,0,2161847912
14,13421772800,5368709120,2176131663,0,2287929759
14,13421772800,5368709120,2176131663,0,2142121539
6,10737418240,1073741824,1320628080,0,262249468
16,13421772800,5368709120,4026449962,0,1631315196
16,13421772800,5368709120,4026449962,0,1626382855
16,13421772800,5368709120,4026449962,0,1600492874
16,13421772800,5368709120,4026449962,0,1635292296
16,13421772800,5368709120,4026449962,0,1607953011
17,13421772800,5368709120,6858916772,0,273792531
17,13421772800,5368709120,6858916772,0,251425745
17,13421772800,5368709120,6858915524,0,255813491
17,13421772800,5368709120,6858915524,0,250130708
17,13421772800,5368709120,6858915524,0,247220547
6,10737418240,1073741824,1320628080,0,263541881
18,13421772800,5368709120,23208818860,0,4351447206
18,13421772800,5368709120,23208816700,0,4348120810
18,13421772800,5368709120,23208834148,0,4326982443
18,13421772800,5368709120,23208817564,0,4355869184
18,13421772800,5368709120,23208835876,0,4348229831
19,13421772800,5368709120,2078126132,0,251530144
19,13421772800,5368709120,2078079604,0,233844961
19,13421772800,5368709120,2078121084,0,232126009
19,13421772800,5368709120,2078191988,0,229718833
19,13421772800,5368709120,2078134892,0,231990550
6,10737418240,1073741824,1320628080,0,258888916
1,13421772800,5368709120,20242966456,4732699192,17758285428
1,13421772800,5368709120,20242966456,4732699192,17652466156
1,13421772800,5368709120,20242966456,4732699192,17694538896
1,13421772800,5368709120,20242966456,4732699192,17668142069
1,13421772800,5368709120,20242966456,4732699192,17749227928
20,13421772800,5368709120,3807060626,0,765904646
20,13421772800,5368709120,3807060626,0,760789227
20,13421772800,5368709120,3807060626,0,786345142
20,13421772800,5368709120,3807060626,0,769294042
20,13421772800,5368709120,3807060626,0,763375901
6,10737418240,1073741824,1320628080,0,258773798
21,13421772800,5368709120,24944979462,0,5006984736
21,13421772800,5368709120,24944979462,0,4988252364
21,13421772800,5368709120,24944979462,0,5003443283
21,13421772800,5368709120,24944979462,0,4975097277
21,13421772800,5368709120,24944979462,0,5029669002
22,13421772800,5368709120,3952082146,0,552662908
22,13421772800,5368709120,3952082146,0,534698598
22,13421772800,5368709120,3952082146,0,539246532
22,13421772800,5368709120,3952082146,0,534963355
22,13421772800,5368709120,3952082146,0,532928775
6,10737418240,1073741824,1320628080,0,258301528
11,10737418240,1073741824,1285878476,0,146839837
2,13421772800,5368709120,1114417842,0,76083430
2,13421772800,5368709120,1114271146,0,76804983
2,13421772800,5368709120,1114263146,0,73274818
2,13421772800,5368709120,1114282626,0,84729024
2,13421772800,5368709120,1114271146,0,77987191
3,13421772800,5368709120,11829838460,0,1700011708
3,13421772800,5368709120,11829838460,0,1641264295
3,13421772800,5368709120,11829838460,0,1640970108
3,13421772800,5368709120,11829838460,0,1654592562
3,13421772800,5368709120,11829838460,0,1639241665
7,10737418240,1073741824,11135969600,0,1329687413
4,13421772800,5368709120,11750982056,0,1359531880
4,13421772800,5368709120,11750982056,0,1318982326
4,13421772800,5368709120,11750982056,0,1317924995
4,13421772800,5368709120,11750982056,0,1322634289
4,13421772800,5368709120,11750982056,0,1315412980
5,13421772800,5368709120,16083043104,0,1960362990
5,13421772800,5368709120,16083043104,0,1948829346
5,13421772800,5368709120,16083043104,0,1965821687
5,13421772800,5368709120,16083043104,0,1959188752
5,13421772800,5368709120,16083043104,0,1955450170
7,10737418240,1073741824,11135969600,0,1224957716
6,13421772800,5368709120,1320628080,0,243478508
6,13421772800,5368709120,1320628080,0,239721916
6,13421772800,5368709120,1320628080,0,244423648
6,13421772800,5368709120,1320628080,0,240889414
6,13421772800,5368709120,1320628080,0,236660057
7,13421772800,5368709120,11135969600,0,958723366
7,13421772800,5368709120,11135969600,0,948181890
7,13421772800,5368709120,11135969600,0,945609797
7,13421772800,5368709120,11135969600,0,936335590
7,13421772800,5368709120,11135969600,0,919846754
7,10737418240,1073741824,11135969600,0,1324127607
8,13421772800,5368709120,9592032951,0,606707151
8,13421772800,5368709120,9592032951,0,577916969
8,13421772800,5368709120,9592032951,0,587941118
8,13421772800,5368709120,9592032951,0,589607152
8,13421772800,5368709120,9592032951,0,580123777
9,13421772800,5368709120,26417320344,0,8204748410
9,13421772800,5368709120,26417320344,0,7378345323
9,13421772800,5368709120,26417320344,0,7000309909
9,13421772800,5368709120,26417320344,0,7092565838
9,13421772800,5368709120,26417320344,0,6997526688
7,10737418240,1073741824,11135969600,0,1264264336
10,13421772800,6710886400,9124385008,0,1668219953
10,13421772800,6710886400,9124385008,0,1680661139
10,13421772800,6710886400,9124385008,0,1677792747
10,13421772800,6710886400,9124385008,0,1669884166
10,13421772800,6710886400,9124385008,0,1674846167
11,13421772800,6710886400,1285878476,0,146890227
11,13421772800,6710886400,1285878476,0,147594069
11,13421772800,6710886400,1285878476,0,136657661
11,13421772800,6710886400,1285878476,0,133932689
11,13421772800,6710886400,1285878476,0,151180603
7,10737418240,1073741824,11135969600,0,1382711537
12,13421772800,6710886400,6845090004,0,1453724147
12,13421772800,6710886400,6845090004,0,1412285682
12,13421772800,6710886400,6845090004,0,1431002411
12,13421772800,6710886400,6845090004,0,1418211813
12,13421772800,6710886400,6845090004,0,1411906598
13,13421772800,6710886400,16703466210,0,9384247879
13,13421772800,6710886400,16703466210,0,9357620191
13,13421772800,6710886400,16703466210,0,9548864651
13,13421772800,6710886400,16703466210,0,9376922712
13,13421772800,6710886400,16703466210,0,9574713976
8,10737418240,1073741824,9592032951,0,743170487
14,13421772800,6710886400,2176131663,0,2180831692
14,13421772800,6710886400,2176131663,0,2196214647
14,13421772800,6710886400,2176131663,0,2202799732
14,13421772800,6710886400,2176131663,0,2207934891
14,13421772800,6710886400,2176131663,0,2181109315
16,13421772800,6710886400,4026449962,0,1633898759
16,13421772800,6710886400,4026449962,0,1617177079
16,13421772800,6710886400,4026449962,0,1622663024
16,13421772800,6710886400,4026449962,0,1603899045
16,13421772800,6710886400,4026449962,0,1618929394
8,10737418240,1073741824,9592032951,0,734808039
17,13421772800,6710886400,6859052564,0,276431916
17,13421772800,6710886400,6858899524,0,255729907
17,13421772800,6710886400,6858915524,0,253528099
17,13421772800,6710886400,6858915524,0,253075194
17,13421772800,6710886400,6858915524,0,253975984
18,13421772800,6710886400,23208832852,0,4336593026
18,13421772800,6710886400,23208836596,0,4350070474
18,13421772800,6710886400,23208836020,0,4342781982
18,13421772800,6710886400,23208816844,0,4347884354
18,13421772800,6710886400,23208836020,0,4352215483
8,10737418240,1073741824,9592032951,0,783989886
19,13421772800,6710886400,2078157956,0,253725383
19,13421772800,6710886400,2078134540,0,233964563
19,13421772800,6710886400,2078103764,0,241556266
19,13421772800,6710886400,2078108836,0,241766573
19,13421772800,6710886400,2078080780,0,232704585
1,13421772800,6710886400,20242966456,4732699192,17669904522
1,13421772800,6710886400,20242966456,4732699192,17667322980
1,13421772800,6710886400,20242966456,4732699192,17725127427
1,13421772800,6710886400,20242966456,4732699192,17730188204
1,13421772800,6710886400,20242966456,4732699192,17644444426
8,10737418240,1073741824,9592032951,0,718360939
20,13421772800,6710886400,3807060626,0,718872117
20,13421772800,6710886400,3807060626,0,723003295
20,13421772800,6710886400,3807060626,0,719432891
20,13421772800,6710886400,3807060626,0,714911547
20,13421772800,6710886400,3807060626,0,697963788
21,13421772800,6710886400,24944979462,0,4973277481
21,13421772800,6710886400,24944979462,0,4971102696
21,13421772800,6710886400,24944979462,0,4987768961
21,13421772800,6710886400,24944979462,0,4972792545
21,13421772800,6710886400,24944979462,0,5021430307
8,10737418240,1073741824,9592032951,0,759122185
11,10737418240,1073741824,1285878476,0,147702501
