Number of CPUs: 48
Node #0 - Number of Node CPUs: 48, CPUIDs: [0, 1, 2, 3, 4, 5, 6, 7, 8, 9, 10, 11, 12, 13, 14, 15, 16, 17, 18, 19, 20, 21, 22, 23, 24, 25, 26, 27, 28, 29, 30, 31, 32, 33, 34, 35, 36, 37, 38, 39, 40, 41, 42, 43, 44, 45, 46, 47]

Executing script file: /home/umeshsum/hyrise_pmr/myscripts/mapping/sf50_e2e_ideal_heap.sql
[32m(release)[0m> setting print off
Print output turned off
Worker 0 pinned to CPU 0on node [32m(release)[0m> setting binary_caching on
0
Binary caching turned on
[32m(release)[0m> setting workers 16
Number of CPUs: 48
Node #0 - Number of Node CPUs: 48, CPUIDs: [0, 1, 2, 3, 4, 5, 6, 7, 8, 9, 10, 11, 12, 13, 14, 15, 16, 17, 18, 19, 20, 21, 22, 23, 24, 25, 26, 27, 28, 29, 30, 31, 32, 33, 34, 35, 36, 37, 38, 39, 40, 41, 42, 43, 44, 45, 46, 47]

Worker 0 pinned to CPU 0on node 0
Worker 2 pinned to CPU 2on node 0
Worker 1 pinned to CPU 1on node 0
Worker 3 pinned to CPU 3on node 0
Worker 9 pinned to CPU 9on node 0
Worker 5 pinned to CPU 5on node Scheduler set to use 16 workers
0
[32m(release)[0m> generate_tpch 50
Worker Worker 12 pinned to CPU 12on node 14 pinned to CPU 14on node Worker Generating all TPCH tables (this might take a while) ...
15 pinned to CPU 15on node 0
0
0
Worker 10 pinned to CPU 10on node Worker 4 pinned to CPU 4on node 0
Worker 6 pinned to CPU 6on node Worker 13 pinned to CPU 13on node Worker 11 pinned to CPU 11on node 0
Worker 7 pinned to CPU 7on node 0
Worker 8 pinned to CPU 8on node 0
0
0
0
Number of CPUs: 48
Node #0 - Number of Node CPUs: 48, CPUIDs: [0, 1, 2, 3, 4, 5, 6, 7, 8, 9, 10, 11, 12, 13, 14, 15, 16, 17, 18, 19, 20, 21, 22, 23, 24, 25, 26, 27, 28, 29, 30, 31, 32, 33, 34, 35, 36, 37, 38, 39, 40, 41, 42, 43, 44, 45, 46, 47]

Worker 3 pinned to CPU 3on node 0
Worker 0 pinned to CPU 0on node 0
Worker 2 pinned to CPU 2on node Worker 1 pinned to CPU 1on node 0
0
Worker 4 pinned to CPU 4on node 0
Worker 6 pinned to CPU 6on node Worker 5 pinned to CPU 05on node 
0
Worker 7 pinned to CPU 7on node 0
Worker 8 pinned to CPU 8on node Worker 9 pinned to CPU 9on node 0
0
- Loading/Generating tables
Worker 10 pinned to CPU 10on node 0
Worker 13 pinned to CPU 13on node 0
Worker 11Worker  pinned to CPU 1114on node  pinned to CPU 14on node 0
0
Worker 12 pinned to CPU 12on node 0
-  Loaded table 'nation' from cached binary "tpch_cached_tables/sf-50.000000/nation.bin" (185 µs 508 ns)
Worker 15 pinned to CPU 15on node -  Loaded table 'region' from cached binary "tpch_cached_tables/sf-50.000000/region.bin" (208 µs 858 ns)
0
-  Loaded table 'supplier' from cached binary "tpch_cached_tables/sf-50.000000/supplier.bin" (158 ms 827 µs)
-  Loaded table 'part' from cached binary "tpch_cached_tables/sf-50.000000/part.bin" (1 s 348 ms)
-  Loaded table 'customer' from cached binary "tpch_cached_tables/sf-50.000000/customer.bin" (2 s 141 ms)
-  Loaded table 'partsupp' from cached binary "tpch_cached_tables/sf-50.000000/partsupp.bin" (6 s 88 ms)
-  Loaded table 'orders' from cached binary "tpch_cached_tables/sf-50.000000/orders.bin" (9 s 12 ms)
-  Loaded table 'lineitem' from cached binary "tpch_cached_tables/sf-50.000000/lineitem.bin" (25 s 529 ms)
- Loading/Generating tables done (25 s 540 ms)
- Encoding tables (if necessary) and generating pruning statistics
-  Processing 'region' - no encoding necessary (238 µs 828 ns)
-  Processing 'nation' - no encoding necessary (15 ms 499 µs)
-  Processing 'supplier' - no encoding necessary (24 ms 346 µs)
-  Processing 'customer' - no encoding necessary (109 ms 743 µs)
-  Processing 'part' - no encoding necessary (261 ms 154 µs)
-  Processing 'partsupp' - no encoding necessary (1 s 345 ms)
-  Processing 'orders' - no encoding necessary (2 s 256 ms)
-  Processing 'lineitem' - no encoding necessary (3 s 968 ms)
- Encoding tables and generating pruning statistic done (3 s 969 ms)
- Writing tables into binary files if necessary
- Writing tables into binary files done (78 µs 889 ns)
- Adding tables to StorageManager and generating table statistics
-  Added 'region' (209 µs 177 ns)
-  Added 'nation' (435 ms 53 µs)
-  Added 'supplier' (1 s 46 ms)
-  Added 'part' (17 s 21 ms)
-  Added 'customer' (23 s 19 ms)
-  Added 'partsupp' (2 min 1 s)
-  Added 'orders' (3 min 6 s)
-  Added 'lineitem' (6 min 33 s)
- Adding tables to StorageManager and generating table statistics done (6 min 33 s)
- No chunk indexes created as --chunk_indexes was not specified or set to false
- No table indexes created as --table_indexes was not specified or set to false
Number of CPUs: 48
Node #0 - Number of Node CPUs: 48, CPUIDs: [0, 1, 2, 3, 4, 5, 6, 7, 8, 9, 10, 11, 12, 13, 14, 15, 16, 17, 18, 19, 20, 21, 22, 23, 24, 25, 26, 27, 28, 29, 30, 31, 32, 33, 34, 35, 36, 37, 38, 39, 40, 41, 42, 43, 44, 45, 46, 47]

Worker 16 pinned to CPU 0on node 0
Worker 19 pinned to CPU 3on node Worker 17 pinned to CPU 1on node 0
0
Worker 20 pinned to CPU 4on node 0
Worker 21 pinned to CPU 5on node Worker 22 pinned to CPU 6on node 0
Worker 24 pinned to CPU 8on node 0
Worker 23 pinned to CPU 7on node Worker 25 pinned to CPU 9on node 0
Worker 26 pinned to CPU 10on node Worker 29 pinned to CPU 13on node 0
Worker Worker 30 pinned to CPU 14on node 27 pinned to CPU 11on node [32m(release)[0m> hsh mem_usage
Worker 28 pinned to CPU 12on node Worker 31 pinned to CPU 15on node 0
$:hsh mem_usage
------------------------------------------
Memory Usage Statistics:
0
VmSize:	160610636 kB
VmRSS:	62033172 kB
MemResourceStatus {DefaultResource,18446744073709551615,18446744073709551615,49185246585,60455899246,0,-1,N/A}
Quick Memory Usage Overview:
Used Capacity: 0, 0
------------------------------------------
[32m(release)[0m> script /home/umeshsum/hyrise_pmr/myscripts/all_cols_to_local.sql
Executing script file: /home/umeshsum/hyrise_pmr/myscripts/all_cols_to_local.sql
[32m(release)[0m> move2cxl supplier s_comment 0
0
0
0
0
0
[32m(release)[0m> move2cxl supplier s_acctbal 0
[32m(release)[0m> move2cxl orders o_orderkey 0
Worker 18 pinned to CPU 2on node 0
[32m(release)[0m> move2cxl customer c_acctbal 0
[32m(release)[0m> move2cxl nation n_regionkey 0
[32m(release)[0m> move2cxl lineitem l_comment 0
[32m(release)[0m> move2cxl nation n_name 0
[32m(release)[0m> move2cxl lineitem l_shipmode 0
[32m(release)[0m> move2cxl supplier s_phone 0
[32m(release)[0m> move2cxl nation n_nationkey 0
[32m(release)[0m> move2cxl lineitem l_shipinstruct 0
[32m(release)[0m> move2cxl part p_comment 0
[32m(release)[0m> move2cxl supplier s_nationkey 0
[32m(release)[0m> move2cxl lineitem l_receiptdate 0
[32m(release)[0m> move2cxl part p_retailprice 0
[32m(release)[0m> move2cxl supplier s_address 0
[32m(release)[0m> move2cxl lineitem l_commitdate 0
[32m(release)[0m> move2cxl part p_container 0
[32m(release)[0m> move2cxl supplier s_name 0
[32m(release)[0m> move2cxl lineitem l_shipdate 0
[32m(release)[0m> move2cxl part p_size 0
[32m(release)[0m> move2cxl supplier s_suppkey 0
[32m(release)[0m> move2cxl lineitem l_linestatus 0
[32m(release)[0m> move2cxl part p_type 0
[32m(release)[0m> move2cxl lineitem l_returnflag 0
[32m(release)[0m> move2cxl part p_brand 0
[32m(release)[0m> move2cxl lineitem l_tax 0
[32m(release)[0m> move2cxl part p_mfgr 0
[32m(release)[0m> move2cxl lineitem l_discount 0
[32m(release)[0m> move2cxl part p_name 0
[32m(release)[0m> move2cxl lineitem l_extendedprice 0
[32m(release)[0m> move2cxl part p_partkey 0
[32m(release)[0m> move2cxl nation n_comment 0
[32m(release)[0m> move2cxl customer c_custkey 0
[32m(release)[0m> move2cxl lineitem l_quantity 0
[32m(release)[0m> move2cxl customer c_name 0
[32m(release)[0m> move2cxl customer c_address 0
[32m(release)[0m> move2cxl customer c_nationkey 0
[32m(release)[0m> move2cxl customer c_phone 0
[32m(release)[0m> move2cxl customer c_mktsegment 0
[32m(release)[0m> move2cxl orders o_custkey 0
[32m(release)[0m> move2cxl customer c_comment 0
[32m(release)[0m> move2cxl orders o_orderstatus 0
[32m(release)[0m> move2cxl lineitem l_orderkey 0
[32m(release)[0m> move2cxl lineitem l_partkey 0
[32m(release)[0m> move2cxl lineitem l_suppkey 0
[32m(release)[0m> move2cxl lineitem l_linenumber 0
[32m(release)[0m> move2cxl orders o_totalprice 0
[32m(release)[0m> move2cxl orders o_orderdate 0
[32m(release)[0m> move2cxl orders o_orderpriority 0
[32m(release)[0m> move2cxl region r_regionkey 0
[32m(release)[0m> move2cxl orders o_clerk 0
[32m(release)[0m> move2cxl region r_name 0
[32m(release)[0m> move2cxl orders o_shippriority 0
[32m(release)[0m> move2cxl region r_comment 0
[32m(release)[0m> move2cxl orders o_comment 0
[32m(release)[0m> move2cxl partsupp ps_partkey 0
[32m(release)[0m> move2cxl partsupp ps_suppkey 0
[32m(release)[0m> move2cxl partsupp ps_availqty 0
[32m(release)[0m> move2cxl partsupp ps_supplycost 0
[32m(release)[0m> move2cxl partsupp ps_comment 0
Executing script file done
$:hsh mem_usage
------------------------------------------
Memory Usage Statistics:
VmSize:	222605528 kB
VmRSS:	73948232 kB
0: MemResourceStatus {MigratedColumnsAggregate,18446744073709551615,63469016785,52888587462,52888587462,0,0,N/A}
MemResourceStatus {DefaultResource,18446744073709551615,18446744073709551615,18446744069992734019,60455899246,0,-1,N/A}
Quick Memory Usage Overview:
Used Capacity: 52888587462, 0
------------------------------------------
$:hsh new_mem 53687091200 0 2
2,0x00007aa050000000,0x00007aacd0000000
$:hsh new_mem 53687091200 1 3
3,0x00007a93d0000000,0x00007aa050000000
$:hsh mem_usage
------------------------------------------
Memory Usage Statistics:
VmSize:	327463128 kB
VmRSS:	73948236 kB
0: MemResourceStatus {MigratedColumnsAggregate,18446744073709551615,63469016785,52888587462,52888587462,0,0,N/A}
MemResourceStatus {NumaMonotonicResource,3,53687091200,0,0,0,1,0}
MemResourceStatus {NumaMonotonicResource,2,53687091200,0,0,0,0,0}
0: MemResourceStatus {MemManagerAggregate,18446744073709551615,53687091200,0,0,0,0,N/A}
1: MemResourceStatus {MemManagerAggregate,18446744073709551615,53687091200,0,0,0,1,N/A}
MemResourceStatus {DefaultResource,18446744073709551615,18446744073709551615,18446744069992734019,60455899246,0,-1,N/A}
Quick Memory Usage Overview:
Used Capacity: 52888587462, 0
------------------------------------------
Number of CPUs: 48
Node #0 - Number of Node CPUs: 48, CPUIDs: [0, 1, 2, 3, 4, 5, 6, 7, 8, 9, 10, 11, 12, 13, 14, 15, 16, 17, 18, 19, 20, 21, 22, 23, 24, 25, 26, 27, 28, 29, 30, 31, 32, 33, 34, 35, 36, 37, 38, 39, 40, 41, 42, 43, 44, 45, 46, 47]

Worker 1 pinned to CPU 1on node Worker 3 pinned to CPU 3on node 0
Scheduler set to use 8 workers
Worker 4 pinned to CPU 4on node Worker 0 pinned to CPU 0on node Worker 2 pinned to CPU 2on node 0
$:hsh set_mem_capacity 53687091200 1000000000000
Worker 6 pinned to CPU 6on node Memory strategy set to Greedy
Worker 5 pinned to CPU 5on node 0
0
0
Label set to d1000000000000_tf1000000000000_q10
$:hsh clear_plan_caches
Cleared PQP and LQP caches
Worker 7 pinned to CPU 7on node $:hsh clear_pipeline
Released last SQLPipeline
$:hsh reset_exec_pools
Reset execution pools (2, 3) bump pointers to start
$:hsh mem_usage
------------------------------------------
Memory Usage Statistics:
VmSize:	327397560 kB
VmRSS:	58177396 kB
0: MemResourceStatus {MigratedColumnsAggregate,18446744073709551615,63469016785,52888587462,52888587462,0,0,N/A}
MemResourceStatus {NumaMonotonicResource,3,53687091200,0,0,0,1,0}
MemResourceStatus {NumaMonotonicResource,2,53687091200,0,0,0,0,0}
0: MemResourceStatus {MemManagerAggregate,18446744073709551615,53687091200,0,0,0,0,N/A}
1: MemResourceStatus {MemManagerAggregate,18446744073709551615,53687091200,0,0,0,1,N/A}
MemResourceStatus {DefaultResource,18446744073709551615,18446744073709551615,18446744069992734019,60455899246,0,-1,N/A}
Quick Memory Usage Overview:
Used Capacity: 52888587462, 0
------------------------------------------
Executing script file: /home/umeshsum/tpch_queries/10.sql
[32m(release)[0m> select
[32m(release)[0m> 	c_custkey,
[32m(release)[0m> 	c_name,
0
[32m(release)[0m> 	sum(l_extendedprice * (1 - l_discount)) as revenue,
[32m(release)[0m> 	c_acctbal,
[32m(release)[0m> 	n_name,
[32m(release)[0m> 	c_address,
[32m(release)[0m> 	c_phone,
[32m(release)[0m> 	c_comment
[32m(release)[0m> from
[32m(release)[0m> 	customer,
[32m(release)[0m> 	orders,
[32m(release)[0m> 	lineitem,
[32m(release)[0m> 	nation
[32m(release)[0m> where
[32m(release)[0m> 	c_custkey = o_custkey
[32m(release)[0m> 	and l_orderkey = o_orderkey
[32m(release)[0m> 	and o_orderdate >= date '1993-10-01'
[32m(release)[0m> 	and o_orderdate < date '1993-10-01' + interval '3' month
[32m(release)[0m> 	and l_returnflag = 'R'
[32m(release)[0m> 	and c_nationkey = n_nationkey
[32m(release)[0m> group by
[32m(release)[0m> 	c_custkey,
[32m(release)[0m> 	c_name,
[32m(release)[0m> 	c_acctbal,
[32m(release)[0m> 	c_phone,
[32m(release)[0m> 	n_name,
[32m(release)[0m> 	c_address,
[32m(release)[0m> 	c_comment
[32m(release)[0m> order by
[32m(release)[0m> 	revenue desc;
0
0
Greedy pick_runtime_exec_resource: local pool full, falling back to remote pool
Greedy pick_runtime_exec_resource: local pool full, falling back to remote pool
Greedy pick_runtime_exec_resource: local pool full, falling back to remote pool
Greedy pick_runtime_exec_resource: local pool full, falling back to remote pool
[PERF] Unresolved iterator created for AbstractPosList at src/lib/storage/pos_lists/abstract_pos_list.cpp:10
	Performance can be affected. This warning is only shown once.
VmRSS Change: 7832572 KB
===
1922903 rows total
Execution info: [PARSE: 72 µs 779 ns, SQL TRANSLATE: 377 µs 96 ns, OPTIMIZE: 9 ms 250 µs, LQP TRANSLATE: 146 µs 949 ns, EXECUTE: 2 s 703 ms (wall time) | QUERY PLAN CACHE HITS: 0/1 statement(s)]
After reset, table use_count: 2
WARNING: Table still has 1 other owner(s) after pipeline reset!
Executing script file done
$:hsh clear_plan_caches
Cleared PQP and LQP caches
$:hsh clear_pipeline
Released last SQLPipeline
$:hsh reset_exec_pools
Reset execution pools (2, 3) bump pointers to start
$:hsh mem_usage
------------------------------------------
Memory Usage Statistics:
VmSize:	327397560 kB
VmRSS:	66010600 kB
0: MemResourceStatus {MigratedColumnsAggregate,18446744073709551615,63469016785,52888587462,52888587462,0,0,N/A}
MemResourceStatus {NumaMonotonicResource,3,53687091200,0,0,0,1,0}
MemResourceStatus {NumaMonotonicResource,2,53687091200,0,0,0,0,0}
0: MemResourceStatus {MemManagerAggregate,18446744073709551615,53687091200,0,0,0,0,N/A}
1: MemResourceStatus {MemManagerAggregate,18446744073709551615,53687091200,0,0,0,1,N/A}
MemResourceStatus {DefaultResource,18446744073709551615,18446744073709551615,18446744069992734019,60455899246,0,-1,N/A}
Quick Memory Usage Overview:
Used Capacity: 52888587462, 0
------------------------------------------
Executing script file: /home/umeshsum/tpch_queries/10.sql
[32m(release)[0m> select
[32m(release)[0m> 	c_custkey,
[32m(release)[0m> 	c_name,
[32m(release)[0m> 	sum(l_extendedprice * (1 - l_discount)) as revenue,
[32m(release)[0m> 	c_acctbal,
[32m(release)[0m> 	n_name,
[32m(release)[0m> 	c_address,
[32m(release)[0m> 	c_phone,
[32m(release)[0m> 	c_comment
[32m(release)[0m> from
[32m(release)[0m> 	customer,
[32m(release)[0m> 	orders,
[32m(release)[0m> 	lineitem,
[32m(release)[0m> 	nation
[32m(release)[0m> where
[32m(release)[0m> 	c_custkey = o_custkey
[32m(release)[0m> 	and l_orderkey = o_orderkey
[32m(release)[0m> 	and o_orderdate >= date '1993-10-01'
[32m(release)[0m> 	and o_orderdate < date '1993-10-01' + interval '3' month
[32m(release)[0m> 	and l_returnflag = 'R'
[32m(release)[0m> 	and c_nationkey = n_nationkey
[32m(release)[0m> group by
[32m(release)[0m> 	c_custkey,
[32m(release)[0m> 	c_name,
[32m(release)[0m> 	c_acctbal,
[32m(release)[0m> 	c_phone,
[32m(release)[0m> 	n_name,
[32m(release)[0m> 	c_address,
[32m(release)[0m> 	c_comment
[32m(release)[0m> order by
[32m(release)[0m> 	revenue desc;
Greedy pick_runtime_exec_resource: local pool full, falling back to remote pool
Greedy pick_runtime_exec_resource: local pool full, falling back to remote pool
VmRSS Change: 523996 KB
===
1922903 rows total
Execution info: [PARSE: 70 µs 70 ns, SQL TRANSLATE: 239 µs 737 ns, OPTIMIZE: 10 ms 622 µs, LQP TRANSLATE: 227 µs 468 ns, EXECUTE: 1 s 962 ms (wall time) | QUERY PLAN CACHE HITS: 0/1 statement(s)]
After reset, table use_count: 2
WARNING: Table still has 1 other owner(s) after pipeline reset!
Executing script file done
$:hsh clear_plan_caches
Cleared PQP and LQP caches
$:hsh clear_pipeline
Released last SQLPipeline
$:hsh reset_exec_pools
Reset execution pools (2, 3) bump pointers to start
$:hsh mem_usage
------------------------------------------
Memory Usage Statistics:
VmSize:	327397560 kB
VmRSS:	66534556 kB
0: MemResourceStatus {MigratedColumnsAggregate,18446744073709551615,63469016785,52888587462,52888587462,0,0,N/A}
MemResourceStatus {NumaMonotonicResource,3,53687091200,0,0,0,1,0}
MemResourceStatus {NumaMonotonicResource,2,53687091200,0,0,0,0,0}
0: MemResourceStatus {MemManagerAggregate,18446744073709551615,53687091200,0,0,0,0,N/A}
1: MemResourceStatus {MemManagerAggregate,18446744073709551615,53687091200,0,0,0,1,N/A}
MemResourceStatus {DefaultResource,18446744073709551615,18446744073709551615,18446744069992734019,60455899246,0,-1,N/A}
Quick Memory Usage Overview:
Used Capacity: 52888587462, 0
------------------------------------------
Executing script file: /home/umeshsum/tpch_queries/10.sql
[32m(release)[0m> select
[32m(release)[0m> 	c_custkey,
[32m(release)[0m> 	c_name,
[32m(release)[0m> 	sum(l_extendedprice * (1 - l_discount)) as revenue,
[32m(release)[0m> 	c_acctbal,
[32m(release)[0m> 	n_name,
[32m(release)[0m> 	c_address,
[32m(release)[0m> 	c_phone,
[32m(release)[0m> 	c_comment
[32m(release)[0m> from
[32m(release)[0m> 	customer,
[32m(release)[0m> 	orders,
[32m(release)[0m> 	lineitem,
[32m(release)[0m> 	nation
[32m(release)[0m> where
[32m(release)[0m> 	c_custkey = o_custkey
[32m(release)[0m> 	and l_orderkey = o_orderkey
[32m(release)[0m> 	and o_orderdate >= date '1993-10-01'
[32m(release)[0m> 	and o_orderdate < date '1993-10-01' + interval '3' month
[32m(release)[0m> 	and l_returnflag = 'R'
[32m(release)[0m> 	and c_nationkey = n_nationkey
[32m(release)[0m> group by
[32m(release)[0m> 	c_custkey,
[32m(release)[0m> 	c_name,
[32m(release)[0m> 	c_acctbal,
[32m(release)[0m> 	c_phone,
[32m(release)[0m> 	n_name,
[32m(release)[0m> 	c_address,
[32m(release)[0m> 	c_comment
[32m(release)[0m> order by
[32m(release)[0m> 	revenue desc;
Greedy pick_runtime_exec_resource: local pool full, falling back to remote pool
Greedy pick_runtime_exec_resource: local pool full, falling back to remote pool
Greedy pick_runtime_exec_resource: local pool full, falling back to remote pool
Greedy pick_runtime_exec_resource: local pool full, falling back to remote pool
VmRSS Change: 9876 KB
===
1922903 rows total
Execution info: [PARSE: 69 µs 629 ns, SQL TRANSLATE: 220 µs 88 ns, OPTIMIZE: 8 ms 53 µs, LQP TRANSLATE: 226 µs 128 ns, EXECUTE: 1 s 857 ms (wall time) | QUERY PLAN CACHE HITS: 0/1 statement(s)]
After reset, table use_count: 2
WARNING: Table still has 1 other owner(s) after pipeline reset!
Executing script file done
$:hsh clear_plan_caches
Cleared PQP and LQP caches
$:hsh clear_pipeline
Released last SQLPipeline
$:hsh reset_exec_pools
Reset execution pools (2, 3) bump pointers to start
$:hsh mem_usage
------------------------------------------
Memory Usage Statistics:
VmSize:	327397560 kB
VmRSS:	66544444 kB
0: MemResourceStatus {MigratedColumnsAggregate,18446744073709551615,63469016785,52888587462,52888587462,0,0,N/A}
MemResourceStatus {NumaMonotonicResource,3,53687091200,0,0,0,1,0}
MemResourceStatus {NumaMonotonicResource,2,53687091200,0,0,0,0,0}
0: MemResourceStatus {MemManagerAggregate,18446744073709551615,53687091200,0,0,0,0,N/A}
1: MemResourceStatus {MemManagerAggregate,18446744073709551615,53687091200,0,0,0,1,N/A}
MemResourceStatus {DefaultResource,18446744073709551615,18446744073709551615,18446744069992734019,60455899246,0,-1,N/A}
Quick Memory Usage Overview:
Used Capacity: 52888587462, 0
------------------------------------------
Executing script file: /home/umeshsum/tpch_queries/10.sql
[32m(release)[0m> select
[32m(release)[0m> 	c_custkey,
[32m(release)[0m> 	c_name,
[32m(release)[0m> 	sum(l_extendedprice * (1 - l_discount)) as revenue,
[32m(release)[0m> 	c_acctbal,
[32m(release)[0m> 	n_name,
[32m(release)[0m> 	c_address,
[32m(release)[0m> 	c_phone,
[32m(release)[0m> 	c_comment
[32m(release)[0m> from
[32m(release)[0m> 	customer,
[32m(release)[0m> 	orders,
[32m(release)[0m> 	lineitem,
[32m(release)[0m> 	nation
[32m(release)[0m> where
[32m(release)[0m> 	c_custkey = o_custkey
[32m(release)[0m> 	and l_orderkey = o_orderkey
[32m(release)[0m> 	and o_orderdate >= date '1993-10-01'
[32m(release)[0m> 	and o_orderdate < date '1993-10-01' + interval '3' month
[32m(release)[0m> 	and l_returnflag = 'R'
[32m(release)[0m> 	and c_nationkey = n_nationkey
[32m(release)[0m> group by
[32m(release)[0m> 	c_custkey,
[32m(release)[0m> 	c_name,
[32m(release)[0m> 	c_acctbal,
[32m(release)[0m> 	c_phone,
[32m(release)[0m> 	n_name,
[32m(release)[0m> 	c_address,
[32m(release)[0m> 	c_comment
[32m(release)[0m> order by
[32m(release)[0m> 	revenue desc;
Greedy pick_runtime_exec_resource: local pool full, falling back to remote pool
Greedy pick_runtime_exec_resource: local pool full, falling back to remote pool
Greedy pick_runtime_exec_resource: local pool full, falling back to remote pool
Greedy pick_runtime_exec_resource: local pool full, falling back to remote pool
VmRSS Change: 1720 KB
===
1922903 rows total
Execution info: [PARSE: 69 µs 219 ns, SQL TRANSLATE: 224 µs 68 ns, OPTIMIZE: 7 ms 958 µs, LQP TRANSLATE: 234 µs 628 ns, EXECUTE: 1 s 897 ms (wall time) | QUERY PLAN CACHE HITS: 0/1 statement(s)]
After reset, table use_count: 2
WARNING: Table still has 1 other owner(s) after pipeline reset!
Executing script file done
$:hsh clear_plan_caches
Cleared PQP and LQP caches
$:hsh clear_pipeline
Released last SQLPipeline
$:hsh reset_exec_pools
Reset execution pools (2, 3) bump pointers to start
$:hsh mem_usage
------------------------------------------
Memory Usage Statistics:
VmSize:	327397560 kB
VmRSS:	66546096 kB
0: MemResourceStatus {MigratedColumnsAggregate,18446744073709551615,63469016785,52888587462,52888587462,0,0,N/A}
MemResourceStatus {NumaMonotonicResource,3,53687091200,0,0,0,1,0}
MemResourceStatus {NumaMonotonicResource,2,53687091200,0,0,0,0,0}
0: MemResourceStatus {MemManagerAggregate,18446744073709551615,53687091200,0,0,0,0,N/A}
1: MemResourceStatus {MemManagerAggregate,18446744073709551615,53687091200,0,0,0,1,N/A}
MemResourceStatus {DefaultResource,18446744073709551615,18446744073709551615,18446744069992734019,60455899246,0,-1,N/A}
Quick Memory Usage Overview:
Used Capacity: 52888587462, 0
------------------------------------------
Executing script file: /home/umeshsum/tpch_queries/10.sql
[32m(release)[0m> select
[32m(release)[0m> 	c_custkey,
[32m(release)[0m> 	c_name,
[32m(release)[0m> 	sum(l_extendedprice * (1 - l_discount)) as revenue,
[32m(release)[0m> 	c_acctbal,
[32m(release)[0m> 	n_name,
[32m(release)[0m> 	c_address,
[32m(release)[0m> 	c_phone,
[32m(release)[0m> 	c_comment
[32m(release)[0m> from
[32m(release)[0m> 	customer,
[32m(release)[0m> 	orders,
[32m(release)[0m> 	lineitem,
[32m(release)[0m> 	nation
[32m(release)[0m> where
[32m(release)[0m> 	c_custkey = o_custkey
[32m(release)[0m> 	and l_orderkey = o_orderkey
[32m(release)[0m> 	and o_orderdate >= date '1993-10-01'
[32m(release)[0m> 	and o_orderdate < date '1993-10-01' + interval '3' month
[32m(release)[0m> 	and l_returnflag = 'R'
[32m(release)[0m> 	and c_nationkey = n_nationkey
[32m(release)[0m> group by
[32m(release)[0m> 	c_custkey,
[32m(release)[0m> 	c_name,
[32m(release)[0m> 	c_acctbal,
[32m(release)[0m> 	c_phone,
[32m(release)[0m> 	n_name,
[32m(release)[0m> 	c_address,
[32m(release)[0m> 	c_comment
[32m(release)[0m> order by
[32m(release)[0m> 	revenue desc;
Greedy pick_runtime_exec_resource: local pool full, falling back to remote pool
Greedy pick_runtime_exec_resource: local pool full, falling back to remote pool
Greedy pick_runtime_exec_resource: local pool full, falling back to remote pool
VmRSS Change: 256 KB
===
1922903 rows total
Execution info: [PARSE: 72 µs 339 ns, SQL TRANSLATE: 238 µs 807 ns, OPTIMIZE: 9 ms 43 µs, LQP TRANSLATE: 227 µs 487 ns, EXECUTE: 1 s 871 ms (wall time) | QUERY PLAN CACHE HITS: 0/1 statement(s)]
After reset, table use_count: 2
WARNING: Table still has 1 other owner(s) after pipeline reset!
Executing script file done
$:hsh clear_plan_caches
Cleared PQP and LQP caches
$:hsh clear_pipeline
Released last SQLPipeline
$:hsh reset_exec_pools
Reset execution pools (2, 3) bump pointers to start
$:hsh mem_usage
------------------------------------------
Memory Usage Statistics:
VmSize:	327397560 kB
VmRSS:	66546316 kB
0: MemResourceStatus {MigratedColumnsAggregate,18446744073709551615,63469016785,52888587462,52888587462,0,0,N/A}
MemResourceStatus {NumaMonotonicResource,3,53687091200,0,0,0,1,0}
MemResourceStatus {NumaMonotonicResource,2,53687091200,0,0,0,0,0}
0: MemResourceStatus {MemManagerAggregate,18446744073709551615,53687091200,0,0,0,0,N/A}
1: MemResourceStatus {MemManagerAggregate,18446744073709551615,53687091200,0,0,0,1,N/A}
MemResourceStatus {DefaultResource,18446744073709551615,18446744073709551615,18446744069992734019,60455899246,0,-1,N/A}
Quick Memory Usage Overview:
Used Capacity: 52888587462, 0
------------------------------------------
Executing script file: /home/umeshsum/tpch_queries/10.sql
[32m(release)[0m> select
[32m(release)[0m> 	c_custkey,
[32m(release)[0m> 	c_name,
[32m(release)[0m> 	sum(l_extendedprice * (1 - l_discount)) as revenue,
[32m(release)[0m> 	c_acctbal,
[32m(release)[0m> 	n_name,
[32m(release)[0m> 	c_address,
[32m(release)[0m> 	c_phone,
[32m(release)[0m> 	c_comment
[32m(release)[0m> from
[32m(release)[0m> 	customer,
[32m(release)[0m> 	orders,
[32m(release)[0m> 	lineitem,
[32m(release)[0m> 	nation
[32m(release)[0m> where
[32m(release)[0m> 	c_custkey = o_custkey
[32m(release)[0m> 	and l_orderkey = o_orderkey
[32m(release)[0m> 	and o_orderdate >= date '1993-10-01'
[32m(release)[0m> 	and o_orderdate < date '1993-10-01' + interval '3' month
[32m(release)[0m> 	and l_returnflag = 'R'
[32m(release)[0m> 	and c_nationkey = n_nationkey
[32m(release)[0m> group by
[32m(release)[0m> 	c_custkey,
[32m(release)[0m> 	c_name,
[32m(release)[0m> 	c_acctbal,
[32m(release)[0m> 	c_phone,
[32m(release)[0m> 	n_name,
[32m(release)[0m> 	c_address,
[32m(release)[0m> 	c_comment
[32m(release)[0m> order by
[32m(release)[0m> 	revenue desc;
Greedy pick_runtime_exec_resource: local pool full, falling back to remote pool
Greedy pick_runtime_exec_resource: local pool full, falling back to remote pool
Greedy pick_runtime_exec_resource: local pool full, falling back to remote pool
Greedy pick_runtime_exec_resource: local pool full, falling back to remote pool
Greedy pick_runtime_exec_resource: local pool full, falling back to remote pool
VmRSS Change: 2712 KB
===
1922903 rows total
Execution info: [PARSE: 128 µs 699 ns, SQL TRANSLATE: 224 µs 177 ns, OPTIMIZE: 7 ms 959 µs, LQP TRANSLATE: 222 µs 688 ns, EXECUTE: 1 s 875 ms (wall time) | QUERY PLAN CACHE HITS: 0/1 statement(s)]
After reset, table use_count: 2
WARNING: Table still has 1 other owner(s) after pipeline reset!
Executing script file done
$:hsh clear_plan_caches
Cleared PQP and LQP caches
$:hsh clear_pipeline
Released last SQLPipeline
$:hsh reset_exec_pools
Reset execution pools (2, 3) bump pointers to start
$:hsh mem_usage
------------------------------------------
Memory Usage Statistics:
VmSize:	327397560 kB
VmRSS:	66549032 kB
0: MemResourceStatus {MigratedColumnsAggregate,18446744073709551615,63469016785,52888587462,52888587462,0,0,N/A}
MemResourceStatus {NumaMonotonicResource,3,53687091200,0,0,0,1,0}
MemResourceStatus {NumaMonotonicResource,2,53687091200,0,0,0,0,0}
0: MemResourceStatus {MemManagerAggregate,18446744073709551615,53687091200,0,0,0,0,N/A}
1: MemResourceStatus {MemManagerAggregate,18446744073709551615,53687091200,0,0,0,1,N/A}
MemResourceStatus {DefaultResource,18446744073709551615,18446744073709551615,18446744069992734019,60455899246,0,-1,N/A}
Quick Memory Usage Overview:
Used Capacity: 52888587462, 0
------------------------------------------
Executing script file: /home/umeshsum/tpch_queries/10.sql
[32m(release)[0m> select
[32m(release)[0m> 	c_custkey,
[32m(release)[0m> 	c_name,
[32m(release)[0m> 	sum(l_extendedprice * (1 - l_discount)) as revenue,
[32m(release)[0m> 	c_acctbal,
[32m(release)[0m> 	n_name,
[32m(release)[0m> 	c_address,
[32m(release)[0m> 	c_phone,
[32m(release)[0m> 	c_comment
[32m(release)[0m> from
[32m(release)[0m> 	customer,
[32m(release)[0m> 	orders,
[32m(release)[0m> 	lineitem,
[32m(release)[0m> 	nation
[32m(release)[0m> where
[32m(release)[0m> 	c_custkey = o_custkey
[32m(release)[0m> 	and l_orderkey = o_orderkey
[32m(release)[0m> 	and o_orderdate >= date '1993-10-01'
[32m(release)[0m> 	and o_orderdate < date '1993-10-01' + interval '3' month
[32m(release)[0m> 	and l_returnflag = 'R'
[32m(release)[0m> 	and c_nationkey = n_nationkey
[32m(release)[0m> group by
[32m(release)[0m> 	c_custkey,
[32m(release)[0m> 	c_name,
[32m(release)[0m> 	c_acctbal,
[32m(release)[0m> 	c_phone,
[32m(release)[0m> 	n_name,
[32m(release)[0m> 	c_address,
[32m(release)[0m> 	c_comment
[32m(release)[0m> order by
[32m(release)[0m> 	revenue desc;
Greedy pick_runtime_exec_resource: local pool full, falling back to remote pool
Greedy pick_runtime_exec_resource: local pool full, falling back to remote pool
Greedy pick_runtime_exec_resource: local pool full, falling back to remote pool
Greedy pick_runtime_exec_resource: local pool full, falling back to remote pool
Greedy pick_runtime_exec_resource: local pool full, falling back to remote pool
Greedy pick_runtime_exec_resource: local pool full, falling back to remote pool
Greedy pick_runtime_exec_resource: local pool full, falling back to remote pool
Greedy pick_runtime_exec_resource: local pool full, falling back to remote pool
Greedy pick_runtime_exec_resource: local pool full, falling back to remote pool
Greedy pick_runtime_exec_resource: local pool full, falling back to remote pool
Greedy pick_runtime_exec_resource: local pool full, falling back to remote pool
VmRSS Change: 2428748 KB
===
1922903 rows total
Execution info: [PARSE: 171 µs 878 ns, SQL TRANSLATE: 223 µs 148 ns, OPTIMIZE: 8 ms 18 µs, LQP TRANSLATE: 229 µs 307 ns, EXECUTE: 2 s 172 ms (wall time) | QUERY PLAN CACHE HITS: 0/1 statement(s)]
After reset, table use_count: 2
WARNING: Table still has 1 other owner(s) after pipeline reset!
Executing script file done
$:hsh clear_plan_caches
Cleared PQP and LQP caches
$:hsh clear_pipeline
Released last SQLPipeline
$:hsh reset_exec_pools
Reset execution pools (2, 3) bump pointers to start
$:hsh mem_usage
------------------------------------------
Memory Usage Statistics:
VmSize:	327397560 kB
VmRSS:	68977732 kB
0: MemResourceStatus {MigratedColumnsAggregate,18446744073709551615,63469016785,52888587462,52888587462,0,0,N/A}
MemResourceStatus {NumaMonotonicResource,3,53687091200,0,0,0,1,0}
MemResourceStatus {NumaMonotonicResource,2,53687091200,0,0,0,0,0}
0: MemResourceStatus {MemManagerAggregate,18446744073709551615,53687091200,0,0,0,0,N/A}
1: MemResourceStatus {MemManagerAggregate,18446744073709551615,53687091200,0,0,0,1,N/A}
MemResourceStatus {DefaultResource,18446744073709551615,18446744073709551615,18446744069992734019,60455899246,0,-1,N/A}
Quick Memory Usage Overview:
Used Capacity: 52888587462, 0
------------------------------------------
Executing script file: /home/umeshsum/tpch_queries/10.sql
[32m(release)[0m> select
[32m(release)[0m> 	c_custkey,
[32m(release)[0m> 	c_name,
[32m(release)[0m> 	sum(l_extendedprice * (1 - l_discount)) as revenue,
[32m(release)[0m> 	c_acctbal,
[32m(release)[0m> 	n_name,
[32m(release)[0m> 	c_address,
[32m(release)[0m> 	c_phone,
[32m(release)[0m> 	c_comment
[32m(release)[0m> from
[32m(release)[0m> 	customer,
[32m(release)[0m> 	orders,
[32m(release)[0m> 	lineitem,
[32m(release)[0m> 	nation
[32m(release)[0m> where
[32m(release)[0m> 	c_custkey = o_custkey
[32m(release)[0m> 	and l_orderkey = o_orderkey
[32m(release)[0m> 	and o_orderdate >= date '1993-10-01'
[32m(release)[0m> 	and o_orderdate < date '1993-10-01' + interval '3' month
[32m(release)[0m> 	and l_returnflag = 'R'
[32m(release)[0m> 	and c_nationkey = n_nationkey
[32m(release)[0m> group by
[32m(release)[0m> 	c_custkey,
[32m(release)[0m> 	c_name,
[32m(release)[0m> 	c_acctbal,
[32m(release)[0m> 	c_phone,
[32m(release)[0m> 	n_name,
[32m(release)[0m> 	c_address,
[32m(release)[0m> 	c_comment
[32m(release)[0m> order by
[32m(release)[0m> 	revenue desc;
Greedy pick_runtime_exec_resource: local pool full, falling back to remote pool
Greedy pick_runtime_exec_resource: local pool full, falling back to remote pool
Greedy pick_runtime_exec_resource: local pool full, falling back to remote pool
VmRSS Change: 59848 KB
===
1922903 rows total
Execution info: [PARSE: 83 µs 249 ns, SQL TRANSLATE: 401 µs 736 ns, OPTIMIZE: 8 ms 350 µs, LQP TRANSLATE: 227 µs 927 ns, EXECUTE: 1 s 978 ms (wall time) | QUERY PLAN CACHE HITS: 0/1 statement(s)]
After reset, table use_count: 2
WARNING: Table still has 1 other owner(s) after pipeline reset!
Executing script file done
$:hsh clear_plan_caches
Cleared PQP and LQP caches
$:hsh clear_pipeline
Released last SQLPipeline
$:hsh reset_exec_pools
Reset execution pools (2, 3) bump pointers to start
$:hsh mem_usage
------------------------------------------
Memory Usage Statistics:
VmSize:	327397560 kB
VmRSS:	69037584 kB
0: MemResourceStatus {MigratedColumnsAggregate,18446744073709551615,63469016785,52888587462,52888587462,0,0,N/A}
MemResourceStatus {NumaMonotonicResource,3,53687091200,0,0,0,1,0}
MemResourceStatus {NumaMonotonicResource,2,53687091200,0,0,0,0,0}
0: MemResourceStatus {MemManagerAggregate,18446744073709551615,53687091200,0,0,0,0,N/A}
1: MemResourceStatus {MemManagerAggregate,18446744073709551615,53687091200,0,0,0,1,N/A}
MemResourceStatus {DefaultResource,18446744073709551615,18446744073709551615,18446744069992734019,60455899246,0,-1,N/A}
Quick Memory Usage Overview:
Used Capacity: 52888587462, 0
------------------------------------------
Executing script file: /home/umeshsum/tpch_queries/10.sql
[32m(release)[0m> select
[32m(release)[0m> 	c_custkey,
[32m(release)[0m> 	c_name,
[32m(release)[0m> 	sum(l_extendedprice * (1 - l_discount)) as revenue,
[32m(release)[0m> 	c_acctbal,
[32m(release)[0m> 	n_name,
[32m(release)[0m> 	c_address,
[32m(release)[0m> 	c_phone,
[32m(release)[0m> 	c_comment
[32m(release)[0m> from
[32m(release)[0m> 	customer,
[32m(release)[0m> 	orders,
[32m(release)[0m> 	lineitem,
[32m(release)[0m> 	nation
[32m(release)[0m> where
[32m(release)[0m> 	c_custkey = o_custkey
[32m(release)[0m> 	and l_orderkey = o_orderkey
[32m(release)[0m> 	and o_orderdate >= date '1993-10-01'
[32m(release)[0m> 	and o_orderdate < date '1993-10-01' + interval '3' month
[32m(release)[0m> 	and l_returnflag = 'R'
[32m(release)[0m> 	and c_nationkey = n_nationkey
[32m(release)[0m> group by
[32m(release)[0m> 	c_custkey,
[32m(release)[0m> 	c_name,
[32m(release)[0m> 	c_acctbal,
[32m(release)[0m> 	c_phone,
[32m(release)[0m> 	n_name,
[32m(release)[0m> 	c_address,
[32m(release)[0m> 	c_comment
[32m(release)[0m> order by
[32m(release)[0m> 	revenue desc;
Greedy pick_runtime_exec_resource: local pool full, falling back to remote pool
Greedy pick_runtime_exec_resource: local pool full, falling back to remote pool
VmRSS Change: 2116 KB
===
1922903 rows total
Execution info: [PARSE: 39 µs 80 ns, SQL TRANSLATE: 143 µs 328 ns, OPTIMIZE: 4 ms 179 µs, LQP TRANSLATE: 96 µs 629 ns, EXECUTE: 1 s 874 ms (wall time) | QUERY PLAN CACHE HITS: 0/1 statement(s)]
After reset, table use_count: 2
WARNING: Table still has 1 other owner(s) after pipeline reset!
Executing script file done
$:hsh clear_plan_caches
Cleared PQP and LQP caches
$:hsh clear_pipeline
Released last SQLPipeline
$:hsh reset_exec_pools
Reset execution pools (2, 3) bump pointers to start
$:hsh mem_usage
------------------------------------------
Memory Usage Statistics:
VmSize:	327397560 kB
VmRSS:	69039708 kB
0: MemResourceStatus {MigratedColumnsAggregate,18446744073709551615,63469016785,52888587462,52888587462,0,0,N/A}
MemResourceStatus {NumaMonotonicResource,3,53687091200,0,0,0,1,0}
MemResourceStatus {NumaMonotonicResource,2,53687091200,0,0,0,0,0}
0: MemResourceStatus {MemManagerAggregate,18446744073709551615,53687091200,0,0,0,0,N/A}
1: MemResourceStatus {MemManagerAggregate,18446744073709551615,53687091200,0,0,0,1,N/A}
MemResourceStatus {DefaultResource,18446744073709551615,18446744073709551615,18446744069992734019,60455899246,0,-1,N/A}
Quick Memory Usage Overview:
Used Capacity: 52888587462, 0
------------------------------------------
Executing script file: /home/umeshsum/tpch_queries/10.sql
[32m(release)[0m> select
[32m(release)[0m> 	c_custkey,
[32m(release)[0m> 	c_name,
[32m(release)[0m> 	sum(l_extendedprice * (1 - l_discount)) as revenue,
[32m(release)[0m> 	c_acctbal,
[32m(release)[0m> 	n_name,
[32m(release)[0m> 	c_address,
[32m(release)[0m> 	c_phone,
[32m(release)[0m> 	c_comment
[32m(release)[0m> from
[32m(release)[0m> 	customer,
[32m(release)[0m> 	orders,
[32m(release)[0m> 	lineitem,
[32m(release)[0m> 	nation
[32m(release)[0m> where
[32m(release)[0m> 	c_custkey = o_custkey
[32m(release)[0m> 	and l_orderkey = o_orderkey
[32m(release)[0m> 	and o_orderdate >= date '1993-10-01'
[32m(release)[0m> 	and o_orderdate < date '1993-10-01' + interval '3' month
[32m(release)[0m> 	and l_returnflag = 'R'
[32m(release)[0m> 	and c_nationkey = n_nationkey
[32m(release)[0m> group by
[32m(release)[0m> 	c_custkey,
[32m(release)[0m> 	c_name,
[32m(release)[0m> 	c_acctbal,
[32m(release)[0m> 	c_phone,
[32m(release)[0m> 	n_name,
[32m(release)[0m> 	c_address,
[32m(release)[0m> 	c_comment
[32m(release)[0m> order by
[32m(release)[0m> 	revenue desc;
Greedy pick_runtime_exec_resource: local pool full, falling back to remote pool
Greedy pick_runtime_exec_resource: local pool full, falling back to remote pool
VmRSS Change: 18446744073709551192 KB
===
1922903 rows total
Execution info: [PARSE: 129 µs 348 ns, SQL TRANSLATE: 123 µs 969 ns, OPTIMIZE: 4 ms 133 µs, LQP TRANSLATE: 101 µs 279 ns, EXECUTE: 1 s 864 ms (wall time) | QUERY PLAN CACHE HITS: 0/1 statement(s)]
After reset, table use_count: 2
WARNING: Table still has 1 other owner(s) after pipeline reset!
Executing script file done
$:hsh clear_plan_caches
Cleared PQP and LQP caches
$:hsh clear_pipeline
Released last SQLPipeline
$:hsh reset_exec_pools
Reset execution pools (2, 3) bump pointers to start
$:hsh mem_usage
------------------------------------------
Memory Usage Statistics:
VmSize:	327397560 kB
VmRSS:	69039260 kB
0: MemResourceStatus {MigratedColumnsAggregate,18446744073709551615,63469016785,52888587462,52888587462,0,0,N/A}
MemResourceStatus {NumaMonotonicResource,3,53687091200,0,0,0,1,0}
MemResourceStatus {NumaMonotonicResource,2,53687091200,0,0,0,0,0}
0: MemResourceStatus {MemManagerAggregate,18446744073709551615,53687091200,0,0,0,0,N/A}
1: MemResourceStatus {MemManagerAggregate,18446744073709551615,53687091200,0,0,0,1,N/A}
MemResourceStatus {DefaultResource,18446744073709551615,18446744073709551615,18446744069992734019,60455899246,0,-1,N/A}
Quick Memory Usage Overview:
Used Capacity: 52888587462, 0
------------------------------------------
Label set to d1000000000000_tf1000000000000_q11
$:hsh clear_plan_caches
Cleared PQP and LQP caches
$:hsh clear_pipeline
Released last SQLPipeline
$:hsh reset_exec_pools
Reset execution pools (2, 3) bump pointers to start
$:hsh mem_usage
------------------------------------------
Memory Usage Statistics:
VmSize:	327397560 kB
VmRSS:	69039260 kB
0: MemResourceStatus {MigratedColumnsAggregate,18446744073709551615,63469016785,52888587462,52888587462,0,0,N/A}
MemResourceStatus {NumaMonotonicResource,3,53687091200,0,0,0,1,0}
MemResourceStatus {NumaMonotonicResource,2,53687091200,0,0,0,0,0}
0: MemResourceStatus {MemManagerAggregate,18446744073709551615,53687091200,0,0,0,0,N/A}
1: MemResourceStatus {MemManagerAggregate,18446744073709551615,53687091200,0,0,0,1,N/A}
MemResourceStatus {DefaultResource,18446744073709551615,18446744073709551615,18446744069992734019,60455899246,0,-1,N/A}
Quick Memory Usage Overview:
Used Capacity: 52888587462, 0
------------------------------------------
Executing script file: /home/umeshsum/tpch_queries/11.sql
[32m(release)[0m> select
[32m(release)[0m> 	ps_partkey,
[32m(release)[0m> 	sum(ps_supplycost * ps_availqty) as value
[32m(release)[0m> from
[32m(release)[0m> 	partsupp,
[32m(release)[0m> 	supplier,
[32m(release)[0m> 	nation
[32m(release)[0m> where
[32m(release)[0m> 	ps_suppkey = s_suppkey
[32m(release)[0m> 	and s_nationkey = n_nationkey
[32m(release)[0m> 	and n_name = 'GERMANY'
[32m(release)[0m> group by
[32m(release)[0m> 	ps_partkey having
[32m(release)[0m> 		sum(ps_supplycost * ps_availqty) > (
[32m(release)[0m> 			select
[32m(release)[0m> 				sum(ps_supplycost * ps_availqty) * 0.0001000000
[32m(release)[0m> 			from
[32m(release)[0m> 				partsupp,
[32m(release)[0m> 				supplier,
[32m(release)[0m> 				nation
[32m(release)[0m> 			where
[32m(release)[0m> 				ps_suppkey = s_suppkey
[32m(release)[0m> 				and s_nationkey = n_nationkey
[32m(release)[0m> 				and n_name = 'GERMANY'
[32m(release)[0m> 		)
[32m(release)[0m> order by
[32m(release)[0m> 	value desc;
VmRSS Change: 688 KB
===
0 rows total
Execution info: [PARSE: 74 µs 529 ns, SQL TRANSLATE: 221 µs 138 ns, OPTIMIZE: 4 ms 597 µs, LQP TRANSLATE: 195 µs 208 ns, EXECUTE: 158 ms 958 µs (wall time) | QUERY PLAN CACHE HITS: 0/1 statement(s)]
After reset, table use_count: 2
WARNING: Table still has 1 other owner(s) after pipeline reset!
Executing script file done
$:hsh clear_plan_caches
Cleared PQP and LQP caches
$:hsh clear_pipeline
Released last SQLPipeline
$:hsh reset_exec_pools
Reset execution pools (2, 3) bump pointers to start
$:hsh mem_usage
------------------------------------------
Memory Usage Statistics:
VmSize:	327397560 kB
VmRSS:	69039728 kB
0: MemResourceStatus {MigratedColumnsAggregate,18446744073709551615,63469016785,52888587462,52888587462,0,0,N/A}
MemResourceStatus {NumaMonotonicResource,3,53687091200,0,0,0,1,0}
MemResourceStatus {NumaMonotonicResource,2,53687091200,0,0,0,0,0}
0: MemResourceStatus {MemManagerAggregate,18446744073709551615,53687091200,0,0,0,0,N/A}
1: MemResourceStatus {MemManagerAggregate,18446744073709551615,53687091200,0,0,0,1,N/A}
MemResourceStatus {DefaultResource,18446744073709551615,18446744073709551615,18446744069992734019,60455899246,0,-1,N/A}
Quick Memory Usage Overview:
Used Capacity: 52888587462, 0
------------------------------------------
Executing script file: /home/umeshsum/tpch_queries/11.sql
[32m(release)[0m> select
[32m(release)[0m> 	ps_partkey,
[32m(release)[0m> 	sum(ps_supplycost * ps_availqty) as value
[32m(release)[0m> from
[32m(release)[0m> 	partsupp,
[32m(release)[0m> 	supplier,
[32m(release)[0m> 	nation
[32m(release)[0m> where
[32m(release)[0m> 	ps_suppkey = s_suppkey
[32m(release)[0m> 	and s_nationkey = n_nationkey
[32m(release)[0m> 	and n_name = 'GERMANY'
[32m(release)[0m> group by
[32m(release)[0m> 	ps_partkey having
[32m(release)[0m> 		sum(ps_supplycost * ps_availqty) > (
[32m(release)[0m> 			select
[32m(release)[0m> 				sum(ps_supplycost * ps_availqty) * 0.0001000000
[32m(release)[0m> 			from
[32m(release)[0m> 				partsupp,
[32m(release)[0m> 				supplier,
[32m(release)[0m> 				nation
[32m(release)[0m> 			where
[32m(release)[0m> 				ps_suppkey = s_suppkey
[32m(release)[0m> 				and s_nationkey = n_nationkey
[32m(release)[0m> 				and n_name = 'GERMANY'
[32m(release)[0m> 		)
[32m(release)[0m> order by
[32m(release)[0m> 	value desc;
VmRSS Change: 52 KB
===
0 rows total
Execution info: [PARSE: 64 µs 449 ns, SQL TRANSLATE: 194 µs 408 ns, OPTIMIZE: 4 ms 540 µs, LQP TRANSLATE: 171 µs 188 ns, EXECUTE: 139 ms 586 µs (wall time) | QUERY PLAN CACHE HITS: 0/1 statement(s)]
After reset, table use_count: 2
WARNING: Table still has 1 other owner(s) after pipeline reset!
Executing script file done
$:hsh clear_plan_caches
Cleared PQP and LQP caches
$:hsh clear_pipeline
Released last SQLPipeline
$:hsh reset_exec_pools
Reset execution pools (2, 3) bump pointers to start
$:hsh mem_usage
------------------------------------------
Memory Usage Statistics:
VmSize:	327397560 kB
VmRSS:	69039780 kB
0: MemResourceStatus {MigratedColumnsAggregate,18446744073709551615,63469016785,52888587462,52888587462,0,0,N/A}
MemResourceStatus {NumaMonotonicResource,3,53687091200,0,0,0,1,0}
MemResourceStatus {NumaMonotonicResource,2,53687091200,0,0,0,0,0}
0: MemResourceStatus {MemManagerAggregate,18446744073709551615,53687091200,0,0,0,0,N/A}
1: MemResourceStatus {MemManagerAggregate,18446744073709551615,53687091200,0,0,0,1,N/A}
MemResourceStatus {DefaultResource,18446744073709551615,18446744073709551615,18446744069992734019,60455899246,0,-1,N/A}
Quick Memory Usage Overview:
Used Capacity: 52888587462, 0
------------------------------------------
Executing script file: /home/umeshsum/tpch_queries/11.sql
[32m(release)[0m> select
[32m(release)[0m> 	ps_partkey,
[32m(release)[0m> 	sum(ps_supplycost * ps_availqty) as value
[32m(release)[0m> from
[32m(release)[0m> 	partsupp,
[32m(release)[0m> 	supplier,
[32m(release)[0m> 	nation
[32m(release)[0m> where
[32m(release)[0m> 	ps_suppkey = s_suppkey
[32m(release)[0m> 	and s_nationkey = n_nationkey
[32m(release)[0m> 	and n_name = 'GERMANY'
[32m(release)[0m> group by
[32m(release)[0m> 	ps_partkey having
[32m(release)[0m> 		sum(ps_supplycost * ps_availqty) > (
[32m(release)[0m> 			select
[32m(release)[0m> 				sum(ps_supplycost * ps_availqty) * 0.0001000000
[32m(release)[0m> 			from
[32m(release)[0m> 				partsupp,
[32m(release)[0m> 				supplier,
[32m(release)[0m> 				nation
[32m(release)[0m> 			where
[32m(release)[0m> 				ps_suppkey = s_suppkey
[32m(release)[0m> 				and s_nationkey = n_nationkey
[32m(release)[0m> 				and n_name = 'GERMANY'
[32m(release)[0m> 		)
[32m(release)[0m> order by
[32m(release)[0m> 	value desc;
VmRSS Change: 18446744073709551340 KB
===
0 rows total
Execution info: [PARSE: 65 µs 269 ns, SQL TRANSLATE: 194 µs 258 ns, OPTIMIZE: 4 ms 487 µs, LQP TRANSLATE: 173 µs 98 ns, EXECUTE: 140 ms 202 µs (wall time) | QUERY PLAN CACHE HITS: 0/1 statement(s)]
After reset, table use_count: 2
WARNING: Table still has 1 other owner(s) after pipeline reset!
Executing script file done
$:hsh clear_plan_caches
Cleared PQP and LQP caches
$:hsh clear_pipeline
Released last SQLPipeline
$:hsh reset_exec_pools
Reset execution pools (2, 3) bump pointers to start
$:hsh mem_usage
------------------------------------------
Memory Usage Statistics:
VmSize:	327397560 kB
VmRSS:	69039508 kB
0: MemResourceStatus {MigratedColumnsAggregate,18446744073709551615,63469016785,52888587462,52888587462,0,0,N/A}
MemResourceStatus {NumaMonotonicResource,3,53687091200,0,0,0,1,0}
MemResourceStatus {NumaMonotonicResource,2,53687091200,0,0,0,0,0}
0: MemResourceStatus {MemManagerAggregate,18446744073709551615,53687091200,0,0,0,0,N/A}
1: MemResourceStatus {MemManagerAggregate,18446744073709551615,53687091200,0,0,0,1,N/A}
MemResourceStatus {DefaultResource,18446744073709551615,18446744073709551615,18446744069992734019,60455899246,0,-1,N/A}
Quick Memory Usage Overview:
Used Capacity: 52888587462, 0
------------------------------------------
Executing script file: /home/umeshsum/tpch_queries/11.sql
[32m(release)[0m> select
[32m(release)[0m> 	ps_partkey,
[32m(release)[0m> 	sum(ps_supplycost * ps_availqty) as value
[32m(release)[0m> from
[32m(release)[0m> 	partsupp,
[32m(release)[0m> 	supplier,
[32m(release)[0m> 	nation
[32m(release)[0m> where
[32m(release)[0m> 	ps_suppkey = s_suppkey
[32m(release)[0m> 	and s_nationkey = n_nationkey
[32m(release)[0m> 	and n_name = 'GERMANY'
[32m(release)[0m> group by
[32m(release)[0m> 	ps_partkey having
[32m(release)[0m> 		sum(ps_supplycost * ps_availqty) > (
[32m(release)[0m> 			select
[32m(release)[0m> 				sum(ps_supplycost * ps_availqty) * 0.0001000000
[32m(release)[0m> 			from
[32m(release)[0m> 				partsupp,
[32m(release)[0m> 				supplier,
[32m(release)[0m> 				nation
[32m(release)[0m> 			where
[32m(release)[0m> 				ps_suppkey = s_suppkey
[32m(release)[0m> 				and s_nationkey = n_nationkey
[32m(release)[0m> 				and n_name = 'GERMANY'
[32m(release)[0m> 		)
[32m(release)[0m> order by
[32m(release)[0m> 	value desc;
VmRSS Change: 18446744073709551064 KB
===
0 rows total
Execution info: [PARSE: 64 µs 399 ns, SQL TRANSLATE: 190 µs 838 ns, OPTIMIZE: 4 ms 503 µs, LQP TRANSLATE: 178 µs 628 ns, EXECUTE: 151 ms 386 µs (wall time) | QUERY PLAN CACHE HITS: 0/1 statement(s)]
After reset, table use_count: 2
WARNING: Table still has 1 other owner(s) after pipeline reset!
Executing script file done
$:hsh clear_plan_caches
Cleared PQP and LQP caches
$:hsh clear_pipeline
Released last SQLPipeline
$:hsh reset_exec_pools
Reset execution pools (2, 3) bump pointers to start
$:hsh mem_usage
------------------------------------------
Memory Usage Statistics:
VmSize:	327397560 kB
VmRSS:	69038956 kB
0: MemResourceStatus {MigratedColumnsAggregate,18446744073709551615,63469016785,52888587462,52888587462,0,0,N/A}
MemResourceStatus {NumaMonotonicResource,3,53687091200,0,0,0,1,0}
MemResourceStatus {NumaMonotonicResource,2,53687091200,0,0,0,0,0}
0: MemResourceStatus {MemManagerAggregate,18446744073709551615,53687091200,0,0,0,0,N/A}
1: MemResourceStatus {MemManagerAggregate,18446744073709551615,53687091200,0,0,0,1,N/A}
MemResourceStatus {DefaultResource,18446744073709551615,18446744073709551615,18446744069992734019,60455899246,0,-1,N/A}
Quick Memory Usage Overview:
Used Capacity: 52888587462, 0
------------------------------------------
Executing script file: /home/umeshsum/tpch_queries/11.sql
[32m(release)[0m> select
[32m(release)[0m> 	ps_partkey,
[32m(release)[0m> 	sum(ps_supplycost * ps_availqty) as value
[32m(release)[0m> from
[32m(release)[0m> 	partsupp,
[32m(release)[0m> 	supplier,
[32m(release)[0m> 	nation
[32m(release)[0m> where
[32m(release)[0m> 	ps_suppkey = s_suppkey
[32m(release)[0m> 	and s_nationkey = n_nationkey
[32m(release)[0m> 	and n_name = 'GERMANY'
[32m(release)[0m> group by
[32m(release)[0m> 	ps_partkey having
[32m(release)[0m> 		sum(ps_supplycost * ps_availqty) > (
[32m(release)[0m> 			select
[32m(release)[0m> 				sum(ps_supplycost * ps_availqty) * 0.0001000000
[32m(release)[0m> 			from
[32m(release)[0m> 				partsupp,
[32m(release)[0m> 				supplier,
[32m(release)[0m> 				nation
[32m(release)[0m> 			where
[32m(release)[0m> 				ps_suppkey = s_suppkey
[32m(release)[0m> 				and s_nationkey = n_nationkey
[32m(release)[0m> 				and n_name = 'GERMANY'
[32m(release)[0m> 		)
[32m(release)[0m> order by
[32m(release)[0m> 	value desc;
VmRSS Change: 18446744073709550880 KB
===
0 rows total
Execution info: [PARSE: 64 µs 229 ns, SQL TRANSLATE: 205 µs 778 ns, OPTIMIZE: 4 ms 517 µs, LQP TRANSLATE: 173 µs 328 ns, EXECUTE: 149 ms 82 µs (wall time) | QUERY PLAN CACHE HITS: 0/1 statement(s)]
After reset, table use_count: 2
WARNING: Table still has 1 other owner(s) after pipeline reset!
Executing script file done
$:hsh clear_plan_caches
Cleared PQP and LQP caches
$:hsh clear_pipeline
Released last SQLPipeline
$:hsh reset_exec_pools
Reset execution pools (2, 3) bump pointers to start
$:hsh mem_usage
------------------------------------------
Memory Usage Statistics:
VmSize:	327397560 kB
VmRSS:	69038220 kB
0: MemResourceStatus {MigratedColumnsAggregate,18446744073709551615,63469016785,52888587462,52888587462,0,0,N/A}
MemResourceStatus {NumaMonotonicResource,3,53687091200,0,0,0,1,0}
MemResourceStatus {NumaMonotonicResource,2,53687091200,0,0,0,0,0}
0: MemResourceStatus {MemManagerAggregate,18446744073709551615,53687091200,0,0,0,0,N/A}
1: MemResourceStatus {MemManagerAggregate,18446744073709551615,53687091200,0,0,0,1,N/A}
MemResourceStatus {DefaultResource,18446744073709551615,18446744073709551615,18446744069992734019,60455899246,0,-1,N/A}
Quick Memory Usage Overview:
Used Capacity: 52888587462, 0
------------------------------------------
Executing script file: /home/umeshsum/tpch_queries/11.sql
[32m(release)[0m> select
[32m(release)[0m> 	ps_partkey,
[32m(release)[0m> 	sum(ps_supplycost * ps_availqty) as value
[32m(release)[0m> from
[32m(release)[0m> 	partsupp,
[32m(release)[0m> 	supplier,
[32m(release)[0m> 	nation
[32m(release)[0m> where
[32m(release)[0m> 	ps_suppkey = s_suppkey
[32m(release)[0m> 	and s_nationkey = n_nationkey
[32m(release)[0m> 	and n_name = 'GERMANY'
[32m(release)[0m> group by
[32m(release)[0m> 	ps_partkey having
[32m(release)[0m> 		sum(ps_supplycost * ps_availqty) > (
[32m(release)[0m> 			select
[32m(release)[0m> 				sum(ps_supplycost * ps_availqty) * 0.0001000000
[32m(release)[0m> 			from
[32m(release)[0m> 				partsupp,
[32m(release)[0m> 				supplier,
[32m(release)[0m> 				nation
[32m(release)[0m> 			where
[32m(release)[0m> 				ps_suppkey = s_suppkey
[32m(release)[0m> 				and s_nationkey = n_nationkey
[32m(release)[0m> 				and n_name = 'GERMANY'
[32m(release)[0m> 		)
[32m(release)[0m> order by
[32m(release)[0m> 	value desc;
VmRSS Change: 28 KB
===
0 rows total
Execution info: [PARSE: 63 µs 429 ns, SQL TRANSLATE: 194 µs 298 ns, OPTIMIZE: 4 ms 529 µs, LQP TRANSLATE: 174 µs 908 ns, EXECUTE: 151 ms 514 µs (wall time) | QUERY PLAN CACHE HITS: 0/1 statement(s)]
After reset, table use_count: 2
WARNING: Table still has 1 other owner(s) after pipeline reset!
Executing script file done
$:hsh clear_plan_caches
Cleared PQP and LQP caches
$:hsh clear_pipeline
Released last SQLPipeline
$:hsh reset_exec_pools
Reset execution pools (2, 3) bump pointers to start
$:hsh mem_usage
------------------------------------------
Memory Usage Statistics:
VmSize:	327397560 kB
VmRSS:	69038248 kB
0: MemResourceStatus {MigratedColumnsAggregate,18446744073709551615,63469016785,52888587462,52888587462,0,0,N/A}
MemResourceStatus {NumaMonotonicResource,3,53687091200,0,0,0,1,0}
MemResourceStatus {NumaMonotonicResource,2,53687091200,0,0,0,0,0}
0: MemResourceStatus {MemManagerAggregate,18446744073709551615,53687091200,0,0,0,0,N/A}
1: MemResourceStatus {MemManagerAggregate,18446744073709551615,53687091200,0,0,0,1,N/A}
MemResourceStatus {DefaultResource,18446744073709551615,18446744073709551615,18446744069992734019,60455899246,0,-1,N/A}
Quick Memory Usage Overview:
Used Capacity: 52888587462, 0
------------------------------------------
Executing script file: /home/umeshsum/tpch_queries/11.sql
[32m(release)[0m> select
[32m(release)[0m> 	ps_partkey,
[32m(release)[0m> 	sum(ps_supplycost * ps_availqty) as value
[32m(release)[0m> from
[32m(release)[0m> 	partsupp,
[32m(release)[0m> 	supplier,
[32m(release)[0m> 	nation
[32m(release)[0m> where
[32m(release)[0m> 	ps_suppkey = s_suppkey
[32m(release)[0m> 	and s_nationkey = n_nationkey
[32m(release)[0m> 	and n_name = 'GERMANY'
[32m(release)[0m> group by
[32m(release)[0m> 	ps_partkey having
[32m(release)[0m> 		sum(ps_supplycost * ps_availqty) > (
[32m(release)[0m> 			select
[32m(release)[0m> 				sum(ps_supplycost * ps_availqty) * 0.0001000000
[32m(release)[0m> 			from
[32m(release)[0m> 				partsupp,
[32m(release)[0m> 				supplier,
[32m(release)[0m> 				nation
[32m(release)[0m> 			where
[32m(release)[0m> 				ps_suppkey = s_suppkey
[32m(release)[0m> 				and s_nationkey = n_nationkey
[32m(release)[0m> 				and n_name = 'GERMANY'
[32m(release)[0m> 		)
[32m(release)[0m> order by
[32m(release)[0m> 	value desc;
VmRSS Change: 18446744073709551276 KB
===
0 rows total
Execution info: [PARSE: 64 µs 700 ns, SQL TRANSLATE: 192 µs 768 ns, OPTIMIZE: 4 ms 501 µs, LQP TRANSLATE: 182 µs 988 ns, EXECUTE: 155 ms 777 µs (wall time) | QUERY PLAN CACHE HITS: 0/1 statement(s)]
After reset, table use_count: 2
WARNING: Table still has 1 other owner(s) after pipeline reset!
Executing script file done
$:hsh clear_plan_caches
Cleared PQP and LQP caches
$:hsh clear_pipeline
Released last SQLPipeline
$:hsh reset_exec_pools
Reset execution pools (2, 3) bump pointers to start
$:hsh mem_usage
------------------------------------------
Memory Usage Statistics:
VmSize:	327397560 kB
VmRSS:	69037908 kB
0: MemResourceStatus {MigratedColumnsAggregate,18446744073709551615,63469016785,52888587462,52888587462,0,0,N/A}
MemResourceStatus {NumaMonotonicResource,3,53687091200,0,0,0,1,0}
MemResourceStatus {NumaMonotonicResource,2,53687091200,0,0,0,0,0}
0: MemResourceStatus {MemManagerAggregate,18446744073709551615,53687091200,0,0,0,0,N/A}
1: MemResourceStatus {MemManagerAggregate,18446744073709551615,53687091200,0,0,0,1,N/A}
MemResourceStatus {DefaultResource,18446744073709551615,18446744073709551615,18446744069992734019,60455899246,0,-1,N/A}
Quick Memory Usage Overview:
Used Capacity: 52888587462, 0
------------------------------------------
Executing script file: /home/umeshsum/tpch_queries/11.sql
[32m(release)[0m> select
[32m(release)[0m> 	ps_partkey,
[32m(release)[0m> 	sum(ps_supplycost * ps_availqty) as value
[32m(release)[0m> from
[32m(release)[0m> 	partsupp,
[32m(release)[0m> 	supplier,
[32m(release)[0m> 	nation
[32m(release)[0m> where
[32m(release)[0m> 	ps_suppkey = s_suppkey
[32m(release)[0m> 	and s_nationkey = n_nationkey
[32m(release)[0m> 	and n_name = 'GERMANY'
[32m(release)[0m> group by
[32m(release)[0m> 	ps_partkey having
[32m(release)[0m> 		sum(ps_supplycost * ps_availqty) > (
[32m(release)[0m> 			select
[32m(release)[0m> 				sum(ps_supplycost * ps_availqty) * 0.0001000000
[32m(release)[0m> 			from
[32m(release)[0m> 				partsupp,
[32m(release)[0m> 				supplier,
[32m(release)[0m> 				nation
[32m(release)[0m> 			where
[32m(release)[0m> 				ps_suppkey = s_suppkey
[32m(release)[0m> 				and s_nationkey = n_nationkey
[32m(release)[0m> 				and n_name = 'GERMANY'
[32m(release)[0m> 		)
[32m(release)[0m> order by
[32m(release)[0m> 	value desc;
VmRSS Change: 76 KB
===
0 rows total
Execution info: [PARSE: 64 µs 189 ns, SQL TRANSLATE: 191 µs 438 ns, OPTIMIZE: 4 ms 549 µs, LQP TRANSLATE: 175 µs 48 ns, EXECUTE: 147 ms 302 µs (wall time) | QUERY PLAN CACHE HITS: 0/1 statement(s)]
After reset, table use_count: 2
WARNING: Table still has 1 other owner(s) after pipeline reset!
Executing script file done
$:hsh clear_plan_caches
Cleared PQP and LQP caches
$:hsh clear_pipeline
Released last SQLPipeline
$:hsh reset_exec_pools
Reset execution pools (2, 3) bump pointers to start
$:hsh mem_usage
------------------------------------------
Memory Usage Statistics:
VmSize:	327397560 kB
VmRSS:	69037984 kB
0: MemResourceStatus {MigratedColumnsAggregate,18446744073709551615,63469016785,52888587462,52888587462,0,0,N/A}
MemResourceStatus {NumaMonotonicResource,3,53687091200,0,0,0,1,0}
MemResourceStatus {NumaMonotonicResource,2,53687091200,0,0,0,0,0}
0: MemResourceStatus {MemManagerAggregate,18446744073709551615,53687091200,0,0,0,0,N/A}
1: MemResourceStatus {MemManagerAggregate,18446744073709551615,53687091200,0,0,0,1,N/A}
MemResourceStatus {DefaultResource,18446744073709551615,18446744073709551615,18446744069992734019,60455899246,0,-1,N/A}
Quick Memory Usage Overview:
Used Capacity: 52888587462, 0
------------------------------------------
Executing script file: /home/umeshsum/tpch_queries/11.sql
[32m(release)[0m> select
[32m(release)[0m> 	ps_partkey,
[32m(release)[0m> 	sum(ps_supplycost * ps_availqty) as value
[32m(release)[0m> from
[32m(release)[0m> 	partsupp,
[32m(release)[0m> 	supplier,
[32m(release)[0m> 	nation
[32m(release)[0m> where
[32m(release)[0m> 	ps_suppkey = s_suppkey
[32m(release)[0m> 	and s_nationkey = n_nationkey
[32m(release)[0m> 	and n_name = 'GERMANY'
[32m(release)[0m> group by
[32m(release)[0m> 	ps_partkey having
[32m(release)[0m> 		sum(ps_supplycost * ps_availqty) > (
[32m(release)[0m> 			select
[32m(release)[0m> 				sum(ps_supplycost * ps_availqty) * 0.0001000000
[32m(release)[0m> 			from
[32m(release)[0m> 				partsupp,
[32m(release)[0m> 				supplier,
[32m(release)[0m> 				nation
[32m(release)[0m> 			where
[32m(release)[0m> 				ps_suppkey = s_suppkey
[32m(release)[0m> 				and s_nationkey = n_nationkey
[32m(release)[0m> 				and n_name = 'GERMANY'
[32m(release)[0m> 		)
[32m(release)[0m> order by
[32m(release)[0m> 	value desc;
VmRSS Change: 18446744073709551592 KB
===
0 rows total
Execution info: [PARSE: 63 µs 569 ns, SQL TRANSLATE: 195 µs 608 ns, OPTIMIZE: 4 ms 501 µs, LQP TRANSLATE: 176 µs 289 ns, EXECUTE: 146 ms 340 µs (wall time) | QUERY PLAN CACHE HITS: 0/1 statement(s)]
After reset, table use_count: 2
WARNING: Table still has 1 other owner(s) after pipeline reset!
Executing script file done
$:hsh clear_plan_caches
Cleared PQP and LQP caches
$:hsh clear_pipeline
Released last SQLPipeline
$:hsh reset_exec_pools
Reset execution pools (2, 3) bump pointers to start
$:hsh mem_usage
------------------------------------------
Memory Usage Statistics:
VmSize:	327397560 kB
VmRSS:	69037960 kB
0: MemResourceStatus {MigratedColumnsAggregate,18446744073709551615,63469016785,52888587462,52888587462,0,0,N/A}
MemResourceStatus {NumaMonotonicResource,3,53687091200,0,0,0,1,0}
MemResourceStatus {NumaMonotonicResource,2,53687091200,0,0,0,0,0}
0: MemResourceStatus {MemManagerAggregate,18446744073709551615,53687091200,0,0,0,0,N/A}
1: MemResourceStatus {MemManagerAggregate,18446744073709551615,53687091200,0,0,0,1,N/A}
MemResourceStatus {DefaultResource,18446744073709551615,18446744073709551615,18446744069992734019,60455899246,0,-1,N/A}
Quick Memory Usage Overview:
Used Capacity: 52888587462, 0
------------------------------------------
Executing script file: /home/umeshsum/tpch_queries/11.sql
[32m(release)[0m> select
[32m(release)[0m> 	ps_partkey,
[32m(release)[0m> 	sum(ps_supplycost * ps_availqty) as value
[32m(release)[0m> from
[32m(release)[0m> 	partsupp,
[32m(release)[0m> 	supplier,
[32m(release)[0m> 	nation
[32m(release)[0m> where
[32m(release)[0m> 	ps_suppkey = s_suppkey
[32m(release)[0m> 	and s_nationkey = n_nationkey
[32m(release)[0m> 	and n_name = 'GERMANY'
[32m(release)[0m> group by
[32m(release)[0m> 	ps_partkey having
[32m(release)[0m> 		sum(ps_supplycost * ps_availqty) > (
[32m(release)[0m> 			select
[32m(release)[0m> 				sum(ps_supplycost * ps_availqty) * 0.0001000000
[32m(release)[0m> 			from
[32m(release)[0m> 				partsupp,
[32m(release)[0m> 				supplier,
[32m(release)[0m> 				nation
[32m(release)[0m> 			where
[32m(release)[0m> 				ps_suppkey = s_suppkey
[32m(release)[0m> 				and s_nationkey = n_nationkey
[32m(release)[0m> 				and n_name = 'GERMANY'
[32m(release)[0m> 		)
[32m(release)[0m> order by
[32m(release)[0m> 	value desc;
VmRSS Change: 18446744073709551488 KB
===
0 rows total
Execution info: [PARSE: 64 µs 849 ns, SQL TRANSLATE: 203 µs 928 ns, OPTIMIZE: 4 ms 544 µs, LQP TRANSLATE: 176 µs 108 ns, EXECUTE: 149 ms 954 µs (wall time) | QUERY PLAN CACHE HITS: 0/1 statement(s)]
After reset, table use_count: 2
WARNING: Table still has 1 other owner(s) after pipeline reset!
Executing script file done
$:hsh clear_plan_caches
Cleared PQP and LQP caches
$:hsh clear_pipeline
Released last SQLPipeline
$:hsh reset_exec_pools
Reset execution pools (2, 3) bump pointers to start
$:hsh mem_usage
------------------------------------------
Memory Usage Statistics:
VmSize:	327397560 kB
VmRSS:	69037832 kB
0: MemResourceStatus {MigratedColumnsAggregate,18446744073709551615,63469016785,52888587462,52888587462,0,0,N/A}
MemResourceStatus {NumaMonotonicResource,3,53687091200,0,0,0,1,0}
MemResourceStatus {NumaMonotonicResource,2,53687091200,0,0,0,0,0}
0: MemResourceStatus {MemManagerAggregate,18446744073709551615,53687091200,0,0,0,0,N/A}
1: MemResourceStatus {MemManagerAggregate,18446744073709551615,53687091200,0,0,0,1,N/A}
MemResourceStatus {DefaultResource,18446744073709551615,18446744073709551615,18446744069992734019,60455899246,0,-1,N/A}
Quick Memory Usage Overview:
Used Capacity: 52888587462, 0
------------------------------------------
Executing script file: /home/umeshsum/tpch_queries/11.sql
[32m(release)[0m> select
[32m(release)[0m> 	ps_partkey,
[32m(release)[0m> 	sum(ps_supplycost * ps_availqty) as value
[32m(release)[0m> from
[32m(release)[0m> 	partsupp,
[32m(release)[0m> 	supplier,
[32m(release)[0m> 	nation
[32m(release)[0m> where
[32m(release)[0m> 	ps_suppkey = s_suppkey
[32m(release)[0m> 	and s_nationkey = n_nationkey
[32m(release)[0m> 	and n_name = 'GERMANY'
[32m(release)[0m> group by
[32m(release)[0m> 	ps_partkey having
[32m(release)[0m> 		sum(ps_supplycost * ps_availqty) > (
[32m(release)[0m> 			select
[32m(release)[0m> 				sum(ps_supplycost * ps_availqty) * 0.0001000000
[32m(release)[0m> 			from
[32m(release)[0m> 				partsupp,
[32m(release)[0m> 				supplier,
[32m(release)[0m> 				nation
[32m(release)[0m> 			where
[32m(release)[0m> 				ps_suppkey = s_suppkey
[32m(release)[0m> 				and s_nationkey = n_nationkey
[32m(release)[0m> 				and n_name = 'GERMANY'
[32m(release)[0m> 		)
[32m(release)[0m> order by
[32m(release)[0m> 	value desc;
VmRSS Change: 18446744073709548300 KB
===
0 rows total
Execution info: [PARSE: 63 µs 429 ns, SQL TRANSLATE: 193 µs 48 ns, OPTIMIZE: 4 ms 488 µs, LQP TRANSLATE: 187 µs 648 ns, EXECUTE: 146 ms 421 µs (wall time) | QUERY PLAN CACHE HITS: 0/1 statement(s)]
After reset, table use_count: 2
WARNING: Table still has 1 other owner(s) after pipeline reset!
Executing script file done
$:hsh clear_plan_caches
Cleared PQP and LQP caches
$:hsh clear_pipeline
Released last SQLPipeline
$:hsh reset_exec_pools
Reset execution pools (2, 3) bump pointers to start
$:hsh mem_usage
------------------------------------------
Memory Usage Statistics:
VmSize:	327397560 kB
VmRSS:	69034516 kB
0: MemResourceStatus {MigratedColumnsAggregate,18446744073709551615,63469016785,52888587462,52888587462,0,0,N/A}
MemResourceStatus {NumaMonotonicResource,3,53687091200,0,0,0,1,0}
MemResourceStatus {NumaMonotonicResource,2,53687091200,0,0,0,0,0}
0: MemResourceStatus {MemManagerAggregate,18446744073709551615,53687091200,0,0,0,0,N/A}
1: MemResourceStatus {MemManagerAggregate,18446744073709551615,53687091200,0,0,0,1,N/A}
MemResourceStatus {DefaultResource,18446744073709551615,18446744073709551615,18446744069992734019,60455899246,0,-1,N/A}
Quick Memory Usage Overview:
Used Capacity: 52888587462, 0
------------------------------------------
Label set to d1000000000000_tf1000000000000_q12
$:hsh clear_plan_caches
Cleared PQP and LQP caches
$:hsh clear_pipeline
Released last SQLPipeline
$:hsh reset_exec_pools
Reset execution pools (2, 3) bump pointers to start
$:hsh mem_usage
------------------------------------------
Memory Usage Statistics:
VmSize:	327397560 kB
VmRSS:	69034516 kB
0: MemResourceStatus {MigratedColumnsAggregate,18446744073709551615,63469016785,52888587462,52888587462,0,0,N/A}
MemResourceStatus {NumaMonotonicResource,3,53687091200,0,0,0,1,0}
MemResourceStatus {NumaMonotonicResource,2,53687091200,0,0,0,0,0}
0: MemResourceStatus {MemManagerAggregate,18446744073709551615,53687091200,0,0,0,0,N/A}
1: MemResourceStatus {MemManagerAggregate,18446744073709551615,53687091200,0,0,0,1,N/A}
MemResourceStatus {DefaultResource,18446744073709551615,18446744073709551615,18446744069992734019,60455899246,0,-1,N/A}
Quick Memory Usage Overview:
Used Capacity: 52888587462, 0
------------------------------------------
Executing script file: /home/umeshsum/tpch_queries/12.sql
[32m(release)[0m> select
[32m(release)[0m> 	l_shipmode,
[32m(release)[0m> 	sum(case
[32m(release)[0m> 		when o_orderpriority = '1-URGENT'
[32m(release)[0m> 			or o_orderpriority = '2-HIGH'
[32m(release)[0m> 			then 1
[32m(release)[0m> 		else 0
[32m(release)[0m> 	end) as high_line_count,
[32m(release)[0m> 	sum(case
[32m(release)[0m> 		when o_orderpriority <> '1-URGENT'
[32m(release)[0m> 			and o_orderpriority <> '2-HIGH'
[32m(release)[0m> 			then 1
[32m(release)[0m> 		else 0
[32m(release)[0m> 	end) as low_line_count
[32m(release)[0m> from
[32m(release)[0m> 	orders,
[32m(release)[0m> 	lineitem
[32m(release)[0m> where
[32m(release)[0m> 	o_orderkey = l_orderkey
[32m(release)[0m> 	and l_shipmode in ('MAIL', 'SHIP')
[32m(release)[0m> 	and l_commitdate < l_receiptdate
[32m(release)[0m> 	and l_shipdate < l_commitdate
[32m(release)[0m> 	and l_receiptdate >= date '1994-01-01'
[32m(release)[0m> 	and l_receiptdate < date '1994-01-01' + interval '1' year
[32m(release)[0m> group by
[32m(release)[0m> 	l_shipmode
[32m(release)[0m> order by
[32m(release)[0m> 	l_shipmode;
Greedy pick_runtime_exec_resource: local pool full, falling back to remote pool
Greedy pick_runtime_exec_resource: local pool full, falling back to remote pool
Greedy pick_runtime_exec_resource: local pool full, falling back to remote pool
Greedy pick_runtime_exec_resource: local pool full, falling back to remote pool
Greedy pick_runtime_exec_resource: local pool full, falling back to remote pool
Greedy pick_runtime_exec_resource: local pool full, falling back to remote pool
VmRSS Change: 491656 KB
===
2 rows total
Execution info: [PARSE: 82 µs 529 ns, SQL TRANSLATE: 301 µs 537 ns, OPTIMIZE: 4 ms 386 µs, LQP TRANSLATE: 210 µs 408 ns, EXECUTE: 1 s 558 ms (wall time) | QUERY PLAN CACHE HITS: 0/1 statement(s)]
After reset, table use_count: 2
WARNING: Table still has 1 other owner(s) after pipeline reset!
Executing script file done
$:hsh clear_plan_caches
Cleared PQP and LQP caches
$:hsh clear_pipeline
Released last SQLPipeline
$:hsh reset_exec_pools
Reset execution pools (2, 3) bump pointers to start
$:hsh mem_usage
------------------------------------------
Memory Usage Statistics:
VmSize:	327399612 kB
VmRSS:	69526184 kB
0: MemResourceStatus {MigratedColumnsAggregate,18446744073709551615,63469016785,52888587462,52888587462,0,0,N/A}
MemResourceStatus {NumaMonotonicResource,3,53687091200,0,0,0,1,0}
MemResourceStatus {NumaMonotonicResource,2,53687091200,0,0,0,0,0}
0: MemResourceStatus {MemManagerAggregate,18446744073709551615,53687091200,0,0,0,0,N/A}
1: MemResourceStatus {MemManagerAggregate,18446744073709551615,53687091200,0,0,0,1,N/A}
MemResourceStatus {DefaultResource,18446744073709551615,18446744073709551615,18446744069992734019,60455899246,0,-1,N/A}
Quick Memory Usage Overview:
Used Capacity: 52888587462, 0
------------------------------------------
Executing script file: /home/umeshsum/tpch_queries/12.sql
[32m(release)[0m> select
[32m(release)[0m> 	l_shipmode,
[32m(release)[0m> 	sum(case
[32m(release)[0m> 		when o_orderpriority = '1-URGENT'
[32m(release)[0m> 			or o_orderpriority = '2-HIGH'
[32m(release)[0m> 			then 1
[32m(release)[0m> 		else 0
[32m(release)[0m> 	end) as high_line_count,
[32m(release)[0m> 	sum(case
[32m(release)[0m> 		when o_orderpriority <> '1-URGENT'
[32m(release)[0m> 			and o_orderpriority <> '2-HIGH'
[32m(release)[0m> 			then 1
[32m(release)[0m> 		else 0
[32m(release)[0m> 	end) as low_line_count
[32m(release)[0m> from
[32m(release)[0m> 	orders,
[32m(release)[0m> 	lineitem
[32m(release)[0m> where
[32m(release)[0m> 	o_orderkey = l_orderkey
[32m(release)[0m> 	and l_shipmode in ('MAIL', 'SHIP')
[32m(release)[0m> 	and l_commitdate < l_receiptdate
[32m(release)[0m> 	and l_shipdate < l_commitdate
[32m(release)[0m> 	and l_receiptdate >= date '1994-01-01'
[32m(release)[0m> 	and l_receiptdate < date '1994-01-01' + interval '1' year
[32m(release)[0m> group by
[32m(release)[0m> 	l_shipmode
[32m(release)[0m> order by
[32m(release)[0m> 	l_shipmode;
Greedy pick_runtime_exec_resource: local pool full, falling back to remote pool
Greedy pick_runtime_exec_resource: local pool full, falling back to remote pool
Greedy pick_runtime_exec_resource: local pool full, falling back to remote pool
Greedy pick_runtime_exec_resource: local pool full, falling back to remote pool
Greedy pick_runtime_exec_resource: local pool full, falling back to remote pool
Greedy pick_runtime_exec_resource: local pool full, falling back to remote pool
Greedy pick_runtime_exec_resource: local pool full, falling back to remote pool
VmRSS Change: 18446744073709540512 KB
===
2 rows total
Execution info: [PARSE: 74 µs 789 ns, SQL TRANSLATE: 180 µs 638 ns, OPTIMIZE: 4 ms 206 µs, LQP TRANSLATE: 202 µs 528 ns, EXECUTE: 1 s 466 ms (wall time) | QUERY PLAN CACHE HITS: 0/1 statement(s)]
After reset, table use_count: 2
WARNING: Table still has 1 other owner(s) after pipeline reset!
Executing script file done
$:hsh clear_plan_caches
Cleared PQP and LQP caches
$:hsh clear_pipeline
Released last SQLPipeline
$:hsh reset_exec_pools
Reset execution pools (2, 3) bump pointers to start
$:hsh mem_usage
------------------------------------------
Memory Usage Statistics:
VmSize:	327399612 kB
VmRSS:	69515080 kB
0: MemResourceStatus {MigratedColumnsAggregate,18446744073709551615,63469016785,52888587462,52888587462,0,0,N/A}
MemResourceStatus {NumaMonotonicResource,3,53687091200,0,0,0,1,0}
MemResourceStatus {NumaMonotonicResource,2,53687091200,0,0,0,0,0}
0: MemResourceStatus {MemManagerAggregate,18446744073709551615,53687091200,0,0,0,0,N/A}
1: MemResourceStatus {MemManagerAggregate,18446744073709551615,53687091200,0,0,0,1,N/A}
MemResourceStatus {DefaultResource,18446744073709551615,18446744073709551615,18446744069992734019,60455899246,0,-1,N/A}
Quick Memory Usage Overview:
Used Capacity: 52888587462, 0
------------------------------------------
Executing script file: /home/umeshsum/tpch_queries/12.sql
[32m(release)[0m> select
[32m(release)[0m> 	l_shipmode,
[32m(release)[0m> 	sum(case
[32m(release)[0m> 		when o_orderpriority = '1-URGENT'
[32m(release)[0m> 			or o_orderpriority = '2-HIGH'
[32m(release)[0m> 			then 1
[32m(release)[0m> 		else 0
[32m(release)[0m> 	end) as high_line_count,
[32m(release)[0m> 	sum(case
[32m(release)[0m> 		when o_orderpriority <> '1-URGENT'
[32m(release)[0m> 			and o_orderpriority <> '2-HIGH'
[32m(release)[0m> 			then 1
[32m(release)[0m> 		else 0
[32m(release)[0m> 	end) as low_line_count
[32m(release)[0m> from
[32m(release)[0m> 	orders,
[32m(release)[0m> 	lineitem
[32m(release)[0m> where
[32m(release)[0m> 	o_orderkey = l_orderkey
[32m(release)[0m> 	and l_shipmode in ('MAIL', 'SHIP')
[32m(release)[0m> 	and l_commitdate < l_receiptdate
[32m(release)[0m> 	and l_shipdate < l_commitdate
[32m(release)[0m> 	and l_receiptdate >= date '1994-01-01'
[32m(release)[0m> 	and l_receiptdate < date '1994-01-01' + interval '1' year
[32m(release)[0m> group by
[32m(release)[0m> 	l_shipmode
[32m(release)[0m> order by
[32m(release)[0m> 	l_shipmode;
Greedy pick_runtime_exec_resource: local pool full, falling back to remote pool
Greedy pick_runtime_exec_resource: local pool full, falling back to remote pool
Greedy pick_runtime_exec_resource: local pool full, falling back to remote pool
Greedy pick_runtime_exec_resource: local pool full, falling back to remote pool
VmRSS Change: 264 KB
===
2 rows total
Execution info: [PARSE: 75 µs 449 ns, SQL TRANSLATE: 184 µs 538 ns, OPTIMIZE: 4 ms 191 µs, LQP TRANSLATE: 201 µs 897 ns, EXECUTE: 1 s 469 ms (wall time) | QUERY PLAN CACHE HITS: 0/1 statement(s)]
After reset, table use_count: 2
WARNING: Table still has 1 other owner(s) after pipeline reset!
Executing script file done
$:hsh clear_plan_caches
Cleared PQP and LQP caches
$:hsh clear_pipeline
Released last SQLPipeline
$:hsh reset_exec_pools
Reset execution pools (2, 3) bump pointers to start
$:hsh mem_usage
------------------------------------------
Memory Usage Statistics:
VmSize:	327399612 kB
VmRSS:	69515344 kB
0: MemResourceStatus {MigratedColumnsAggregate,18446744073709551615,63469016785,52888587462,52888587462,0,0,N/A}
MemResourceStatus {NumaMonotonicResource,3,53687091200,0,0,0,1,0}
MemResourceStatus {NumaMonotonicResource,2,53687091200,0,0,0,0,0}
0: MemResourceStatus {MemManagerAggregate,18446744073709551615,53687091200,0,0,0,0,N/A}
1: MemResourceStatus {MemManagerAggregate,18446744073709551615,53687091200,0,0,0,1,N/A}
MemResourceStatus {DefaultResource,18446744073709551615,18446744073709551615,18446744069992734019,60455899246,0,-1,N/A}
Quick Memory Usage Overview:
Used Capacity: 52888587462, 0
------------------------------------------
Executing script file: /home/umeshsum/tpch_queries/12.sql
[32m(release)[0m> select
[32m(release)[0m> 	l_shipmode,
[32m(release)[0m> 	sum(case
[32m(release)[0m> 		when o_orderpriority = '1-URGENT'
[32m(release)[0m> 			or o_orderpriority = '2-HIGH'
[32m(release)[0m> 			then 1
[32m(release)[0m> 		else 0
[32m(release)[0m> 	end) as high_line_count,
[32m(release)[0m> 	sum(case
[32m(release)[0m> 		when o_orderpriority <> '1-URGENT'
[32m(release)[0m> 			and o_orderpriority <> '2-HIGH'
[32m(release)[0m> 			then 1
[32m(release)[0m> 		else 0
[32m(release)[0m> 	end) as low_line_count
[32m(release)[0m> from
[32m(release)[0m> 	orders,
[32m(release)[0m> 	lineitem
[32m(release)[0m> where
[32m(release)[0m> 	o_orderkey = l_orderkey
[32m(release)[0m> 	and l_shipmode in ('MAIL', 'SHIP')
[32m(release)[0m> 	and l_commitdate < l_receiptdate
[32m(release)[0m> 	and l_shipdate < l_commitdate
[32m(release)[0m> 	and l_receiptdate >= date '1994-01-01'
[32m(release)[0m> 	and l_receiptdate < date '1994-01-01' + interval '1' year
[32m(release)[0m> group by
[32m(release)[0m> 	l_shipmode
[32m(release)[0m> order by
[32m(release)[0m> 	l_shipmode;
Greedy pick_runtime_exec_resource: local pool full, falling back to remote pool
Greedy pick_runtime_exec_resource: local pool full, falling back to remote pool
Greedy pick_runtime_exec_resource: local pool full, falling back to remote pool
Greedy pick_runtime_exec_resource: local pool full, falling back to remote pool
Greedy pick_runtime_exec_resource: local pool full, falling back to remote pool
Greedy pick_runtime_exec_resource: local pool full, falling back to remote pool
Greedy pick_runtime_exec_resource: local pool full, falling back to remote pool
Greedy pick_runtime_exec_resource: local pool full, falling back to remote pool
VmRSS Change: 3540 KB
===
2 rows total
Execution info: [PARSE: 39 µs 89 ns, SQL TRANSLATE: 100 µs 829 ns, OPTIMIZE: 2 ms 449 µs, LQP TRANSLATE: 86 µs 879 ns, EXECUTE: 1 s 437 ms (wall time) | QUERY PLAN CACHE HITS: 0/1 statement(s)]
After reset, table use_count: 2
WARNING: Table still has 1 other owner(s) after pipeline reset!
Executing script file done
$:hsh clear_plan_caches
Cleared PQP and LQP caches
$:hsh clear_pipeline
Released last SQLPipeline
$:hsh reset_exec_pools
Reset execution pools (2, 3) bump pointers to start
$:hsh mem_usage
------------------------------------------
Memory Usage Statistics:
VmSize:	327401664 kB
VmRSS:	69518780 kB
0: MemResourceStatus {MigratedColumnsAggregate,18446744073709551615,63469016785,52888587462,52888587462,0,0,N/A}
MemResourceStatus {NumaMonotonicResource,3,53687091200,0,0,0,1,0}
MemResourceStatus {NumaMonotonicResource,2,53687091200,0,0,0,0,0}
0: MemResourceStatus {MemManagerAggregate,18446744073709551615,53687091200,0,0,0,0,N/A}
1: MemResourceStatus {MemManagerAggregate,18446744073709551615,53687091200,0,0,0,1,N/A}
MemResourceStatus {DefaultResource,18446744073709551615,18446744073709551615,18446744069992734019,60455899246,0,-1,N/A}
Quick Memory Usage Overview:
Used Capacity: 52888587462, 0
------------------------------------------
Executing script file: /home/umeshsum/tpch_queries/12.sql
[32m(release)[0m> select
[32m(release)[0m> 	l_shipmode,
[32m(release)[0m> 	sum(case
[32m(release)[0m> 		when o_orderpriority = '1-URGENT'
[32m(release)[0m> 			or o_orderpriority = '2-HIGH'
[32m(release)[0m> 			then 1
[32m(release)[0m> 		else 0
[32m(release)[0m> 	end) as high_line_count,
[32m(release)[0m> 	sum(case
[32m(release)[0m> 		when o_orderpriority <> '1-URGENT'
[32m(release)[0m> 			and o_orderpriority <> '2-HIGH'
[32m(release)[0m> 			then 1
[32m(release)[0m> 		else 0
[32m(release)[0m> 	end) as low_line_count
[32m(release)[0m> from
[32m(release)[0m> 	orders,
[32m(release)[0m> 	lineitem
[32m(release)[0m> where
[32m(release)[0m> 	o_orderkey = l_orderkey
[32m(release)[0m> 	and l_shipmode in ('MAIL', 'SHIP')
[32m(release)[0m> 	and l_commitdate < l_receiptdate
[32m(release)[0m> 	and l_shipdate < l_commitdate
[32m(release)[0m> 	and l_receiptdate >= date '1994-01-01'
[32m(release)[0m> 	and l_receiptdate < date '1994-01-01' + interval '1' year
[32m(release)[0m> group by
[32m(release)[0m> 	l_shipmode
[32m(release)[0m> order by
[32m(release)[0m> 	l_shipmode;
Greedy pick_runtime_exec_resource: local pool full, falling back to remote pool
Greedy pick_runtime_exec_resource: local pool full, falling back to remote pool
Greedy pick_runtime_exec_resource: local pool full, falling back to remote pool
Greedy pick_runtime_exec_resource: local pool full, falling back to remote pool
Greedy pick_runtime_exec_resource: local pool full, falling back to remote pool
VmRSS Change: 18446744073709551004 KB
===
2 rows total
Execution info: [PARSE: 39 µs 889 ns, SQL TRANSLATE: 101 µs 129 ns, OPTIMIZE: 3 ms 85 µs, LQP TRANSLATE: 88 µs 719 ns, EXECUTE: 1 s 461 ms (wall time) | QUERY PLAN CACHE HITS: 0/1 statement(s)]
After reset, table use_count: 2
WARNING: Table still has 1 other owner(s) after pipeline reset!
Executing script file done
$:hsh clear_plan_caches
Cleared PQP and LQP caches
$:hsh clear_pipeline
Released last SQLPipeline
$:hsh reset_exec_pools
Reset execution pools (2, 3) bump pointers to start
$:hsh mem_usage
------------------------------------------
Memory Usage Statistics:
VmSize:	327401664 kB
VmRSS:	69518168 kB
0: MemResourceStatus {MigratedColumnsAggregate,18446744073709551615,63469016785,52888587462,52888587462,0,0,N/A}
MemResourceStatus {NumaMonotonicResource,3,53687091200,0,0,0,1,0}
MemResourceStatus {NumaMonotonicResource,2,53687091200,0,0,0,0,0}
0: MemResourceStatus {MemManagerAggregate,18446744073709551615,53687091200,0,0,0,0,N/A}
1: MemResourceStatus {MemManagerAggregate,18446744073709551615,53687091200,0,0,0,1,N/A}
MemResourceStatus {DefaultResource,18446744073709551615,18446744073709551615,18446744069992734019,60455899246,0,-1,N/A}
Quick Memory Usage Overview:
Used Capacity: 52888587462, 0
------------------------------------------
Executing script file: /home/umeshsum/tpch_queries/12.sql
[32m(release)[0m> select
[32m(release)[0m> 	l_shipmode,
[32m(release)[0m> 	sum(case
[32m(release)[0m> 		when o_orderpriority = '1-URGENT'
[32m(release)[0m> 			or o_orderpriority = '2-HIGH'
[32m(release)[0m> 			then 1
[32m(release)[0m> 		else 0
[32m(release)[0m> 	end) as high_line_count,
[32m(release)[0m> 	sum(case
[32m(release)[0m> 		when o_orderpriority <> '1-URGENT'
[32m(release)[0m> 			and o_orderpriority <> '2-HIGH'
[32m(release)[0m> 			then 1
[32m(release)[0m> 		else 0
[32m(release)[0m> 	end) as low_line_count
[32m(release)[0m> from
[32m(release)[0m> 	orders,
[32m(release)[0m> 	lineitem
[32m(release)[0m> where
[32m(release)[0m> 	o_orderkey = l_orderkey
[32m(release)[0m> 	and l_shipmode in ('MAIL', 'SHIP')
[32m(release)[0m> 	and l_commitdate < l_receiptdate
[32m(release)[0m> 	and l_shipdate < l_commitdate
[32m(release)[0m> 	and l_receiptdate >= date '1994-01-01'
[32m(release)[0m> 	and l_receiptdate < date '1994-01-01' + interval '1' year
[32m(release)[0m> group by
[32m(release)[0m> 	l_shipmode
[32m(release)[0m> order by
[32m(release)[0m> 	l_shipmode;
Greedy pick_runtime_exec_resource: local pool full, falling back to remote pool
Greedy pick_runtime_exec_resource: local pool full, falling back to remote pool
Greedy pick_runtime_exec_resource: local pool full, falling back to remote pool
Greedy pick_runtime_exec_resource: local pool full, falling back to remote pool
Greedy pick_runtime_exec_resource: local pool full, falling back to remote pool
VmRSS Change: 1000 KB
===
2 rows total
Execution info: [PARSE: 74 µs 79 ns, SQL TRANSLATE: 296 µs 967 ns, OPTIMIZE: 4 ms 290 µs, LQP TRANSLATE: 220 µs 468 ns, EXECUTE: 1 s 448 ms (wall time) | QUERY PLAN CACHE HITS: 0/1 statement(s)]
After reset, table use_count: 2
WARNING: Table still has 1 other owner(s) after pipeline reset!
Executing script file done
$:hsh clear_plan_caches
Cleared PQP and LQP caches
$:hsh clear_pipeline
Released last SQLPipeline
$:hsh reset_exec_pools
Reset execution pools (2, 3) bump pointers to start
$:hsh mem_usage
------------------------------------------
Memory Usage Statistics:
VmSize:	327403716 kB
VmRSS:	69519048 kB
0: MemResourceStatus {MigratedColumnsAggregate,18446744073709551615,63469016785,52888587462,52888587462,0,0,N/A}
MemResourceStatus {NumaMonotonicResource,3,53687091200,0,0,0,1,0}
MemResourceStatus {NumaMonotonicResource,2,53687091200,0,0,0,0,0}
0: MemResourceStatus {MemManagerAggregate,18446744073709551615,53687091200,0,0,0,0,N/A}
1: MemResourceStatus {MemManagerAggregate,18446744073709551615,53687091200,0,0,0,1,N/A}
MemResourceStatus {DefaultResource,18446744073709551615,18446744073709551615,18446744069992734019,60455899246,0,-1,N/A}
Quick Memory Usage Overview:
Used Capacity: 52888587462, 0
------------------------------------------
Executing script file: /home/umeshsum/tpch_queries/12.sql
[32m(release)[0m> select
[32m(release)[0m> 	l_shipmode,
[32m(release)[0m> 	sum(case
[32m(release)[0m> 		when o_orderpriority = '1-URGENT'
[32m(release)[0m> 			or o_orderpriority = '2-HIGH'
[32m(release)[0m> 			then 1
[32m(release)[0m> 		else 0
[32m(release)[0m> 	end) as high_line_count,
[32m(release)[0m> 	sum(case
[32m(release)[0m> 		when o_orderpriority <> '1-URGENT'
[32m(release)[0m> 			and o_orderpriority <> '2-HIGH'
[32m(release)[0m> 			then 1
[32m(release)[0m> 		else 0
[32m(release)[0m> 	end) as low_line_count
[32m(release)[0m> from
[32m(release)[0m> 	orders,
[32m(release)[0m> 	lineitem
[32m(release)[0m> where
[32m(release)[0m> 	o_orderkey = l_orderkey
[32m(release)[0m> 	and l_shipmode in ('MAIL', 'SHIP')
[32m(release)[0m> 	and l_commitdate < l_receiptdate
[32m(release)[0m> 	and l_shipdate < l_commitdate
[32m(release)[0m> 	and l_receiptdate >= date '1994-01-01'
[32m(release)[0m> 	and l_receiptdate < date '1994-01-01' + interval '1' year
[32m(release)[0m> group by
[32m(release)[0m> 	l_shipmode
[32m(release)[0m> order by
[32m(release)[0m> 	l_shipmode;
Greedy pick_runtime_exec_resource: local pool full, falling back to remote pool
Greedy pick_runtime_exec_resource: local pool full, falling back to remote pool
Greedy pick_runtime_exec_resource: local pool full, falling back to remote pool
Greedy pick_runtime_exec_resource: local pool full, falling back to remote pool
Greedy pick_runtime_exec_resource: local pool full, falling back to remote pool
Greedy pick_runtime_exec_resource: local pool full, falling back to remote pool
Greedy pick_runtime_exec_resource: local pool full, falling back to remote pool
VmRSS Change: 2840 KB
===
2 rows total
Execution info: [PARSE: 75 µs 279 ns, SQL TRANSLATE: 183 µs 208 ns, OPTIMIZE: 4 ms 188 µs, LQP TRANSLATE: 205 µs 387 ns, EXECUTE: 1 s 455 ms (wall time) | QUERY PLAN CACHE HITS: 0/1 statement(s)]
After reset, table use_count: 2
WARNING: Table still has 1 other owner(s) after pipeline reset!
Executing script file done
$:hsh clear_plan_caches
Cleared PQP and LQP caches
$:hsh clear_pipeline
Released last SQLPipeline
$:hsh reset_exec_pools
Reset execution pools (2, 3) bump pointers to start
$:hsh mem_usage
------------------------------------------
Memory Usage Statistics:
VmSize:	327403716 kB
VmRSS:	69521884 kB
0: MemResourceStatus {MigratedColumnsAggregate,18446744073709551615,63469016785,52888587462,52888587462,0,0,N/A}
MemResourceStatus {NumaMonotonicResource,3,53687091200,0,0,0,1,0}
MemResourceStatus {NumaMonotonicResource,2,53687091200,0,0,0,0,0}
0: MemResourceStatus {MemManagerAggregate,18446744073709551615,53687091200,0,0,0,0,N/A}
1: MemResourceStatus {MemManagerAggregate,18446744073709551615,53687091200,0,0,0,1,N/A}
MemResourceStatus {DefaultResource,18446744073709551615,18446744073709551615,18446744069992734019,60455899246,0,-1,N/A}
Quick Memory Usage Overview:
Used Capacity: 52888587462, 0
------------------------------------------
Executing script file: /home/umeshsum/tpch_queries/12.sql
[32m(release)[0m> select
[32m(release)[0m> 	l_shipmode,
[32m(release)[0m> 	sum(case
[32m(release)[0m> 		when o_orderpriority = '1-URGENT'
[32m(release)[0m> 			or o_orderpriority = '2-HIGH'
[32m(release)[0m> 			then 1
[32m(release)[0m> 		else 0
[32m(release)[0m> 	end) as high_line_count,
[32m(release)[0m> 	sum(case
[32m(release)[0m> 		when o_orderpriority <> '1-URGENT'
[32m(release)[0m> 			and o_orderpriority <> '2-HIGH'
[32m(release)[0m> 			then 1
[32m(release)[0m> 		else 0
[32m(release)[0m> 	end) as low_line_count
[32m(release)[0m> from
[32m(release)[0m> 	orders,
[32m(release)[0m> 	lineitem
[32m(release)[0m> where
[32m(release)[0m> 	o_orderkey = l_orderkey
[32m(release)[0m> 	and l_shipmode in ('MAIL', 'SHIP')
[32m(release)[0m> 	and l_commitdate < l_receiptdate
[32m(release)[0m> 	and l_shipdate < l_commitdate
[32m(release)[0m> 	and l_receiptdate >= date '1994-01-01'
[32m(release)[0m> 	and l_receiptdate < date '1994-01-01' + interval '1' year
[32m(release)[0m> group by
[32m(release)[0m> 	l_shipmode
[32m(release)[0m> order by
[32m(release)[0m> 	l_shipmode;
Greedy pick_runtime_exec_resource: local pool full, falling back to remote pool
Greedy pick_runtime_exec_resource: local pool full, falling back to remote pool
Greedy pick_runtime_exec_resource: local pool full, falling back to remote pool
Greedy pick_runtime_exec_resource: local pool full, falling back to remote pool
Greedy pick_runtime_exec_resource: local pool full, falling back to remote pool
Greedy pick_runtime_exec_resource: local pool full, falling back to remote pool
VmRSS Change: 432 KB
===
2 rows total
Execution info: [PARSE: 75 µs 269 ns, SQL TRANSLATE: 267 µs 667 ns, OPTIMIZE: 4 ms 245 µs, LQP TRANSLATE: 203 µs 88 ns, EXECUTE: 1 s 447 ms (wall time) | QUERY PLAN CACHE HITS: 0/1 statement(s)]
After reset, table use_count: 2
WARNING: Table still has 1 other owner(s) after pipeline reset!
Executing script file done
$:hsh clear_plan_caches
Cleared PQP and LQP caches
$:hsh clear_pipeline
Released last SQLPipeline
$:hsh reset_exec_pools
Reset execution pools (2, 3) bump pointers to start
$:hsh mem_usage
------------------------------------------
Memory Usage Statistics:
VmSize:	327403716 kB
VmRSS:	69522316 kB
0: MemResourceStatus {MigratedColumnsAggregate,18446744073709551615,63469016785,52888587462,52888587462,0,0,N/A}
MemResourceStatus {NumaMonotonicResource,3,53687091200,0,0,0,1,0}
MemResourceStatus {NumaMonotonicResource,2,53687091200,0,0,0,0,0}
0: MemResourceStatus {MemManagerAggregate,18446744073709551615,53687091200,0,0,0,0,N/A}
1: MemResourceStatus {MemManagerAggregate,18446744073709551615,53687091200,0,0,0,1,N/A}
MemResourceStatus {DefaultResource,18446744073709551615,18446744073709551615,18446744069992734019,60455899246,0,-1,N/A}
Quick Memory Usage Overview:
Used Capacity: 52888587462, 0
------------------------------------------
Executing script file: /home/umeshsum/tpch_queries/12.sql
[32m(release)[0m> select
[32m(release)[0m> 	l_shipmode,
[32m(release)[0m> 	sum(case
[32m(release)[0m> 		when o_orderpriority = '1-URGENT'
[32m(release)[0m> 			or o_orderpriority = '2-HIGH'
[32m(release)[0m> 			then 1
[32m(release)[0m> 		else 0
[32m(release)[0m> 	end) as high_line_count,
[32m(release)[0m> 	sum(case
[32m(release)[0m> 		when o_orderpriority <> '1-URGENT'
[32m(release)[0m> 			and o_orderpriority <> '2-HIGH'
[32m(release)[0m> 			then 1
[32m(release)[0m> 		else 0
[32m(release)[0m> 	end) as low_line_count
[32m(release)[0m> from
[32m(release)[0m> 	orders,
[32m(release)[0m> 	lineitem
[32m(release)[0m> where
[32m(release)[0m> 	o_orderkey = l_orderkey
[32m(release)[0m> 	and l_shipmode in ('MAIL', 'SHIP')
[32m(release)[0m> 	and l_commitdate < l_receiptdate
[32m(release)[0m> 	and l_shipdate < l_commitdate
[32m(release)[0m> 	and l_receiptdate >= date '1994-01-01'
[32m(release)[0m> 	and l_receiptdate < date '1994-01-01' + interval '1' year
[32m(release)[0m> group by
[32m(release)[0m> 	l_shipmode
[32m(release)[0m> order by
[32m(release)[0m> 	l_shipmode;
Greedy pick_runtime_exec_resource: local pool full, falling back to remote pool
Greedy pick_runtime_exec_resource: local pool full, falling back to remote pool
Greedy pick_runtime_exec_resource: local pool full, falling back to remote pool
Greedy pick_runtime_exec_resource: local pool full, falling back to remote pool
Greedy pick_runtime_exec_resource: local pool full, falling back to remote pool
Greedy pick_runtime_exec_resource: local pool full, falling back to remote pool
Greedy pick_runtime_exec_resource: local pool full, falling back to remote pool
Greedy pick_runtime_exec_resource: local pool full, falling back to remote pool
VmRSS Change: 18446744073709551316 KB
===
2 rows total
Execution info: [PARSE: 74 µs 739 ns, SQL TRANSLATE: 189 µs 988 ns, OPTIMIZE: 4 ms 258 µs, LQP TRANSLATE: 202 µs 468 ns, EXECUTE: 1 s 442 ms (wall time) | QUERY PLAN CACHE HITS: 0/1 statement(s)]
After reset, table use_count: 2
WARNING: Table still has 1 other owner(s) after pipeline reset!
Executing script file done
$:hsh clear_plan_caches
Cleared PQP and LQP caches
$:hsh clear_pipeline
Released last SQLPipeline
$:hsh reset_exec_pools
Reset execution pools (2, 3) bump pointers to start
$:hsh mem_usage
------------------------------------------
Memory Usage Statistics:
VmSize:	327403716 kB
VmRSS:	69522020 kB
0: MemResourceStatus {MigratedColumnsAggregate,18446744073709551615,63469016785,52888587462,52888587462,0,0,N/A}
MemResourceStatus {NumaMonotonicResource,3,53687091200,0,0,0,1,0}
MemResourceStatus {NumaMonotonicResource,2,53687091200,0,0,0,0,0}
0: MemResourceStatus {MemManagerAggregate,18446744073709551615,53687091200,0,0,0,0,N/A}
1: MemResourceStatus {MemManagerAggregate,18446744073709551615,53687091200,0,0,0,1,N/A}
MemResourceStatus {DefaultResource,18446744073709551615,18446744073709551615,18446744069992734019,60455899246,0,-1,N/A}
Quick Memory Usage Overview:
Used Capacity: 52888587462, 0
------------------------------------------
Executing script file: /home/umeshsum/tpch_queries/12.sql
[32m(release)[0m> select
[32m(release)[0m> 	l_shipmode,
[32m(release)[0m> 	sum(case
[32m(release)[0m> 		when o_orderpriority = '1-URGENT'
[32m(release)[0m> 			or o_orderpriority = '2-HIGH'
[32m(release)[0m> 			then 1
[32m(release)[0m> 		else 0
[32m(release)[0m> 	end) as high_line_count,
[32m(release)[0m> 	sum(case
[32m(release)[0m> 		when o_orderpriority <> '1-URGENT'
[32m(release)[0m> 			and o_orderpriority <> '2-HIGH'
[32m(release)[0m> 			then 1
[32m(release)[0m> 		else 0
[32m(release)[0m> 	end) as low_line_count
[32m(release)[0m> from
[32m(release)[0m> 	orders,
[32m(release)[0m> 	lineitem
[32m(release)[0m> where
[32m(release)[0m> 	o_orderkey = l_orderkey
[32m(release)[0m> 	and l_shipmode in ('MAIL', 'SHIP')
[32m(release)[0m> 	and l_commitdate < l_receiptdate
[32m(release)[0m> 	and l_shipdate < l_commitdate
[32m(release)[0m> 	and l_receiptdate >= date '1994-01-01'
[32m(release)[0m> 	and l_receiptdate < date '1994-01-01' + interval '1' year
[32m(release)[0m> group by
[32m(release)[0m> 	l_shipmode
[32m(release)[0m> order by
[32m(release)[0m> 	l_shipmode;
Greedy pick_runtime_exec_resource: local pool full, falling back to remote pool
Greedy pick_runtime_exec_resource: local pool full, falling back to remote pool
Greedy pick_runtime_exec_resource: local pool full, falling back to remote pool
Greedy pick_runtime_exec_resource: local pool full, falling back to remote pool
Greedy pick_runtime_exec_resource: local pool full, falling back to remote pool
Greedy pick_runtime_exec_resource: local pool full, falling back to remote pool
VmRSS Change: 2956 KB
===
2 rows total
Execution info: [PARSE: 84 µs 939 ns, SQL TRANSLATE: 267 µs 27 ns, OPTIMIZE: 4 ms 224 µs, LQP TRANSLATE: 205 µs 757 ns, EXECUTE: 1 s 461 ms (wall time) | QUERY PLAN CACHE HITS: 0/1 statement(s)]
After reset, table use_count: 2
WARNING: Table still has 1 other owner(s) after pipeline reset!
Executing script file done
$:hsh clear_plan_caches
Cleared PQP and LQP caches
$:hsh clear_pipeline
Released last SQLPipeline
$:hsh reset_exec_pools
Reset execution pools (2, 3) bump pointers to start
$:hsh mem_usage
------------------------------------------
Memory Usage Statistics:
VmSize:	327403716 kB
VmRSS:	69524960 kB
0: MemResourceStatus {MigratedColumnsAggregate,18446744073709551615,63469016785,52888587462,52888587462,0,0,N/A}
MemResourceStatus {NumaMonotonicResource,3,53687091200,0,0,0,1,0}
MemResourceStatus {NumaMonotonicResource,2,53687091200,0,0,0,0,0}
0: MemResourceStatus {MemManagerAggregate,18446744073709551615,53687091200,0,0,0,0,N/A}
1: MemResourceStatus {MemManagerAggregate,18446744073709551615,53687091200,0,0,0,1,N/A}
MemResourceStatus {DefaultResource,18446744073709551615,18446744073709551615,18446744069992734019,60455899246,0,-1,N/A}
Quick Memory Usage Overview:
Used Capacity: 52888587462, 0
------------------------------------------
Executing script file: /home/umeshsum/tpch_queries/12.sql
[32m(release)[0m> select
[32m(release)[0m> 	l_shipmode,
[32m(release)[0m> 	sum(case
[32m(release)[0m> 		when o_orderpriority = '1-URGENT'
[32m(release)[0m> 			or o_orderpriority = '2-HIGH'
[32m(release)[0m> 			then 1
[32m(release)[0m> 		else 0
[32m(release)[0m> 	end) as high_line_count,
[32m(release)[0m> 	sum(case
[32m(release)[0m> 		when o_orderpriority <> '1-URGENT'
[32m(release)[0m> 			and o_orderpriority <> '2-HIGH'
[32m(release)[0m> 			then 1
[32m(release)[0m> 		else 0
[32m(release)[0m> 	end) as low_line_count
[32m(release)[0m> from
[32m(release)[0m> 	orders,
[32m(release)[0m> 	lineitem
[32m(release)[0m> where
[32m(release)[0m> 	o_orderkey = l_orderkey
[32m(release)[0m> 	and l_shipmode in ('MAIL', 'SHIP')
[32m(release)[0m> 	and l_commitdate < l_receiptdate
[32m(release)[0m> 	and l_shipdate < l_commitdate
[32m(release)[0m> 	and l_receiptdate >= date '1994-01-01'
[32m(release)[0m> 	and l_receiptdate < date '1994-01-01' + interval '1' year
[32m(release)[0m> group by
[32m(release)[0m> 	l_shipmode
[32m(release)[0m> order by
[32m(release)[0m> 	l_shipmode;
Greedy pick_runtime_exec_resource: local pool full, falling back to remote pool
Greedy pick_runtime_exec_resource: local pool full, falling back to remote pool
Greedy pick_runtime_exec_resource: local pool full, falling back to remote pool
Greedy pick_runtime_exec_resource: local pool full, falling back to remote pool
Greedy pick_runtime_exec_resource: local pool full, falling back to remote pool
Greedy pick_runtime_exec_resource: local pool full, falling back to remote pool
Greedy pick_runtime_exec_resource: local pool full, falling back to remote pool
VmRSS Change: 18446744073709550096 KB
===
2 rows total
Execution info: [PARSE: 75 µs 219 ns, SQL TRANSLATE: 180 µs 418 ns, OPTIMIZE: 4 ms 244 µs, LQP TRANSLATE: 202 µs 88 ns, EXECUTE: 1 s 455 ms (wall time) | QUERY PLAN CACHE HITS: 0/1 statement(s)]
After reset, table use_count: 2
WARNING: Table still has 1 other owner(s) after pipeline reset!
Executing script file done
$:hsh mem_usage
------------------------------------------
Memory Usage Statistics:
VmSize:	327405768 kB
VmRSS:	69523452 kB
0: MemResourceStatus {MigratedColumnsAggregate,18446744073709551615,63469016785,52888587462,52888587462,0,0,N/A}
MemResourceStatus {NumaMonotonicResource,3,53687091200,0,17834560,17834560,1,17834616}
MemResourceStatus {NumaMonotonicResource,2,53687091200,1940512,1858333900,6827255444,0,6827296712}
0: MemResourceStatus {MemManagerAggregate,18446744073709551615,53687091200,1940512,1858333900,0,0,N/A}
1: MemResourceStatus {MemManagerAggregate,18446744073709551615,53687091200,0,17834560,0,1,N/A}
MemResourceStatus {DefaultResource,18446744073709551615,18446744073709551615,18446744069992734019,60455899246,0,-1,N/A}
Quick Memory Usage Overview:
Used Capacity: 52890527974, 0
------------------------------------------
Label set to d1000000000000_tf1000000000000_q13
$:hsh clear_plan_caches
Cleared PQP and LQP caches
$:hsh clear_pipeline
Released last SQLPipeline
$:hsh reset_exec_pools
Reset execution pools (2, 3) bump pointers to start
$:hsh mem_usage
------------------------------------------
Memory Usage Statistics:
VmSize:	327405768 kB
VmRSS:	69523368 kB
0: MemResourceStatus {MigratedColumnsAggregate,18446744073709551615,63469016785,52888587462,52888587462,0,0,N/A}
MemResourceStatus {NumaMonotonicResource,3,53687091200,0,0,0,1,0}
MemResourceStatus {NumaMonotonicResource,2,53687091200,0,0,0,0,0}
0: MemResourceStatus {MemManagerAggregate,18446744073709551615,53687091200,0,0,0,0,N/A}
1: MemResourceStatus {MemManagerAggregate,18446744073709551615,53687091200,0,0,0,1,N/A}
MemResourceStatus {DefaultResource,18446744073709551615,18446744073709551615,18446744069992734019,60455899246,0,-1,N/A}
Quick Memory Usage Overview:
Used Capacity: 52888587462, 0
------------------------------------------
Executing script file: /home/umeshsum/tpch_queries/13.sql
[32m(release)[0m> select
[32m(release)[0m> 	c_count,
[32m(release)[0m> 	count(*) as custdist
[32m(release)[0m> from
[32m(release)[0m> 	(
[32m(release)[0m> 		select
[32m(release)[0m> 			c_custkey,
[32m(release)[0m> 			count(o_orderkey)
[32m(release)[0m> 		from
[32m(release)[0m> 			customer left outer join orders on
[32m(release)[0m> 				c_custkey = o_custkey
[32m(release)[0m> 				and o_comment not like '%special%requests%'
[32m(release)[0m> 		group by
[32m(release)[0m> 			c_custkey
[32m(release)[0m> 	) as c_orders (c_custkey, c_count)
[32m(release)[0m> group by
[32m(release)[0m> 	c_count
[32m(release)[0m> order by
[32m(release)[0m> 	custdist desc,
[32m(release)[0m> 	c_count desc;
Greedy pick_runtime_exec_resource: local pool full, falling back to remote pool
[PERF] Build side larger than probe side in hash join at src/lib/operators/join_hash.cpp:97
	Performance can be affected. This warning is only shown once.
VmRSS Change: 6529004 KB
===
46 rows total
Execution info: [PARSE: 53 µs 999 ns, SQL TRANSLATE: 190 µs 878 ns, OPTIMIZE: 1 ms 377 µs, LQP TRANSLATE: 72 µs 179 ns, EXECUTE: 10 s 313 ms (wall time) | QUERY PLAN CACHE HITS: 0/1 statement(s)]
After reset, table use_count: 2
WARNING: Table still has 1 other owner(s) after pipeline reset!
Executing script file done
$:hsh clear_plan_caches
Cleared PQP and LQP caches
$:hsh clear_pipeline
Released last SQLPipeline
$:hsh reset_exec_pools
Reset execution pools (2, 3) bump pointers to start
$:hsh mem_usage
------------------------------------------
Memory Usage Statistics:
VmSize:	327405768 kB
VmRSS:	76052324 kB
0: MemResourceStatus {MigratedColumnsAggregate,18446744073709551615,63469016785,52888587462,52888587462,0,0,N/A}
MemResourceStatus {NumaMonotonicResource,3,53687091200,0,0,0,1,0}
MemResourceStatus {NumaMonotonicResource,2,53687091200,0,0,0,0,0}
0: MemResourceStatus {MemManagerAggregate,18446744073709551615,53687091200,0,0,0,0,N/A}
1: MemResourceStatus {MemManagerAggregate,18446744073709551615,53687091200,0,0,0,1,N/A}
MemResourceStatus {DefaultResource,18446744073709551615,18446744073709551615,18446744069992734019,60455899246,0,-1,N/A}
Quick Memory Usage Overview:
Used Capacity: 52888587462, 0
------------------------------------------
Executing script file: /home/umeshsum/tpch_queries/13.sql
[32m(release)[0m> select
[32m(release)[0m> 	c_count,
[32m(release)[0m> 	count(*) as custdist
[32m(release)[0m> from
[32m(release)[0m> 	(
[32m(release)[0m> 		select
[32m(release)[0m> 			c_custkey,
[32m(release)[0m> 			count(o_orderkey)
[32m(release)[0m> 		from
[32m(release)[0m> 			customer left outer join orders on
[32m(release)[0m> 				c_custkey = o_custkey
[32m(release)[0m> 				and o_comment not like '%special%requests%'
[32m(release)[0m> 		group by
[32m(release)[0m> 			c_custkey
[32m(release)[0m> 	) as c_orders (c_custkey, c_count)
[32m(release)[0m> group by
[32m(release)[0m> 	c_count
[32m(release)[0m> order by
[32m(release)[0m> 	custdist desc,
[32m(release)[0m> 	c_count desc;
Greedy pick_runtime_exec_resource: local pool full, falling back to remote pool
VmRSS Change: 552232 KB
===
46 rows total
Execution info: [PARSE: 49 µs 190 ns, SQL TRANSLATE: 145 µs 838 ns, OPTIMIZE: 1 ms 396 µs, LQP TRANSLATE: 66 µs 279 ns, EXECUTE: 10 s 179 ms (wall time) | QUERY PLAN CACHE HITS: 0/1 statement(s)]
After reset, table use_count: 2
WARNING: Table still has 1 other owner(s) after pipeline reset!
Executing script file done
$:hsh clear_plan_caches
Cleared PQP and LQP caches
$:hsh clear_pipeline
Released last SQLPipeline
$:hsh reset_exec_pools
Reset execution pools (2, 3) bump pointers to start
$:hsh mem_usage
------------------------------------------
Memory Usage Statistics:
VmSize:	327405768 kB
VmRSS:	76604116 kB
0: MemResourceStatus {MigratedColumnsAggregate,18446744073709551615,63469016785,52888587462,52888587462,0,0,N/A}
MemResourceStatus {NumaMonotonicResource,3,53687091200,0,0,0,1,0}
MemResourceStatus {NumaMonotonicResource,2,53687091200,0,0,0,0,0}
0: MemResourceStatus {MemManagerAggregate,18446744073709551615,53687091200,0,0,0,0,N/A}
1: MemResourceStatus {MemManagerAggregate,18446744073709551615,53687091200,0,0,0,1,N/A}
MemResourceStatus {DefaultResource,18446744073709551615,18446744073709551615,18446744069992734019,60455899246,0,-1,N/A}
Quick Memory Usage Overview:
Used Capacity: 52888587462, 0
------------------------------------------
Executing script file: /home/umeshsum/tpch_queries/13.sql
[32m(release)[0m> select
[32m(release)[0m> 	c_count,
[32m(release)[0m> 	count(*) as custdist
[32m(release)[0m> from
[32m(release)[0m> 	(
[32m(release)[0m> 		select
[32m(release)[0m> 			c_custkey,
[32m(release)[0m> 			count(o_orderkey)
[32m(release)[0m> 		from
[32m(release)[0m> 			customer left outer join orders on
[32m(release)[0m> 				c_custkey = o_custkey
[32m(release)[0m> 				and o_comment not like '%special%requests%'
[32m(release)[0m> 		group by
[32m(release)[0m> 			c_custkey
[32m(release)[0m> 	) as c_orders (c_custkey, c_count)
[32m(release)[0m> group by
[32m(release)[0m> 	c_count
[32m(release)[0m> order by
[32m(release)[0m> 	custdist desc,
[32m(release)[0m> 	c_count desc;
Greedy pick_runtime_exec_resource: local pool full, falling back to remote pool
VmRSS Change: 81400 KB
===
46 rows total
Execution info: [PARSE: 46 µs 840 ns, SQL TRANSLATE: 144 µs 908 ns, OPTIMIZE: 1 ms 387 µs, LQP TRANSLATE: 67 µs 399 ns, EXECUTE: 10 s 28 ms (wall time) | QUERY PLAN CACHE HITS: 0/1 statement(s)]
After reset, table use_count: 2
WARNING: Table still has 1 other owner(s) after pipeline reset!
Executing script file done
$:hsh clear_plan_caches
Cleared PQP and LQP caches
$:hsh clear_pipeline
Released last SQLPipeline
$:hsh reset_exec_pools
Reset execution pools (2, 3) bump pointers to start
$:hsh mem_usage
------------------------------------------
Memory Usage Statistics:
VmSize:	327405768 kB
VmRSS:	76685520 kB
0: MemResourceStatus {MigratedColumnsAggregate,18446744073709551615,63469016785,52888587462,52888587462,0,0,N/A}
MemResourceStatus {NumaMonotonicResource,3,53687091200,0,0,0,1,0}
MemResourceStatus {NumaMonotonicResource,2,53687091200,0,0,0,0,0}
0: MemResourceStatus {MemManagerAggregate,18446744073709551615,53687091200,0,0,0,0,N/A}
1: MemResourceStatus {MemManagerAggregate,18446744073709551615,53687091200,0,0,0,1,N/A}
MemResourceStatus {DefaultResource,18446744073709551615,18446744073709551615,18446744069992734019,60455899246,0,-1,N/A}
Quick Memory Usage Overview:
Used Capacity: 52888587462, 0
------------------------------------------
Executing script file: /home/umeshsum/tpch_queries/13.sql
[32m(release)[0m> select
[32m(release)[0m> 	c_count,
[32m(release)[0m> 	count(*) as custdist
[32m(release)[0m> from
[32m(release)[0m> 	(
[32m(release)[0m> 		select
[32m(release)[0m> 			c_custkey,
[32m(release)[0m> 			count(o_orderkey)
[32m(release)[0m> 		from
[32m(release)[0m> 			customer left outer join orders on
[32m(release)[0m> 				c_custkey = o_custkey
[32m(release)[0m> 				and o_comment not like '%special%requests%'
[32m(release)[0m> 		group by
[32m(release)[0m> 			c_custkey
[32m(release)[0m> 	) as c_orders (c_custkey, c_count)
[32m(release)[0m> group by
[32m(release)[0m> 	c_count
[32m(release)[0m> order by
[32m(release)[0m> 	custdist desc,
[32m(release)[0m> 	c_count desc;
Greedy pick_runtime_exec_resource: local pool full, falling back to remote pool
VmRSS Change: 26876 KB
===
46 rows total
Execution info: [PARSE: 56 µs 210 ns, SQL TRANSLATE: 204 µs 487 ns, OPTIMIZE: 2 ms 513 µs, LQP TRANSLATE: 66 µs 420 ns, EXECUTE: 10 s 110 ms (wall time) | QUERY PLAN CACHE HITS: 0/1 statement(s)]
After reset, table use_count: 2
WARNING: Table still has 1 other owner(s) after pipeline reset!
Executing script file done
$:hsh clear_plan_caches
Cleared PQP and LQP caches
$:hsh clear_pipeline
Released last SQLPipeline
$:hsh reset_exec_pools
Reset execution pools (2, 3) bump pointers to start
$:hsh mem_usage
------------------------------------------
Memory Usage Statistics:
VmSize:	327405768 kB
VmRSS:	76712400 kB
0: MemResourceStatus {MigratedColumnsAggregate,18446744073709551615,63469016785,52888587462,52888587462,0,0,N/A}
MemResourceStatus {NumaMonotonicResource,3,53687091200,0,0,0,1,0}
MemResourceStatus {NumaMonotonicResource,2,53687091200,0,0,0,0,0}
0: MemResourceStatus {MemManagerAggregate,18446744073709551615,53687091200,0,0,0,0,N/A}
1: MemResourceStatus {MemManagerAggregate,18446744073709551615,53687091200,0,0,0,1,N/A}
MemResourceStatus {DefaultResource,18446744073709551615,18446744073709551615,18446744069992734019,60455899246,0,-1,N/A}
Quick Memory Usage Overview:
Used Capacity: 52888587462, 0
------------------------------------------
Executing script file: /home/umeshsum/tpch_queries/13.sql
[32m(release)[0m> select
[32m(release)[0m> 	c_count,
[32m(release)[0m> 	count(*) as custdist
[32m(release)[0m> from
[32m(release)[0m> 	(
[32m(release)[0m> 		select
[32m(release)[0m> 			c_custkey,
[32m(release)[0m> 			count(o_orderkey)
[32m(release)[0m> 		from
[32m(release)[0m> 			customer left outer join orders on
[32m(release)[0m> 				c_custkey = o_custkey
[32m(release)[0m> 				and o_comment not like '%special%requests%'
[32m(release)[0m> 		group by
[32m(release)[0m> 			c_custkey
[32m(release)[0m> 	) as c_orders (c_custkey, c_count)
[32m(release)[0m> group by
[32m(release)[0m> 	c_count
[32m(release)[0m> order by
[32m(release)[0m> 	custdist desc,
[32m(release)[0m> 	c_count desc;
Greedy pick_runtime_exec_resource: local pool full, falling back to remote pool
VmRSS Change: 4296 KB
===
46 rows total
Execution info: [PARSE: 47 µs 539 ns, SQL TRANSLATE: 156 µs 508 ns, OPTIMIZE: 1 ms 407 µs, LQP TRANSLATE: 66 µs 139 ns, EXECUTE: 10 s 37 ms (wall time) | QUERY PLAN CACHE HITS: 0/1 statement(s)]
After reset, table use_count: 2
WARNING: Table still has 1 other owner(s) after pipeline reset!
Executing script file done
$:hsh clear_plan_caches
Cleared PQP and LQP caches
$:hsh clear_pipeline
Released last SQLPipeline
$:hsh reset_exec_pools
Reset execution pools (2, 3) bump pointers to start
$:hsh mem_usage
------------------------------------------
Memory Usage Statistics:
VmSize:	327405768 kB
VmRSS:	76716704 kB
0: MemResourceStatus {MigratedColumnsAggregate,18446744073709551615,63469016785,52888587462,52888587462,0,0,N/A}
MemResourceStatus {NumaMonotonicResource,3,53687091200,0,0,0,1,0}
MemResourceStatus {NumaMonotonicResource,2,53687091200,0,0,0,0,0}
0: MemResourceStatus {MemManagerAggregate,18446744073709551615,53687091200,0,0,0,0,N/A}
1: MemResourceStatus {MemManagerAggregate,18446744073709551615,53687091200,0,0,0,1,N/A}
MemResourceStatus {DefaultResource,18446744073709551615,18446744073709551615,18446744069992734019,60455899246,0,-1,N/A}
Quick Memory Usage Overview:
Used Capacity: 52888587462, 0
------------------------------------------
Executing script file: /home/umeshsum/tpch_queries/13.sql
[32m(release)[0m> select
[32m(release)[0m> 	c_count,
[32m(release)[0m> 	count(*) as custdist
[32m(release)[0m> from
[32m(release)[0m> 	(
[32m(release)[0m> 		select
[32m(release)[0m> 			c_custkey,
[32m(release)[0m> 			count(o_orderkey)
[32m(release)[0m> 		from
[32m(release)[0m> 			customer left outer join orders on
[32m(release)[0m> 				c_custkey = o_custkey
[32m(release)[0m> 				and o_comment not like '%special%requests%'
[32m(release)[0m> 		group by
[32m(release)[0m> 			c_custkey
[32m(release)[0m> 	) as c_orders (c_custkey, c_count)
[32m(release)[0m> group by
[32m(release)[0m> 	c_count
[32m(release)[0m> order by
[32m(release)[0m> 	custdist desc,
[32m(release)[0m> 	c_count desc;
Greedy pick_runtime_exec_resource: local pool full, falling back to remote pool
VmRSS Change: 920 KB
===
46 rows total
Execution info: [PARSE: 121 µs 509 ns, SQL TRANSLATE: 146 µs 358 ns, OPTIMIZE: 1 ms 389 µs, LQP TRANSLATE: 66 µs 659 ns, EXECUTE: 10 s 104 ms (wall time) | QUERY PLAN CACHE HITS: 0/1 statement(s)]
After reset, table use_count: 2
WARNING: Table still has 1 other owner(s) after pipeline reset!
Executing script file done
$:hsh clear_plan_caches
Cleared PQP and LQP caches
$:hsh clear_pipeline
Released last SQLPipeline
$:hsh reset_exec_pools
Reset execution pools (2, 3) bump pointers to start
$:hsh mem_usage
------------------------------------------
Memory Usage Statistics:
VmSize:	327405768 kB
VmRSS:	76717600 kB
0: MemResourceStatus {MigratedColumnsAggregate,18446744073709551615,63469016785,52888587462,52888587462,0,0,N/A}
MemResourceStatus {NumaMonotonicResource,3,53687091200,0,0,0,1,0}
MemResourceStatus {NumaMonotonicResource,2,53687091200,0,0,0,0,0}
0: MemResourceStatus {MemManagerAggregate,18446744073709551615,53687091200,0,0,0,0,N/A}
1: MemResourceStatus {MemManagerAggregate,18446744073709551615,53687091200,0,0,0,1,N/A}
MemResourceStatus {DefaultResource,18446744073709551615,18446744073709551615,18446744069992734019,60455899246,0,-1,N/A}
Quick Memory Usage Overview:
Used Capacity: 52888587462, 0
------------------------------------------
Executing script file: /home/umeshsum/tpch_queries/13.sql
[32m(release)[0m> select
[32m(release)[0m> 	c_count,
[32m(release)[0m> 	count(*) as custdist
[32m(release)[0m> from
[32m(release)[0m> 	(
[32m(release)[0m> 		select
[32m(release)[0m> 			c_custkey,
[32m(release)[0m> 			count(o_orderkey)
[32m(release)[0m> 		from
[32m(release)[0m> 			customer left outer join orders on
[32m(release)[0m> 				c_custkey = o_custkey
[32m(release)[0m> 				and o_comment not like '%special%requests%'
[32m(release)[0m> 		group by
[32m(release)[0m> 			c_custkey
[32m(release)[0m> 	) as c_orders (c_custkey, c_count)
[32m(release)[0m> group by
[32m(release)[0m> 	c_count
[32m(release)[0m> order by
[32m(release)[0m> 	custdist desc,
[32m(release)[0m> 	c_count desc;
Greedy pick_runtime_exec_resource: local pool full, falling back to remote pool
Greedy pick_runtime_exec_resource: local pool full, falling back to remote pool
VmRSS Change: 968 KB
===
46 rows total
Execution info: [PARSE: 48 µs 639 ns, SQL TRANSLATE: 147 µs 79 ns, OPTIMIZE: 1 ms 341 µs, LQP TRANSLATE: 65 µs 639 ns, EXECUTE: 9 s 998 ms (wall time) | QUERY PLAN CACHE HITS: 0/1 statement(s)]
After reset, table use_count: 2
WARNING: Table still has 1 other owner(s) after pipeline reset!
Executing script file done
$:hsh clear_plan_caches
Cleared PQP and LQP caches
$:hsh clear_pipeline
Released last SQLPipeline
$:hsh reset_exec_pools
Reset execution pools (2, 3) bump pointers to start
$:hsh mem_usage
------------------------------------------
Memory Usage Statistics:
VmSize:	327405768 kB
VmRSS:	76718548 kB
0: MemResourceStatus {MigratedColumnsAggregate,18446744073709551615,63469016785,52888587462,52888587462,0,0,N/A}
MemResourceStatus {NumaMonotonicResource,3,53687091200,0,0,0,1,0}
MemResourceStatus {NumaMonotonicResource,2,53687091200,0,0,0,0,0}
0: MemResourceStatus {MemManagerAggregate,18446744073709551615,53687091200,0,0,0,0,N/A}
1: MemResourceStatus {MemManagerAggregate,18446744073709551615,53687091200,0,0,0,1,N/A}
MemResourceStatus {DefaultResource,18446744073709551615,18446744073709551615,18446744069992734019,60455899246,0,-1,N/A}
Quick Memory Usage Overview:
Used Capacity: 52888587462, 0
------------------------------------------
Executing script file: /home/umeshsum/tpch_queries/13.sql
[32m(release)[0m> select
[32m(release)[0m> 	c_count,
[32m(release)[0m> 	count(*) as custdist
[32m(release)[0m> from
[32m(release)[0m> 	(
[32m(release)[0m> 		select
[32m(release)[0m> 			c_custkey,
[32m(release)[0m> 			count(o_orderkey)
[32m(release)[0m> 		from
[32m(release)[0m> 			customer left outer join orders on
[32m(release)[0m> 				c_custkey = o_custkey
[32m(release)[0m> 				and o_comment not like '%special%requests%'
[32m(release)[0m> 		group by
[32m(release)[0m> 			c_custkey
[32m(release)[0m> 	) as c_orders (c_custkey, c_count)
[32m(release)[0m> group by
[32m(release)[0m> 	c_count
[32m(release)[0m> order by
[32m(release)[0m> 	custdist desc,
[32m(release)[0m> 	c_count desc;
Greedy pick_runtime_exec_resource: local pool full, falling back to remote pool
VmRSS Change: 648 KB
===
46 rows total
Execution info: [PARSE: 46 µs 669 ns, SQL TRANSLATE: 143 µs 828 ns, OPTIMIZE: 1 ms 412 µs, LQP TRANSLATE: 66 µs 669 ns, EXECUTE: 10 s 120 ms (wall time) | QUERY PLAN CACHE HITS: 0/1 statement(s)]
After reset, table use_count: 2
WARNING: Table still has 1 other owner(s) after pipeline reset!
Executing script file done
$:hsh clear_plan_caches
Cleared PQP and LQP caches
$:hsh clear_pipeline
Released last SQLPipeline
$:hsh reset_exec_pools
Reset execution pools (2, 3) bump pointers to start
$:hsh mem_usage
------------------------------------------
Memory Usage Statistics:
VmSize:	327405768 kB
VmRSS:	76719208 kB
0: MemResourceStatus {MigratedColumnsAggregate,18446744073709551615,63469016785,52888587462,52888587462,0,0,N/A}
MemResourceStatus {NumaMonotonicResource,3,53687091200,0,0,0,1,0}
MemResourceStatus {NumaMonotonicResource,2,53687091200,0,0,0,0,0}
0: MemResourceStatus {MemManagerAggregate,18446744073709551615,53687091200,0,0,0,0,N/A}
1: MemResourceStatus {MemManagerAggregate,18446744073709551615,53687091200,0,0,0,1,N/A}
MemResourceStatus {DefaultResource,18446744073709551615,18446744073709551615,18446744069992734019,60455899246,0,-1,N/A}
Quick Memory Usage Overview:
Used Capacity: 52888587462, 0
------------------------------------------
Executing script file: /home/umeshsum/tpch_queries/13.sql
[32m(release)[0m> select
[32m(release)[0m> 	c_count,
[32m(release)[0m> 	count(*) as custdist
[32m(release)[0m> from
[32m(release)[0m> 	(
[32m(release)[0m> 		select
[32m(release)[0m> 			c_custkey,
[32m(release)[0m> 			count(o_orderkey)
[32m(release)[0m> 		from
[32m(release)[0m> 			customer left outer join orders on
[32m(release)[0m> 				c_custkey = o_custkey
[32m(release)[0m> 				and o_comment not like '%special%requests%'
[32m(release)[0m> 		group by
[32m(release)[0m> 			c_custkey
[32m(release)[0m> 	) as c_orders (c_custkey, c_count)
[32m(release)[0m> group by
[32m(release)[0m> 	c_count
[32m(release)[0m> order by
[32m(release)[0m> 	custdist desc,
[32m(release)[0m> 	c_count desc;
Greedy pick_runtime_exec_resource: local pool full, falling back to remote pool
VmRSS Change: 196 KB
===
46 rows total
Execution info: [PARSE: 25 µs 329 ns, SQL TRANSLATE: 81 µs 880 ns, OPTIMIZE: 844 µs 1 ns, LQP TRANSLATE: 32 µs 929 ns, EXECUTE: 10 s 104 ms (wall time) | QUERY PLAN CACHE HITS: 0/1 statement(s)]
After reset, table use_count: 2
WARNING: Table still has 1 other owner(s) after pipeline reset!
Executing script file done
$:hsh clear_plan_caches
Cleared PQP and LQP caches
$:hsh clear_pipeline
Released last SQLPipeline
$:hsh reset_exec_pools
Reset execution pools (2, 3) bump pointers to start
$:hsh mem_usage
------------------------------------------
Memory Usage Statistics:
VmSize:	327405768 kB
VmRSS:	76719412 kB
0: MemResourceStatus {MigratedColumnsAggregate,18446744073709551615,63469016785,52888587462,52888587462,0,0,N/A}
MemResourceStatus {NumaMonotonicResource,3,53687091200,0,0,0,1,0}
MemResourceStatus {NumaMonotonicResource,2,53687091200,0,0,0,0,0}
0: MemResourceStatus {MemManagerAggregate,18446744073709551615,53687091200,0,0,0,0,N/A}
1: MemResourceStatus {MemManagerAggregate,18446744073709551615,53687091200,0,0,0,1,N/A}
MemResourceStatus {DefaultResource,18446744073709551615,18446744073709551615,18446744069992734019,60455899246,0,-1,N/A}
Quick Memory Usage Overview:
Used Capacity: 52888587462, 0
------------------------------------------
Executing script file: /home/umeshsum/tpch_queries/13.sql
[32m(release)[0m> select
[32m(release)[0m> 	c_count,
[32m(release)[0m> 	count(*) as custdist
[32m(release)[0m> from
[32m(release)[0m> 	(
[32m(release)[0m> 		select
[32m(release)[0m> 			c_custkey,
[32m(release)[0m> 			count(o_orderkey)
[32m(release)[0m> 		from
[32m(release)[0m> 			customer left outer join orders on
[32m(release)[0m> 				c_custkey = o_custkey
[32m(release)[0m> 				and o_comment not like '%special%requests%'
[32m(release)[0m> 		group by
[32m(release)[0m> 			c_custkey
[32m(release)[0m> 	) as c_orders (c_custkey, c_count)
[32m(release)[0m> group by
[32m(release)[0m> 	c_count
[32m(release)[0m> order by
[32m(release)[0m> 	custdist desc,
[32m(release)[0m> 	c_count desc;
Greedy pick_runtime_exec_resource: local pool full, falling back to remote pool
VmRSS Change: 18446744073709551064 KB
===
46 rows total
Execution info: [PARSE: 44 µs 369 ns, SQL TRANSLATE: 141 µs 649 ns, OPTIMIZE: 1 ms 904 µs, LQP TRANSLATE: 55 µs 139 ns, EXECUTE: 10 s 109 ms (wall time) | QUERY PLAN CACHE HITS: 0/1 statement(s)]
After reset, table use_count: 2
WARNING: Table still has 1 other owner(s) after pipeline reset!
Executing script file done
$:hsh clear_plan_caches
Cleared PQP and LQP caches
$:hsh clear_pipeline
Released last SQLPipeline
$:hsh reset_exec_pools
Reset execution pools (2, 3) bump pointers to start
$:hsh mem_usage
------------------------------------------
Memory Usage Statistics:
VmSize:	327405768 kB
VmRSS:	76718860 kB
0: MemResourceStatus {MigratedColumnsAggregate,18446744073709551615,63469016785,52888587462,52888587462,0,0,N/A}
MemResourceStatus {NumaMonotonicResource,3,53687091200,0,0,0,1,0}
MemResourceStatus {NumaMonotonicResource,2,53687091200,0,0,0,0,0}
0: MemResourceStatus {MemManagerAggregate,18446744073709551615,53687091200,0,0,0,0,N/A}
1: MemResourceStatus {MemManagerAggregate,18446744073709551615,53687091200,0,0,0,1,N/A}
MemResourceStatus {DefaultResource,18446744073709551615,18446744073709551615,18446744069992734019,60455899246,0,-1,N/A}
Quick Memory Usage Overview:
Used Capacity: 52888587462, 0
------------------------------------------
Label set to d1000000000000_tf1000000000000_q14
$:hsh clear_plan_caches
Cleared PQP and LQP caches
$:hsh clear_pipeline
Released last SQLPipeline
$:hsh reset_exec_pools
Reset execution pools (2, 3) bump pointers to start
$:hsh mem_usage
------------------------------------------
Memory Usage Statistics:
VmSize:	327405768 kB
VmRSS:	76718860 kB
0: MemResourceStatus {MigratedColumnsAggregate,18446744073709551615,63469016785,52888587462,52888587462,0,0,N/A}
MemResourceStatus {NumaMonotonicResource,3,53687091200,0,0,0,1,0}
MemResourceStatus {NumaMonotonicResource,2,53687091200,0,0,0,0,0}
0: MemResourceStatus {MemManagerAggregate,18446744073709551615,53687091200,0,0,0,0,N/A}
1: MemResourceStatus {MemManagerAggregate,18446744073709551615,53687091200,0,0,0,1,N/A}
MemResourceStatus {DefaultResource,18446744073709551615,18446744073709551615,18446744069992734019,60455899246,0,-1,N/A}
Quick Memory Usage Overview:
Used Capacity: 52888587462, 0
------------------------------------------
Executing script file: /home/umeshsum/tpch_queries/14.sql
[32m(release)[0m> select
[32m(release)[0m> 	100.00 * sum(case
[32m(release)[0m> 		when p_type like 'PROMO%'
[32m(release)[0m> 			then l_extendedprice * (1 - l_discount)
[32m(release)[0m> 		else 0
[32m(release)[0m> 	end) / sum(l_extendedprice * (1 - l_discount)) as promo_revenue
[32m(release)[0m> from
[32m(release)[0m> 	lineitem,
[32m(release)[0m> 	part
[32m(release)[0m> where
[32m(release)[0m> 	l_partkey = p_partkey
[32m(release)[0m> 	and l_shipdate >= date '1995-09-01'
[32m(release)[0m> 	and l_shipdate < date '1995-09-01' + interval '1' month;
VmRSS Change: 4432 KB
===
1 rows total
Execution info: [PARSE: 65 µs 199 ns, SQL TRANSLATE: 125 µs 939 ns, OPTIMIZE: 6 ms 200 µs, LQP TRANSLATE: 61 µs 329 ns, EXECUTE: 2 s 193 ms (wall time) | QUERY PLAN CACHE HITS: 0/1 statement(s)]
After reset, table use_count: 2
WARNING: Table still has 1 other owner(s) after pipeline reset!
Executing script file done
$:hsh clear_plan_caches
Cleared PQP and LQP caches
$:hsh clear_pipeline
Released last SQLPipeline
$:hsh reset_exec_pools
Reset execution pools (2, 3) bump pointers to start
$:hsh mem_usage
------------------------------------------
Memory Usage Statistics:
VmSize:	327405768 kB
VmRSS:	76723316 kB
0: MemResourceStatus {MigratedColumnsAggregate,18446744073709551615,63469016785,52888587462,52888587462,0,0,N/A}
MemResourceStatus {NumaMonotonicResource,3,53687091200,0,0,0,1,0}
MemResourceStatus {NumaMonotonicResource,2,53687091200,0,0,0,0,0}
0: MemResourceStatus {MemManagerAggregate,18446744073709551615,53687091200,0,0,0,0,N/A}
1: MemResourceStatus {MemManagerAggregate,18446744073709551615,53687091200,0,0,0,1,N/A}
MemResourceStatus {DefaultResource,18446744073709551615,18446744073709551615,18446744069992734019,60455899246,0,-1,N/A}
Quick Memory Usage Overview:
Used Capacity: 52888587462, 0
------------------------------------------
Executing script file: /home/umeshsum/tpch_queries/14.sql
[32m(release)[0m> select
[32m(release)[0m> 	100.00 * sum(case
[32m(release)[0m> 		when p_type like 'PROMO%'
[32m(release)[0m> 			then l_extendedprice * (1 - l_discount)
[32m(release)[0m> 		else 0
[32m(release)[0m> 	end) / sum(l_extendedprice * (1 - l_discount)) as promo_revenue
[32m(release)[0m> from
[32m(release)[0m> 	lineitem,
[32m(release)[0m> 	part
[32m(release)[0m> where
[32m(release)[0m> 	l_partkey = p_partkey
[32m(release)[0m> 	and l_shipdate >= date '1995-09-01'
[32m(release)[0m> 	and l_shipdate < date '1995-09-01' + interval '1' month;
VmRSS Change: 3068 KB
===
1 rows total
Execution info: [PARSE: 33 µs 460 ns, SQL TRANSLATE: 95 µs 759 ns, OPTIMIZE: 2 ms 98 µs, LQP TRANSLATE: 51 µs 780 ns, EXECUTE: 2 s 188 ms (wall time) | QUERY PLAN CACHE HITS: 0/1 statement(s)]
After reset, table use_count: 2
WARNING: Table still has 1 other owner(s) after pipeline reset!
Executing script file done
$:hsh clear_plan_caches
Cleared PQP and LQP caches
$:hsh clear_pipeline
Released last SQLPipeline
$:hsh reset_exec_pools
Reset execution pools (2, 3) bump pointers to start
$:hsh mem_usage
------------------------------------------
Memory Usage Statistics:
VmSize:	327405768 kB
VmRSS:	76726380 kB
0: MemResourceStatus {MigratedColumnsAggregate,18446744073709551615,63469016785,52888587462,52888587462,0,0,N/A}
MemResourceStatus {NumaMonotonicResource,3,53687091200,0,0,0,1,0}
MemResourceStatus {NumaMonotonicResource,2,53687091200,0,0,0,0,0}
0: MemResourceStatus {MemManagerAggregate,18446744073709551615,53687091200,0,0,0,0,N/A}
1: MemResourceStatus {MemManagerAggregate,18446744073709551615,53687091200,0,0,0,1,N/A}
MemResourceStatus {DefaultResource,18446744073709551615,18446744073709551615,18446744069992734019,60455899246,0,-1,N/A}
Quick Memory Usage Overview:
Used Capacity: 52888587462, 0
------------------------------------------
Executing script file: /home/umeshsum/tpch_queries/14.sql
[32m(release)[0m> select
[32m(release)[0m> 	100.00 * sum(case
[32m(release)[0m> 		when p_type like 'PROMO%'
[32m(release)[0m> 			then l_extendedprice * (1 - l_discount)
[32m(release)[0m> 		else 0
[32m(release)[0m> 	end) / sum(l_extendedprice * (1 - l_discount)) as promo_revenue
[32m(release)[0m> from
[32m(release)[0m> 	lineitem,
[32m(release)[0m> 	part
[32m(release)[0m> where
[32m(release)[0m> 	l_partkey = p_partkey
[32m(release)[0m> 	and l_shipdate >= date '1995-09-01'
[32m(release)[0m> 	and l_shipdate < date '1995-09-01' + interval '1' month;
VmRSS Change: 3072 KB
===
1 rows total
Execution info: [PARSE: 34 µs 540 ns, SQL TRANSLATE: 96 µs 929 ns, OPTIMIZE: 2 ms 64 µs, LQP TRANSLATE: 50 µs 729 ns, EXECUTE: 2 s 192 ms (wall time) | QUERY PLAN CACHE HITS: 0/1 statement(s)]
After reset, table use_count: 2
WARNING: Table still has 1 other owner(s) after pipeline reset!
Executing script file done
$:hsh clear_plan_caches
Cleared PQP and LQP caches
$:hsh clear_pipeline
Released last SQLPipeline
$:hsh reset_exec_pools
Reset execution pools (2, 3) bump pointers to start
$:hsh mem_usage
------------------------------------------
Memory Usage Statistics:
VmSize:	327405768 kB
VmRSS:	76729456 kB
0: MemResourceStatus {MigratedColumnsAggregate,18446744073709551615,63469016785,52888587462,52888587462,0,0,N/A}
MemResourceStatus {NumaMonotonicResource,3,53687091200,0,0,0,1,0}
MemResourceStatus {NumaMonotonicResource,2,53687091200,0,0,0,0,0}
0: MemResourceStatus {MemManagerAggregate,18446744073709551615,53687091200,0,0,0,0,N/A}
1: MemResourceStatus {MemManagerAggregate,18446744073709551615,53687091200,0,0,0,1,N/A}
MemResourceStatus {DefaultResource,18446744073709551615,18446744073709551615,18446744069992734019,60455899246,0,-1,N/A}
Quick Memory Usage Overview:
Used Capacity: 52888587462, 0
------------------------------------------
Executing script file: /home/umeshsum/tpch_queries/14.sql
[32m(release)[0m> select
[32m(release)[0m> 	100.00 * sum(case
[32m(release)[0m> 		when p_type like 'PROMO%'
[32m(release)[0m> 			then l_extendedprice * (1 - l_discount)
[32m(release)[0m> 		else 0
[32m(release)[0m> 	end) / sum(l_extendedprice * (1 - l_discount)) as promo_revenue
[32m(release)[0m> from
[32m(release)[0m> 	lineitem,
[32m(release)[0m> 	part
[32m(release)[0m> where
[32m(release)[0m> 	l_partkey = p_partkey
[32m(release)[0m> 	and l_shipdate >= date '1995-09-01'
[32m(release)[0m> 	and l_shipdate < date '1995-09-01' + interval '1' month;
VmRSS Change: 18446744073709550868 KB
===
1 rows total
Execution info: [PARSE: 51 µs 889 ns, SQL TRANSLATE: 149 µs 499 ns, OPTIMIZE: 4 ms 981 µs, LQP TRANSLATE: 90 µs 509 ns, EXECUTE: 2 s 292 ms (wall time) | QUERY PLAN CACHE HITS: 0/1 statement(s)]
After reset, table use_count: 2
WARNING: Table still has 1 other owner(s) after pipeline reset!
Executing script file done
$:hsh clear_plan_caches
Cleared PQP and LQP caches
$:hsh clear_pipeline
Released last SQLPipeline
$:hsh reset_exec_pools
Reset execution pools (2, 3) bump pointers to start
$:hsh mem_usage
------------------------------------------
Memory Usage Statistics:
VmSize:	327405768 kB
VmRSS:	76728712 kB
0: MemResourceStatus {MigratedColumnsAggregate,18446744073709551615,63469016785,52888587462,52888587462,0,0,N/A}
MemResourceStatus {NumaMonotonicResource,3,53687091200,0,0,0,1,0}
MemResourceStatus {NumaMonotonicResource,2,53687091200,0,0,0,0,0}
0: MemResourceStatus {MemManagerAggregate,18446744073709551615,53687091200,0,0,0,0,N/A}
1: MemResourceStatus {MemManagerAggregate,18446744073709551615,53687091200,0,0,0,1,N/A}
MemResourceStatus {DefaultResource,18446744073709551615,18446744073709551615,18446744069992734019,60455899246,0,-1,N/A}
Quick Memory Usage Overview:
Used Capacity: 52888587462, 0
------------------------------------------
Executing script file: /home/umeshsum/tpch_queries/14.sql
[32m(release)[0m> select
[32m(release)[0m> 	100.00 * sum(case
[32m(release)[0m> 		when p_type like 'PROMO%'
[32m(release)[0m> 			then l_extendedprice * (1 - l_discount)
[32m(release)[0m> 		else 0
[32m(release)[0m> 	end) / sum(l_extendedprice * (1 - l_discount)) as promo_revenue
[32m(release)[0m> from
[32m(release)[0m> 	lineitem,
[32m(release)[0m> 	part
[32m(release)[0m> where
[32m(release)[0m> 	l_partkey = p_partkey
[32m(release)[0m> 	and l_shipdate >= date '1995-09-01'
[32m(release)[0m> 	and l_shipdate < date '1995-09-01' + interval '1' month;
VmRSS Change: 18446744073709551540 KB
===
1 rows total
Execution info: [PARSE: 80 µs 149 ns, SQL TRANSLATE: 109 µs 649 ns, OPTIMIZE: 2 ms 137 µs, LQP TRANSLATE: 52 µs 600 ns, EXECUTE: 2 s 170 ms (wall time) | QUERY PLAN CACHE HITS: 0/1 statement(s)]
After reset, table use_count: 2
WARNING: Table still has 1 other owner(s) after pipeline reset!
Executing script file done
$:hsh clear_plan_caches
Cleared PQP and LQP caches
$:hsh clear_pipeline
Released last SQLPipeline
$:hsh reset_exec_pools
Reset execution pools (2, 3) bump pointers to start
$:hsh mem_usage
------------------------------------------
Memory Usage Statistics:
VmSize:	327405768 kB
VmRSS:	76728624 kB
0: MemResourceStatus {MigratedColumnsAggregate,18446744073709551615,63469016785,52888587462,52888587462,0,0,N/A}
MemResourceStatus {NumaMonotonicResource,3,53687091200,0,0,0,1,0}
MemResourceStatus {NumaMonotonicResource,2,53687091200,0,0,0,0,0}
0: MemResourceStatus {MemManagerAggregate,18446744073709551615,53687091200,0,0,0,0,N/A}
1: MemResourceStatus {MemManagerAggregate,18446744073709551615,53687091200,0,0,0,1,N/A}
MemResourceStatus {DefaultResource,18446744073709551615,18446744073709551615,18446744069992734019,60455899246,0,-1,N/A}
Quick Memory Usage Overview:
Used Capacity: 52888587462, 0
------------------------------------------
Executing script file: /home/umeshsum/tpch_queries/14.sql
[32m(release)[0m> select
[32m(release)[0m> 	100.00 * sum(case
[32m(release)[0m> 		when p_type like 'PROMO%'
[32m(release)[0m> 			then l_extendedprice * (1 - l_discount)
[32m(release)[0m> 		else 0
[32m(release)[0m> 	end) / sum(l_extendedprice * (1 - l_discount)) as promo_revenue
[32m(release)[0m> from
[32m(release)[0m> 	lineitem,
[32m(release)[0m> 	part
[32m(release)[0m> where
[32m(release)[0m> 	l_partkey = p_partkey
[32m(release)[0m> 	and l_shipdate >= date '1995-09-01'
[32m(release)[0m> 	and l_shipdate < date '1995-09-01' + interval '1' month;
VmRSS Change: 18446744073709550208 KB
===
1 rows total
Execution info: [PARSE: 33 µs 810 ns, SQL TRANSLATE: 94 µs 999 ns, OPTIMIZE: 2 ms 752 µs, LQP TRANSLATE: 51 µs 620 ns, EXECUTE: 2 s 178 ms (wall time) | QUERY PLAN CACHE HITS: 0/1 statement(s)]
After reset, table use_count: 2
WARNING: Table still has 1 other owner(s) after pipeline reset!
Executing script file done
$:hsh clear_plan_caches
Cleared PQP and LQP caches
$:hsh clear_pipeline
Released last SQLPipeline
$:hsh reset_exec_pools
Reset execution pools (2, 3) bump pointers to start
$:hsh mem_usage
------------------------------------------
Memory Usage Statistics:
VmSize:	327405768 kB
VmRSS:	76727216 kB
0: MemResourceStatus {MigratedColumnsAggregate,18446744073709551615,63469016785,52888587462,52888587462,0,0,N/A}
MemResourceStatus {NumaMonotonicResource,3,53687091200,0,0,0,1,0}
MemResourceStatus {NumaMonotonicResource,2,53687091200,0,0,0,0,0}
0: MemResourceStatus {MemManagerAggregate,18446744073709551615,53687091200,0,0,0,0,N/A}
1: MemResourceStatus {MemManagerAggregate,18446744073709551615,53687091200,0,0,0,1,N/A}
MemResourceStatus {DefaultResource,18446744073709551615,18446744073709551615,18446744069992734019,60455899246,0,-1,N/A}
Quick Memory Usage Overview:
Used Capacity: 52888587462, 0
------------------------------------------
Executing script file: /home/umeshsum/tpch_queries/14.sql
[32m(release)[0m> select
[32m(release)[0m> 	100.00 * sum(case
[32m(release)[0m> 		when p_type like 'PROMO%'
[32m(release)[0m> 			then l_extendedprice * (1 - l_discount)
[32m(release)[0m> 		else 0
[32m(release)[0m> 	end) / sum(l_extendedprice * (1 - l_discount)) as promo_revenue
[32m(release)[0m> from
[32m(release)[0m> 	lineitem,
[32m(release)[0m> 	part
[32m(release)[0m> where
[32m(release)[0m> 	l_partkey = p_partkey
[32m(release)[0m> 	and l_shipdate >= date '1995-09-01'
[32m(release)[0m> 	and l_shipdate < date '1995-09-01' + interval '1' month;
VmRSS Change: 18446744073709549420 KB
===
1 rows total
Execution info: [PARSE: 33 µs 889 ns, SQL TRANSLATE: 95 µs 729 ns, OPTIMIZE: 2 ms 133 µs, LQP TRANSLATE: 52 µs 320 ns, EXECUTE: 2 s 294 ms (wall time) | QUERY PLAN CACHE HITS: 0/1 statement(s)]
After reset, table use_count: 2
WARNING: Table still has 1 other owner(s) after pipeline reset!
Executing script file done
$:hsh clear_plan_caches
Cleared PQP and LQP caches
$:hsh clear_pipeline
Released last SQLPipeline
$:hsh reset_exec_pools
Reset execution pools (2, 3) bump pointers to start
$:hsh mem_usage
------------------------------------------
Memory Usage Statistics:
VmSize:	327405768 kB
VmRSS:	76725028 kB
0: MemResourceStatus {MigratedColumnsAggregate,18446744073709551615,63469016785,52888587462,52888587462,0,0,N/A}
MemResourceStatus {NumaMonotonicResource,3,53687091200,0,0,0,1,0}
MemResourceStatus {NumaMonotonicResource,2,53687091200,0,0,0,0,0}
0: MemResourceStatus {MemManagerAggregate,18446744073709551615,53687091200,0,0,0,0,N/A}
1: MemResourceStatus {MemManagerAggregate,18446744073709551615,53687091200,0,0,0,1,N/A}
MemResourceStatus {DefaultResource,18446744073709551615,18446744073709551615,18446744069992734019,60455899246,0,-1,N/A}
Quick Memory Usage Overview:
Used Capacity: 52888587462, 0
------------------------------------------
Executing script file: /home/umeshsum/tpch_queries/14.sql
[32m(release)[0m> select
[32m(release)[0m> 	100.00 * sum(case
[32m(release)[0m> 		when p_type like 'PROMO%'
[32m(release)[0m> 			then l_extendedprice * (1 - l_discount)
[32m(release)[0m> 		else 0
[32m(release)[0m> 	end) / sum(l_extendedprice * (1 - l_discount)) as promo_revenue
[32m(release)[0m> from
[32m(release)[0m> 	lineitem,
[32m(release)[0m> 	part
[32m(release)[0m> where
[32m(release)[0m> 	l_partkey = p_partkey
[32m(release)[0m> 	and l_shipdate >= date '1995-09-01'
[32m(release)[0m> 	and l_shipdate < date '1995-09-01' + interval '1' month;
VmRSS Change: 18446744073709551568 KB
===
1 rows total
Execution info: [PARSE: 35 µs 379 ns, SQL TRANSLATE: 102 µs 769 ns, OPTIMIZE: 2 ms 158 µs, LQP TRANSLATE: 53 µs 139 ns, EXECUTE: 2 s 156 ms (wall time) | QUERY PLAN CACHE HITS: 0/1 statement(s)]
After reset, table use_count: 2
WARNING: Table still has 1 other owner(s) after pipeline reset!
Executing script file done
$:hsh clear_plan_caches
Cleared PQP and LQP caches
$:hsh clear_pipeline
Released last SQLPipeline
$:hsh reset_exec_pools
Reset execution pools (2, 3) bump pointers to start
$:hsh mem_usage
------------------------------------------
Memory Usage Statistics:
VmSize:	327405768 kB
VmRSS:	76724980 kB
0: MemResourceStatus {MigratedColumnsAggregate,18446744073709551615,63469016785,52888587462,52888587462,0,0,N/A}
MemResourceStatus {NumaMonotonicResource,3,53687091200,0,0,0,1,0}
MemResourceStatus {NumaMonotonicResource,2,53687091200,0,0,0,0,0}
0: MemResourceStatus {MemManagerAggregate,18446744073709551615,53687091200,0,0,0,0,N/A}
1: MemResourceStatus {MemManagerAggregate,18446744073709551615,53687091200,0,0,0,1,N/A}
MemResourceStatus {DefaultResource,18446744073709551615,18446744073709551615,18446744069992734019,60455899246,0,-1,N/A}
Quick Memory Usage Overview:
Used Capacity: 52888587462, 0
------------------------------------------
Executing script file: /home/umeshsum/tpch_queries/14.sql
[32m(release)[0m> select
[32m(release)[0m> 	100.00 * sum(case
[32m(release)[0m> 		when p_type like 'PROMO%'
[32m(release)[0m> 			then l_extendedprice * (1 - l_discount)
[32m(release)[0m> 		else 0
[32m(release)[0m> 	end) / sum(l_extendedprice * (1 - l_discount)) as promo_revenue
[32m(release)[0m> from
[32m(release)[0m> 	lineitem,
[32m(release)[0m> 	part
[32m(release)[0m> where
[32m(release)[0m> 	l_partkey = p_partkey
[32m(release)[0m> 	and l_shipdate >= date '1995-09-01'
[32m(release)[0m> 	and l_shipdate < date '1995-09-01' + interval '1' month;
VmRSS Change: 2328 KB
===
1 rows total
Execution info: [PARSE: 34 µs 720 ns, SQL TRANSLATE: 96 µs 489 ns, OPTIMIZE: 2 ms 125 µs, LQP TRANSLATE: 51 µs 289 ns, EXECUTE: 2 s 194 ms (wall time) | QUERY PLAN CACHE HITS: 0/1 statement(s)]
After reset, table use_count: 2
WARNING: Table still has 1 other owner(s) after pipeline reset!
Executing script file done
$:hsh clear_plan_caches
Cleared PQP and LQP caches
$:hsh clear_pipeline
Released last SQLPipeline
$:hsh reset_exec_pools
Reset execution pools (2, 3) bump pointers to start
$:hsh mem_usage
------------------------------------------
Memory Usage Statistics:
VmSize:	327405768 kB
VmRSS:	76727308 kB
0: MemResourceStatus {MigratedColumnsAggregate,18446744073709551615,63469016785,52888587462,52888587462,0,0,N/A}
MemResourceStatus {NumaMonotonicResource,3,53687091200,0,0,0,1,0}
MemResourceStatus {NumaMonotonicResource,2,53687091200,0,0,0,0,0}
0: MemResourceStatus {MemManagerAggregate,18446744073709551615,53687091200,0,0,0,0,N/A}
1: MemResourceStatus {MemManagerAggregate,18446744073709551615,53687091200,0,0,0,1,N/A}
MemResourceStatus {DefaultResource,18446744073709551615,18446744073709551615,18446744069992734019,60455899246,0,-1,N/A}
Quick Memory Usage Overview:
Used Capacity: 52888587462, 0
------------------------------------------
Executing script file: /home/umeshsum/tpch_queries/14.sql
[32m(release)[0m> select
[32m(release)[0m> 	100.00 * sum(case
[32m(release)[0m> 		when p_type like 'PROMO%'
[32m(release)[0m> 			then l_extendedprice * (1 - l_discount)
[32m(release)[0m> 		else 0
[32m(release)[0m> 	end) / sum(l_extendedprice * (1 - l_discount)) as promo_revenue
[32m(release)[0m> from
[32m(release)[0m> 	lineitem,
[32m(release)[0m> 	part
[32m(release)[0m> where
[32m(release)[0m> 	l_partkey = p_partkey
[32m(release)[0m> 	and l_shipdate >= date '1995-09-01'
[32m(release)[0m> 	and l_shipdate < date '1995-09-01' + interval '1' month;
VmRSS Change: 18446744073709550964 KB
===
1 rows total
Execution info: [PARSE: 33 µs 70 ns, SQL TRANSLATE: 94 µs 309 ns, OPTIMIZE: 2 ms 141 µs, LQP TRANSLATE: 51 µs 789 ns, EXECUTE: 2 s 138 ms (wall time) | QUERY PLAN CACHE HITS: 0/1 statement(s)]
After reset, table use_count: 2
WARNING: Table still has 1 other owner(s) after pipeline reset!
Executing script file done
$:hsh clear_plan_caches
Cleared PQP and LQP caches
$:hsh clear_pipeline
Released last SQLPipeline
$:hsh reset_exec_pools
Reset execution pools (2, 3) bump pointers to start
$:hsh mem_usage
------------------------------------------
Memory Usage Statistics:
VmSize:	327405768 kB
VmRSS:	76726664 kB
0: MemResourceStatus {MigratedColumnsAggregate,18446744073709551615,63469016785,52888587462,52888587462,0,0,N/A}
MemResourceStatus {NumaMonotonicResource,3,53687091200,0,0,0,1,0}
MemResourceStatus {NumaMonotonicResource,2,53687091200,0,0,0,0,0}
0: MemResourceStatus {MemManagerAggregate,18446744073709551615,53687091200,0,0,0,0,N/A}
1: MemResourceStatus {MemManagerAggregate,18446744073709551615,53687091200,0,0,0,1,N/A}
MemResourceStatus {DefaultResource,18446744073709551615,18446744073709551615,18446744069992734019,60455899246,0,-1,N/A}
Quick Memory Usage Overview:
Used Capacity: 52888587462, 0
------------------------------------------
Label set to d1000000000000_tf1000000000000_q16
$:hsh clear_plan_caches
Cleared PQP and LQP caches
$:hsh clear_pipeline
Released last SQLPipeline
$:hsh reset_exec_pools
Reset execution pools (2, 3) bump pointers to start
$:hsh mem_usage
------------------------------------------
Memory Usage Statistics:
VmSize:	327405768 kB
VmRSS:	76726664 kB
0: MemResourceStatus {MigratedColumnsAggregate,18446744073709551615,63469016785,52888587462,52888587462,0,0,N/A}
MemResourceStatus {NumaMonotonicResource,3,53687091200,0,0,0,1,0}
MemResourceStatus {NumaMonotonicResource,2,53687091200,0,0,0,0,0}
0: MemResourceStatus {MemManagerAggregate,18446744073709551615,53687091200,0,0,0,0,N/A}
1: MemResourceStatus {MemManagerAggregate,18446744073709551615,53687091200,0,0,0,1,N/A}
MemResourceStatus {DefaultResource,18446744073709551615,18446744073709551615,18446744069992734019,60455899246,0,-1,N/A}
Quick Memory Usage Overview:
Used Capacity: 52888587462, 0
------------------------------------------
Executing script file: /home/umeshsum/tpch_queries/16.sql
[32m(release)[0m> select
[32m(release)[0m> 	p_brand,
[32m(release)[0m> 	p_type,
[32m(release)[0m> 	p_size,
[32m(release)[0m> 	count(distinct ps_suppkey) as supplier_cnt
[32m(release)[0m> from
[32m(release)[0m> 	partsupp,
[32m(release)[0m> 	part
[32m(release)[0m> where
[32m(release)[0m> 	p_partkey = ps_partkey
[32m(release)[0m> 	and p_brand <> 'Brand#45'
[32m(release)[0m> 	and p_type not like 'MEDIUM POLISHED%'
[32m(release)[0m> 	and p_size in (49, 14, 23, 45, 19, 3, 36, 9)
[32m(release)[0m> 	and ps_suppkey not in (
[32m(release)[0m> 		select
[32m(release)[0m> 			s_suppkey
[32m(release)[0m> 		from
[32m(release)[0m> 			supplier
[32m(release)[0m> 		where
[32m(release)[0m> 			s_comment like '%Customer%Complaints%'
[32m(release)[0m> 	)
[32m(release)[0m> group by
[32m(release)[0m> 	p_brand,
[32m(release)[0m> 	p_type,
[32m(release)[0m> 	p_size
[32m(release)[0m> order by
[32m(release)[0m> 	supplier_cnt desc,
[32m(release)[0m> 	p_brand,
[32m(release)[0m> 	p_type,
[32m(release)[0m> 	p_size;
VmRSS Change: 1548 KB
===
27840 rows total
Execution info: [PARSE: 36 µs 599 ns, SQL TRANSLATE: 107 µs 679 ns, OPTIMIZE: 1 ms 322 µs, LQP TRANSLATE: 149 µs 898 ns, EXECUTE: 1 s 639 ms (wall time) | QUERY PLAN CACHE HITS: 0/1 statement(s)]
After reset, table use_count: 2
WARNING: Table still has 1 other owner(s) after pipeline reset!
Executing script file done
$:hsh clear_plan_caches
Cleared PQP and LQP caches
$:hsh clear_pipeline
Released last SQLPipeline
$:hsh reset_exec_pools
Reset execution pools (2, 3) bump pointers to start
$:hsh mem_usage
------------------------------------------
Memory Usage Statistics:
VmSize:	327405768 kB
VmRSS:	76728216 kB
0: MemResourceStatus {MigratedColumnsAggregate,18446744073709551615,63469016785,52888587462,52888587462,0,0,N/A}
MemResourceStatus {NumaMonotonicResource,3,53687091200,0,0,0,1,0}
MemResourceStatus {NumaMonotonicResource,2,53687091200,0,0,0,0,0}
0: MemResourceStatus {MemManagerAggregate,18446744073709551615,53687091200,0,0,0,0,N/A}
1: MemResourceStatus {MemManagerAggregate,18446744073709551615,53687091200,0,0,0,1,N/A}
MemResourceStatus {DefaultResource,18446744073709551615,18446744073709551615,18446744069992734019,60455899246,0,-1,N/A}
Quick Memory Usage Overview:
Used Capacity: 52888587462, 0
------------------------------------------
Executing script file: /home/umeshsum/tpch_queries/16.sql
[32m(release)[0m> select
[32m(release)[0m> 	p_brand,
[32m(release)[0m> 	p_type,
[32m(release)[0m> 	p_size,
[32m(release)[0m> 	count(distinct ps_suppkey) as supplier_cnt
[32m(release)[0m> from
[32m(release)[0m> 	partsupp,
[32m(release)[0m> 	part
[32m(release)[0m> where
[32m(release)[0m> 	p_partkey = ps_partkey
[32m(release)[0m> 	and p_brand <> 'Brand#45'
[32m(release)[0m> 	and p_type not like 'MEDIUM POLISHED%'
[32m(release)[0m> 	and p_size in (49, 14, 23, 45, 19, 3, 36, 9)
[32m(release)[0m> 	and ps_suppkey not in (
[32m(release)[0m> 		select
[32m(release)[0m> 			s_suppkey
[32m(release)[0m> 		from
[32m(release)[0m> 			supplier
[32m(release)[0m> 		where
[32m(release)[0m> 			s_comment like '%Customer%Complaints%'
[32m(release)[0m> 	)
[32m(release)[0m> group by
[32m(release)[0m> 	p_brand,
[32m(release)[0m> 	p_type,
[32m(release)[0m> 	p_size
[32m(release)[0m> order by
[32m(release)[0m> 	supplier_cnt desc,
[32m(release)[0m> 	p_brand,
[32m(release)[0m> 	p_type,
[32m(release)[0m> 	p_size;
VmRSS Change: 524 KB
===
27840 rows total
Execution info: [PARSE: 65 µs 339 ns, SQL TRANSLATE: 150 µs 898 ns, OPTIMIZE: 2 ms 971 µs, LQP TRANSLATE: 366 µs 986 ns, EXECUTE: 1 s 647 ms (wall time) | QUERY PLAN CACHE HITS: 0/1 statement(s)]
After reset, table use_count: 2
WARNING: Table still has 1 other owner(s) after pipeline reset!
Executing script file done
$:hsh clear_plan_caches
Cleared PQP and LQP caches
$:hsh clear_pipeline
Released last SQLPipeline
$:hsh reset_exec_pools
Reset execution pools (2, 3) bump pointers to start
$:hsh mem_usage
------------------------------------------
Memory Usage Statistics:
VmSize:	327405768 kB
VmRSS:	76728740 kB
0: MemResourceStatus {MigratedColumnsAggregate,18446744073709551615,63469016785,52888587462,52888587462,0,0,N/A}
MemResourceStatus {NumaMonotonicResource,3,53687091200,0,0,0,1,0}
MemResourceStatus {NumaMonotonicResource,2,53687091200,0,0,0,0,0}
0: MemResourceStatus {MemManagerAggregate,18446744073709551615,53687091200,0,0,0,0,N/A}
1: MemResourceStatus {MemManagerAggregate,18446744073709551615,53687091200,0,0,0,1,N/A}
MemResourceStatus {DefaultResource,18446744073709551615,18446744073709551615,18446744069992734019,60455899246,0,-1,N/A}
Quick Memory Usage Overview:
Used Capacity: 52888587462, 0
------------------------------------------
Executing script file: /home/umeshsum/tpch_queries/16.sql
[32m(release)[0m> select
[32m(release)[0m> 	p_brand,
[32m(release)[0m> 	p_type,
[32m(release)[0m> 	p_size,
[32m(release)[0m> 	count(distinct ps_suppkey) as supplier_cnt
[32m(release)[0m> from
[32m(release)[0m> 	partsupp,
[32m(release)[0m> 	part
[32m(release)[0m> where
[32m(release)[0m> 	p_partkey = ps_partkey
[32m(release)[0m> 	and p_brand <> 'Brand#45'
[32m(release)[0m> 	and p_type not like 'MEDIUM POLISHED%'
[32m(release)[0m> 	and p_size in (49, 14, 23, 45, 19, 3, 36, 9)
[32m(release)[0m> 	and ps_suppkey not in (
[32m(release)[0m> 		select
[32m(release)[0m> 			s_suppkey
[32m(release)[0m> 		from
[32m(release)[0m> 			supplier
[32m(release)[0m> 		where
[32m(release)[0m> 			s_comment like '%Customer%Complaints%'
[32m(release)[0m> 	)
[32m(release)[0m> group by
[32m(release)[0m> 	p_brand,
[32m(release)[0m> 	p_type,
[32m(release)[0m> 	p_size
[32m(release)[0m> order by
[32m(release)[0m> 	supplier_cnt desc,
[32m(release)[0m> 	p_brand,
[32m(release)[0m> 	p_type,
[32m(release)[0m> 	p_size;
VmRSS Change: 18446744073709551424 KB
===
27840 rows total
Execution info: [PARSE: 63 µs 439 ns, SQL TRANSLATE: 161 µs 459 ns, OPTIMIZE: 3 ms 48 µs, LQP TRANSLATE: 357 µs 776 ns, EXECUTE: 1 s 602 ms (wall time) | QUERY PLAN CACHE HITS: 0/1 statement(s)]
After reset, table use_count: 2
WARNING: Table still has 1 other owner(s) after pipeline reset!
Executing script file done
$:hsh clear_plan_caches
Cleared PQP and LQP caches
$:hsh clear_pipeline
Released last SQLPipeline
$:hsh reset_exec_pools
Reset execution pools (2, 3) bump pointers to start
$:hsh mem_usage
------------------------------------------
Memory Usage Statistics:
VmSize:	327405768 kB
VmRSS:	76728548 kB
0: MemResourceStatus {MigratedColumnsAggregate,18446744073709551615,63469016785,52888587462,52888587462,0,0,N/A}
MemResourceStatus {NumaMonotonicResource,3,53687091200,0,0,0,1,0}
MemResourceStatus {NumaMonotonicResource,2,53687091200,0,0,0,0,0}
0: MemResourceStatus {MemManagerAggregate,18446744073709551615,53687091200,0,0,0,0,N/A}
1: MemResourceStatus {MemManagerAggregate,18446744073709551615,53687091200,0,0,0,1,N/A}
MemResourceStatus {DefaultResource,18446744073709551615,18446744073709551615,18446744069992734019,60455899246,0,-1,N/A}
Quick Memory Usage Overview:
Used Capacity: 52888587462, 0
------------------------------------------
Executing script file: /home/umeshsum/tpch_queries/16.sql
[32m(release)[0m> select
[32m(release)[0m> 	p_brand,
[32m(release)[0m> 	p_type,
[32m(release)[0m> 	p_size,
[32m(release)[0m> 	count(distinct ps_suppkey) as supplier_cnt
[32m(release)[0m> from
[32m(release)[0m> 	partsupp,
[32m(release)[0m> 	part
[32m(release)[0m> where
[32m(release)[0m> 	p_partkey = ps_partkey
[32m(release)[0m> 	and p_brand <> 'Brand#45'
[32m(release)[0m> 	and p_type not like 'MEDIUM POLISHED%'
[32m(release)[0m> 	and p_size in (49, 14, 23, 45, 19, 3, 36, 9)
[32m(release)[0m> 	and ps_suppkey not in (
[32m(release)[0m> 		select
[32m(release)[0m> 			s_suppkey
[32m(release)[0m> 		from
[32m(release)[0m> 			supplier
[32m(release)[0m> 		where
[32m(release)[0m> 			s_comment like '%Customer%Complaints%'
[32m(release)[0m> 	)
[32m(release)[0m> group by
[32m(release)[0m> 	p_brand,
[32m(release)[0m> 	p_type,
[32m(release)[0m> 	p_size
[32m(release)[0m> order by
[32m(release)[0m> 	supplier_cnt desc,
[32m(release)[0m> 	p_brand,
[32m(release)[0m> 	p_type,
[32m(release)[0m> 	p_size;
VmRSS Change: 18446744073709550184 KB
===
27840 rows total
Execution info: [PARSE: 63 µs 460 ns, SQL TRANSLATE: 152 µs 608 ns, OPTIMIZE: 3 ms 4 µs, LQP TRANSLATE: 366 µs 646 ns, EXECUTE: 1 s 638 ms (wall time) | QUERY PLAN CACHE HITS: 0/1 statement(s)]
After reset, table use_count: 2
WARNING: Table still has 1 other owner(s) after pipeline reset!
Executing script file done
$:hsh clear_plan_caches
Cleared PQP and LQP caches
$:hsh clear_pipeline
Released last SQLPipeline
$:hsh reset_exec_pools
Reset execution pools (2, 3) bump pointers to start
$:hsh mem_usage
------------------------------------------
Memory Usage Statistics:
VmSize:	327405768 kB
VmRSS:	76727116 kB
0: MemResourceStatus {MigratedColumnsAggregate,18446744073709551615,63469016785,52888587462,52888587462,0,0,N/A}
MemResourceStatus {NumaMonotonicResource,3,53687091200,0,0,0,1,0}
MemResourceStatus {NumaMonotonicResource,2,53687091200,0,0,0,0,0}
0: MemResourceStatus {MemManagerAggregate,18446744073709551615,53687091200,0,0,0,0,N/A}
1: MemResourceStatus {MemManagerAggregate,18446744073709551615,53687091200,0,0,0,1,N/A}
MemResourceStatus {DefaultResource,18446744073709551615,18446744073709551615,18446744069992734019,60455899246,0,-1,N/A}
Quick Memory Usage Overview:
Used Capacity: 52888587462, 0
------------------------------------------
Executing script file: /home/umeshsum/tpch_queries/16.sql
[32m(release)[0m> select
[32m(release)[0m> 	p_brand,
[32m(release)[0m> 	p_type,
[32m(release)[0m> 	p_size,
[32m(release)[0m> 	count(distinct ps_suppkey) as supplier_cnt
[32m(release)[0m> from
[32m(release)[0m> 	partsupp,
[32m(release)[0m> 	part
[32m(release)[0m> where
[32m(release)[0m> 	p_partkey = ps_partkey
[32m(release)[0m> 	and p_brand <> 'Brand#45'
[32m(release)[0m> 	and p_type not like 'MEDIUM POLISHED%'
[32m(release)[0m> 	and p_size in (49, 14, 23, 45, 19, 3, 36, 9)
[32m(release)[0m> 	and ps_suppkey not in (
[32m(release)[0m> 		select
[32m(release)[0m> 			s_suppkey
[32m(release)[0m> 		from
[32m(release)[0m> 			supplier
[32m(release)[0m> 		where
[32m(release)[0m> 			s_comment like '%Customer%Complaints%'
[32m(release)[0m> 	)
[32m(release)[0m> group by
[32m(release)[0m> 	p_brand,
[32m(release)[0m> 	p_type,
[32m(release)[0m> 	p_size
[32m(release)[0m> order by
[32m(release)[0m> 	supplier_cnt desc,
[32m(release)[0m> 	p_brand,
[32m(release)[0m> 	p_type,
[32m(release)[0m> 	p_size;
VmRSS Change: 740 KB
===
27840 rows total
Execution info: [PARSE: 115 µs 339 ns, SQL TRANSLATE: 154 µs 548 ns, OPTIMIZE: 3 ms 46 µs, LQP TRANSLATE: 375 µs 466 ns, EXECUTE: 1 s 617 ms (wall time) | QUERY PLAN CACHE HITS: 0/1 statement(s)]
After reset, table use_count: 2
WARNING: Table still has 1 other owner(s) after pipeline reset!
Executing script file done
$:hsh clear_plan_caches
Cleared PQP and LQP caches
$:hsh clear_pipeline
Released last SQLPipeline
$:hsh reset_exec_pools
Reset execution pools (2, 3) bump pointers to start
$:hsh mem_usage
------------------------------------------
Memory Usage Statistics:
VmSize:	327405768 kB
VmRSS:	76727864 kB
0: MemResourceStatus {MigratedColumnsAggregate,18446744073709551615,63469016785,52888587462,52888587462,0,0,N/A}
MemResourceStatus {NumaMonotonicResource,3,53687091200,0,0,0,1,0}
MemResourceStatus {NumaMonotonicResource,2,53687091200,0,0,0,0,0}
0: MemResourceStatus {MemManagerAggregate,18446744073709551615,53687091200,0,0,0,0,N/A}
1: MemResourceStatus {MemManagerAggregate,18446744073709551615,53687091200,0,0,0,1,N/A}
MemResourceStatus {DefaultResource,18446744073709551615,18446744073709551615,18446744069992734019,60455899246,0,-1,N/A}
Quick Memory Usage Overview:
Used Capacity: 52888587462, 0
------------------------------------------
Executing script file: /home/umeshsum/tpch_queries/16.sql
[32m(release)[0m> select
[32m(release)[0m> 	p_brand,
[32m(release)[0m> 	p_type,
[32m(release)[0m> 	p_size,
[32m(release)[0m> 	count(distinct ps_suppkey) as supplier_cnt
[32m(release)[0m> from
[32m(release)[0m> 	partsupp,
[32m(release)[0m> 	part
[32m(release)[0m> where
[32m(release)[0m> 	p_partkey = ps_partkey
[32m(release)[0m> 	and p_brand <> 'Brand#45'
[32m(release)[0m> 	and p_type not like 'MEDIUM POLISHED%'
[32m(release)[0m> 	and p_size in (49, 14, 23, 45, 19, 3, 36, 9)
[32m(release)[0m> 	and ps_suppkey not in (
[32m(release)[0m> 		select
[32m(release)[0m> 			s_suppkey
[32m(release)[0m> 		from
[32m(release)[0m> 			supplier
[32m(release)[0m> 		where
[32m(release)[0m> 			s_comment like '%Customer%Complaints%'
[32m(release)[0m> 	)
[32m(release)[0m> group by
[32m(release)[0m> 	p_brand,
[32m(release)[0m> 	p_type,
[32m(release)[0m> 	p_size
[32m(release)[0m> order by
[32m(release)[0m> 	supplier_cnt desc,
[32m(release)[0m> 	p_brand,
[32m(release)[0m> 	p_type,
[32m(release)[0m> 	p_size;
VmRSS Change: 1356 KB
===
27840 rows total
Execution info: [PARSE: 64 µs 709 ns, SQL TRANSLATE: 152 µs 109 ns, OPTIMIZE: 3 ms 0 µs, LQP TRANSLATE: 358 µs 287 ns, EXECUTE: 1 s 605 ms (wall time) | QUERY PLAN CACHE HITS: 0/1 statement(s)]
After reset, table use_count: 2
WARNING: Table still has 1 other owner(s) after pipeline reset!
Executing script file done
$:hsh clear_plan_caches
Cleared PQP and LQP caches
$:hsh clear_pipeline
Released last SQLPipeline
$:hsh reset_exec_pools
Reset execution pools (2, 3) bump pointers to start
$:hsh mem_usage
------------------------------------------
Memory Usage Statistics:
VmSize:	327413976 kB
VmRSS:	76729220 kB
0: MemResourceStatus {MigratedColumnsAggregate,18446744073709551615,63469016785,52888587462,52888587462,0,0,N/A}
MemResourceStatus {NumaMonotonicResource,3,53687091200,0,0,0,1,0}
MemResourceStatus {NumaMonotonicResource,2,53687091200,0,0,0,0,0}
0: MemResourceStatus {MemManagerAggregate,18446744073709551615,53687091200,0,0,0,0,N/A}
1: MemResourceStatus {MemManagerAggregate,18446744073709551615,53687091200,0,0,0,1,N/A}
MemResourceStatus {DefaultResource,18446744073709551615,18446744073709551615,18446744069992734019,60455899246,0,-1,N/A}
Quick Memory Usage Overview:
Used Capacity: 52888587462, 0
------------------------------------------
Executing script file: /home/umeshsum/tpch_queries/16.sql
[32m(release)[0m> select
[32m(release)[0m> 	p_brand,
[32m(release)[0m> 	p_type,
[32m(release)[0m> 	p_size,
[32m(release)[0m> 	count(distinct ps_suppkey) as supplier_cnt
[32m(release)[0m> from
[32m(release)[0m> 	partsupp,
[32m(release)[0m> 	part
[32m(release)[0m> where
[32m(release)[0m> 	p_partkey = ps_partkey
[32m(release)[0m> 	and p_brand <> 'Brand#45'
[32m(release)[0m> 	and p_type not like 'MEDIUM POLISHED%'
[32m(release)[0m> 	and p_size in (49, 14, 23, 45, 19, 3, 36, 9)
[32m(release)[0m> 	and ps_suppkey not in (
[32m(release)[0m> 		select
[32m(release)[0m> 			s_suppkey
[32m(release)[0m> 		from
[32m(release)[0m> 			supplier
[32m(release)[0m> 		where
[32m(release)[0m> 			s_comment like '%Customer%Complaints%'
[32m(release)[0m> 	)
[32m(release)[0m> group by
[32m(release)[0m> 	p_brand,
[32m(release)[0m> 	p_type,
[32m(release)[0m> 	p_size
[32m(release)[0m> order by
[32m(release)[0m> 	supplier_cnt desc,
[32m(release)[0m> 	p_brand,
[32m(release)[0m> 	p_type,
[32m(release)[0m> 	p_size;
VmRSS Change: 18446744073709549740 KB
===
27840 rows total
Execution info: [PARSE: 64 µs 339 ns, SQL TRANSLATE: 152 µs 358 ns, OPTIMIZE: 2 ms 998 µs, LQP TRANSLATE: 371 µs 586 ns, EXECUTE: 1 s 658 ms (wall time) | QUERY PLAN CACHE HITS: 0/1 statement(s)]
After reset, table use_count: 2
WARNING: Table still has 1 other owner(s) after pipeline reset!
Executing script file done
$:hsh clear_plan_caches
Cleared PQP and LQP caches
$:hsh clear_pipeline
Released last SQLPipeline
$:hsh reset_exec_pools
Reset execution pools (2, 3) bump pointers to start
$:hsh mem_usage
------------------------------------------
Memory Usage Statistics:
VmSize:	327413976 kB
VmRSS:	76727340 kB
0: MemResourceStatus {MigratedColumnsAggregate,18446744073709551615,63469016785,52888587462,52888587462,0,0,N/A}
MemResourceStatus {NumaMonotonicResource,3,53687091200,0,0,0,1,0}
MemResourceStatus {NumaMonotonicResource,2,53687091200,0,0,0,0,0}
0: MemResourceStatus {MemManagerAggregate,18446744073709551615,53687091200,0,0,0,0,N/A}
1: MemResourceStatus {MemManagerAggregate,18446744073709551615,53687091200,0,0,0,1,N/A}
MemResourceStatus {DefaultResource,18446744073709551615,18446744073709551615,18446744069992734019,60455899246,0,-1,N/A}
Quick Memory Usage Overview:
Used Capacity: 52888587462, 0
------------------------------------------
Executing script file: /home/umeshsum/tpch_queries/16.sql
[32m(release)[0m> select
[32m(release)[0m> 	p_brand,
[32m(release)[0m> 	p_type,
[32m(release)[0m> 	p_size,
[32m(release)[0m> 	count(distinct ps_suppkey) as supplier_cnt
[32m(release)[0m> from
[32m(release)[0m> 	partsupp,
[32m(release)[0m> 	part
[32m(release)[0m> where
[32m(release)[0m> 	p_partkey = ps_partkey
[32m(release)[0m> 	and p_brand <> 'Brand#45'
[32m(release)[0m> 	and p_type not like 'MEDIUM POLISHED%'
[32m(release)[0m> 	and p_size in (49, 14, 23, 45, 19, 3, 36, 9)
[32m(release)[0m> 	and ps_suppkey not in (
[32m(release)[0m> 		select
[32m(release)[0m> 			s_suppkey
[32m(release)[0m> 		from
[32m(release)[0m> 			supplier
[32m(release)[0m> 		where
[32m(release)[0m> 			s_comment like '%Customer%Complaints%'
[32m(release)[0m> 	)
[32m(release)[0m> group by
[32m(release)[0m> 	p_brand,
[32m(release)[0m> 	p_type,
[32m(release)[0m> 	p_size
[32m(release)[0m> order by
[32m(release)[0m> 	supplier_cnt desc,
[32m(release)[0m> 	p_brand,
[32m(release)[0m> 	p_type,
[32m(release)[0m> 	p_size;
VmRSS Change: 724 KB
===
27840 rows total
Execution info: [PARSE: 118 µs 99 ns, SQL TRANSLATE: 152 µs 668 ns, OPTIMIZE: 3 ms 27 µs, LQP TRANSLATE: 369 µs 36 ns, EXECUTE: 1 s 627 ms (wall time) | QUERY PLAN CACHE HITS: 0/1 statement(s)]
After reset, table use_count: 2
WARNING: Table still has 1 other owner(s) after pipeline reset!
Executing script file done
$:hsh clear_plan_caches
Cleared PQP and LQP caches
$:hsh clear_pipeline
Released last SQLPipeline
$:hsh reset_exec_pools
Reset execution pools (2, 3) bump pointers to start
$:hsh mem_usage
------------------------------------------
Memory Usage Statistics:
VmSize:	327413976 kB
VmRSS:	76728064 kB
0: MemResourceStatus {MigratedColumnsAggregate,18446744073709551615,63469016785,52888587462,52888587462,0,0,N/A}
MemResourceStatus {NumaMonotonicResource,3,53687091200,0,0,0,1,0}
MemResourceStatus {NumaMonotonicResource,2,53687091200,0,0,0,0,0}
0: MemResourceStatus {MemManagerAggregate,18446744073709551615,53687091200,0,0,0,0,N/A}
1: MemResourceStatus {MemManagerAggregate,18446744073709551615,53687091200,0,0,0,1,N/A}
MemResourceStatus {DefaultResource,18446744073709551615,18446744073709551615,18446744069992734019,60455899246,0,-1,N/A}
Quick Memory Usage Overview:
Used Capacity: 52888587462, 0
------------------------------------------
Executing script file: /home/umeshsum/tpch_queries/16.sql
[32m(release)[0m> select
[32m(release)[0m> 	p_brand,
[32m(release)[0m> 	p_type,
[32m(release)[0m> 	p_size,
[32m(release)[0m> 	count(distinct ps_suppkey) as supplier_cnt
[32m(release)[0m> from
[32m(release)[0m> 	partsupp,
[32m(release)[0m> 	part
[32m(release)[0m> where
[32m(release)[0m> 	p_partkey = ps_partkey
[32m(release)[0m> 	and p_brand <> 'Brand#45'
[32m(release)[0m> 	and p_type not like 'MEDIUM POLISHED%'
[32m(release)[0m> 	and p_size in (49, 14, 23, 45, 19, 3, 36, 9)
[32m(release)[0m> 	and ps_suppkey not in (
[32m(release)[0m> 		select
[32m(release)[0m> 			s_suppkey
[32m(release)[0m> 		from
[32m(release)[0m> 			supplier
[32m(release)[0m> 		where
[32m(release)[0m> 			s_comment like '%Customer%Complaints%'
[32m(release)[0m> 	)
[32m(release)[0m> group by
[32m(release)[0m> 	p_brand,
[32m(release)[0m> 	p_type,
[32m(release)[0m> 	p_size
[32m(release)[0m> order by
[32m(release)[0m> 	supplier_cnt desc,
[32m(release)[0m> 	p_brand,
[32m(release)[0m> 	p_type,
[32m(release)[0m> 	p_size;
VmRSS Change: 300 KB
===
27840 rows total
Execution info: [PARSE: 62 µs 639 ns, SQL TRANSLATE: 154 µs 479 ns, OPTIMIZE: 2 ms 997 µs, LQP TRANSLATE: 367 µs 406 ns, EXECUTE: 1 s 624 ms (wall time) | QUERY PLAN CACHE HITS: 0/1 statement(s)]
After reset, table use_count: 2
WARNING: Table still has 1 other owner(s) after pipeline reset!
Executing script file done
$:hsh clear_plan_caches
Cleared PQP and LQP caches
$:hsh clear_pipeline
Released last SQLPipeline
$:hsh reset_exec_pools
Reset execution pools (2, 3) bump pointers to start
$:hsh mem_usage
------------------------------------------
Memory Usage Statistics:
VmSize:	327413976 kB
VmRSS:	76728364 kB
0: MemResourceStatus {MigratedColumnsAggregate,18446744073709551615,63469016785,52888587462,52888587462,0,0,N/A}
MemResourceStatus {NumaMonotonicResource,3,53687091200,0,0,0,1,0}
MemResourceStatus {NumaMonotonicResource,2,53687091200,0,0,0,0,0}
0: MemResourceStatus {MemManagerAggregate,18446744073709551615,53687091200,0,0,0,0,N/A}
1: MemResourceStatus {MemManagerAggregate,18446744073709551615,53687091200,0,0,0,1,N/A}
MemResourceStatus {DefaultResource,18446744073709551615,18446744073709551615,18446744069992734019,60455899246,0,-1,N/A}
Quick Memory Usage Overview:
Used Capacity: 52888587462, 0
------------------------------------------
Executing script file: /home/umeshsum/tpch_queries/16.sql
[32m(release)[0m> select
[32m(release)[0m> 	p_brand,
[32m(release)[0m> 	p_type,
[32m(release)[0m> 	p_size,
[32m(release)[0m> 	count(distinct ps_suppkey) as supplier_cnt
[32m(release)[0m> from
[32m(release)[0m> 	partsupp,
[32m(release)[0m> 	part
[32m(release)[0m> where
[32m(release)[0m> 	p_partkey = ps_partkey
[32m(release)[0m> 	and p_brand <> 'Brand#45'
[32m(release)[0m> 	and p_type not like 'MEDIUM POLISHED%'
[32m(release)[0m> 	and p_size in (49, 14, 23, 45, 19, 3, 36, 9)
[32m(release)[0m> 	and ps_suppkey not in (
[32m(release)[0m> 		select
[32m(release)[0m> 			s_suppkey
[32m(release)[0m> 		from
[32m(release)[0m> 			supplier
[32m(release)[0m> 		where
[32m(release)[0m> 			s_comment like '%Customer%Complaints%'
[32m(release)[0m> 	)
[32m(release)[0m> group by
[32m(release)[0m> 	p_brand,
[32m(release)[0m> 	p_type,
[32m(release)[0m> 	p_size
[32m(release)[0m> order by
[32m(release)[0m> 	supplier_cnt desc,
[32m(release)[0m> 	p_brand,
[32m(release)[0m> 	p_type,
[32m(release)[0m> 	p_size;
VmRSS Change: 752 KB
===
27840 rows total
Execution info: [PARSE: 64 µs 629 ns, SQL TRANSLATE: 155 µs 139 ns, OPTIMIZE: 3 ms 10 µs, LQP TRANSLATE: 374 µs 896 ns, EXECUTE: 1 s 647 ms (wall time) | QUERY PLAN CACHE HITS: 0/1 statement(s)]
After reset, table use_count: 2
WARNING: Table still has 1 other owner(s) after pipeline reset!
Executing script file done
$:hsh clear_plan_caches
Cleared PQP and LQP caches
$:hsh clear_pipeline
Released last SQLPipeline
$:hsh reset_exec_pools
Reset execution pools (2, 3) bump pointers to start
$:hsh mem_usage
------------------------------------------
Memory Usage Statistics:
VmSize:	327413976 kB
VmRSS:	76729104 kB
0: MemResourceStatus {MigratedColumnsAggregate,18446744073709551615,63469016785,52888587462,52888587462,0,0,N/A}
MemResourceStatus {NumaMonotonicResource,3,53687091200,0,0,0,1,0}
MemResourceStatus {NumaMonotonicResource,2,53687091200,0,0,0,0,0}
0: MemResourceStatus {MemManagerAggregate,18446744073709551615,53687091200,0,0,0,0,N/A}
1: MemResourceStatus {MemManagerAggregate,18446744073709551615,53687091200,0,0,0,1,N/A}
MemResourceStatus {DefaultResource,18446744073709551615,18446744073709551615,18446744069992734019,60455899246,0,-1,N/A}
Quick Memory Usage Overview:
Used Capacity: 52888587462, 0
------------------------------------------
Label set to d1000000000000_tf1000000000000_q17
$:hsh clear_plan_caches
Cleared PQP and LQP caches
$:hsh clear_pipeline
Released last SQLPipeline
$:hsh reset_exec_pools
Reset execution pools (2, 3) bump pointers to start
$:hsh mem_usage
------------------------------------------
Memory Usage Statistics:
VmSize:	327413976 kB
VmRSS:	76729104 kB
0: MemResourceStatus {MigratedColumnsAggregate,18446744073709551615,63469016785,52888587462,52888587462,0,0,N/A}
MemResourceStatus {NumaMonotonicResource,3,53687091200,0,0,0,1,0}
MemResourceStatus {NumaMonotonicResource,2,53687091200,0,0,0,0,0}
0: MemResourceStatus {MemManagerAggregate,18446744073709551615,53687091200,0,0,0,0,N/A}
1: MemResourceStatus {MemManagerAggregate,18446744073709551615,53687091200,0,0,0,1,N/A}
MemResourceStatus {DefaultResource,18446744073709551615,18446744073709551615,18446744069992734019,60455899246,0,-1,N/A}
Quick Memory Usage Overview:
Used Capacity: 52888587462, 0
------------------------------------------
Executing script file: /home/umeshsum/tpch_queries/17.sql
[32m(release)[0m> select
[32m(release)[0m> 	sum(l_extendedprice) / 7.0 as avg_yearly
[32m(release)[0m> from
[32m(release)[0m> 	lineitem,
[32m(release)[0m> 	part
[32m(release)[0m> where
[32m(release)[0m> 	p_partkey = l_partkey
[32m(release)[0m> 	and p_brand = 'Brand#23'
[32m(release)[0m> 	and p_container = 'MED BOX'
[32m(release)[0m> 	and l_quantity < (
[32m(release)[0m> 		select
[32m(release)[0m> 			0.2 * avg(l_quantity)
[32m(release)[0m> 		from
[32m(release)[0m> 			lineitem
[32m(release)[0m> 		where
[32m(release)[0m> 			l_partkey = p_partkey
[32m(release)[0m> 	);
Greedy pick_runtime_exec_resource: local pool full, falling back to remote pool
VmRSS Change: 6308 KB
===
1 rows total
Execution info: [PARSE: 45 µs 499 ns, SQL TRANSLATE: 216 µs 547 ns, OPTIMIZE: 3 ms 253 µs, LQP TRANSLATE: 151 µs 168 ns, EXECUTE: 269 ms 370 µs (wall time) | QUERY PLAN CACHE HITS: 0/1 statement(s)]
After reset, table use_count: 2
WARNING: Table still has 1 other owner(s) after pipeline reset!
Executing script file done
$:hsh clear_plan_caches
Cleared PQP and LQP caches
$:hsh clear_pipeline
Released last SQLPipeline
$:hsh reset_exec_pools
Reset execution pools (2, 3) bump pointers to start
$:hsh mem_usage
------------------------------------------
Memory Usage Statistics:
VmSize:	327413976 kB
VmRSS:	76735400 kB
0: MemResourceStatus {MigratedColumnsAggregate,18446744073709551615,63469016785,52888587462,52888587462,0,0,N/A}
MemResourceStatus {NumaMonotonicResource,3,53687091200,0,0,0,1,0}
MemResourceStatus {NumaMonotonicResource,2,53687091200,0,0,0,0,0}
0: MemResourceStatus {MemManagerAggregate,18446744073709551615,53687091200,0,0,0,0,N/A}
1: MemResourceStatus {MemManagerAggregate,18446744073709551615,53687091200,0,0,0,1,N/A}
MemResourceStatus {DefaultResource,18446744073709551615,18446744073709551615,18446744069992734019,60455899246,0,-1,N/A}
Quick Memory Usage Overview:
Used Capacity: 52888587462, 0
------------------------------------------
Executing script file: /home/umeshsum/tpch_queries/17.sql
[32m(release)[0m> select
[32m(release)[0m> 	sum(l_extendedprice) / 7.0 as avg_yearly
[32m(release)[0m> from
[32m(release)[0m> 	lineitem,
[32m(release)[0m> 	part
[32m(release)[0m> where
[32m(release)[0m> 	p_partkey = l_partkey
[32m(release)[0m> 	and p_brand = 'Brand#23'
[32m(release)[0m> 	and p_container = 'MED BOX'
[32m(release)[0m> 	and l_quantity < (
[32m(release)[0m> 		select
[32m(release)[0m> 			0.2 * avg(l_quantity)
[32m(release)[0m> 		from
[32m(release)[0m> 			lineitem
[32m(release)[0m> 		where
[32m(release)[0m> 			l_partkey = p_partkey
[32m(release)[0m> 	);
Greedy pick_runtime_exec_resource: local pool full, falling back to remote pool
VmRSS Change: 1688 KB
===
1 rows total
Execution info: [PARSE: 38 µs 860 ns, SQL TRANSLATE: 157 µs 128 ns, OPTIMIZE: 2 ms 489 µs, LQP TRANSLATE: 112 µs 879 ns, EXECUTE: 260 ms 376 µs (wall time) | QUERY PLAN CACHE HITS: 0/1 statement(s)]
After reset, table use_count: 2
WARNING: Table still has 1 other owner(s) after pipeline reset!
Executing script file done
$:hsh clear_plan_caches
Cleared PQP and LQP caches
$:hsh clear_pipeline
Released last SQLPipeline
$:hsh reset_exec_pools
Reset execution pools (2, 3) bump pointers to start
$:hsh mem_usage
------------------------------------------
Memory Usage Statistics:
VmSize:	327413976 kB
VmRSS:	76737096 kB
0: MemResourceStatus {MigratedColumnsAggregate,18446744073709551615,63469016785,52888587462,52888587462,0,0,N/A}
MemResourceStatus {NumaMonotonicResource,3,53687091200,0,0,0,1,0}
MemResourceStatus {NumaMonotonicResource,2,53687091200,0,0,0,0,0}
0: MemResourceStatus {MemManagerAggregate,18446744073709551615,53687091200,0,0,0,0,N/A}
1: MemResourceStatus {MemManagerAggregate,18446744073709551615,53687091200,0,0,0,1,N/A}
MemResourceStatus {DefaultResource,18446744073709551615,18446744073709551615,18446744069992734019,60455899246,0,-1,N/A}
Quick Memory Usage Overview:
Used Capacity: 52888587462, 0
------------------------------------------
Executing script file: /home/umeshsum/tpch_queries/17.sql
[32m(release)[0m> select
[32m(release)[0m> 	sum(l_extendedprice) / 7.0 as avg_yearly
[32m(release)[0m> from
[32m(release)[0m> 	lineitem,
[32m(release)[0m> 	part
[32m(release)[0m> where
[32m(release)[0m> 	p_partkey = l_partkey
[32m(release)[0m> 	and p_brand = 'Brand#23'
[32m(release)[0m> 	and p_container = 'MED BOX'
[32m(release)[0m> 	and l_quantity < (
[32m(release)[0m> 		select
[32m(release)[0m> 			0.2 * avg(l_quantity)
[32m(release)[0m> 		from
[32m(release)[0m> 			lineitem
[32m(release)[0m> 		where
[32m(release)[0m> 			l_partkey = p_partkey
[32m(release)[0m> 	);
Greedy pick_runtime_exec_resource: local pool full, falling back to remote pool
VmRSS Change: 824 KB
===
1 rows total
Execution info: [PARSE: 24 µs 170 ns, SQL TRANSLATE: 97 µs 689 ns, OPTIMIZE: 1 ms 331 µs, LQP TRANSLATE: 63 µs 370 ns, EXECUTE: 253 ms 586 µs (wall time) | QUERY PLAN CACHE HITS: 0/1 statement(s)]
After reset, table use_count: 2
WARNING: Table still has 1 other owner(s) after pipeline reset!
Executing script file done
$:hsh clear_plan_caches
Cleared PQP and LQP caches
$:hsh clear_pipeline
Released last SQLPipeline
$:hsh reset_exec_pools
Reset execution pools (2, 3) bump pointers to start
$:hsh mem_usage
------------------------------------------
Memory Usage Statistics:
VmSize:	327413976 kB
VmRSS:	76737924 kB
0: MemResourceStatus {MigratedColumnsAggregate,18446744073709551615,63469016785,52888587462,52888587462,0,0,N/A}
MemResourceStatus {NumaMonotonicResource,3,53687091200,0,0,0,1,0}
MemResourceStatus {NumaMonotonicResource,2,53687091200,0,0,0,0,0}
0: MemResourceStatus {MemManagerAggregate,18446744073709551615,53687091200,0,0,0,0,N/A}
1: MemResourceStatus {MemManagerAggregate,18446744073709551615,53687091200,0,0,0,1,N/A}
MemResourceStatus {DefaultResource,18446744073709551615,18446744073709551615,18446744069992734019,60455899246,0,-1,N/A}
Quick Memory Usage Overview:
Used Capacity: 52888587462, 0
------------------------------------------
Executing script file: /home/umeshsum/tpch_queries/17.sql
[32m(release)[0m> select
[32m(release)[0m> 	sum(l_extendedprice) / 7.0 as avg_yearly
[32m(release)[0m> from
[32m(release)[0m> 	lineitem,
[32m(release)[0m> 	part
[32m(release)[0m> where
[32m(release)[0m> 	p_partkey = l_partkey
[32m(release)[0m> 	and p_brand = 'Brand#23'
[32m(release)[0m> 	and p_container = 'MED BOX'
[32m(release)[0m> 	and l_quantity < (
[32m(release)[0m> 		select
[32m(release)[0m> 			0.2 * avg(l_quantity)
[32m(release)[0m> 		from
[32m(release)[0m> 			lineitem
[32m(release)[0m> 		where
[32m(release)[0m> 			l_partkey = p_partkey
[32m(release)[0m> 	);
Greedy pick_runtime_exec_resource: local pool full, falling back to remote pool
VmRSS Change: 1824 KB
===
1 rows total
Execution info: [PARSE: 25 µs 50 ns, SQL TRANSLATE: 101 µs 119 ns, OPTIMIZE: 1 ms 311 µs, LQP TRANSLATE: 61 µs 929 ns, EXECUTE: 251 ms 761 µs (wall time) | QUERY PLAN CACHE HITS: 0/1 statement(s)]
After reset, table use_count: 2
WARNING: Table still has 1 other owner(s) after pipeline reset!
Executing script file done
$:hsh clear_plan_caches
Cleared PQP and LQP caches
$:hsh clear_pipeline
Released last SQLPipeline
$:hsh reset_exec_pools
Reset execution pools (2, 3) bump pointers to start
$:hsh mem_usage
------------------------------------------
Memory Usage Statistics:
VmSize:	327413976 kB
VmRSS:	76739752 kB
0: MemResourceStatus {MigratedColumnsAggregate,18446744073709551615,63469016785,52888587462,52888587462,0,0,N/A}
MemResourceStatus {NumaMonotonicResource,3,53687091200,0,0,0,1,0}
MemResourceStatus {NumaMonotonicResource,2,53687091200,0,0,0,0,0}
0: MemResourceStatus {MemManagerAggregate,18446744073709551615,53687091200,0,0,0,0,N/A}
1: MemResourceStatus {MemManagerAggregate,18446744073709551615,53687091200,0,0,0,1,N/A}
MemResourceStatus {DefaultResource,18446744073709551615,18446744073709551615,18446744069992734019,60455899246,0,-1,N/A}
Quick Memory Usage Overview:
Used Capacity: 52888587462, 0
------------------------------------------
Executing script file: /home/umeshsum/tpch_queries/17.sql
[32m(release)[0m> select
[32m(release)[0m> 	sum(l_extendedprice) / 7.0 as avg_yearly
[32m(release)[0m> from
[32m(release)[0m> 	lineitem,
[32m(release)[0m> 	part
[32m(release)[0m> where
[32m(release)[0m> 	p_partkey = l_partkey
[32m(release)[0m> 	and p_brand = 'Brand#23'
[32m(release)[0m> 	and p_container = 'MED BOX'
[32m(release)[0m> 	and l_quantity < (
[32m(release)[0m> 		select
[32m(release)[0m> 			0.2 * avg(l_quantity)
[32m(release)[0m> 		from
[32m(release)[0m> 			lineitem
[32m(release)[0m> 		where
[32m(release)[0m> 			l_partkey = p_partkey
[32m(release)[0m> 	);
Greedy pick_runtime_exec_resource: local pool full, falling back to remote pool
VmRSS Change: 18446744073709551284 KB
===
1 rows total
Execution info: [PARSE: 23 µs 809 ns, SQL TRANSLATE: 94 µs 419 ns, OPTIMIZE: 1 ms 325 µs, LQP TRANSLATE: 62 µs 969 ns, EXECUTE: 248 ms 389 µs (wall time) | QUERY PLAN CACHE HITS: 0/1 statement(s)]
After reset, table use_count: 2
WARNING: Table still has 1 other owner(s) after pipeline reset!
Executing script file done
$:hsh clear_plan_caches
Cleared PQP and LQP caches
$:hsh clear_pipeline
Released last SQLPipeline
$:hsh reset_exec_pools
Reset execution pools (2, 3) bump pointers to start
$:hsh mem_usage
------------------------------------------
Memory Usage Statistics:
VmSize:	327413976 kB
VmRSS:	76739420 kB
0: MemResourceStatus {MigratedColumnsAggregate,18446744073709551615,63469016785,52888587462,52888587462,0,0,N/A}
MemResourceStatus {NumaMonotonicResource,3,53687091200,0,0,0,1,0}
MemResourceStatus {NumaMonotonicResource,2,53687091200,0,0,0,0,0}
0: MemResourceStatus {MemManagerAggregate,18446744073709551615,53687091200,0,0,0,0,N/A}
1: MemResourceStatus {MemManagerAggregate,18446744073709551615,53687091200,0,0,0,1,N/A}
MemResourceStatus {DefaultResource,18446744073709551615,18446744073709551615,18446744069992734019,60455899246,0,-1,N/A}
Quick Memory Usage Overview:
Used Capacity: 52888587462, 0
------------------------------------------
Executing script file: /home/umeshsum/tpch_queries/17.sql
[32m(release)[0m> select
[32m(release)[0m> 	sum(l_extendedprice) / 7.0 as avg_yearly
[32m(release)[0m> from
[32m(release)[0m> 	lineitem,
[32m(release)[0m> 	part
[32m(release)[0m> where
[32m(release)[0m> 	p_partkey = l_partkey
[32m(release)[0m> 	and p_brand = 'Brand#23'
[32m(release)[0m> 	and p_container = 'MED BOX'
[32m(release)[0m> 	and l_quantity < (
[32m(release)[0m> 		select
[32m(release)[0m> 			0.2 * avg(l_quantity)
[32m(release)[0m> 		from
[32m(release)[0m> 			lineitem
[32m(release)[0m> 		where
[32m(release)[0m> 			l_partkey = p_partkey
[32m(release)[0m> 	);
Greedy pick_runtime_exec_resource: local pool full, falling back to remote pool
VmRSS Change: 600 KB
===
1 rows total
Execution info: [PARSE: 25 µs 70 ns, SQL TRANSLATE: 96 µs 869 ns, OPTIMIZE: 1 ms 342 µs, LQP TRANSLATE: 60 µs 669 ns, EXECUTE: 253 ms 223 µs (wall time) | QUERY PLAN CACHE HITS: 0/1 statement(s)]
After reset, table use_count: 2
WARNING: Table still has 1 other owner(s) after pipeline reset!
Executing script file done
$:hsh clear_plan_caches
Cleared PQP and LQP caches
$:hsh clear_pipeline
Released last SQLPipeline
$:hsh reset_exec_pools
Reset execution pools (2, 3) bump pointers to start
$:hsh mem_usage
------------------------------------------
Memory Usage Statistics:
VmSize:	327413976 kB
VmRSS:	76740024 kB
0: MemResourceStatus {MigratedColumnsAggregate,18446744073709551615,63469016785,52888587462,52888587462,0,0,N/A}
MemResourceStatus {NumaMonotonicResource,3,53687091200,0,0,0,1,0}
MemResourceStatus {NumaMonotonicResource,2,53687091200,0,0,0,0,0}
0: MemResourceStatus {MemManagerAggregate,18446744073709551615,53687091200,0,0,0,0,N/A}
1: MemResourceStatus {MemManagerAggregate,18446744073709551615,53687091200,0,0,0,1,N/A}
MemResourceStatus {DefaultResource,18446744073709551615,18446744073709551615,18446744069992734019,60455899246,0,-1,N/A}
Quick Memory Usage Overview:
Used Capacity: 52888587462, 0
------------------------------------------
Executing script file: /home/umeshsum/tpch_queries/17.sql
[32m(release)[0m> select
[32m(release)[0m> 	sum(l_extendedprice) / 7.0 as avg_yearly
[32m(release)[0m> from
[32m(release)[0m> 	lineitem,
[32m(release)[0m> 	part
[32m(release)[0m> where
[32m(release)[0m> 	p_partkey = l_partkey
[32m(release)[0m> 	and p_brand = 'Brand#23'
[32m(release)[0m> 	and p_container = 'MED BOX'
[32m(release)[0m> 	and l_quantity < (
[32m(release)[0m> 		select
[32m(release)[0m> 			0.2 * avg(l_quantity)
[32m(release)[0m> 		from
[32m(release)[0m> 			lineitem
[32m(release)[0m> 		where
[32m(release)[0m> 			l_partkey = p_partkey
[32m(release)[0m> 	);
Greedy pick_runtime_exec_resource: local pool full, falling back to remote pool
VmRSS Change: 824 KB
===
1 rows total
Execution info: [PARSE: 24 µs 790 ns, SQL TRANSLATE: 96 µs 549 ns, OPTIMIZE: 1 ms 317 µs, LQP TRANSLATE: 60 µs 0 ns, EXECUTE: 255 ms 133 µs (wall time) | QUERY PLAN CACHE HITS: 0/1 statement(s)]
After reset, table use_count: 2
WARNING: Table still has 1 other owner(s) after pipeline reset!
Executing script file done
$:hsh clear_plan_caches
Cleared PQP and LQP caches
$:hsh clear_pipeline
Released last SQLPipeline
$:hsh reset_exec_pools
Reset execution pools (2, 3) bump pointers to start
$:hsh mem_usage
------------------------------------------
Memory Usage Statistics:
VmSize:	327413976 kB
VmRSS:	76740848 kB
0: MemResourceStatus {MigratedColumnsAggregate,18446744073709551615,63469016785,52888587462,52888587462,0,0,N/A}
MemResourceStatus {NumaMonotonicResource,3,53687091200,0,0,0,1,0}
MemResourceStatus {NumaMonotonicResource,2,53687091200,0,0,0,0,0}
0: MemResourceStatus {MemManagerAggregate,18446744073709551615,53687091200,0,0,0,0,N/A}
1: MemResourceStatus {MemManagerAggregate,18446744073709551615,53687091200,0,0,0,1,N/A}
MemResourceStatus {DefaultResource,18446744073709551615,18446744073709551615,18446744069992734019,60455899246,0,-1,N/A}
Quick Memory Usage Overview:
Used Capacity: 52888587462, 0
------------------------------------------
Executing script file: /home/umeshsum/tpch_queries/17.sql
[32m(release)[0m> select
[32m(release)[0m> 	sum(l_extendedprice) / 7.0 as avg_yearly
[32m(release)[0m> from
[32m(release)[0m> 	lineitem,
[32m(release)[0m> 	part
[32m(release)[0m> where
[32m(release)[0m> 	p_partkey = l_partkey
[32m(release)[0m> 	and p_brand = 'Brand#23'
[32m(release)[0m> 	and p_container = 'MED BOX'
[32m(release)[0m> 	and l_quantity < (
[32m(release)[0m> 		select
[32m(release)[0m> 			0.2 * avg(l_quantity)
[32m(release)[0m> 		from
[32m(release)[0m> 			lineitem
[32m(release)[0m> 		where
[32m(release)[0m> 			l_partkey = p_partkey
[32m(release)[0m> 	);
Greedy pick_runtime_exec_resource: local pool full, falling back to remote pool
VmRSS Change: 18446744073709551292 KB
===
1 rows total
Execution info: [PARSE: 37 µs 690 ns, SQL TRANSLATE: 155 µs 728 ns, OPTIMIZE: 2 ms 447 µs, LQP TRANSLATE: 113 µs 769 ns, EXECUTE: 259 ms 527 µs (wall time) | QUERY PLAN CACHE HITS: 0/1 statement(s)]
After reset, table use_count: 2
WARNING: Table still has 1 other owner(s) after pipeline reset!
Executing script file done
$:hsh clear_plan_caches
Cleared PQP and LQP caches
$:hsh clear_pipeline
Released last SQLPipeline
$:hsh reset_exec_pools
Reset execution pools (2, 3) bump pointers to start
$:hsh mem_usage
------------------------------------------
Memory Usage Statistics:
VmSize:	327413976 kB
VmRSS:	76740524 kB
0: MemResourceStatus {MigratedColumnsAggregate,18446744073709551615,63469016785,52888587462,52888587462,0,0,N/A}
MemResourceStatus {NumaMonotonicResource,3,53687091200,0,0,0,1,0}
MemResourceStatus {NumaMonotonicResource,2,53687091200,0,0,0,0,0}
0: MemResourceStatus {MemManagerAggregate,18446744073709551615,53687091200,0,0,0,0,N/A}
1: MemResourceStatus {MemManagerAggregate,18446744073709551615,53687091200,0,0,0,1,N/A}
MemResourceStatus {DefaultResource,18446744073709551615,18446744073709551615,18446744069992734019,60455899246,0,-1,N/A}
Quick Memory Usage Overview:
Used Capacity: 52888587462, 0
------------------------------------------
Executing script file: /home/umeshsum/tpch_queries/17.sql
[32m(release)[0m> select
[32m(release)[0m> 	sum(l_extendedprice) / 7.0 as avg_yearly
[32m(release)[0m> from
[32m(release)[0m> 	lineitem,
[32m(release)[0m> 	part
[32m(release)[0m> where
[32m(release)[0m> 	p_partkey = l_partkey
[32m(release)[0m> 	and p_brand = 'Brand#23'
[32m(release)[0m> 	and p_container = 'MED BOX'
[32m(release)[0m> 	and l_quantity < (
[32m(release)[0m> 		select
[32m(release)[0m> 			0.2 * avg(l_quantity)
[32m(release)[0m> 		from
[32m(release)[0m> 			lineitem
[32m(release)[0m> 		where
[32m(release)[0m> 			l_partkey = p_partkey
[32m(release)[0m> 	);
Greedy pick_runtime_exec_resource: local pool full, falling back to remote pool
VmRSS Change: 1640 KB
===
1 rows total
Execution info: [PARSE: 38 µs 469 ns, SQL TRANSLATE: 193 µs 38 ns, OPTIMIZE: 2 ms 483 µs, LQP TRANSLATE: 114 µs 99 ns, EXECUTE: 256 ms 382 µs (wall time) | QUERY PLAN CACHE HITS: 0/1 statement(s)]
After reset, table use_count: 2
WARNING: Table still has 1 other owner(s) after pipeline reset!
Executing script file done
$:hsh clear_plan_caches
Cleared PQP and LQP caches
$:hsh clear_pipeline
Released last SQLPipeline
$:hsh reset_exec_pools
Reset execution pools (2, 3) bump pointers to start
$:hsh mem_usage
------------------------------------------
Memory Usage Statistics:
VmSize:	327413976 kB
VmRSS:	76742172 kB
0: MemResourceStatus {MigratedColumnsAggregate,18446744073709551615,63469016785,52888587462,52888587462,0,0,N/A}
MemResourceStatus {NumaMonotonicResource,3,53687091200,0,0,0,1,0}
MemResourceStatus {NumaMonotonicResource,2,53687091200,0,0,0,0,0}
0: MemResourceStatus {MemManagerAggregate,18446744073709551615,53687091200,0,0,0,0,N/A}
1: MemResourceStatus {MemManagerAggregate,18446744073709551615,53687091200,0,0,0,1,N/A}
MemResourceStatus {DefaultResource,18446744073709551615,18446744073709551615,18446744069992734019,60455899246,0,-1,N/A}
Quick Memory Usage Overview:
Used Capacity: 52888587462, 0
------------------------------------------
Executing script file: /home/umeshsum/tpch_queries/17.sql
[32m(release)[0m> select
[32m(release)[0m> 	sum(l_extendedprice) / 7.0 as avg_yearly
[32m(release)[0m> from
[32m(release)[0m> 	lineitem,
[32m(release)[0m> 	part
[32m(release)[0m> where
[32m(release)[0m> 	p_partkey = l_partkey
[32m(release)[0m> 	and p_brand = 'Brand#23'
[32m(release)[0m> 	and p_container = 'MED BOX'
[32m(release)[0m> 	and l_quantity < (
[32m(release)[0m> 		select
[32m(release)[0m> 			0.2 * avg(l_quantity)
[32m(release)[0m> 		from
[32m(release)[0m> 			lineitem
[32m(release)[0m> 		where
[32m(release)[0m> 			l_partkey = p_partkey
[32m(release)[0m> 	);
Greedy pick_runtime_exec_resource: local pool full, falling back to remote pool
VmRSS Change: 316 KB
===
1 rows total
Execution info: [PARSE: 37 µs 470 ns, SQL TRANSLATE: 159 µs 518 ns, OPTIMIZE: 2 ms 461 µs, LQP TRANSLATE: 114 µs 278 ns, EXECUTE: 250 ms 739 µs (wall time) | QUERY PLAN CACHE HITS: 0/1 statement(s)]
After reset, table use_count: 2
WARNING: Table still has 1 other owner(s) after pipeline reset!
Executing script file done
$:hsh clear_plan_caches
Cleared PQP and LQP caches
$:hsh clear_pipeline
Released last SQLPipeline
$:hsh reset_exec_pools
Reset execution pools (2, 3) bump pointers to start
$:hsh mem_usage
------------------------------------------
Memory Usage Statistics:
VmSize:	327413976 kB
VmRSS:	76742488 kB
0: MemResourceStatus {MigratedColumnsAggregate,18446744073709551615,63469016785,52888587462,52888587462,0,0,N/A}
MemResourceStatus {NumaMonotonicResource,3,53687091200,0,0,0,1,0}
MemResourceStatus {NumaMonotonicResource,2,53687091200,0,0,0,0,0}
0: MemResourceStatus {MemManagerAggregate,18446744073709551615,53687091200,0,0,0,0,N/A}
1: MemResourceStatus {MemManagerAggregate,18446744073709551615,53687091200,0,0,0,1,N/A}
MemResourceStatus {DefaultResource,18446744073709551615,18446744073709551615,18446744069992734019,60455899246,0,-1,N/A}
Quick Memory Usage Overview:
Used Capacity: 52888587462, 0
------------------------------------------
Label set to d1000000000000_tf1000000000000_q18
$:hsh clear_plan_caches
Cleared PQP and LQP caches
$:hsh clear_pipeline
Released last SQLPipeline
$:hsh reset_exec_pools
Reset execution pools (2, 3) bump pointers to start
$:hsh mem_usage
------------------------------------------
Memory Usage Statistics:
VmSize:	327413976 kB
VmRSS:	76742488 kB
0: MemResourceStatus {MigratedColumnsAggregate,18446744073709551615,63469016785,52888587462,52888587462,0,0,N/A}
MemResourceStatus {NumaMonotonicResource,3,53687091200,0,0,0,1,0}
MemResourceStatus {NumaMonotonicResource,2,53687091200,0,0,0,0,0}
0: MemResourceStatus {MemManagerAggregate,18446744073709551615,53687091200,0,0,0,0,N/A}
1: MemResourceStatus {MemManagerAggregate,18446744073709551615,53687091200,0,0,0,1,N/A}
MemResourceStatus {DefaultResource,18446744073709551615,18446744073709551615,18446744069992734019,60455899246,0,-1,N/A}
Quick Memory Usage Overview:
Used Capacity: 52888587462, 0
------------------------------------------
Executing script file: /home/umeshsum/tpch_queries/18.sql
[32m(release)[0m> select
[32m(release)[0m> 	c_name,
[32m(release)[0m> 	c_custkey,
[32m(release)[0m> 	o_orderkey,
[32m(release)[0m> 	o_orderdate,
[32m(release)[0m> 	o_totalprice,
[32m(release)[0m> 	sum(l_quantity)
[32m(release)[0m> from
[32m(release)[0m> 	customer,
[32m(release)[0m> 	orders,
[32m(release)[0m> 	lineitem
[32m(release)[0m> where
[32m(release)[0m> 	o_orderkey in (
[32m(release)[0m> 		select
[32m(release)[0m> 			l_orderkey
[32m(release)[0m> 		from
[32m(release)[0m> 			lineitem
[32m(release)[0m> 		group by
[32m(release)[0m> 			l_orderkey having
[32m(release)[0m> 				sum(l_quantity) > 300
[32m(release)[0m> 	)
[32m(release)[0m> 	and c_custkey = o_custkey
[32m(release)[0m> 	and o_orderkey = l_orderkey
[32m(release)[0m> group by
[32m(release)[0m> 	c_name,
[32m(release)[0m> 	c_custkey,
[32m(release)[0m> 	o_orderkey,
[32m(release)[0m> 	o_orderdate,
[32m(release)[0m> 	o_totalprice
[32m(release)[0m> order by
[32m(release)[0m> 	o_totalprice desc,
[32m(release)[0m> 	o_orderdate;
Greedy pick_runtime_exec_resource: local pool full, falling back to remote pool
VmRSS Change: 394996 KB
===
3182 rows total
Execution info: [PARSE: 44 µs 120 ns, SQL TRANSLATE: 203 µs 378 ns, OPTIMIZE: 3 ms 344 µs, LQP TRANSLATE: 113 µs 59 ns, EXECUTE: 6 s 655 ms (wall time) | QUERY PLAN CACHE HITS: 0/1 statement(s)]
After reset, table use_count: 2
WARNING: Table still has 1 other owner(s) after pipeline reset!
Executing script file done
$:hsh clear_plan_caches
Cleared PQP and LQP caches
$:hsh clear_pipeline
Released last SQLPipeline
$:hsh reset_exec_pools
Reset execution pools (2, 3) bump pointers to start
$:hsh mem_usage
------------------------------------------
Memory Usage Statistics:
VmSize:	327413976 kB
VmRSS:	77137492 kB
0: MemResourceStatus {MigratedColumnsAggregate,18446744073709551615,63469016785,52888587462,52888587462,0,0,N/A}
MemResourceStatus {NumaMonotonicResource,3,53687091200,0,0,0,1,0}
MemResourceStatus {NumaMonotonicResource,2,53687091200,0,0,0,0,0}
0: MemResourceStatus {MemManagerAggregate,18446744073709551615,53687091200,0,0,0,0,N/A}
1: MemResourceStatus {MemManagerAggregate,18446744073709551615,53687091200,0,0,0,1,N/A}
MemResourceStatus {DefaultResource,18446744073709551615,18446744073709551615,18446744069992734019,60455899246,0,-1,N/A}
Quick Memory Usage Overview:
Used Capacity: 52888587462, 0
------------------------------------------
Executing script file: /home/umeshsum/tpch_queries/18.sql
[32m(release)[0m> select
[32m(release)[0m> 	c_name,
[32m(release)[0m> 	c_custkey,
[32m(release)[0m> 	o_orderkey,
[32m(release)[0m> 	o_orderdate,
[32m(release)[0m> 	o_totalprice,
[32m(release)[0m> 	sum(l_quantity)
[32m(release)[0m> from
[32m(release)[0m> 	customer,
[32m(release)[0m> 	orders,
[32m(release)[0m> 	lineitem
[32m(release)[0m> where
[32m(release)[0m> 	o_orderkey in (
[32m(release)[0m> 		select
[32m(release)[0m> 			l_orderkey
[32m(release)[0m> 		from
[32m(release)[0m> 			lineitem
[32m(release)[0m> 		group by
[32m(release)[0m> 			l_orderkey having
[32m(release)[0m> 				sum(l_quantity) > 300
[32m(release)[0m> 	)
[32m(release)[0m> 	and c_custkey = o_custkey
[32m(release)[0m> 	and o_orderkey = l_orderkey
[32m(release)[0m> group by
[32m(release)[0m> 	c_name,
[32m(release)[0m> 	c_custkey,
[32m(release)[0m> 	o_orderkey,
[32m(release)[0m> 	o_orderdate,
[32m(release)[0m> 	o_totalprice
[32m(release)[0m> order by
[32m(release)[0m> 	o_totalprice desc,
[32m(release)[0m> 	o_orderdate;
Greedy pick_runtime_exec_resource: local pool full, falling back to remote pool
VmRSS Change: 204072 KB
===
3182 rows total
Execution info: [PARSE: 28 µs 10 ns, SQL TRANSLATE: 106 µs 659 ns, OPTIMIZE: 1 ms 712 µs, LQP TRANSLATE: 60 µs 40 ns, EXECUTE: 6 s 688 ms (wall time) | QUERY PLAN CACHE HITS: 0/1 statement(s)]
After reset, table use_count: 2
WARNING: Table still has 1 other owner(s) after pipeline reset!
Executing script file done
$:hsh clear_plan_caches
Cleared PQP and LQP caches
$:hsh clear_pipeline
Released last SQLPipeline
$:hsh reset_exec_pools
Reset execution pools (2, 3) bump pointers to start
$:hsh mem_usage
------------------------------------------
Memory Usage Statistics:
VmSize:	327413976 kB
VmRSS:	77341552 kB
0: MemResourceStatus {MigratedColumnsAggregate,18446744073709551615,63469016785,52888587462,52888587462,0,0,N/A}
MemResourceStatus {NumaMonotonicResource,3,53687091200,0,0,0,1,0}
MemResourceStatus {NumaMonotonicResource,2,53687091200,0,0,0,0,0}
0: MemResourceStatus {MemManagerAggregate,18446744073709551615,53687091200,0,0,0,0,N/A}
1: MemResourceStatus {MemManagerAggregate,18446744073709551615,53687091200,0,0,0,1,N/A}
MemResourceStatus {DefaultResource,18446744073709551615,18446744073709551615,18446744069992734019,60455899246,0,-1,N/A}
Quick Memory Usage Overview:
Used Capacity: 52888587462, 0
------------------------------------------
Executing script file: /home/umeshsum/tpch_queries/18.sql
[32m(release)[0m> select
[32m(release)[0m> 	c_name,
[32m(release)[0m> 	c_custkey,
[32m(release)[0m> 	o_orderkey,
[32m(release)[0m> 	o_orderdate,
[32m(release)[0m> 	o_totalprice,
[32m(release)[0m> 	sum(l_quantity)
[32m(release)[0m> from
[32m(release)[0m> 	customer,
[32m(release)[0m> 	orders,
[32m(release)[0m> 	lineitem
[32m(release)[0m> where
[32m(release)[0m> 	o_orderkey in (
[32m(release)[0m> 		select
[32m(release)[0m> 			l_orderkey
[32m(release)[0m> 		from
[32m(release)[0m> 			lineitem
[32m(release)[0m> 		group by
[32m(release)[0m> 			l_orderkey having
[32m(release)[0m> 				sum(l_quantity) > 300
[32m(release)[0m> 	)
[32m(release)[0m> 	and c_custkey = o_custkey
[32m(release)[0m> 	and o_orderkey = l_orderkey
[32m(release)[0m> group by
[32m(release)[0m> 	c_name,
[32m(release)[0m> 	c_custkey,
[32m(release)[0m> 	o_orderkey,
[32m(release)[0m> 	o_orderdate,
[32m(release)[0m> 	o_totalprice
[32m(release)[0m> order by
[32m(release)[0m> 	o_totalprice desc,
[32m(release)[0m> 	o_orderdate;
Greedy pick_runtime_exec_resource: local pool full, falling back to remote pool
VmRSS Change: 103288 KB
===
3182 rows total
Execution info: [PARSE: 29 µs 290 ns, SQL TRANSLATE: 117 µs 529 ns, OPTIMIZE: 1 ms 705 µs, LQP TRANSLATE: 61 µs 840 ns, EXECUTE: 6 s 643 ms (wall time) | QUERY PLAN CACHE HITS: 0/1 statement(s)]
After reset, table use_count: 2
WARNING: Table still has 1 other owner(s) after pipeline reset!
Executing script file done
$:hsh clear_plan_caches
Cleared PQP and LQP caches
$:hsh clear_pipeline
Released last SQLPipeline
$:hsh reset_exec_pools
Reset execution pools (2, 3) bump pointers to start
$:hsh mem_usage
------------------------------------------
Memory Usage Statistics:
VmSize:	327413976 kB
VmRSS:	77444788 kB
0: MemResourceStatus {MigratedColumnsAggregate,18446744073709551615,63469016785,52888587462,52888587462,0,0,N/A}
MemResourceStatus {NumaMonotonicResource,3,53687091200,0,0,0,1,0}
MemResourceStatus {NumaMonotonicResource,2,53687091200,0,0,0,0,0}
0: MemResourceStatus {MemManagerAggregate,18446744073709551615,53687091200,0,0,0,0,N/A}
1: MemResourceStatus {MemManagerAggregate,18446744073709551615,53687091200,0,0,0,1,N/A}
MemResourceStatus {DefaultResource,18446744073709551615,18446744073709551615,18446744069992734019,60455899246,0,-1,N/A}
Quick Memory Usage Overview:
Used Capacity: 52888587462, 0
------------------------------------------
Executing script file: /home/umeshsum/tpch_queries/18.sql
[32m(release)[0m> select
[32m(release)[0m> 	c_name,
[32m(release)[0m> 	c_custkey,
[32m(release)[0m> 	o_orderkey,
[32m(release)[0m> 	o_orderdate,
[32m(release)[0m> 	o_totalprice,
[32m(release)[0m> 	sum(l_quantity)
[32m(release)[0m> from
[32m(release)[0m> 	customer,
[32m(release)[0m> 	orders,
[32m(release)[0m> 	lineitem
[32m(release)[0m> where
[32m(release)[0m> 	o_orderkey in (
[32m(release)[0m> 		select
[32m(release)[0m> 			l_orderkey
[32m(release)[0m> 		from
[32m(release)[0m> 			lineitem
[32m(release)[0m> 		group by
[32m(release)[0m> 			l_orderkey having
[32m(release)[0m> 				sum(l_quantity) > 300
[32m(release)[0m> 	)
[32m(release)[0m> 	and c_custkey = o_custkey
[32m(release)[0m> 	and o_orderkey = l_orderkey
[32m(release)[0m> group by
[32m(release)[0m> 	c_name,
[32m(release)[0m> 	c_custkey,
[32m(release)[0m> 	o_orderkey,
[32m(release)[0m> 	o_orderdate,
[32m(release)[0m> 	o_totalprice
[32m(release)[0m> order by
[32m(release)[0m> 	o_totalprice desc,
[32m(release)[0m> 	o_orderdate;
Greedy pick_runtime_exec_resource: local pool full, falling back to remote pool
VmRSS Change: 54280 KB
===
3182 rows total
Execution info: [PARSE: 48 µs 399 ns, SQL TRANSLATE: 215 µs 518 ns, OPTIMIZE: 3 ms 546 µs, LQP TRANSLATE: 141 µs 29 ns, EXECUTE: 6 s 674 ms (wall time) | QUERY PLAN CACHE HITS: 0/1 statement(s)]
After reset, table use_count: 2
WARNING: Table still has 1 other owner(s) after pipeline reset!
Executing script file done
$:hsh clear_plan_caches
Cleared PQP and LQP caches
$:hsh clear_pipeline
Released last SQLPipeline
$:hsh reset_exec_pools
Reset execution pools (2, 3) bump pointers to start
$:hsh mem_usage
------------------------------------------
Memory Usage Statistics:
VmSize:	327413976 kB
VmRSS:	77499060 kB
0: MemResourceStatus {MigratedColumnsAggregate,18446744073709551615,63469016785,52888587462,52888587462,0,0,N/A}
MemResourceStatus {NumaMonotonicResource,3,53687091200,0,0,0,1,0}
MemResourceStatus {NumaMonotonicResource,2,53687091200,0,0,0,0,0}
0: MemResourceStatus {MemManagerAggregate,18446744073709551615,53687091200,0,0,0,0,N/A}
1: MemResourceStatus {MemManagerAggregate,18446744073709551615,53687091200,0,0,0,1,N/A}
MemResourceStatus {DefaultResource,18446744073709551615,18446744073709551615,18446744069992734019,60455899246,0,-1,N/A}
Quick Memory Usage Overview:
Used Capacity: 52888587462, 0
------------------------------------------
Executing script file: /home/umeshsum/tpch_queries/18.sql
[32m(release)[0m> select
[32m(release)[0m> 	c_name,
[32m(release)[0m> 	c_custkey,
[32m(release)[0m> 	o_orderkey,
[32m(release)[0m> 	o_orderdate,
[32m(release)[0m> 	o_totalprice,
[32m(release)[0m> 	sum(l_quantity)
[32m(release)[0m> from
[32m(release)[0m> 	customer,
[32m(release)[0m> 	orders,
[32m(release)[0m> 	lineitem
[32m(release)[0m> where
[32m(release)[0m> 	o_orderkey in (
[32m(release)[0m> 		select
[32m(release)[0m> 			l_orderkey
[32m(release)[0m> 		from
[32m(release)[0m> 			lineitem
[32m(release)[0m> 		group by
[32m(release)[0m> 			l_orderkey having
[32m(release)[0m> 				sum(l_quantity) > 300
[32m(release)[0m> 	)
[32m(release)[0m> 	and c_custkey = o_custkey
[32m(release)[0m> 	and o_orderkey = l_orderkey
[32m(release)[0m> group by
[32m(release)[0m> 	c_name,
[32m(release)[0m> 	c_custkey,
[32m(release)[0m> 	o_orderkey,
[32m(release)[0m> 	o_orderdate,
[32m(release)[0m> 	o_totalprice
[32m(release)[0m> order by
[32m(release)[0m> 	o_totalprice desc,
[32m(release)[0m> 	o_orderdate;
Greedy pick_runtime_exec_resource: local pool full, falling back to remote pool
VmRSS Change: 137992 KB
===
3182 rows total
Execution info: [PARSE: 26 µs 760 ns, SQL TRANSLATE: 110 µs 499 ns, OPTIMIZE: 1 ms 694 µs, LQP TRANSLATE: 62 µs 330 ns, EXECUTE: 6 s 721 ms (wall time) | QUERY PLAN CACHE HITS: 0/1 statement(s)]
After reset, table use_count: 2
WARNING: Table still has 1 other owner(s) after pipeline reset!
Executing script file done
$:hsh clear_plan_caches
Cleared PQP and LQP caches
$:hsh clear_pipeline
Released last SQLPipeline
$:hsh reset_exec_pools
Reset execution pools (2, 3) bump pointers to start
$:hsh mem_usage
------------------------------------------
Memory Usage Statistics:
VmSize:	327413976 kB
VmRSS:	77637088 kB
0: MemResourceStatus {MigratedColumnsAggregate,18446744073709551615,63469016785,52888587462,52888587462,0,0,N/A}
MemResourceStatus {NumaMonotonicResource,3,53687091200,0,0,0,1,0}
MemResourceStatus {NumaMonotonicResource,2,53687091200,0,0,0,0,0}
0: MemResourceStatus {MemManagerAggregate,18446744073709551615,53687091200,0,0,0,0,N/A}
1: MemResourceStatus {MemManagerAggregate,18446744073709551615,53687091200,0,0,0,1,N/A}
MemResourceStatus {DefaultResource,18446744073709551615,18446744073709551615,18446744069992734019,60455899246,0,-1,N/A}
Quick Memory Usage Overview:
Used Capacity: 52888587462, 0
------------------------------------------
Executing script file: /home/umeshsum/tpch_queries/18.sql
[32m(release)[0m> select
[32m(release)[0m> 	c_name,
[32m(release)[0m> 	c_custkey,
[32m(release)[0m> 	o_orderkey,
[32m(release)[0m> 	o_orderdate,
[32m(release)[0m> 	o_totalprice,
[32m(release)[0m> 	sum(l_quantity)
[32m(release)[0m> from
[32m(release)[0m> 	customer,
[32m(release)[0m> 	orders,
[32m(release)[0m> 	lineitem
[32m(release)[0m> where
[32m(release)[0m> 	o_orderkey in (
[32m(release)[0m> 		select
[32m(release)[0m> 			l_orderkey
[32m(release)[0m> 		from
[32m(release)[0m> 			lineitem
[32m(release)[0m> 		group by
[32m(release)[0m> 			l_orderkey having
[32m(release)[0m> 				sum(l_quantity) > 300
[32m(release)[0m> 	)
[32m(release)[0m> 	and c_custkey = o_custkey
[32m(release)[0m> 	and o_orderkey = l_orderkey
[32m(release)[0m> group by
[32m(release)[0m> 	c_name,
[32m(release)[0m> 	c_custkey,
[32m(release)[0m> 	o_orderkey,
[32m(release)[0m> 	o_orderdate,
[32m(release)[0m> 	o_totalprice
[32m(release)[0m> order by
[32m(release)[0m> 	o_totalprice desc,
[32m(release)[0m> 	o_orderdate;
Greedy pick_runtime_exec_resource: local pool full, falling back to remote pool
VmRSS Change: 31520 KB
===
3182 rows total
Execution info: [PARSE: 27 µs 80 ns, SQL TRANSLATE: 108 µs 219 ns, OPTIMIZE: 1 ms 677 µs, LQP TRANSLATE: 60 µs 359 ns, EXECUTE: 6 s 661 ms (wall time) | QUERY PLAN CACHE HITS: 0/1 statement(s)]
After reset, table use_count: 2
WARNING: Table still has 1 other owner(s) after pipeline reset!
Executing script file done
$:hsh clear_plan_caches
Cleared PQP and LQP caches
$:hsh clear_pipeline
Released last SQLPipeline
$:hsh reset_exec_pools
Reset execution pools (2, 3) bump pointers to start
$:hsh mem_usage
------------------------------------------
Memory Usage Statistics:
VmSize:	327413976 kB
VmRSS:	77668608 kB
0: MemResourceStatus {MigratedColumnsAggregate,18446744073709551615,63469016785,52888587462,52888587462,0,0,N/A}
MemResourceStatus {NumaMonotonicResource,3,53687091200,0,0,0,1,0}
MemResourceStatus {NumaMonotonicResource,2,53687091200,0,0,0,0,0}
0: MemResourceStatus {MemManagerAggregate,18446744073709551615,53687091200,0,0,0,0,N/A}
1: MemResourceStatus {MemManagerAggregate,18446744073709551615,53687091200,0,0,0,1,N/A}
MemResourceStatus {DefaultResource,18446744073709551615,18446744073709551615,18446744069992734019,60455899246,0,-1,N/A}
Quick Memory Usage Overview:
Used Capacity: 52888587462, 0
------------------------------------------
Executing script file: /home/umeshsum/tpch_queries/18.sql
[32m(release)[0m> select
[32m(release)[0m> 	c_name,
[32m(release)[0m> 	c_custkey,
[32m(release)[0m> 	o_orderkey,
[32m(release)[0m> 	o_orderdate,
[32m(release)[0m> 	o_totalprice,
[32m(release)[0m> 	sum(l_quantity)
[32m(release)[0m> from
[32m(release)[0m> 	customer,
[32m(release)[0m> 	orders,
[32m(release)[0m> 	lineitem
[32m(release)[0m> where
[32m(release)[0m> 	o_orderkey in (
[32m(release)[0m> 		select
[32m(release)[0m> 			l_orderkey
[32m(release)[0m> 		from
[32m(release)[0m> 			lineitem
[32m(release)[0m> 		group by
[32m(release)[0m> 			l_orderkey having
[32m(release)[0m> 				sum(l_quantity) > 300
[32m(release)[0m> 	)
[32m(release)[0m> 	and c_custkey = o_custkey
[32m(release)[0m> 	and o_orderkey = l_orderkey
[32m(release)[0m> group by
[32m(release)[0m> 	c_name,
[32m(release)[0m> 	c_custkey,
[32m(release)[0m> 	o_orderkey,
[32m(release)[0m> 	o_orderdate,
[32m(release)[0m> 	o_totalprice
[32m(release)[0m> order by
[32m(release)[0m> 	o_totalprice desc,
[32m(release)[0m> 	o_orderdate;
Greedy pick_runtime_exec_resource: local pool full, falling back to remote pool
VmRSS Change: 31088 KB
===
3182 rows total
Execution info: [PARSE: 34 µs 769 ns, SQL TRANSLATE: 131 µs 489 ns, OPTIMIZE: 1 ms 695 µs, LQP TRANSLATE: 60 µs 169 ns, EXECUTE: 6 s 632 ms (wall time) | QUERY PLAN CACHE HITS: 0/1 statement(s)]
After reset, table use_count: 2
WARNING: Table still has 1 other owner(s) after pipeline reset!
Executing script file done
$:hsh clear_plan_caches
Cleared PQP and LQP caches
$:hsh clear_pipeline
Released last SQLPipeline
$:hsh reset_exec_pools
Reset execution pools (2, 3) bump pointers to start
$:hsh mem_usage
------------------------------------------
Memory Usage Statistics:
VmSize:	327413976 kB
VmRSS:	77699708 kB
0: MemResourceStatus {MigratedColumnsAggregate,18446744073709551615,63469016785,52888587462,52888587462,0,0,N/A}
MemResourceStatus {NumaMonotonicResource,3,53687091200,0,0,0,1,0}
MemResourceStatus {NumaMonotonicResource,2,53687091200,0,0,0,0,0}
0: MemResourceStatus {MemManagerAggregate,18446744073709551615,53687091200,0,0,0,0,N/A}
1: MemResourceStatus {MemManagerAggregate,18446744073709551615,53687091200,0,0,0,1,N/A}
MemResourceStatus {DefaultResource,18446744073709551615,18446744073709551615,18446744069992734019,60455899246,0,-1,N/A}
Quick Memory Usage Overview:
Used Capacity: 52888587462, 0
------------------------------------------
Executing script file: /home/umeshsum/tpch_queries/18.sql
[32m(release)[0m> select
[32m(release)[0m> 	c_name,
[32m(release)[0m> 	c_custkey,
[32m(release)[0m> 	o_orderkey,
[32m(release)[0m> 	o_orderdate,
[32m(release)[0m> 	o_totalprice,
[32m(release)[0m> 	sum(l_quantity)
[32m(release)[0m> from
[32m(release)[0m> 	customer,
[32m(release)[0m> 	orders,
[32m(release)[0m> 	lineitem
[32m(release)[0m> where
[32m(release)[0m> 	o_orderkey in (
[32m(release)[0m> 		select
[32m(release)[0m> 			l_orderkey
[32m(release)[0m> 		from
[32m(release)[0m> 			lineitem
[32m(release)[0m> 		group by
[32m(release)[0m> 			l_orderkey having
[32m(release)[0m> 				sum(l_quantity) > 300
[32m(release)[0m> 	)
[32m(release)[0m> 	and c_custkey = o_custkey
[32m(release)[0m> 	and o_orderkey = l_orderkey
[32m(release)[0m> group by
[32m(release)[0m> 	c_name,
[32m(release)[0m> 	c_custkey,
[32m(release)[0m> 	o_orderkey,
[32m(release)[0m> 	o_orderdate,
[32m(release)[0m> 	o_totalprice
[32m(release)[0m> order by
[32m(release)[0m> 	o_totalprice desc,
[32m(release)[0m> 	o_orderdate;
Greedy pick_runtime_exec_resource: local pool full, falling back to remote pool
VmRSS Change: 18004 KB
===
3182 rows total
Execution info: [PARSE: 37 µs 679 ns, SQL TRANSLATE: 111 µs 579 ns, OPTIMIZE: 1 ms 683 µs, LQP TRANSLATE: 60 µs 999 ns, EXECUTE: 6 s 712 ms (wall time) | QUERY PLAN CACHE HITS: 0/1 statement(s)]
After reset, table use_count: 2
WARNING: Table still has 1 other owner(s) after pipeline reset!
Executing script file done
$:hsh clear_plan_caches
Cleared PQP and LQP caches
$:hsh clear_pipeline
Released last SQLPipeline
$:hsh reset_exec_pools
Reset execution pools (2, 3) bump pointers to start
$:hsh mem_usage
------------------------------------------
Memory Usage Statistics:
VmSize:	327413976 kB
VmRSS:	77717692 kB
0: MemResourceStatus {MigratedColumnsAggregate,18446744073709551615,63469016785,52888587462,52888587462,0,0,N/A}
MemResourceStatus {NumaMonotonicResource,3,53687091200,0,0,0,1,0}
MemResourceStatus {NumaMonotonicResource,2,53687091200,0,0,0,0,0}
0: MemResourceStatus {MemManagerAggregate,18446744073709551615,53687091200,0,0,0,0,N/A}
1: MemResourceStatus {MemManagerAggregate,18446744073709551615,53687091200,0,0,0,1,N/A}
MemResourceStatus {DefaultResource,18446744073709551615,18446744073709551615,18446744069992734019,60455899246,0,-1,N/A}
Quick Memory Usage Overview:
Used Capacity: 52888587462, 0
------------------------------------------
Executing script file: /home/umeshsum/tpch_queries/18.sql
[32m(release)[0m> select
[32m(release)[0m> 	c_name,
[32m(release)[0m> 	c_custkey,
[32m(release)[0m> 	o_orderkey,
[32m(release)[0m> 	o_orderdate,
[32m(release)[0m> 	o_totalprice,
[32m(release)[0m> 	sum(l_quantity)
[32m(release)[0m> from
[32m(release)[0m> 	customer,
[32m(release)[0m> 	orders,
[32m(release)[0m> 	lineitem
[32m(release)[0m> where
[32m(release)[0m> 	o_orderkey in (
[32m(release)[0m> 		select
[32m(release)[0m> 			l_orderkey
[32m(release)[0m> 		from
[32m(release)[0m> 			lineitem
[32m(release)[0m> 		group by
[32m(release)[0m> 			l_orderkey having
[32m(release)[0m> 				sum(l_quantity) > 300
[32m(release)[0m> 	)
[32m(release)[0m> 	and c_custkey = o_custkey
[32m(release)[0m> 	and o_orderkey = l_orderkey
[32m(release)[0m> group by
[32m(release)[0m> 	c_name,
[32m(release)[0m> 	c_custkey,
[32m(release)[0m> 	o_orderkey,
[32m(release)[0m> 	o_orderdate,
[32m(release)[0m> 	o_totalprice
[32m(release)[0m> order by
[32m(release)[0m> 	o_totalprice desc,
[32m(release)[0m> 	o_orderdate;
Greedy pick_runtime_exec_resource: local pool full, falling back to remote pool
VmRSS Change: 9008 KB
===
3182 rows total
Execution info: [PARSE: 27 µs 980 ns, SQL TRANSLATE: 105 µs 149 ns, OPTIMIZE: 1 ms 782 µs, LQP TRANSLATE: 69 µs 999 ns, EXECUTE: 6 s 648 ms (wall time) | QUERY PLAN CACHE HITS: 0/1 statement(s)]
After reset, table use_count: 2
WARNING: Table still has 1 other owner(s) after pipeline reset!
Executing script file done
$:hsh clear_plan_caches
Cleared PQP and LQP caches
$:hsh clear_pipeline
Released last SQLPipeline
$:hsh reset_exec_pools
Reset execution pools (2, 3) bump pointers to start
$:hsh mem_usage
------------------------------------------
Memory Usage Statistics:
VmSize:	327413976 kB
VmRSS:	77726716 kB
0: MemResourceStatus {MigratedColumnsAggregate,18446744073709551615,63469016785,52888587462,52888587462,0,0,N/A}
MemResourceStatus {NumaMonotonicResource,3,53687091200,0,0,0,1,0}
MemResourceStatus {NumaMonotonicResource,2,53687091200,0,0,0,0,0}
0: MemResourceStatus {MemManagerAggregate,18446744073709551615,53687091200,0,0,0,0,N/A}
1: MemResourceStatus {MemManagerAggregate,18446744073709551615,53687091200,0,0,0,1,N/A}
MemResourceStatus {DefaultResource,18446744073709551615,18446744073709551615,18446744069992734019,60455899246,0,-1,N/A}
Quick Memory Usage Overview:
Used Capacity: 52888587462, 0
------------------------------------------
Executing script file: /home/umeshsum/tpch_queries/18.sql
[32m(release)[0m> select
[32m(release)[0m> 	c_name,
[32m(release)[0m> 	c_custkey,
[32m(release)[0m> 	o_orderkey,
[32m(release)[0m> 	o_orderdate,
[32m(release)[0m> 	o_totalprice,
[32m(release)[0m> 	sum(l_quantity)
[32m(release)[0m> from
[32m(release)[0m> 	customer,
[32m(release)[0m> 	orders,
[32m(release)[0m> 	lineitem
[32m(release)[0m> where
[32m(release)[0m> 	o_orderkey in (
[32m(release)[0m> 		select
[32m(release)[0m> 			l_orderkey
[32m(release)[0m> 		from
[32m(release)[0m> 			lineitem
[32m(release)[0m> 		group by
[32m(release)[0m> 			l_orderkey having
[32m(release)[0m> 				sum(l_quantity) > 300
[32m(release)[0m> 	)
[32m(release)[0m> 	and c_custkey = o_custkey
[32m(release)[0m> 	and o_orderkey = l_orderkey
[32m(release)[0m> group by
[32m(release)[0m> 	c_name,
[32m(release)[0m> 	c_custkey,
[32m(release)[0m> 	o_orderkey,
[32m(release)[0m> 	o_orderdate,
[32m(release)[0m> 	o_totalprice
[32m(release)[0m> order by
[32m(release)[0m> 	o_totalprice desc,
[32m(release)[0m> 	o_orderdate;
Greedy pick_runtime_exec_resource: local pool full, falling back to remote pool
VmRSS Change: 6728 KB
===
3182 rows total
Execution info: [PARSE: 26 µs 430 ns, SQL TRANSLATE: 106 µs 729 ns, OPTIMIZE: 1 ms 671 µs, LQP TRANSLATE: 60 µs 549 ns, EXECUTE: 6 s 624 ms (wall time) | QUERY PLAN CACHE HITS: 0/1 statement(s)]
After reset, table use_count: 2
WARNING: Table still has 1 other owner(s) after pipeline reset!
Executing script file done
$:hsh clear_plan_caches
Cleared PQP and LQP caches
$:hsh clear_pipeline
Released last SQLPipeline
$:hsh reset_exec_pools
Reset execution pools (2, 3) bump pointers to start
$:hsh mem_usage
------------------------------------------
Memory Usage Statistics:
VmSize:	327413976 kB
VmRSS:	77733444 kB
0: MemResourceStatus {MigratedColumnsAggregate,18446744073709551615,63469016785,52888587462,52888587462,0,0,N/A}
MemResourceStatus {NumaMonotonicResource,3,53687091200,0,0,0,1,0}
MemResourceStatus {NumaMonotonicResource,2,53687091200,0,0,0,0,0}
0: MemResourceStatus {MemManagerAggregate,18446744073709551615,53687091200,0,0,0,0,N/A}
1: MemResourceStatus {MemManagerAggregate,18446744073709551615,53687091200,0,0,0,1,N/A}
MemResourceStatus {DefaultResource,18446744073709551615,18446744073709551615,18446744069992734019,60455899246,0,-1,N/A}
Quick Memory Usage Overview:
Used Capacity: 52888587462, 0
------------------------------------------
Label set to d1000000000000_tf1000000000000_q19
$:hsh clear_plan_caches
Cleared PQP and LQP caches
$:hsh clear_pipeline
Released last SQLPipeline
$:hsh reset_exec_pools
Reset execution pools (2, 3) bump pointers to start
$:hsh mem_usage
------------------------------------------
Memory Usage Statistics:
VmSize:	327413976 kB
VmRSS:	77733444 kB
0: MemResourceStatus {MigratedColumnsAggregate,18446744073709551615,63469016785,52888587462,52888587462,0,0,N/A}
MemResourceStatus {NumaMonotonicResource,3,53687091200,0,0,0,1,0}
MemResourceStatus {NumaMonotonicResource,2,53687091200,0,0,0,0,0}
0: MemResourceStatus {MemManagerAggregate,18446744073709551615,53687091200,0,0,0,0,N/A}
1: MemResourceStatus {MemManagerAggregate,18446744073709551615,53687091200,0,0,0,1,N/A}
MemResourceStatus {DefaultResource,18446744073709551615,18446744073709551615,18446744069992734019,60455899246,0,-1,N/A}
Quick Memory Usage Overview:
Used Capacity: 52888587462, 0
------------------------------------------
Executing script file: /home/umeshsum/tpch_queries/19.sql
[32m(release)[0m> select
[32m(release)[0m> 	sum(l_extendedprice* (1 - l_discount)) as revenue
[32m(release)[0m> from
[32m(release)[0m> 	lineitem,
[32m(release)[0m> 	part
[32m(release)[0m> where
[32m(release)[0m> 	(
[32m(release)[0m> 		p_partkey = l_partkey
[32m(release)[0m> 		and p_brand = 'Brand#12'
[32m(release)[0m> 		and p_container in ('SM CASE', 'SM BOX', 'SM PACK', 'SM PKG')
[32m(release)[0m> 		and l_quantity >= 1 and l_quantity <= 1 + 10
[32m(release)[0m> 		and p_size between 1 and 5
[32m(release)[0m> 		and l_shipmode in ('AIR', 'AIR REG')
[32m(release)[0m> 		and l_shipinstruct = 'DELIVER IN PERSON'
[32m(release)[0m> 	)
[32m(release)[0m> 	or
[32m(release)[0m> 	(
[32m(release)[0m> 		p_partkey = l_partkey
[32m(release)[0m> 		and p_brand = 'Brand#23'
[32m(release)[0m> 		and p_container in ('MED BAG', 'MED BOX', 'MED PKG', 'MED PACK')
[32m(release)[0m> 		and l_quantity >= 10 and l_quantity <= 10 + 10
[32m(release)[0m> 		and p_size between 1 and 10
[32m(release)[0m> 		and l_shipmode in ('AIR', 'AIR REG')
[32m(release)[0m> 		and l_shipinstruct = 'DELIVER IN PERSON'
[32m(release)[0m> 	)
[32m(release)[0m> 	or
[32m(release)[0m> 	(
[32m(release)[0m> 		p_partkey = l_partkey
[32m(release)[0m> 		and p_brand = 'Brand#34'
[32m(release)[0m> 		and p_container in ('LG CASE', 'LG BOX', 'LG PACK', 'LG PKG')
[32m(release)[0m> 		and l_quantity >= 20 and l_quantity <= 20 + 10
[32m(release)[0m> 		and p_size between 1 and 15
[32m(release)[0m> 		and l_shipmode in ('AIR', 'AIR REG')
[32m(release)[0m> 		and l_shipinstruct = 'DELIVER IN PERSON'
[32m(release)[0m> 	);
VmRSS Change: 4900 KB
===
1 rows total
Execution info: [PARSE: 64 µs 239 ns, SQL TRANSLATE: 96 µs 249 ns, OPTIMIZE: 3 ms 132 µs, LQP TRANSLATE: 286 µs 797 ns, EXECUTE: 245 ms 337 µs (wall time) | QUERY PLAN CACHE HITS: 0/1 statement(s)]
After reset, table use_count: 2
WARNING: Table still has 1 other owner(s) after pipeline reset!
Executing script file done
$:hsh clear_plan_caches
Cleared PQP and LQP caches
$:hsh clear_pipeline
Released last SQLPipeline
$:hsh reset_exec_pools
Reset execution pools (2, 3) bump pointers to start
$:hsh mem_usage
------------------------------------------
Memory Usage Statistics:
VmSize:	327413976 kB
VmRSS:	77738412 kB
0: MemResourceStatus {MigratedColumnsAggregate,18446744073709551615,63469016785,52888587462,52888587462,0,0,N/A}
MemResourceStatus {NumaMonotonicResource,3,53687091200,0,0,0,1,0}
MemResourceStatus {NumaMonotonicResource,2,53687091200,0,0,0,0,0}
0: MemResourceStatus {MemManagerAggregate,18446744073709551615,53687091200,0,0,0,0,N/A}
1: MemResourceStatus {MemManagerAggregate,18446744073709551615,53687091200,0,0,0,1,N/A}
MemResourceStatus {DefaultResource,18446744073709551615,18446744073709551615,18446744069992734019,60455899246,0,-1,N/A}
Quick Memory Usage Overview:
Used Capacity: 52888587462, 0
------------------------------------------
Executing script file: /home/umeshsum/tpch_queries/19.sql
[32m(release)[0m> select
[32m(release)[0m> 	sum(l_extendedprice* (1 - l_discount)) as revenue
[32m(release)[0m> from
[32m(release)[0m> 	lineitem,
[32m(release)[0m> 	part
[32m(release)[0m> where
[32m(release)[0m> 	(
[32m(release)[0m> 		p_partkey = l_partkey
[32m(release)[0m> 		and p_brand = 'Brand#12'
[32m(release)[0m> 		and p_container in ('SM CASE', 'SM BOX', 'SM PACK', 'SM PKG')
[32m(release)[0m> 		and l_quantity >= 1 and l_quantity <= 1 + 10
[32m(release)[0m> 		and p_size between 1 and 5
[32m(release)[0m> 		and l_shipmode in ('AIR', 'AIR REG')
[32m(release)[0m> 		and l_shipinstruct = 'DELIVER IN PERSON'
[32m(release)[0m> 	)
[32m(release)[0m> 	or
[32m(release)[0m> 	(
[32m(release)[0m> 		p_partkey = l_partkey
[32m(release)[0m> 		and p_brand = 'Brand#23'
[32m(release)[0m> 		and p_container in ('MED BAG', 'MED BOX', 'MED PKG', 'MED PACK')
[32m(release)[0m> 		and l_quantity >= 10 and l_quantity <= 10 + 10
[32m(release)[0m> 		and p_size between 1 and 10
[32m(release)[0m> 		and l_shipmode in ('AIR', 'AIR REG')
[32m(release)[0m> 		and l_shipinstruct = 'DELIVER IN PERSON'
[32m(release)[0m> 	)
[32m(release)[0m> 	or
[32m(release)[0m> 	(
[32m(release)[0m> 		p_partkey = l_partkey
[32m(release)[0m> 		and p_brand = 'Brand#34'
[32m(release)[0m> 		and p_container in ('LG CASE', 'LG BOX', 'LG PACK', 'LG PKG')
[32m(release)[0m> 		and l_quantity >= 20 and l_quantity <= 20 + 10
[32m(release)[0m> 		and p_size between 1 and 15
[32m(release)[0m> 		and l_shipmode in ('AIR', 'AIR REG')
[32m(release)[0m> 		and l_shipinstruct = 'DELIVER IN PERSON'
[32m(release)[0m> 	);
VmRSS Change: 616 KB
===
1 rows total
Execution info: [PARSE: 51 µs 610 ns, SQL TRANSLATE: 104 µs 619 ns, OPTIMIZE: 3 ms 108 µs, LQP TRANSLATE: 281 µs 137 ns, EXECUTE: 248 ms 817 µs (wall time) | QUERY PLAN CACHE HITS: 0/1 statement(s)]
After reset, table use_count: 2
WARNING: Table still has 1 other owner(s) after pipeline reset!
Executing script file done
$:hsh clear_plan_caches
Cleared PQP and LQP caches
$:hsh clear_pipeline
Released last SQLPipeline
$:hsh reset_exec_pools
Reset execution pools (2, 3) bump pointers to start
$:hsh mem_usage
------------------------------------------
Memory Usage Statistics:
VmSize:	327413976 kB
VmRSS:	77739028 kB
0: MemResourceStatus {MigratedColumnsAggregate,18446744073709551615,63469016785,52888587462,52888587462,0,0,N/A}
MemResourceStatus {NumaMonotonicResource,3,53687091200,0,0,0,1,0}
MemResourceStatus {NumaMonotonicResource,2,53687091200,0,0,0,0,0}
0: MemResourceStatus {MemManagerAggregate,18446744073709551615,53687091200,0,0,0,0,N/A}
1: MemResourceStatus {MemManagerAggregate,18446744073709551615,53687091200,0,0,0,1,N/A}
MemResourceStatus {DefaultResource,18446744073709551615,18446744073709551615,18446744069992734019,60455899246,0,-1,N/A}
Quick Memory Usage Overview:
Used Capacity: 52888587462, 0
------------------------------------------
Executing script file: /home/umeshsum/tpch_queries/19.sql
[32m(release)[0m> select
[32m(release)[0m> 	sum(l_extendedprice* (1 - l_discount)) as revenue
[32m(release)[0m> from
[32m(release)[0m> 	lineitem,
[32m(release)[0m> 	part
[32m(release)[0m> where
[32m(release)[0m> 	(
[32m(release)[0m> 		p_partkey = l_partkey
[32m(release)[0m> 		and p_brand = 'Brand#12'
[32m(release)[0m> 		and p_container in ('SM CASE', 'SM BOX', 'SM PACK', 'SM PKG')
[32m(release)[0m> 		and l_quantity >= 1 and l_quantity <= 1 + 10
[32m(release)[0m> 		and p_size between 1 and 5
[32m(release)[0m> 		and l_shipmode in ('AIR', 'AIR REG')
[32m(release)[0m> 		and l_shipinstruct = 'DELIVER IN PERSON'
[32m(release)[0m> 	)
[32m(release)[0m> 	or
[32m(release)[0m> 	(
[32m(release)[0m> 		p_partkey = l_partkey
[32m(release)[0m> 		and p_brand = 'Brand#23'
[32m(release)[0m> 		and p_container in ('MED BAG', 'MED BOX', 'MED PKG', 'MED PACK')
[32m(release)[0m> 		and l_quantity >= 10 and l_quantity <= 10 + 10
[32m(release)[0m> 		and p_size between 1 and 10
[32m(release)[0m> 		and l_shipmode in ('AIR', 'AIR REG')
[32m(release)[0m> 		and l_shipinstruct = 'DELIVER IN PERSON'
[32m(release)[0m> 	)
[32m(release)[0m> 	or
[32m(release)[0m> 	(
[32m(release)[0m> 		p_partkey = l_partkey
[32m(release)[0m> 		and p_brand = 'Brand#34'
[32m(release)[0m> 		and p_container in ('LG CASE', 'LG BOX', 'LG PACK', 'LG PKG')
[32m(release)[0m> 		and l_quantity >= 20 and l_quantity <= 20 + 10
[32m(release)[0m> 		and p_size between 1 and 15
[32m(release)[0m> 		and l_shipmode in ('AIR', 'AIR REG')
[32m(release)[0m> 		and l_shipinstruct = 'DELIVER IN PERSON'
[32m(release)[0m> 	);
VmRSS Change: 4420 KB
===
1 rows total
Execution info: [PARSE: 76 µs 39 ns, SQL TRANSLATE: 149 µs 458 ns, OPTIMIZE: 5 ms 683 µs, LQP TRANSLATE: 564 µs 584 ns, EXECUTE: 234 ms 599 µs (wall time) | QUERY PLAN CACHE HITS: 0/1 statement(s)]
After reset, table use_count: 2
WARNING: Table still has 1 other owner(s) after pipeline reset!
Executing script file done
$:hsh clear_plan_caches
Cleared PQP and LQP caches
$:hsh clear_pipeline
Released last SQLPipeline
$:hsh reset_exec_pools
Reset execution pools (2, 3) bump pointers to start
$:hsh mem_usage
------------------------------------------
Memory Usage Statistics:
VmSize:	327413976 kB
VmRSS:	77743448 kB
0: MemResourceStatus {MigratedColumnsAggregate,18446744073709551615,63469016785,52888587462,52888587462,0,0,N/A}
MemResourceStatus {NumaMonotonicResource,3,53687091200,0,0,0,1,0}
MemResourceStatus {NumaMonotonicResource,2,53687091200,0,0,0,0,0}
0: MemResourceStatus {MemManagerAggregate,18446744073709551615,53687091200,0,0,0,0,N/A}
1: MemResourceStatus {MemManagerAggregate,18446744073709551615,53687091200,0,0,0,1,N/A}
MemResourceStatus {DefaultResource,18446744073709551615,18446744073709551615,18446744069992734019,60455899246,0,-1,N/A}
Quick Memory Usage Overview:
Used Capacity: 52888587462, 0
------------------------------------------
Executing script file: /home/umeshsum/tpch_queries/19.sql
[32m(release)[0m> select
[32m(release)[0m> 	sum(l_extendedprice* (1 - l_discount)) as revenue
[32m(release)[0m> from
[32m(release)[0m> 	lineitem,
[32m(release)[0m> 	part
[32m(release)[0m> where
[32m(release)[0m> 	(
[32m(release)[0m> 		p_partkey = l_partkey
[32m(release)[0m> 		and p_brand = 'Brand#12'
[32m(release)[0m> 		and p_container in ('SM CASE', 'SM BOX', 'SM PACK', 'SM PKG')
[32m(release)[0m> 		and l_quantity >= 1 and l_quantity <= 1 + 10
[32m(release)[0m> 		and p_size between 1 and 5
[32m(release)[0m> 		and l_shipmode in ('AIR', 'AIR REG')
[32m(release)[0m> 		and l_shipinstruct = 'DELIVER IN PERSON'
[32m(release)[0m> 	)
[32m(release)[0m> 	or
[32m(release)[0m> 	(
[32m(release)[0m> 		p_partkey = l_partkey
[32m(release)[0m> 		and p_brand = 'Brand#23'
[32m(release)[0m> 		and p_container in ('MED BAG', 'MED BOX', 'MED PKG', 'MED PACK')
[32m(release)[0m> 		and l_quantity >= 10 and l_quantity <= 10 + 10
[32m(release)[0m> 		and p_size between 1 and 10
[32m(release)[0m> 		and l_shipmode in ('AIR', 'AIR REG')
[32m(release)[0m> 		and l_shipinstruct = 'DELIVER IN PERSON'
[32m(release)[0m> 	)
[32m(release)[0m> 	or
[32m(release)[0m> 	(
[32m(release)[0m> 		p_partkey = l_partkey
[32m(release)[0m> 		and p_brand = 'Brand#34'
[32m(release)[0m> 		and p_container in ('LG CASE', 'LG BOX', 'LG PACK', 'LG PKG')
[32m(release)[0m> 		and l_quantity >= 20 and l_quantity <= 20 + 10
[32m(release)[0m> 		and p_size between 1 and 15
[32m(release)[0m> 		and l_shipmode in ('AIR', 'AIR REG')
[32m(release)[0m> 		and l_shipinstruct = 'DELIVER IN PERSON'
[32m(release)[0m> 	);
VmRSS Change: 48 KB
===
1 rows total
Execution info: [PARSE: 42 µs 120 ns, SQL TRANSLATE: 85 µs 569 ns, OPTIMIZE: 2 ms 947 µs, LQP TRANSLATE: 279 µs 857 ns, EXECUTE: 238 ms 721 µs (wall time) | QUERY PLAN CACHE HITS: 0/1 statement(s)]
After reset, table use_count: 2
WARNING: Table still has 1 other owner(s) after pipeline reset!
Executing script file done
$:hsh clear_plan_caches
Cleared PQP and LQP caches
$:hsh clear_pipeline
Released last SQLPipeline
$:hsh reset_exec_pools
Reset execution pools (2, 3) bump pointers to start
$:hsh mem_usage
------------------------------------------
Memory Usage Statistics:
VmSize:	327413976 kB
VmRSS:	77743496 kB
0: MemResourceStatus {MigratedColumnsAggregate,18446744073709551615,63469016785,52888587462,52888587462,0,0,N/A}
MemResourceStatus {NumaMonotonicResource,3,53687091200,0,0,0,1,0}
MemResourceStatus {NumaMonotonicResource,2,53687091200,0,0,0,0,0}
0: MemResourceStatus {MemManagerAggregate,18446744073709551615,53687091200,0,0,0,0,N/A}
1: MemResourceStatus {MemManagerAggregate,18446744073709551615,53687091200,0,0,0,1,N/A}
MemResourceStatus {DefaultResource,18446744073709551615,18446744073709551615,18446744069992734019,60455899246,0,-1,N/A}
Quick Memory Usage Overview:
Used Capacity: 52888587462, 0
------------------------------------------
Executing script file: /home/umeshsum/tpch_queries/19.sql
[32m(release)[0m> select
[32m(release)[0m> 	sum(l_extendedprice* (1 - l_discount)) as revenue
[32m(release)[0m> from
[32m(release)[0m> 	lineitem,
[32m(release)[0m> 	part
[32m(release)[0m> where
[32m(release)[0m> 	(
[32m(release)[0m> 		p_partkey = l_partkey
[32m(release)[0m> 		and p_brand = 'Brand#12'
[32m(release)[0m> 		and p_container in ('SM CASE', 'SM BOX', 'SM PACK', 'SM PKG')
[32m(release)[0m> 		and l_quantity >= 1 and l_quantity <= 1 + 10
[32m(release)[0m> 		and p_size between 1 and 5
[32m(release)[0m> 		and l_shipmode in ('AIR', 'AIR REG')
[32m(release)[0m> 		and l_shipinstruct = 'DELIVER IN PERSON'
[32m(release)[0m> 	)
[32m(release)[0m> 	or
[32m(release)[0m> 	(
[32m(release)[0m> 		p_partkey = l_partkey
[32m(release)[0m> 		and p_brand = 'Brand#23'
[32m(release)[0m> 		and p_container in ('MED BAG', 'MED BOX', 'MED PKG', 'MED PACK')
[32m(release)[0m> 		and l_quantity >= 10 and l_quantity <= 10 + 10
[32m(release)[0m> 		and p_size between 1 and 10
[32m(release)[0m> 		and l_shipmode in ('AIR', 'AIR REG')
[32m(release)[0m> 		and l_shipinstruct = 'DELIVER IN PERSON'
[32m(release)[0m> 	)
[32m(release)[0m> 	or
[32m(release)[0m> 	(
[32m(release)[0m> 		p_partkey = l_partkey
[32m(release)[0m> 		and p_brand = 'Brand#34'
[32m(release)[0m> 		and p_container in ('LG CASE', 'LG BOX', 'LG PACK', 'LG PKG')
[32m(release)[0m> 		and l_quantity >= 20 and l_quantity <= 20 + 10
[32m(release)[0m> 		and p_size between 1 and 15
[32m(release)[0m> 		and l_shipmode in ('AIR', 'AIR REG')
[32m(release)[0m> 		and l_shipinstruct = 'DELIVER IN PERSON'
[32m(release)[0m> 	);
VmRSS Change: 84 KB
===
1 rows total
Execution info: [PARSE: 43 µs 270 ns, SQL TRANSLATE: 91 µs 239 ns, OPTIMIZE: 2 ms 951 µs, LQP TRANSLATE: 288 µs 277 ns, EXECUTE: 240 ms 355 µs (wall time) | QUERY PLAN CACHE HITS: 0/1 statement(s)]
After reset, table use_count: 2
WARNING: Table still has 1 other owner(s) after pipeline reset!
Executing script file done
$:hsh clear_plan_caches
Cleared PQP and LQP caches
$:hsh clear_pipeline
Released last SQLPipeline
$:hsh reset_exec_pools
Reset execution pools (2, 3) bump pointers to start
$:hsh mem_usage
------------------------------------------
Memory Usage Statistics:
VmSize:	327413976 kB
VmRSS:	77743580 kB
0: MemResourceStatus {MigratedColumnsAggregate,18446744073709551615,63469016785,52888587462,52888587462,0,0,N/A}
MemResourceStatus {NumaMonotonicResource,3,53687091200,0,0,0,1,0}
MemResourceStatus {NumaMonotonicResource,2,53687091200,0,0,0,0,0}
0: MemResourceStatus {MemManagerAggregate,18446744073709551615,53687091200,0,0,0,0,N/A}
1: MemResourceStatus {MemManagerAggregate,18446744073709551615,53687091200,0,0,0,1,N/A}
MemResourceStatus {DefaultResource,18446744073709551615,18446744073709551615,18446744069992734019,60455899246,0,-1,N/A}
Quick Memory Usage Overview:
Used Capacity: 52888587462, 0
------------------------------------------
Executing script file: /home/umeshsum/tpch_queries/19.sql
[32m(release)[0m> select
[32m(release)[0m> 	sum(l_extendedprice* (1 - l_discount)) as revenue
[32m(release)[0m> from
[32m(release)[0m> 	lineitem,
[32m(release)[0m> 	part
[32m(release)[0m> where
[32m(release)[0m> 	(
[32m(release)[0m> 		p_partkey = l_partkey
[32m(release)[0m> 		and p_brand = 'Brand#12'
[32m(release)[0m> 		and p_container in ('SM CASE', 'SM BOX', 'SM PACK', 'SM PKG')
[32m(release)[0m> 		and l_quantity >= 1 and l_quantity <= 1 + 10
[32m(release)[0m> 		and p_size between 1 and 5
[32m(release)[0m> 		and l_shipmode in ('AIR', 'AIR REG')
[32m(release)[0m> 		and l_shipinstruct = 'DELIVER IN PERSON'
[32m(release)[0m> 	)
[32m(release)[0m> 	or
[32m(release)[0m> 	(
[32m(release)[0m> 		p_partkey = l_partkey
[32m(release)[0m> 		and p_brand = 'Brand#23'
[32m(release)[0m> 		and p_container in ('MED BAG', 'MED BOX', 'MED PKG', 'MED PACK')
[32m(release)[0m> 		and l_quantity >= 10 and l_quantity <= 10 + 10
[32m(release)[0m> 		and p_size between 1 and 10
[32m(release)[0m> 		and l_shipmode in ('AIR', 'AIR REG')
[32m(release)[0m> 		and l_shipinstruct = 'DELIVER IN PERSON'
[32m(release)[0m> 	)
[32m(release)[0m> 	or
[32m(release)[0m> 	(
[32m(release)[0m> 		p_partkey = l_partkey
[32m(release)[0m> 		and p_brand = 'Brand#34'
[32m(release)[0m> 		and p_container in ('LG CASE', 'LG BOX', 'LG PACK', 'LG PKG')
[32m(release)[0m> 		and l_quantity >= 20 and l_quantity <= 20 + 10
[32m(release)[0m> 		and p_size between 1 and 15
[32m(release)[0m> 		and l_shipmode in ('AIR', 'AIR REG')
[32m(release)[0m> 		and l_shipinstruct = 'DELIVER IN PERSON'
[32m(release)[0m> 	);
VmRSS Change: 60 KB
===
1 rows total
Execution info: [PARSE: 43 µs 729 ns, SQL TRANSLATE: 91 µs 889 ns, OPTIMIZE: 2 ms 979 µs, LQP TRANSLATE: 291 µs 987 ns, EXECUTE: 250 ms 107 µs (wall time) | QUERY PLAN CACHE HITS: 0/1 statement(s)]
After reset, table use_count: 2
WARNING: Table still has 1 other owner(s) after pipeline reset!
Executing script file done
$:hsh clear_plan_caches
Cleared PQP and LQP caches
$:hsh clear_pipeline
Released last SQLPipeline
$:hsh reset_exec_pools
Reset execution pools (2, 3) bump pointers to start
$:hsh mem_usage
------------------------------------------
Memory Usage Statistics:
VmSize:	327413976 kB
VmRSS:	77743640 kB
0: MemResourceStatus {MigratedColumnsAggregate,18446744073709551615,63469016785,52888587462,52888587462,0,0,N/A}
MemResourceStatus {NumaMonotonicResource,3,53687091200,0,0,0,1,0}
MemResourceStatus {NumaMonotonicResource,2,53687091200,0,0,0,0,0}
0: MemResourceStatus {MemManagerAggregate,18446744073709551615,53687091200,0,0,0,0,N/A}
1: MemResourceStatus {MemManagerAggregate,18446744073709551615,53687091200,0,0,0,1,N/A}
MemResourceStatus {DefaultResource,18446744073709551615,18446744073709551615,18446744069992734019,60455899246,0,-1,N/A}
Quick Memory Usage Overview:
Used Capacity: 52888587462, 0
------------------------------------------
Executing script file: /home/umeshsum/tpch_queries/19.sql
[32m(release)[0m> select
[32m(release)[0m> 	sum(l_extendedprice* (1 - l_discount)) as revenue
[32m(release)[0m> from
[32m(release)[0m> 	lineitem,
[32m(release)[0m> 	part
[32m(release)[0m> where
[32m(release)[0m> 	(
[32m(release)[0m> 		p_partkey = l_partkey
[32m(release)[0m> 		and p_brand = 'Brand#12'
[32m(release)[0m> 		and p_container in ('SM CASE', 'SM BOX', 'SM PACK', 'SM PKG')
[32m(release)[0m> 		and l_quantity >= 1 and l_quantity <= 1 + 10
[32m(release)[0m> 		and p_size between 1 and 5
[32m(release)[0m> 		and l_shipmode in ('AIR', 'AIR REG')
[32m(release)[0m> 		and l_shipinstruct = 'DELIVER IN PERSON'
[32m(release)[0m> 	)
[32m(release)[0m> 	or
[32m(release)[0m> 	(
[32m(release)[0m> 		p_partkey = l_partkey
[32m(release)[0m> 		and p_brand = 'Brand#23'
[32m(release)[0m> 		and p_container in ('MED BAG', 'MED BOX', 'MED PKG', 'MED PACK')
[32m(release)[0m> 		and l_quantity >= 10 and l_quantity <= 10 + 10
[32m(release)[0m> 		and p_size between 1 and 10
[32m(release)[0m> 		and l_shipmode in ('AIR', 'AIR REG')
[32m(release)[0m> 		and l_shipinstruct = 'DELIVER IN PERSON'
[32m(release)[0m> 	)
[32m(release)[0m> 	or
[32m(release)[0m> 	(
[32m(release)[0m> 		p_partkey = l_partkey
[32m(release)[0m> 		and p_brand = 'Brand#34'
[32m(release)[0m> 		and p_container in ('LG CASE', 'LG BOX', 'LG PACK', 'LG PKG')
[32m(release)[0m> 		and l_quantity >= 20 and l_quantity <= 20 + 10
[32m(release)[0m> 		and p_size between 1 and 15
[32m(release)[0m> 		and l_shipmode in ('AIR', 'AIR REG')
[32m(release)[0m> 		and l_shipinstruct = 'DELIVER IN PERSON'
[32m(release)[0m> 	);
VmRSS Change: 696 KB
===
1 rows total
Execution info: [PARSE: 43 µs 600 ns, SQL TRANSLATE: 86 µs 319 ns, OPTIMIZE: 2 ms 964 µs, LQP TRANSLATE: 283 µs 317 ns, EXECUTE: 244 ms 365 µs (wall time) | QUERY PLAN CACHE HITS: 0/1 statement(s)]
After reset, table use_count: 2
WARNING: Table still has 1 other owner(s) after pipeline reset!
Executing script file done
$:hsh clear_plan_caches
Cleared PQP and LQP caches
$:hsh clear_pipeline
Released last SQLPipeline
$:hsh reset_exec_pools
Reset execution pools (2, 3) bump pointers to start
$:hsh mem_usage
------------------------------------------
Memory Usage Statistics:
VmSize:	327413976 kB
VmRSS:	77744336 kB
0: MemResourceStatus {MigratedColumnsAggregate,18446744073709551615,63469016785,52888587462,52888587462,0,0,N/A}
MemResourceStatus {NumaMonotonicResource,3,53687091200,0,0,0,1,0}
MemResourceStatus {NumaMonotonicResource,2,53687091200,0,0,0,0,0}
0: MemResourceStatus {MemManagerAggregate,18446744073709551615,53687091200,0,0,0,0,N/A}
1: MemResourceStatus {MemManagerAggregate,18446744073709551615,53687091200,0,0,0,1,N/A}
MemResourceStatus {DefaultResource,18446744073709551615,18446744073709551615,18446744069992734019,60455899246,0,-1,N/A}
Quick Memory Usage Overview:
Used Capacity: 52888587462, 0
------------------------------------------
Executing script file: /home/umeshsum/tpch_queries/19.sql
[32m(release)[0m> select
[32m(release)[0m> 	sum(l_extendedprice* (1 - l_discount)) as revenue
[32m(release)[0m> from
[32m(release)[0m> 	lineitem,
[32m(release)[0m> 	part
[32m(release)[0m> where
[32m(release)[0m> 	(
[32m(release)[0m> 		p_partkey = l_partkey
[32m(release)[0m> 		and p_brand = 'Brand#12'
[32m(release)[0m> 		and p_container in ('SM CASE', 'SM BOX', 'SM PACK', 'SM PKG')
[32m(release)[0m> 		and l_quantity >= 1 and l_quantity <= 1 + 10
[32m(release)[0m> 		and p_size between 1 and 5
[32m(release)[0m> 		and l_shipmode in ('AIR', 'AIR REG')
[32m(release)[0m> 		and l_shipinstruct = 'DELIVER IN PERSON'
[32m(release)[0m> 	)
[32m(release)[0m> 	or
[32m(release)[0m> 	(
[32m(release)[0m> 		p_partkey = l_partkey
[32m(release)[0m> 		and p_brand = 'Brand#23'
[32m(release)[0m> 		and p_container in ('MED BAG', 'MED BOX', 'MED PKG', 'MED PACK')
[32m(release)[0m> 		and l_quantity >= 10 and l_quantity <= 10 + 10
[32m(release)[0m> 		and p_size between 1 and 10
[32m(release)[0m> 		and l_shipmode in ('AIR', 'AIR REG')
[32m(release)[0m> 		and l_shipinstruct = 'DELIVER IN PERSON'
[32m(release)[0m> 	)
[32m(release)[0m> 	or
[32m(release)[0m> 	(
[32m(release)[0m> 		p_partkey = l_partkey
[32m(release)[0m> 		and p_brand = 'Brand#34'
[32m(release)[0m> 		and p_container in ('LG CASE', 'LG BOX', 'LG PACK', 'LG PKG')
[32m(release)[0m> 		and l_quantity >= 20 and l_quantity <= 20 + 10
[32m(release)[0m> 		and p_size between 1 and 15
[32m(release)[0m> 		and l_shipmode in ('AIR', 'AIR REG')
[32m(release)[0m> 		and l_shipinstruct = 'DELIVER IN PERSON'
[32m(release)[0m> 	);
VmRSS Change: 18446744073709551532 KB
===
1 rows total
Execution info: [PARSE: 92 µs 629 ns, SQL TRANSLATE: 165 µs 378 ns, OPTIMIZE: 7 ms 114 µs, LQP TRANSLATE: 707 µs 263 ns, EXECUTE: 242 ms 382 µs (wall time) | QUERY PLAN CACHE HITS: 0/1 statement(s)]
After reset, table use_count: 2
WARNING: Table still has 1 other owner(s) after pipeline reset!
Executing script file done
$:hsh clear_plan_caches
Cleared PQP and LQP caches
$:hsh clear_pipeline
Released last SQLPipeline
$:hsh reset_exec_pools
Reset execution pools (2, 3) bump pointers to start
$:hsh mem_usage
------------------------------------------
Memory Usage Statistics:
VmSize:	327413976 kB
VmRSS:	77744252 kB
0: MemResourceStatus {MigratedColumnsAggregate,18446744073709551615,63469016785,52888587462,52888587462,0,0,N/A}
MemResourceStatus {NumaMonotonicResource,3,53687091200,0,0,0,1,0}
MemResourceStatus {NumaMonotonicResource,2,53687091200,0,0,0,0,0}
0: MemResourceStatus {MemManagerAggregate,18446744073709551615,53687091200,0,0,0,0,N/A}
1: MemResourceStatus {MemManagerAggregate,18446744073709551615,53687091200,0,0,0,1,N/A}
MemResourceStatus {DefaultResource,18446744073709551615,18446744073709551615,18446744069992734019,60455899246,0,-1,N/A}
Quick Memory Usage Overview:
Used Capacity: 52888587462, 0
------------------------------------------
Executing script file: /home/umeshsum/tpch_queries/19.sql
[32m(release)[0m> select
[32m(release)[0m> 	sum(l_extendedprice* (1 - l_discount)) as revenue
[32m(release)[0m> from
[32m(release)[0m> 	lineitem,
[32m(release)[0m> 	part
[32m(release)[0m> where
[32m(release)[0m> 	(
[32m(release)[0m> 		p_partkey = l_partkey
[32m(release)[0m> 		and p_brand = 'Brand#12'
[32m(release)[0m> 		and p_container in ('SM CASE', 'SM BOX', 'SM PACK', 'SM PKG')
[32m(release)[0m> 		and l_quantity >= 1 and l_quantity <= 1 + 10
[32m(release)[0m> 		and p_size between 1 and 5
[32m(release)[0m> 		and l_shipmode in ('AIR', 'AIR REG')
[32m(release)[0m> 		and l_shipinstruct = 'DELIVER IN PERSON'
[32m(release)[0m> 	)
[32m(release)[0m> 	or
[32m(release)[0m> 	(
[32m(release)[0m> 		p_partkey = l_partkey
[32m(release)[0m> 		and p_brand = 'Brand#23'
[32m(release)[0m> 		and p_container in ('MED BAG', 'MED BOX', 'MED PKG', 'MED PACK')
[32m(release)[0m> 		and l_quantity >= 10 and l_quantity <= 10 + 10
[32m(release)[0m> 		and p_size between 1 and 10
[32m(release)[0m> 		and l_shipmode in ('AIR', 'AIR REG')
[32m(release)[0m> 		and l_shipinstruct = 'DELIVER IN PERSON'
[32m(release)[0m> 	)
[32m(release)[0m> 	or
[32m(release)[0m> 	(
[32m(release)[0m> 		p_partkey = l_partkey
[32m(release)[0m> 		and p_brand = 'Brand#34'
[32m(release)[0m> 		and p_container in ('LG CASE', 'LG BOX', 'LG PACK', 'LG PKG')
[32m(release)[0m> 		and l_quantity >= 20 and l_quantity <= 20 + 10
[32m(release)[0m> 		and p_size between 1 and 15
[32m(release)[0m> 		and l_shipmode in ('AIR', 'AIR REG')
[32m(release)[0m> 		and l_shipinstruct = 'DELIVER IN PERSON'
[32m(release)[0m> 	);
VmRSS Change: 1580 KB
===
1 rows total
Execution info: [PARSE: 100 µs 299 ns, SQL TRANSLATE: 168 µs 39 ns, OPTIMIZE: 7 ms 72 µs, LQP TRANSLATE: 712 µs 373 ns, EXECUTE: 245 ms 786 µs (wall time) | QUERY PLAN CACHE HITS: 0/1 statement(s)]
After reset, table use_count: 2
WARNING: Table still has 1 other owner(s) after pipeline reset!
Executing script file done
$:hsh clear_plan_caches
Cleared PQP and LQP caches
$:hsh clear_pipeline
Released last SQLPipeline
$:hsh reset_exec_pools
Reset execution pools (2, 3) bump pointers to start
$:hsh mem_usage
------------------------------------------
Memory Usage Statistics:
VmSize:	327413976 kB
VmRSS:	77745832 kB
0: MemResourceStatus {MigratedColumnsAggregate,18446744073709551615,63469016785,52888587462,52888587462,0,0,N/A}
MemResourceStatus {NumaMonotonicResource,3,53687091200,0,0,0,1,0}
MemResourceStatus {NumaMonotonicResource,2,53687091200,0,0,0,0,0}
0: MemResourceStatus {MemManagerAggregate,18446744073709551615,53687091200,0,0,0,0,N/A}
1: MemResourceStatus {MemManagerAggregate,18446744073709551615,53687091200,0,0,0,1,N/A}
MemResourceStatus {DefaultResource,18446744073709551615,18446744073709551615,18446744069992734019,60455899246,0,-1,N/A}
Quick Memory Usage Overview:
Used Capacity: 52888587462, 0
------------------------------------------
Executing script file: /home/umeshsum/tpch_queries/19.sql
[32m(release)[0m> select
[32m(release)[0m> 	sum(l_extendedprice* (1 - l_discount)) as revenue
[32m(release)[0m> from
[32m(release)[0m> 	lineitem,
[32m(release)[0m> 	part
[32m(release)[0m> where
[32m(release)[0m> 	(
[32m(release)[0m> 		p_partkey = l_partkey
[32m(release)[0m> 		and p_brand = 'Brand#12'
[32m(release)[0m> 		and p_container in ('SM CASE', 'SM BOX', 'SM PACK', 'SM PKG')
[32m(release)[0m> 		and l_quantity >= 1 and l_quantity <= 1 + 10
[32m(release)[0m> 		and p_size between 1 and 5
[32m(release)[0m> 		and l_shipmode in ('AIR', 'AIR REG')
[32m(release)[0m> 		and l_shipinstruct = 'DELIVER IN PERSON'
[32m(release)[0m> 	)
[32m(release)[0m> 	or
[32m(release)[0m> 	(
[32m(release)[0m> 		p_partkey = l_partkey
[32m(release)[0m> 		and p_brand = 'Brand#23'
[32m(release)[0m> 		and p_container in ('MED BAG', 'MED BOX', 'MED PKG', 'MED PACK')
[32m(release)[0m> 		and l_quantity >= 10 and l_quantity <= 10 + 10
[32m(release)[0m> 		and p_size between 1 and 10
[32m(release)[0m> 		and l_shipmode in ('AIR', 'AIR REG')
[32m(release)[0m> 		and l_shipinstruct = 'DELIVER IN PERSON'
[32m(release)[0m> 	)
[32m(release)[0m> 	or
[32m(release)[0m> 	(
[32m(release)[0m> 		p_partkey = l_partkey
[32m(release)[0m> 		and p_brand = 'Brand#34'
[32m(release)[0m> 		and p_container in ('LG CASE', 'LG BOX', 'LG PACK', 'LG PKG')
[32m(release)[0m> 		and l_quantity >= 20 and l_quantity <= 20 + 10
[32m(release)[0m> 		and p_size between 1 and 15
[32m(release)[0m> 		and l_shipmode in ('AIR', 'AIR REG')
[32m(release)[0m> 		and l_shipinstruct = 'DELIVER IN PERSON'
[32m(release)[0m> 	);
VmRSS Change: 92 KB
===
1 rows total
Execution info: [PARSE: 43 µs 550 ns, SQL TRANSLATE: 85 µs 979 ns, OPTIMIZE: 2 ms 947 µs, LQP TRANSLATE: 280 µs 787 ns, EXECUTE: 231 ms 654 µs (wall time) | QUERY PLAN CACHE HITS: 0/1 statement(s)]
After reset, table use_count: 2
WARNING: Table still has 1 other owner(s) after pipeline reset!
Executing script file done
$:hsh clear_plan_caches
Cleared PQP and LQP caches
$:hsh clear_pipeline
Released last SQLPipeline
$:hsh reset_exec_pools
Reset execution pools (2, 3) bump pointers to start
$:hsh mem_usage
------------------------------------------
Memory Usage Statistics:
VmSize:	327413976 kB
VmRSS:	77745924 kB
0: MemResourceStatus {MigratedColumnsAggregate,18446744073709551615,63469016785,52888587462,52888587462,0,0,N/A}
MemResourceStatus {NumaMonotonicResource,3,53687091200,0,0,0,1,0}
MemResourceStatus {NumaMonotonicResource,2,53687091200,0,0,0,0,0}
0: MemResourceStatus {MemManagerAggregate,18446744073709551615,53687091200,0,0,0,0,N/A}
1: MemResourceStatus {MemManagerAggregate,18446744073709551615,53687091200,0,0,0,1,N/A}
MemResourceStatus {DefaultResource,18446744073709551615,18446744073709551615,18446744069992734019,60455899246,0,-1,N/A}
Quick Memory Usage Overview:
Used Capacity: 52888587462, 0
------------------------------------------
Label set to d1000000000000_tf1000000000000_q1
$:hsh clear_plan_caches
Cleared PQP and LQP caches
$:hsh clear_pipeline
Released last SQLPipeline
$:hsh reset_exec_pools
Reset execution pools (2, 3) bump pointers to start
$:hsh mem_usage
------------------------------------------
Memory Usage Statistics:
VmSize:	327413976 kB
VmRSS:	77745924 kB
0: MemResourceStatus {MigratedColumnsAggregate,18446744073709551615,63469016785,52888587462,52888587462,0,0,N/A}
MemResourceStatus {NumaMonotonicResource,3,53687091200,0,0,0,1,0}
MemResourceStatus {NumaMonotonicResource,2,53687091200,0,0,0,0,0}
0: MemResourceStatus {MemManagerAggregate,18446744073709551615,53687091200,0,0,0,0,N/A}
1: MemResourceStatus {MemManagerAggregate,18446744073709551615,53687091200,0,0,0,1,N/A}
MemResourceStatus {DefaultResource,18446744073709551615,18446744073709551615,18446744069992734019,60455899246,0,-1,N/A}
Quick Memory Usage Overview:
Used Capacity: 52888587462, 0
------------------------------------------
Executing script file: /home/umeshsum/tpch_queries/1.sql
[32m(release)[0m> select
[32m(release)[0m> 	l_returnflag,
[32m(release)[0m> 	l_linestatus,
[32m(release)[0m> 	sum(l_quantity) as sum_qty,
[32m(release)[0m> 	sum(l_extendedprice) as sum_base_price,
[32m(release)[0m> 	sum(l_extendedprice * (1 - l_discount)) as sum_disc_price,
[32m(release)[0m> 	sum(l_extendedprice * (1 - l_discount) * (1 + l_tax)) as sum_charge,
[32m(release)[0m> 	avg(l_quantity) as avg_qty,
[32m(release)[0m> 	avg(l_extendedprice) as avg_price,
[32m(release)[0m> 	avg(l_discount) as avg_disc,
[32m(release)[0m> 	count(*) as count_order
[32m(release)[0m> from
[32m(release)[0m> 	lineitem
[32m(release)[0m> where
[32m(release)[0m> 	l_shipdate <= date '1998-12-01' - interval '90' day
[32m(release)[0m> group by
[32m(release)[0m> 	l_returnflag,
[32m(release)[0m> 	l_linestatus
[32m(release)[0m> order by
[32m(release)[0m> 	l_returnflag,
[32m(release)[0m> 	l_linestatus;
Greedy pick_runtime_exec_resource: local pool full, falling back to remote pool
VmRSS Change: 10370884 KB
===
4 rows total
Execution info: [PARSE: 34 µs 430 ns, SQL TRANSLATE: 78 µs 699 ns, OPTIMIZE: 4 ms 956 µs, LQP TRANSLATE: 66 µs 629 ns, EXECUTE: 20 s 338 ms (wall time) | QUERY PLAN CACHE HITS: 0/1 statement(s)]
After reset, table use_count: 2
WARNING: Table still has 1 other owner(s) after pipeline reset!
Executing script file done
$:hsh clear_plan_caches
Cleared PQP and LQP caches
$:hsh clear_pipeline
Released last SQLPipeline
$:hsh reset_exec_pools
Reset execution pools (2, 3) bump pointers to start
$:hsh mem_usage
------------------------------------------
Memory Usage Statistics:
VmSize:	327413976 kB
VmRSS:	88116808 kB
0: MemResourceStatus {MigratedColumnsAggregate,18446744073709551615,63469016785,52888587462,52888587462,0,0,N/A}
MemResourceStatus {NumaMonotonicResource,3,53687091200,0,0,0,1,0}
MemResourceStatus {NumaMonotonicResource,2,53687091200,0,0,0,0,0}
0: MemResourceStatus {MemManagerAggregate,18446744073709551615,53687091200,0,0,0,0,N/A}
1: MemResourceStatus {MemManagerAggregate,18446744073709551615,53687091200,0,0,0,1,N/A}
MemResourceStatus {DefaultResource,18446744073709551615,18446744073709551615,18446744069992734019,60455899246,0,-1,N/A}
Quick Memory Usage Overview:
Used Capacity: 52888587462, 0
------------------------------------------
Executing script file: /home/umeshsum/tpch_queries/1.sql
[32m(release)[0m> select
[32m(release)[0m> 	l_returnflag,
[32m(release)[0m> 	l_linestatus,
[32m(release)[0m> 	sum(l_quantity) as sum_qty,
[32m(release)[0m> 	sum(l_extendedprice) as sum_base_price,
[32m(release)[0m> 	sum(l_extendedprice * (1 - l_discount)) as sum_disc_price,
[32m(release)[0m> 	sum(l_extendedprice * (1 - l_discount) * (1 + l_tax)) as sum_charge,
[32m(release)[0m> 	avg(l_quantity) as avg_qty,
[32m(release)[0m> 	avg(l_extendedprice) as avg_price,
[32m(release)[0m> 	avg(l_discount) as avg_disc,
[32m(release)[0m> 	count(*) as count_order
[32m(release)[0m> from
[32m(release)[0m> 	lineitem
[32m(release)[0m> where
[32m(release)[0m> 	l_shipdate <= date '1998-12-01' - interval '90' day
[32m(release)[0m> group by
[32m(release)[0m> 	l_returnflag,
[32m(release)[0m> 	l_linestatus
[32m(release)[0m> order by
[32m(release)[0m> 	l_returnflag,
[32m(release)[0m> 	l_linestatus;
Greedy pick_runtime_exec_resource: local pool full, falling back to remote pool
VmRSS Change: 18446744073709543548 KB
===
4 rows total
Execution info: [PARSE: 66 µs 609 ns, SQL TRANSLATE: 155 µs 908 ns, OPTIMIZE: 5 ms 845 µs, LQP TRANSLATE: 155 µs 428 ns, EXECUTE: 18 s 209 ms (wall time) | QUERY PLAN CACHE HITS: 0/1 statement(s)]
After reset, table use_count: 2
WARNING: Table still has 1 other owner(s) after pipeline reset!
Executing script file done
$:hsh clear_plan_caches
Cleared PQP and LQP caches
$:hsh clear_pipeline
Released last SQLPipeline
$:hsh reset_exec_pools
Reset execution pools (2, 3) bump pointers to start
$:hsh mem_usage
------------------------------------------
Memory Usage Statistics:
VmSize:	327413976 kB
VmRSS:	88108748 kB
0: MemResourceStatus {MigratedColumnsAggregate,18446744073709551615,63469016785,52888587462,52888587462,0,0,N/A}
MemResourceStatus {NumaMonotonicResource,3,53687091200,0,0,0,1,0}
MemResourceStatus {NumaMonotonicResource,2,53687091200,0,0,0,0,0}
0: MemResourceStatus {MemManagerAggregate,18446744073709551615,53687091200,0,0,0,0,N/A}
1: MemResourceStatus {MemManagerAggregate,18446744073709551615,53687091200,0,0,0,1,N/A}
MemResourceStatus {DefaultResource,18446744073709551615,18446744073709551615,18446744069992734019,60455899246,0,-1,N/A}
Quick Memory Usage Overview:
Used Capacity: 52888587462, 0
------------------------------------------
Executing script file: /home/umeshsum/tpch_queries/1.sql
[32m(release)[0m> select
[32m(release)[0m> 	l_returnflag,
[32m(release)[0m> 	l_linestatus,
[32m(release)[0m> 	sum(l_quantity) as sum_qty,
[32m(release)[0m> 	sum(l_extendedprice) as sum_base_price,
[32m(release)[0m> 	sum(l_extendedprice * (1 - l_discount)) as sum_disc_price,
[32m(release)[0m> 	sum(l_extendedprice * (1 - l_discount) * (1 + l_tax)) as sum_charge,
[32m(release)[0m> 	avg(l_quantity) as avg_qty,
[32m(release)[0m> 	avg(l_extendedprice) as avg_price,
[32m(release)[0m> 	avg(l_discount) as avg_disc,
[32m(release)[0m> 	count(*) as count_order
[32m(release)[0m> from
[32m(release)[0m> 	lineitem
[32m(release)[0m> where
[32m(release)[0m> 	l_shipdate <= date '1998-12-01' - interval '90' day
[32m(release)[0m> group by
[32m(release)[0m> 	l_returnflag,
[32m(release)[0m> 	l_linestatus
[32m(release)[0m> order by
[32m(release)[0m> 	l_returnflag,
[32m(release)[0m> 	l_linestatus;
Greedy pick_runtime_exec_resource: local pool full, falling back to remote pool
VmRSS Change: 18446744073709546160 KB
===
4 rows total
Execution info: [PARSE: 67 µs 790 ns, SQL TRANSLATE: 149 µs 329 ns, OPTIMIZE: 3 ms 996 µs, LQP TRANSLATE: 156 µs 229 ns, EXECUTE: 18 s 164 ms (wall time) | QUERY PLAN CACHE HITS: 0/1 statement(s)]
After reset, table use_count: 2
WARNING: Table still has 1 other owner(s) after pipeline reset!
Executing script file done
$:hsh clear_plan_caches
Cleared PQP and LQP caches
$:hsh clear_pipeline
Released last SQLPipeline
$:hsh reset_exec_pools
Reset execution pools (2, 3) bump pointers to start
$:hsh mem_usage
------------------------------------------
Memory Usage Statistics:
VmSize:	327413976 kB
VmRSS:	88103232 kB
0: MemResourceStatus {MigratedColumnsAggregate,18446744073709551615,63469016785,52888587462,52888587462,0,0,N/A}
MemResourceStatus {NumaMonotonicResource,3,53687091200,0,0,0,1,0}
MemResourceStatus {NumaMonotonicResource,2,53687091200,0,0,0,0,0}
0: MemResourceStatus {MemManagerAggregate,18446744073709551615,53687091200,0,0,0,0,N/A}
1: MemResourceStatus {MemManagerAggregate,18446744073709551615,53687091200,0,0,0,1,N/A}
MemResourceStatus {DefaultResource,18446744073709551615,18446744073709551615,18446744069992734019,60455899246,0,-1,N/A}
Quick Memory Usage Overview:
Used Capacity: 52888587462, 0
------------------------------------------
Executing script file: /home/umeshsum/tpch_queries/1.sql
[32m(release)[0m> select
[32m(release)[0m> 	l_returnflag,
[32m(release)[0m> 	l_linestatus,
[32m(release)[0m> 	sum(l_quantity) as sum_qty,
[32m(release)[0m> 	sum(l_extendedprice) as sum_base_price,
[32m(release)[0m> 	sum(l_extendedprice * (1 - l_discount)) as sum_disc_price,
[32m(release)[0m> 	sum(l_extendedprice * (1 - l_discount) * (1 + l_tax)) as sum_charge,
[32m(release)[0m> 	avg(l_quantity) as avg_qty,
[32m(release)[0m> 	avg(l_extendedprice) as avg_price,
[32m(release)[0m> 	avg(l_discount) as avg_disc,
[32m(release)[0m> 	count(*) as count_order
[32m(release)[0m> from
[32m(release)[0m> 	lineitem
[32m(release)[0m> where
[32m(release)[0m> 	l_shipdate <= date '1998-12-01' - interval '90' day
[32m(release)[0m> group by
[32m(release)[0m> 	l_returnflag,
[32m(release)[0m> 	l_linestatus
[32m(release)[0m> order by
[32m(release)[0m> 	l_returnflag,
[32m(release)[0m> 	l_linestatus;
Greedy pick_runtime_exec_resource: local pool full, falling back to remote pool
VmRSS Change: 3824 KB
===
4 rows total
Execution info: [PARSE: 64 µs 899 ns, SQL TRANSLATE: 146 µs 378 ns, OPTIMIZE: 4 ms 684 µs, LQP TRANSLATE: 154 µs 798 ns, EXECUTE: 18 s 142 ms (wall time) | QUERY PLAN CACHE HITS: 0/1 statement(s)]
After reset, table use_count: 2
WARNING: Table still has 1 other owner(s) after pipeline reset!
Executing script file done
$:hsh clear_plan_caches
Cleared PQP and LQP caches
$:hsh clear_pipeline
Released last SQLPipeline
$:hsh reset_exec_pools
Reset execution pools (2, 3) bump pointers to start
$:hsh mem_usage
------------------------------------------
Memory Usage Statistics:
VmSize:	327413976 kB
VmRSS:	88107052 kB
0: MemResourceStatus {MigratedColumnsAggregate,18446744073709551615,63469016785,52888587462,52888587462,0,0,N/A}
MemResourceStatus {NumaMonotonicResource,3,53687091200,0,0,0,1,0}
MemResourceStatus {NumaMonotonicResource,2,53687091200,0,0,0,0,0}
0: MemResourceStatus {MemManagerAggregate,18446744073709551615,53687091200,0,0,0,0,N/A}
1: MemResourceStatus {MemManagerAggregate,18446744073709551615,53687091200,0,0,0,1,N/A}
MemResourceStatus {DefaultResource,18446744073709551615,18446744073709551615,18446744069992734019,60455899246,0,-1,N/A}
Quick Memory Usage Overview:
Used Capacity: 52888587462, 0
------------------------------------------
Executing script file: /home/umeshsum/tpch_queries/1.sql
[32m(release)[0m> select
[32m(release)[0m> 	l_returnflag,
[32m(release)[0m> 	l_linestatus,
[32m(release)[0m> 	sum(l_quantity) as sum_qty,
[32m(release)[0m> 	sum(l_extendedprice) as sum_base_price,
[32m(release)[0m> 	sum(l_extendedprice * (1 - l_discount)) as sum_disc_price,
[32m(release)[0m> 	sum(l_extendedprice * (1 - l_discount) * (1 + l_tax)) as sum_charge,
[32m(release)[0m> 	avg(l_quantity) as avg_qty,
[32m(release)[0m> 	avg(l_extendedprice) as avg_price,
[32m(release)[0m> 	avg(l_discount) as avg_disc,
[32m(release)[0m> 	count(*) as count_order
[32m(release)[0m> from
[32m(release)[0m> 	lineitem
[32m(release)[0m> where
[32m(release)[0m> 	l_shipdate <= date '1998-12-01' - interval '90' day
[32m(release)[0m> group by
[32m(release)[0m> 	l_returnflag,
[32m(release)[0m> 	l_linestatus
[32m(release)[0m> order by
[32m(release)[0m> 	l_returnflag,
[32m(release)[0m> 	l_linestatus;
Greedy pick_runtime_exec_resource: local pool full, falling back to remote pool
VmRSS Change: 18446744073709550964 KB
===
4 rows total
Execution info: [PARSE: 74 µs 729 ns, SQL TRANSLATE: 186 µs 248 ns, OPTIMIZE: 6 ms 694 µs, LQP TRANSLATE: 155 µs 248 ns, EXECUTE: 18 s 309 ms (wall time) | QUERY PLAN CACHE HITS: 0/1 statement(s)]
After reset, table use_count: 2
WARNING: Table still has 1 other owner(s) after pipeline reset!
Executing script file done
$:hsh clear_plan_caches
Cleared PQP and LQP caches
$:hsh clear_pipeline
Released last SQLPipeline
$:hsh reset_exec_pools
Reset execution pools (2, 3) bump pointers to start
$:hsh mem_usage
------------------------------------------
Memory Usage Statistics:
VmSize:	327413976 kB
VmRSS:	88104088 kB
0: MemResourceStatus {MigratedColumnsAggregate,18446744073709551615,63469016785,52888587462,52888587462,0,0,N/A}
MemResourceStatus {NumaMonotonicResource,3,53687091200,0,0,0,1,0}
MemResourceStatus {NumaMonotonicResource,2,53687091200,0,0,0,0,0}
0: MemResourceStatus {MemManagerAggregate,18446744073709551615,53687091200,0,0,0,0,N/A}
1: MemResourceStatus {MemManagerAggregate,18446744073709551615,53687091200,0,0,0,1,N/A}
MemResourceStatus {DefaultResource,18446744073709551615,18446744073709551615,18446744069992734019,60455899246,0,-1,N/A}
Quick Memory Usage Overview:
Used Capacity: 52888587462, 0
------------------------------------------
Executing script file: /home/umeshsum/tpch_queries/1.sql
[32m(release)[0m> select
[32m(release)[0m> 	l_returnflag,
[32m(release)[0m> 	l_linestatus,
[32m(release)[0m> 	sum(l_quantity) as sum_qty,
[32m(release)[0m> 	sum(l_extendedprice) as sum_base_price,
[32m(release)[0m> 	sum(l_extendedprice * (1 - l_discount)) as sum_disc_price,
[32m(release)[0m> 	sum(l_extendedprice * (1 - l_discount) * (1 + l_tax)) as sum_charge,
[32m(release)[0m> 	avg(l_quantity) as avg_qty,
[32m(release)[0m> 	avg(l_extendedprice) as avg_price,
[32m(release)[0m> 	avg(l_discount) as avg_disc,
[32m(release)[0m> 	count(*) as count_order
[32m(release)[0m> from
[32m(release)[0m> 	lineitem
[32m(release)[0m> where
[32m(release)[0m> 	l_shipdate <= date '1998-12-01' - interval '90' day
[32m(release)[0m> group by
[32m(release)[0m> 	l_returnflag,
[32m(release)[0m> 	l_linestatus
[32m(release)[0m> order by
[32m(release)[0m> 	l_returnflag,
[32m(release)[0m> 	l_linestatus;
Greedy pick_runtime_exec_resource: local pool full, falling back to remote pool
Greedy pick_runtime_exec_resource: local pool full, falling back to remote pool
Greedy pick_runtime_exec_resource: local pool full, falling back to remote pool
VmRSS Change: 2984 KB
===
4 rows total
Execution info: [PARSE: 67 µs 399 ns, SQL TRANSLATE: 156 µs 349 ns, OPTIMIZE: 4 ms 239 µs, LQP TRANSLATE: 154 µs 608 ns, EXECUTE: 18 s 214 ms (wall time) | QUERY PLAN CACHE HITS: 0/1 statement(s)]
After reset, table use_count: 2
WARNING: Table still has 1 other owner(s) after pipeline reset!
Executing script file done
$:hsh clear_plan_caches
Cleared PQP and LQP caches
$:hsh clear_pipeline
Released last SQLPipeline
$:hsh reset_exec_pools
Reset execution pools (2, 3) bump pointers to start
$:hsh mem_usage
------------------------------------------
Memory Usage Statistics:
VmSize:	327413976 kB
VmRSS:	88107056 kB
0: MemResourceStatus {MigratedColumnsAggregate,18446744073709551615,63469016785,52888587462,52888587462,0,0,N/A}
MemResourceStatus {NumaMonotonicResource,3,53687091200,0,0,0,1,0}
MemResourceStatus {NumaMonotonicResource,2,53687091200,0,0,0,0,0}
0: MemResourceStatus {MemManagerAggregate,18446744073709551615,53687091200,0,0,0,0,N/A}
1: MemResourceStatus {MemManagerAggregate,18446744073709551615,53687091200,0,0,0,1,N/A}
MemResourceStatus {DefaultResource,18446744073709551615,18446744073709551615,18446744069992734019,60455899246,0,-1,N/A}
Quick Memory Usage Overview:
Used Capacity: 52888587462, 0
------------------------------------------
Executing script file: /home/umeshsum/tpch_queries/1.sql
[32m(release)[0m> select
[32m(release)[0m> 	l_returnflag,
[32m(release)[0m> 	l_linestatus,
[32m(release)[0m> 	sum(l_quantity) as sum_qty,
[32m(release)[0m> 	sum(l_extendedprice) as sum_base_price,
[32m(release)[0m> 	sum(l_extendedprice * (1 - l_discount)) as sum_disc_price,
[32m(release)[0m> 	sum(l_extendedprice * (1 - l_discount) * (1 + l_tax)) as sum_charge,
[32m(release)[0m> 	avg(l_quantity) as avg_qty,
[32m(release)[0m> 	avg(l_extendedprice) as avg_price,
[32m(release)[0m> 	avg(l_discount) as avg_disc,
[32m(release)[0m> 	count(*) as count_order
[32m(release)[0m> from
[32m(release)[0m> 	lineitem
[32m(release)[0m> where
[32m(release)[0m> 	l_shipdate <= date '1998-12-01' - interval '90' day
[32m(release)[0m> group by
[32m(release)[0m> 	l_returnflag,
[32m(release)[0m> 	l_linestatus
[32m(release)[0m> order by
[32m(release)[0m> 	l_returnflag,
[32m(release)[0m> 	l_linestatus;
Greedy pick_runtime_exec_resource: local pool full, falling back to remote pool
VmRSS Change: 18446744073709551184 KB
===
4 rows total
Execution info: [PARSE: 69 µs 899 ns, SQL TRANSLATE: 181 µs 148 ns, OPTIMIZE: 5 ms 916 µs, LQP TRANSLATE: 151 µs 579 ns, EXECUTE: 18 s 138 ms (wall time) | QUERY PLAN CACHE HITS: 0/1 statement(s)]
After reset, table use_count: 2
WARNING: Table still has 1 other owner(s) after pipeline reset!
Executing script file done
$:hsh clear_plan_caches
Cleared PQP and LQP caches
$:hsh clear_pipeline
Released last SQLPipeline
$:hsh reset_exec_pools
Reset execution pools (2, 3) bump pointers to start
$:hsh mem_usage
------------------------------------------
Memory Usage Statistics:
VmSize:	327413976 kB
VmRSS:	88106620 kB
0: MemResourceStatus {MigratedColumnsAggregate,18446744073709551615,63469016785,52888587462,52888587462,0,0,N/A}
MemResourceStatus {NumaMonotonicResource,3,53687091200,0,0,0,1,0}
MemResourceStatus {NumaMonotonicResource,2,53687091200,0,0,0,0,0}
0: MemResourceStatus {MemManagerAggregate,18446744073709551615,53687091200,0,0,0,0,N/A}
1: MemResourceStatus {MemManagerAggregate,18446744073709551615,53687091200,0,0,0,1,N/A}
MemResourceStatus {DefaultResource,18446744073709551615,18446744073709551615,18446744069992734019,60455899246,0,-1,N/A}
Quick Memory Usage Overview:
Used Capacity: 52888587462, 0
------------------------------------------
Executing script file: /home/umeshsum/tpch_queries/1.sql
[32m(release)[0m> select
[32m(release)[0m> 	l_returnflag,
[32m(release)[0m> 	l_linestatus,
[32m(release)[0m> 	sum(l_quantity) as sum_qty,
[32m(release)[0m> 	sum(l_extendedprice) as sum_base_price,
[32m(release)[0m> 	sum(l_extendedprice * (1 - l_discount)) as sum_disc_price,
[32m(release)[0m> 	sum(l_extendedprice * (1 - l_discount) * (1 + l_tax)) as sum_charge,
[32m(release)[0m> 	avg(l_quantity) as avg_qty,
[32m(release)[0m> 	avg(l_extendedprice) as avg_price,
[32m(release)[0m> 	avg(l_discount) as avg_disc,
[32m(release)[0m> 	count(*) as count_order
[32m(release)[0m> from
[32m(release)[0m> 	lineitem
[32m(release)[0m> where
[32m(release)[0m> 	l_shipdate <= date '1998-12-01' - interval '90' day
[32m(release)[0m> group by
[32m(release)[0m> 	l_returnflag,
[32m(release)[0m> 	l_linestatus
[32m(release)[0m> order by
[32m(release)[0m> 	l_returnflag,
[32m(release)[0m> 	l_linestatus;
Greedy pick_runtime_exec_resource: local pool full, falling back to remote pool
VmRSS Change: 624 KB
===
4 rows total
Execution info: [PARSE: 70 µs 199 ns, SQL TRANSLATE: 147 µs 359 ns, OPTIMIZE: 5 ms 691 µs, LQP TRANSLATE: 155 µs 108 ns, EXECUTE: 18 s 260 ms (wall time) | QUERY PLAN CACHE HITS: 0/1 statement(s)]
After reset, table use_count: 2
WARNING: Table still has 1 other owner(s) after pipeline reset!
Executing script file done
$:hsh clear_plan_caches
Cleared PQP and LQP caches
$:hsh clear_pipeline
Released last SQLPipeline
$:hsh reset_exec_pools
Reset execution pools (2, 3) bump pointers to start
$:hsh mem_usage
------------------------------------------
Memory Usage Statistics:
VmSize:	327413976 kB
VmRSS:	88107244 kB
0: MemResourceStatus {MigratedColumnsAggregate,18446744073709551615,63469016785,52888587462,52888587462,0,0,N/A}
MemResourceStatus {NumaMonotonicResource,3,53687091200,0,0,0,1,0}
MemResourceStatus {NumaMonotonicResource,2,53687091200,0,0,0,0,0}
0: MemResourceStatus {MemManagerAggregate,18446744073709551615,53687091200,0,0,0,0,N/A}
1: MemResourceStatus {MemManagerAggregate,18446744073709551615,53687091200,0,0,0,1,N/A}
MemResourceStatus {DefaultResource,18446744073709551615,18446744073709551615,18446744069992734019,60455899246,0,-1,N/A}
Quick Memory Usage Overview:
Used Capacity: 52888587462, 0
------------------------------------------
Executing script file: /home/umeshsum/tpch_queries/1.sql
[32m(release)[0m> select
[32m(release)[0m> 	l_returnflag,
[32m(release)[0m> 	l_linestatus,
[32m(release)[0m> 	sum(l_quantity) as sum_qty,
[32m(release)[0m> 	sum(l_extendedprice) as sum_base_price,
[32m(release)[0m> 	sum(l_extendedprice * (1 - l_discount)) as sum_disc_price,
[32m(release)[0m> 	sum(l_extendedprice * (1 - l_discount) * (1 + l_tax)) as sum_charge,
[32m(release)[0m> 	avg(l_quantity) as avg_qty,
[32m(release)[0m> 	avg(l_extendedprice) as avg_price,
[32m(release)[0m> 	avg(l_discount) as avg_disc,
[32m(release)[0m> 	count(*) as count_order
[32m(release)[0m> from
[32m(release)[0m> 	lineitem
[32m(release)[0m> where
[32m(release)[0m> 	l_shipdate <= date '1998-12-01' - interval '90' day
[32m(release)[0m> group by
[32m(release)[0m> 	l_returnflag,
[32m(release)[0m> 	l_linestatus
[32m(release)[0m> order by
[32m(release)[0m> 	l_returnflag,
[32m(release)[0m> 	l_linestatus;
Greedy pick_runtime_exec_resource: local pool full, falling back to remote pool
Greedy pick_runtime_exec_resource: local pool full, falling back to remote pool
VmRSS Change: 18446744073709551452 KB
===
4 rows total
Execution info: [PARSE: 64 µs 499 ns, SQL TRANSLATE: 169 µs 588 ns, OPTIMIZE: 4 ms 199 µs, LQP TRANSLATE: 148 µs 308 ns, EXECUTE: 18 s 389 ms (wall time) | QUERY PLAN CACHE HITS: 0/1 statement(s)]
After reset, table use_count: 2
WARNING: Table still has 1 other owner(s) after pipeline reset!
Executing script file done
$:hsh clear_plan_caches
Cleared PQP and LQP caches
$:hsh clear_pipeline
Released last SQLPipeline
$:hsh reset_exec_pools
Reset execution pools (2, 3) bump pointers to start
$:hsh mem_usage
------------------------------------------
Memory Usage Statistics:
VmSize:	327413976 kB
VmRSS:	88107064 kB
0: MemResourceStatus {MigratedColumnsAggregate,18446744073709551615,63469016785,52888587462,52888587462,0,0,N/A}
MemResourceStatus {NumaMonotonicResource,3,53687091200,0,0,0,1,0}
MemResourceStatus {NumaMonotonicResource,2,53687091200,0,0,0,0,0}
0: MemResourceStatus {MemManagerAggregate,18446744073709551615,53687091200,0,0,0,0,N/A}
1: MemResourceStatus {MemManagerAggregate,18446744073709551615,53687091200,0,0,0,1,N/A}
MemResourceStatus {DefaultResource,18446744073709551615,18446744073709551615,18446744069992734019,60455899246,0,-1,N/A}
Quick Memory Usage Overview:
Used Capacity: 52888587462, 0
------------------------------------------
Executing script file: /home/umeshsum/tpch_queries/1.sql
[32m(release)[0m> select
[32m(release)[0m> 	l_returnflag,
[32m(release)[0m> 	l_linestatus,
[32m(release)[0m> 	sum(l_quantity) as sum_qty,
[32m(release)[0m> 	sum(l_extendedprice) as sum_base_price,
[32m(release)[0m> 	sum(l_extendedprice * (1 - l_discount)) as sum_disc_price,
[32m(release)[0m> 	sum(l_extendedprice * (1 - l_discount) * (1 + l_tax)) as sum_charge,
[32m(release)[0m> 	avg(l_quantity) as avg_qty,
[32m(release)[0m> 	avg(l_extendedprice) as avg_price,
[32m(release)[0m> 	avg(l_discount) as avg_disc,
[32m(release)[0m> 	count(*) as count_order
[32m(release)[0m> from
[32m(release)[0m> 	lineitem
[32m(release)[0m> where
[32m(release)[0m> 	l_shipdate <= date '1998-12-01' - interval '90' day
[32m(release)[0m> group by
[32m(release)[0m> 	l_returnflag,
[32m(release)[0m> 	l_linestatus
[32m(release)[0m> order by
[32m(release)[0m> 	l_returnflag,
[32m(release)[0m> 	l_linestatus;
Greedy pick_runtime_exec_resource: local pool full, falling back to remote pool
VmRSS Change: 604 KB
===
4 rows total
Execution info: [PARSE: 73 µs 489 ns, SQL TRANSLATE: 179 µs 258 ns, OPTIMIZE: 5 ms 16 µs, LQP TRANSLATE: 152 µs 9 ns, EXECUTE: 18 s 182 ms (wall time) | QUERY PLAN CACHE HITS: 0/1 statement(s)]
After reset, table use_count: 2
WARNING: Table still has 1 other owner(s) after pipeline reset!
Executing script file done
$:hsh clear_plan_caches
Cleared PQP and LQP caches
$:hsh clear_pipeline
Released last SQLPipeline
$:hsh reset_exec_pools
Reset execution pools (2, 3) bump pointers to start
$:hsh mem_usage
------------------------------------------
Memory Usage Statistics:
VmSize:	327413976 kB
VmRSS:	88107668 kB
0: MemResourceStatus {MigratedColumnsAggregate,18446744073709551615,63469016785,52888587462,52888587462,0,0,N/A}
MemResourceStatus {NumaMonotonicResource,3,53687091200,0,0,0,1,0}
MemResourceStatus {NumaMonotonicResource,2,53687091200,0,0,0,0,0}
0: MemResourceStatus {MemManagerAggregate,18446744073709551615,53687091200,0,0,0,0,N/A}
1: MemResourceStatus {MemManagerAggregate,18446744073709551615,53687091200,0,0,0,1,N/A}
MemResourceStatus {DefaultResource,18446744073709551615,18446744073709551615,18446744069992734019,60455899246,0,-1,N/A}
Quick Memory Usage Overview:
Used Capacity: 52888587462, 0
------------------------------------------
Label set to d1000000000000_tf1000000000000_q20
$:hsh clear_plan_caches
Cleared PQP and LQP caches
$:hsh clear_pipeline
Released last SQLPipeline
$:hsh reset_exec_pools
Reset execution pools (2, 3) bump pointers to start
$:hsh mem_usage
------------------------------------------
Memory Usage Statistics:
VmSize:	327413976 kB
VmRSS:	88107668 kB
0: MemResourceStatus {MigratedColumnsAggregate,18446744073709551615,63469016785,52888587462,52888587462,0,0,N/A}
MemResourceStatus {NumaMonotonicResource,3,53687091200,0,0,0,1,0}
MemResourceStatus {NumaMonotonicResource,2,53687091200,0,0,0,0,0}
0: MemResourceStatus {MemManagerAggregate,18446744073709551615,53687091200,0,0,0,0,N/A}
1: MemResourceStatus {MemManagerAggregate,18446744073709551615,53687091200,0,0,0,1,N/A}
MemResourceStatus {DefaultResource,18446744073709551615,18446744073709551615,18446744069992734019,60455899246,0,-1,N/A}
Quick Memory Usage Overview:
Used Capacity: 52888587462, 0
------------------------------------------
Executing script file: /home/umeshsum/tpch_queries/20.sql
[32m(release)[0m> select
[32m(release)[0m> 	s_name,
[32m(release)[0m> 	s_address
[32m(release)[0m> from
[32m(release)[0m> 	supplier,
[32m(release)[0m> 	nation
[32m(release)[0m> where
[32m(release)[0m> 	s_suppkey in (
[32m(release)[0m> 		select
[32m(release)[0m> 			ps_suppkey
[32m(release)[0m> 		from
[32m(release)[0m> 			partsupp
[32m(release)[0m> 		where
[32m(release)[0m> 			ps_partkey in (
[32m(release)[0m> 				select
[32m(release)[0m> 					p_partkey
[32m(release)[0m> 				from
[32m(release)[0m> 					part
[32m(release)[0m> 				where
[32m(release)[0m> 					p_name like 'forest%'
[32m(release)[0m> 			)
[32m(release)[0m> 			and ps_availqty > (
[32m(release)[0m> 				select
[32m(release)[0m> 					0.5 * sum(l_quantity)
[32m(release)[0m> 				from
[32m(release)[0m> 					lineitem
[32m(release)[0m> 				where
[32m(release)[0m> 					l_partkey = ps_partkey
[32m(release)[0m> 					and l_suppkey = ps_suppkey
[32m(release)[0m> 					and l_shipdate >= date '1994-01-01'
[32m(release)[0m> 					and l_shipdate < date '1994-01-01' + interval '1' year
[32m(release)[0m> 			)
[32m(release)[0m> 	)
[32m(release)[0m> 	and s_nationkey = n_nationkey
[32m(release)[0m> 	and n_name = 'CANADA'
[32m(release)[0m> order by
[32m(release)[0m> 	s_name;
Greedy pick_runtime_exec_resource: local pool full, falling back to remote pool
VmRSS Change: 1484 KB
===
8890 rows total
Execution info: [PARSE: 70 µs 959 ns, SQL TRANSLATE: 255 µs 67 ns, OPTIMIZE: 15 ms 735 µs, LQP TRANSLATE: 339 µs 767 ns, EXECUTE: 696 ms 359 µs (wall time) | QUERY PLAN CACHE HITS: 0/1 statement(s)]
After reset, table use_count: 2
WARNING: Table still has 1 other owner(s) after pipeline reset!
Executing script file done
$:hsh clear_plan_caches
Cleared PQP and LQP caches
$:hsh clear_pipeline
Released last SQLPipeline
$:hsh reset_exec_pools
Reset execution pools (2, 3) bump pointers to start
$:hsh mem_usage
------------------------------------------
Memory Usage Statistics:
VmSize:	327413976 kB
VmRSS:	88109188 kB
0: MemResourceStatus {MigratedColumnsAggregate,18446744073709551615,63469016785,52888587462,52888587462,0,0,N/A}
MemResourceStatus {NumaMonotonicResource,3,53687091200,0,0,0,1,0}
MemResourceStatus {NumaMonotonicResource,2,53687091200,0,0,0,0,0}
0: MemResourceStatus {MemManagerAggregate,18446744073709551615,53687091200,0,0,0,0,N/A}
1: MemResourceStatus {MemManagerAggregate,18446744073709551615,53687091200,0,0,0,1,N/A}
MemResourceStatus {DefaultResource,18446744073709551615,18446744073709551615,18446744069992734019,60455899246,0,-1,N/A}
Quick Memory Usage Overview:
Used Capacity: 52888587462, 0
------------------------------------------
Executing script file: /home/umeshsum/tpch_queries/20.sql
[32m(release)[0m> select
[32m(release)[0m> 	s_name,
[32m(release)[0m> 	s_address
[32m(release)[0m> from
[32m(release)[0m> 	supplier,
[32m(release)[0m> 	nation
[32m(release)[0m> where
[32m(release)[0m> 	s_suppkey in (
[32m(release)[0m> 		select
[32m(release)[0m> 			ps_suppkey
[32m(release)[0m> 		from
[32m(release)[0m> 			partsupp
[32m(release)[0m> 		where
[32m(release)[0m> 			ps_partkey in (
[32m(release)[0m> 				select
[32m(release)[0m> 					p_partkey
[32m(release)[0m> 				from
[32m(release)[0m> 					part
[32m(release)[0m> 				where
[32m(release)[0m> 					p_name like 'forest%'
[32m(release)[0m> 			)
[32m(release)[0m> 			and ps_availqty > (
[32m(release)[0m> 				select
[32m(release)[0m> 					0.5 * sum(l_quantity)
[32m(release)[0m> 				from
[32m(release)[0m> 					lineitem
[32m(release)[0m> 				where
[32m(release)[0m> 					l_partkey = ps_partkey
[32m(release)[0m> 					and l_suppkey = ps_suppkey
[32m(release)[0m> 					and l_shipdate >= date '1994-01-01'
[32m(release)[0m> 					and l_shipdate < date '1994-01-01' + interval '1' year
[32m(release)[0m> 			)
[32m(release)[0m> 	)
[32m(release)[0m> 	and s_nationkey = n_nationkey
[32m(release)[0m> 	and n_name = 'CANADA'
[32m(release)[0m> order by
[32m(release)[0m> 	s_name;
Greedy pick_runtime_exec_resource: local pool full, falling back to remote pool
VmRSS Change: 2808 KB
===
8890 rows total
Execution info: [PARSE: 71 µs 609 ns, SQL TRANSLATE: 202 µs 528 ns, OPTIMIZE: 11 ms 574 µs, LQP TRANSLATE: 326 µs 236 ns, EXECUTE: 704 ms 829 µs (wall time) | QUERY PLAN CACHE HITS: 0/1 statement(s)]
After reset, table use_count: 2
WARNING: Table still has 1 other owner(s) after pipeline reset!
Executing script file done
$:hsh clear_plan_caches
Cleared PQP and LQP caches
$:hsh clear_pipeline
Released last SQLPipeline
$:hsh reset_exec_pools
Reset execution pools (2, 3) bump pointers to start
$:hsh mem_usage
------------------------------------------
Memory Usage Statistics:
VmSize:	327413976 kB
VmRSS:	88111996 kB
0: MemResourceStatus {MigratedColumnsAggregate,18446744073709551615,63469016785,52888587462,52888587462,0,0,N/A}
MemResourceStatus {NumaMonotonicResource,3,53687091200,0,0,0,1,0}
MemResourceStatus {NumaMonotonicResource,2,53687091200,0,0,0,0,0}
0: MemResourceStatus {MemManagerAggregate,18446744073709551615,53687091200,0,0,0,0,N/A}
1: MemResourceStatus {MemManagerAggregate,18446744073709551615,53687091200,0,0,0,1,N/A}
MemResourceStatus {DefaultResource,18446744073709551615,18446744073709551615,18446744069992734019,60455899246,0,-1,N/A}
Quick Memory Usage Overview:
Used Capacity: 52888587462, 0
------------------------------------------
Executing script file: /home/umeshsum/tpch_queries/20.sql
[32m(release)[0m> select
[32m(release)[0m> 	s_name,
[32m(release)[0m> 	s_address
[32m(release)[0m> from
[32m(release)[0m> 	supplier,
[32m(release)[0m> 	nation
[32m(release)[0m> where
[32m(release)[0m> 	s_suppkey in (
[32m(release)[0m> 		select
[32m(release)[0m> 			ps_suppkey
[32m(release)[0m> 		from
[32m(release)[0m> 			partsupp
[32m(release)[0m> 		where
[32m(release)[0m> 			ps_partkey in (
[32m(release)[0m> 				select
[32m(release)[0m> 					p_partkey
[32m(release)[0m> 				from
[32m(release)[0m> 					part
[32m(release)[0m> 				where
[32m(release)[0m> 					p_name like 'forest%'
[32m(release)[0m> 			)
[32m(release)[0m> 			and ps_availqty > (
[32m(release)[0m> 				select
[32m(release)[0m> 					0.5 * sum(l_quantity)
[32m(release)[0m> 				from
[32m(release)[0m> 					lineitem
[32m(release)[0m> 				where
[32m(release)[0m> 					l_partkey = ps_partkey
[32m(release)[0m> 					and l_suppkey = ps_suppkey
[32m(release)[0m> 					and l_shipdate >= date '1994-01-01'
[32m(release)[0m> 					and l_shipdate < date '1994-01-01' + interval '1' year
[32m(release)[0m> 			)
[32m(release)[0m> 	)
[32m(release)[0m> 	and s_nationkey = n_nationkey
[32m(release)[0m> 	and n_name = 'CANADA'
[32m(release)[0m> order by
[32m(release)[0m> 	s_name;
Greedy pick_runtime_exec_resource: local pool full, falling back to remote pool
VmRSS Change: 456 KB
===
8890 rows total
Execution info: [PARSE: 75 µs 129 ns, SQL TRANSLATE: 222 µs 318 ns, OPTIMIZE: 11 ms 588 µs, LQP TRANSLATE: 317 µs 906 ns, EXECUTE: 708 ms 295 µs (wall time) | QUERY PLAN CACHE HITS: 0/1 statement(s)]
After reset, table use_count: 2
WARNING: Table still has 1 other owner(s) after pipeline reset!
Executing script file done
$:hsh clear_plan_caches
Cleared PQP and LQP caches
$:hsh clear_pipeline
Released last SQLPipeline
$:hsh reset_exec_pools
Reset execution pools (2, 3) bump pointers to start
$:hsh mem_usage
------------------------------------------
Memory Usage Statistics:
VmSize:	327413976 kB
VmRSS:	88112448 kB
0: MemResourceStatus {MigratedColumnsAggregate,18446744073709551615,63469016785,52888587462,52888587462,0,0,N/A}
MemResourceStatus {NumaMonotonicResource,3,53687091200,0,0,0,1,0}
MemResourceStatus {NumaMonotonicResource,2,53687091200,0,0,0,0,0}
0: MemResourceStatus {MemManagerAggregate,18446744073709551615,53687091200,0,0,0,0,N/A}
1: MemResourceStatus {MemManagerAggregate,18446744073709551615,53687091200,0,0,0,1,N/A}
MemResourceStatus {DefaultResource,18446744073709551615,18446744073709551615,18446744069992734019,60455899246,0,-1,N/A}
Quick Memory Usage Overview:
Used Capacity: 52888587462, 0
------------------------------------------
Executing script file: /home/umeshsum/tpch_queries/20.sql
[32m(release)[0m> select
[32m(release)[0m> 	s_name,
[32m(release)[0m> 	s_address
[32m(release)[0m> from
[32m(release)[0m> 	supplier,
[32m(release)[0m> 	nation
[32m(release)[0m> where
[32m(release)[0m> 	s_suppkey in (
[32m(release)[0m> 		select
[32m(release)[0m> 			ps_suppkey
[32m(release)[0m> 		from
[32m(release)[0m> 			partsupp
[32m(release)[0m> 		where
[32m(release)[0m> 			ps_partkey in (
[32m(release)[0m> 				select
[32m(release)[0m> 					p_partkey
[32m(release)[0m> 				from
[32m(release)[0m> 					part
[32m(release)[0m> 				where
[32m(release)[0m> 					p_name like 'forest%'
[32m(release)[0m> 			)
[32m(release)[0m> 			and ps_availqty > (
[32m(release)[0m> 				select
[32m(release)[0m> 					0.5 * sum(l_quantity)
[32m(release)[0m> 				from
[32m(release)[0m> 					lineitem
[32m(release)[0m> 				where
[32m(release)[0m> 					l_partkey = ps_partkey
[32m(release)[0m> 					and l_suppkey = ps_suppkey
[32m(release)[0m> 					and l_shipdate >= date '1994-01-01'
[32m(release)[0m> 					and l_shipdate < date '1994-01-01' + interval '1' year
[32m(release)[0m> 			)
[32m(release)[0m> 	)
[32m(release)[0m> 	and s_nationkey = n_nationkey
[32m(release)[0m> 	and n_name = 'CANADA'
[32m(release)[0m> order by
[32m(release)[0m> 	s_name;
Greedy pick_runtime_exec_resource: local pool full, falling back to remote pool
VmRSS Change: 664 KB
===
8890 rows total
Execution info: [PARSE: 120 µs 639 ns, SQL TRANSLATE: 218 µs 177 ns, OPTIMIZE: 11 ms 642 µs, LQP TRANSLATE: 320 µs 456 ns, EXECUTE: 695 ms 421 µs (wall time) | QUERY PLAN CACHE HITS: 0/1 statement(s)]
After reset, table use_count: 2
WARNING: Table still has 1 other owner(s) after pipeline reset!
Executing script file done
$:hsh clear_plan_caches
Cleared PQP and LQP caches
$:hsh clear_pipeline
Released last SQLPipeline
$:hsh reset_exec_pools
Reset execution pools (2, 3) bump pointers to start
$:hsh mem_usage
------------------------------------------
Memory Usage Statistics:
VmSize:	327413976 kB
VmRSS:	88113132 kB
0: MemResourceStatus {MigratedColumnsAggregate,18446744073709551615,63469016785,52888587462,52888587462,0,0,N/A}
MemResourceStatus {NumaMonotonicResource,3,53687091200,0,0,0,1,0}
MemResourceStatus {NumaMonotonicResource,2,53687091200,0,0,0,0,0}
0: MemResourceStatus {MemManagerAggregate,18446744073709551615,53687091200,0,0,0,0,N/A}
1: MemResourceStatus {MemManagerAggregate,18446744073709551615,53687091200,0,0,0,1,N/A}
MemResourceStatus {DefaultResource,18446744073709551615,18446744073709551615,18446744069992734019,60455899246,0,-1,N/A}
Quick Memory Usage Overview:
Used Capacity: 52888587462, 0
------------------------------------------
Executing script file: /home/umeshsum/tpch_queries/20.sql
[32m(release)[0m> select
[32m(release)[0m> 	s_name,
[32m(release)[0m> 	s_address
[32m(release)[0m> from
[32m(release)[0m> 	supplier,
[32m(release)[0m> 	nation
[32m(release)[0m> where
[32m(release)[0m> 	s_suppkey in (
[32m(release)[0m> 		select
[32m(release)[0m> 			ps_suppkey
[32m(release)[0m> 		from
[32m(release)[0m> 			partsupp
[32m(release)[0m> 		where
[32m(release)[0m> 			ps_partkey in (
[32m(release)[0m> 				select
[32m(release)[0m> 					p_partkey
[32m(release)[0m> 				from
[32m(release)[0m> 					part
[32m(release)[0m> 				where
[32m(release)[0m> 					p_name like 'forest%'
[32m(release)[0m> 			)
[32m(release)[0m> 			and ps_availqty > (
[32m(release)[0m> 				select
[32m(release)[0m> 					0.5 * sum(l_quantity)
[32m(release)[0m> 				from
[32m(release)[0m> 					lineitem
[32m(release)[0m> 				where
[32m(release)[0m> 					l_partkey = ps_partkey
[32m(release)[0m> 					and l_suppkey = ps_suppkey
[32m(release)[0m> 					and l_shipdate >= date '1994-01-01'
[32m(release)[0m> 					and l_shipdate < date '1994-01-01' + interval '1' year
[32m(release)[0m> 			)
[32m(release)[0m> 	)
[32m(release)[0m> 	and s_nationkey = n_nationkey
[32m(release)[0m> 	and n_name = 'CANADA'
[32m(release)[0m> order by
[32m(release)[0m> 	s_name;
Greedy pick_runtime_exec_resource: local pool full, falling back to remote pool
VmRSS Change: 1240 KB
===
8890 rows total
Execution info: [PARSE: 70 µs 149 ns, SQL TRANSLATE: 253 µs 467 ns, OPTIMIZE: 11 ms 137 µs, LQP TRANSLATE: 317 µs 257 ns, EXECUTE: 689 ms 918 µs (wall time) | QUERY PLAN CACHE HITS: 0/1 statement(s)]
After reset, table use_count: 2
WARNING: Table still has 1 other owner(s) after pipeline reset!
Executing script file done
$:hsh clear_plan_caches
Cleared PQP and LQP caches
$:hsh clear_pipeline
Released last SQLPipeline
$:hsh reset_exec_pools
Reset execution pools (2, 3) bump pointers to start
$:hsh mem_usage
------------------------------------------
Memory Usage Statistics:
VmSize:	327413976 kB
VmRSS:	88114384 kB
0: MemResourceStatus {MigratedColumnsAggregate,18446744073709551615,63469016785,52888587462,52888587462,0,0,N/A}
MemResourceStatus {NumaMonotonicResource,3,53687091200,0,0,0,1,0}
MemResourceStatus {NumaMonotonicResource,2,53687091200,0,0,0,0,0}
0: MemResourceStatus {MemManagerAggregate,18446744073709551615,53687091200,0,0,0,0,N/A}
1: MemResourceStatus {MemManagerAggregate,18446744073709551615,53687091200,0,0,0,1,N/A}
MemResourceStatus {DefaultResource,18446744073709551615,18446744073709551615,18446744069992734019,60455899246,0,-1,N/A}
Quick Memory Usage Overview:
Used Capacity: 52888587462, 0
------------------------------------------
Executing script file: /home/umeshsum/tpch_queries/20.sql
[32m(release)[0m> select
[32m(release)[0m> 	s_name,
[32m(release)[0m> 	s_address
[32m(release)[0m> from
[32m(release)[0m> 	supplier,
[32m(release)[0m> 	nation
[32m(release)[0m> where
[32m(release)[0m> 	s_suppkey in (
[32m(release)[0m> 		select
[32m(release)[0m> 			ps_suppkey
[32m(release)[0m> 		from
[32m(release)[0m> 			partsupp
[32m(release)[0m> 		where
[32m(release)[0m> 			ps_partkey in (
[32m(release)[0m> 				select
[32m(release)[0m> 					p_partkey
[32m(release)[0m> 				from
[32m(release)[0m> 					part
[32m(release)[0m> 				where
[32m(release)[0m> 					p_name like 'forest%'
[32m(release)[0m> 			)
[32m(release)[0m> 			and ps_availqty > (
[32m(release)[0m> 				select
[32m(release)[0m> 					0.5 * sum(l_quantity)
[32m(release)[0m> 				from
[32m(release)[0m> 					lineitem
[32m(release)[0m> 				where
[32m(release)[0m> 					l_partkey = ps_partkey
[32m(release)[0m> 					and l_suppkey = ps_suppkey
[32m(release)[0m> 					and l_shipdate >= date '1994-01-01'
[32m(release)[0m> 					and l_shipdate < date '1994-01-01' + interval '1' year
[32m(release)[0m> 			)
[32m(release)[0m> 	)
[32m(release)[0m> 	and s_nationkey = n_nationkey
[32m(release)[0m> 	and n_name = 'CANADA'
[32m(release)[0m> order by
[32m(release)[0m> 	s_name;
Greedy pick_runtime_exec_resource: local pool full, falling back to remote pool
Greedy pick_runtime_exec_resource: local pool full, falling back to remote pool
VmRSS Change: 18446744073709551568 KB
===
8890 rows total
Execution info: [PARSE: 73 µs 19 ns, SQL TRANSLATE: 208 µs 778 ns, OPTIMIZE: 12 ms 712 µs, LQP TRANSLATE: 321 µs 847 ns, EXECUTE: 712 ms 190 µs (wall time) | QUERY PLAN CACHE HITS: 0/1 statement(s)]
After reset, table use_count: 2
WARNING: Table still has 1 other owner(s) after pipeline reset!
Executing script file done
$:hsh clear_plan_caches
Cleared PQP and LQP caches
$:hsh clear_pipeline
Released last SQLPipeline
$:hsh reset_exec_pools
Reset execution pools (2, 3) bump pointers to start
$:hsh mem_usage
------------------------------------------
Memory Usage Statistics:
VmSize:	327413976 kB
VmRSS:	88114344 kB
0: MemResourceStatus {MigratedColumnsAggregate,18446744073709551615,63469016785,52888587462,52888587462,0,0,N/A}
MemResourceStatus {NumaMonotonicResource,3,53687091200,0,0,0,1,0}
MemResourceStatus {NumaMonotonicResource,2,53687091200,0,0,0,0,0}
0: MemResourceStatus {MemManagerAggregate,18446744073709551615,53687091200,0,0,0,0,N/A}
1: MemResourceStatus {MemManagerAggregate,18446744073709551615,53687091200,0,0,0,1,N/A}
MemResourceStatus {DefaultResource,18446744073709551615,18446744073709551615,18446744069992734019,60455899246,0,-1,N/A}
Quick Memory Usage Overview:
Used Capacity: 52888587462, 0
------------------------------------------
Executing script file: /home/umeshsum/tpch_queries/20.sql
[32m(release)[0m> select
[32m(release)[0m> 	s_name,
[32m(release)[0m> 	s_address
[32m(release)[0m> from
[32m(release)[0m> 	supplier,
[32m(release)[0m> 	nation
[32m(release)[0m> where
[32m(release)[0m> 	s_suppkey in (
[32m(release)[0m> 		select
[32m(release)[0m> 			ps_suppkey
[32m(release)[0m> 		from
[32m(release)[0m> 			partsupp
[32m(release)[0m> 		where
[32m(release)[0m> 			ps_partkey in (
[32m(release)[0m> 				select
[32m(release)[0m> 					p_partkey
[32m(release)[0m> 				from
[32m(release)[0m> 					part
[32m(release)[0m> 				where
[32m(release)[0m> 					p_name like 'forest%'
[32m(release)[0m> 			)
[32m(release)[0m> 			and ps_availqty > (
[32m(release)[0m> 				select
[32m(release)[0m> 					0.5 * sum(l_quantity)
[32m(release)[0m> 				from
[32m(release)[0m> 					lineitem
[32m(release)[0m> 				where
[32m(release)[0m> 					l_partkey = ps_partkey
[32m(release)[0m> 					and l_suppkey = ps_suppkey
[32m(release)[0m> 					and l_shipdate >= date '1994-01-01'
[32m(release)[0m> 					and l_shipdate < date '1994-01-01' + interval '1' year
[32m(release)[0m> 			)
[32m(release)[0m> 	)
[32m(release)[0m> 	and s_nationkey = n_nationkey
[32m(release)[0m> 	and n_name = 'CANADA'
[32m(release)[0m> order by
[32m(release)[0m> 	s_name;
Greedy pick_runtime_exec_resource: local pool full, falling back to remote pool
Greedy pick_runtime_exec_resource: local pool full, falling back to remote pool
VmRSS Change: 18446744073709551116 KB
===
8890 rows total
Execution info: [PARSE: 71 µs 269 ns, SQL TRANSLATE: 202 µs 658 ns, OPTIMIZE: 11 ms 557 µs, LQP TRANSLATE: 313 µs 367 ns, EXECUTE: 728 ms 107 µs (wall time) | QUERY PLAN CACHE HITS: 0/1 statement(s)]
After reset, table use_count: 2
WARNING: Table still has 1 other owner(s) after pipeline reset!
Executing script file done
$:hsh clear_plan_caches
Cleared PQP and LQP caches
$:hsh clear_pipeline
Released last SQLPipeline
$:hsh reset_exec_pools
Reset execution pools (2, 3) bump pointers to start
$:hsh mem_usage
------------------------------------------
Memory Usage Statistics:
VmSize:	327413976 kB
VmRSS:	88113840 kB
0: MemResourceStatus {MigratedColumnsAggregate,18446744073709551615,63469016785,52888587462,52888587462,0,0,N/A}
MemResourceStatus {NumaMonotonicResource,3,53687091200,0,0,0,1,0}
MemResourceStatus {NumaMonotonicResource,2,53687091200,0,0,0,0,0}
0: MemResourceStatus {MemManagerAggregate,18446744073709551615,53687091200,0,0,0,0,N/A}
1: MemResourceStatus {MemManagerAggregate,18446744073709551615,53687091200,0,0,0,1,N/A}
MemResourceStatus {DefaultResource,18446744073709551615,18446744073709551615,18446744069992734019,60455899246,0,-1,N/A}
Quick Memory Usage Overview:
Used Capacity: 52888587462, 0
------------------------------------------
Executing script file: /home/umeshsum/tpch_queries/20.sql
[32m(release)[0m> select
[32m(release)[0m> 	s_name,
[32m(release)[0m> 	s_address
[32m(release)[0m> from
[32m(release)[0m> 	supplier,
[32m(release)[0m> 	nation
[32m(release)[0m> where
[32m(release)[0m> 	s_suppkey in (
[32m(release)[0m> 		select
[32m(release)[0m> 			ps_suppkey
[32m(release)[0m> 		from
[32m(release)[0m> 			partsupp
[32m(release)[0m> 		where
[32m(release)[0m> 			ps_partkey in (
[32m(release)[0m> 				select
[32m(release)[0m> 					p_partkey
[32m(release)[0m> 				from
[32m(release)[0m> 					part
[32m(release)[0m> 				where
[32m(release)[0m> 					p_name like 'forest%'
[32m(release)[0m> 			)
[32m(release)[0m> 			and ps_availqty > (
[32m(release)[0m> 				select
[32m(release)[0m> 					0.5 * sum(l_quantity)
[32m(release)[0m> 				from
[32m(release)[0m> 					lineitem
[32m(release)[0m> 				where
[32m(release)[0m> 					l_partkey = ps_partkey
[32m(release)[0m> 					and l_suppkey = ps_suppkey
[32m(release)[0m> 					and l_shipdate >= date '1994-01-01'
[32m(release)[0m> 					and l_shipdate < date '1994-01-01' + interval '1' year
[32m(release)[0m> 			)
[32m(release)[0m> 	)
[32m(release)[0m> 	and s_nationkey = n_nationkey
[32m(release)[0m> 	and n_name = 'CANADA'
[32m(release)[0m> order by
[32m(release)[0m> 	s_name;
Greedy pick_runtime_exec_resource: local pool full, falling back to remote pool
VmRSS Change: 18446744073709551428 KB
===
8890 rows total
Execution info: [PARSE: 73 µs 249 ns, SQL TRANSLATE: 217 µs 498 ns, OPTIMIZE: 11 ms 612 µs, LQP TRANSLATE: 333 µs 127 ns, EXECUTE: 691 ms 961 µs (wall time) | QUERY PLAN CACHE HITS: 0/1 statement(s)]
After reset, table use_count: 2
WARNING: Table still has 1 other owner(s) after pipeline reset!
Executing script file done
$:hsh clear_plan_caches
Cleared PQP and LQP caches
$:hsh clear_pipeline
Released last SQLPipeline
$:hsh reset_exec_pools
Reset execution pools (2, 3) bump pointers to start
$:hsh mem_usage
------------------------------------------
Memory Usage Statistics:
VmSize:	327413976 kB
VmRSS:	88113656 kB
0: MemResourceStatus {MigratedColumnsAggregate,18446744073709551615,63469016785,52888587462,52888587462,0,0,N/A}
MemResourceStatus {NumaMonotonicResource,3,53687091200,0,0,0,1,0}
MemResourceStatus {NumaMonotonicResource,2,53687091200,0,0,0,0,0}
0: MemResourceStatus {MemManagerAggregate,18446744073709551615,53687091200,0,0,0,0,N/A}
1: MemResourceStatus {MemManagerAggregate,18446744073709551615,53687091200,0,0,0,1,N/A}
MemResourceStatus {DefaultResource,18446744073709551615,18446744073709551615,18446744069992734019,60455899246,0,-1,N/A}
Quick Memory Usage Overview:
Used Capacity: 52888587462, 0
------------------------------------------
Executing script file: /home/umeshsum/tpch_queries/20.sql
[32m(release)[0m> select
[32m(release)[0m> 	s_name,
[32m(release)[0m> 	s_address
[32m(release)[0m> from
[32m(release)[0m> 	supplier,
[32m(release)[0m> 	nation
[32m(release)[0m> where
[32m(release)[0m> 	s_suppkey in (
[32m(release)[0m> 		select
[32m(release)[0m> 			ps_suppkey
[32m(release)[0m> 		from
[32m(release)[0m> 			partsupp
[32m(release)[0m> 		where
[32m(release)[0m> 			ps_partkey in (
[32m(release)[0m> 				select
[32m(release)[0m> 					p_partkey
[32m(release)[0m> 				from
[32m(release)[0m> 					part
[32m(release)[0m> 				where
[32m(release)[0m> 					p_name like 'forest%'
[32m(release)[0m> 			)
[32m(release)[0m> 			and ps_availqty > (
[32m(release)[0m> 				select
[32m(release)[0m> 					0.5 * sum(l_quantity)
[32m(release)[0m> 				from
[32m(release)[0m> 					lineitem
[32m(release)[0m> 				where
[32m(release)[0m> 					l_partkey = ps_partkey
[32m(release)[0m> 					and l_suppkey = ps_suppkey
[32m(release)[0m> 					and l_shipdate >= date '1994-01-01'
[32m(release)[0m> 					and l_shipdate < date '1994-01-01' + interval '1' year
[32m(release)[0m> 			)
[32m(release)[0m> 	)
[32m(release)[0m> 	and s_nationkey = n_nationkey
[32m(release)[0m> 	and n_name = 'CANADA'
[32m(release)[0m> order by
[32m(release)[0m> 	s_name;
Greedy pick_runtime_exec_resource: local pool full, falling back to remote pool
Greedy pick_runtime_exec_resource: local pool full, falling back to remote pool
VmRSS Change: 18446744073709550808 KB
===
8890 rows total
Execution info: [PARSE: 40 µs 429 ns, SQL TRANSLATE: 109 µs 79 ns, OPTIMIZE: 5 ms 478 µs, LQP TRANSLATE: 139 µs 129 ns, EXECUTE: 692 ms 922 µs (wall time) | QUERY PLAN CACHE HITS: 0/1 statement(s)]
After reset, table use_count: 2
WARNING: Table still has 1 other owner(s) after pipeline reset!
Executing script file done
$:hsh clear_plan_caches
Cleared PQP and LQP caches
$:hsh clear_pipeline
Released last SQLPipeline
$:hsh reset_exec_pools
Reset execution pools (2, 3) bump pointers to start
$:hsh mem_usage
------------------------------------------
Memory Usage Statistics:
VmSize:	327413976 kB
VmRSS:	88112848 kB
0: MemResourceStatus {MigratedColumnsAggregate,18446744073709551615,63469016785,52888587462,52888587462,0,0,N/A}
MemResourceStatus {NumaMonotonicResource,3,53687091200,0,0,0,1,0}
MemResourceStatus {NumaMonotonicResource,2,53687091200,0,0,0,0,0}
0: MemResourceStatus {MemManagerAggregate,18446744073709551615,53687091200,0,0,0,0,N/A}
1: MemResourceStatus {MemManagerAggregate,18446744073709551615,53687091200,0,0,0,1,N/A}
MemResourceStatus {DefaultResource,18446744073709551615,18446744073709551615,18446744069992734019,60455899246,0,-1,N/A}
Quick Memory Usage Overview:
Used Capacity: 52888587462, 0
------------------------------------------
Executing script file: /home/umeshsum/tpch_queries/20.sql
[32m(release)[0m> select
[32m(release)[0m> 	s_name,
[32m(release)[0m> 	s_address
[32m(release)[0m> from
[32m(release)[0m> 	supplier,
[32m(release)[0m> 	nation
[32m(release)[0m> where
[32m(release)[0m> 	s_suppkey in (
[32m(release)[0m> 		select
[32m(release)[0m> 			ps_suppkey
[32m(release)[0m> 		from
[32m(release)[0m> 			partsupp
[32m(release)[0m> 		where
[32m(release)[0m> 			ps_partkey in (
[32m(release)[0m> 				select
[32m(release)[0m> 					p_partkey
[32m(release)[0m> 				from
[32m(release)[0m> 					part
[32m(release)[0m> 				where
[32m(release)[0m> 					p_name like 'forest%'
[32m(release)[0m> 			)
[32m(release)[0m> 			and ps_availqty > (
[32m(release)[0m> 				select
[32m(release)[0m> 					0.5 * sum(l_quantity)
[32m(release)[0m> 				from
[32m(release)[0m> 					lineitem
[32m(release)[0m> 				where
[32m(release)[0m> 					l_partkey = ps_partkey
[32m(release)[0m> 					and l_suppkey = ps_suppkey
[32m(release)[0m> 					and l_shipdate >= date '1994-01-01'
[32m(release)[0m> 					and l_shipdate < date '1994-01-01' + interval '1' year
[32m(release)[0m> 			)
[32m(release)[0m> 	)
[32m(release)[0m> 	and s_nationkey = n_nationkey
[32m(release)[0m> 	and n_name = 'CANADA'
[32m(release)[0m> order by
[32m(release)[0m> 	s_name;
Greedy pick_runtime_exec_resource: local pool full, falling back to remote pool
Greedy pick_runtime_exec_resource: local pool full, falling back to remote pool
VmRSS Change: 18446744073709551500 KB
===
8890 rows total
Execution info: [PARSE: 121 µs 69 ns, SQL TRANSLATE: 207 µs 298 ns, OPTIMIZE: 11 ms 600 µs, LQP TRANSLATE: 323 µs 496 ns, EXECUTE: 694 ms 630 µs (wall time) | QUERY PLAN CACHE HITS: 0/1 statement(s)]
After reset, table use_count: 2
WARNING: Table still has 1 other owner(s) after pipeline reset!
Executing script file done
$:hsh clear_plan_caches
Cleared PQP and LQP caches
$:hsh clear_pipeline
Released last SQLPipeline
$:hsh reset_exec_pools
Reset execution pools (2, 3) bump pointers to start
$:hsh mem_usage
------------------------------------------
Memory Usage Statistics:
VmSize:	327413976 kB
VmRSS:	88112724 kB
0: MemResourceStatus {MigratedColumnsAggregate,18446744073709551615,63469016785,52888587462,52888587462,0,0,N/A}
MemResourceStatus {NumaMonotonicResource,3,53687091200,0,0,0,1,0}
MemResourceStatus {NumaMonotonicResource,2,53687091200,0,0,0,0,0}
0: MemResourceStatus {MemManagerAggregate,18446744073709551615,53687091200,0,0,0,0,N/A}
1: MemResourceStatus {MemManagerAggregate,18446744073709551615,53687091200,0,0,0,1,N/A}
MemResourceStatus {DefaultResource,18446744073709551615,18446744073709551615,18446744069992734019,60455899246,0,-1,N/A}
Quick Memory Usage Overview:
Used Capacity: 52888587462, 0
------------------------------------------
Label set to d1000000000000_tf1000000000000_q21
$:hsh clear_plan_caches
Cleared PQP and LQP caches
$:hsh clear_pipeline
Released last SQLPipeline
$:hsh reset_exec_pools
Reset execution pools (2, 3) bump pointers to start
$:hsh mem_usage
------------------------------------------
Memory Usage Statistics:
VmSize:	327413976 kB
VmRSS:	88112724 kB
0: MemResourceStatus {MigratedColumnsAggregate,18446744073709551615,63469016785,52888587462,52888587462,0,0,N/A}
MemResourceStatus {NumaMonotonicResource,3,53687091200,0,0,0,1,0}
MemResourceStatus {NumaMonotonicResource,2,53687091200,0,0,0,0,0}
0: MemResourceStatus {MemManagerAggregate,18446744073709551615,53687091200,0,0,0,0,N/A}
1: MemResourceStatus {MemManagerAggregate,18446744073709551615,53687091200,0,0,0,1,N/A}
MemResourceStatus {DefaultResource,18446744073709551615,18446744073709551615,18446744069992734019,60455899246,0,-1,N/A}
Quick Memory Usage Overview:
Used Capacity: 52888587462, 0
------------------------------------------
Executing script file: /home/umeshsum/tpch_queries/21.sql
[32m(release)[0m> select
[32m(release)[0m> 	s_name,
[32m(release)[0m> 	count(*) as numwait
[32m(release)[0m> from
[32m(release)[0m> 	supplier,
[32m(release)[0m> 	lineitem l1,
[32m(release)[0m> 	orders,
[32m(release)[0m> 	nation
[32m(release)[0m> where
[32m(release)[0m> 	s_suppkey = l1.l_suppkey
[32m(release)[0m> 	and o_orderkey = l1.l_orderkey
[32m(release)[0m> 	and o_orderstatus = 'F'
[32m(release)[0m> 	and l1.l_receiptdate > l1.l_commitdate
[32m(release)[0m> 	and exists (
[32m(release)[0m> 		select
[32m(release)[0m> 			*
[32m(release)[0m> 		from
[32m(release)[0m> 			lineitem l2
[32m(release)[0m> 		where
[32m(release)[0m> 			l2.l_orderkey = l1.l_orderkey
[32m(release)[0m> 			and l2.l_suppkey <> l1.l_suppkey
[32m(release)[0m> 	)
[32m(release)[0m> 	and not exists (
[32m(release)[0m> 		select
[32m(release)[0m> 			*
[32m(release)[0m> 		from
[32m(release)[0m> 			lineitem l3
[32m(release)[0m> 		where
[32m(release)[0m> 			l3.l_orderkey = l1.l_orderkey
[32m(release)[0m> 			and l3.l_suppkey <> l1.l_suppkey
[32m(release)[0m> 			and l3.l_receiptdate > l3.l_commitdate
[32m(release)[0m> 	)
[32m(release)[0m> 	and s_nationkey = n_nationkey
[32m(release)[0m> 	and n_name = 'SAUDI ARABIA'
[32m(release)[0m> group by
[32m(release)[0m> 	s_name
[32m(release)[0m> order by
[32m(release)[0m> 	numwait desc,
[32m(release)[0m> 	s_name;
Greedy pick_runtime_exec_resource: local pool full, falling back to remote pool
Greedy pick_runtime_exec_resource: local pool full, falling back to remote pool
Greedy pick_runtime_exec_resource: local pool full, falling back to remote pool
Greedy pick_runtime_exec_resource: local pool full, falling back to remote pool
Greedy pick_runtime_exec_resource: local pool full, falling back to remote pool
Greedy pick_runtime_exec_resource: local pool full, falling back to remote pool
Greedy pick_runtime_exec_resource: local pool full, falling back to remote pool
Greedy pick_runtime_exec_resource: local pool full, falling back to remote pool
VmRSS Change: 13847628 KB
===
19930 rows total
Execution info: [PARSE: 39 µs 820 ns, SQL TRANSLATE: 155 µs 898 ns, OPTIMIZE: 5 ms 36 µs, LQP TRANSLATE: 112 µs 99 ns, EXECUTE: 6 s 131 ms (wall time) | QUERY PLAN CACHE HITS: 0/1 statement(s)]
After reset, table use_count: 2
WARNING: Table still has 1 other owner(s) after pipeline reset!
Executing script file done
$:hsh clear_plan_caches
Cleared PQP and LQP caches
$:hsh clear_pipeline
Released last SQLPipeline
$:hsh reset_exec_pools
Reset execution pools (2, 3) bump pointers to start
$:hsh mem_usage
------------------------------------------
Memory Usage Statistics:
VmSize:	327413976 kB
VmRSS:	101960360 kB
0: MemResourceStatus {MigratedColumnsAggregate,18446744073709551615,63469016785,52888587462,52888587462,0,0,N/A}
MemResourceStatus {NumaMonotonicResource,3,53687091200,0,0,0,1,0}
MemResourceStatus {NumaMonotonicResource,2,53687091200,0,0,0,0,0}
0: MemResourceStatus {MemManagerAggregate,18446744073709551615,53687091200,0,0,0,0,N/A}
1: MemResourceStatus {MemManagerAggregate,18446744073709551615,53687091200,0,0,0,1,N/A}
MemResourceStatus {DefaultResource,18446744073709551615,18446744073709551615,18446744069992734019,60455899246,0,-1,N/A}
Quick Memory Usage Overview:
Used Capacity: 52888587462, 0
------------------------------------------
Executing script file: /home/umeshsum/tpch_queries/21.sql
[32m(release)[0m> select
[32m(release)[0m> 	s_name,
[32m(release)[0m> 	count(*) as numwait
[32m(release)[0m> from
[32m(release)[0m> 	supplier,
[32m(release)[0m> 	lineitem l1,
[32m(release)[0m> 	orders,
[32m(release)[0m> 	nation
[32m(release)[0m> where
[32m(release)[0m> 	s_suppkey = l1.l_suppkey
[32m(release)[0m> 	and o_orderkey = l1.l_orderkey
[32m(release)[0m> 	and o_orderstatus = 'F'
[32m(release)[0m> 	and l1.l_receiptdate > l1.l_commitdate
[32m(release)[0m> 	and exists (
[32m(release)[0m> 		select
[32m(release)[0m> 			*
[32m(release)[0m> 		from
[32m(release)[0m> 			lineitem l2
[32m(release)[0m> 		where
[32m(release)[0m> 			l2.l_orderkey = l1.l_orderkey
[32m(release)[0m> 			and l2.l_suppkey <> l1.l_suppkey
[32m(release)[0m> 	)
[32m(release)[0m> 	and not exists (
[32m(release)[0m> 		select
[32m(release)[0m> 			*
[32m(release)[0m> 		from
[32m(release)[0m> 			lineitem l3
[32m(release)[0m> 		where
[32m(release)[0m> 			l3.l_orderkey = l1.l_orderkey
[32m(release)[0m> 			and l3.l_suppkey <> l1.l_suppkey
[32m(release)[0m> 			and l3.l_receiptdate > l3.l_commitdate
[32m(release)[0m> 	)
[32m(release)[0m> 	and s_nationkey = n_nationkey
[32m(release)[0m> 	and n_name = 'SAUDI ARABIA'
[32m(release)[0m> group by
[32m(release)[0m> 	s_name
[32m(release)[0m> order by
[32m(release)[0m> 	numwait desc,
[32m(release)[0m> 	s_name;
Greedy pick_runtime_exec_resource: local pool full, falling back to remote pool
Greedy pick_runtime_exec_resource: local pool full, falling back to remote pool
Greedy pick_runtime_exec_resource: local pool full, falling back to remote pool
Greedy pick_runtime_exec_resource: local pool full, falling back to remote pool
Greedy pick_runtime_exec_resource: local pool full, falling back to remote pool
Greedy pick_runtime_exec_resource: local pool full, falling back to remote pool
Greedy pick_runtime_exec_resource: local pool full, falling back to remote pool
VmRSS Change: 74996 KB
===
19930 rows total
Execution info: [PARSE: 35 µs 279 ns, SQL TRANSLATE: 140 µs 779 ns, OPTIMIZE: 4 ms 417 µs, LQP TRANSLATE: 112 µs 939 ns, EXECUTE: 5 s 319 ms (wall time) | QUERY PLAN CACHE HITS: 0/1 statement(s)]
After reset, table use_count: 2
WARNING: Table still has 1 other owner(s) after pipeline reset!
Executing script file done
$:hsh clear_plan_caches
Cleared PQP and LQP caches
$:hsh clear_pipeline
Released last SQLPipeline
$:hsh reset_exec_pools
Reset execution pools (2, 3) bump pointers to start
$:hsh mem_usage
------------------------------------------
Memory Usage Statistics:
VmSize:	327413976 kB
VmRSS:	102035376 kB
0: MemResourceStatus {MigratedColumnsAggregate,18446744073709551615,63469016785,52888587462,52888587462,0,0,N/A}
MemResourceStatus {NumaMonotonicResource,3,53687091200,0,0,0,1,0}
MemResourceStatus {NumaMonotonicResource,2,53687091200,0,0,0,0,0}
0: MemResourceStatus {MemManagerAggregate,18446744073709551615,53687091200,0,0,0,0,N/A}
1: MemResourceStatus {MemManagerAggregate,18446744073709551615,53687091200,0,0,0,1,N/A}
MemResourceStatus {DefaultResource,18446744073709551615,18446744073709551615,18446744069992734019,60455899246,0,-1,N/A}
Quick Memory Usage Overview:
Used Capacity: 52888587462, 0
------------------------------------------
Executing script file: /home/umeshsum/tpch_queries/21.sql
[32m(release)[0m> select
[32m(release)[0m> 	s_name,
[32m(release)[0m> 	count(*) as numwait
[32m(release)[0m> from
[32m(release)[0m> 	supplier,
[32m(release)[0m> 	lineitem l1,
[32m(release)[0m> 	orders,
[32m(release)[0m> 	nation
[32m(release)[0m> where
[32m(release)[0m> 	s_suppkey = l1.l_suppkey
[32m(release)[0m> 	and o_orderkey = l1.l_orderkey
[32m(release)[0m> 	and o_orderstatus = 'F'
[32m(release)[0m> 	and l1.l_receiptdate > l1.l_commitdate
[32m(release)[0m> 	and exists (
[32m(release)[0m> 		select
[32m(release)[0m> 			*
[32m(release)[0m> 		from
[32m(release)[0m> 			lineitem l2
[32m(release)[0m> 		where
[32m(release)[0m> 			l2.l_orderkey = l1.l_orderkey
[32m(release)[0m> 			and l2.l_suppkey <> l1.l_suppkey
[32m(release)[0m> 	)
[32m(release)[0m> 	and not exists (
[32m(release)[0m> 		select
[32m(release)[0m> 			*
[32m(release)[0m> 		from
[32m(release)[0m> 			lineitem l3
[32m(release)[0m> 		where
[32m(release)[0m> 			l3.l_orderkey = l1.l_orderkey
[32m(release)[0m> 			and l3.l_suppkey <> l1.l_suppkey
[32m(release)[0m> 			and l3.l_receiptdate > l3.l_commitdate
[32m(release)[0m> 	)
[32m(release)[0m> 	and s_nationkey = n_nationkey
[32m(release)[0m> 	and n_name = 'SAUDI ARABIA'
[32m(release)[0m> group by
[32m(release)[0m> 	s_name
[32m(release)[0m> order by
[32m(release)[0m> 	numwait desc,
[32m(release)[0m> 	s_name;
Greedy pick_runtime_exec_resource: local pool full, falling back to remote pool
Greedy pick_runtime_exec_resource: local pool full, falling back to remote pool
Greedy pick_runtime_exec_resource: local pool full, falling back to remote pool
Greedy pick_runtime_exec_resource: local pool full, falling back to remote pool
Greedy pick_runtime_exec_resource: local pool full, falling back to remote pool
Greedy pick_runtime_exec_resource: local pool full, falling back to remote pool
Greedy pick_runtime_exec_resource: local pool full, falling back to remote pool
Greedy pick_runtime_exec_resource: local pool full, falling back to remote pool
Greedy pick_runtime_exec_resource: local pool full, falling back to remote pool
Greedy pick_runtime_exec_resource: local pool full, falling back to remote pool
Greedy pick_runtime_exec_resource: local pool full, falling back to remote pool
VmRSS Change: 10404 KB
===
19930 rows total
Execution info: [PARSE: 34 µs 600 ns, SQL TRANSLATE: 135 µs 179 ns, OPTIMIZE: 4 ms 364 µs, LQP TRANSLATE: 116 µs 549 ns, EXECUTE: 5 s 371 ms (wall time) | QUERY PLAN CACHE HITS: 0/1 statement(s)]
After reset, table use_count: 2
WARNING: Table still has 1 other owner(s) after pipeline reset!
Executing script file done
$:hsh clear_plan_caches
Cleared PQP and LQP caches
$:hsh clear_pipeline
Released last SQLPipeline
$:hsh reset_exec_pools
Reset execution pools (2, 3) bump pointers to start
$:hsh mem_usage
------------------------------------------
Memory Usage Statistics:
VmSize:	327413976 kB
VmRSS:	102045776 kB
0: MemResourceStatus {MigratedColumnsAggregate,18446744073709551615,63469016785,52888587462,52888587462,0,0,N/A}
MemResourceStatus {NumaMonotonicResource,3,53687091200,0,0,0,1,0}
MemResourceStatus {NumaMonotonicResource,2,53687091200,0,0,0,0,0}
0: MemResourceStatus {MemManagerAggregate,18446744073709551615,53687091200,0,0,0,0,N/A}
1: MemResourceStatus {MemManagerAggregate,18446744073709551615,53687091200,0,0,0,1,N/A}
MemResourceStatus {DefaultResource,18446744073709551615,18446744073709551615,18446744069992734019,60455899246,0,-1,N/A}
Quick Memory Usage Overview:
Used Capacity: 52888587462, 0
------------------------------------------
Executing script file: /home/umeshsum/tpch_queries/21.sql
[32m(release)[0m> select
[32m(release)[0m> 	s_name,
[32m(release)[0m> 	count(*) as numwait
[32m(release)[0m> from
[32m(release)[0m> 	supplier,
[32m(release)[0m> 	lineitem l1,
[32m(release)[0m> 	orders,
[32m(release)[0m> 	nation
[32m(release)[0m> where
[32m(release)[0m> 	s_suppkey = l1.l_suppkey
[32m(release)[0m> 	and o_orderkey = l1.l_orderkey
[32m(release)[0m> 	and o_orderstatus = 'F'
[32m(release)[0m> 	and l1.l_receiptdate > l1.l_commitdate
[32m(release)[0m> 	and exists (
[32m(release)[0m> 		select
[32m(release)[0m> 			*
[32m(release)[0m> 		from
[32m(release)[0m> 			lineitem l2
[32m(release)[0m> 		where
[32m(release)[0m> 			l2.l_orderkey = l1.l_orderkey
[32m(release)[0m> 			and l2.l_suppkey <> l1.l_suppkey
[32m(release)[0m> 	)
[32m(release)[0m> 	and not exists (
[32m(release)[0m> 		select
[32m(release)[0m> 			*
[32m(release)[0m> 		from
[32m(release)[0m> 			lineitem l3
[32m(release)[0m> 		where
[32m(release)[0m> 			l3.l_orderkey = l1.l_orderkey
[32m(release)[0m> 			and l3.l_suppkey <> l1.l_suppkey
[32m(release)[0m> 			and l3.l_receiptdate > l3.l_commitdate
[32m(release)[0m> 	)
[32m(release)[0m> 	and s_nationkey = n_nationkey
[32m(release)[0m> 	and n_name = 'SAUDI ARABIA'
[32m(release)[0m> group by
[32m(release)[0m> 	s_name
[32m(release)[0m> order by
[32m(release)[0m> 	numwait desc,
[32m(release)[0m> 	s_name;
Greedy pick_runtime_exec_resource: local pool full, falling back to remote pool
Greedy pick_runtime_exec_resource: local pool full, falling back to remote pool
Greedy pick_runtime_exec_resource: local pool full, falling back to remote pool
Greedy pick_runtime_exec_resource: local pool full, falling back to remote pool
Greedy pick_runtime_exec_resource: local pool full, falling back to remote pool
Greedy pick_runtime_exec_resource: local pool full, falling back to remote pool
Greedy pick_runtime_exec_resource: local pool full, falling back to remote pool
Greedy pick_runtime_exec_resource: local pool full, falling back to remote pool
Greedy pick_runtime_exec_resource: local pool full, falling back to remote pool
Greedy pick_runtime_exec_resource: local pool full, falling back to remote pool
Greedy pick_runtime_exec_resource: local pool full, falling back to remote pool
Greedy pick_runtime_exec_resource: local pool full, falling back to remote pool
Greedy pick_runtime_exec_resource: local pool full, falling back to remote pool
VmRSS Change: 72860 KB
===
19930 rows total
Execution info: [PARSE: 35 µs 389 ns, SQL TRANSLATE: 131 µs 529 ns, OPTIMIZE: 4 ms 391 µs, LQP TRANSLATE: 116 µs 549 ns, EXECUTE: 5 s 342 ms (wall time) | QUERY PLAN CACHE HITS: 0/1 statement(s)]
After reset, table use_count: 2
WARNING: Table still has 1 other owner(s) after pipeline reset!
Executing script file done
$:hsh clear_plan_caches
Cleared PQP and LQP caches
$:hsh clear_pipeline
Released last SQLPipeline
$:hsh reset_exec_pools
Reset execution pools (2, 3) bump pointers to start
$:hsh mem_usage
------------------------------------------
Memory Usage Statistics:
VmSize:	327413976 kB
VmRSS:	102118212 kB
0: MemResourceStatus {MigratedColumnsAggregate,18446744073709551615,63469016785,52888587462,52888587462,0,0,N/A}
MemResourceStatus {NumaMonotonicResource,3,53687091200,0,0,0,1,0}
MemResourceStatus {NumaMonotonicResource,2,53687091200,0,0,0,0,0}
0: MemResourceStatus {MemManagerAggregate,18446744073709551615,53687091200,0,0,0,0,N/A}
1: MemResourceStatus {MemManagerAggregate,18446744073709551615,53687091200,0,0,0,1,N/A}
MemResourceStatus {DefaultResource,18446744073709551615,18446744073709551615,18446744069992734019,60455899246,0,-1,N/A}
Quick Memory Usage Overview:
Used Capacity: 52888587462, 0
------------------------------------------
Executing script file: /home/umeshsum/tpch_queries/21.sql
[32m(release)[0m> select
[32m(release)[0m> 	s_name,
[32m(release)[0m> 	count(*) as numwait
[32m(release)[0m> from
[32m(release)[0m> 	supplier,
[32m(release)[0m> 	lineitem l1,
[32m(release)[0m> 	orders,
[32m(release)[0m> 	nation
[32m(release)[0m> where
[32m(release)[0m> 	s_suppkey = l1.l_suppkey
[32m(release)[0m> 	and o_orderkey = l1.l_orderkey
[32m(release)[0m> 	and o_orderstatus = 'F'
[32m(release)[0m> 	and l1.l_receiptdate > l1.l_commitdate
[32m(release)[0m> 	and exists (
[32m(release)[0m> 		select
[32m(release)[0m> 			*
[32m(release)[0m> 		from
[32m(release)[0m> 			lineitem l2
[32m(release)[0m> 		where
[32m(release)[0m> 			l2.l_orderkey = l1.l_orderkey
[32m(release)[0m> 			and l2.l_suppkey <> l1.l_suppkey
[32m(release)[0m> 	)
[32m(release)[0m> 	and not exists (
[32m(release)[0m> 		select
[32m(release)[0m> 			*
[32m(release)[0m> 		from
[32m(release)[0m> 			lineitem l3
[32m(release)[0m> 		where
[32m(release)[0m> 			l3.l_orderkey = l1.l_orderkey
[32m(release)[0m> 			and l3.l_suppkey <> l1.l_suppkey
[32m(release)[0m> 			and l3.l_receiptdate > l3.l_commitdate
[32m(release)[0m> 	)
[32m(release)[0m> 	and s_nationkey = n_nationkey
[32m(release)[0m> 	and n_name = 'SAUDI ARABIA'
[32m(release)[0m> group by
[32m(release)[0m> 	s_name
[32m(release)[0m> order by
[32m(release)[0m> 	numwait desc,
[32m(release)[0m> 	s_name;
Greedy pick_runtime_exec_resource: local pool full, falling back to remote pool
Greedy pick_runtime_exec_resource: local pool full, falling back to remote pool
Greedy pick_runtime_exec_resource: local pool full, falling back to remote pool
Greedy pick_runtime_exec_resource: local pool full, falling back to remote pool
Greedy pick_runtime_exec_resource: local pool full, falling back to remote pool
Greedy pick_runtime_exec_resource: local pool full, falling back to remote pool
Greedy pick_runtime_exec_resource: local pool full, falling back to remote pool
Greedy pick_runtime_exec_resource: local pool full, falling back to remote pool
Greedy pick_runtime_exec_resource: local pool full, falling back to remote pool
Greedy pick_runtime_exec_resource: local pool full, falling back to remote pool
Greedy pick_runtime_exec_resource: local pool full, falling back to remote pool
Greedy pick_runtime_exec_resource: local pool full, falling back to remote pool
Greedy pick_runtime_exec_resource: local pool full, falling back to remote pool
Greedy pick_runtime_exec_resource: local pool full, falling back to remote pool
Greedy pick_runtime_exec_resource: local pool full, falling back to remote pool
Greedy pick_runtime_exec_resource: local pool full, falling back to remote pool
VmRSS Change: 40948 KB
===
19930 rows total
Execution info: [PARSE: 55 µs 500 ns, SQL TRANSLATE: 217 µs 557 ns, OPTIMIZE: 8 ms 349 µs, LQP TRANSLATE: 225 µs 388 ns, EXECUTE: 5 s 280 ms (wall time) | QUERY PLAN CACHE HITS: 0/1 statement(s)]
After reset, table use_count: 2
WARNING: Table still has 1 other owner(s) after pipeline reset!
Executing script file done
$:hsh clear_plan_caches
Cleared PQP and LQP caches
$:hsh clear_pipeline
Released last SQLPipeline
$:hsh reset_exec_pools
Reset execution pools (2, 3) bump pointers to start
$:hsh mem_usage
------------------------------------------
Memory Usage Statistics:
VmSize:	327413976 kB
VmRSS:	102159160 kB
0: MemResourceStatus {MigratedColumnsAggregate,18446744073709551615,63469016785,52888587462,52888587462,0,0,N/A}
MemResourceStatus {NumaMonotonicResource,3,53687091200,0,0,0,1,0}
MemResourceStatus {NumaMonotonicResource,2,53687091200,0,0,0,0,0}
0: MemResourceStatus {MemManagerAggregate,18446744073709551615,53687091200,0,0,0,0,N/A}
1: MemResourceStatus {MemManagerAggregate,18446744073709551615,53687091200,0,0,0,1,N/A}
MemResourceStatus {DefaultResource,18446744073709551615,18446744073709551615,18446744069992734019,60455899246,0,-1,N/A}
Quick Memory Usage Overview:
Used Capacity: 52888587462, 0
------------------------------------------
Executing script file: /home/umeshsum/tpch_queries/21.sql
[32m(release)[0m> select
[32m(release)[0m> 	s_name,
[32m(release)[0m> 	count(*) as numwait
[32m(release)[0m> from
[32m(release)[0m> 	supplier,
[32m(release)[0m> 	lineitem l1,
[32m(release)[0m> 	orders,
[32m(release)[0m> 	nation
[32m(release)[0m> where
[32m(release)[0m> 	s_suppkey = l1.l_suppkey
[32m(release)[0m> 	and o_orderkey = l1.l_orderkey
[32m(release)[0m> 	and o_orderstatus = 'F'
[32m(release)[0m> 	and l1.l_receiptdate > l1.l_commitdate
[32m(release)[0m> 	and exists (
[32m(release)[0m> 		select
[32m(release)[0m> 			*
[32m(release)[0m> 		from
[32m(release)[0m> 			lineitem l2
[32m(release)[0m> 		where
[32m(release)[0m> 			l2.l_orderkey = l1.l_orderkey
[32m(release)[0m> 			and l2.l_suppkey <> l1.l_suppkey
[32m(release)[0m> 	)
[32m(release)[0m> 	and not exists (
[32m(release)[0m> 		select
[32m(release)[0m> 			*
[32m(release)[0m> 		from
[32m(release)[0m> 			lineitem l3
[32m(release)[0m> 		where
[32m(release)[0m> 			l3.l_orderkey = l1.l_orderkey
[32m(release)[0m> 			and l3.l_suppkey <> l1.l_suppkey
[32m(release)[0m> 			and l3.l_receiptdate > l3.l_commitdate
[32m(release)[0m> 	)
[32m(release)[0m> 	and s_nationkey = n_nationkey
[32m(release)[0m> 	and n_name = 'SAUDI ARABIA'
[32m(release)[0m> group by
[32m(release)[0m> 	s_name
[32m(release)[0m> order by
[32m(release)[0m> 	numwait desc,
[32m(release)[0m> 	s_name;
Greedy pick_runtime_exec_resource: local pool full, falling back to remote pool
Greedy pick_runtime_exec_resource: local pool full, falling back to remote pool
Greedy pick_runtime_exec_resource: local pool full, falling back to remote pool
Greedy pick_runtime_exec_resource: local pool full, falling back to remote pool
Greedy pick_runtime_exec_resource: local pool full, falling back to remote pool
Greedy pick_runtime_exec_resource: local pool full, falling back to remote pool
Greedy pick_runtime_exec_resource: local pool full, falling back to remote pool
Greedy pick_runtime_exec_resource: local pool full, falling back to remote pool
VmRSS Change: 18446744073709551404 KB
===
19930 rows total
Execution info: [PARSE: 38 µs 420 ns, SQL TRANSLATE: 157 µs 908 ns, OPTIMIZE: 4 ms 435 µs, LQP TRANSLATE: 114 µs 9 ns, EXECUTE: 5 s 342 ms (wall time) | QUERY PLAN CACHE HITS: 0/1 statement(s)]
After reset, table use_count: 2
WARNING: Table still has 1 other owner(s) after pipeline reset!
Executing script file done
$:hsh clear_plan_caches
Cleared PQP and LQP caches
$:hsh clear_pipeline
Released last SQLPipeline
$:hsh reset_exec_pools
Reset execution pools (2, 3) bump pointers to start
$:hsh mem_usage
------------------------------------------
Memory Usage Statistics:
VmSize:	327413976 kB
VmRSS:	102158940 kB
0: MemResourceStatus {MigratedColumnsAggregate,18446744073709551615,63469016785,52888587462,52888587462,0,0,N/A}
MemResourceStatus {NumaMonotonicResource,3,53687091200,0,0,0,1,0}
MemResourceStatus {NumaMonotonicResource,2,53687091200,0,0,0,0,0}
0: MemResourceStatus {MemManagerAggregate,18446744073709551615,53687091200,0,0,0,0,N/A}
1: MemResourceStatus {MemManagerAggregate,18446744073709551615,53687091200,0,0,0,1,N/A}
MemResourceStatus {DefaultResource,18446744073709551615,18446744073709551615,18446744069992734019,60455899246,0,-1,N/A}
Quick Memory Usage Overview:
Used Capacity: 52888587462, 0
------------------------------------------
Executing script file: /home/umeshsum/tpch_queries/21.sql
[32m(release)[0m> select
[32m(release)[0m> 	s_name,
[32m(release)[0m> 	count(*) as numwait
[32m(release)[0m> from
[32m(release)[0m> 	supplier,
[32m(release)[0m> 	lineitem l1,
[32m(release)[0m> 	orders,
[32m(release)[0m> 	nation
[32m(release)[0m> where
[32m(release)[0m> 	s_suppkey = l1.l_suppkey
[32m(release)[0m> 	and o_orderkey = l1.l_orderkey
[32m(release)[0m> 	and o_orderstatus = 'F'
[32m(release)[0m> 	and l1.l_receiptdate > l1.l_commitdate
[32m(release)[0m> 	and exists (
[32m(release)[0m> 		select
[32m(release)[0m> 			*
[32m(release)[0m> 		from
[32m(release)[0m> 			lineitem l2
[32m(release)[0m> 		where
[32m(release)[0m> 			l2.l_orderkey = l1.l_orderkey
[32m(release)[0m> 			and l2.l_suppkey <> l1.l_suppkey
[32m(release)[0m> 	)
[32m(release)[0m> 	and not exists (
[32m(release)[0m> 		select
[32m(release)[0m> 			*
[32m(release)[0m> 		from
[32m(release)[0m> 			lineitem l3
[32m(release)[0m> 		where
[32m(release)[0m> 			l3.l_orderkey = l1.l_orderkey
[32m(release)[0m> 			and l3.l_suppkey <> l1.l_suppkey
[32m(release)[0m> 			and l3.l_receiptdate > l3.l_commitdate
[32m(release)[0m> 	)
[32m(release)[0m> 	and s_nationkey = n_nationkey
[32m(release)[0m> 	and n_name = 'SAUDI ARABIA'
[32m(release)[0m> group by
[32m(release)[0m> 	s_name
[32m(release)[0m> order by
[32m(release)[0m> 	numwait desc,
[32m(release)[0m> 	s_name;
Greedy pick_runtime_exec_resource: local pool full, falling back to remote pool
Greedy pick_runtime_exec_resource: local pool full, falling back to remote pool
Greedy pick_runtime_exec_resource: local pool full, falling back to remote pool
Greedy pick_runtime_exec_resource: local pool full, falling back to remote pool
Greedy pick_runtime_exec_resource: local pool full, falling back to remote pool
Greedy pick_runtime_exec_resource: local pool full, falling back to remote pool
Greedy pick_runtime_exec_resource: local pool full, falling back to remote pool
Greedy pick_runtime_exec_resource: local pool full, falling back to remote pool
Greedy pick_runtime_exec_resource: local pool full, falling back to remote pool
Greedy pick_runtime_exec_resource: local pool full, falling back to remote pool
Greedy pick_runtime_exec_resource: local pool full, falling back to remote pool
VmRSS Change: 218188 KB
===
19930 rows total
Execution info: [PARSE: 35 µs 210 ns, SQL TRANSLATE: 141 µs 918 ns, OPTIMIZE: 4 ms 371 µs, LQP TRANSLATE: 113 µs 309 ns, EXECUTE: 5 s 472 ms (wall time) | QUERY PLAN CACHE HITS: 0/1 statement(s)]
After reset, table use_count: 2
WARNING: Table still has 1 other owner(s) after pipeline reset!
Executing script file done
$:hsh clear_plan_caches
Cleared PQP and LQP caches
$:hsh clear_pipeline
Released last SQLPipeline
$:hsh reset_exec_pools
Reset execution pools (2, 3) bump pointers to start
$:hsh mem_usage
------------------------------------------
Memory Usage Statistics:
VmSize:	327413976 kB
VmRSS:	102377128 kB
0: MemResourceStatus {MigratedColumnsAggregate,18446744073709551615,63469016785,52888587462,52888587462,0,0,N/A}
MemResourceStatus {NumaMonotonicResource,3,53687091200,0,0,0,1,0}
MemResourceStatus {NumaMonotonicResource,2,53687091200,0,0,0,0,0}
0: MemResourceStatus {MemManagerAggregate,18446744073709551615,53687091200,0,0,0,0,N/A}
1: MemResourceStatus {MemManagerAggregate,18446744073709551615,53687091200,0,0,0,1,N/A}
MemResourceStatus {DefaultResource,18446744073709551615,18446744073709551615,18446744069992734019,60455899246,0,-1,N/A}
Quick Memory Usage Overview:
Used Capacity: 52888587462, 0
------------------------------------------
Executing script file: /home/umeshsum/tpch_queries/21.sql
[32m(release)[0m> select
[32m(release)[0m> 	s_name,
[32m(release)[0m> 	count(*) as numwait
[32m(release)[0m> from
[32m(release)[0m> 	supplier,
[32m(release)[0m> 	lineitem l1,
[32m(release)[0m> 	orders,
[32m(release)[0m> 	nation
[32m(release)[0m> where
[32m(release)[0m> 	s_suppkey = l1.l_suppkey
[32m(release)[0m> 	and o_orderkey = l1.l_orderkey
[32m(release)[0m> 	and o_orderstatus = 'F'
[32m(release)[0m> 	and l1.l_receiptdate > l1.l_commitdate
[32m(release)[0m> 	and exists (
[32m(release)[0m> 		select
[32m(release)[0m> 			*
[32m(release)[0m> 		from
[32m(release)[0m> 			lineitem l2
[32m(release)[0m> 		where
[32m(release)[0m> 			l2.l_orderkey = l1.l_orderkey
[32m(release)[0m> 			and l2.l_suppkey <> l1.l_suppkey
[32m(release)[0m> 	)
[32m(release)[0m> 	and not exists (
[32m(release)[0m> 		select
[32m(release)[0m> 			*
[32m(release)[0m> 		from
[32m(release)[0m> 			lineitem l3
[32m(release)[0m> 		where
[32m(release)[0m> 			l3.l_orderkey = l1.l_orderkey
[32m(release)[0m> 			and l3.l_suppkey <> l1.l_suppkey
[32m(release)[0m> 			and l3.l_receiptdate > l3.l_commitdate
[32m(release)[0m> 	)
[32m(release)[0m> 	and s_nationkey = n_nationkey
[32m(release)[0m> 	and n_name = 'SAUDI ARABIA'
[32m(release)[0m> group by
[32m(release)[0m> 	s_name
[32m(release)[0m> order by
[32m(release)[0m> 	numwait desc,
[32m(release)[0m> 	s_name;
Greedy pick_runtime_exec_resource: local pool full, falling back to remote pool
Greedy pick_runtime_exec_resource: local pool full, falling back to remote pool
Greedy pick_runtime_exec_resource: local pool full, falling back to remote pool
Greedy pick_runtime_exec_resource: local pool full, falling back to remote pool
Greedy pick_runtime_exec_resource: local pool full, falling back to remote pool
Greedy pick_runtime_exec_resource: local pool full, falling back to remote pool
Greedy pick_runtime_exec_resource: local pool full, falling back to remote pool
Greedy pick_runtime_exec_resource: local pool full, falling back to remote pool
Greedy pick_runtime_exec_resource: local pool full, falling back to remote pool
VmRSS Change: 23184 KB
===
19930 rows total
Execution info: [PARSE: 36 µs 910 ns, SQL TRANSLATE: 181 µs 248 ns, OPTIMIZE: 4 ms 374 µs, LQP TRANSLATE: 114 µs 368 ns, EXECUTE: 5 s 312 ms (wall time) | QUERY PLAN CACHE HITS: 0/1 statement(s)]
After reset, table use_count: 2
WARNING: Table still has 1 other owner(s) after pipeline reset!
Executing script file done
$:hsh clear_plan_caches
Cleared PQP and LQP caches
$:hsh clear_pipeline
Released last SQLPipeline
$:hsh reset_exec_pools
Reset execution pools (2, 3) bump pointers to start
$:hsh mem_usage
------------------------------------------
Memory Usage Statistics:
VmSize:	327413976 kB
VmRSS:	102400308 kB
0: MemResourceStatus {MigratedColumnsAggregate,18446744073709551615,63469016785,52888587462,52888587462,0,0,N/A}
MemResourceStatus {NumaMonotonicResource,3,53687091200,0,0,0,1,0}
MemResourceStatus {NumaMonotonicResource,2,53687091200,0,0,0,0,0}
0: MemResourceStatus {MemManagerAggregate,18446744073709551615,53687091200,0,0,0,0,N/A}
1: MemResourceStatus {MemManagerAggregate,18446744073709551615,53687091200,0,0,0,1,N/A}
MemResourceStatus {DefaultResource,18446744073709551615,18446744073709551615,18446744069992734019,60455899246,0,-1,N/A}
Quick Memory Usage Overview:
Used Capacity: 52888587462, 0
------------------------------------------
Executing script file: /home/umeshsum/tpch_queries/21.sql
[32m(release)[0m> select
[32m(release)[0m> 	s_name,
[32m(release)[0m> 	count(*) as numwait
[32m(release)[0m> from
[32m(release)[0m> 	supplier,
[32m(release)[0m> 	lineitem l1,
[32m(release)[0m> 	orders,
[32m(release)[0m> 	nation
[32m(release)[0m> where
[32m(release)[0m> 	s_suppkey = l1.l_suppkey
[32m(release)[0m> 	and o_orderkey = l1.l_orderkey
[32m(release)[0m> 	and o_orderstatus = 'F'
[32m(release)[0m> 	and l1.l_receiptdate > l1.l_commitdate
[32m(release)[0m> 	and exists (
[32m(release)[0m> 		select
[32m(release)[0m> 			*
[32m(release)[0m> 		from
[32m(release)[0m> 			lineitem l2
[32m(release)[0m> 		where
[32m(release)[0m> 			l2.l_orderkey = l1.l_orderkey
[32m(release)[0m> 			and l2.l_suppkey <> l1.l_suppkey
[32m(release)[0m> 	)
[32m(release)[0m> 	and not exists (
[32m(release)[0m> 		select
[32m(release)[0m> 			*
[32m(release)[0m> 		from
[32m(release)[0m> 			lineitem l3
[32m(release)[0m> 		where
[32m(release)[0m> 			l3.l_orderkey = l1.l_orderkey
[32m(release)[0m> 			and l3.l_suppkey <> l1.l_suppkey
[32m(release)[0m> 			and l3.l_receiptdate > l3.l_commitdate
[32m(release)[0m> 	)
[32m(release)[0m> 	and s_nationkey = n_nationkey
[32m(release)[0m> 	and n_name = 'SAUDI ARABIA'
[32m(release)[0m> group by
[32m(release)[0m> 	s_name
[32m(release)[0m> order by
[32m(release)[0m> 	numwait desc,
[32m(release)[0m> 	s_name;
Greedy pick_runtime_exec_resource: local pool full, falling back to remote pool
Greedy pick_runtime_exec_resource: local pool full, falling back to remote pool
Greedy pick_runtime_exec_resource: local pool full, falling back to remote pool
Greedy pick_runtime_exec_resource: local pool full, falling back to remote pool
Greedy pick_runtime_exec_resource: local pool full, falling back to remote pool
Greedy pick_runtime_exec_resource: local pool full, falling back to remote pool
Greedy pick_runtime_exec_resource: local pool full, falling back to remote pool
VmRSS Change: 15744 KB
===
19930 rows total
Execution info: [PARSE: 69 µs 649 ns, SQL TRANSLATE: 275 µs 137 ns, OPTIMIZE: 10 ms 465 µs, LQP TRANSLATE: 276 µs 647 ns, EXECUTE: 5 s 407 ms (wall time) | QUERY PLAN CACHE HITS: 0/1 statement(s)]
After reset, table use_count: 2
WARNING: Table still has 1 other owner(s) after pipeline reset!
Executing script file done
$:hsh clear_plan_caches
Cleared PQP and LQP caches
$:hsh clear_pipeline
Released last SQLPipeline
$:hsh reset_exec_pools
Reset execution pools (2, 3) bump pointers to start
$:hsh mem_usage
------------------------------------------
Memory Usage Statistics:
VmSize:	327413976 kB
VmRSS:	102416048 kB
0: MemResourceStatus {MigratedColumnsAggregate,18446744073709551615,63469016785,52888587462,52888587462,0,0,N/A}
MemResourceStatus {NumaMonotonicResource,3,53687091200,0,0,0,1,0}
MemResourceStatus {NumaMonotonicResource,2,53687091200,0,0,0,0,0}
0: MemResourceStatus {MemManagerAggregate,18446744073709551615,53687091200,0,0,0,0,N/A}
1: MemResourceStatus {MemManagerAggregate,18446744073709551615,53687091200,0,0,0,1,N/A}
MemResourceStatus {DefaultResource,18446744073709551615,18446744073709551615,18446744069992734019,60455899246,0,-1,N/A}
Quick Memory Usage Overview:
Used Capacity: 52888587462, 0
------------------------------------------
Executing script file: /home/umeshsum/tpch_queries/21.sql
[32m(release)[0m> select
[32m(release)[0m> 	s_name,
[32m(release)[0m> 	count(*) as numwait
[32m(release)[0m> from
[32m(release)[0m> 	supplier,
[32m(release)[0m> 	lineitem l1,
[32m(release)[0m> 	orders,
[32m(release)[0m> 	nation
[32m(release)[0m> where
[32m(release)[0m> 	s_suppkey = l1.l_suppkey
[32m(release)[0m> 	and o_orderkey = l1.l_orderkey
[32m(release)[0m> 	and o_orderstatus = 'F'
[32m(release)[0m> 	and l1.l_receiptdate > l1.l_commitdate
[32m(release)[0m> 	and exists (
[32m(release)[0m> 		select
[32m(release)[0m> 			*
[32m(release)[0m> 		from
[32m(release)[0m> 			lineitem l2
[32m(release)[0m> 		where
[32m(release)[0m> 			l2.l_orderkey = l1.l_orderkey
[32m(release)[0m> 			and l2.l_suppkey <> l1.l_suppkey
[32m(release)[0m> 	)
[32m(release)[0m> 	and not exists (
[32m(release)[0m> 		select
[32m(release)[0m> 			*
[32m(release)[0m> 		from
[32m(release)[0m> 			lineitem l3
[32m(release)[0m> 		where
[32m(release)[0m> 			l3.l_orderkey = l1.l_orderkey
[32m(release)[0m> 			and l3.l_suppkey <> l1.l_suppkey
[32m(release)[0m> 			and l3.l_receiptdate > l3.l_commitdate
[32m(release)[0m> 	)
[32m(release)[0m> 	and s_nationkey = n_nationkey
[32m(release)[0m> 	and n_name = 'SAUDI ARABIA'
[32m(release)[0m> group by
[32m(release)[0m> 	s_name
[32m(release)[0m> order by
[32m(release)[0m> 	numwait desc,
[32m(release)[0m> 	s_name;
Greedy pick_runtime_exec_resource: local pool full, falling back to remote pool
Greedy pick_runtime_exec_resource: local pool full, falling back to remote pool
Greedy pick_runtime_exec_resource: local pool full, falling back to remote pool
Greedy pick_runtime_exec_resource: local pool full, falling back to remote pool
Greedy pick_runtime_exec_resource: local pool full, falling back to remote pool
Greedy pick_runtime_exec_resource: local pool full, falling back to remote pool
Greedy pick_runtime_exec_resource: local pool full, falling back to remote pool
Greedy pick_runtime_exec_resource: local pool full, falling back to remote pool
Greedy pick_runtime_exec_resource: local pool full, falling back to remote pool
VmRSS Change: 4212 KB
===
19930 rows total
Execution info: [PARSE: 35 µs 10 ns, SQL TRANSLATE: 132 µs 458 ns, OPTIMIZE: 4 ms 286 µs, LQP TRANSLATE: 115 µs 519 ns, EXECUTE: 5 s 389 ms (wall time) | QUERY PLAN CACHE HITS: 0/1 statement(s)]
After reset, table use_count: 2
WARNING: Table still has 1 other owner(s) after pipeline reset!
Executing script file done
$:hsh clear_plan_caches
Cleared PQP and LQP caches
$:hsh clear_pipeline
Released last SQLPipeline
$:hsh reset_exec_pools
Reset execution pools (2, 3) bump pointers to start
$:hsh mem_usage
------------------------------------------
Memory Usage Statistics:
VmSize:	327413976 kB
VmRSS:	102420260 kB
0: MemResourceStatus {MigratedColumnsAggregate,18446744073709551615,63469016785,52888587462,52888587462,0,0,N/A}
MemResourceStatus {NumaMonotonicResource,3,53687091200,0,0,0,1,0}
MemResourceStatus {NumaMonotonicResource,2,53687091200,0,0,0,0,0}
0: MemResourceStatus {MemManagerAggregate,18446744073709551615,53687091200,0,0,0,0,N/A}
1: MemResourceStatus {MemManagerAggregate,18446744073709551615,53687091200,0,0,0,1,N/A}
MemResourceStatus {DefaultResource,18446744073709551615,18446744073709551615,18446744069992734019,60455899246,0,-1,N/A}
Quick Memory Usage Overview:
Used Capacity: 52888587462, 0
------------------------------------------
Label set to d1000000000000_tf1000000000000_q22
$:hsh clear_plan_caches
Cleared PQP and LQP caches
$:hsh clear_pipeline
Released last SQLPipeline
$:hsh reset_exec_pools
Reset execution pools (2, 3) bump pointers to start
$:hsh mem_usage
------------------------------------------
Memory Usage Statistics:
VmSize:	327413976 kB
VmRSS:	102420232 kB
0: MemResourceStatus {MigratedColumnsAggregate,18446744073709551615,63469016785,52888587462,52888587462,0,0,N/A}
MemResourceStatus {NumaMonotonicResource,3,53687091200,0,0,0,1,0}
MemResourceStatus {NumaMonotonicResource,2,53687091200,0,0,0,0,0}
0: MemResourceStatus {MemManagerAggregate,18446744073709551615,53687091200,0,0,0,0,N/A}
1: MemResourceStatus {MemManagerAggregate,18446744073709551615,53687091200,0,0,0,1,N/A}
MemResourceStatus {DefaultResource,18446744073709551615,18446744073709551615,18446744069992734019,60455899246,0,-1,N/A}
Quick Memory Usage Overview:
Used Capacity: 52888587462, 0
------------------------------------------
Executing script file: /home/umeshsum/tpch_queries/22.sql
[32m(release)[0m> select
[32m(release)[0m> 	cntrycode,
[32m(release)[0m> 	count(*) as numcust,
[32m(release)[0m> 	sum(c_acctbal) as totacctbal
[32m(release)[0m> from
[32m(release)[0m> 	(
[32m(release)[0m> 		select
[32m(release)[0m> 			substring(c_phone, 1, 2) as cntrycode,
[32m(release)[0m> 			c_acctbal
[32m(release)[0m> 		from
[32m(release)[0m> 			customer
[32m(release)[0m> 		where
[32m(release)[0m> 			substring(c_phone, 1, 2) in
[32m(release)[0m> 				('13', '31', '23', '29', '30', '18', '17')
[32m(release)[0m> 			and c_acctbal > (
[32m(release)[0m> 				select
[32m(release)[0m> 					avg(c_acctbal)
[32m(release)[0m> 				from
[32m(release)[0m> 					customer
[32m(release)[0m> 				where
[32m(release)[0m> 					c_acctbal > 0.00
[32m(release)[0m> 					and substring(c_phone, 1, 2) in
[32m(release)[0m> 						('13', '31', '23', '29', '30', '18', '17')
[32m(release)[0m> 			)
[32m(release)[0m> 			and not exists (
[32m(release)[0m> 				select
[32m(release)[0m> 					*
[32m(release)[0m> 				from
[32m(release)[0m> 					orders
[32m(release)[0m> 				where
[32m(release)[0m> 					o_custkey = c_custkey
[32m(release)[0m> 			)
[32m(release)[0m> 	) as custsale
[32m(release)[0m> group by
[32m(release)[0m> 	cntrycode
[32m(release)[0m> order by
[32m(release)[0m> 	cntrycode;
Greedy pick_runtime_exec_resource: local pool full, falling back to remote pool
VmRSS Change: 18446744073709551072 KB
===
7 rows total
Execution info: [PARSE: 65 µs 999 ns, SQL TRANSLATE: 184 µs 488 ns, OPTIMIZE: 1 ms 383 µs, LQP TRANSLATE: 115 µs 529 ns, EXECUTE: 574 ms 53 µs (wall time) | QUERY PLAN CACHE HITS: 0/1 statement(s)]
After reset, table use_count: 2
WARNING: Table still has 1 other owner(s) after pipeline reset!
Executing script file done
$:hsh clear_plan_caches
Cleared PQP and LQP caches
$:hsh clear_pipeline
Released last SQLPipeline
$:hsh reset_exec_pools
Reset execution pools (2, 3) bump pointers to start
$:hsh mem_usage
------------------------------------------
Memory Usage Statistics:
VmSize:	327413976 kB
VmRSS:	102419700 kB
0: MemResourceStatus {MigratedColumnsAggregate,18446744073709551615,63469016785,52888587462,52888587462,0,0,N/A}
MemResourceStatus {NumaMonotonicResource,3,53687091200,0,0,0,1,0}
MemResourceStatus {NumaMonotonicResource,2,53687091200,0,0,0,0,0}
0: MemResourceStatus {MemManagerAggregate,18446744073709551615,53687091200,0,0,0,0,N/A}
1: MemResourceStatus {MemManagerAggregate,18446744073709551615,53687091200,0,0,0,1,N/A}
MemResourceStatus {DefaultResource,18446744073709551615,18446744073709551615,18446744069992734019,60455899246,0,-1,N/A}
Quick Memory Usage Overview:
Used Capacity: 52888587462, 0
------------------------------------------
Executing script file: /home/umeshsum/tpch_queries/22.sql
[32m(release)[0m> select
[32m(release)[0m> 	cntrycode,
[32m(release)[0m> 	count(*) as numcust,
[32m(release)[0m> 	sum(c_acctbal) as totacctbal
[32m(release)[0m> from
[32m(release)[0m> 	(
[32m(release)[0m> 		select
[32m(release)[0m> 			substring(c_phone, 1, 2) as cntrycode,
[32m(release)[0m> 			c_acctbal
[32m(release)[0m> 		from
[32m(release)[0m> 			customer
[32m(release)[0m> 		where
[32m(release)[0m> 			substring(c_phone, 1, 2) in
[32m(release)[0m> 				('13', '31', '23', '29', '30', '18', '17')
[32m(release)[0m> 			and c_acctbal > (
[32m(release)[0m> 				select
[32m(release)[0m> 					avg(c_acctbal)
[32m(release)[0m> 				from
[32m(release)[0m> 					customer
[32m(release)[0m> 				where
[32m(release)[0m> 					c_acctbal > 0.00
[32m(release)[0m> 					and substring(c_phone, 1, 2) in
[32m(release)[0m> 						('13', '31', '23', '29', '30', '18', '17')
[32m(release)[0m> 			)
[32m(release)[0m> 			and not exists (
[32m(release)[0m> 				select
[32m(release)[0m> 					*
[32m(release)[0m> 				from
[32m(release)[0m> 					orders
[32m(release)[0m> 				where
[32m(release)[0m> 					o_custkey = c_custkey
[32m(release)[0m> 			)
[32m(release)[0m> 	) as custsale
[32m(release)[0m> group by
[32m(release)[0m> 	cntrycode
[32m(release)[0m> order by
[32m(release)[0m> 	cntrycode;
Greedy pick_runtime_exec_resource: local pool full, falling back to remote pool
VmRSS Change: 18446744073709550880 KB
===
7 rows total
Execution info: [PARSE: 38 µs 990 ns, SQL TRANSLATE: 153 µs 368 ns, OPTIMIZE: 678 µs 493 ns, LQP TRANSLATE: 60 µs 149 ns, EXECUTE: 553 ms 683 µs (wall time) | QUERY PLAN CACHE HITS: 0/1 statement(s)]
After reset, table use_count: 2
WARNING: Table still has 1 other owner(s) after pipeline reset!
Executing script file done
$:hsh clear_plan_caches
Cleared PQP and LQP caches
$:hsh clear_pipeline
Released last SQLPipeline
$:hsh reset_exec_pools
Reset execution pools (2, 3) bump pointers to start
$:hsh mem_usage
------------------------------------------
Memory Usage Statistics:
VmSize:	327413976 kB
VmRSS:	102418960 kB
0: MemResourceStatus {MigratedColumnsAggregate,18446744073709551615,63469016785,52888587462,52888587462,0,0,N/A}
MemResourceStatus {NumaMonotonicResource,3,53687091200,0,0,0,1,0}
MemResourceStatus {NumaMonotonicResource,2,53687091200,0,0,0,0,0}
0: MemResourceStatus {MemManagerAggregate,18446744073709551615,53687091200,0,0,0,0,N/A}
1: MemResourceStatus {MemManagerAggregate,18446744073709551615,53687091200,0,0,0,1,N/A}
MemResourceStatus {DefaultResource,18446744073709551615,18446744073709551615,18446744069992734019,60455899246,0,-1,N/A}
Quick Memory Usage Overview:
Used Capacity: 52888587462, 0
------------------------------------------
Executing script file: /home/umeshsum/tpch_queries/22.sql
[32m(release)[0m> select
[32m(release)[0m> 	cntrycode,
[32m(release)[0m> 	count(*) as numcust,
[32m(release)[0m> 	sum(c_acctbal) as totacctbal
[32m(release)[0m> from
[32m(release)[0m> 	(
[32m(release)[0m> 		select
[32m(release)[0m> 			substring(c_phone, 1, 2) as cntrycode,
[32m(release)[0m> 			c_acctbal
[32m(release)[0m> 		from
[32m(release)[0m> 			customer
[32m(release)[0m> 		where
[32m(release)[0m> 			substring(c_phone, 1, 2) in
[32m(release)[0m> 				('13', '31', '23', '29', '30', '18', '17')
[32m(release)[0m> 			and c_acctbal > (
[32m(release)[0m> 				select
[32m(release)[0m> 					avg(c_acctbal)
[32m(release)[0m> 				from
[32m(release)[0m> 					customer
[32m(release)[0m> 				where
[32m(release)[0m> 					c_acctbal > 0.00
[32m(release)[0m> 					and substring(c_phone, 1, 2) in
[32m(release)[0m> 						('13', '31', '23', '29', '30', '18', '17')
[32m(release)[0m> 			)
[32m(release)[0m> 			and not exists (
[32m(release)[0m> 				select
[32m(release)[0m> 					*
[32m(release)[0m> 				from
[32m(release)[0m> 					orders
[32m(release)[0m> 				where
[32m(release)[0m> 					o_custkey = c_custkey
[32m(release)[0m> 			)
[32m(release)[0m> 	) as custsale
[32m(release)[0m> group by
[32m(release)[0m> 	cntrycode
[32m(release)[0m> order by
[32m(release)[0m> 	cntrycode;
Greedy pick_runtime_exec_resource: local pool full, falling back to remote pool
VmRSS Change: 18446744073709550532 KB
===
7 rows total
Execution info: [PARSE: 36 µs 700 ns, SQL TRANSLATE: 101 µs 439 ns, OPTIMIZE: 647 µs 143 ns, LQP TRANSLATE: 56 µs 20 ns, EXECUTE: 558 ms 622 µs (wall time) | QUERY PLAN CACHE HITS: 0/1 statement(s)]
After reset, table use_count: 2
WARNING: Table still has 1 other owner(s) after pipeline reset!
Executing script file done
$:hsh clear_plan_caches
Cleared PQP and LQP caches
$:hsh clear_pipeline
Released last SQLPipeline
$:hsh reset_exec_pools
Reset execution pools (2, 3) bump pointers to start
$:hsh mem_usage
------------------------------------------
Memory Usage Statistics:
VmSize:	327413976 kB
VmRSS:	102417884 kB
0: MemResourceStatus {MigratedColumnsAggregate,18446744073709551615,63469016785,52888587462,52888587462,0,0,N/A}
MemResourceStatus {NumaMonotonicResource,3,53687091200,0,0,0,1,0}
MemResourceStatus {NumaMonotonicResource,2,53687091200,0,0,0,0,0}
0: MemResourceStatus {MemManagerAggregate,18446744073709551615,53687091200,0,0,0,0,N/A}
1: MemResourceStatus {MemManagerAggregate,18446744073709551615,53687091200,0,0,0,1,N/A}
MemResourceStatus {DefaultResource,18446744073709551615,18446744073709551615,18446744069992734019,60455899246,0,-1,N/A}
Quick Memory Usage Overview:
Used Capacity: 52888587462, 0
------------------------------------------
Executing script file: /home/umeshsum/tpch_queries/22.sql
[32m(release)[0m> select
[32m(release)[0m> 	cntrycode,
[32m(release)[0m> 	count(*) as numcust,
[32m(release)[0m> 	sum(c_acctbal) as totacctbal
[32m(release)[0m> from
[32m(release)[0m> 	(
[32m(release)[0m> 		select
[32m(release)[0m> 			substring(c_phone, 1, 2) as cntrycode,
[32m(release)[0m> 			c_acctbal
[32m(release)[0m> 		from
[32m(release)[0m> 			customer
[32m(release)[0m> 		where
[32m(release)[0m> 			substring(c_phone, 1, 2) in
[32m(release)[0m> 				('13', '31', '23', '29', '30', '18', '17')
[32m(release)[0m> 			and c_acctbal > (
[32m(release)[0m> 				select
[32m(release)[0m> 					avg(c_acctbal)
[32m(release)[0m> 				from
[32m(release)[0m> 					customer
[32m(release)[0m> 				where
[32m(release)[0m> 					c_acctbal > 0.00
[32m(release)[0m> 					and substring(c_phone, 1, 2) in
[32m(release)[0m> 						('13', '31', '23', '29', '30', '18', '17')
[32m(release)[0m> 			)
[32m(release)[0m> 			and not exists (
[32m(release)[0m> 				select
[32m(release)[0m> 					*
[32m(release)[0m> 				from
[32m(release)[0m> 					orders
[32m(release)[0m> 				where
[32m(release)[0m> 					o_custkey = c_custkey
[32m(release)[0m> 			)
[32m(release)[0m> 	) as custsale
[32m(release)[0m> group by
[32m(release)[0m> 	cntrycode
[32m(release)[0m> order by
[32m(release)[0m> 	cntrycode;
Greedy pick_runtime_exec_resource: local pool full, falling back to remote pool
VmRSS Change: 18446744073709551584 KB
===
7 rows total
Execution info: [PARSE: 39 µs 850 ns, SQL TRANSLATE: 97 µs 969 ns, OPTIMIZE: 660 µs 113 ns, LQP TRANSLATE: 55 µs 929 ns, EXECUTE: 556 ms 116 µs (wall time) | QUERY PLAN CACHE HITS: 0/1 statement(s)]
After reset, table use_count: 2
WARNING: Table still has 1 other owner(s) after pipeline reset!
Executing script file done
$:hsh clear_plan_caches
Cleared PQP and LQP caches
$:hsh clear_pipeline
Released last SQLPipeline
$:hsh reset_exec_pools
Reset execution pools (2, 3) bump pointers to start
$:hsh mem_usage
------------------------------------------
Memory Usage Statistics:
VmSize:	327413976 kB
VmRSS:	102417856 kB
0: MemResourceStatus {MigratedColumnsAggregate,18446744073709551615,63469016785,52888587462,52888587462,0,0,N/A}
MemResourceStatus {NumaMonotonicResource,3,53687091200,0,0,0,1,0}
MemResourceStatus {NumaMonotonicResource,2,53687091200,0,0,0,0,0}
0: MemResourceStatus {MemManagerAggregate,18446744073709551615,53687091200,0,0,0,0,N/A}
1: MemResourceStatus {MemManagerAggregate,18446744073709551615,53687091200,0,0,0,1,N/A}
MemResourceStatus {DefaultResource,18446744073709551615,18446744073709551615,18446744069992734019,60455899246,0,-1,N/A}
Quick Memory Usage Overview:
Used Capacity: 52888587462, 0
------------------------------------------
Executing script file: /home/umeshsum/tpch_queries/22.sql
[32m(release)[0m> select
[32m(release)[0m> 	cntrycode,
[32m(release)[0m> 	count(*) as numcust,
[32m(release)[0m> 	sum(c_acctbal) as totacctbal
[32m(release)[0m> from
[32m(release)[0m> 	(
[32m(release)[0m> 		select
[32m(release)[0m> 			substring(c_phone, 1, 2) as cntrycode,
[32m(release)[0m> 			c_acctbal
[32m(release)[0m> 		from
[32m(release)[0m> 			customer
[32m(release)[0m> 		where
[32m(release)[0m> 			substring(c_phone, 1, 2) in
[32m(release)[0m> 				('13', '31', '23', '29', '30', '18', '17')
[32m(release)[0m> 			and c_acctbal > (
[32m(release)[0m> 				select
[32m(release)[0m> 					avg(c_acctbal)
[32m(release)[0m> 				from
[32m(release)[0m> 					customer
[32m(release)[0m> 				where
[32m(release)[0m> 					c_acctbal > 0.00
[32m(release)[0m> 					and substring(c_phone, 1, 2) in
[32m(release)[0m> 						('13', '31', '23', '29', '30', '18', '17')
[32m(release)[0m> 			)
[32m(release)[0m> 			and not exists (
[32m(release)[0m> 				select
[32m(release)[0m> 					*
[32m(release)[0m> 				from
[32m(release)[0m> 					orders
[32m(release)[0m> 				where
[32m(release)[0m> 					o_custkey = c_custkey
[32m(release)[0m> 			)
[32m(release)[0m> 	) as custsale
[32m(release)[0m> group by
[32m(release)[0m> 	cntrycode
[32m(release)[0m> order by
[32m(release)[0m> 	cntrycode;
Greedy pick_runtime_exec_resource: local pool full, falling back to remote pool
VmRSS Change: 164 KB
===
7 rows total
Execution info: [PARSE: 40 µs 769 ns, SQL TRANSLATE: 97 µs 939 ns, OPTIMIZE: 653 µs 384 ns, LQP TRANSLATE: 64 µs 339 ns, EXECUTE: 554 ms 604 µs (wall time) | QUERY PLAN CACHE HITS: 0/1 statement(s)]
After reset, table use_count: 2
WARNING: Table still has 1 other owner(s) after pipeline reset!
Executing script file done
$:hsh clear_plan_caches
Cleared PQP and LQP caches
$:hsh clear_pipeline
Released last SQLPipeline
$:hsh reset_exec_pools
Reset execution pools (2, 3) bump pointers to start
$:hsh mem_usage
------------------------------------------
Memory Usage Statistics:
VmSize:	327413976 kB
VmRSS:	102418024 kB
0: MemResourceStatus {MigratedColumnsAggregate,18446744073709551615,63469016785,52888587462,52888587462,0,0,N/A}
MemResourceStatus {NumaMonotonicResource,3,53687091200,0,0,0,1,0}
MemResourceStatus {NumaMonotonicResource,2,53687091200,0,0,0,0,0}
0: MemResourceStatus {MemManagerAggregate,18446744073709551615,53687091200,0,0,0,0,N/A}
1: MemResourceStatus {MemManagerAggregate,18446744073709551615,53687091200,0,0,0,1,N/A}
MemResourceStatus {DefaultResource,18446744073709551615,18446744073709551615,18446744069992734019,60455899246,0,-1,N/A}
Quick Memory Usage Overview:
Used Capacity: 52888587462, 0
------------------------------------------
Executing script file: /home/umeshsum/tpch_queries/22.sql
[32m(release)[0m> select
[32m(release)[0m> 	cntrycode,
[32m(release)[0m> 	count(*) as numcust,
[32m(release)[0m> 	sum(c_acctbal) as totacctbal
[32m(release)[0m> from
[32m(release)[0m> 	(
[32m(release)[0m> 		select
[32m(release)[0m> 			substring(c_phone, 1, 2) as cntrycode,
[32m(release)[0m> 			c_acctbal
[32m(release)[0m> 		from
[32m(release)[0m> 			customer
[32m(release)[0m> 		where
[32m(release)[0m> 			substring(c_phone, 1, 2) in
[32m(release)[0m> 				('13', '31', '23', '29', '30', '18', '17')
[32m(release)[0m> 			and c_acctbal > (
[32m(release)[0m> 				select
[32m(release)[0m> 					avg(c_acctbal)
[32m(release)[0m> 				from
[32m(release)[0m> 					customer
[32m(release)[0m> 				where
[32m(release)[0m> 					c_acctbal > 0.00
[32m(release)[0m> 					and substring(c_phone, 1, 2) in
[32m(release)[0m> 						('13', '31', '23', '29', '30', '18', '17')
[32m(release)[0m> 			)
[32m(release)[0m> 			and not exists (
[32m(release)[0m> 				select
[32m(release)[0m> 					*
[32m(release)[0m> 				from
[32m(release)[0m> 					orders
[32m(release)[0m> 				where
[32m(release)[0m> 					o_custkey = c_custkey
[32m(release)[0m> 			)
[32m(release)[0m> 	) as custsale
[32m(release)[0m> group by
[32m(release)[0m> 	cntrycode
[32m(release)[0m> order by
[32m(release)[0m> 	cntrycode;
Greedy pick_runtime_exec_resource: local pool full, falling back to remote pool
VmRSS Change: 18446744073709551396 KB
===
7 rows total
Execution info: [PARSE: 39 µs 199 ns, SQL TRANSLATE: 97 µs 979 ns, OPTIMIZE: 662 µs 733 ns, LQP TRANSLATE: 57 µs 30 ns, EXECUTE: 556 ms 317 µs (wall time) | QUERY PLAN CACHE HITS: 0/1 statement(s)]
After reset, table use_count: 2
WARNING: Table still has 1 other owner(s) after pipeline reset!
Executing script file done
$:hsh clear_plan_caches
Cleared PQP and LQP caches
$:hsh clear_pipeline
Released last SQLPipeline
$:hsh reset_exec_pools
Reset execution pools (2, 3) bump pointers to start
$:hsh mem_usage
------------------------------------------
Memory Usage Statistics:
VmSize:	327413976 kB
VmRSS:	102417804 kB
0: MemResourceStatus {MigratedColumnsAggregate,18446744073709551615,63469016785,52888587462,52888587462,0,0,N/A}
MemResourceStatus {NumaMonotonicResource,3,53687091200,0,0,0,1,0}
MemResourceStatus {NumaMonotonicResource,2,53687091200,0,0,0,0,0}
0: MemResourceStatus {MemManagerAggregate,18446744073709551615,53687091200,0,0,0,0,N/A}
1: MemResourceStatus {MemManagerAggregate,18446744073709551615,53687091200,0,0,0,1,N/A}
MemResourceStatus {DefaultResource,18446744073709551615,18446744073709551615,18446744069992734019,60455899246,0,-1,N/A}
Quick Memory Usage Overview:
Used Capacity: 52888587462, 0
------------------------------------------
Executing script file: /home/umeshsum/tpch_queries/22.sql
[32m(release)[0m> select
[32m(release)[0m> 	cntrycode,
[32m(release)[0m> 	count(*) as numcust,
[32m(release)[0m> 	sum(c_acctbal) as totacctbal
[32m(release)[0m> from
[32m(release)[0m> 	(
[32m(release)[0m> 		select
[32m(release)[0m> 			substring(c_phone, 1, 2) as cntrycode,
[32m(release)[0m> 			c_acctbal
[32m(release)[0m> 		from
[32m(release)[0m> 			customer
[32m(release)[0m> 		where
[32m(release)[0m> 			substring(c_phone, 1, 2) in
[32m(release)[0m> 				('13', '31', '23', '29', '30', '18', '17')
[32m(release)[0m> 			and c_acctbal > (
[32m(release)[0m> 				select
[32m(release)[0m> 					avg(c_acctbal)
[32m(release)[0m> 				from
[32m(release)[0m> 					customer
[32m(release)[0m> 				where
[32m(release)[0m> 					c_acctbal > 0.00
[32m(release)[0m> 					and substring(c_phone, 1, 2) in
[32m(release)[0m> 						('13', '31', '23', '29', '30', '18', '17')
[32m(release)[0m> 			)
[32m(release)[0m> 			and not exists (
[32m(release)[0m> 				select
[32m(release)[0m> 					*
[32m(release)[0m> 				from
[32m(release)[0m> 					orders
[32m(release)[0m> 				where
[32m(release)[0m> 					o_custkey = c_custkey
[32m(release)[0m> 			)
[32m(release)[0m> 	) as custsale
[32m(release)[0m> group by
[32m(release)[0m> 	cntrycode
[32m(release)[0m> order by
[32m(release)[0m> 	cntrycode;
Greedy pick_runtime_exec_resource: local pool full, falling back to remote pool
VmRSS Change: 18446744073709551072 KB
===
7 rows total
Execution info: [PARSE: 39 µs 690 ns, SQL TRANSLATE: 97 µs 819 ns, OPTIMIZE: 660 µs 643 ns, LQP TRANSLATE: 55 µs 790 ns, EXECUTE: 555 ms 856 µs (wall time) | QUERY PLAN CACHE HITS: 0/1 statement(s)]
After reset, table use_count: 2
WARNING: Table still has 1 other owner(s) after pipeline reset!
Executing script file done
$:hsh clear_plan_caches
Cleared PQP and LQP caches
$:hsh clear_pipeline
Released last SQLPipeline
$:hsh reset_exec_pools
Reset execution pools (2, 3) bump pointers to start
$:hsh mem_usage
------------------------------------------
Memory Usage Statistics:
VmSize:	327413976 kB
VmRSS:	102417264 kB
0: MemResourceStatus {MigratedColumnsAggregate,18446744073709551615,63469016785,52888587462,52888587462,0,0,N/A}
MemResourceStatus {NumaMonotonicResource,3,53687091200,0,0,0,1,0}
MemResourceStatus {NumaMonotonicResource,2,53687091200,0,0,0,0,0}
0: MemResourceStatus {MemManagerAggregate,18446744073709551615,53687091200,0,0,0,0,N/A}
1: MemResourceStatus {MemManagerAggregate,18446744073709551615,53687091200,0,0,0,1,N/A}
MemResourceStatus {DefaultResource,18446744073709551615,18446744073709551615,18446744069992734019,60455899246,0,-1,N/A}
Quick Memory Usage Overview:
Used Capacity: 52888587462, 0
------------------------------------------
Executing script file: /home/umeshsum/tpch_queries/22.sql
[32m(release)[0m> select
[32m(release)[0m> 	cntrycode,
[32m(release)[0m> 	count(*) as numcust,
[32m(release)[0m> 	sum(c_acctbal) as totacctbal
[32m(release)[0m> from
[32m(release)[0m> 	(
[32m(release)[0m> 		select
[32m(release)[0m> 			substring(c_phone, 1, 2) as cntrycode,
[32m(release)[0m> 			c_acctbal
[32m(release)[0m> 		from
[32m(release)[0m> 			customer
[32m(release)[0m> 		where
[32m(release)[0m> 			substring(c_phone, 1, 2) in
[32m(release)[0m> 				('13', '31', '23', '29', '30', '18', '17')
[32m(release)[0m> 			and c_acctbal > (
[32m(release)[0m> 				select
[32m(release)[0m> 					avg(c_acctbal)
[32m(release)[0m> 				from
[32m(release)[0m> 					customer
[32m(release)[0m> 				where
[32m(release)[0m> 					c_acctbal > 0.00
[32m(release)[0m> 					and substring(c_phone, 1, 2) in
[32m(release)[0m> 						('13', '31', '23', '29', '30', '18', '17')
[32m(release)[0m> 			)
[32m(release)[0m> 			and not exists (
[32m(release)[0m> 				select
[32m(release)[0m> 					*
[32m(release)[0m> 				from
[32m(release)[0m> 					orders
[32m(release)[0m> 				where
[32m(release)[0m> 					o_custkey = c_custkey
[32m(release)[0m> 			)
[32m(release)[0m> 	) as custsale
[32m(release)[0m> group by
[32m(release)[0m> 	cntrycode
[32m(release)[0m> order by
[32m(release)[0m> 	cntrycode;
Greedy pick_runtime_exec_resource: local pool full, falling back to remote pool
VmRSS Change: 18446744073709551420 KB
===
7 rows total
Execution info: [PARSE: 39 µs 770 ns, SQL TRANSLATE: 99 µs 149 ns, OPTIMIZE: 663 µs 233 ns, LQP TRANSLATE: 63 µs 649 ns, EXECUTE: 569 ms 574 µs (wall time) | QUERY PLAN CACHE HITS: 0/1 statement(s)]
After reset, table use_count: 2
WARNING: Table still has 1 other owner(s) after pipeline reset!
Executing script file done
$:hsh clear_plan_caches
Cleared PQP and LQP caches
$:hsh clear_pipeline
Released last SQLPipeline
$:hsh reset_exec_pools
Reset execution pools (2, 3) bump pointers to start
$:hsh mem_usage
------------------------------------------
Memory Usage Statistics:
VmSize:	327413976 kB
VmRSS:	102417068 kB
0: MemResourceStatus {MigratedColumnsAggregate,18446744073709551615,63469016785,52888587462,52888587462,0,0,N/A}
MemResourceStatus {NumaMonotonicResource,3,53687091200,0,0,0,1,0}
MemResourceStatus {NumaMonotonicResource,2,53687091200,0,0,0,0,0}
0: MemResourceStatus {MemManagerAggregate,18446744073709551615,53687091200,0,0,0,0,N/A}
1: MemResourceStatus {MemManagerAggregate,18446744073709551615,53687091200,0,0,0,1,N/A}
MemResourceStatus {DefaultResource,18446744073709551615,18446744073709551615,18446744069992734019,60455899246,0,-1,N/A}
Quick Memory Usage Overview:
Used Capacity: 52888587462, 0
------------------------------------------
Executing script file: /home/umeshsum/tpch_queries/22.sql
[32m(release)[0m> select
[32m(release)[0m> 	cntrycode,
[32m(release)[0m> 	count(*) as numcust,
[32m(release)[0m> 	sum(c_acctbal) as totacctbal
[32m(release)[0m> from
[32m(release)[0m> 	(
[32m(release)[0m> 		select
[32m(release)[0m> 			substring(c_phone, 1, 2) as cntrycode,
[32m(release)[0m> 			c_acctbal
[32m(release)[0m> 		from
[32m(release)[0m> 			customer
[32m(release)[0m> 		where
[32m(release)[0m> 			substring(c_phone, 1, 2) in
[32m(release)[0m> 				('13', '31', '23', '29', '30', '18', '17')
[32m(release)[0m> 			and c_acctbal > (
[32m(release)[0m> 				select
[32m(release)[0m> 					avg(c_acctbal)
[32m(release)[0m> 				from
[32m(release)[0m> 					customer
[32m(release)[0m> 				where
[32m(release)[0m> 					c_acctbal > 0.00
[32m(release)[0m> 					and substring(c_phone, 1, 2) in
[32m(release)[0m> 						('13', '31', '23', '29', '30', '18', '17')
[32m(release)[0m> 			)
[32m(release)[0m> 			and not exists (
[32m(release)[0m> 				select
[32m(release)[0m> 					*
[32m(release)[0m> 				from
[32m(release)[0m> 					orders
[32m(release)[0m> 				where
[32m(release)[0m> 					o_custkey = c_custkey
[32m(release)[0m> 			)
[32m(release)[0m> 	) as custsale
[32m(release)[0m> group by
[32m(release)[0m> 	cntrycode
[32m(release)[0m> order by
[32m(release)[0m> 	cntrycode;
Greedy pick_runtime_exec_resource: local pool full, falling back to remote pool
VmRSS Change: 136 KB
===
7 rows total
Execution info: [PARSE: 40 µs 690 ns, SQL TRANSLATE: 109 µs 249 ns, OPTIMIZE: 681 µs 43 ns, LQP TRANSLATE: 56 µs 89 ns, EXECUTE: 560 ms 910 µs (wall time) | QUERY PLAN CACHE HITS: 0/1 statement(s)]
After reset, table use_count: 2
WARNING: Table still has 1 other owner(s) after pipeline reset!
Executing script file done
$:hsh clear_plan_caches
Cleared PQP and LQP caches
$:hsh clear_pipeline
Released last SQLPipeline
$:hsh reset_exec_pools
Reset execution pools (2, 3) bump pointers to start
$:hsh mem_usage
------------------------------------------
Memory Usage Statistics:
VmSize:	327413976 kB
VmRSS:	102417204 kB
0: MemResourceStatus {MigratedColumnsAggregate,18446744073709551615,63469016785,52888587462,52888587462,0,0,N/A}
MemResourceStatus {NumaMonotonicResource,3,53687091200,0,0,0,1,0}
MemResourceStatus {NumaMonotonicResource,2,53687091200,0,0,0,0,0}
0: MemResourceStatus {MemManagerAggregate,18446744073709551615,53687091200,0,0,0,0,N/A}
1: MemResourceStatus {MemManagerAggregate,18446744073709551615,53687091200,0,0,0,1,N/A}
MemResourceStatus {DefaultResource,18446744073709551615,18446744073709551615,18446744069992734019,60455899246,0,-1,N/A}
Quick Memory Usage Overview:
Used Capacity: 52888587462, 0
------------------------------------------
Executing script file: /home/umeshsum/tpch_queries/22.sql
[32m(release)[0m> select
[32m(release)[0m> 	cntrycode,
[32m(release)[0m> 	count(*) as numcust,
[32m(release)[0m> 	sum(c_acctbal) as totacctbal
[32m(release)[0m> from
[32m(release)[0m> 	(
[32m(release)[0m> 		select
[32m(release)[0m> 			substring(c_phone, 1, 2) as cntrycode,
[32m(release)[0m> 			c_acctbal
[32m(release)[0m> 		from
[32m(release)[0m> 			customer
[32m(release)[0m> 		where
[32m(release)[0m> 			substring(c_phone, 1, 2) in
[32m(release)[0m> 				('13', '31', '23', '29', '30', '18', '17')
[32m(release)[0m> 			and c_acctbal > (
[32m(release)[0m> 				select
[32m(release)[0m> 					avg(c_acctbal)
[32m(release)[0m> 				from
[32m(release)[0m> 					customer
[32m(release)[0m> 				where
[32m(release)[0m> 					c_acctbal > 0.00
[32m(release)[0m> 					and substring(c_phone, 1, 2) in
[32m(release)[0m> 						('13', '31', '23', '29', '30', '18', '17')
[32m(release)[0m> 			)
[32m(release)[0m> 			and not exists (
[32m(release)[0m> 				select
[32m(release)[0m> 					*
[32m(release)[0m> 				from
[32m(release)[0m> 					orders
[32m(release)[0m> 				where
[32m(release)[0m> 					o_custkey = c_custkey
[32m(release)[0m> 			)
[32m(release)[0m> 	) as custsale
[32m(release)[0m> group by
[32m(release)[0m> 	cntrycode
[32m(release)[0m> order by
[32m(release)[0m> 	cntrycode;
Greedy pick_runtime_exec_resource: local pool full, falling back to remote pool
VmRSS Change: 18446744073709551516 KB
===
7 rows total
Execution info: [PARSE: 65 µs 750 ns, SQL TRANSLATE: 97 µs 599 ns, OPTIMIZE: 666 µs 263 ns, LQP TRANSLATE: 56 µs 79 ns, EXECUTE: 552 ms 833 µs (wall time) | QUERY PLAN CACHE HITS: 0/1 statement(s)]
After reset, table use_count: 2
WARNING: Table still has 1 other owner(s) after pipeline reset!
Executing script file done
$:hsh clear_plan_caches
Cleared PQP and LQP caches
$:hsh clear_pipeline
Released last SQLPipeline
$:hsh reset_exec_pools
Reset execution pools (2, 3) bump pointers to start
$:hsh mem_usage
------------------------------------------
Memory Usage Statistics:
VmSize:	327413976 kB
VmRSS:	102417104 kB
0: MemResourceStatus {MigratedColumnsAggregate,18446744073709551615,63469016785,52888587462,52888587462,0,0,N/A}
MemResourceStatus {NumaMonotonicResource,3,53687091200,0,0,0,1,0}
MemResourceStatus {NumaMonotonicResource,2,53687091200,0,0,0,0,0}
0: MemResourceStatus {MemManagerAggregate,18446744073709551615,53687091200,0,0,0,0,N/A}
1: MemResourceStatus {MemManagerAggregate,18446744073709551615,53687091200,0,0,0,1,N/A}
MemResourceStatus {DefaultResource,18446744073709551615,18446744073709551615,18446744069992734019,60455899246,0,-1,N/A}
Quick Memory Usage Overview:
Used Capacity: 52888587462, 0
------------------------------------------
Label set to d1000000000000_tf1000000000000_q2
$:hsh clear_plan_caches
Cleared PQP and LQP caches
$:hsh clear_pipeline
Released last SQLPipeline
$:hsh reset_exec_pools
Reset execution pools (2, 3) bump pointers to start
$:hsh mem_usage
------------------------------------------
Memory Usage Statistics:
VmSize:	327413976 kB
VmRSS:	102417104 kB
0: MemResourceStatus {MigratedColumnsAggregate,18446744073709551615,63469016785,52888587462,52888587462,0,0,N/A}
MemResourceStatus {NumaMonotonicResource,3,53687091200,0,0,0,1,0}
MemResourceStatus {NumaMonotonicResource,2,53687091200,0,0,0,0,0}
0: MemResourceStatus {MemManagerAggregate,18446744073709551615,53687091200,0,0,0,0,N/A}
1: MemResourceStatus {MemManagerAggregate,18446744073709551615,53687091200,0,0,0,1,N/A}
MemResourceStatus {DefaultResource,18446744073709551615,18446744073709551615,18446744069992734019,60455899246,0,-1,N/A}
Quick Memory Usage Overview:
Used Capacity: 52888587462, 0
------------------------------------------
Executing script file: /home/umeshsum/tpch_queries/2.sql
[32m(release)[0m> select
[32m(release)[0m> 	s_acctbal,
[32m(release)[0m> 	s_name,
[32m(release)[0m> 	n_name,
[32m(release)[0m> 	p_partkey,
[32m(release)[0m> 	p_mfgr,
[32m(release)[0m> 	s_address,
[32m(release)[0m> 	s_phone,
[32m(release)[0m> 	s_comment
[32m(release)[0m> from
[32m(release)[0m> 	part,
[32m(release)[0m> 	supplier,
[32m(release)[0m> 	partsupp,
[32m(release)[0m> 	nation,
[32m(release)[0m> 	region
[32m(release)[0m> where
[32m(release)[0m> 	p_partkey = ps_partkey
[32m(release)[0m> 	and s_suppkey = ps_suppkey
[32m(release)[0m> 	and p_size = 15
[32m(release)[0m> 	and p_type like '%BRASS'
[32m(release)[0m> 	and s_nationkey = n_nationkey
[32m(release)[0m> 	and n_regionkey = r_regionkey
[32m(release)[0m> 	and r_name = 'EUROPE'
[32m(release)[0m> 	and ps_supplycost = (
[32m(release)[0m> 		select
[32m(release)[0m> 			min(ps_supplycost)
[32m(release)[0m> 		from
[32m(release)[0m> 			partsupp,
[32m(release)[0m> 			supplier,
[32m(release)[0m> 			nation,
[32m(release)[0m> 			region
[32m(release)[0m> 		where
[32m(release)[0m> 			p_partkey = ps_partkey
[32m(release)[0m> 			and s_suppkey = ps_suppkey
[32m(release)[0m> 			and s_nationkey = n_nationkey
[32m(release)[0m> 			and n_regionkey = r_regionkey
[32m(release)[0m> 			and r_name = 'EUROPE'
[32m(release)[0m> 	)
[32m(release)[0m> order by
[32m(release)[0m> 	s_acctbal desc,
[32m(release)[0m> 	n_name,
[32m(release)[0m> 	s_name,
[32m(release)[0m> 	p_partkey;
VmRSS Change: 804 KB
===
23639 rows total
Execution info: [PARSE: 66 µs 369 ns, SQL TRANSLATE: 277 µs 817 ns, OPTIMIZE: 11 ms 247 µs, LQP TRANSLATE: 344 µs 956 ns, EXECUTE: 79 ms 139 µs (wall time) | QUERY PLAN CACHE HITS: 0/1 statement(s)]
After reset, table use_count: 2
WARNING: Table still has 1 other owner(s) after pipeline reset!
Executing script file done
$:hsh clear_plan_caches
Cleared PQP and LQP caches
$:hsh clear_pipeline
Released last SQLPipeline
$:hsh reset_exec_pools
Reset execution pools (2, 3) bump pointers to start
$:hsh mem_usage
------------------------------------------
Memory Usage Statistics:
VmSize:	327413976 kB
VmRSS:	102417924 kB
0: MemResourceStatus {MigratedColumnsAggregate,18446744073709551615,63469016785,52888587462,52888587462,0,0,N/A}
MemResourceStatus {NumaMonotonicResource,3,53687091200,0,0,0,1,0}
MemResourceStatus {NumaMonotonicResource,2,53687091200,0,0,0,0,0}
0: MemResourceStatus {MemManagerAggregate,18446744073709551615,53687091200,0,0,0,0,N/A}
1: MemResourceStatus {MemManagerAggregate,18446744073709551615,53687091200,0,0,0,1,N/A}
MemResourceStatus {DefaultResource,18446744073709551615,18446744073709551615,18446744069992734019,60455899246,0,-1,N/A}
Quick Memory Usage Overview:
Used Capacity: 52888587462, 0
------------------------------------------
Executing script file: /home/umeshsum/tpch_queries/2.sql
[32m(release)[0m> select
[32m(release)[0m> 	s_acctbal,
[32m(release)[0m> 	s_name,
[32m(release)[0m> 	n_name,
[32m(release)[0m> 	p_partkey,
[32m(release)[0m> 	p_mfgr,
[32m(release)[0m> 	s_address,
[32m(release)[0m> 	s_phone,
[32m(release)[0m> 	s_comment
[32m(release)[0m> from
[32m(release)[0m> 	part,
[32m(release)[0m> 	supplier,
[32m(release)[0m> 	partsupp,
[32m(release)[0m> 	nation,
[32m(release)[0m> 	region
[32m(release)[0m> where
[32m(release)[0m> 	p_partkey = ps_partkey
[32m(release)[0m> 	and s_suppkey = ps_suppkey
[32m(release)[0m> 	and p_size = 15
[32m(release)[0m> 	and p_type like '%BRASS'
[32m(release)[0m> 	and s_nationkey = n_nationkey
[32m(release)[0m> 	and n_regionkey = r_regionkey
[32m(release)[0m> 	and r_name = 'EUROPE'
[32m(release)[0m> 	and ps_supplycost = (
[32m(release)[0m> 		select
[32m(release)[0m> 			min(ps_supplycost)
[32m(release)[0m> 		from
[32m(release)[0m> 			partsupp,
[32m(release)[0m> 			supplier,
[32m(release)[0m> 			nation,
[32m(release)[0m> 			region
[32m(release)[0m> 		where
[32m(release)[0m> 			p_partkey = ps_partkey
[32m(release)[0m> 			and s_suppkey = ps_suppkey
[32m(release)[0m> 			and s_nationkey = n_nationkey
[32m(release)[0m> 			and n_regionkey = r_regionkey
[32m(release)[0m> 			and r_name = 'EUROPE'
[32m(release)[0m> 	)
[32m(release)[0m> order by
[32m(release)[0m> 	s_acctbal desc,
[32m(release)[0m> 	n_name,
[32m(release)[0m> 	s_name,
[32m(release)[0m> 	p_partkey;
VmRSS Change: 688 KB
===
23639 rows total
Execution info: [PARSE: 54 µs 59 ns, SQL TRANSLATE: 194 µs 118 ns, OPTIMIZE: 8 ms 199 µs, LQP TRANSLATE: 245 µs 647 ns, EXECUTE: 82 ms 369 µs (wall time) | QUERY PLAN CACHE HITS: 0/1 statement(s)]
After reset, table use_count: 2
WARNING: Table still has 1 other owner(s) after pipeline reset!
Executing script file done
$:hsh clear_plan_caches
Cleared PQP and LQP caches
$:hsh clear_pipeline
Released last SQLPipeline
$:hsh reset_exec_pools
Reset execution pools (2, 3) bump pointers to start
$:hsh mem_usage
------------------------------------------
Memory Usage Statistics:
VmSize:	327413976 kB
VmRSS:	102418624 kB
0: MemResourceStatus {MigratedColumnsAggregate,18446744073709551615,63469016785,52888587462,52888587462,0,0,N/A}
MemResourceStatus {NumaMonotonicResource,3,53687091200,0,0,0,1,0}
MemResourceStatus {NumaMonotonicResource,2,53687091200,0,0,0,0,0}
0: MemResourceStatus {MemManagerAggregate,18446744073709551615,53687091200,0,0,0,0,N/A}
1: MemResourceStatus {MemManagerAggregate,18446744073709551615,53687091200,0,0,0,1,N/A}
MemResourceStatus {DefaultResource,18446744073709551615,18446744073709551615,18446744069992734019,60455899246,0,-1,N/A}
Quick Memory Usage Overview:
Used Capacity: 52888587462, 0
------------------------------------------
Executing script file: /home/umeshsum/tpch_queries/2.sql
[32m(release)[0m> select
[32m(release)[0m> 	s_acctbal,
[32m(release)[0m> 	s_name,
[32m(release)[0m> 	n_name,
[32m(release)[0m> 	p_partkey,
[32m(release)[0m> 	p_mfgr,
[32m(release)[0m> 	s_address,
[32m(release)[0m> 	s_phone,
[32m(release)[0m> 	s_comment
[32m(release)[0m> from
[32m(release)[0m> 	part,
[32m(release)[0m> 	supplier,
[32m(release)[0m> 	partsupp,
[32m(release)[0m> 	nation,
[32m(release)[0m> 	region
[32m(release)[0m> where
[32m(release)[0m> 	p_partkey = ps_partkey
[32m(release)[0m> 	and s_suppkey = ps_suppkey
[32m(release)[0m> 	and p_size = 15
[32m(release)[0m> 	and p_type like '%BRASS'
[32m(release)[0m> 	and s_nationkey = n_nationkey
[32m(release)[0m> 	and n_regionkey = r_regionkey
[32m(release)[0m> 	and r_name = 'EUROPE'
[32m(release)[0m> 	and ps_supplycost = (
[32m(release)[0m> 		select
[32m(release)[0m> 			min(ps_supplycost)
[32m(release)[0m> 		from
[32m(release)[0m> 			partsupp,
[32m(release)[0m> 			supplier,
[32m(release)[0m> 			nation,
[32m(release)[0m> 			region
[32m(release)[0m> 		where
[32m(release)[0m> 			p_partkey = ps_partkey
[32m(release)[0m> 			and s_suppkey = ps_suppkey
[32m(release)[0m> 			and s_nationkey = n_nationkey
[32m(release)[0m> 			and n_regionkey = r_regionkey
[32m(release)[0m> 			and r_name = 'EUROPE'
[32m(release)[0m> 	)
[32m(release)[0m> order by
[32m(release)[0m> 	s_acctbal desc,
[32m(release)[0m> 	n_name,
[32m(release)[0m> 	s_name,
[32m(release)[0m> 	p_partkey;
VmRSS Change: 732 KB
===
23639 rows total
Execution info: [PARSE: 68 µs 600 ns, SQL TRANSLATE: 246 µs 277 ns, OPTIMIZE: 11 ms 0 µs, LQP TRANSLATE: 332 µs 546 ns, EXECUTE: 82 ms 776 µs (wall time) | QUERY PLAN CACHE HITS: 0/1 statement(s)]
After reset, table use_count: 2
WARNING: Table still has 1 other owner(s) after pipeline reset!
Executing script file done
$:hsh clear_plan_caches
Cleared PQP and LQP caches
$:hsh clear_pipeline
Released last SQLPipeline
$:hsh reset_exec_pools
Reset execution pools (2, 3) bump pointers to start
$:hsh mem_usage
------------------------------------------
Memory Usage Statistics:
VmSize:	327413976 kB
VmRSS:	102419360 kB
0: MemResourceStatus {MigratedColumnsAggregate,18446744073709551615,63469016785,52888587462,52888587462,0,0,N/A}
MemResourceStatus {NumaMonotonicResource,3,53687091200,0,0,0,1,0}
MemResourceStatus {NumaMonotonicResource,2,53687091200,0,0,0,0,0}
0: MemResourceStatus {MemManagerAggregate,18446744073709551615,53687091200,0,0,0,0,N/A}
1: MemResourceStatus {MemManagerAggregate,18446744073709551615,53687091200,0,0,0,1,N/A}
MemResourceStatus {DefaultResource,18446744073709551615,18446744073709551615,18446744069992734019,60455899246,0,-1,N/A}
Quick Memory Usage Overview:
Used Capacity: 52888587462, 0
------------------------------------------
Executing script file: /home/umeshsum/tpch_queries/2.sql
[32m(release)[0m> select
[32m(release)[0m> 	s_acctbal,
[32m(release)[0m> 	s_name,
[32m(release)[0m> 	n_name,
[32m(release)[0m> 	p_partkey,
[32m(release)[0m> 	p_mfgr,
[32m(release)[0m> 	s_address,
[32m(release)[0m> 	s_phone,
[32m(release)[0m> 	s_comment
[32m(release)[0m> from
[32m(release)[0m> 	part,
[32m(release)[0m> 	supplier,
[32m(release)[0m> 	partsupp,
[32m(release)[0m> 	nation,
[32m(release)[0m> 	region
[32m(release)[0m> where
[32m(release)[0m> 	p_partkey = ps_partkey
[32m(release)[0m> 	and s_suppkey = ps_suppkey
[32m(release)[0m> 	and p_size = 15
[32m(release)[0m> 	and p_type like '%BRASS'
[32m(release)[0m> 	and s_nationkey = n_nationkey
[32m(release)[0m> 	and n_regionkey = r_regionkey
[32m(release)[0m> 	and r_name = 'EUROPE'
[32m(release)[0m> 	and ps_supplycost = (
[32m(release)[0m> 		select
[32m(release)[0m> 			min(ps_supplycost)
[32m(release)[0m> 		from
[32m(release)[0m> 			partsupp,
[32m(release)[0m> 			supplier,
[32m(release)[0m> 			nation,
[32m(release)[0m> 			region
[32m(release)[0m> 		where
[32m(release)[0m> 			p_partkey = ps_partkey
[32m(release)[0m> 			and s_suppkey = ps_suppkey
[32m(release)[0m> 			and s_nationkey = n_nationkey
[32m(release)[0m> 			and n_regionkey = r_regionkey
[32m(release)[0m> 			and r_name = 'EUROPE'
[32m(release)[0m> 	)
[32m(release)[0m> order by
[32m(release)[0m> 	s_acctbal desc,
[32m(release)[0m> 	n_name,
[32m(release)[0m> 	s_name,
[32m(release)[0m> 	p_partkey;
VmRSS Change: 564 KB
===
23639 rows total
Execution info: [PARSE: 71 µs 649 ns, SQL TRANSLATE: 237 µs 127 ns, OPTIMIZE: 11 ms 25 µs, LQP TRANSLATE: 332 µs 687 ns, EXECUTE: 84 ms 342 µs (wall time) | QUERY PLAN CACHE HITS: 0/1 statement(s)]
After reset, table use_count: 2
WARNING: Table still has 1 other owner(s) after pipeline reset!
Executing script file done
$:hsh clear_plan_caches
Cleared PQP and LQP caches
$:hsh clear_pipeline
Released last SQLPipeline
$:hsh reset_exec_pools
Reset execution pools (2, 3) bump pointers to start
$:hsh mem_usage
------------------------------------------
Memory Usage Statistics:
VmSize:	327413976 kB
VmRSS:	102419948 kB
0: MemResourceStatus {MigratedColumnsAggregate,18446744073709551615,63469016785,52888587462,52888587462,0,0,N/A}
MemResourceStatus {NumaMonotonicResource,3,53687091200,0,0,0,1,0}
MemResourceStatus {NumaMonotonicResource,2,53687091200,0,0,0,0,0}
0: MemResourceStatus {MemManagerAggregate,18446744073709551615,53687091200,0,0,0,0,N/A}
1: MemResourceStatus {MemManagerAggregate,18446744073709551615,53687091200,0,0,0,1,N/A}
MemResourceStatus {DefaultResource,18446744073709551615,18446744073709551615,18446744069992734019,60455899246,0,-1,N/A}
Quick Memory Usage Overview:
Used Capacity: 52888587462, 0
------------------------------------------
Executing script file: /home/umeshsum/tpch_queries/2.sql
[32m(release)[0m> select
[32m(release)[0m> 	s_acctbal,
[32m(release)[0m> 	s_name,
[32m(release)[0m> 	n_name,
[32m(release)[0m> 	p_partkey,
[32m(release)[0m> 	p_mfgr,
[32m(release)[0m> 	s_address,
[32m(release)[0m> 	s_phone,
[32m(release)[0m> 	s_comment
[32m(release)[0m> from
[32m(release)[0m> 	part,
[32m(release)[0m> 	supplier,
[32m(release)[0m> 	partsupp,
[32m(release)[0m> 	nation,
[32m(release)[0m> 	region
[32m(release)[0m> where
[32m(release)[0m> 	p_partkey = ps_partkey
[32m(release)[0m> 	and s_suppkey = ps_suppkey
[32m(release)[0m> 	and p_size = 15
[32m(release)[0m> 	and p_type like '%BRASS'
[32m(release)[0m> 	and s_nationkey = n_nationkey
[32m(release)[0m> 	and n_regionkey = r_regionkey
[32m(release)[0m> 	and r_name = 'EUROPE'
[32m(release)[0m> 	and ps_supplycost = (
[32m(release)[0m> 		select
[32m(release)[0m> 			min(ps_supplycost)
[32m(release)[0m> 		from
[32m(release)[0m> 			partsupp,
[32m(release)[0m> 			supplier,
[32m(release)[0m> 			nation,
[32m(release)[0m> 			region
[32m(release)[0m> 		where
[32m(release)[0m> 			p_partkey = ps_partkey
[32m(release)[0m> 			and s_suppkey = ps_suppkey
[32m(release)[0m> 			and s_nationkey = n_nationkey
[32m(release)[0m> 			and n_regionkey = r_regionkey
[32m(release)[0m> 			and r_name = 'EUROPE'
[32m(release)[0m> 	)
[32m(release)[0m> order by
[32m(release)[0m> 	s_acctbal desc,
[32m(release)[0m> 	n_name,
[32m(release)[0m> 	s_name,
[32m(release)[0m> 	p_partkey;
VmRSS Change: 36 KB
===
23639 rows total
Execution info: [PARSE: 77 µs 289 ns, SQL TRANSLATE: 270 µs 147 ns, OPTIMIZE: 12 ms 206 µs, LQP TRANSLATE: 366 µs 296 ns, EXECUTE: 81 ms 398 µs (wall time) | QUERY PLAN CACHE HITS: 0/1 statement(s)]
After reset, table use_count: 2
WARNING: Table still has 1 other owner(s) after pipeline reset!
Executing script file done
$:hsh clear_plan_caches
Cleared PQP and LQP caches
$:hsh clear_pipeline
Released last SQLPipeline
$:hsh reset_exec_pools
Reset execution pools (2, 3) bump pointers to start
$:hsh mem_usage
------------------------------------------
Memory Usage Statistics:
VmSize:	327413976 kB
VmRSS:	102419988 kB
0: MemResourceStatus {MigratedColumnsAggregate,18446744073709551615,63469016785,52888587462,52888587462,0,0,N/A}
MemResourceStatus {NumaMonotonicResource,3,53687091200,0,0,0,1,0}
MemResourceStatus {NumaMonotonicResource,2,53687091200,0,0,0,0,0}
0: MemResourceStatus {MemManagerAggregate,18446744073709551615,53687091200,0,0,0,0,N/A}
1: MemResourceStatus {MemManagerAggregate,18446744073709551615,53687091200,0,0,0,1,N/A}
MemResourceStatus {DefaultResource,18446744073709551615,18446744073709551615,18446744069992734019,60455899246,0,-1,N/A}
Quick Memory Usage Overview:
Used Capacity: 52888587462, 0
------------------------------------------
Executing script file: /home/umeshsum/tpch_queries/2.sql
[32m(release)[0m> select
[32m(release)[0m> 	s_acctbal,
[32m(release)[0m> 	s_name,
[32m(release)[0m> 	n_name,
[32m(release)[0m> 	p_partkey,
[32m(release)[0m> 	p_mfgr,
[32m(release)[0m> 	s_address,
[32m(release)[0m> 	s_phone,
[32m(release)[0m> 	s_comment
[32m(release)[0m> from
[32m(release)[0m> 	part,
[32m(release)[0m> 	supplier,
[32m(release)[0m> 	partsupp,
[32m(release)[0m> 	nation,
[32m(release)[0m> 	region
[32m(release)[0m> where
[32m(release)[0m> 	p_partkey = ps_partkey
[32m(release)[0m> 	and s_suppkey = ps_suppkey
[32m(release)[0m> 	and p_size = 15
[32m(release)[0m> 	and p_type like '%BRASS'
[32m(release)[0m> 	and s_nationkey = n_nationkey
[32m(release)[0m> 	and n_regionkey = r_regionkey
[32m(release)[0m> 	and r_name = 'EUROPE'
[32m(release)[0m> 	and ps_supplycost = (
[32m(release)[0m> 		select
[32m(release)[0m> 			min(ps_supplycost)
[32m(release)[0m> 		from
[32m(release)[0m> 			partsupp,
[32m(release)[0m> 			supplier,
[32m(release)[0m> 			nation,
[32m(release)[0m> 			region
[32m(release)[0m> 		where
[32m(release)[0m> 			p_partkey = ps_partkey
[32m(release)[0m> 			and s_suppkey = ps_suppkey
[32m(release)[0m> 			and s_nationkey = n_nationkey
[32m(release)[0m> 			and n_regionkey = r_regionkey
[32m(release)[0m> 			and r_name = 'EUROPE'
[32m(release)[0m> 	)
[32m(release)[0m> order by
[32m(release)[0m> 	s_acctbal desc,
[32m(release)[0m> 	n_name,
[32m(release)[0m> 	s_name,
[32m(release)[0m> 	p_partkey;
VmRSS Change: 692 KB
===
23639 rows total
Execution info: [PARSE: 69 µs 689 ns, SQL TRANSLATE: 228 µs 928 ns, OPTIMIZE: 11 ms 40 µs, LQP TRANSLATE: 327 µs 407 ns, EXECUTE: 86 ms 559 µs (wall time) | QUERY PLAN CACHE HITS: 0/1 statement(s)]
After reset, table use_count: 2
WARNING: Table still has 1 other owner(s) after pipeline reset!
Executing script file done
$:hsh clear_plan_caches
Cleared PQP and LQP caches
$:hsh clear_pipeline
Released last SQLPipeline
$:hsh reset_exec_pools
Reset execution pools (2, 3) bump pointers to start
$:hsh mem_usage
------------------------------------------
Memory Usage Statistics:
VmSize:	327413976 kB
VmRSS:	102420680 kB
0: MemResourceStatus {MigratedColumnsAggregate,18446744073709551615,63469016785,52888587462,52888587462,0,0,N/A}
MemResourceStatus {NumaMonotonicResource,3,53687091200,0,0,0,1,0}
MemResourceStatus {NumaMonotonicResource,2,53687091200,0,0,0,0,0}
0: MemResourceStatus {MemManagerAggregate,18446744073709551615,53687091200,0,0,0,0,N/A}
1: MemResourceStatus {MemManagerAggregate,18446744073709551615,53687091200,0,0,0,1,N/A}
MemResourceStatus {DefaultResource,18446744073709551615,18446744073709551615,18446744069992734019,60455899246,0,-1,N/A}
Quick Memory Usage Overview:
Used Capacity: 52888587462, 0
------------------------------------------
Executing script file: /home/umeshsum/tpch_queries/2.sql
[32m(release)[0m> select
[32m(release)[0m> 	s_acctbal,
[32m(release)[0m> 	s_name,
[32m(release)[0m> 	n_name,
[32m(release)[0m> 	p_partkey,
[32m(release)[0m> 	p_mfgr,
[32m(release)[0m> 	s_address,
[32m(release)[0m> 	s_phone,
[32m(release)[0m> 	s_comment
[32m(release)[0m> from
[32m(release)[0m> 	part,
[32m(release)[0m> 	supplier,
[32m(release)[0m> 	partsupp,
[32m(release)[0m> 	nation,
[32m(release)[0m> 	region
[32m(release)[0m> where
[32m(release)[0m> 	p_partkey = ps_partkey
[32m(release)[0m> 	and s_suppkey = ps_suppkey
[32m(release)[0m> 	and p_size = 15
[32m(release)[0m> 	and p_type like '%BRASS'
[32m(release)[0m> 	and s_nationkey = n_nationkey
[32m(release)[0m> 	and n_regionkey = r_regionkey
[32m(release)[0m> 	and r_name = 'EUROPE'
[32m(release)[0m> 	and ps_supplycost = (
[32m(release)[0m> 		select
[32m(release)[0m> 			min(ps_supplycost)
[32m(release)[0m> 		from
[32m(release)[0m> 			partsupp,
[32m(release)[0m> 			supplier,
[32m(release)[0m> 			nation,
[32m(release)[0m> 			region
[32m(release)[0m> 		where
[32m(release)[0m> 			p_partkey = ps_partkey
[32m(release)[0m> 			and s_suppkey = ps_suppkey
[32m(release)[0m> 			and s_nationkey = n_nationkey
[32m(release)[0m> 			and n_regionkey = r_regionkey
[32m(release)[0m> 			and r_name = 'EUROPE'
[32m(release)[0m> 	)
[32m(release)[0m> order by
[32m(release)[0m> 	s_acctbal desc,
[32m(release)[0m> 	n_name,
[32m(release)[0m> 	s_name,
[32m(release)[0m> 	p_partkey;
VmRSS Change: 672 KB
===
23639 rows total
Execution info: [PARSE: 71 µs 700 ns, SQL TRANSLATE: 230 µs 388 ns, OPTIMIZE: 11 ms 55 µs, LQP TRANSLATE: 328 µs 37 ns, EXECUTE: 87 ms 361 µs (wall time) | QUERY PLAN CACHE HITS: 0/1 statement(s)]
After reset, table use_count: 2
WARNING: Table still has 1 other owner(s) after pipeline reset!
Executing script file done
$:hsh clear_plan_caches
Cleared PQP and LQP caches
$:hsh clear_pipeline
Released last SQLPipeline
$:hsh reset_exec_pools
Reset execution pools (2, 3) bump pointers to start
$:hsh mem_usage
------------------------------------------
Memory Usage Statistics:
VmSize:	327413976 kB
VmRSS:	102421352 kB
0: MemResourceStatus {MigratedColumnsAggregate,18446744073709551615,63469016785,52888587462,52888587462,0,0,N/A}
MemResourceStatus {NumaMonotonicResource,3,53687091200,0,0,0,1,0}
MemResourceStatus {NumaMonotonicResource,2,53687091200,0,0,0,0,0}
0: MemResourceStatus {MemManagerAggregate,18446744073709551615,53687091200,0,0,0,0,N/A}
1: MemResourceStatus {MemManagerAggregate,18446744073709551615,53687091200,0,0,0,1,N/A}
MemResourceStatus {DefaultResource,18446744073709551615,18446744073709551615,18446744069992734019,60455899246,0,-1,N/A}
Quick Memory Usage Overview:
Used Capacity: 52888587462, 0
------------------------------------------
Executing script file: /home/umeshsum/tpch_queries/2.sql
[32m(release)[0m> select
[32m(release)[0m> 	s_acctbal,
[32m(release)[0m> 	s_name,
[32m(release)[0m> 	n_name,
[32m(release)[0m> 	p_partkey,
[32m(release)[0m> 	p_mfgr,
[32m(release)[0m> 	s_address,
[32m(release)[0m> 	s_phone,
[32m(release)[0m> 	s_comment
[32m(release)[0m> from
[32m(release)[0m> 	part,
[32m(release)[0m> 	supplier,
[32m(release)[0m> 	partsupp,
[32m(release)[0m> 	nation,
[32m(release)[0m> 	region
[32m(release)[0m> where
[32m(release)[0m> 	p_partkey = ps_partkey
[32m(release)[0m> 	and s_suppkey = ps_suppkey
[32m(release)[0m> 	and p_size = 15
[32m(release)[0m> 	and p_type like '%BRASS'
[32m(release)[0m> 	and s_nationkey = n_nationkey
[32m(release)[0m> 	and n_regionkey = r_regionkey
[32m(release)[0m> 	and r_name = 'EUROPE'
[32m(release)[0m> 	and ps_supplycost = (
[32m(release)[0m> 		select
[32m(release)[0m> 			min(ps_supplycost)
[32m(release)[0m> 		from
[32m(release)[0m> 			partsupp,
[32m(release)[0m> 			supplier,
[32m(release)[0m> 			nation,
[32m(release)[0m> 			region
[32m(release)[0m> 		where
[32m(release)[0m> 			p_partkey = ps_partkey
[32m(release)[0m> 			and s_suppkey = ps_suppkey
[32m(release)[0m> 			and s_nationkey = n_nationkey
[32m(release)[0m> 			and n_regionkey = r_regionkey
[32m(release)[0m> 			and r_name = 'EUROPE'
[32m(release)[0m> 	)
[32m(release)[0m> order by
[32m(release)[0m> 	s_acctbal desc,
[32m(release)[0m> 	n_name,
[32m(release)[0m> 	s_name,
[32m(release)[0m> 	p_partkey;
VmRSS Change: 20 KB
===
23639 rows total
Execution info: [PARSE: 77 µs 199 ns, SQL TRANSLATE: 266 µs 857 ns, OPTIMIZE: 12 ms 200 µs, LQP TRANSLATE: 362 µs 886 ns, EXECUTE: 91 ms 580 µs (wall time) | QUERY PLAN CACHE HITS: 0/1 statement(s)]
After reset, table use_count: 2
WARNING: Table still has 1 other owner(s) after pipeline reset!
Executing script file done
$:hsh clear_plan_caches
Cleared PQP and LQP caches
$:hsh clear_pipeline
Released last SQLPipeline
$:hsh reset_exec_pools
Reset execution pools (2, 3) bump pointers to start
$:hsh mem_usage
------------------------------------------
Memory Usage Statistics:
VmSize:	327413976 kB
VmRSS:	102421372 kB
0: MemResourceStatus {MigratedColumnsAggregate,18446744073709551615,63469016785,52888587462,52888587462,0,0,N/A}
MemResourceStatus {NumaMonotonicResource,3,53687091200,0,0,0,1,0}
MemResourceStatus {NumaMonotonicResource,2,53687091200,0,0,0,0,0}
0: MemResourceStatus {MemManagerAggregate,18446744073709551615,53687091200,0,0,0,0,N/A}
1: MemResourceStatus {MemManagerAggregate,18446744073709551615,53687091200,0,0,0,1,N/A}
MemResourceStatus {DefaultResource,18446744073709551615,18446744073709551615,18446744069992734019,60455899246,0,-1,N/A}
Quick Memory Usage Overview:
Used Capacity: 52888587462, 0
------------------------------------------
Executing script file: /home/umeshsum/tpch_queries/2.sql
[32m(release)[0m> select
[32m(release)[0m> 	s_acctbal,
[32m(release)[0m> 	s_name,
[32m(release)[0m> 	n_name,
[32m(release)[0m> 	p_partkey,
[32m(release)[0m> 	p_mfgr,
[32m(release)[0m> 	s_address,
[32m(release)[0m> 	s_phone,
[32m(release)[0m> 	s_comment
[32m(release)[0m> from
[32m(release)[0m> 	part,
[32m(release)[0m> 	supplier,
[32m(release)[0m> 	partsupp,
[32m(release)[0m> 	nation,
[32m(release)[0m> 	region
[32m(release)[0m> where
[32m(release)[0m> 	p_partkey = ps_partkey
[32m(release)[0m> 	and s_suppkey = ps_suppkey
[32m(release)[0m> 	and p_size = 15
[32m(release)[0m> 	and p_type like '%BRASS'
[32m(release)[0m> 	and s_nationkey = n_nationkey
[32m(release)[0m> 	and n_regionkey = r_regionkey
[32m(release)[0m> 	and r_name = 'EUROPE'
[32m(release)[0m> 	and ps_supplycost = (
[32m(release)[0m> 		select
[32m(release)[0m> 			min(ps_supplycost)
[32m(release)[0m> 		from
[32m(release)[0m> 			partsupp,
[32m(release)[0m> 			supplier,
[32m(release)[0m> 			nation,
[32m(release)[0m> 			region
[32m(release)[0m> 		where
[32m(release)[0m> 			p_partkey = ps_partkey
[32m(release)[0m> 			and s_suppkey = ps_suppkey
[32m(release)[0m> 			and s_nationkey = n_nationkey
[32m(release)[0m> 			and n_regionkey = r_regionkey
[32m(release)[0m> 			and r_name = 'EUROPE'
[32m(release)[0m> 	)
[32m(release)[0m> order by
[32m(release)[0m> 	s_acctbal desc,
[32m(release)[0m> 	n_name,
[32m(release)[0m> 	s_name,
[32m(release)[0m> 	p_partkey;
VmRSS Change: 18446744073709551572 KB
===
23639 rows total
Execution info: [PARSE: 74 µs 619 ns, SQL TRANSLATE: 240 µs 817 ns, OPTIMIZE: 10 ms 913 µs, LQP TRANSLATE: 321 µs 567 ns, EXECUTE: 85 ms 4 µs (wall time) | QUERY PLAN CACHE HITS: 0/1 statement(s)]
After reset, table use_count: 2
WARNING: Table still has 1 other owner(s) after pipeline reset!
Executing script file done
$:hsh clear_plan_caches
Cleared PQP and LQP caches
$:hsh clear_pipeline
Released last SQLPipeline
$:hsh reset_exec_pools
Reset execution pools (2, 3) bump pointers to start
$:hsh mem_usage
------------------------------------------
Memory Usage Statistics:
VmSize:	327413976 kB
VmRSS:	102421328 kB
0: MemResourceStatus {MigratedColumnsAggregate,18446744073709551615,63469016785,52888587462,52888587462,0,0,N/A}
MemResourceStatus {NumaMonotonicResource,3,53687091200,0,0,0,1,0}
MemResourceStatus {NumaMonotonicResource,2,53687091200,0,0,0,0,0}
0: MemResourceStatus {MemManagerAggregate,18446744073709551615,53687091200,0,0,0,0,N/A}
1: MemResourceStatus {MemManagerAggregate,18446744073709551615,53687091200,0,0,0,1,N/A}
MemResourceStatus {DefaultResource,18446744073709551615,18446744073709551615,18446744069992734019,60455899246,0,-1,N/A}
Quick Memory Usage Overview:
Used Capacity: 52888587462, 0
------------------------------------------
Executing script file: /home/umeshsum/tpch_queries/2.sql
[32m(release)[0m> select
[32m(release)[0m> 	s_acctbal,
[32m(release)[0m> 	s_name,
[32m(release)[0m> 	n_name,
[32m(release)[0m> 	p_partkey,
[32m(release)[0m> 	p_mfgr,
[32m(release)[0m> 	s_address,
[32m(release)[0m> 	s_phone,
[32m(release)[0m> 	s_comment
[32m(release)[0m> from
[32m(release)[0m> 	part,
[32m(release)[0m> 	supplier,
[32m(release)[0m> 	partsupp,
[32m(release)[0m> 	nation,
[32m(release)[0m> 	region
[32m(release)[0m> where
[32m(release)[0m> 	p_partkey = ps_partkey
[32m(release)[0m> 	and s_suppkey = ps_suppkey
[32m(release)[0m> 	and p_size = 15
[32m(release)[0m> 	and p_type like '%BRASS'
[32m(release)[0m> 	and s_nationkey = n_nationkey
[32m(release)[0m> 	and n_regionkey = r_regionkey
[32m(release)[0m> 	and r_name = 'EUROPE'
[32m(release)[0m> 	and ps_supplycost = (
[32m(release)[0m> 		select
[32m(release)[0m> 			min(ps_supplycost)
[32m(release)[0m> 		from
[32m(release)[0m> 			partsupp,
[32m(release)[0m> 			supplier,
[32m(release)[0m> 			nation,
[32m(release)[0m> 			region
[32m(release)[0m> 		where
[32m(release)[0m> 			p_partkey = ps_partkey
[32m(release)[0m> 			and s_suppkey = ps_suppkey
[32m(release)[0m> 			and s_nationkey = n_nationkey
[32m(release)[0m> 			and n_regionkey = r_regionkey
[32m(release)[0m> 			and r_name = 'EUROPE'
[32m(release)[0m> 	)
[32m(release)[0m> order by
[32m(release)[0m> 	s_acctbal desc,
[32m(release)[0m> 	n_name,
[32m(release)[0m> 	s_name,
[32m(release)[0m> 	p_partkey;
VmRSS Change: 18446744073709551224 KB
===
23639 rows total
Execution info: [PARSE: 68 µs 210 ns, SQL TRANSLATE: 249 µs 277 ns, OPTIMIZE: 10 ms 971 µs, LQP TRANSLATE: 319 µs 297 ns, EXECUTE: 83 ms 828 µs (wall time) | QUERY PLAN CACHE HITS: 0/1 statement(s)]
After reset, table use_count: 2
WARNING: Table still has 1 other owner(s) after pipeline reset!
Executing script file done
$:hsh clear_plan_caches
Cleared PQP and LQP caches
$:hsh clear_pipeline
Released last SQLPipeline
$:hsh reset_exec_pools
Reset execution pools (2, 3) bump pointers to start
$:hsh mem_usage
------------------------------------------
Memory Usage Statistics:
VmSize:	327413976 kB
VmRSS:	102420936 kB
0: MemResourceStatus {MigratedColumnsAggregate,18446744073709551615,63469016785,52888587462,52888587462,0,0,N/A}
MemResourceStatus {NumaMonotonicResource,3,53687091200,0,0,0,1,0}
MemResourceStatus {NumaMonotonicResource,2,53687091200,0,0,0,0,0}
0: MemResourceStatus {MemManagerAggregate,18446744073709551615,53687091200,0,0,0,0,N/A}
1: MemResourceStatus {MemManagerAggregate,18446744073709551615,53687091200,0,0,0,1,N/A}
MemResourceStatus {DefaultResource,18446744073709551615,18446744073709551615,18446744069992734019,60455899246,0,-1,N/A}
Quick Memory Usage Overview:
Used Capacity: 52888587462, 0
------------------------------------------
Label set to d1000000000000_tf1000000000000_q3
$:hsh clear_plan_caches
Cleared PQP and LQP caches
$:hsh clear_pipeline
Released last SQLPipeline
$:hsh reset_exec_pools
Reset execution pools (2, 3) bump pointers to start
$:hsh mem_usage
------------------------------------------
Memory Usage Statistics:
VmSize:	327413976 kB
VmRSS:	102420936 kB
0: MemResourceStatus {MigratedColumnsAggregate,18446744073709551615,63469016785,52888587462,52888587462,0,0,N/A}
MemResourceStatus {NumaMonotonicResource,3,53687091200,0,0,0,1,0}
MemResourceStatus {NumaMonotonicResource,2,53687091200,0,0,0,0,0}
0: MemResourceStatus {MemManagerAggregate,18446744073709551615,53687091200,0,0,0,0,N/A}
1: MemResourceStatus {MemManagerAggregate,18446744073709551615,53687091200,0,0,0,1,N/A}
MemResourceStatus {DefaultResource,18446744073709551615,18446744073709551615,18446744069992734019,60455899246,0,-1,N/A}
Quick Memory Usage Overview:
Used Capacity: 52888587462, 0
------------------------------------------
Executing script file: /home/umeshsum/tpch_queries/3.sql
[32m(release)[0m> select
[32m(release)[0m> 	l_orderkey,
[32m(release)[0m> 	sum(l_extendedprice * (1 - l_discount)) as revenue,
[32m(release)[0m> 	o_orderdate,
[32m(release)[0m> 	o_shippriority
[32m(release)[0m> from
[32m(release)[0m> 	customer,
[32m(release)[0m> 	orders,
[32m(release)[0m> 	lineitem
[32m(release)[0m> where
[32m(release)[0m> 	c_mktsegment = 'BUILDING'
[32m(release)[0m> 	and c_custkey = o_custkey
[32m(release)[0m> 	and l_orderkey = o_orderkey
[32m(release)[0m> 	and o_orderdate < date '1995-03-15'
[32m(release)[0m> 	and l_shipdate > date '1995-03-15'
[32m(release)[0m> group by
[32m(release)[0m> 	l_orderkey,
[32m(release)[0m> 	o_orderdate,
[32m(release)[0m> 	o_shippriority
[32m(release)[0m> order by
[32m(release)[0m> 	revenue desc,
[32m(release)[0m> 	o_orderdate;
Greedy pick_runtime_exec_resource: local pool full, falling back to remote pool
Greedy pick_runtime_exec_resource: local pool full, falling back to remote pool
Greedy pick_runtime_exec_resource: local pool full, falling back to remote pool
Greedy pick_runtime_exec_resource: local pool full, falling back to remote pool
VmRSS Change: 156948 KB
===
566035 rows total
Execution info: [PARSE: 55 µs 69 ns, SQL TRANSLATE: 190 µs 408 ns, OPTIMIZE: 14 ms 512 µs, LQP TRANSLATE: 190 µs 208 ns, EXECUTE: 1 s 951 ms (wall time) | QUERY PLAN CACHE HITS: 0/1 statement(s)]
After reset, table use_count: 2
WARNING: Table still has 1 other owner(s) after pipeline reset!
Executing script file done
$:hsh clear_plan_caches
Cleared PQP and LQP caches
$:hsh clear_pipeline
Released last SQLPipeline
$:hsh reset_exec_pools
Reset execution pools (2, 3) bump pointers to start
$:hsh mem_usage
------------------------------------------
Memory Usage Statistics:
VmSize:	327413976 kB
VmRSS:	102577172 kB
0: MemResourceStatus {MigratedColumnsAggregate,18446744073709551615,63469016785,52888587462,52888587462,0,0,N/A}
MemResourceStatus {NumaMonotonicResource,3,53687091200,0,0,0,1,0}
MemResourceStatus {NumaMonotonicResource,2,53687091200,0,0,0,0,0}
0: MemResourceStatus {MemManagerAggregate,18446744073709551615,53687091200,0,0,0,0,N/A}
1: MemResourceStatus {MemManagerAggregate,18446744073709551615,53687091200,0,0,0,1,N/A}
MemResourceStatus {DefaultResource,18446744073709551615,18446744073709551615,18446744069992734019,60455899246,0,-1,N/A}
Quick Memory Usage Overview:
Used Capacity: 52888587462, 0
------------------------------------------
Executing script file: /home/umeshsum/tpch_queries/3.sql
[32m(release)[0m> select
[32m(release)[0m> 	l_orderkey,
[32m(release)[0m> 	sum(l_extendedprice * (1 - l_discount)) as revenue,
[32m(release)[0m> 	o_orderdate,
[32m(release)[0m> 	o_shippriority
[32m(release)[0m> from
[32m(release)[0m> 	customer,
[32m(release)[0m> 	orders,
[32m(release)[0m> 	lineitem
[32m(release)[0m> where
[32m(release)[0m> 	c_mktsegment = 'BUILDING'
[32m(release)[0m> 	and c_custkey = o_custkey
[32m(release)[0m> 	and l_orderkey = o_orderkey
[32m(release)[0m> 	and o_orderdate < date '1995-03-15'
[32m(release)[0m> 	and l_shipdate > date '1995-03-15'
[32m(release)[0m> group by
[32m(release)[0m> 	l_orderkey,
[32m(release)[0m> 	o_orderdate,
[32m(release)[0m> 	o_shippriority
[32m(release)[0m> order by
[32m(release)[0m> 	revenue desc,
[32m(release)[0m> 	o_orderdate;
Greedy pick_runtime_exec_resource: local pool full, falling back to remote pool
Greedy pick_runtime_exec_resource: local pool full, falling back to remote pool
Greedy pick_runtime_exec_resource: local pool full, falling back to remote pool
Greedy pick_runtime_exec_resource: local pool full, falling back to remote pool
Greedy pick_runtime_exec_resource: local pool full, falling back to remote pool
Greedy pick_runtime_exec_resource: local pool full, falling back to remote pool
Greedy pick_runtime_exec_resource: local pool full, falling back to remote pool
Greedy pick_runtime_exec_resource: local pool full, falling back to remote pool
VmRSS Change: 848 KB
===
566035 rows total
Execution info: [PARSE: 57 µs 649 ns, SQL TRANSLATE: 183 µs 168 ns, OPTIMIZE: 8 ms 376 µs, LQP TRANSLATE: 174 µs 718 ns, EXECUTE: 1 s 926 ms (wall time) | QUERY PLAN CACHE HITS: 0/1 statement(s)]
After reset, table use_count: 2
WARNING: Table still has 1 other owner(s) after pipeline reset!
Executing script file done
$:hsh clear_plan_caches
Cleared PQP and LQP caches
$:hsh clear_pipeline
Released last SQLPipeline
$:hsh reset_exec_pools
Reset execution pools (2, 3) bump pointers to start
$:hsh mem_usage
------------------------------------------
Memory Usage Statistics:
VmSize:	327413976 kB
VmRSS:	102577884 kB
0: MemResourceStatus {MigratedColumnsAggregate,18446744073709551615,63469016785,52888587462,52888587462,0,0,N/A}
MemResourceStatus {NumaMonotonicResource,3,53687091200,0,0,0,1,0}
MemResourceStatus {NumaMonotonicResource,2,53687091200,0,0,0,0,0}
0: MemResourceStatus {MemManagerAggregate,18446744073709551615,53687091200,0,0,0,0,N/A}
1: MemResourceStatus {MemManagerAggregate,18446744073709551615,53687091200,0,0,0,1,N/A}
MemResourceStatus {DefaultResource,18446744073709551615,18446744073709551615,18446744069992734019,60455899246,0,-1,N/A}
Quick Memory Usage Overview:
Used Capacity: 52888587462, 0
------------------------------------------
Executing script file: /home/umeshsum/tpch_queries/3.sql
[32m(release)[0m> select
[32m(release)[0m> 	l_orderkey,
[32m(release)[0m> 	sum(l_extendedprice * (1 - l_discount)) as revenue,
[32m(release)[0m> 	o_orderdate,
[32m(release)[0m> 	o_shippriority
[32m(release)[0m> from
[32m(release)[0m> 	customer,
[32m(release)[0m> 	orders,
[32m(release)[0m> 	lineitem
[32m(release)[0m> where
[32m(release)[0m> 	c_mktsegment = 'BUILDING'
[32m(release)[0m> 	and c_custkey = o_custkey
[32m(release)[0m> 	and l_orderkey = o_orderkey
[32m(release)[0m> 	and o_orderdate < date '1995-03-15'
[32m(release)[0m> 	and l_shipdate > date '1995-03-15'
[32m(release)[0m> group by
[32m(release)[0m> 	l_orderkey,
[32m(release)[0m> 	o_orderdate,
[32m(release)[0m> 	o_shippriority
[32m(release)[0m> order by
[32m(release)[0m> 	revenue desc,
[32m(release)[0m> 	o_orderdate;
Greedy pick_runtime_exec_resource: local pool full, falling back to remote pool
Greedy pick_runtime_exec_resource: local pool full, falling back to remote pool
Greedy pick_runtime_exec_resource: local pool full, falling back to remote pool
Greedy pick_runtime_exec_resource: local pool full, falling back to remote pool
Greedy pick_runtime_exec_resource: local pool full, falling back to remote pool
Greedy pick_runtime_exec_resource: local pool full, falling back to remote pool
Greedy pick_runtime_exec_resource: local pool full, falling back to remote pool
Greedy pick_runtime_exec_resource: local pool full, falling back to remote pool
Greedy pick_runtime_exec_resource: local pool full, falling back to remote pool
VmRSS Change: 1460 KB
===
566035 rows total
Execution info: [PARSE: 55 µs 880 ns, SQL TRANSLATE: 184 µs 358 ns, OPTIMIZE: 9 ms 275 µs, LQP TRANSLATE: 175 µs 418 ns, EXECUTE: 1 s 892 ms (wall time) | QUERY PLAN CACHE HITS: 0/1 statement(s)]
After reset, table use_count: 2
WARNING: Table still has 1 other owner(s) after pipeline reset!
Executing script file done
$:hsh clear_plan_caches
Cleared PQP and LQP caches
$:hsh clear_pipeline
Released last SQLPipeline
$:hsh reset_exec_pools
Reset execution pools (2, 3) bump pointers to start
$:hsh mem_usage
------------------------------------------
Memory Usage Statistics:
VmSize:	327413976 kB
VmRSS:	102579292 kB
0: MemResourceStatus {MigratedColumnsAggregate,18446744073709551615,63469016785,52888587462,52888587462,0,0,N/A}
MemResourceStatus {NumaMonotonicResource,3,53687091200,0,0,0,1,0}
MemResourceStatus {NumaMonotonicResource,2,53687091200,0,0,0,0,0}
0: MemResourceStatus {MemManagerAggregate,18446744073709551615,53687091200,0,0,0,0,N/A}
1: MemResourceStatus {MemManagerAggregate,18446744073709551615,53687091200,0,0,0,1,N/A}
MemResourceStatus {DefaultResource,18446744073709551615,18446744073709551615,18446744069992734019,60455899246,0,-1,N/A}
Quick Memory Usage Overview:
Used Capacity: 52888587462, 0
------------------------------------------
Executing script file: /home/umeshsum/tpch_queries/3.sql
[32m(release)[0m> select
[32m(release)[0m> 	l_orderkey,
[32m(release)[0m> 	sum(l_extendedprice * (1 - l_discount)) as revenue,
[32m(release)[0m> 	o_orderdate,
[32m(release)[0m> 	o_shippriority
[32m(release)[0m> from
[32m(release)[0m> 	customer,
[32m(release)[0m> 	orders,
[32m(release)[0m> 	lineitem
[32m(release)[0m> where
[32m(release)[0m> 	c_mktsegment = 'BUILDING'
[32m(release)[0m> 	and c_custkey = o_custkey
[32m(release)[0m> 	and l_orderkey = o_orderkey
[32m(release)[0m> 	and o_orderdate < date '1995-03-15'
[32m(release)[0m> 	and l_shipdate > date '1995-03-15'
[32m(release)[0m> group by
[32m(release)[0m> 	l_orderkey,
[32m(release)[0m> 	o_orderdate,
[32m(release)[0m> 	o_shippriority
[32m(release)[0m> order by
[32m(release)[0m> 	revenue desc,
[32m(release)[0m> 	o_orderdate;
Greedy pick_runtime_exec_resource: local pool full, falling back to remote pool
Greedy pick_runtime_exec_resource: local pool full, falling back to remote pool
Greedy pick_runtime_exec_resource: local pool full, falling back to remote pool
Greedy pick_runtime_exec_resource: local pool full, falling back to remote pool
Greedy pick_runtime_exec_resource: local pool full, falling back to remote pool
Greedy pick_runtime_exec_resource: local pool full, falling back to remote pool
VmRSS Change: 12868 KB
===
566035 rows total
Execution info: [PARSE: 57 µs 190 ns, SQL TRANSLATE: 183 µs 58 ns, OPTIMIZE: 8 ms 428 µs, LQP TRANSLATE: 183 µs 558 ns, EXECUTE: 1 s 956 ms (wall time) | QUERY PLAN CACHE HITS: 0/1 statement(s)]
After reset, table use_count: 2
WARNING: Table still has 1 other owner(s) after pipeline reset!
Executing script file done
$:hsh clear_plan_caches
Cleared PQP and LQP caches
$:hsh clear_pipeline
Released last SQLPipeline
$:hsh reset_exec_pools
Reset execution pools (2, 3) bump pointers to start
$:hsh mem_usage
------------------------------------------
Memory Usage Statistics:
VmSize:	327413976 kB
VmRSS:	102591844 kB
0: MemResourceStatus {MigratedColumnsAggregate,18446744073709551615,63469016785,52888587462,52888587462,0,0,N/A}
MemResourceStatus {NumaMonotonicResource,3,53687091200,0,0,0,1,0}
MemResourceStatus {NumaMonotonicResource,2,53687091200,0,0,0,0,0}
0: MemResourceStatus {MemManagerAggregate,18446744073709551615,53687091200,0,0,0,0,N/A}
1: MemResourceStatus {MemManagerAggregate,18446744073709551615,53687091200,0,0,0,1,N/A}
MemResourceStatus {DefaultResource,18446744073709551615,18446744073709551615,18446744069992734019,60455899246,0,-1,N/A}
Quick Memory Usage Overview:
Used Capacity: 52888587462, 0
------------------------------------------
Executing script file: /home/umeshsum/tpch_queries/3.sql
[32m(release)[0m> select
[32m(release)[0m> 	l_orderkey,
[32m(release)[0m> 	sum(l_extendedprice * (1 - l_discount)) as revenue,
[32m(release)[0m> 	o_orderdate,
[32m(release)[0m> 	o_shippriority
[32m(release)[0m> from
[32m(release)[0m> 	customer,
[32m(release)[0m> 	orders,
[32m(release)[0m> 	lineitem
[32m(release)[0m> where
[32m(release)[0m> 	c_mktsegment = 'BUILDING'
[32m(release)[0m> 	and c_custkey = o_custkey
[32m(release)[0m> 	and l_orderkey = o_orderkey
[32m(release)[0m> 	and o_orderdate < date '1995-03-15'
[32m(release)[0m> 	and l_shipdate > date '1995-03-15'
[32m(release)[0m> group by
[32m(release)[0m> 	l_orderkey,
[32m(release)[0m> 	o_orderdate,
[32m(release)[0m> 	o_shippriority
[32m(release)[0m> order by
[32m(release)[0m> 	revenue desc,
[32m(release)[0m> 	o_orderdate;
Greedy pick_runtime_exec_resource: local pool full, falling back to remote pool
Greedy pick_runtime_exec_resource: local pool full, falling back to remote pool
Greedy pick_runtime_exec_resource: local pool full, falling back to remote pool
Greedy pick_runtime_exec_resource: local pool full, falling back to remote pool
Greedy pick_runtime_exec_resource: local pool full, falling back to remote pool
VmRSS Change: 532 KB
===
566035 rows total
Execution info: [PARSE: 45 µs 10 ns, SQL TRANSLATE: 180 µs 258 ns, OPTIMIZE: 7 ms 833 µs, LQP TRANSLATE: 198 µs 828 ns, EXECUTE: 1 s 877 ms (wall time) | QUERY PLAN CACHE HITS: 0/1 statement(s)]
After reset, table use_count: 2
WARNING: Table still has 1 other owner(s) after pipeline reset!
Executing script file done
$:hsh clear_plan_caches
Cleared PQP and LQP caches
$:hsh clear_pipeline
Released last SQLPipeline
$:hsh reset_exec_pools
Reset execution pools (2, 3) bump pointers to start
$:hsh mem_usage
------------------------------------------
Memory Usage Statistics:
VmSize:	327413976 kB
VmRSS:	102592304 kB
0: MemResourceStatus {MigratedColumnsAggregate,18446744073709551615,63469016785,52888587462,52888587462,0,0,N/A}
MemResourceStatus {NumaMonotonicResource,3,53687091200,0,0,0,1,0}
MemResourceStatus {NumaMonotonicResource,2,53687091200,0,0,0,0,0}
0: MemResourceStatus {MemManagerAggregate,18446744073709551615,53687091200,0,0,0,0,N/A}
1: MemResourceStatus {MemManagerAggregate,18446744073709551615,53687091200,0,0,0,1,N/A}
MemResourceStatus {DefaultResource,18446744073709551615,18446744073709551615,18446744069992734019,60455899246,0,-1,N/A}
Quick Memory Usage Overview:
Used Capacity: 52888587462, 0
------------------------------------------
Executing script file: /home/umeshsum/tpch_queries/3.sql
[32m(release)[0m> select
[32m(release)[0m> 	l_orderkey,
[32m(release)[0m> 	sum(l_extendedprice * (1 - l_discount)) as revenue,
[32m(release)[0m> 	o_orderdate,
[32m(release)[0m> 	o_shippriority
[32m(release)[0m> from
[32m(release)[0m> 	customer,
[32m(release)[0m> 	orders,
[32m(release)[0m> 	lineitem
[32m(release)[0m> where
[32m(release)[0m> 	c_mktsegment = 'BUILDING'
[32m(release)[0m> 	and c_custkey = o_custkey
[32m(release)[0m> 	and l_orderkey = o_orderkey
[32m(release)[0m> 	and o_orderdate < date '1995-03-15'
[32m(release)[0m> 	and l_shipdate > date '1995-03-15'
[32m(release)[0m> group by
[32m(release)[0m> 	l_orderkey,
[32m(release)[0m> 	o_orderdate,
[32m(release)[0m> 	o_shippriority
[32m(release)[0m> order by
[32m(release)[0m> 	revenue desc,
[32m(release)[0m> 	o_orderdate;
Greedy pick_runtime_exec_resource: local pool full, falling back to remote pool
Greedy pick_runtime_exec_resource: local pool full, falling back to remote pool
Greedy pick_runtime_exec_resource: local pool full, falling back to remote pool
Greedy pick_runtime_exec_resource: local pool full, falling back to remote pool
Greedy pick_runtime_exec_resource: local pool full, falling back to remote pool
VmRSS Change: 207980 KB
===
566035 rows total
Execution info: [PARSE: 56 µs 870 ns, SQL TRANSLATE: 180 µs 208 ns, OPTIMIZE: 8 ms 367 µs, LQP TRANSLATE: 174 µs 818 ns, EXECUTE: 1 s 786 ms (wall time) | QUERY PLAN CACHE HITS: 0/1 statement(s)]
After reset, table use_count: 2
WARNING: Table still has 1 other owner(s) after pipeline reset!
Executing script file done
$:hsh clear_plan_caches
Cleared PQP and LQP caches
$:hsh clear_pipeline
Released last SQLPipeline
$:hsh reset_exec_pools
Reset execution pools (2, 3) bump pointers to start
$:hsh mem_usage
------------------------------------------
Memory Usage Statistics:
VmSize:	327413976 kB
VmRSS:	102799508 kB
0: MemResourceStatus {MigratedColumnsAggregate,18446744073709551615,63469016785,52888587462,52888587462,0,0,N/A}
MemResourceStatus {NumaMonotonicResource,3,53687091200,0,0,0,1,0}
MemResourceStatus {NumaMonotonicResource,2,53687091200,0,0,0,0,0}
0: MemResourceStatus {MemManagerAggregate,18446744073709551615,53687091200,0,0,0,0,N/A}
1: MemResourceStatus {MemManagerAggregate,18446744073709551615,53687091200,0,0,0,1,N/A}
MemResourceStatus {DefaultResource,18446744073709551615,18446744073709551615,18446744069992734019,60455899246,0,-1,N/A}
Quick Memory Usage Overview:
Used Capacity: 52888587462, 0
------------------------------------------
Executing script file: /home/umeshsum/tpch_queries/3.sql
[32m(release)[0m> select
[32m(release)[0m> 	l_orderkey,
[32m(release)[0m> 	sum(l_extendedprice * (1 - l_discount)) as revenue,
[32m(release)[0m> 	o_orderdate,
[32m(release)[0m> 	o_shippriority
[32m(release)[0m> from
[32m(release)[0m> 	customer,
[32m(release)[0m> 	orders,
[32m(release)[0m> 	lineitem
[32m(release)[0m> where
[32m(release)[0m> 	c_mktsegment = 'BUILDING'
[32m(release)[0m> 	and c_custkey = o_custkey
[32m(release)[0m> 	and l_orderkey = o_orderkey
[32m(release)[0m> 	and o_orderdate < date '1995-03-15'
[32m(release)[0m> 	and l_shipdate > date '1995-03-15'
[32m(release)[0m> group by
[32m(release)[0m> 	l_orderkey,
[32m(release)[0m> 	o_orderdate,
[32m(release)[0m> 	o_shippriority
[32m(release)[0m> order by
[32m(release)[0m> 	revenue desc,
[32m(release)[0m> 	o_orderdate;
Greedy pick_runtime_exec_resource: local pool full, falling back to remote pool
Greedy pick_runtime_exec_resource: local pool full, falling back to remote pool
Greedy pick_runtime_exec_resource: local pool full, falling back to remote pool
Greedy pick_runtime_exec_resource: local pool full, falling back to remote pool
Greedy pick_runtime_exec_resource: local pool full, falling back to remote pool
Greedy pick_runtime_exec_resource: local pool full, falling back to remote pool
VmRSS Change: 18446744073709551104 KB
===
566035 rows total
Execution info: [PARSE: 106 µs 618 ns, SQL TRANSLATE: 182 µs 598 ns, OPTIMIZE: 8 ms 406 µs, LQP TRANSLATE: 176 µs 328 ns, EXECUTE: 1 s 899 ms (wall time) | QUERY PLAN CACHE HITS: 0/1 statement(s)]
After reset, table use_count: 2
WARNING: Table still has 1 other owner(s) after pipeline reset!
Executing script file done
$:hsh clear_plan_caches
Cleared PQP and LQP caches
$:hsh clear_pipeline
Released last SQLPipeline
$:hsh reset_exec_pools
Reset execution pools (2, 3) bump pointers to start
$:hsh mem_usage
------------------------------------------
Memory Usage Statistics:
VmSize:	327413976 kB
VmRSS:	102799000 kB
0: MemResourceStatus {MigratedColumnsAggregate,18446744073709551615,63469016785,52888587462,52888587462,0,0,N/A}
MemResourceStatus {NumaMonotonicResource,3,53687091200,0,0,0,1,0}
MemResourceStatus {NumaMonotonicResource,2,53687091200,0,0,0,0,0}
0: MemResourceStatus {MemManagerAggregate,18446744073709551615,53687091200,0,0,0,0,N/A}
1: MemResourceStatus {MemManagerAggregate,18446744073709551615,53687091200,0,0,0,1,N/A}
MemResourceStatus {DefaultResource,18446744073709551615,18446744073709551615,18446744069992734019,60455899246,0,-1,N/A}
Quick Memory Usage Overview:
Used Capacity: 52888587462, 0
------------------------------------------
Executing script file: /home/umeshsum/tpch_queries/3.sql
[32m(release)[0m> select
[32m(release)[0m> 	l_orderkey,
[32m(release)[0m> 	sum(l_extendedprice * (1 - l_discount)) as revenue,
[32m(release)[0m> 	o_orderdate,
[32m(release)[0m> 	o_shippriority
[32m(release)[0m> from
[32m(release)[0m> 	customer,
[32m(release)[0m> 	orders,
[32m(release)[0m> 	lineitem
[32m(release)[0m> where
[32m(release)[0m> 	c_mktsegment = 'BUILDING'
[32m(release)[0m> 	and c_custkey = o_custkey
[32m(release)[0m> 	and l_orderkey = o_orderkey
[32m(release)[0m> 	and o_orderdate < date '1995-03-15'
[32m(release)[0m> 	and l_shipdate > date '1995-03-15'
[32m(release)[0m> group by
[32m(release)[0m> 	l_orderkey,
[32m(release)[0m> 	o_orderdate,
[32m(release)[0m> 	o_shippriority
[32m(release)[0m> order by
[32m(release)[0m> 	revenue desc,
[32m(release)[0m> 	o_orderdate;
Greedy pick_runtime_exec_resource: local pool full, falling back to remote pool
Greedy pick_runtime_exec_resource: local pool full, falling back to remote pool
Greedy pick_runtime_exec_resource: local pool full, falling back to remote pool
Greedy pick_runtime_exec_resource: local pool full, falling back to remote pool
Greedy pick_runtime_exec_resource: local pool full, falling back to remote pool
VmRSS Change: 18446744073709538124 KB
===
566035 rows total
Execution info: [PARSE: 58 µs 799 ns, SQL TRANSLATE: 197 µs 358 ns, OPTIMIZE: 8 ms 439 µs, LQP TRANSLATE: 178 µs 678 ns, EXECUTE: 1 s 921 ms (wall time) | QUERY PLAN CACHE HITS: 0/1 statement(s)]
After reset, table use_count: 2
WARNING: Table still has 1 other owner(s) after pipeline reset!
Executing script file done
$:hsh clear_plan_caches
Cleared PQP and LQP caches
$:hsh clear_pipeline
Released last SQLPipeline
$:hsh reset_exec_pools
Reset execution pools (2, 3) bump pointers to start
$:hsh mem_usage
------------------------------------------
Memory Usage Statistics:
VmSize:	327413976 kB
VmRSS:	102785508 kB
0: MemResourceStatus {MigratedColumnsAggregate,18446744073709551615,63469016785,52888587462,52888587462,0,0,N/A}
MemResourceStatus {NumaMonotonicResource,3,53687091200,0,0,0,1,0}
MemResourceStatus {NumaMonotonicResource,2,53687091200,0,0,0,0,0}
0: MemResourceStatus {MemManagerAggregate,18446744073709551615,53687091200,0,0,0,0,N/A}
1: MemResourceStatus {MemManagerAggregate,18446744073709551615,53687091200,0,0,0,1,N/A}
MemResourceStatus {DefaultResource,18446744073709551615,18446744073709551615,18446744069992734019,60455899246,0,-1,N/A}
Quick Memory Usage Overview:
Used Capacity: 52888587462, 0
------------------------------------------
Executing script file: /home/umeshsum/tpch_queries/3.sql
[32m(release)[0m> select
[32m(release)[0m> 	l_orderkey,
[32m(release)[0m> 	sum(l_extendedprice * (1 - l_discount)) as revenue,
[32m(release)[0m> 	o_orderdate,
[32m(release)[0m> 	o_shippriority
[32m(release)[0m> from
[32m(release)[0m> 	customer,
[32m(release)[0m> 	orders,
[32m(release)[0m> 	lineitem
[32m(release)[0m> where
[32m(release)[0m> 	c_mktsegment = 'BUILDING'
[32m(release)[0m> 	and c_custkey = o_custkey
[32m(release)[0m> 	and l_orderkey = o_orderkey
[32m(release)[0m> 	and o_orderdate < date '1995-03-15'
[32m(release)[0m> 	and l_shipdate > date '1995-03-15'
[32m(release)[0m> group by
[32m(release)[0m> 	l_orderkey,
[32m(release)[0m> 	o_orderdate,
[32m(release)[0m> 	o_shippriority
[32m(release)[0m> order by
[32m(release)[0m> 	revenue desc,
[32m(release)[0m> 	o_orderdate;
Greedy pick_runtime_exec_resource: local pool full, falling back to remote pool
Greedy pick_runtime_exec_resource: local pool full, falling back to remote pool
Greedy pick_runtime_exec_resource: local pool full, falling back to remote pool
Greedy pick_runtime_exec_resource: local pool full, falling back to remote pool
Greedy pick_runtime_exec_resource: local pool full, falling back to remote pool
VmRSS Change: 13320 KB
===
566035 rows total
Execution info: [PARSE: 59 µs 199 ns, SQL TRANSLATE: 240 µs 268 ns, OPTIMIZE: 9 ms 567 µs, LQP TRANSLATE: 181 µs 239 ns, EXECUTE: 1 s 953 ms (wall time) | QUERY PLAN CACHE HITS: 0/1 statement(s)]
After reset, table use_count: 2
WARNING: Table still has 1 other owner(s) after pipeline reset!
Executing script file done
$:hsh clear_plan_caches
Cleared PQP and LQP caches
$:hsh clear_pipeline
Released last SQLPipeline
$:hsh reset_exec_pools
Reset execution pools (2, 3) bump pointers to start
$:hsh mem_usage
------------------------------------------
Memory Usage Statistics:
VmSize:	327413976 kB
VmRSS:	102798728 kB
0: MemResourceStatus {MigratedColumnsAggregate,18446744073709551615,63469016785,52888587462,52888587462,0,0,N/A}
MemResourceStatus {NumaMonotonicResource,3,53687091200,0,0,0,1,0}
MemResourceStatus {NumaMonotonicResource,2,53687091200,0,0,0,0,0}
0: MemResourceStatus {MemManagerAggregate,18446744073709551615,53687091200,0,0,0,0,N/A}
1: MemResourceStatus {MemManagerAggregate,18446744073709551615,53687091200,0,0,0,1,N/A}
MemResourceStatus {DefaultResource,18446744073709551615,18446744073709551615,18446744069992734019,60455899246,0,-1,N/A}
Quick Memory Usage Overview:
Used Capacity: 52888587462, 0
------------------------------------------
Executing script file: /home/umeshsum/tpch_queries/3.sql
[32m(release)[0m> select
[32m(release)[0m> 	l_orderkey,
[32m(release)[0m> 	sum(l_extendedprice * (1 - l_discount)) as revenue,
[32m(release)[0m> 	o_orderdate,
[32m(release)[0m> 	o_shippriority
[32m(release)[0m> from
[32m(release)[0m> 	customer,
[32m(release)[0m> 	orders,
[32m(release)[0m> 	lineitem
[32m(release)[0m> where
[32m(release)[0m> 	c_mktsegment = 'BUILDING'
[32m(release)[0m> 	and c_custkey = o_custkey
[32m(release)[0m> 	and l_orderkey = o_orderkey
[32m(release)[0m> 	and o_orderdate < date '1995-03-15'
[32m(release)[0m> 	and l_shipdate > date '1995-03-15'
[32m(release)[0m> group by
[32m(release)[0m> 	l_orderkey,
[32m(release)[0m> 	o_orderdate,
[32m(release)[0m> 	o_shippriority
[32m(release)[0m> order by
[32m(release)[0m> 	revenue desc,
[32m(release)[0m> 	o_orderdate;
Greedy pick_runtime_exec_resource: local pool full, falling back to remote pool
Greedy pick_runtime_exec_resource: local pool full, falling back to remote pool
Greedy pick_runtime_exec_resource: local pool full, falling back to remote pool
Greedy pick_runtime_exec_resource: local pool full, falling back to remote pool
Greedy pick_runtime_exec_resource: local pool full, falling back to remote pool
Greedy pick_runtime_exec_resource: local pool full, falling back to remote pool
Greedy pick_runtime_exec_resource: local pool full, falling back to remote pool
VmRSS Change: 18446744073709551552 KB
===
566035 rows total
Execution info: [PARSE: 58 µs 939 ns, SQL TRANSLATE: 185 µs 138 ns, OPTIMIZE: 8 ms 373 µs, LQP TRANSLATE: 180 µs 278 ns, EXECUTE: 1 s 884 ms (wall time) | QUERY PLAN CACHE HITS: 0/1 statement(s)]
After reset, table use_count: 2
WARNING: Table still has 1 other owner(s) after pipeline reset!
Executing script file done
$:hsh clear_plan_caches
Cleared PQP and LQP caches
$:hsh clear_pipeline
Released last SQLPipeline
$:hsh reset_exec_pools
Reset execution pools (2, 3) bump pointers to start
$:hsh mem_usage
------------------------------------------
Memory Usage Statistics:
VmSize:	327413976 kB
VmRSS:	102798676 kB
0: MemResourceStatus {MigratedColumnsAggregate,18446744073709551615,63469016785,52888587462,52888587462,0,0,N/A}
MemResourceStatus {NumaMonotonicResource,3,53687091200,0,0,0,1,0}
MemResourceStatus {NumaMonotonicResource,2,53687091200,0,0,0,0,0}
0: MemResourceStatus {MemManagerAggregate,18446744073709551615,53687091200,0,0,0,0,N/A}
1: MemResourceStatus {MemManagerAggregate,18446744073709551615,53687091200,0,0,0,1,N/A}
MemResourceStatus {DefaultResource,18446744073709551615,18446744073709551615,18446744069992734019,60455899246,0,-1,N/A}
Quick Memory Usage Overview:
Used Capacity: 52888587462, 0
------------------------------------------
Label set to d1000000000000_tf1000000000000_q4
$:hsh clear_plan_caches
Cleared PQP and LQP caches
$:hsh clear_pipeline
Released last SQLPipeline
$:hsh reset_exec_pools
Reset execution pools (2, 3) bump pointers to start
$:hsh mem_usage
------------------------------------------
Memory Usage Statistics:
VmSize:	327413976 kB
VmRSS:	102798676 kB
0: MemResourceStatus {MigratedColumnsAggregate,18446744073709551615,63469016785,52888587462,52888587462,0,0,N/A}
MemResourceStatus {NumaMonotonicResource,3,53687091200,0,0,0,1,0}
MemResourceStatus {NumaMonotonicResource,2,53687091200,0,0,0,0,0}
0: MemResourceStatus {MemManagerAggregate,18446744073709551615,53687091200,0,0,0,0,N/A}
1: MemResourceStatus {MemManagerAggregate,18446744073709551615,53687091200,0,0,0,1,N/A}
MemResourceStatus {DefaultResource,18446744073709551615,18446744073709551615,18446744069992734019,60455899246,0,-1,N/A}
Quick Memory Usage Overview:
Used Capacity: 52888587462, 0
------------------------------------------
Executing script file: /home/umeshsum/tpch_queries/4.sql
[32m(release)[0m> select
[32m(release)[0m> 	o_orderpriority,
[32m(release)[0m> 	count(*) as order_count
[32m(release)[0m> from
[32m(release)[0m> 	orders
[32m(release)[0m> where
[32m(release)[0m> 	o_orderdate >= date '1993-07-01'
[32m(release)[0m> 	and o_orderdate < date '1993-07-01' + interval '3' month
[32m(release)[0m> 	and exists (
[32m(release)[0m> 		select
[32m(release)[0m> 			*
[32m(release)[0m> 		from
[32m(release)[0m> 			lineitem
[32m(release)[0m> 		where
[32m(release)[0m> 			l_orderkey = o_orderkey
[32m(release)[0m> 			and l_commitdate < l_receiptdate
[32m(release)[0m> 	)
[32m(release)[0m> group by
[32m(release)[0m> 	o_orderpriority
[32m(release)[0m> order by
[32m(release)[0m> 	o_orderpriority;
Greedy pick_runtime_exec_resource: local pool full, falling back to remote pool
Greedy pick_runtime_exec_resource: local pool full, falling back to remote pool
Greedy pick_runtime_exec_resource: local pool full, falling back to remote pool
Greedy pick_runtime_exec_resource: local pool full, falling back to remote pool
Greedy pick_runtime_exec_resource: local pool full, falling back to remote pool
VmRSS Change: 18446744073709537616 KB
===
5 rows total
Execution info: [PARSE: 116 µs 699 ns, SQL TRANSLATE: 183 µs 898 ns, OPTIMIZE: 2 ms 111 µs, LQP TRANSLATE: 82 µs 729 ns, EXECUTE: 1 s 418 ms (wall time) | QUERY PLAN CACHE HITS: 0/1 statement(s)]
After reset, table use_count: 2
WARNING: Table still has 1 other owner(s) after pipeline reset!
Executing script file done
$:hsh clear_plan_caches
Cleared PQP and LQP caches
$:hsh clear_pipeline
Released last SQLPipeline
$:hsh reset_exec_pools
Reset execution pools (2, 3) bump pointers to start
$:hsh mem_usage
------------------------------------------
Memory Usage Statistics:
VmSize:	327413976 kB
VmRSS:	102784668 kB
0: MemResourceStatus {MigratedColumnsAggregate,18446744073709551615,63469016785,52888587462,52888587462,0,0,N/A}
MemResourceStatus {NumaMonotonicResource,3,53687091200,0,0,0,1,0}
MemResourceStatus {NumaMonotonicResource,2,53687091200,0,0,0,0,0}
0: MemResourceStatus {MemManagerAggregate,18446744073709551615,53687091200,0,0,0,0,N/A}
1: MemResourceStatus {MemManagerAggregate,18446744073709551615,53687091200,0,0,0,1,N/A}
MemResourceStatus {DefaultResource,18446744073709551615,18446744073709551615,18446744069992734019,60455899246,0,-1,N/A}
Quick Memory Usage Overview:
Used Capacity: 52888587462, 0
------------------------------------------
Executing script file: /home/umeshsum/tpch_queries/4.sql
[32m(release)[0m> select
[32m(release)[0m> 	o_orderpriority,
[32m(release)[0m> 	count(*) as order_count
[32m(release)[0m> from
[32m(release)[0m> 	orders
[32m(release)[0m> where
[32m(release)[0m> 	o_orderdate >= date '1993-07-01'
[32m(release)[0m> 	and o_orderdate < date '1993-07-01' + interval '3' month
[32m(release)[0m> 	and exists (
[32m(release)[0m> 		select
[32m(release)[0m> 			*
[32m(release)[0m> 		from
[32m(release)[0m> 			lineitem
[32m(release)[0m> 		where
[32m(release)[0m> 			l_orderkey = o_orderkey
[32m(release)[0m> 			and l_commitdate < l_receiptdate
[32m(release)[0m> 	)
[32m(release)[0m> group by
[32m(release)[0m> 	o_orderpriority
[32m(release)[0m> order by
[32m(release)[0m> 	o_orderpriority;
Greedy pick_runtime_exec_resource: local pool full, falling back to remote pool
Greedy pick_runtime_exec_resource: local pool full, falling back to remote pool
Greedy pick_runtime_exec_resource: local pool full, falling back to remote pool
Greedy pick_runtime_exec_resource: local pool full, falling back to remote pool
Greedy pick_runtime_exec_resource: local pool full, falling back to remote pool
VmRSS Change: 18446744073709538604 KB
===
5 rows total
Execution info: [PARSE: 56 µs 249 ns, SQL TRANSLATE: 201 µs 668 ns, OPTIMIZE: 2 ms 30 µs, LQP TRANSLATE: 80 µs 829 ns, EXECUTE: 1 s 405 ms (wall time) | QUERY PLAN CACHE HITS: 0/1 statement(s)]
After reset, table use_count: 2
WARNING: Table still has 1 other owner(s) after pipeline reset!
Executing script file done
$:hsh clear_plan_caches
Cleared PQP and LQP caches
$:hsh clear_pipeline
Released last SQLPipeline
$:hsh reset_exec_pools
Reset execution pools (2, 3) bump pointers to start
$:hsh mem_usage
------------------------------------------
Memory Usage Statistics:
VmSize:	327413976 kB
VmRSS:	102771640 kB
0: MemResourceStatus {MigratedColumnsAggregate,18446744073709551615,63469016785,52888587462,52888587462,0,0,N/A}
MemResourceStatus {NumaMonotonicResource,3,53687091200,0,0,0,1,0}
MemResourceStatus {NumaMonotonicResource,2,53687091200,0,0,0,0,0}
0: MemResourceStatus {MemManagerAggregate,18446744073709551615,53687091200,0,0,0,0,N/A}
1: MemResourceStatus {MemManagerAggregate,18446744073709551615,53687091200,0,0,0,1,N/A}
MemResourceStatus {DefaultResource,18446744073709551615,18446744073709551615,18446744069992734019,60455899246,0,-1,N/A}
Quick Memory Usage Overview:
Used Capacity: 52888587462, 0
------------------------------------------
Executing script file: /home/umeshsum/tpch_queries/4.sql
[32m(release)[0m> select
[32m(release)[0m> 	o_orderpriority,
[32m(release)[0m> 	count(*) as order_count
[32m(release)[0m> from
[32m(release)[0m> 	orders
[32m(release)[0m> where
[32m(release)[0m> 	o_orderdate >= date '1993-07-01'
[32m(release)[0m> 	and o_orderdate < date '1993-07-01' + interval '3' month
[32m(release)[0m> 	and exists (
[32m(release)[0m> 		select
[32m(release)[0m> 			*
[32m(release)[0m> 		from
[32m(release)[0m> 			lineitem
[32m(release)[0m> 		where
[32m(release)[0m> 			l_orderkey = o_orderkey
[32m(release)[0m> 			and l_commitdate < l_receiptdate
[32m(release)[0m> 	)
[32m(release)[0m> group by
[32m(release)[0m> 	o_orderpriority
[32m(release)[0m> order by
[32m(release)[0m> 	o_orderpriority;
Greedy pick_runtime_exec_resource: local pool full, falling back to remote pool
Greedy pick_runtime_exec_resource: local pool full, falling back to remote pool
Greedy pick_runtime_exec_resource: local pool full, falling back to remote pool
Greedy pick_runtime_exec_resource: local pool full, falling back to remote pool
VmRSS Change: 1740 KB
===
5 rows total
Execution info: [PARSE: 55 µs 50 ns, SQL TRANSLATE: 188 µs 148 ns, OPTIMIZE: 2 ms 65 µs, LQP TRANSLATE: 82 µs 360 ns, EXECUTE: 1 s 410 ms (wall time) | QUERY PLAN CACHE HITS: 0/1 statement(s)]
After reset, table use_count: 2
WARNING: Table still has 1 other owner(s) after pipeline reset!
Executing script file done
$:hsh clear_plan_caches
Cleared PQP and LQP caches
$:hsh clear_pipeline
Released last SQLPipeline
$:hsh reset_exec_pools
Reset execution pools (2, 3) bump pointers to start
$:hsh mem_usage
------------------------------------------
Memory Usage Statistics:
VmSize:	327413976 kB
VmRSS:	102773384 kB
0: MemResourceStatus {MigratedColumnsAggregate,18446744073709551615,63469016785,52888587462,52888587462,0,0,N/A}
MemResourceStatus {NumaMonotonicResource,3,53687091200,0,0,0,1,0}
MemResourceStatus {NumaMonotonicResource,2,53687091200,0,0,0,0,0}
0: MemResourceStatus {MemManagerAggregate,18446744073709551615,53687091200,0,0,0,0,N/A}
1: MemResourceStatus {MemManagerAggregate,18446744073709551615,53687091200,0,0,0,1,N/A}
MemResourceStatus {DefaultResource,18446744073709551615,18446744073709551615,18446744069992734019,60455899246,0,-1,N/A}
Quick Memory Usage Overview:
Used Capacity: 52888587462, 0
------------------------------------------
Executing script file: /home/umeshsum/tpch_queries/4.sql
[32m(release)[0m> select
[32m(release)[0m> 	o_orderpriority,
[32m(release)[0m> 	count(*) as order_count
[32m(release)[0m> from
[32m(release)[0m> 	orders
[32m(release)[0m> where
[32m(release)[0m> 	o_orderdate >= date '1993-07-01'
[32m(release)[0m> 	and o_orderdate < date '1993-07-01' + interval '3' month
[32m(release)[0m> 	and exists (
[32m(release)[0m> 		select
[32m(release)[0m> 			*
[32m(release)[0m> 		from
[32m(release)[0m> 			lineitem
[32m(release)[0m> 		where
[32m(release)[0m> 			l_orderkey = o_orderkey
[32m(release)[0m> 			and l_commitdate < l_receiptdate
[32m(release)[0m> 	)
[32m(release)[0m> group by
[32m(release)[0m> 	o_orderpriority
[32m(release)[0m> order by
[32m(release)[0m> 	o_orderpriority;
Greedy pick_runtime_exec_resource: local pool full, falling back to remote pool
Greedy pick_runtime_exec_resource: local pool full, falling back to remote pool
Greedy pick_runtime_exec_resource: local pool full, falling back to remote pool
Greedy pick_runtime_exec_resource: local pool full, falling back to remote pool
Greedy pick_runtime_exec_resource: local pool full, falling back to remote pool
VmRSS Change: 904 KB
===
5 rows total
Execution info: [PARSE: 52 µs 519 ns, SQL TRANSLATE: 194 µs 78 ns, OPTIMIZE: 2 ms 35 µs, LQP TRANSLATE: 81 µs 739 ns, EXECUTE: 1 s 408 ms (wall time) | QUERY PLAN CACHE HITS: 0/1 statement(s)]
After reset, table use_count: 2
WARNING: Table still has 1 other owner(s) after pipeline reset!
Executing script file done
$:hsh clear_plan_caches
Cleared PQP and LQP caches
$:hsh clear_pipeline
Released last SQLPipeline
$:hsh reset_exec_pools
Reset execution pools (2, 3) bump pointers to start
$:hsh mem_usage
------------------------------------------
Memory Usage Statistics:
VmSize:	327413976 kB
VmRSS:	102773136 kB
0: MemResourceStatus {MigratedColumnsAggregate,18446744073709551615,63469016785,52888587462,52888587462,0,0,N/A}
MemResourceStatus {NumaMonotonicResource,3,53687091200,0,0,0,1,0}
MemResourceStatus {NumaMonotonicResource,2,53687091200,0,0,0,0,0}
0: MemResourceStatus {MemManagerAggregate,18446744073709551615,53687091200,0,0,0,0,N/A}
1: MemResourceStatus {MemManagerAggregate,18446744073709551615,53687091200,0,0,0,1,N/A}
MemResourceStatus {DefaultResource,18446744073709551615,18446744073709551615,18446744069992734019,60455899246,0,-1,N/A}
Quick Memory Usage Overview:
Used Capacity: 52888587462, 0
------------------------------------------
Executing script file: /home/umeshsum/tpch_queries/4.sql
[32m(release)[0m> select
[32m(release)[0m> 	o_orderpriority,
[32m(release)[0m> 	count(*) as order_count
[32m(release)[0m> from
[32m(release)[0m> 	orders
[32m(release)[0m> where
[32m(release)[0m> 	o_orderdate >= date '1993-07-01'
[32m(release)[0m> 	and o_orderdate < date '1993-07-01' + interval '3' month
[32m(release)[0m> 	and exists (
[32m(release)[0m> 		select
[32m(release)[0m> 			*
[32m(release)[0m> 		from
[32m(release)[0m> 			lineitem
[32m(release)[0m> 		where
[32m(release)[0m> 			l_orderkey = o_orderkey
[32m(release)[0m> 			and l_commitdate < l_receiptdate
[32m(release)[0m> 	)
[32m(release)[0m> group by
[32m(release)[0m> 	o_orderpriority
[32m(release)[0m> order by
[32m(release)[0m> 	o_orderpriority;
Greedy pick_runtime_exec_resource: local pool full, falling back to remote pool
Greedy pick_runtime_exec_resource: local pool full, falling back to remote pool
Greedy pick_runtime_exec_resource: local pool full, falling back to remote pool
Greedy pick_runtime_exec_resource: local pool full, falling back to remote pool
Greedy pick_runtime_exec_resource: local pool full, falling back to remote pool
Greedy pick_runtime_exec_resource: local pool full, falling back to remote pool
VmRSS Change: 18446744073709551056 KB
===
5 rows total
Execution info: [PARSE: 59 µs 109 ns, SQL TRANSLATE: 195 µs 998 ns, OPTIMIZE: 2 ms 52 µs, LQP TRANSLATE: 83 µs 19 ns, EXECUTE: 1 s 415 ms (wall time) | QUERY PLAN CACHE HITS: 0/1 statement(s)]
After reset, table use_count: 2
WARNING: Table still has 1 other owner(s) after pipeline reset!
Executing script file done
$:hsh clear_plan_caches
Cleared PQP and LQP caches
$:hsh clear_pipeline
Released last SQLPipeline
$:hsh reset_exec_pools
Reset execution pools (2, 3) bump pointers to start
$:hsh mem_usage
------------------------------------------
Memory Usage Statistics:
VmSize:	327413976 kB
VmRSS:	102772560 kB
0: MemResourceStatus {MigratedColumnsAggregate,18446744073709551615,63469016785,52888587462,52888587462,0,0,N/A}
MemResourceStatus {NumaMonotonicResource,3,53687091200,0,0,0,1,0}
MemResourceStatus {NumaMonotonicResource,2,53687091200,0,0,0,0,0}
0: MemResourceStatus {MemManagerAggregate,18446744073709551615,53687091200,0,0,0,0,N/A}
1: MemResourceStatus {MemManagerAggregate,18446744073709551615,53687091200,0,0,0,1,N/A}
MemResourceStatus {DefaultResource,18446744073709551615,18446744073709551615,18446744069992734019,60455899246,0,-1,N/A}
Quick Memory Usage Overview:
Used Capacity: 52888587462, 0
------------------------------------------
Executing script file: /home/umeshsum/tpch_queries/4.sql
[32m(release)[0m> select
[32m(release)[0m> 	o_orderpriority,
[32m(release)[0m> 	count(*) as order_count
[32m(release)[0m> from
[32m(release)[0m> 	orders
[32m(release)[0m> where
[32m(release)[0m> 	o_orderdate >= date '1993-07-01'
[32m(release)[0m> 	and o_orderdate < date '1993-07-01' + interval '3' month
[32m(release)[0m> 	and exists (
[32m(release)[0m> 		select
[32m(release)[0m> 			*
[32m(release)[0m> 		from
[32m(release)[0m> 			lineitem
[32m(release)[0m> 		where
[32m(release)[0m> 			l_orderkey = o_orderkey
[32m(release)[0m> 			and l_commitdate < l_receiptdate
[32m(release)[0m> 	)
[32m(release)[0m> group by
[32m(release)[0m> 	o_orderpriority
[32m(release)[0m> order by
[32m(release)[0m> 	o_orderpriority;
Greedy pick_runtime_exec_resource: local pool full, falling back to remote pool
Greedy pick_runtime_exec_resource: local pool full, falling back to remote pool
Greedy pick_runtime_exec_resource: local pool full, falling back to remote pool
Greedy pick_runtime_exec_resource: local pool full, falling back to remote pool
Greedy pick_runtime_exec_resource: local pool full, falling back to remote pool
VmRSS Change: 392 KB
===
5 rows total
Execution info: [PARSE: 56 µs 160 ns, SQL TRANSLATE: 217 µs 388 ns, OPTIMIZE: 2 ms 83 µs, LQP TRANSLATE: 82 µs 299 ns, EXECUTE: 1 s 415 ms (wall time) | QUERY PLAN CACHE HITS: 0/1 statement(s)]
After reset, table use_count: 2
WARNING: Table still has 1 other owner(s) after pipeline reset!
Executing script file done
$:hsh clear_plan_caches
Cleared PQP and LQP caches
$:hsh clear_pipeline
Released last SQLPipeline
$:hsh reset_exec_pools
Reset execution pools (2, 3) bump pointers to start
$:hsh mem_usage
------------------------------------------
Memory Usage Statistics:
VmSize:	327413976 kB
VmRSS:	102772952 kB
0: MemResourceStatus {MigratedColumnsAggregate,18446744073709551615,63469016785,52888587462,52888587462,0,0,N/A}
MemResourceStatus {NumaMonotonicResource,3,53687091200,0,0,0,1,0}
MemResourceStatus {NumaMonotonicResource,2,53687091200,0,0,0,0,0}
0: MemResourceStatus {MemManagerAggregate,18446744073709551615,53687091200,0,0,0,0,N/A}
1: MemResourceStatus {MemManagerAggregate,18446744073709551615,53687091200,0,0,0,1,N/A}
MemResourceStatus {DefaultResource,18446744073709551615,18446744073709551615,18446744069992734019,60455899246,0,-1,N/A}
Quick Memory Usage Overview:
Used Capacity: 52888587462, 0
------------------------------------------
Executing script file: /home/umeshsum/tpch_queries/4.sql
[32m(release)[0m> select
[32m(release)[0m> 	o_orderpriority,
[32m(release)[0m> 	count(*) as order_count
[32m(release)[0m> from
[32m(release)[0m> 	orders
[32m(release)[0m> where
[32m(release)[0m> 	o_orderdate >= date '1993-07-01'
[32m(release)[0m> 	and o_orderdate < date '1993-07-01' + interval '3' month
[32m(release)[0m> 	and exists (
[32m(release)[0m> 		select
[32m(release)[0m> 			*
[32m(release)[0m> 		from
[32m(release)[0m> 			lineitem
[32m(release)[0m> 		where
[32m(release)[0m> 			l_orderkey = o_orderkey
[32m(release)[0m> 			and l_commitdate < l_receiptdate
[32m(release)[0m> 	)
[32m(release)[0m> group by
[32m(release)[0m> 	o_orderpriority
[32m(release)[0m> order by
[32m(release)[0m> 	o_orderpriority;
Greedy pick_runtime_exec_resource: local pool full, falling back to remote pool
VmRSS Change: 18446744073709549604 KB
===
5 rows total
Execution info: [PARSE: 71 µs 969 ns, SQL TRANSLATE: 226 µs 477 ns, OPTIMIZE: 2 ms 48 µs, LQP TRANSLATE: 83 µs 169 ns, EXECUTE: 1 s 401 ms (wall time) | QUERY PLAN CACHE HITS: 0/1 statement(s)]
After reset, table use_count: 2
WARNING: Table still has 1 other owner(s) after pipeline reset!
Executing script file done
$:hsh clear_plan_caches
Cleared PQP and LQP caches
$:hsh clear_pipeline
Released last SQLPipeline
$:hsh reset_exec_pools
Reset execution pools (2, 3) bump pointers to start
$:hsh mem_usage
------------------------------------------
Memory Usage Statistics:
VmSize:	327413976 kB
VmRSS:	102770932 kB
0: MemResourceStatus {MigratedColumnsAggregate,18446744073709551615,63469016785,52888587462,52888587462,0,0,N/A}
MemResourceStatus {NumaMonotonicResource,3,53687091200,0,0,0,1,0}
MemResourceStatus {NumaMonotonicResource,2,53687091200,0,0,0,0,0}
0: MemResourceStatus {MemManagerAggregate,18446744073709551615,53687091200,0,0,0,0,N/A}
1: MemResourceStatus {MemManagerAggregate,18446744073709551615,53687091200,0,0,0,1,N/A}
MemResourceStatus {DefaultResource,18446744073709551615,18446744073709551615,18446744069992734019,60455899246,0,-1,N/A}
Quick Memory Usage Overview:
Used Capacity: 52888587462, 0
------------------------------------------
Executing script file: /home/umeshsum/tpch_queries/4.sql
[32m(release)[0m> select
[32m(release)[0m> 	o_orderpriority,
[32m(release)[0m> 	count(*) as order_count
[32m(release)[0m> from
[32m(release)[0m> 	orders
[32m(release)[0m> where
[32m(release)[0m> 	o_orderdate >= date '1993-07-01'
[32m(release)[0m> 	and o_orderdate < date '1993-07-01' + interval '3' month
[32m(release)[0m> 	and exists (
[32m(release)[0m> 		select
[32m(release)[0m> 			*
[32m(release)[0m> 		from
[32m(release)[0m> 			lineitem
[32m(release)[0m> 		where
[32m(release)[0m> 			l_orderkey = o_orderkey
[32m(release)[0m> 			and l_commitdate < l_receiptdate
[32m(release)[0m> 	)
[32m(release)[0m> group by
[32m(release)[0m> 	o_orderpriority
[32m(release)[0m> order by
[32m(release)[0m> 	o_orderpriority;
Greedy pick_runtime_exec_resource: local pool full, falling back to remote pool
Greedy pick_runtime_exec_resource: local pool full, falling back to remote pool
Greedy pick_runtime_exec_resource: local pool full, falling back to remote pool
VmRSS Change: 18446744073709551588 KB
===
5 rows total
Execution info: [PARSE: 59 µs 710 ns, SQL TRANSLATE: 221 µs 658 ns, OPTIMIZE: 2 ms 85 µs, LQP TRANSLATE: 82 µs 439 ns, EXECUTE: 1 s 412 ms (wall time) | QUERY PLAN CACHE HITS: 0/1 statement(s)]
After reset, table use_count: 2
WARNING: Table still has 1 other owner(s) after pipeline reset!
Executing script file done
$:hsh clear_plan_caches
Cleared PQP and LQP caches
$:hsh clear_pipeline
Released last SQLPipeline
$:hsh reset_exec_pools
Reset execution pools (2, 3) bump pointers to start
$:hsh mem_usage
------------------------------------------
Memory Usage Statistics:
VmSize:	327413976 kB
VmRSS:	102770672 kB
0: MemResourceStatus {MigratedColumnsAggregate,18446744073709551615,63469016785,52888587462,52888587462,0,0,N/A}
MemResourceStatus {NumaMonotonicResource,3,53687091200,0,0,0,1,0}
MemResourceStatus {NumaMonotonicResource,2,53687091200,0,0,0,0,0}
0: MemResourceStatus {MemManagerAggregate,18446744073709551615,53687091200,0,0,0,0,N/A}
1: MemResourceStatus {MemManagerAggregate,18446744073709551615,53687091200,0,0,0,1,N/A}
MemResourceStatus {DefaultResource,18446744073709551615,18446744073709551615,18446744069992734019,60455899246,0,-1,N/A}
Quick Memory Usage Overview:
Used Capacity: 52888587462, 0
------------------------------------------
Executing script file: /home/umeshsum/tpch_queries/4.sql
[32m(release)[0m> select
[32m(release)[0m> 	o_orderpriority,
[32m(release)[0m> 	count(*) as order_count
[32m(release)[0m> from
[32m(release)[0m> 	orders
[32m(release)[0m> where
[32m(release)[0m> 	o_orderdate >= date '1993-07-01'
[32m(release)[0m> 	and o_orderdate < date '1993-07-01' + interval '3' month
[32m(release)[0m> 	and exists (
[32m(release)[0m> 		select
[32m(release)[0m> 			*
[32m(release)[0m> 		from
[32m(release)[0m> 			lineitem
[32m(release)[0m> 		where
[32m(release)[0m> 			l_orderkey = o_orderkey
[32m(release)[0m> 			and l_commitdate < l_receiptdate
[32m(release)[0m> 	)
[32m(release)[0m> group by
[32m(release)[0m> 	o_orderpriority
[32m(release)[0m> order by
[32m(release)[0m> 	o_orderpriority;
Greedy pick_runtime_exec_resource: local pool full, falling back to remote pool
Greedy pick_runtime_exec_resource: local pool full, falling back to remote pool
VmRSS Change: 724 KB
===
5 rows total
Execution info: [PARSE: 55 µs 420 ns, SQL TRANSLATE: 191 µs 228 ns, OPTIMIZE: 2 ms 77 µs, LQP TRANSLATE: 82 µs 729 ns, EXECUTE: 1 s 404 ms (wall time) | QUERY PLAN CACHE HITS: 0/1 statement(s)]
After reset, table use_count: 2
WARNING: Table still has 1 other owner(s) after pipeline reset!
Executing script file done
$:hsh clear_plan_caches
Cleared PQP and LQP caches
$:hsh clear_pipeline
Released last SQLPipeline
$:hsh reset_exec_pools
Reset execution pools (2, 3) bump pointers to start
$:hsh mem_usage
------------------------------------------
Memory Usage Statistics:
VmSize:	327413976 kB
VmRSS:	102771396 kB
0: MemResourceStatus {MigratedColumnsAggregate,18446744073709551615,63469016785,52888587462,52888587462,0,0,N/A}
MemResourceStatus {NumaMonotonicResource,3,53687091200,0,0,0,1,0}
MemResourceStatus {NumaMonotonicResource,2,53687091200,0,0,0,0,0}
0: MemResourceStatus {MemManagerAggregate,18446744073709551615,53687091200,0,0,0,0,N/A}
1: MemResourceStatus {MemManagerAggregate,18446744073709551615,53687091200,0,0,0,1,N/A}
MemResourceStatus {DefaultResource,18446744073709551615,18446744073709551615,18446744069992734019,60455899246,0,-1,N/A}
Quick Memory Usage Overview:
Used Capacity: 52888587462, 0
------------------------------------------
Executing script file: /home/umeshsum/tpch_queries/4.sql
[32m(release)[0m> select
[32m(release)[0m> 	o_orderpriority,
[32m(release)[0m> 	count(*) as order_count
[32m(release)[0m> from
[32m(release)[0m> 	orders
[32m(release)[0m> where
[32m(release)[0m> 	o_orderdate >= date '1993-07-01'
[32m(release)[0m> 	and o_orderdate < date '1993-07-01' + interval '3' month
[32m(release)[0m> 	and exists (
[32m(release)[0m> 		select
[32m(release)[0m> 			*
[32m(release)[0m> 		from
[32m(release)[0m> 			lineitem
[32m(release)[0m> 		where
[32m(release)[0m> 			l_orderkey = o_orderkey
[32m(release)[0m> 			and l_commitdate < l_receiptdate
[32m(release)[0m> 	)
[32m(release)[0m> group by
[32m(release)[0m> 	o_orderpriority
[32m(release)[0m> order by
[32m(release)[0m> 	o_orderpriority;
Greedy pick_runtime_exec_resource: local pool full, falling back to remote pool
Greedy pick_runtime_exec_resource: local pool full, falling back to remote pool
Greedy pick_runtime_exec_resource: local pool full, falling back to remote pool
Greedy pick_runtime_exec_resource: local pool full, falling back to remote pool
Greedy pick_runtime_exec_resource: local pool full, falling back to remote pool
VmRSS Change: 1368 KB
===
5 rows total
Execution info: [PARSE: 60 µs 650 ns, SQL TRANSLATE: 232 µs 127 ns, OPTIMIZE: 2 ms 98 µs, LQP TRANSLATE: 82 µs 220 ns, EXECUTE: 1 s 402 ms (wall time) | QUERY PLAN CACHE HITS: 0/1 statement(s)]
After reset, table use_count: 2
WARNING: Table still has 1 other owner(s) after pipeline reset!
Executing script file done
$:hsh clear_plan_caches
Cleared PQP and LQP caches
$:hsh clear_pipeline
Released last SQLPipeline
$:hsh reset_exec_pools
Reset execution pools (2, 3) bump pointers to start
$:hsh mem_usage
------------------------------------------
Memory Usage Statistics:
VmSize:	327413976 kB
VmRSS:	102772764 kB
0: MemResourceStatus {MigratedColumnsAggregate,18446744073709551615,63469016785,52888587462,52888587462,0,0,N/A}
MemResourceStatus {NumaMonotonicResource,3,53687091200,0,0,0,1,0}
MemResourceStatus {NumaMonotonicResource,2,53687091200,0,0,0,0,0}
0: MemResourceStatus {MemManagerAggregate,18446744073709551615,53687091200,0,0,0,0,N/A}
1: MemResourceStatus {MemManagerAggregate,18446744073709551615,53687091200,0,0,0,1,N/A}
MemResourceStatus {DefaultResource,18446744073709551615,18446744073709551615,18446744069992734019,60455899246,0,-1,N/A}
Quick Memory Usage Overview:
Used Capacity: 52888587462, 0
------------------------------------------
Label set to d1000000000000_tf1000000000000_q5
$:hsh clear_plan_caches
Cleared PQP and LQP caches
$:hsh clear_pipeline
Released last SQLPipeline
$:hsh reset_exec_pools
Reset execution pools (2, 3) bump pointers to start
$:hsh mem_usage
------------------------------------------
Memory Usage Statistics:
VmSize:	327413976 kB
VmRSS:	102772764 kB
0: MemResourceStatus {MigratedColumnsAggregate,18446744073709551615,63469016785,52888587462,52888587462,0,0,N/A}
MemResourceStatus {NumaMonotonicResource,3,53687091200,0,0,0,1,0}
MemResourceStatus {NumaMonotonicResource,2,53687091200,0,0,0,0,0}
0: MemResourceStatus {MemManagerAggregate,18446744073709551615,53687091200,0,0,0,0,N/A}
1: MemResourceStatus {MemManagerAggregate,18446744073709551615,53687091200,0,0,0,1,N/A}
MemResourceStatus {DefaultResource,18446744073709551615,18446744073709551615,18446744069992734019,60455899246,0,-1,N/A}
Quick Memory Usage Overview:
Used Capacity: 52888587462, 0
------------------------------------------
Executing script file: /home/umeshsum/tpch_queries/5.sql
[32m(release)[0m> select
[32m(release)[0m> 	n_name,
[32m(release)[0m> 	sum(l_extendedprice * (1 - l_discount)) as revenue
[32m(release)[0m> from
[32m(release)[0m> 	customer,
[32m(release)[0m> 	orders,
[32m(release)[0m> 	lineitem,
[32m(release)[0m> 	supplier,
[32m(release)[0m> 	nation,
[32m(release)[0m> 	region
[32m(release)[0m> where
[32m(release)[0m> 	c_custkey = o_custkey
[32m(release)[0m> 	and l_orderkey = o_orderkey
[32m(release)[0m> 	and l_suppkey = s_suppkey
[32m(release)[0m> 	and c_nationkey = s_nationkey
[32m(release)[0m> 	and s_nationkey = n_nationkey
[32m(release)[0m> 	and n_regionkey = r_regionkey
[32m(release)[0m> 	and r_name = 'ASIA'
[32m(release)[0m> 	and o_orderdate >= date '1994-01-01'
[32m(release)[0m> 	and o_orderdate < date '1994-01-01' + interval '1' year
[32m(release)[0m> group by
[32m(release)[0m> 	n_name
[32m(release)[0m> order by
[32m(release)[0m> 	revenue desc;
Greedy pick_runtime_exec_resource: local pool full, falling back to remote pool
Greedy pick_runtime_exec_resource: local pool full, falling back to remote pool
Greedy pick_runtime_exec_resource: local pool full, falling back to remote pool
Greedy pick_runtime_exec_resource: local pool full, falling back to remote pool
Greedy pick_runtime_exec_resource: local pool full, falling back to remote pool
VmRSS Change: 19084 KB
===
5 rows total
Execution info: [PARSE: 41 µs 429 ns, SQL TRANSLATE: 226 µs 398 ns, OPTIMIZE: 7 ms 605 µs, LQP TRANSLATE: 115 µs 979 ns, EXECUTE: 2 s 52 ms (wall time) | QUERY PLAN CACHE HITS: 0/1 statement(s)]
After reset, table use_count: 2
WARNING: Table still has 1 other owner(s) after pipeline reset!
Executing script file done
$:hsh clear_plan_caches
Cleared PQP and LQP caches
$:hsh clear_pipeline
Released last SQLPipeline
$:hsh reset_exec_pools
Reset execution pools (2, 3) bump pointers to start
$:hsh mem_usage
------------------------------------------
Memory Usage Statistics:
VmSize:	327413976 kB
VmRSS:	102792016 kB
0: MemResourceStatus {MigratedColumnsAggregate,18446744073709551615,63469016785,52888587462,52888587462,0,0,N/A}
MemResourceStatus {NumaMonotonicResource,3,53687091200,0,0,0,1,0}
MemResourceStatus {NumaMonotonicResource,2,53687091200,0,0,0,0,0}
0: MemResourceStatus {MemManagerAggregate,18446744073709551615,53687091200,0,0,0,0,N/A}
1: MemResourceStatus {MemManagerAggregate,18446744073709551615,53687091200,0,0,0,1,N/A}
MemResourceStatus {DefaultResource,18446744073709551615,18446744073709551615,18446744069992734019,60455899246,0,-1,N/A}
Quick Memory Usage Overview:
Used Capacity: 52888587462, 0
------------------------------------------
Executing script file: /home/umeshsum/tpch_queries/5.sql
[32m(release)[0m> select
[32m(release)[0m> 	n_name,
[32m(release)[0m> 	sum(l_extendedprice * (1 - l_discount)) as revenue
[32m(release)[0m> from
[32m(release)[0m> 	customer,
[32m(release)[0m> 	orders,
[32m(release)[0m> 	lineitem,
[32m(release)[0m> 	supplier,
[32m(release)[0m> 	nation,
[32m(release)[0m> 	region
[32m(release)[0m> where
[32m(release)[0m> 	c_custkey = o_custkey
[32m(release)[0m> 	and l_orderkey = o_orderkey
[32m(release)[0m> 	and l_suppkey = s_suppkey
[32m(release)[0m> 	and c_nationkey = s_nationkey
[32m(release)[0m> 	and s_nationkey = n_nationkey
[32m(release)[0m> 	and n_regionkey = r_regionkey
[32m(release)[0m> 	and r_name = 'ASIA'
[32m(release)[0m> 	and o_orderdate >= date '1994-01-01'
[32m(release)[0m> 	and o_orderdate < date '1994-01-01' + interval '1' year
[32m(release)[0m> group by
[32m(release)[0m> 	n_name
[32m(release)[0m> order by
[32m(release)[0m> 	revenue desc;
Greedy pick_runtime_exec_resource: local pool full, falling back to remote pool
Greedy pick_runtime_exec_resource: local pool full, falling back to remote pool
Greedy pick_runtime_exec_resource: local pool full, falling back to remote pool
Greedy pick_runtime_exec_resource: local pool full, falling back to remote pool
Greedy pick_runtime_exec_resource: local pool full, falling back to remote pool
Greedy pick_runtime_exec_resource: local pool full, falling back to remote pool
Greedy pick_runtime_exec_resource: local pool full, falling back to remote pool
VmRSS Change: 18446744073709549304 KB
===
5 rows total
Execution info: [PARSE: 35 µs 230 ns, SQL TRANSLATE: 121 µs 699 ns, OPTIMIZE: 7 ms 440 µs, LQP TRANSLATE: 110 µs 938 ns, EXECUTE: 2 s 63 ms (wall time) | QUERY PLAN CACHE HITS: 0/1 statement(s)]
After reset, table use_count: 2
WARNING: Table still has 1 other owner(s) after pipeline reset!
Executing script file done
$:hsh clear_plan_caches
Cleared PQP and LQP caches
$:hsh clear_pipeline
Released last SQLPipeline
$:hsh reset_exec_pools
Reset execution pools (2, 3) bump pointers to start
$:hsh mem_usage
------------------------------------------
Memory Usage Statistics:
VmSize:	327413976 kB
VmRSS:	102789700 kB
0: MemResourceStatus {MigratedColumnsAggregate,18446744073709551615,63469016785,52888587462,52888587462,0,0,N/A}
MemResourceStatus {NumaMonotonicResource,3,53687091200,0,0,0,1,0}
MemResourceStatus {NumaMonotonicResource,2,53687091200,0,0,0,0,0}
0: MemResourceStatus {MemManagerAggregate,18446744073709551615,53687091200,0,0,0,0,N/A}
1: MemResourceStatus {MemManagerAggregate,18446744073709551615,53687091200,0,0,0,1,N/A}
MemResourceStatus {DefaultResource,18446744073709551615,18446744073709551615,18446744069992734019,60455899246,0,-1,N/A}
Quick Memory Usage Overview:
Used Capacity: 52888587462, 0
------------------------------------------
Executing script file: /home/umeshsum/tpch_queries/5.sql
[32m(release)[0m> select
[32m(release)[0m> 	n_name,
[32m(release)[0m> 	sum(l_extendedprice * (1 - l_discount)) as revenue
[32m(release)[0m> from
[32m(release)[0m> 	customer,
[32m(release)[0m> 	orders,
[32m(release)[0m> 	lineitem,
[32m(release)[0m> 	supplier,
[32m(release)[0m> 	nation,
[32m(release)[0m> 	region
[32m(release)[0m> where
[32m(release)[0m> 	c_custkey = o_custkey
[32m(release)[0m> 	and l_orderkey = o_orderkey
[32m(release)[0m> 	and l_suppkey = s_suppkey
[32m(release)[0m> 	and c_nationkey = s_nationkey
[32m(release)[0m> 	and s_nationkey = n_nationkey
[32m(release)[0m> 	and n_regionkey = r_regionkey
[32m(release)[0m> 	and r_name = 'ASIA'
[32m(release)[0m> 	and o_orderdate >= date '1994-01-01'
[32m(release)[0m> 	and o_orderdate < date '1994-01-01' + interval '1' year
[32m(release)[0m> group by
[32m(release)[0m> 	n_name
[32m(release)[0m> order by
[32m(release)[0m> 	revenue desc;
Greedy pick_runtime_exec_resource: local pool full, falling back to remote pool
Greedy pick_runtime_exec_resource: local pool full, falling back to remote pool
Greedy pick_runtime_exec_resource: local pool full, falling back to remote pool
Greedy pick_runtime_exec_resource: local pool full, falling back to remote pool
Greedy pick_runtime_exec_resource: local pool full, falling back to remote pool
Greedy pick_runtime_exec_resource: local pool full, falling back to remote pool
Greedy pick_runtime_exec_resource: local pool full, falling back to remote pool
Greedy pick_runtime_exec_resource: local pool full, falling back to remote pool
Greedy pick_runtime_exec_resource: local pool full, falling back to remote pool
VmRSS Change: 2100 KB
===
5 rows total
Execution info: [PARSE: 65 µs 539 ns, SQL TRANSLATE: 230 µs 608 ns, OPTIMIZE: 18 ms 67 µs, LQP TRANSLATE: 272 µs 137 ns, EXECUTE: 2 s 77 ms (wall time) | QUERY PLAN CACHE HITS: 0/1 statement(s)]
After reset, table use_count: 2
WARNING: Table still has 1 other owner(s) after pipeline reset!
Executing script file done
$:hsh clear_plan_caches
Cleared PQP and LQP caches
$:hsh clear_pipeline
Released last SQLPipeline
$:hsh reset_exec_pools
Reset execution pools (2, 3) bump pointers to start
$:hsh mem_usage
------------------------------------------
Memory Usage Statistics:
VmSize:	327413976 kB
VmRSS:	102791816 kB
0: MemResourceStatus {MigratedColumnsAggregate,18446744073709551615,63469016785,52888587462,52888587462,0,0,N/A}
MemResourceStatus {NumaMonotonicResource,3,53687091200,0,0,0,1,0}
MemResourceStatus {NumaMonotonicResource,2,53687091200,0,0,0,0,0}
0: MemResourceStatus {MemManagerAggregate,18446744073709551615,53687091200,0,0,0,0,N/A}
1: MemResourceStatus {MemManagerAggregate,18446744073709551615,53687091200,0,0,0,1,N/A}
MemResourceStatus {DefaultResource,18446744073709551615,18446744073709551615,18446744069992734019,60455899246,0,-1,N/A}
Quick Memory Usage Overview:
Used Capacity: 52888587462, 0
------------------------------------------
Executing script file: /home/umeshsum/tpch_queries/5.sql
[32m(release)[0m> select
[32m(release)[0m> 	n_name,
[32m(release)[0m> 	sum(l_extendedprice * (1 - l_discount)) as revenue
[32m(release)[0m> from
[32m(release)[0m> 	customer,
[32m(release)[0m> 	orders,
[32m(release)[0m> 	lineitem,
[32m(release)[0m> 	supplier,
[32m(release)[0m> 	nation,
[32m(release)[0m> 	region
[32m(release)[0m> where
[32m(release)[0m> 	c_custkey = o_custkey
[32m(release)[0m> 	and l_orderkey = o_orderkey
[32m(release)[0m> 	and l_suppkey = s_suppkey
[32m(release)[0m> 	and c_nationkey = s_nationkey
[32m(release)[0m> 	and s_nationkey = n_nationkey
[32m(release)[0m> 	and n_regionkey = r_regionkey
[32m(release)[0m> 	and r_name = 'ASIA'
[32m(release)[0m> 	and o_orderdate >= date '1994-01-01'
[32m(release)[0m> 	and o_orderdate < date '1994-01-01' + interval '1' year
[32m(release)[0m> group by
[32m(release)[0m> 	n_name
[32m(release)[0m> order by
[32m(release)[0m> 	revenue desc;
Greedy pick_runtime_exec_resource: local pool full, falling back to remote pool
Greedy pick_runtime_exec_resource: local pool full, falling back to remote pool
Greedy pick_runtime_exec_resource: local pool full, falling back to remote pool
Greedy pick_runtime_exec_resource: local pool full, falling back to remote pool
Greedy pick_runtime_exec_resource: local pool full, falling back to remote pool
Greedy pick_runtime_exec_resource: local pool full, falling back to remote pool
Greedy pick_runtime_exec_resource: local pool full, falling back to remote pool
VmRSS Change: 18446744073709551036 KB
===
5 rows total
Execution info: [PARSE: 68 µs 620 ns, SQL TRANSLATE: 287 µs 237 ns, OPTIMIZE: 19 ms 24 µs, LQP TRANSLATE: 261 µs 908 ns, EXECUTE: 2 s 42 ms (wall time) | QUERY PLAN CACHE HITS: 0/1 statement(s)]
After reset, table use_count: 2
WARNING: Table still has 1 other owner(s) after pipeline reset!
Executing script file done
$:hsh clear_plan_caches
Cleared PQP and LQP caches
$:hsh clear_pipeline
Released last SQLPipeline
$:hsh reset_exec_pools
Reset execution pools (2, 3) bump pointers to start
$:hsh mem_usage
------------------------------------------
Memory Usage Statistics:
VmSize:	327413976 kB
VmRSS:	102791240 kB
0: MemResourceStatus {MigratedColumnsAggregate,18446744073709551615,63469016785,52888587462,52888587462,0,0,N/A}
MemResourceStatus {NumaMonotonicResource,3,53687091200,0,0,0,1,0}
MemResourceStatus {NumaMonotonicResource,2,53687091200,0,0,0,0,0}
0: MemResourceStatus {MemManagerAggregate,18446744073709551615,53687091200,0,0,0,0,N/A}
1: MemResourceStatus {MemManagerAggregate,18446744073709551615,53687091200,0,0,0,1,N/A}
MemResourceStatus {DefaultResource,18446744073709551615,18446744073709551615,18446744069992734019,60455899246,0,-1,N/A}
Quick Memory Usage Overview:
Used Capacity: 52888587462, 0
------------------------------------------
Executing script file: /home/umeshsum/tpch_queries/5.sql
[32m(release)[0m> select
[32m(release)[0m> 	n_name,
[32m(release)[0m> 	sum(l_extendedprice * (1 - l_discount)) as revenue
[32m(release)[0m> from
[32m(release)[0m> 	customer,
[32m(release)[0m> 	orders,
[32m(release)[0m> 	lineitem,
[32m(release)[0m> 	supplier,
[32m(release)[0m> 	nation,
[32m(release)[0m> 	region
[32m(release)[0m> where
[32m(release)[0m> 	c_custkey = o_custkey
[32m(release)[0m> 	and l_orderkey = o_orderkey
[32m(release)[0m> 	and l_suppkey = s_suppkey
[32m(release)[0m> 	and c_nationkey = s_nationkey
[32m(release)[0m> 	and s_nationkey = n_nationkey
[32m(release)[0m> 	and n_regionkey = r_regionkey
[32m(release)[0m> 	and r_name = 'ASIA'
[32m(release)[0m> 	and o_orderdate >= date '1994-01-01'
[32m(release)[0m> 	and o_orderdate < date '1994-01-01' + interval '1' year
[32m(release)[0m> group by
[32m(release)[0m> 	n_name
[32m(release)[0m> order by
[32m(release)[0m> 	revenue desc;
Greedy pick_runtime_exec_resource: local pool full, falling back to remote pool
Greedy pick_runtime_exec_resource: local pool full, falling back to remote pool
Greedy pick_runtime_exec_resource: local pool full, falling back to remote pool
Greedy pick_runtime_exec_resource: local pool full, falling back to remote pool
Greedy pick_runtime_exec_resource: local pool full, falling back to remote pool
Greedy pick_runtime_exec_resource: local pool full, falling back to remote pool
Greedy pick_runtime_exec_resource: local pool full, falling back to remote pool
VmRSS Change: 352 KB
===
5 rows total
Execution info: [PARSE: 71 µs 49 ns, SQL TRANSLATE: 231 µs 8 ns, OPTIMIZE: 18 ms 208 µs, LQP TRANSLATE: 273 µs 207 ns, EXECUTE: 2 s 80 ms (wall time) | QUERY PLAN CACHE HITS: 0/1 statement(s)]
After reset, table use_count: 2
WARNING: Table still has 1 other owner(s) after pipeline reset!
Executing script file done
$:hsh clear_plan_caches
Cleared PQP and LQP caches
$:hsh clear_pipeline
Released last SQLPipeline
$:hsh reset_exec_pools
Reset execution pools (2, 3) bump pointers to start
$:hsh mem_usage
------------------------------------------
Memory Usage Statistics:
VmSize:	327413976 kB
VmRSS:	102791532 kB
0: MemResourceStatus {MigratedColumnsAggregate,18446744073709551615,63469016785,52888587462,52888587462,0,0,N/A}
MemResourceStatus {NumaMonotonicResource,3,53687091200,0,0,0,1,0}
MemResourceStatus {NumaMonotonicResource,2,53687091200,0,0,0,0,0}
0: MemResourceStatus {MemManagerAggregate,18446744073709551615,53687091200,0,0,0,0,N/A}
1: MemResourceStatus {MemManagerAggregate,18446744073709551615,53687091200,0,0,0,1,N/A}
MemResourceStatus {DefaultResource,18446744073709551615,18446744073709551615,18446744069992734019,60455899246,0,-1,N/A}
Quick Memory Usage Overview:
Used Capacity: 52888587462, 0
------------------------------------------
Executing script file: /home/umeshsum/tpch_queries/5.sql
[32m(release)[0m> select
[32m(release)[0m> 	n_name,
[32m(release)[0m> 	sum(l_extendedprice * (1 - l_discount)) as revenue
[32m(release)[0m> from
[32m(release)[0m> 	customer,
[32m(release)[0m> 	orders,
[32m(release)[0m> 	lineitem,
[32m(release)[0m> 	supplier,
[32m(release)[0m> 	nation,
[32m(release)[0m> 	region
[32m(release)[0m> where
[32m(release)[0m> 	c_custkey = o_custkey
[32m(release)[0m> 	and l_orderkey = o_orderkey
[32m(release)[0m> 	and l_suppkey = s_suppkey
[32m(release)[0m> 	and c_nationkey = s_nationkey
[32m(release)[0m> 	and s_nationkey = n_nationkey
[32m(release)[0m> 	and n_regionkey = r_regionkey
[32m(release)[0m> 	and r_name = 'ASIA'
[32m(release)[0m> 	and o_orderdate >= date '1994-01-01'
[32m(release)[0m> 	and o_orderdate < date '1994-01-01' + interval '1' year
[32m(release)[0m> group by
[32m(release)[0m> 	n_name
[32m(release)[0m> order by
[32m(release)[0m> 	revenue desc;
Greedy pick_runtime_exec_resource: local pool full, falling back to remote pool
Greedy pick_runtime_exec_resource: local pool full, falling back to remote pool
Greedy pick_runtime_exec_resource: local pool full, falling back to remote pool
Greedy pick_runtime_exec_resource: local pool full, falling back to remote pool
Greedy pick_runtime_exec_resource: local pool full, falling back to remote pool
Greedy pick_runtime_exec_resource: local pool full, falling back to remote pool
Greedy pick_runtime_exec_resource: local pool full, falling back to remote pool
Greedy pick_runtime_exec_resource: local pool full, falling back to remote pool
Greedy pick_runtime_exec_resource: local pool full, falling back to remote pool
VmRSS Change: 1096 KB
===
5 rows total
Execution info: [PARSE: 73 µs 649 ns, SQL TRANSLATE: 233 µs 517 ns, OPTIMIZE: 18 ms 125 µs, LQP TRANSLATE: 266 µs 958 ns, EXECUTE: 2 s 96 ms (wall time) | QUERY PLAN CACHE HITS: 0/1 statement(s)]
After reset, table use_count: 2
WARNING: Table still has 1 other owner(s) after pipeline reset!
Executing script file done
$:hsh clear_plan_caches
Cleared PQP and LQP caches
$:hsh clear_pipeline
Released last SQLPipeline
$:hsh reset_exec_pools
Reset execution pools (2, 3) bump pointers to start
$:hsh mem_usage
------------------------------------------
Memory Usage Statistics:
VmSize:	327413976 kB
VmRSS:	102792756 kB
0: MemResourceStatus {MigratedColumnsAggregate,18446744073709551615,63469016785,52888587462,52888587462,0,0,N/A}
MemResourceStatus {NumaMonotonicResource,3,53687091200,0,0,0,1,0}
MemResourceStatus {NumaMonotonicResource,2,53687091200,0,0,0,0,0}
0: MemResourceStatus {MemManagerAggregate,18446744073709551615,53687091200,0,0,0,0,N/A}
1: MemResourceStatus {MemManagerAggregate,18446744073709551615,53687091200,0,0,0,1,N/A}
MemResourceStatus {DefaultResource,18446744073709551615,18446744073709551615,18446744069992734019,60455899246,0,-1,N/A}
Quick Memory Usage Overview:
Used Capacity: 52888587462, 0
------------------------------------------
Executing script file: /home/umeshsum/tpch_queries/5.sql
[32m(release)[0m> select
[32m(release)[0m> 	n_name,
[32m(release)[0m> 	sum(l_extendedprice * (1 - l_discount)) as revenue
[32m(release)[0m> from
[32m(release)[0m> 	customer,
[32m(release)[0m> 	orders,
[32m(release)[0m> 	lineitem,
[32m(release)[0m> 	supplier,
[32m(release)[0m> 	nation,
[32m(release)[0m> 	region
[32m(release)[0m> where
[32m(release)[0m> 	c_custkey = o_custkey
[32m(release)[0m> 	and l_orderkey = o_orderkey
[32m(release)[0m> 	and l_suppkey = s_suppkey
[32m(release)[0m> 	and c_nationkey = s_nationkey
[32m(release)[0m> 	and s_nationkey = n_nationkey
[32m(release)[0m> 	and n_regionkey = r_regionkey
[32m(release)[0m> 	and r_name = 'ASIA'
[32m(release)[0m> 	and o_orderdate >= date '1994-01-01'
[32m(release)[0m> 	and o_orderdate < date '1994-01-01' + interval '1' year
[32m(release)[0m> group by
[32m(release)[0m> 	n_name
[32m(release)[0m> order by
[32m(release)[0m> 	revenue desc;
Greedy pick_runtime_exec_resource: local pool full, falling back to remote pool
Greedy pick_runtime_exec_resource: local pool full, falling back to remote pool
Greedy pick_runtime_exec_resource: local pool full, falling back to remote pool
Greedy pick_runtime_exec_resource: local pool full, falling back to remote pool
Greedy pick_runtime_exec_resource: local pool full, falling back to remote pool
Greedy pick_runtime_exec_resource: local pool full, falling back to remote pool
Greedy pick_runtime_exec_resource: local pool full, falling back to remote pool
Greedy pick_runtime_exec_resource: local pool full, falling back to remote pool
VmRSS Change: 18446744073709551128 KB
===
5 rows total
Execution info: [PARSE: 64 µs 619 ns, SQL TRANSLATE: 244 µs 208 ns, OPTIMIZE: 18 ms 67 µs, LQP TRANSLATE: 271 µs 28 ns, EXECUTE: 2 s 72 ms (wall time) | QUERY PLAN CACHE HITS: 0/1 statement(s)]
After reset, table use_count: 2
WARNING: Table still has 1 other owner(s) after pipeline reset!
Executing script file done
$:hsh clear_plan_caches
Cleared PQP and LQP caches
$:hsh clear_pipeline
Released last SQLPipeline
$:hsh reset_exec_pools
Reset execution pools (2, 3) bump pointers to start
$:hsh mem_usage
------------------------------------------
Memory Usage Statistics:
VmSize:	327413976 kB
VmRSS:	102792260 kB
0: MemResourceStatus {MigratedColumnsAggregate,18446744073709551615,63469016785,52888587462,52888587462,0,0,N/A}
MemResourceStatus {NumaMonotonicResource,3,53687091200,0,0,0,1,0}
MemResourceStatus {NumaMonotonicResource,2,53687091200,0,0,0,0,0}
0: MemResourceStatus {MemManagerAggregate,18446744073709551615,53687091200,0,0,0,0,N/A}
1: MemResourceStatus {MemManagerAggregate,18446744073709551615,53687091200,0,0,0,1,N/A}
MemResourceStatus {DefaultResource,18446744073709551615,18446744073709551615,18446744069992734019,60455899246,0,-1,N/A}
Quick Memory Usage Overview:
Used Capacity: 52888587462, 0
------------------------------------------
Executing script file: /home/umeshsum/tpch_queries/5.sql
[32m(release)[0m> select
[32m(release)[0m> 	n_name,
[32m(release)[0m> 	sum(l_extendedprice * (1 - l_discount)) as revenue
[32m(release)[0m> from
[32m(release)[0m> 	customer,
[32m(release)[0m> 	orders,
[32m(release)[0m> 	lineitem,
[32m(release)[0m> 	supplier,
[32m(release)[0m> 	nation,
[32m(release)[0m> 	region
[32m(release)[0m> where
[32m(release)[0m> 	c_custkey = o_custkey
[32m(release)[0m> 	and l_orderkey = o_orderkey
[32m(release)[0m> 	and l_suppkey = s_suppkey
[32m(release)[0m> 	and c_nationkey = s_nationkey
[32m(release)[0m> 	and s_nationkey = n_nationkey
[32m(release)[0m> 	and n_regionkey = r_regionkey
[32m(release)[0m> 	and r_name = 'ASIA'
[32m(release)[0m> 	and o_orderdate >= date '1994-01-01'
[32m(release)[0m> 	and o_orderdate < date '1994-01-01' + interval '1' year
[32m(release)[0m> group by
[32m(release)[0m> 	n_name
[32m(release)[0m> order by
[32m(release)[0m> 	revenue desc;
Greedy pick_runtime_exec_resource: local pool full, falling back to remote pool
Greedy pick_runtime_exec_resource: local pool full, falling back to remote pool
Greedy pick_runtime_exec_resource: local pool full, falling back to remote pool
Greedy pick_runtime_exec_resource: local pool full, falling back to remote pool
Greedy pick_runtime_exec_resource: local pool full, falling back to remote pool
Greedy pick_runtime_exec_resource: local pool full, falling back to remote pool
Greedy pick_runtime_exec_resource: local pool full, falling back to remote pool
Greedy pick_runtime_exec_resource: local pool full, falling back to remote pool
Greedy pick_runtime_exec_resource: local pool full, falling back to remote pool
VmRSS Change: 788 KB
===
5 rows total
Execution info: [PARSE: 65 µs 549 ns, SQL TRANSLATE: 249 µs 848 ns, OPTIMIZE: 18 ms 134 µs, LQP TRANSLATE: 272 µs 837 ns, EXECUTE: 2 s 69 ms (wall time) | QUERY PLAN CACHE HITS: 0/1 statement(s)]
After reset, table use_count: 2
WARNING: Table still has 1 other owner(s) after pipeline reset!
Executing script file done
$:hsh clear_plan_caches
Cleared PQP and LQP caches
$:hsh clear_pipeline
Released last SQLPipeline
$:hsh reset_exec_pools
Reset execution pools (2, 3) bump pointers to start
$:hsh mem_usage
------------------------------------------
Memory Usage Statistics:
VmSize:	327413976 kB
VmRSS:	102793028 kB
0: MemResourceStatus {MigratedColumnsAggregate,18446744073709551615,63469016785,52888587462,52888587462,0,0,N/A}
MemResourceStatus {NumaMonotonicResource,3,53687091200,0,0,0,1,0}
MemResourceStatus {NumaMonotonicResource,2,53687091200,0,0,0,0,0}
0: MemResourceStatus {MemManagerAggregate,18446744073709551615,53687091200,0,0,0,0,N/A}
1: MemResourceStatus {MemManagerAggregate,18446744073709551615,53687091200,0,0,0,1,N/A}
MemResourceStatus {DefaultResource,18446744073709551615,18446744073709551615,18446744069992734019,60455899246,0,-1,N/A}
Quick Memory Usage Overview:
Used Capacity: 52888587462, 0
------------------------------------------
Executing script file: /home/umeshsum/tpch_queries/5.sql
[32m(release)[0m> select
[32m(release)[0m> 	n_name,
[32m(release)[0m> 	sum(l_extendedprice * (1 - l_discount)) as revenue
[32m(release)[0m> from
[32m(release)[0m> 	customer,
[32m(release)[0m> 	orders,
[32m(release)[0m> 	lineitem,
[32m(release)[0m> 	supplier,
[32m(release)[0m> 	nation,
[32m(release)[0m> 	region
[32m(release)[0m> where
[32m(release)[0m> 	c_custkey = o_custkey
[32m(release)[0m> 	and l_orderkey = o_orderkey
[32m(release)[0m> 	and l_suppkey = s_suppkey
[32m(release)[0m> 	and c_nationkey = s_nationkey
[32m(release)[0m> 	and s_nationkey = n_nationkey
[32m(release)[0m> 	and n_regionkey = r_regionkey
[32m(release)[0m> 	and r_name = 'ASIA'
[32m(release)[0m> 	and o_orderdate >= date '1994-01-01'
[32m(release)[0m> 	and o_orderdate < date '1994-01-01' + interval '1' year
[32m(release)[0m> group by
[32m(release)[0m> 	n_name
[32m(release)[0m> order by
[32m(release)[0m> 	revenue desc;
Greedy pick_runtime_exec_resource: local pool full, falling back to remote pool
Greedy pick_runtime_exec_resource: local pool full, falling back to remote pool
Greedy pick_runtime_exec_resource: local pool full, falling back to remote pool
Greedy pick_runtime_exec_resource: local pool full, falling back to remote pool
Greedy pick_runtime_exec_resource: local pool full, falling back to remote pool
Greedy pick_runtime_exec_resource: local pool full, falling back to remote pool
Greedy pick_runtime_exec_resource: local pool full, falling back to remote pool
VmRSS Change: 18446744073709550312 KB
===
5 rows total
Execution info: [PARSE: 63 µs 510 ns, SQL TRANSLATE: 256 µs 147 ns, OPTIMIZE: 18 ms 242 µs, LQP TRANSLATE: 270 µs 918 ns, EXECUTE: 2 s 114 ms (wall time) | QUERY PLAN CACHE HITS: 0/1 statement(s)]
After reset, table use_count: 2
WARNING: Table still has 1 other owner(s) after pipeline reset!
Executing script file done
$:hsh clear_plan_caches
Cleared PQP and LQP caches
$:hsh clear_pipeline
Released last SQLPipeline
$:hsh reset_exec_pools
Reset execution pools (2, 3) bump pointers to start
$:hsh mem_usage
------------------------------------------
Memory Usage Statistics:
VmSize:	327413976 kB
VmRSS:	102791716 kB
0: MemResourceStatus {MigratedColumnsAggregate,18446744073709551615,63469016785,52888587462,52888587462,0,0,N/A}
MemResourceStatus {NumaMonotonicResource,3,53687091200,0,0,0,1,0}
MemResourceStatus {NumaMonotonicResource,2,53687091200,0,0,0,0,0}
0: MemResourceStatus {MemManagerAggregate,18446744073709551615,53687091200,0,0,0,0,N/A}
1: MemResourceStatus {MemManagerAggregate,18446744073709551615,53687091200,0,0,0,1,N/A}
MemResourceStatus {DefaultResource,18446744073709551615,18446744073709551615,18446744069992734019,60455899246,0,-1,N/A}
Quick Memory Usage Overview:
Used Capacity: 52888587462, 0
------------------------------------------
Executing script file: /home/umeshsum/tpch_queries/5.sql
[32m(release)[0m> select
[32m(release)[0m> 	n_name,
[32m(release)[0m> 	sum(l_extendedprice * (1 - l_discount)) as revenue
[32m(release)[0m> from
[32m(release)[0m> 	customer,
[32m(release)[0m> 	orders,
[32m(release)[0m> 	lineitem,
[32m(release)[0m> 	supplier,
[32m(release)[0m> 	nation,
[32m(release)[0m> 	region
[32m(release)[0m> where
[32m(release)[0m> 	c_custkey = o_custkey
[32m(release)[0m> 	and l_orderkey = o_orderkey
[32m(release)[0m> 	and l_suppkey = s_suppkey
[32m(release)[0m> 	and c_nationkey = s_nationkey
[32m(release)[0m> 	and s_nationkey = n_nationkey
[32m(release)[0m> 	and n_regionkey = r_regionkey
[32m(release)[0m> 	and r_name = 'ASIA'
[32m(release)[0m> 	and o_orderdate >= date '1994-01-01'
[32m(release)[0m> 	and o_orderdate < date '1994-01-01' + interval '1' year
[32m(release)[0m> group by
[32m(release)[0m> 	n_name
[32m(release)[0m> order by
[32m(release)[0m> 	revenue desc;
Greedy pick_runtime_exec_resource: local pool full, falling back to remote pool
Greedy pick_runtime_exec_resource: local pool full, falling back to remote pool
Greedy pick_runtime_exec_resource: local pool full, falling back to remote pool
Greedy pick_runtime_exec_resource: local pool full, falling back to remote pool
Greedy pick_runtime_exec_resource: local pool full, falling back to remote pool
VmRSS Change: 604 KB
===
5 rows total
Execution info: [PARSE: 63 µs 749 ns, SQL TRANSLATE: 255 µs 788 ns, OPTIMIZE: 18 ms 341 µs, LQP TRANSLATE: 271 µs 348 ns, EXECUTE: 2 s 127 ms (wall time) | QUERY PLAN CACHE HITS: 0/1 statement(s)]
After reset, table use_count: 2
WARNING: Table still has 1 other owner(s) after pipeline reset!
Executing script file done
$:hsh clear_plan_caches
Cleared PQP and LQP caches
$:hsh clear_pipeline
Released last SQLPipeline
$:hsh reset_exec_pools
Reset execution pools (2, 3) bump pointers to start
$:hsh mem_usage
------------------------------------------
Memory Usage Statistics:
VmSize:	327413976 kB
VmRSS:	102792316 kB
0: MemResourceStatus {MigratedColumnsAggregate,18446744073709551615,63469016785,52888587462,52888587462,0,0,N/A}
MemResourceStatus {NumaMonotonicResource,3,53687091200,0,0,0,1,0}
MemResourceStatus {NumaMonotonicResource,2,53687091200,0,0,0,0,0}
0: MemResourceStatus {MemManagerAggregate,18446744073709551615,53687091200,0,0,0,0,N/A}
1: MemResourceStatus {MemManagerAggregate,18446744073709551615,53687091200,0,0,0,1,N/A}
MemResourceStatus {DefaultResource,18446744073709551615,18446744073709551615,18446744069992734019,60455899246,0,-1,N/A}
Quick Memory Usage Overview:
Used Capacity: 52888587462, 0
------------------------------------------
Label set to d1000000000000_tf1000000000000_q6
$:hsh clear_plan_caches
Cleared PQP and LQP caches
$:hsh clear_pipeline
Released last SQLPipeline
$:hsh reset_exec_pools
Reset execution pools (2, 3) bump pointers to start
$:hsh mem_usage
------------------------------------------
Memory Usage Statistics:
VmSize:	327413976 kB
VmRSS:	102792316 kB
0: MemResourceStatus {MigratedColumnsAggregate,18446744073709551615,63469016785,52888587462,52888587462,0,0,N/A}
MemResourceStatus {NumaMonotonicResource,3,53687091200,0,0,0,1,0}
MemResourceStatus {NumaMonotonicResource,2,53687091200,0,0,0,0,0}
0: MemResourceStatus {MemManagerAggregate,18446744073709551615,53687091200,0,0,0,0,N/A}
1: MemResourceStatus {MemManagerAggregate,18446744073709551615,53687091200,0,0,0,1,N/A}
MemResourceStatus {DefaultResource,18446744073709551615,18446744073709551615,18446744069992734019,60455899246,0,-1,N/A}
Quick Memory Usage Overview:
Used Capacity: 52888587462, 0
------------------------------------------
Executing script file: /home/umeshsum/tpch_queries/6.sql
[32m(release)[0m> select
[32m(release)[0m> 	sum(l_extendedprice * l_discount) as revenue
[32m(release)[0m> from
[32m(release)[0m> 	lineitem
[32m(release)[0m> where
[32m(release)[0m> 	l_shipdate >= date '1994-01-01'
[32m(release)[0m> 	and l_shipdate < date '1994-01-01' + interval '1' year
[32m(release)[0m> 	and l_discount between .06 - 0.01 and .06 + 0.01
[32m(release)[0m> 	and l_quantity < 24;
VmRSS Change: 3436 KB
===
1 rows total
Execution info: [PARSE: 50 µs 629 ns, SQL TRANSLATE: 140 µs 159 ns, OPTIMIZE: 15 ms 539 µs, LQP TRANSLATE: 61 µs 450 ns, EXECUTE: 237 ms 750 µs (wall time) | QUERY PLAN CACHE HITS: 0/1 statement(s)]
After reset, table use_count: 2
WARNING: Table still has 1 other owner(s) after pipeline reset!
Executing script file done
$:hsh clear_plan_caches
Cleared PQP and LQP caches
$:hsh clear_pipeline
Released last SQLPipeline
$:hsh reset_exec_pools
Reset execution pools (2, 3) bump pointers to start
$:hsh mem_usage
------------------------------------------
Memory Usage Statistics:
VmSize:	327413976 kB
VmRSS:	102795584 kB
0: MemResourceStatus {MigratedColumnsAggregate,18446744073709551615,63469016785,52888587462,52888587462,0,0,N/A}
MemResourceStatus {NumaMonotonicResource,3,53687091200,0,0,0,1,0}
MemResourceStatus {NumaMonotonicResource,2,53687091200,0,0,0,0,0}
0: MemResourceStatus {MemManagerAggregate,18446744073709551615,53687091200,0,0,0,0,N/A}
1: MemResourceStatus {MemManagerAggregate,18446744073709551615,53687091200,0,0,0,1,N/A}
MemResourceStatus {DefaultResource,18446744073709551615,18446744073709551615,18446744069992734019,60455899246,0,-1,N/A}
Quick Memory Usage Overview:
Used Capacity: 52888587462, 0
------------------------------------------
Executing script file: /home/umeshsum/tpch_queries/6.sql
[32m(release)[0m> select
[32m(release)[0m> 	sum(l_extendedprice * l_discount) as revenue
[32m(release)[0m> from
[32m(release)[0m> 	lineitem
[32m(release)[0m> where
[32m(release)[0m> 	l_shipdate >= date '1994-01-01'
[32m(release)[0m> 	and l_shipdate < date '1994-01-01' + interval '1' year
[32m(release)[0m> 	and l_discount between .06 - 0.01 and .06 + 0.01
[32m(release)[0m> 	and l_quantity < 24;
VmRSS Change: 1308 KB
===
1 rows total
Execution info: [PARSE: 50 µs 469 ns, SQL TRANSLATE: 179 µs 338 ns, OPTIMIZE: 5 ms 222 µs, LQP TRANSLATE: 58 µs 509 ns, EXECUTE: 240 ms 541 µs (wall time) | QUERY PLAN CACHE HITS: 0/1 statement(s)]
After reset, table use_count: 2
WARNING: Table still has 1 other owner(s) after pipeline reset!
Executing script file done
$:hsh clear_plan_caches
Cleared PQP and LQP caches
$:hsh clear_pipeline
Released last SQLPipeline
$:hsh reset_exec_pools
Reset execution pools (2, 3) bump pointers to start
$:hsh mem_usage
------------------------------------------
Memory Usage Statistics:
VmSize:	327413976 kB
VmRSS:	102796896 kB
0: MemResourceStatus {MigratedColumnsAggregate,18446744073709551615,63469016785,52888587462,52888587462,0,0,N/A}
MemResourceStatus {NumaMonotonicResource,3,53687091200,0,0,0,1,0}
MemResourceStatus {NumaMonotonicResource,2,53687091200,0,0,0,0,0}
0: MemResourceStatus {MemManagerAggregate,18446744073709551615,53687091200,0,0,0,0,N/A}
1: MemResourceStatus {MemManagerAggregate,18446744073709551615,53687091200,0,0,0,1,N/A}
MemResourceStatus {DefaultResource,18446744073709551615,18446744073709551615,18446744069992734019,60455899246,0,-1,N/A}
Quick Memory Usage Overview:
Used Capacity: 52888587462, 0
------------------------------------------
Executing script file: /home/umeshsum/tpch_queries/6.sql
[32m(release)[0m> select
[32m(release)[0m> 	sum(l_extendedprice * l_discount) as revenue
[32m(release)[0m> from
[32m(release)[0m> 	lineitem
[32m(release)[0m> where
[32m(release)[0m> 	l_shipdate >= date '1994-01-01'
[32m(release)[0m> 	and l_shipdate < date '1994-01-01' + interval '1' year
[32m(release)[0m> 	and l_discount between .06 - 0.01 and .06 + 0.01
[32m(release)[0m> 	and l_quantity < 24;
VmRSS Change: 1568 KB
===
1 rows total
Execution info: [PARSE: 51 µs 279 ns, SQL TRANSLATE: 121 µs 279 ns, OPTIMIZE: 5 ms 266 µs, LQP TRANSLATE: 70 µs 649 ns, EXECUTE: 236 ms 434 µs (wall time) | QUERY PLAN CACHE HITS: 0/1 statement(s)]
After reset, table use_count: 2
WARNING: Table still has 1 other owner(s) after pipeline reset!
Executing script file done
$:hsh clear_plan_caches
Cleared PQP and LQP caches
$:hsh clear_pipeline
Released last SQLPipeline
$:hsh reset_exec_pools
Reset execution pools (2, 3) bump pointers to start
$:hsh mem_usage
------------------------------------------
Memory Usage Statistics:
VmSize:	327413976 kB
VmRSS:	102798464 kB
0: MemResourceStatus {MigratedColumnsAggregate,18446744073709551615,63469016785,52888587462,52888587462,0,0,N/A}
MemResourceStatus {NumaMonotonicResource,3,53687091200,0,0,0,1,0}
MemResourceStatus {NumaMonotonicResource,2,53687091200,0,0,0,0,0}
0: MemResourceStatus {MemManagerAggregate,18446744073709551615,53687091200,0,0,0,0,N/A}
1: MemResourceStatus {MemManagerAggregate,18446744073709551615,53687091200,0,0,0,1,N/A}
MemResourceStatus {DefaultResource,18446744073709551615,18446744073709551615,18446744069992734019,60455899246,0,-1,N/A}
Quick Memory Usage Overview:
Used Capacity: 52888587462, 0
------------------------------------------
Executing script file: /home/umeshsum/tpch_queries/6.sql
[32m(release)[0m> select
[32m(release)[0m> 	sum(l_extendedprice * l_discount) as revenue
[32m(release)[0m> from
[32m(release)[0m> 	lineitem
[32m(release)[0m> where
[32m(release)[0m> 	l_shipdate >= date '1994-01-01'
[32m(release)[0m> 	and l_shipdate < date '1994-01-01' + interval '1' year
[32m(release)[0m> 	and l_discount between .06 - 0.01 and .06 + 0.01
[32m(release)[0m> 	and l_quantity < 24;
VmRSS Change: 1484 KB
===
1 rows total
Execution info: [PARSE: 48 µs 260 ns, SQL TRANSLATE: 120 µs 948 ns, OPTIMIZE: 5 ms 238 µs, LQP TRANSLATE: 60 µs 869 ns, EXECUTE: 237 ms 37 µs (wall time) | QUERY PLAN CACHE HITS: 0/1 statement(s)]
After reset, table use_count: 2
WARNING: Table still has 1 other owner(s) after pipeline reset!
Executing script file done
$:hsh clear_plan_caches
Cleared PQP and LQP caches
$:hsh clear_pipeline
Released last SQLPipeline
$:hsh reset_exec_pools
Reset execution pools (2, 3) bump pointers to start
$:hsh mem_usage
------------------------------------------
Memory Usage Statistics:
VmSize:	327413976 kB
VmRSS:	102799948 kB
0: MemResourceStatus {MigratedColumnsAggregate,18446744073709551615,63469016785,52888587462,52888587462,0,0,N/A}
MemResourceStatus {NumaMonotonicResource,3,53687091200,0,0,0,1,0}
MemResourceStatus {NumaMonotonicResource,2,53687091200,0,0,0,0,0}
0: MemResourceStatus {MemManagerAggregate,18446744073709551615,53687091200,0,0,0,0,N/A}
1: MemResourceStatus {MemManagerAggregate,18446744073709551615,53687091200,0,0,0,1,N/A}
MemResourceStatus {DefaultResource,18446744073709551615,18446744073709551615,18446744069992734019,60455899246,0,-1,N/A}
Quick Memory Usage Overview:
Used Capacity: 52888587462, 0
------------------------------------------
Executing script file: /home/umeshsum/tpch_queries/6.sql
[32m(release)[0m> select
[32m(release)[0m> 	sum(l_extendedprice * l_discount) as revenue
[32m(release)[0m> from
[32m(release)[0m> 	lineitem
[32m(release)[0m> where
[32m(release)[0m> 	l_shipdate >= date '1994-01-01'
[32m(release)[0m> 	and l_shipdate < date '1994-01-01' + interval '1' year
[32m(release)[0m> 	and l_discount between .06 - 0.01 and .06 + 0.01
[32m(release)[0m> 	and l_quantity < 24;
VmRSS Change: 468 KB
===
1 rows total
Execution info: [PARSE: 89 µs 379 ns, SQL TRANSLATE: 122 µs 548 ns, OPTIMIZE: 5 ms 212 µs, LQP TRANSLATE: 59 µs 359 ns, EXECUTE: 236 ms 641 µs (wall time) | QUERY PLAN CACHE HITS: 0/1 statement(s)]
After reset, table use_count: 2
WARNING: Table still has 1 other owner(s) after pipeline reset!
Executing script file done
$:hsh clear_plan_caches
Cleared PQP and LQP caches
$:hsh clear_pipeline
Released last SQLPipeline
$:hsh reset_exec_pools
Reset execution pools (2, 3) bump pointers to start
$:hsh mem_usage
------------------------------------------
Memory Usage Statistics:
VmSize:	327413976 kB
VmRSS:	102800420 kB
0: MemResourceStatus {MigratedColumnsAggregate,18446744073709551615,63469016785,52888587462,52888587462,0,0,N/A}
MemResourceStatus {NumaMonotonicResource,3,53687091200,0,0,0,1,0}
MemResourceStatus {NumaMonotonicResource,2,53687091200,0,0,0,0,0}
0: MemResourceStatus {MemManagerAggregate,18446744073709551615,53687091200,0,0,0,0,N/A}
1: MemResourceStatus {MemManagerAggregate,18446744073709551615,53687091200,0,0,0,1,N/A}
MemResourceStatus {DefaultResource,18446744073709551615,18446744073709551615,18446744069992734019,60455899246,0,-1,N/A}
Quick Memory Usage Overview:
Used Capacity: 52888587462, 0
------------------------------------------
Executing script file: /home/umeshsum/tpch_queries/6.sql
[32m(release)[0m> select
[32m(release)[0m> 	sum(l_extendedprice * l_discount) as revenue
[32m(release)[0m> from
[32m(release)[0m> 	lineitem
[32m(release)[0m> where
[32m(release)[0m> 	l_shipdate >= date '1994-01-01'
[32m(release)[0m> 	and l_shipdate < date '1994-01-01' + interval '1' year
[32m(release)[0m> 	and l_discount between .06 - 0.01 and .06 + 0.01
[32m(release)[0m> 	and l_quantity < 24;
VmRSS Change: 1580 KB
===
1 rows total
Execution info: [PARSE: 48 µs 559 ns, SQL TRANSLATE: 133 µs 229 ns, OPTIMIZE: 7 ms 39 µs, LQP TRANSLATE: 62 µs 149 ns, EXECUTE: 236 ms 78 µs (wall time) | QUERY PLAN CACHE HITS: 0/1 statement(s)]
After reset, table use_count: 2
WARNING: Table still has 1 other owner(s) after pipeline reset!
Executing script file done
$:hsh clear_plan_caches
Cleared PQP and LQP caches
$:hsh clear_pipeline
Released last SQLPipeline
$:hsh reset_exec_pools
Reset execution pools (2, 3) bump pointers to start
$:hsh mem_usage
------------------------------------------
Memory Usage Statistics:
VmSize:	327413976 kB
VmRSS:	102802000 kB
0: MemResourceStatus {MigratedColumnsAggregate,18446744073709551615,63469016785,52888587462,52888587462,0,0,N/A}
MemResourceStatus {NumaMonotonicResource,3,53687091200,0,0,0,1,0}
MemResourceStatus {NumaMonotonicResource,2,53687091200,0,0,0,0,0}
0: MemResourceStatus {MemManagerAggregate,18446744073709551615,53687091200,0,0,0,0,N/A}
1: MemResourceStatus {MemManagerAggregate,18446744073709551615,53687091200,0,0,0,1,N/A}
MemResourceStatus {DefaultResource,18446744073709551615,18446744073709551615,18446744069992734019,60455899246,0,-1,N/A}
Quick Memory Usage Overview:
Used Capacity: 52888587462, 0
------------------------------------------
Executing script file: /home/umeshsum/tpch_queries/6.sql
[32m(release)[0m> select
[32m(release)[0m> 	sum(l_extendedprice * l_discount) as revenue
[32m(release)[0m> from
[32m(release)[0m> 	lineitem
[32m(release)[0m> where
[32m(release)[0m> 	l_shipdate >= date '1994-01-01'
[32m(release)[0m> 	and l_shipdate < date '1994-01-01' + interval '1' year
[32m(release)[0m> 	and l_discount between .06 - 0.01 and .06 + 0.01
[32m(release)[0m> 	and l_quantity < 24;
VmRSS Change: 492 KB
===
1 rows total
Execution info: [PARSE: 49 µs 650 ns, SQL TRANSLATE: 120 µs 169 ns, OPTIMIZE: 5 ms 212 µs, LQP TRANSLATE: 60 µs 240 ns, EXECUTE: 235 ms 490 µs (wall time) | QUERY PLAN CACHE HITS: 0/1 statement(s)]
After reset, table use_count: 2
WARNING: Table still has 1 other owner(s) after pipeline reset!
Executing script file done
$:hsh clear_plan_caches
Cleared PQP and LQP caches
$:hsh clear_pipeline
Released last SQLPipeline
$:hsh reset_exec_pools
Reset execution pools (2, 3) bump pointers to start
$:hsh mem_usage
------------------------------------------
Memory Usage Statistics:
VmSize:	327413976 kB
VmRSS:	102802492 kB
0: MemResourceStatus {MigratedColumnsAggregate,18446744073709551615,63469016785,52888587462,52888587462,0,0,N/A}
MemResourceStatus {NumaMonotonicResource,3,53687091200,0,0,0,1,0}
MemResourceStatus {NumaMonotonicResource,2,53687091200,0,0,0,0,0}
0: MemResourceStatus {MemManagerAggregate,18446744073709551615,53687091200,0,0,0,0,N/A}
1: MemResourceStatus {MemManagerAggregate,18446744073709551615,53687091200,0,0,0,1,N/A}
MemResourceStatus {DefaultResource,18446744073709551615,18446744073709551615,18446744069992734019,60455899246,0,-1,N/A}
Quick Memory Usage Overview:
Used Capacity: 52888587462, 0
------------------------------------------
Executing script file: /home/umeshsum/tpch_queries/6.sql
[32m(release)[0m> select
[32m(release)[0m> 	sum(l_extendedprice * l_discount) as revenue
[32m(release)[0m> from
[32m(release)[0m> 	lineitem
[32m(release)[0m> where
[32m(release)[0m> 	l_shipdate >= date '1994-01-01'
[32m(release)[0m> 	and l_shipdate < date '1994-01-01' + interval '1' year
[32m(release)[0m> 	and l_discount between .06 - 0.01 and .06 + 0.01
[32m(release)[0m> 	and l_quantity < 24;
VmRSS Change: 56 KB
===
1 rows total
Execution info: [PARSE: 49 µs 410 ns, SQL TRANSLATE: 121 µs 8 ns, OPTIMIZE: 5 ms 215 µs, LQP TRANSLATE: 59 µs 30 ns, EXECUTE: 238 ms 930 µs (wall time) | QUERY PLAN CACHE HITS: 0/1 statement(s)]
After reset, table use_count: 2
WARNING: Table still has 1 other owner(s) after pipeline reset!
Executing script file done
$:hsh clear_plan_caches
Cleared PQP and LQP caches
$:hsh clear_pipeline
Released last SQLPipeline
$:hsh reset_exec_pools
Reset execution pools (2, 3) bump pointers to start
$:hsh mem_usage
------------------------------------------
Memory Usage Statistics:
VmSize:	327413976 kB
VmRSS:	102802548 kB
0: MemResourceStatus {MigratedColumnsAggregate,18446744073709551615,63469016785,52888587462,52888587462,0,0,N/A}
MemResourceStatus {NumaMonotonicResource,3,53687091200,0,0,0,1,0}
MemResourceStatus {NumaMonotonicResource,2,53687091200,0,0,0,0,0}
0: MemResourceStatus {MemManagerAggregate,18446744073709551615,53687091200,0,0,0,0,N/A}
1: MemResourceStatus {MemManagerAggregate,18446744073709551615,53687091200,0,0,0,1,N/A}
MemResourceStatus {DefaultResource,18446744073709551615,18446744073709551615,18446744069992734019,60455899246,0,-1,N/A}
Quick Memory Usage Overview:
Used Capacity: 52888587462, 0
------------------------------------------
Executing script file: /home/umeshsum/tpch_queries/6.sql
[32m(release)[0m> select
[32m(release)[0m> 	sum(l_extendedprice * l_discount) as revenue
[32m(release)[0m> from
[32m(release)[0m> 	lineitem
[32m(release)[0m> where
[32m(release)[0m> 	l_shipdate >= date '1994-01-01'
[32m(release)[0m> 	and l_shipdate < date '1994-01-01' + interval '1' year
[32m(release)[0m> 	and l_discount between .06 - 0.01 and .06 + 0.01
[32m(release)[0m> 	and l_quantity < 24;
VmRSS Change: 1940 KB
===
1 rows total
Execution info: [PARSE: 53 µs 560 ns, SQL TRANSLATE: 122 µs 198 ns, OPTIMIZE: 5 ms 206 µs, LQP TRANSLATE: 59 µs 260 ns, EXECUTE: 241 ms 235 µs (wall time) | QUERY PLAN CACHE HITS: 0/1 statement(s)]
After reset, table use_count: 2
WARNING: Table still has 1 other owner(s) after pipeline reset!
Executing script file done
$:hsh clear_plan_caches
Cleared PQP and LQP caches
$:hsh clear_pipeline
Released last SQLPipeline
$:hsh reset_exec_pools
Reset execution pools (2, 3) bump pointers to start
$:hsh mem_usage
------------------------------------------
Memory Usage Statistics:
VmSize:	327413976 kB
VmRSS:	102804488 kB
0: MemResourceStatus {MigratedColumnsAggregate,18446744073709551615,63469016785,52888587462,52888587462,0,0,N/A}
MemResourceStatus {NumaMonotonicResource,3,53687091200,0,0,0,1,0}
MemResourceStatus {NumaMonotonicResource,2,53687091200,0,0,0,0,0}
0: MemResourceStatus {MemManagerAggregate,18446744073709551615,53687091200,0,0,0,0,N/A}
1: MemResourceStatus {MemManagerAggregate,18446744073709551615,53687091200,0,0,0,1,N/A}
MemResourceStatus {DefaultResource,18446744073709551615,18446744073709551615,18446744069992734019,60455899246,0,-1,N/A}
Quick Memory Usage Overview:
Used Capacity: 52888587462, 0
------------------------------------------
Executing script file: /home/umeshsum/tpch_queries/6.sql
[32m(release)[0m> select
[32m(release)[0m> 	sum(l_extendedprice * l_discount) as revenue
[32m(release)[0m> from
[32m(release)[0m> 	lineitem
[32m(release)[0m> where
[32m(release)[0m> 	l_shipdate >= date '1994-01-01'
[32m(release)[0m> 	and l_shipdate < date '1994-01-01' + interval '1' year
[32m(release)[0m> 	and l_discount between .06 - 0.01 and .06 + 0.01
[32m(release)[0m> 	and l_quantity < 24;
VmRSS Change: 16 KB
===
1 rows total
Execution info: [PARSE: 49 µs 510 ns, SQL TRANSLATE: 120 µs 28 ns, OPTIMIZE: 5 ms 275 µs, LQP TRANSLATE: 59 µs 479 ns, EXECUTE: 241 ms 972 µs (wall time) | QUERY PLAN CACHE HITS: 0/1 statement(s)]
After reset, table use_count: 2
WARNING: Table still has 1 other owner(s) after pipeline reset!
Executing script file done
$:hsh clear_plan_caches
Cleared PQP and LQP caches
$:hsh clear_pipeline
Released last SQLPipeline
$:hsh reset_exec_pools
Reset execution pools (2, 3) bump pointers to start
$:hsh mem_usage
------------------------------------------
Memory Usage Statistics:
VmSize:	327413976 kB
VmRSS:	102804504 kB
0: MemResourceStatus {MigratedColumnsAggregate,18446744073709551615,63469016785,52888587462,52888587462,0,0,N/A}
MemResourceStatus {NumaMonotonicResource,3,53687091200,0,0,0,1,0}
MemResourceStatus {NumaMonotonicResource,2,53687091200,0,0,0,0,0}
0: MemResourceStatus {MemManagerAggregate,18446744073709551615,53687091200,0,0,0,0,N/A}
1: MemResourceStatus {MemManagerAggregate,18446744073709551615,53687091200,0,0,0,1,N/A}
MemResourceStatus {DefaultResource,18446744073709551615,18446744073709551615,18446744069992734019,60455899246,0,-1,N/A}
Quick Memory Usage Overview:
Used Capacity: 52888587462, 0
------------------------------------------
Label set to d1000000000000_tf1000000000000_q7
$:hsh clear_plan_caches
Cleared PQP and LQP caches
$:hsh clear_pipeline
Released last SQLPipeline
$:hsh reset_exec_pools
Reset execution pools (2, 3) bump pointers to start
$:hsh mem_usage
------------------------------------------
Memory Usage Statistics:
VmSize:	327413976 kB
VmRSS:	102804504 kB
0: MemResourceStatus {MigratedColumnsAggregate,18446744073709551615,63469016785,52888587462,52888587462,0,0,N/A}
MemResourceStatus {NumaMonotonicResource,3,53687091200,0,0,0,1,0}
MemResourceStatus {NumaMonotonicResource,2,53687091200,0,0,0,0,0}
0: MemResourceStatus {MemManagerAggregate,18446744073709551615,53687091200,0,0,0,0,N/A}
1: MemResourceStatus {MemManagerAggregate,18446744073709551615,53687091200,0,0,0,1,N/A}
MemResourceStatus {DefaultResource,18446744073709551615,18446744073709551615,18446744069992734019,60455899246,0,-1,N/A}
Quick Memory Usage Overview:
Used Capacity: 52888587462, 0
------------------------------------------
Executing script file: /home/umeshsum/tpch_queries/7.sql
[32m(release)[0m> select
[32m(release)[0m> 	supp_nation,
[32m(release)[0m> 	cust_nation,
[32m(release)[0m> 	l_year,
[32m(release)[0m> 	sum(volume) as revenue
[32m(release)[0m> from
[32m(release)[0m> 	(
[32m(release)[0m> 		select
[32m(release)[0m> 			n1.n_name as supp_nation,
[32m(release)[0m> 			n2.n_name as cust_nation,
[32m(release)[0m> 			extract(year from l_shipdate) as l_year,
[32m(release)[0m> 			l_extendedprice * (1 - l_discount) as volume
[32m(release)[0m> 		from
[32m(release)[0m> 			supplier,
[32m(release)[0m> 			lineitem,
[32m(release)[0m> 			orders,
[32m(release)[0m> 			customer,
[32m(release)[0m> 			nation n1,
[32m(release)[0m> 			nation n2
[32m(release)[0m> 		where
[32m(release)[0m> 			s_suppkey = l_suppkey
[32m(release)[0m> 			and o_orderkey = l_orderkey
[32m(release)[0m> 			and c_custkey = o_custkey
[32m(release)[0m> 			and s_nationkey = n1.n_nationkey
[32m(release)[0m> 			and c_nationkey = n2.n_nationkey
[32m(release)[0m> 			and (
[32m(release)[0m> 				(n1.n_name = 'FRANCE' and n2.n_name = 'GERMANY')
[32m(release)[0m> 				or (n1.n_name = 'GERMANY' and n2.n_name = 'FRANCE')
[32m(release)[0m> 			)
[32m(release)[0m> 			and l_shipdate between date '1995-01-01' and date '1996-12-31'
[32m(release)[0m> 	) as shipping
[32m(release)[0m> group by
[32m(release)[0m> 	supp_nation,
[32m(release)[0m> 	cust_nation,
[32m(release)[0m> 	l_year
[32m(release)[0m> order by
[32m(release)[0m> 	supp_nation,
[32m(release)[0m> 	cust_nation,
[32m(release)[0m> 	l_year;
Greedy pick_runtime_exec_resource: local pool full, falling back to remote pool
Greedy pick_runtime_exec_resource: local pool full, falling back to remote pool
Greedy pick_runtime_exec_resource: local pool full, falling back to remote pool
VmRSS Change: 2464 KB
===
4 rows total
Execution info: [PARSE: 90 µs 509 ns, SQL TRANSLATE: 312 µs 547 ns, OPTIMIZE: 22 ms 683 µs, LQP TRANSLATE: 447 µs 105 ns, EXECUTE: 1 s 35 ms (wall time) | QUERY PLAN CACHE HITS: 0/1 statement(s)]
After reset, table use_count: 2
WARNING: Table still has 1 other owner(s) after pipeline reset!
Executing script file done
$:hsh clear_plan_caches
Cleared PQP and LQP caches
$:hsh clear_pipeline
Released last SQLPipeline
$:hsh reset_exec_pools
Reset execution pools (2, 3) bump pointers to start
$:hsh mem_usage
------------------------------------------
Memory Usage Statistics:
VmSize:	327413976 kB
VmRSS:	102807184 kB
0: MemResourceStatus {MigratedColumnsAggregate,18446744073709551615,63469016785,52888587462,52888587462,0,0,N/A}
MemResourceStatus {NumaMonotonicResource,3,53687091200,0,0,0,1,0}
MemResourceStatus {NumaMonotonicResource,2,53687091200,0,0,0,0,0}
0: MemResourceStatus {MemManagerAggregate,18446744073709551615,53687091200,0,0,0,0,N/A}
1: MemResourceStatus {MemManagerAggregate,18446744073709551615,53687091200,0,0,0,1,N/A}
MemResourceStatus {DefaultResource,18446744073709551615,18446744073709551615,18446744069992734019,60455899246,0,-1,N/A}
Quick Memory Usage Overview:
Used Capacity: 52888587462, 0
------------------------------------------
Executing script file: /home/umeshsum/tpch_queries/7.sql
[32m(release)[0m> select
[32m(release)[0m> 	supp_nation,
[32m(release)[0m> 	cust_nation,
[32m(release)[0m> 	l_year,
[32m(release)[0m> 	sum(volume) as revenue
[32m(release)[0m> from
[32m(release)[0m> 	(
[32m(release)[0m> 		select
[32m(release)[0m> 			n1.n_name as supp_nation,
[32m(release)[0m> 			n2.n_name as cust_nation,
[32m(release)[0m> 			extract(year from l_shipdate) as l_year,
[32m(release)[0m> 			l_extendedprice * (1 - l_discount) as volume
[32m(release)[0m> 		from
[32m(release)[0m> 			supplier,
[32m(release)[0m> 			lineitem,
[32m(release)[0m> 			orders,
[32m(release)[0m> 			customer,
[32m(release)[0m> 			nation n1,
[32m(release)[0m> 			nation n2
[32m(release)[0m> 		where
[32m(release)[0m> 			s_suppkey = l_suppkey
[32m(release)[0m> 			and o_orderkey = l_orderkey
[32m(release)[0m> 			and c_custkey = o_custkey
[32m(release)[0m> 			and s_nationkey = n1.n_nationkey
[32m(release)[0m> 			and c_nationkey = n2.n_nationkey
[32m(release)[0m> 			and (
[32m(release)[0m> 				(n1.n_name = 'FRANCE' and n2.n_name = 'GERMANY')
[32m(release)[0m> 				or (n1.n_name = 'GERMANY' and n2.n_name = 'FRANCE')
[32m(release)[0m> 			)
[32m(release)[0m> 			and l_shipdate between date '1995-01-01' and date '1996-12-31'
[32m(release)[0m> 	) as shipping
[32m(release)[0m> group by
[32m(release)[0m> 	supp_nation,
[32m(release)[0m> 	cust_nation,
[32m(release)[0m> 	l_year
[32m(release)[0m> order by
[32m(release)[0m> 	supp_nation,
[32m(release)[0m> 	cust_nation,
[32m(release)[0m> 	l_year;
Greedy pick_runtime_exec_resource: local pool full, falling back to remote pool
Greedy pick_runtime_exec_resource: local pool full, falling back to remote pool
Greedy pick_runtime_exec_resource: local pool full, falling back to remote pool
Greedy pick_runtime_exec_resource: local pool full, falling back to remote pool
VmRSS Change: 468 KB
===
4 rows total
Execution info: [PARSE: 88 µs 39 ns, SQL TRANSLATE: 303 µs 487 ns, OPTIMIZE: 23 ms 694 µs, LQP TRANSLATE: 547 µs 735 ns, EXECUTE: 1 s 118 ms (wall time) | QUERY PLAN CACHE HITS: 0/1 statement(s)]
After reset, table use_count: 2
WARNING: Table still has 1 other owner(s) after pipeline reset!
Executing script file done
$:hsh clear_plan_caches
Cleared PQP and LQP caches
$:hsh clear_pipeline
Released last SQLPipeline
$:hsh reset_exec_pools
Reset execution pools (2, 3) bump pointers to start
$:hsh mem_usage
------------------------------------------
Memory Usage Statistics:
VmSize:	327413976 kB
VmRSS:	102807660 kB
0: MemResourceStatus {MigratedColumnsAggregate,18446744073709551615,63469016785,52888587462,52888587462,0,0,N/A}
MemResourceStatus {NumaMonotonicResource,3,53687091200,0,0,0,1,0}
MemResourceStatus {NumaMonotonicResource,2,53687091200,0,0,0,0,0}
0: MemResourceStatus {MemManagerAggregate,18446744073709551615,53687091200,0,0,0,0,N/A}
1: MemResourceStatus {MemManagerAggregate,18446744073709551615,53687091200,0,0,0,1,N/A}
MemResourceStatus {DefaultResource,18446744073709551615,18446744073709551615,18446744069992734019,60455899246,0,-1,N/A}
Quick Memory Usage Overview:
Used Capacity: 52888587462, 0
------------------------------------------
Executing script file: /home/umeshsum/tpch_queries/7.sql
[32m(release)[0m> select
[32m(release)[0m> 	supp_nation,
[32m(release)[0m> 	cust_nation,
[32m(release)[0m> 	l_year,
[32m(release)[0m> 	sum(volume) as revenue
[32m(release)[0m> from
[32m(release)[0m> 	(
[32m(release)[0m> 		select
[32m(release)[0m> 			n1.n_name as supp_nation,
[32m(release)[0m> 			n2.n_name as cust_nation,
[32m(release)[0m> 			extract(year from l_shipdate) as l_year,
[32m(release)[0m> 			l_extendedprice * (1 - l_discount) as volume
[32m(release)[0m> 		from
[32m(release)[0m> 			supplier,
[32m(release)[0m> 			lineitem,
[32m(release)[0m> 			orders,
[32m(release)[0m> 			customer,
[32m(release)[0m> 			nation n1,
[32m(release)[0m> 			nation n2
[32m(release)[0m> 		where
[32m(release)[0m> 			s_suppkey = l_suppkey
[32m(release)[0m> 			and o_orderkey = l_orderkey
[32m(release)[0m> 			and c_custkey = o_custkey
[32m(release)[0m> 			and s_nationkey = n1.n_nationkey
[32m(release)[0m> 			and c_nationkey = n2.n_nationkey
[32m(release)[0m> 			and (
[32m(release)[0m> 				(n1.n_name = 'FRANCE' and n2.n_name = 'GERMANY')
[32m(release)[0m> 				or (n1.n_name = 'GERMANY' and n2.n_name = 'FRANCE')
[32m(release)[0m> 			)
[32m(release)[0m> 			and l_shipdate between date '1995-01-01' and date '1996-12-31'
[32m(release)[0m> 	) as shipping
[32m(release)[0m> group by
[32m(release)[0m> 	supp_nation,
[32m(release)[0m> 	cust_nation,
[32m(release)[0m> 	l_year
[32m(release)[0m> order by
[32m(release)[0m> 	supp_nation,
[32m(release)[0m> 	cust_nation,
[32m(release)[0m> 	l_year;
Greedy pick_runtime_exec_resource: local pool full, falling back to remote pool
Greedy pick_runtime_exec_resource: local pool full, falling back to remote pool
Greedy pick_runtime_exec_resource: local pool full, falling back to remote pool
Greedy pick_runtime_exec_resource: local pool full, falling back to remote pool
Greedy pick_runtime_exec_resource: local pool full, falling back to remote pool
Greedy pick_runtime_exec_resource: local pool full, falling back to remote pool
VmRSS Change: 18446744073709550548 KB
===
4 rows total
Execution info: [PARSE: 89 µs 379 ns, SQL TRANSLATE: 296 µs 737 ns, OPTIMIZE: 23 ms 808 µs, LQP TRANSLATE: 547 µs 584 ns, EXECUTE: 1 s 315 ms (wall time) | QUERY PLAN CACHE HITS: 0/1 statement(s)]
After reset, table use_count: 2
WARNING: Table still has 1 other owner(s) after pipeline reset!
Executing script file done
$:hsh clear_plan_caches
Cleared PQP and LQP caches
$:hsh clear_pipeline
Released last SQLPipeline
$:hsh reset_exec_pools
Reset execution pools (2, 3) bump pointers to start
$:hsh mem_usage
------------------------------------------
Memory Usage Statistics:
VmSize:	327413976 kB
VmRSS:	102806616 kB
0: MemResourceStatus {MigratedColumnsAggregate,18446744073709551615,63469016785,52888587462,52888587462,0,0,N/A}
MemResourceStatus {NumaMonotonicResource,3,53687091200,0,0,0,1,0}
MemResourceStatus {NumaMonotonicResource,2,53687091200,0,0,0,0,0}
0: MemResourceStatus {MemManagerAggregate,18446744073709551615,53687091200,0,0,0,0,N/A}
1: MemResourceStatus {MemManagerAggregate,18446744073709551615,53687091200,0,0,0,1,N/A}
MemResourceStatus {DefaultResource,18446744073709551615,18446744073709551615,18446744069992734019,60455899246,0,-1,N/A}
Quick Memory Usage Overview:
Used Capacity: 52888587462, 0
------------------------------------------
Executing script file: /home/umeshsum/tpch_queries/7.sql
[32m(release)[0m> select
[32m(release)[0m> 	supp_nation,
[32m(release)[0m> 	cust_nation,
[32m(release)[0m> 	l_year,
[32m(release)[0m> 	sum(volume) as revenue
[32m(release)[0m> from
[32m(release)[0m> 	(
[32m(release)[0m> 		select
[32m(release)[0m> 			n1.n_name as supp_nation,
[32m(release)[0m> 			n2.n_name as cust_nation,
[32m(release)[0m> 			extract(year from l_shipdate) as l_year,
[32m(release)[0m> 			l_extendedprice * (1 - l_discount) as volume
[32m(release)[0m> 		from
[32m(release)[0m> 			supplier,
[32m(release)[0m> 			lineitem,
[32m(release)[0m> 			orders,
[32m(release)[0m> 			customer,
[32m(release)[0m> 			nation n1,
[32m(release)[0m> 			nation n2
[32m(release)[0m> 		where
[32m(release)[0m> 			s_suppkey = l_suppkey
[32m(release)[0m> 			and o_orderkey = l_orderkey
[32m(release)[0m> 			and c_custkey = o_custkey
[32m(release)[0m> 			and s_nationkey = n1.n_nationkey
[32m(release)[0m> 			and c_nationkey = n2.n_nationkey
[32m(release)[0m> 			and (
[32m(release)[0m> 				(n1.n_name = 'FRANCE' and n2.n_name = 'GERMANY')
[32m(release)[0m> 				or (n1.n_name = 'GERMANY' and n2.n_name = 'FRANCE')
[32m(release)[0m> 			)
[32m(release)[0m> 			and l_shipdate between date '1995-01-01' and date '1996-12-31'
[32m(release)[0m> 	) as shipping
[32m(release)[0m> group by
[32m(release)[0m> 	supp_nation,
[32m(release)[0m> 	cust_nation,
[32m(release)[0m> 	l_year
[32m(release)[0m> order by
[32m(release)[0m> 	supp_nation,
[32m(release)[0m> 	cust_nation,
[32m(release)[0m> 	l_year;
Greedy pick_runtime_exec_resource: local pool full, falling back to remote pool
VmRSS Change: 18446744073709551104 KB
===
4 rows total
Execution info: [PARSE: 90 µs 699 ns, SQL TRANSLATE: 277 µs 627 ns, OPTIMIZE: 23 ms 617 µs, LQP TRANSLATE: 552 µs 994 ns, EXECUTE: 1 s 163 ms (wall time) | QUERY PLAN CACHE HITS: 0/1 statement(s)]
After reset, table use_count: 2
WARNING: Table still has 1 other owner(s) after pipeline reset!
Executing script file done
$:hsh clear_plan_caches
Cleared PQP and LQP caches
$:hsh clear_pipeline
Released last SQLPipeline
$:hsh reset_exec_pools
Reset execution pools (2, 3) bump pointers to start
$:hsh mem_usage
------------------------------------------
Memory Usage Statistics:
VmSize:	327413976 kB
VmRSS:	102806140 kB
0: MemResourceStatus {MigratedColumnsAggregate,18446744073709551615,63469016785,52888587462,52888587462,0,0,N/A}
MemResourceStatus {NumaMonotonicResource,3,53687091200,0,0,0,1,0}
MemResourceStatus {NumaMonotonicResource,2,53687091200,0,0,0,0,0}
0: MemResourceStatus {MemManagerAggregate,18446744073709551615,53687091200,0,0,0,0,N/A}
1: MemResourceStatus {MemManagerAggregate,18446744073709551615,53687091200,0,0,0,1,N/A}
MemResourceStatus {DefaultResource,18446744073709551615,18446744073709551615,18446744069992734019,60455899246,0,-1,N/A}
Quick Memory Usage Overview:
Used Capacity: 52888587462, 0
------------------------------------------
Executing script file: /home/umeshsum/tpch_queries/7.sql
[32m(release)[0m> select
[32m(release)[0m> 	supp_nation,
[32m(release)[0m> 	cust_nation,
[32m(release)[0m> 	l_year,
[32m(release)[0m> 	sum(volume) as revenue
[32m(release)[0m> from
[32m(release)[0m> 	(
[32m(release)[0m> 		select
[32m(release)[0m> 			n1.n_name as supp_nation,
[32m(release)[0m> 			n2.n_name as cust_nation,
[32m(release)[0m> 			extract(year from l_shipdate) as l_year,
[32m(release)[0m> 			l_extendedprice * (1 - l_discount) as volume
[32m(release)[0m> 		from
[32m(release)[0m> 			supplier,
[32m(release)[0m> 			lineitem,
[32m(release)[0m> 			orders,
[32m(release)[0m> 			customer,
[32m(release)[0m> 			nation n1,
[32m(release)[0m> 			nation n2
[32m(release)[0m> 		where
[32m(release)[0m> 			s_suppkey = l_suppkey
[32m(release)[0m> 			and o_orderkey = l_orderkey
[32m(release)[0m> 			and c_custkey = o_custkey
[32m(release)[0m> 			and s_nationkey = n1.n_nationkey
[32m(release)[0m> 			and c_nationkey = n2.n_nationkey
[32m(release)[0m> 			and (
[32m(release)[0m> 				(n1.n_name = 'FRANCE' and n2.n_name = 'GERMANY')
[32m(release)[0m> 				or (n1.n_name = 'GERMANY' and n2.n_name = 'FRANCE')
[32m(release)[0m> 			)
[32m(release)[0m> 			and l_shipdate between date '1995-01-01' and date '1996-12-31'
[32m(release)[0m> 	) as shipping
[32m(release)[0m> group by
[32m(release)[0m> 	supp_nation,
[32m(release)[0m> 	cust_nation,
[32m(release)[0m> 	l_year
[32m(release)[0m> order by
[32m(release)[0m> 	supp_nation,
[32m(release)[0m> 	cust_nation,
[32m(release)[0m> 	l_year;
Greedy pick_runtime_exec_resource: local pool full, falling back to remote pool
Greedy pick_runtime_exec_resource: local pool full, falling back to remote pool
VmRSS Change: 1860 KB
===
4 rows total
Execution info: [PARSE: 85 µs 789 ns, SQL TRANSLATE: 286 µs 337 ns, OPTIMIZE: 23 ms 627 µs, LQP TRANSLATE: 579 µs 724 ns, EXECUTE: 1 s 156 ms (wall time) | QUERY PLAN CACHE HITS: 0/1 statement(s)]
After reset, table use_count: 2
WARNING: Table still has 1 other owner(s) after pipeline reset!
Executing script file done
$:hsh clear_plan_caches
Cleared PQP and LQP caches
$:hsh clear_pipeline
Released last SQLPipeline
$:hsh reset_exec_pools
Reset execution pools (2, 3) bump pointers to start
$:hsh mem_usage
------------------------------------------
Memory Usage Statistics:
VmSize:	327413976 kB
VmRSS:	102808004 kB
0: MemResourceStatus {MigratedColumnsAggregate,18446744073709551615,63469016785,52888587462,52888587462,0,0,N/A}
MemResourceStatus {NumaMonotonicResource,3,53687091200,0,0,0,1,0}
MemResourceStatus {NumaMonotonicResource,2,53687091200,0,0,0,0,0}
0: MemResourceStatus {MemManagerAggregate,18446744073709551615,53687091200,0,0,0,0,N/A}
1: MemResourceStatus {MemManagerAggregate,18446744073709551615,53687091200,0,0,0,1,N/A}
MemResourceStatus {DefaultResource,18446744073709551615,18446744073709551615,18446744069992734019,60455899246,0,-1,N/A}
Quick Memory Usage Overview:
Used Capacity: 52888587462, 0
------------------------------------------
Executing script file: /home/umeshsum/tpch_queries/7.sql
[32m(release)[0m> select
[32m(release)[0m> 	supp_nation,
[32m(release)[0m> 	cust_nation,
[32m(release)[0m> 	l_year,
[32m(release)[0m> 	sum(volume) as revenue
[32m(release)[0m> from
[32m(release)[0m> 	(
[32m(release)[0m> 		select
[32m(release)[0m> 			n1.n_name as supp_nation,
[32m(release)[0m> 			n2.n_name as cust_nation,
[32m(release)[0m> 			extract(year from l_shipdate) as l_year,
[32m(release)[0m> 			l_extendedprice * (1 - l_discount) as volume
[32m(release)[0m> 		from
[32m(release)[0m> 			supplier,
[32m(release)[0m> 			lineitem,
[32m(release)[0m> 			orders,
[32m(release)[0m> 			customer,
[32m(release)[0m> 			nation n1,
[32m(release)[0m> 			nation n2
[32m(release)[0m> 		where
[32m(release)[0m> 			s_suppkey = l_suppkey
[32m(release)[0m> 			and o_orderkey = l_orderkey
[32m(release)[0m> 			and c_custkey = o_custkey
[32m(release)[0m> 			and s_nationkey = n1.n_nationkey
[32m(release)[0m> 			and c_nationkey = n2.n_nationkey
[32m(release)[0m> 			and (
[32m(release)[0m> 				(n1.n_name = 'FRANCE' and n2.n_name = 'GERMANY')
[32m(release)[0m> 				or (n1.n_name = 'GERMANY' and n2.n_name = 'FRANCE')
[32m(release)[0m> 			)
[32m(release)[0m> 			and l_shipdate between date '1995-01-01' and date '1996-12-31'
[32m(release)[0m> 	) as shipping
[32m(release)[0m> group by
[32m(release)[0m> 	supp_nation,
[32m(release)[0m> 	cust_nation,
[32m(release)[0m> 	l_year
[32m(release)[0m> order by
[32m(release)[0m> 	supp_nation,
[32m(release)[0m> 	cust_nation,
[32m(release)[0m> 	l_year;
Greedy pick_runtime_exec_resource: local pool full, falling back to remote pool
Greedy pick_runtime_exec_resource: local pool full, falling back to remote pool
VmRSS Change: 18446744073709549024 KB
===
4 rows total
Execution info: [PARSE: 89 µs 29 ns, SQL TRANSLATE: 277 µs 357 ns, OPTIMIZE: 23 ms 710 µs, LQP TRANSLATE: 549 µs 804 ns, EXECUTE: 1 s 67 ms (wall time) | QUERY PLAN CACHE HITS: 0/1 statement(s)]
After reset, table use_count: 2
WARNING: Table still has 1 other owner(s) after pipeline reset!
Executing script file done
$:hsh clear_plan_caches
Cleared PQP and LQP caches
$:hsh clear_pipeline
Released last SQLPipeline
$:hsh reset_exec_pools
Reset execution pools (2, 3) bump pointers to start
$:hsh mem_usage
------------------------------------------
Memory Usage Statistics:
VmSize:	327413976 kB
VmRSS:	102805428 kB
0: MemResourceStatus {MigratedColumnsAggregate,18446744073709551615,63469016785,52888587462,52888587462,0,0,N/A}
MemResourceStatus {NumaMonotonicResource,3,53687091200,0,0,0,1,0}
MemResourceStatus {NumaMonotonicResource,2,53687091200,0,0,0,0,0}
0: MemResourceStatus {MemManagerAggregate,18446744073709551615,53687091200,0,0,0,0,N/A}
1: MemResourceStatus {MemManagerAggregate,18446744073709551615,53687091200,0,0,0,1,N/A}
MemResourceStatus {DefaultResource,18446744073709551615,18446744073709551615,18446744069992734019,60455899246,0,-1,N/A}
Quick Memory Usage Overview:
Used Capacity: 52888587462, 0
------------------------------------------
Executing script file: /home/umeshsum/tpch_queries/7.sql
[32m(release)[0m> select
[32m(release)[0m> 	supp_nation,
[32m(release)[0m> 	cust_nation,
[32m(release)[0m> 	l_year,
[32m(release)[0m> 	sum(volume) as revenue
[32m(release)[0m> from
[32m(release)[0m> 	(
[32m(release)[0m> 		select
[32m(release)[0m> 			n1.n_name as supp_nation,
[32m(release)[0m> 			n2.n_name as cust_nation,
[32m(release)[0m> 			extract(year from l_shipdate) as l_year,
[32m(release)[0m> 			l_extendedprice * (1 - l_discount) as volume
[32m(release)[0m> 		from
[32m(release)[0m> 			supplier,
[32m(release)[0m> 			lineitem,
[32m(release)[0m> 			orders,
[32m(release)[0m> 			customer,
[32m(release)[0m> 			nation n1,
[32m(release)[0m> 			nation n2
[32m(release)[0m> 		where
[32m(release)[0m> 			s_suppkey = l_suppkey
[32m(release)[0m> 			and o_orderkey = l_orderkey
[32m(release)[0m> 			and c_custkey = o_custkey
[32m(release)[0m> 			and s_nationkey = n1.n_nationkey
[32m(release)[0m> 			and c_nationkey = n2.n_nationkey
[32m(release)[0m> 			and (
[32m(release)[0m> 				(n1.n_name = 'FRANCE' and n2.n_name = 'GERMANY')
[32m(release)[0m> 				or (n1.n_name = 'GERMANY' and n2.n_name = 'FRANCE')
[32m(release)[0m> 			)
[32m(release)[0m> 			and l_shipdate between date '1995-01-01' and date '1996-12-31'
[32m(release)[0m> 	) as shipping
[32m(release)[0m> group by
[32m(release)[0m> 	supp_nation,
[32m(release)[0m> 	cust_nation,
[32m(release)[0m> 	l_year
[32m(release)[0m> order by
[32m(release)[0m> 	supp_nation,
[32m(release)[0m> 	cust_nation,
[32m(release)[0m> 	l_year;
Greedy pick_runtime_exec_resource: local pool full, falling back to remote pool
Greedy pick_runtime_exec_resource: local pool full, falling back to remote pool
Greedy pick_runtime_exec_resource: local pool full, falling back to remote pool
VmRSS Change: 18446744073709551004 KB
===
4 rows total
Execution info: [PARSE: 84 µs 419 ns, SQL TRANSLATE: 291 µs 727 ns, OPTIMIZE: 23 ms 686 µs, LQP TRANSLATE: 552 µs 464 ns, EXECUTE: 1 s 28 ms (wall time) | QUERY PLAN CACHE HITS: 0/1 statement(s)]
After reset, table use_count: 2
WARNING: Table still has 1 other owner(s) after pipeline reset!
Executing script file done
$:hsh clear_plan_caches
Cleared PQP and LQP caches
$:hsh clear_pipeline
Released last SQLPipeline
$:hsh reset_exec_pools
Reset execution pools (2, 3) bump pointers to start
$:hsh mem_usage
------------------------------------------
Memory Usage Statistics:
VmSize:	327413976 kB
VmRSS:	102804784 kB
0: MemResourceStatus {MigratedColumnsAggregate,18446744073709551615,63469016785,52888587462,52888587462,0,0,N/A}
MemResourceStatus {NumaMonotonicResource,3,53687091200,0,0,0,1,0}
MemResourceStatus {NumaMonotonicResource,2,53687091200,0,0,0,0,0}
0: MemResourceStatus {MemManagerAggregate,18446744073709551615,53687091200,0,0,0,0,N/A}
1: MemResourceStatus {MemManagerAggregate,18446744073709551615,53687091200,0,0,0,1,N/A}
MemResourceStatus {DefaultResource,18446744073709551615,18446744073709551615,18446744069992734019,60455899246,0,-1,N/A}
Quick Memory Usage Overview:
Used Capacity: 52888587462, 0
------------------------------------------
Executing script file: /home/umeshsum/tpch_queries/7.sql
[32m(release)[0m> select
[32m(release)[0m> 	supp_nation,
[32m(release)[0m> 	cust_nation,
[32m(release)[0m> 	l_year,
[32m(release)[0m> 	sum(volume) as revenue
[32m(release)[0m> from
[32m(release)[0m> 	(
[32m(release)[0m> 		select
[32m(release)[0m> 			n1.n_name as supp_nation,
[32m(release)[0m> 			n2.n_name as cust_nation,
[32m(release)[0m> 			extract(year from l_shipdate) as l_year,
[32m(release)[0m> 			l_extendedprice * (1 - l_discount) as volume
[32m(release)[0m> 		from
[32m(release)[0m> 			supplier,
[32m(release)[0m> 			lineitem,
[32m(release)[0m> 			orders,
[32m(release)[0m> 			customer,
[32m(release)[0m> 			nation n1,
[32m(release)[0m> 			nation n2
[32m(release)[0m> 		where
[32m(release)[0m> 			s_suppkey = l_suppkey
[32m(release)[0m> 			and o_orderkey = l_orderkey
[32m(release)[0m> 			and c_custkey = o_custkey
[32m(release)[0m> 			and s_nationkey = n1.n_nationkey
[32m(release)[0m> 			and c_nationkey = n2.n_nationkey
[32m(release)[0m> 			and (
[32m(release)[0m> 				(n1.n_name = 'FRANCE' and n2.n_name = 'GERMANY')
[32m(release)[0m> 				or (n1.n_name = 'GERMANY' and n2.n_name = 'FRANCE')
[32m(release)[0m> 			)
[32m(release)[0m> 			and l_shipdate between date '1995-01-01' and date '1996-12-31'
[32m(release)[0m> 	) as shipping
[32m(release)[0m> group by
[32m(release)[0m> 	supp_nation,
[32m(release)[0m> 	cust_nation,
[32m(release)[0m> 	l_year
[32m(release)[0m> order by
[32m(release)[0m> 	supp_nation,
[32m(release)[0m> 	cust_nation,
[32m(release)[0m> 	l_year;
Greedy pick_runtime_exec_resource: local pool full, falling back to remote pool
Greedy pick_runtime_exec_resource: local pool full, falling back to remote pool
Greedy pick_runtime_exec_resource: local pool full, falling back to remote pool
VmRSS Change: 18446744073709548992 KB
===
4 rows total
Execution info: [PARSE: 88 µs 190 ns, SQL TRANSLATE: 277 µs 697 ns, OPTIMIZE: 23 ms 628 µs, LQP TRANSLATE: 552 µs 365 ns, EXECUTE: 1 s 91 ms (wall time) | QUERY PLAN CACHE HITS: 0/1 statement(s)]
After reset, table use_count: 2
WARNING: Table still has 1 other owner(s) after pipeline reset!
Executing script file done
$:hsh clear_plan_caches
Cleared PQP and LQP caches
$:hsh clear_pipeline
Released last SQLPipeline
$:hsh reset_exec_pools
Reset execution pools (2, 3) bump pointers to start
$:hsh mem_usage
------------------------------------------
Memory Usage Statistics:
VmSize:	327413976 kB
VmRSS:	102802128 kB
0: MemResourceStatus {MigratedColumnsAggregate,18446744073709551615,63469016785,52888587462,52888587462,0,0,N/A}
MemResourceStatus {NumaMonotonicResource,3,53687091200,0,0,0,1,0}
MemResourceStatus {NumaMonotonicResource,2,53687091200,0,0,0,0,0}
0: MemResourceStatus {MemManagerAggregate,18446744073709551615,53687091200,0,0,0,0,N/A}
1: MemResourceStatus {MemManagerAggregate,18446744073709551615,53687091200,0,0,0,1,N/A}
MemResourceStatus {DefaultResource,18446744073709551615,18446744073709551615,18446744069992734019,60455899246,0,-1,N/A}
Quick Memory Usage Overview:
Used Capacity: 52888587462, 0
------------------------------------------
Executing script file: /home/umeshsum/tpch_queries/7.sql
[32m(release)[0m> select
[32m(release)[0m> 	supp_nation,
[32m(release)[0m> 	cust_nation,
[32m(release)[0m> 	l_year,
[32m(release)[0m> 	sum(volume) as revenue
[32m(release)[0m> from
[32m(release)[0m> 	(
[32m(release)[0m> 		select
[32m(release)[0m> 			n1.n_name as supp_nation,
[32m(release)[0m> 			n2.n_name as cust_nation,
[32m(release)[0m> 			extract(year from l_shipdate) as l_year,
[32m(release)[0m> 			l_extendedprice * (1 - l_discount) as volume
[32m(release)[0m> 		from
[32m(release)[0m> 			supplier,
[32m(release)[0m> 			lineitem,
[32m(release)[0m> 			orders,
[32m(release)[0m> 			customer,
[32m(release)[0m> 			nation n1,
[32m(release)[0m> 			nation n2
[32m(release)[0m> 		where
[32m(release)[0m> 			s_suppkey = l_suppkey
[32m(release)[0m> 			and o_orderkey = l_orderkey
[32m(release)[0m> 			and c_custkey = o_custkey
[32m(release)[0m> 			and s_nationkey = n1.n_nationkey
[32m(release)[0m> 			and c_nationkey = n2.n_nationkey
[32m(release)[0m> 			and (
[32m(release)[0m> 				(n1.n_name = 'FRANCE' and n2.n_name = 'GERMANY')
[32m(release)[0m> 				or (n1.n_name = 'GERMANY' and n2.n_name = 'FRANCE')
[32m(release)[0m> 			)
[32m(release)[0m> 			and l_shipdate between date '1995-01-01' and date '1996-12-31'
[32m(release)[0m> 	) as shipping
[32m(release)[0m> group by
[32m(release)[0m> 	supp_nation,
[32m(release)[0m> 	cust_nation,
[32m(release)[0m> 	l_year
[32m(release)[0m> order by
[32m(release)[0m> 	supp_nation,
[32m(release)[0m> 	cust_nation,
[32m(release)[0m> 	l_year;
Greedy pick_runtime_exec_resource: local pool full, falling back to remote pool
Greedy pick_runtime_exec_resource: local pool full, falling back to remote pool
Greedy pick_runtime_exec_resource: local pool full, falling back to remote pool
VmRSS Change: 18446744073709551548 KB
===
4 rows total
Execution info: [PARSE: 85 µs 509 ns, SQL TRANSLATE: 281 µs 57 ns, OPTIMIZE: 23 ms 643 µs, LQP TRANSLATE: 544 µs 54 ns, EXECUTE: 1 s 0 ms (wall time) | QUERY PLAN CACHE HITS: 0/1 statement(s)]
After reset, table use_count: 2
WARNING: Table still has 1 other owner(s) after pipeline reset!
Executing script file done
$:hsh clear_plan_caches
Cleared PQP and LQP caches
$:hsh clear_pipeline
Released last SQLPipeline
$:hsh reset_exec_pools
Reset execution pools (2, 3) bump pointers to start
$:hsh mem_usage
------------------------------------------
Memory Usage Statistics:
VmSize:	327413976 kB
VmRSS:	102802088 kB
0: MemResourceStatus {MigratedColumnsAggregate,18446744073709551615,63469016785,52888587462,52888587462,0,0,N/A}
MemResourceStatus {NumaMonotonicResource,3,53687091200,0,0,0,1,0}
MemResourceStatus {NumaMonotonicResource,2,53687091200,0,0,0,0,0}
0: MemResourceStatus {MemManagerAggregate,18446744073709551615,53687091200,0,0,0,0,N/A}
1: MemResourceStatus {MemManagerAggregate,18446744073709551615,53687091200,0,0,0,1,N/A}
MemResourceStatus {DefaultResource,18446744073709551615,18446744073709551615,18446744069992734019,60455899246,0,-1,N/A}
Quick Memory Usage Overview:
Used Capacity: 52888587462, 0
------------------------------------------
Executing script file: /home/umeshsum/tpch_queries/7.sql
[32m(release)[0m> select
[32m(release)[0m> 	supp_nation,
[32m(release)[0m> 	cust_nation,
[32m(release)[0m> 	l_year,
[32m(release)[0m> 	sum(volume) as revenue
[32m(release)[0m> from
[32m(release)[0m> 	(
[32m(release)[0m> 		select
[32m(release)[0m> 			n1.n_name as supp_nation,
[32m(release)[0m> 			n2.n_name as cust_nation,
[32m(release)[0m> 			extract(year from l_shipdate) as l_year,
[32m(release)[0m> 			l_extendedprice * (1 - l_discount) as volume
[32m(release)[0m> 		from
[32m(release)[0m> 			supplier,
[32m(release)[0m> 			lineitem,
[32m(release)[0m> 			orders,
[32m(release)[0m> 			customer,
[32m(release)[0m> 			nation n1,
[32m(release)[0m> 			nation n2
[32m(release)[0m> 		where
[32m(release)[0m> 			s_suppkey = l_suppkey
[32m(release)[0m> 			and o_orderkey = l_orderkey
[32m(release)[0m> 			and c_custkey = o_custkey
[32m(release)[0m> 			and s_nationkey = n1.n_nationkey
[32m(release)[0m> 			and c_nationkey = n2.n_nationkey
[32m(release)[0m> 			and (
[32m(release)[0m> 				(n1.n_name = 'FRANCE' and n2.n_name = 'GERMANY')
[32m(release)[0m> 				or (n1.n_name = 'GERMANY' and n2.n_name = 'FRANCE')
[32m(release)[0m> 			)
[32m(release)[0m> 			and l_shipdate between date '1995-01-01' and date '1996-12-31'
[32m(release)[0m> 	) as shipping
[32m(release)[0m> group by
[32m(release)[0m> 	supp_nation,
[32m(release)[0m> 	cust_nation,
[32m(release)[0m> 	l_year
[32m(release)[0m> order by
[32m(release)[0m> 	supp_nation,
[32m(release)[0m> 	cust_nation,
[32m(release)[0m> 	l_year;
Greedy pick_runtime_exec_resource: local pool full, falling back to remote pool
VmRSS Change: 3508 KB
===
4 rows total
Execution info: [PARSE: 89 µs 869 ns, SQL TRANSLATE: 279 µs 777 ns, OPTIMIZE: 23 ms 830 µs, LQP TRANSLATE: 545 µs 355 ns, EXECUTE: 1 s 5 ms (wall time) | QUERY PLAN CACHE HITS: 0/1 statement(s)]
After reset, table use_count: 2
WARNING: Table still has 1 other owner(s) after pipeline reset!
Executing script file done
$:hsh clear_plan_caches
Cleared PQP and LQP caches
$:hsh clear_pipeline
Released last SQLPipeline
$:hsh reset_exec_pools
Reset execution pools (2, 3) bump pointers to start
$:hsh mem_usage
------------------------------------------
Memory Usage Statistics:
VmSize:	327413976 kB
VmRSS:	102805568 kB
0: MemResourceStatus {MigratedColumnsAggregate,18446744073709551615,63469016785,52888587462,52888587462,0,0,N/A}
MemResourceStatus {NumaMonotonicResource,3,53687091200,0,0,0,1,0}
MemResourceStatus {NumaMonotonicResource,2,53687091200,0,0,0,0,0}
0: MemResourceStatus {MemManagerAggregate,18446744073709551615,53687091200,0,0,0,0,N/A}
1: MemResourceStatus {MemManagerAggregate,18446744073709551615,53687091200,0,0,0,1,N/A}
MemResourceStatus {DefaultResource,18446744073709551615,18446744073709551615,18446744069992734019,60455899246,0,-1,N/A}
Quick Memory Usage Overview:
Used Capacity: 52888587462, 0
------------------------------------------
Label set to d1000000000000_tf1000000000000_q8
$:hsh clear_plan_caches
Cleared PQP and LQP caches
$:hsh clear_pipeline
Released last SQLPipeline
$:hsh reset_exec_pools
Reset execution pools (2, 3) bump pointers to start
$:hsh mem_usage
------------------------------------------
Memory Usage Statistics:
VmSize:	327413976 kB
VmRSS:	102805488 kB
0: MemResourceStatus {MigratedColumnsAggregate,18446744073709551615,63469016785,52888587462,52888587462,0,0,N/A}
MemResourceStatus {NumaMonotonicResource,3,53687091200,0,0,0,1,0}
MemResourceStatus {NumaMonotonicResource,2,53687091200,0,0,0,0,0}
0: MemResourceStatus {MemManagerAggregate,18446744073709551615,53687091200,0,0,0,0,N/A}
1: MemResourceStatus {MemManagerAggregate,18446744073709551615,53687091200,0,0,0,1,N/A}
MemResourceStatus {DefaultResource,18446744073709551615,18446744073709551615,18446744069992734019,60455899246,0,-1,N/A}
Quick Memory Usage Overview:
Used Capacity: 52888587462, 0
------------------------------------------
Executing script file: /home/umeshsum/tpch_queries/8.sql
[32m(release)[0m> select
[32m(release)[0m> 	o_year,
[32m(release)[0m> 	sum(case
[32m(release)[0m> 		when nation = 'BRAZIL' then volume
[32m(release)[0m> 		else 0
[32m(release)[0m> 	end) / sum(volume) as mkt_share
[32m(release)[0m> from
[32m(release)[0m> 	(
[32m(release)[0m> 		select
[32m(release)[0m> 			extract(year from o_orderdate) as o_year,
[32m(release)[0m> 			l_extendedprice * (1 - l_discount) as volume,
[32m(release)[0m> 			n2.n_name as nation
[32m(release)[0m> 		from
[32m(release)[0m> 			part,
[32m(release)[0m> 			supplier,
[32m(release)[0m> 			lineitem,
[32m(release)[0m> 			orders,
[32m(release)[0m> 			customer,
[32m(release)[0m> 			nation n1,
[32m(release)[0m> 			nation n2,
[32m(release)[0m> 			region
[32m(release)[0m> 		where
[32m(release)[0m> 			p_partkey = l_partkey
[32m(release)[0m> 			and s_suppkey = l_suppkey
[32m(release)[0m> 			and l_orderkey = o_orderkey
[32m(release)[0m> 			and o_custkey = c_custkey
[32m(release)[0m> 			and c_nationkey = n1.n_nationkey
[32m(release)[0m> 			and n1.n_regionkey = r_regionkey
[32m(release)[0m> 			and r_name = 'AMERICA'
[32m(release)[0m> 			and s_nationkey = n2.n_nationkey
[32m(release)[0m> 			and o_orderdate between date '1995-01-01' and date '1996-12-31'
[32m(release)[0m> 			and p_type = 'ECONOMY ANODIZED STEEL'
[32m(release)[0m> 	) as all_nations
[32m(release)[0m> group by
[32m(release)[0m> 	o_year
[32m(release)[0m> order by
[32m(release)[0m> 	o_year;
Greedy pick_runtime_exec_resource: local pool full, falling back to remote pool
VmRSS Change: 18446744073709549704 KB
===
2 rows total
Execution info: [PARSE: 89 µs 9 ns, SQL TRANSLATE: 346 µs 636 ns, OPTIMIZE: 11 ms 268 µs, LQP TRANSLATE: 363 µs 387 ns, EXECUTE: 579 ms 789 µs (wall time) | QUERY PLAN CACHE HITS: 0/1 statement(s)]
After reset, table use_count: 2
WARNING: Table still has 1 other owner(s) after pipeline reset!
Executing script file done
$:hsh clear_plan_caches
Cleared PQP and LQP caches
$:hsh clear_pipeline
Released last SQLPipeline
$:hsh reset_exec_pools
Reset execution pools (2, 3) bump pointers to start
$:hsh mem_usage
------------------------------------------
Memory Usage Statistics:
VmSize:	327413976 kB
VmRSS:	102803608 kB
0: MemResourceStatus {MigratedColumnsAggregate,18446744073709551615,63469016785,52888587462,52888587462,0,0,N/A}
MemResourceStatus {NumaMonotonicResource,3,53687091200,0,0,0,1,0}
MemResourceStatus {NumaMonotonicResource,2,53687091200,0,0,0,0,0}
0: MemResourceStatus {MemManagerAggregate,18446744073709551615,53687091200,0,0,0,0,N/A}
1: MemResourceStatus {MemManagerAggregate,18446744073709551615,53687091200,0,0,0,1,N/A}
MemResourceStatus {DefaultResource,18446744073709551615,18446744073709551615,18446744069992734019,60455899246,0,-1,N/A}
Quick Memory Usage Overview:
Used Capacity: 52888587462, 0
------------------------------------------
Executing script file: /home/umeshsum/tpch_queries/8.sql
[32m(release)[0m> select
[32m(release)[0m> 	o_year,
[32m(release)[0m> 	sum(case
[32m(release)[0m> 		when nation = 'BRAZIL' then volume
[32m(release)[0m> 		else 0
[32m(release)[0m> 	end) / sum(volume) as mkt_share
[32m(release)[0m> from
[32m(release)[0m> 	(
[32m(release)[0m> 		select
[32m(release)[0m> 			extract(year from o_orderdate) as o_year,
[32m(release)[0m> 			l_extendedprice * (1 - l_discount) as volume,
[32m(release)[0m> 			n2.n_name as nation
[32m(release)[0m> 		from
[32m(release)[0m> 			part,
[32m(release)[0m> 			supplier,
[32m(release)[0m> 			lineitem,
[32m(release)[0m> 			orders,
[32m(release)[0m> 			customer,
[32m(release)[0m> 			nation n1,
[32m(release)[0m> 			nation n2,
[32m(release)[0m> 			region
[32m(release)[0m> 		where
[32m(release)[0m> 			p_partkey = l_partkey
[32m(release)[0m> 			and s_suppkey = l_suppkey
[32m(release)[0m> 			and l_orderkey = o_orderkey
[32m(release)[0m> 			and o_custkey = c_custkey
[32m(release)[0m> 			and c_nationkey = n1.n_nationkey
[32m(release)[0m> 			and n1.n_regionkey = r_regionkey
[32m(release)[0m> 			and r_name = 'AMERICA'
[32m(release)[0m> 			and s_nationkey = n2.n_nationkey
[32m(release)[0m> 			and o_orderdate between date '1995-01-01' and date '1996-12-31'
[32m(release)[0m> 			and p_type = 'ECONOMY ANODIZED STEEL'
[32m(release)[0m> 	) as all_nations
[32m(release)[0m> group by
[32m(release)[0m> 	o_year
[32m(release)[0m> order by
[32m(release)[0m> 	o_year;
Greedy pick_runtime_exec_resource: local pool full, falling back to remote pool
VmRSS Change: 88 KB
===
2 rows total
Execution info: [PARSE: 87 µs 729 ns, SQL TRANSLATE: 321 µs 547 ns, OPTIMIZE: 11 ms 3 µs, LQP TRANSLATE: 357 µs 797 ns, EXECUTE: 574 ms 299 µs (wall time) | QUERY PLAN CACHE HITS: 0/1 statement(s)]
After reset, table use_count: 2
WARNING: Table still has 1 other owner(s) after pipeline reset!
Executing script file done
$:hsh clear_plan_caches
Cleared PQP and LQP caches
$:hsh clear_pipeline
Released last SQLPipeline
$:hsh reset_exec_pools
Reset execution pools (2, 3) bump pointers to start
$:hsh mem_usage
------------------------------------------
Memory Usage Statistics:
VmSize:	327413976 kB
VmRSS:	102803604 kB
0: MemResourceStatus {MigratedColumnsAggregate,18446744073709551615,63469016785,52888587462,52888587462,0,0,N/A}
MemResourceStatus {NumaMonotonicResource,3,53687091200,0,0,0,1,0}
MemResourceStatus {NumaMonotonicResource,2,53687091200,0,0,0,0,0}
0: MemResourceStatus {MemManagerAggregate,18446744073709551615,53687091200,0,0,0,0,N/A}
1: MemResourceStatus {MemManagerAggregate,18446744073709551615,53687091200,0,0,0,1,N/A}
MemResourceStatus {DefaultResource,18446744073709551615,18446744073709551615,18446744069992734019,60455899246,0,-1,N/A}
Quick Memory Usage Overview:
Used Capacity: 52888587462, 0
------------------------------------------
Executing script file: /home/umeshsum/tpch_queries/8.sql
[32m(release)[0m> select
[32m(release)[0m> 	o_year,
[32m(release)[0m> 	sum(case
[32m(release)[0m> 		when nation = 'BRAZIL' then volume
[32m(release)[0m> 		else 0
[32m(release)[0m> 	end) / sum(volume) as mkt_share
[32m(release)[0m> from
[32m(release)[0m> 	(
[32m(release)[0m> 		select
[32m(release)[0m> 			extract(year from o_orderdate) as o_year,
[32m(release)[0m> 			l_extendedprice * (1 - l_discount) as volume,
[32m(release)[0m> 			n2.n_name as nation
[32m(release)[0m> 		from
[32m(release)[0m> 			part,
[32m(release)[0m> 			supplier,
[32m(release)[0m> 			lineitem,
[32m(release)[0m> 			orders,
[32m(release)[0m> 			customer,
[32m(release)[0m> 			nation n1,
[32m(release)[0m> 			nation n2,
[32m(release)[0m> 			region
[32m(release)[0m> 		where
[32m(release)[0m> 			p_partkey = l_partkey
[32m(release)[0m> 			and s_suppkey = l_suppkey
[32m(release)[0m> 			and l_orderkey = o_orderkey
[32m(release)[0m> 			and o_custkey = c_custkey
[32m(release)[0m> 			and c_nationkey = n1.n_nationkey
[32m(release)[0m> 			and n1.n_regionkey = r_regionkey
[32m(release)[0m> 			and r_name = 'AMERICA'
[32m(release)[0m> 			and s_nationkey = n2.n_nationkey
[32m(release)[0m> 			and o_orderdate between date '1995-01-01' and date '1996-12-31'
[32m(release)[0m> 			and p_type = 'ECONOMY ANODIZED STEEL'
[32m(release)[0m> 	) as all_nations
[32m(release)[0m> group by
[32m(release)[0m> 	o_year
[32m(release)[0m> order by
[32m(release)[0m> 	o_year;
Greedy pick_runtime_exec_resource: local pool full, falling back to remote pool
VmRSS Change: 18446744073709548024 KB
===
2 rows total
Execution info: [PARSE: 91 µs 79 ns, SQL TRANSLATE: 356 µs 287 ns, OPTIMIZE: 11 ms 95 µs, LQP TRANSLATE: 357 µs 766 ns, EXECUTE: 583 ms 237 µs (wall time) | QUERY PLAN CACHE HITS: 0/1 statement(s)]
After reset, table use_count: 2
WARNING: Table still has 1 other owner(s) after pipeline reset!
Executing script file done
$:hsh clear_plan_caches
Cleared PQP and LQP caches
$:hsh clear_pipeline
Released last SQLPipeline
$:hsh reset_exec_pools
Reset execution pools (2, 3) bump pointers to start
$:hsh mem_usage
------------------------------------------
Memory Usage Statistics:
VmSize:	327413976 kB
VmRSS:	102800052 kB
0: MemResourceStatus {MigratedColumnsAggregate,18446744073709551615,63469016785,52888587462,52888587462,0,0,N/A}
MemResourceStatus {NumaMonotonicResource,3,53687091200,0,0,0,1,0}
MemResourceStatus {NumaMonotonicResource,2,53687091200,0,0,0,0,0}
0: MemResourceStatus {MemManagerAggregate,18446744073709551615,53687091200,0,0,0,0,N/A}
1: MemResourceStatus {MemManagerAggregate,18446744073709551615,53687091200,0,0,0,1,N/A}
MemResourceStatus {DefaultResource,18446744073709551615,18446744073709551615,18446744069992734019,60455899246,0,-1,N/A}
Quick Memory Usage Overview:
Used Capacity: 52888587462, 0
------------------------------------------
Executing script file: /home/umeshsum/tpch_queries/8.sql
[32m(release)[0m> select
[32m(release)[0m> 	o_year,
[32m(release)[0m> 	sum(case
[32m(release)[0m> 		when nation = 'BRAZIL' then volume
[32m(release)[0m> 		else 0
[32m(release)[0m> 	end) / sum(volume) as mkt_share
[32m(release)[0m> from
[32m(release)[0m> 	(
[32m(release)[0m> 		select
[32m(release)[0m> 			extract(year from o_orderdate) as o_year,
[32m(release)[0m> 			l_extendedprice * (1 - l_discount) as volume,
[32m(release)[0m> 			n2.n_name as nation
[32m(release)[0m> 		from
[32m(release)[0m> 			part,
[32m(release)[0m> 			supplier,
[32m(release)[0m> 			lineitem,
[32m(release)[0m> 			orders,
[32m(release)[0m> 			customer,
[32m(release)[0m> 			nation n1,
[32m(release)[0m> 			nation n2,
[32m(release)[0m> 			region
[32m(release)[0m> 		where
[32m(release)[0m> 			p_partkey = l_partkey
[32m(release)[0m> 			and s_suppkey = l_suppkey
[32m(release)[0m> 			and l_orderkey = o_orderkey
[32m(release)[0m> 			and o_custkey = c_custkey
[32m(release)[0m> 			and c_nationkey = n1.n_nationkey
[32m(release)[0m> 			and n1.n_regionkey = r_regionkey
[32m(release)[0m> 			and r_name = 'AMERICA'
[32m(release)[0m> 			and s_nationkey = n2.n_nationkey
[32m(release)[0m> 			and o_orderdate between date '1995-01-01' and date '1996-12-31'
[32m(release)[0m> 			and p_type = 'ECONOMY ANODIZED STEEL'
[32m(release)[0m> 	) as all_nations
[32m(release)[0m> group by
[32m(release)[0m> 	o_year
[32m(release)[0m> order by
[32m(release)[0m> 	o_year;
Greedy pick_runtime_exec_resource: local pool full, falling back to remote pool
VmRSS Change: 18446744073709550916 KB
===
2 rows total
Execution info: [PARSE: 90 µs 250 ns, SQL TRANSLATE: 347 µs 417 ns, OPTIMIZE: 10 ms 984 µs, LQP TRANSLATE: 363 µs 306 ns, EXECUTE: 578 ms 394 µs (wall time) | QUERY PLAN CACHE HITS: 0/1 statement(s)]
After reset, table use_count: 2
WARNING: Table still has 1 other owner(s) after pipeline reset!
Executing script file done
$:hsh clear_plan_caches
Cleared PQP and LQP caches
$:hsh clear_pipeline
Released last SQLPipeline
$:hsh reset_exec_pools
Reset execution pools (2, 3) bump pointers to start
$:hsh mem_usage
------------------------------------------
Memory Usage Statistics:
VmSize:	327413976 kB
VmRSS:	102799372 kB
0: MemResourceStatus {MigratedColumnsAggregate,18446744073709551615,63469016785,52888587462,52888587462,0,0,N/A}
MemResourceStatus {NumaMonotonicResource,3,53687091200,0,0,0,1,0}
MemResourceStatus {NumaMonotonicResource,2,53687091200,0,0,0,0,0}
0: MemResourceStatus {MemManagerAggregate,18446744073709551615,53687091200,0,0,0,0,N/A}
1: MemResourceStatus {MemManagerAggregate,18446744073709551615,53687091200,0,0,0,1,N/A}
MemResourceStatus {DefaultResource,18446744073709551615,18446744073709551615,18446744069992734019,60455899246,0,-1,N/A}
Quick Memory Usage Overview:
Used Capacity: 52888587462, 0
------------------------------------------
Executing script file: /home/umeshsum/tpch_queries/8.sql
[32m(release)[0m> select
[32m(release)[0m> 	o_year,
[32m(release)[0m> 	sum(case
[32m(release)[0m> 		when nation = 'BRAZIL' then volume
[32m(release)[0m> 		else 0
[32m(release)[0m> 	end) / sum(volume) as mkt_share
[32m(release)[0m> from
[32m(release)[0m> 	(
[32m(release)[0m> 		select
[32m(release)[0m> 			extract(year from o_orderdate) as o_year,
[32m(release)[0m> 			l_extendedprice * (1 - l_discount) as volume,
[32m(release)[0m> 			n2.n_name as nation
[32m(release)[0m> 		from
[32m(release)[0m> 			part,
[32m(release)[0m> 			supplier,
[32m(release)[0m> 			lineitem,
[32m(release)[0m> 			orders,
[32m(release)[0m> 			customer,
[32m(release)[0m> 			nation n1,
[32m(release)[0m> 			nation n2,
[32m(release)[0m> 			region
[32m(release)[0m> 		where
[32m(release)[0m> 			p_partkey = l_partkey
[32m(release)[0m> 			and s_suppkey = l_suppkey
[32m(release)[0m> 			and l_orderkey = o_orderkey
[32m(release)[0m> 			and o_custkey = c_custkey
[32m(release)[0m> 			and c_nationkey = n1.n_nationkey
[32m(release)[0m> 			and n1.n_regionkey = r_regionkey
[32m(release)[0m> 			and r_name = 'AMERICA'
[32m(release)[0m> 			and s_nationkey = n2.n_nationkey
[32m(release)[0m> 			and o_orderdate between date '1995-01-01' and date '1996-12-31'
[32m(release)[0m> 			and p_type = 'ECONOMY ANODIZED STEEL'
[32m(release)[0m> 	) as all_nations
[32m(release)[0m> group by
[32m(release)[0m> 	o_year
[32m(release)[0m> order by
[32m(release)[0m> 	o_year;
Greedy pick_runtime_exec_resource: local pool full, falling back to remote pool
VmRSS Change: 18446744073709549584 KB
===
2 rows total
Execution info: [PARSE: 89 µs 369 ns, SQL TRANSLATE: 327 µs 466 ns, OPTIMIZE: 11 ms 64 µs, LQP TRANSLATE: 353 µs 517 ns, EXECUTE: 598 ms 6 µs (wall time) | QUERY PLAN CACHE HITS: 0/1 statement(s)]
After reset, table use_count: 2
WARNING: Table still has 1 other owner(s) after pipeline reset!
Executing script file done
$:hsh clear_plan_caches
Cleared PQP and LQP caches
$:hsh clear_pipeline
Released last SQLPipeline
$:hsh reset_exec_pools
Reset execution pools (2, 3) bump pointers to start
$:hsh mem_usage
------------------------------------------
Memory Usage Statistics:
VmSize:	327413976 kB
VmRSS:	102797320 kB
0: MemResourceStatus {MigratedColumnsAggregate,18446744073709551615,63469016785,52888587462,52888587462,0,0,N/A}
MemResourceStatus {NumaMonotonicResource,3,53687091200,0,0,0,1,0}
MemResourceStatus {NumaMonotonicResource,2,53687091200,0,0,0,0,0}
0: MemResourceStatus {MemManagerAggregate,18446744073709551615,53687091200,0,0,0,0,N/A}
1: MemResourceStatus {MemManagerAggregate,18446744073709551615,53687091200,0,0,0,1,N/A}
MemResourceStatus {DefaultResource,18446744073709551615,18446744073709551615,18446744069992734019,60455899246,0,-1,N/A}
Quick Memory Usage Overview:
Used Capacity: 52888587462, 0
------------------------------------------
Executing script file: /home/umeshsum/tpch_queries/8.sql
[32m(release)[0m> select
[32m(release)[0m> 	o_year,
[32m(release)[0m> 	sum(case
[32m(release)[0m> 		when nation = 'BRAZIL' then volume
[32m(release)[0m> 		else 0
[32m(release)[0m> 	end) / sum(volume) as mkt_share
[32m(release)[0m> from
[32m(release)[0m> 	(
[32m(release)[0m> 		select
[32m(release)[0m> 			extract(year from o_orderdate) as o_year,
[32m(release)[0m> 			l_extendedprice * (1 - l_discount) as volume,
[32m(release)[0m> 			n2.n_name as nation
[32m(release)[0m> 		from
[32m(release)[0m> 			part,
[32m(release)[0m> 			supplier,
[32m(release)[0m> 			lineitem,
[32m(release)[0m> 			orders,
[32m(release)[0m> 			customer,
[32m(release)[0m> 			nation n1,
[32m(release)[0m> 			nation n2,
[32m(release)[0m> 			region
[32m(release)[0m> 		where
[32m(release)[0m> 			p_partkey = l_partkey
[32m(release)[0m> 			and s_suppkey = l_suppkey
[32m(release)[0m> 			and l_orderkey = o_orderkey
[32m(release)[0m> 			and o_custkey = c_custkey
[32m(release)[0m> 			and c_nationkey = n1.n_nationkey
[32m(release)[0m> 			and n1.n_regionkey = r_regionkey
[32m(release)[0m> 			and r_name = 'AMERICA'
[32m(release)[0m> 			and s_nationkey = n2.n_nationkey
[32m(release)[0m> 			and o_orderdate between date '1995-01-01' and date '1996-12-31'
[32m(release)[0m> 			and p_type = 'ECONOMY ANODIZED STEEL'
[32m(release)[0m> 	) as all_nations
[32m(release)[0m> group by
[32m(release)[0m> 	o_year
[32m(release)[0m> order by
[32m(release)[0m> 	o_year;
Greedy pick_runtime_exec_resource: local pool full, falling back to remote pool
VmRSS Change: 18446744073709550400 KB
===
2 rows total
Execution info: [PARSE: 91 µs 59 ns, SQL TRANSLATE: 364 µs 866 ns, OPTIMIZE: 10 ms 913 µs, LQP TRANSLATE: 349 µs 57 ns, EXECUTE: 591 ms 913 µs (wall time) | QUERY PLAN CACHE HITS: 0/1 statement(s)]
After reset, table use_count: 2
WARNING: Table still has 1 other owner(s) after pipeline reset!
Executing script file done
$:hsh clear_plan_caches
Cleared PQP and LQP caches
$:hsh clear_pipeline
Released last SQLPipeline
$:hsh reset_exec_pools
Reset execution pools (2, 3) bump pointers to start
$:hsh mem_usage
------------------------------------------
Memory Usage Statistics:
VmSize:	327413976 kB
VmRSS:	102796088 kB
0: MemResourceStatus {MigratedColumnsAggregate,18446744073709551615,63469016785,52888587462,52888587462,0,0,N/A}
MemResourceStatus {NumaMonotonicResource,3,53687091200,0,0,0,1,0}
MemResourceStatus {NumaMonotonicResource,2,53687091200,0,0,0,0,0}
0: MemResourceStatus {MemManagerAggregate,18446744073709551615,53687091200,0,0,0,0,N/A}
1: MemResourceStatus {MemManagerAggregate,18446744073709551615,53687091200,0,0,0,1,N/A}
MemResourceStatus {DefaultResource,18446744073709551615,18446744073709551615,18446744069992734019,60455899246,0,-1,N/A}
Quick Memory Usage Overview:
Used Capacity: 52888587462, 0
------------------------------------------
Executing script file: /home/umeshsum/tpch_queries/8.sql
[32m(release)[0m> select
[32m(release)[0m> 	o_year,
[32m(release)[0m> 	sum(case
[32m(release)[0m> 		when nation = 'BRAZIL' then volume
[32m(release)[0m> 		else 0
[32m(release)[0m> 	end) / sum(volume) as mkt_share
[32m(release)[0m> from
[32m(release)[0m> 	(
[32m(release)[0m> 		select
[32m(release)[0m> 			extract(year from o_orderdate) as o_year,
[32m(release)[0m> 			l_extendedprice * (1 - l_discount) as volume,
[32m(release)[0m> 			n2.n_name as nation
[32m(release)[0m> 		from
[32m(release)[0m> 			part,
[32m(release)[0m> 			supplier,
[32m(release)[0m> 			lineitem,
[32m(release)[0m> 			orders,
[32m(release)[0m> 			customer,
[32m(release)[0m> 			nation n1,
[32m(release)[0m> 			nation n2,
[32m(release)[0m> 			region
[32m(release)[0m> 		where
[32m(release)[0m> 			p_partkey = l_partkey
[32m(release)[0m> 			and s_suppkey = l_suppkey
[32m(release)[0m> 			and l_orderkey = o_orderkey
[32m(release)[0m> 			and o_custkey = c_custkey
[32m(release)[0m> 			and c_nationkey = n1.n_nationkey
[32m(release)[0m> 			and n1.n_regionkey = r_regionkey
[32m(release)[0m> 			and r_name = 'AMERICA'
[32m(release)[0m> 			and s_nationkey = n2.n_nationkey
[32m(release)[0m> 			and o_orderdate between date '1995-01-01' and date '1996-12-31'
[32m(release)[0m> 			and p_type = 'ECONOMY ANODIZED STEEL'
[32m(release)[0m> 	) as all_nations
[32m(release)[0m> group by
[32m(release)[0m> 	o_year
[32m(release)[0m> order by
[32m(release)[0m> 	o_year;
Greedy pick_runtime_exec_resource: local pool full, falling back to remote pool
VmRSS Change: 18446744073709551548 KB
===
2 rows total
Execution info: [PARSE: 44 µs 529 ns, SQL TRANSLATE: 183 µs 8 ns, OPTIMIZE: 4 ms 673 µs, LQP TRANSLATE: 149 µs 828 ns, EXECUTE: 567 ms 632 µs (wall time) | QUERY PLAN CACHE HITS: 0/1 statement(s)]
After reset, table use_count: 2
WARNING: Table still has 1 other owner(s) after pipeline reset!
Executing script file done
$:hsh clear_plan_caches
Cleared PQP and LQP caches
$:hsh clear_pipeline
Released last SQLPipeline
$:hsh reset_exec_pools
Reset execution pools (2, 3) bump pointers to start
$:hsh mem_usage
------------------------------------------
Memory Usage Statistics:
VmSize:	327413976 kB
VmRSS:	102796044 kB
0: MemResourceStatus {MigratedColumnsAggregate,18446744073709551615,63469016785,52888587462,52888587462,0,0,N/A}
MemResourceStatus {NumaMonotonicResource,3,53687091200,0,0,0,1,0}
MemResourceStatus {NumaMonotonicResource,2,53687091200,0,0,0,0,0}
0: MemResourceStatus {MemManagerAggregate,18446744073709551615,53687091200,0,0,0,0,N/A}
1: MemResourceStatus {MemManagerAggregate,18446744073709551615,53687091200,0,0,0,1,N/A}
MemResourceStatus {DefaultResource,18446744073709551615,18446744073709551615,18446744069992734019,60455899246,0,-1,N/A}
Quick Memory Usage Overview:
Used Capacity: 52888587462, 0
------------------------------------------
Executing script file: /home/umeshsum/tpch_queries/8.sql
[32m(release)[0m> select
[32m(release)[0m> 	o_year,
[32m(release)[0m> 	sum(case
[32m(release)[0m> 		when nation = 'BRAZIL' then volume
[32m(release)[0m> 		else 0
[32m(release)[0m> 	end) / sum(volume) as mkt_share
[32m(release)[0m> from
[32m(release)[0m> 	(
[32m(release)[0m> 		select
[32m(release)[0m> 			extract(year from o_orderdate) as o_year,
[32m(release)[0m> 			l_extendedprice * (1 - l_discount) as volume,
[32m(release)[0m> 			n2.n_name as nation
[32m(release)[0m> 		from
[32m(release)[0m> 			part,
[32m(release)[0m> 			supplier,
[32m(release)[0m> 			lineitem,
[32m(release)[0m> 			orders,
[32m(release)[0m> 			customer,
[32m(release)[0m> 			nation n1,
[32m(release)[0m> 			nation n2,
[32m(release)[0m> 			region
[32m(release)[0m> 		where
[32m(release)[0m> 			p_partkey = l_partkey
[32m(release)[0m> 			and s_suppkey = l_suppkey
[32m(release)[0m> 			and l_orderkey = o_orderkey
[32m(release)[0m> 			and o_custkey = c_custkey
[32m(release)[0m> 			and c_nationkey = n1.n_nationkey
[32m(release)[0m> 			and n1.n_regionkey = r_regionkey
[32m(release)[0m> 			and r_name = 'AMERICA'
[32m(release)[0m> 			and s_nationkey = n2.n_nationkey
[32m(release)[0m> 			and o_orderdate between date '1995-01-01' and date '1996-12-31'
[32m(release)[0m> 			and p_type = 'ECONOMY ANODIZED STEEL'
[32m(release)[0m> 	) as all_nations
[32m(release)[0m> group by
[32m(release)[0m> 	o_year
[32m(release)[0m> order by
[32m(release)[0m> 	o_year;
Greedy pick_runtime_exec_resource: local pool full, falling back to remote pool
VmRSS Change: 524 KB
===
2 rows total
Execution info: [PARSE: 90 µs 649 ns, SQL TRANSLATE: 349 µs 926 ns, OPTIMIZE: 10 ms 897 µs, LQP TRANSLATE: 355 µs 26 ns, EXECUTE: 558 ms 924 µs (wall time) | QUERY PLAN CACHE HITS: 0/1 statement(s)]
After reset, table use_count: 2
WARNING: Table still has 1 other owner(s) after pipeline reset!
Executing script file done
$:hsh clear_plan_caches
Cleared PQP and LQP caches
$:hsh clear_pipeline
Released last SQLPipeline
$:hsh reset_exec_pools
Reset execution pools (2, 3) bump pointers to start
$:hsh mem_usage
------------------------------------------
Memory Usage Statistics:
VmSize:	327413976 kB
VmRSS:	102796580 kB
0: MemResourceStatus {MigratedColumnsAggregate,18446744073709551615,63469016785,52888587462,52888587462,0,0,N/A}
MemResourceStatus {NumaMonotonicResource,3,53687091200,0,0,0,1,0}
MemResourceStatus {NumaMonotonicResource,2,53687091200,0,0,0,0,0}
0: MemResourceStatus {MemManagerAggregate,18446744073709551615,53687091200,0,0,0,0,N/A}
1: MemResourceStatus {MemManagerAggregate,18446744073709551615,53687091200,0,0,0,1,N/A}
MemResourceStatus {DefaultResource,18446744073709551615,18446744073709551615,18446744069992734019,60455899246,0,-1,N/A}
Quick Memory Usage Overview:
Used Capacity: 52888587462, 0
------------------------------------------
Executing script file: /home/umeshsum/tpch_queries/8.sql
[32m(release)[0m> select
[32m(release)[0m> 	o_year,
[32m(release)[0m> 	sum(case
[32m(release)[0m> 		when nation = 'BRAZIL' then volume
[32m(release)[0m> 		else 0
[32m(release)[0m> 	end) / sum(volume) as mkt_share
[32m(release)[0m> from
[32m(release)[0m> 	(
[32m(release)[0m> 		select
[32m(release)[0m> 			extract(year from o_orderdate) as o_year,
[32m(release)[0m> 			l_extendedprice * (1 - l_discount) as volume,
[32m(release)[0m> 			n2.n_name as nation
[32m(release)[0m> 		from
[32m(release)[0m> 			part,
[32m(release)[0m> 			supplier,
[32m(release)[0m> 			lineitem,
[32m(release)[0m> 			orders,
[32m(release)[0m> 			customer,
[32m(release)[0m> 			nation n1,
[32m(release)[0m> 			nation n2,
[32m(release)[0m> 			region
[32m(release)[0m> 		where
[32m(release)[0m> 			p_partkey = l_partkey
[32m(release)[0m> 			and s_suppkey = l_suppkey
[32m(release)[0m> 			and l_orderkey = o_orderkey
[32m(release)[0m> 			and o_custkey = c_custkey
[32m(release)[0m> 			and c_nationkey = n1.n_nationkey
[32m(release)[0m> 			and n1.n_regionkey = r_regionkey
[32m(release)[0m> 			and r_name = 'AMERICA'
[32m(release)[0m> 			and s_nationkey = n2.n_nationkey
[32m(release)[0m> 			and o_orderdate between date '1995-01-01' and date '1996-12-31'
[32m(release)[0m> 			and p_type = 'ECONOMY ANODIZED STEEL'
[32m(release)[0m> 	) as all_nations
[32m(release)[0m> group by
[32m(release)[0m> 	o_year
[32m(release)[0m> order by
[32m(release)[0m> 	o_year;
Greedy pick_runtime_exec_resource: local pool full, falling back to remote pool
VmRSS Change: 18446744073709551440 KB
===
2 rows total
Execution info: [PARSE: 92 µs 949 ns, SQL TRANSLATE: 353 µs 726 ns, OPTIMIZE: 11 ms 92 µs, LQP TRANSLATE: 366 µs 56 ns, EXECUTE: 565 ms 318 µs (wall time) | QUERY PLAN CACHE HITS: 0/1 statement(s)]
After reset, table use_count: 2
WARNING: Table still has 1 other owner(s) after pipeline reset!
Executing script file done
$:hsh clear_plan_caches
Cleared PQP and LQP caches
$:hsh clear_pipeline
Released last SQLPipeline
$:hsh reset_exec_pools
Reset execution pools (2, 3) bump pointers to start
$:hsh mem_usage
------------------------------------------
Memory Usage Statistics:
VmSize:	327413976 kB
VmRSS:	102796416 kB
0: MemResourceStatus {MigratedColumnsAggregate,18446744073709551615,63469016785,52888587462,52888587462,0,0,N/A}
MemResourceStatus {NumaMonotonicResource,3,53687091200,0,0,0,1,0}
MemResourceStatus {NumaMonotonicResource,2,53687091200,0,0,0,0,0}
0: MemResourceStatus {MemManagerAggregate,18446744073709551615,53687091200,0,0,0,0,N/A}
1: MemResourceStatus {MemManagerAggregate,18446744073709551615,53687091200,0,0,0,1,N/A}
MemResourceStatus {DefaultResource,18446744073709551615,18446744073709551615,18446744069992734019,60455899246,0,-1,N/A}
Quick Memory Usage Overview:
Used Capacity: 52888587462, 0
------------------------------------------
Executing script file: /home/umeshsum/tpch_queries/8.sql
[32m(release)[0m> select
[32m(release)[0m> 	o_year,
[32m(release)[0m> 	sum(case
[32m(release)[0m> 		when nation = 'BRAZIL' then volume
[32m(release)[0m> 		else 0
[32m(release)[0m> 	end) / sum(volume) as mkt_share
[32m(release)[0m> from
[32m(release)[0m> 	(
[32m(release)[0m> 		select
[32m(release)[0m> 			extract(year from o_orderdate) as o_year,
[32m(release)[0m> 			l_extendedprice * (1 - l_discount) as volume,
[32m(release)[0m> 			n2.n_name as nation
[32m(release)[0m> 		from
[32m(release)[0m> 			part,
[32m(release)[0m> 			supplier,
[32m(release)[0m> 			lineitem,
[32m(release)[0m> 			orders,
[32m(release)[0m> 			customer,
[32m(release)[0m> 			nation n1,
[32m(release)[0m> 			nation n2,
[32m(release)[0m> 			region
[32m(release)[0m> 		where
[32m(release)[0m> 			p_partkey = l_partkey
[32m(release)[0m> 			and s_suppkey = l_suppkey
[32m(release)[0m> 			and l_orderkey = o_orderkey
[32m(release)[0m> 			and o_custkey = c_custkey
[32m(release)[0m> 			and c_nationkey = n1.n_nationkey
[32m(release)[0m> 			and n1.n_regionkey = r_regionkey
[32m(release)[0m> 			and r_name = 'AMERICA'
[32m(release)[0m> 			and s_nationkey = n2.n_nationkey
[32m(release)[0m> 			and o_orderdate between date '1995-01-01' and date '1996-12-31'
[32m(release)[0m> 			and p_type = 'ECONOMY ANODIZED STEEL'
[32m(release)[0m> 	) as all_nations
[32m(release)[0m> group by
[32m(release)[0m> 	o_year
[32m(release)[0m> order by
[32m(release)[0m> 	o_year;
Greedy pick_runtime_exec_resource: local pool full, falling back to remote pool
VmRSS Change: 18446744073709550804 KB
===
2 rows total
Execution info: [PARSE: 88 µs 959 ns, SQL TRANSLATE: 365 µs 806 ns, OPTIMIZE: 10 ms 863 µs, LQP TRANSLATE: 361 µs 666 ns, EXECUTE: 572 ms 178 µs (wall time) | QUERY PLAN CACHE HITS: 0/1 statement(s)]
After reset, table use_count: 2
WARNING: Table still has 1 other owner(s) after pipeline reset!
Executing script file done
$:hsh clear_plan_caches
Cleared PQP and LQP caches
$:hsh clear_pipeline
Released last SQLPipeline
$:hsh reset_exec_pools
Reset execution pools (2, 3) bump pointers to start
$:hsh mem_usage
------------------------------------------
Memory Usage Statistics:
VmSize:	327413976 kB
VmRSS:	102795612 kB
0: MemResourceStatus {MigratedColumnsAggregate,18446744073709551615,63469016785,52888587462,52888587462,0,0,N/A}
MemResourceStatus {NumaMonotonicResource,3,53687091200,0,0,0,1,0}
MemResourceStatus {NumaMonotonicResource,2,53687091200,0,0,0,0,0}
0: MemResourceStatus {MemManagerAggregate,18446744073709551615,53687091200,0,0,0,0,N/A}
1: MemResourceStatus {MemManagerAggregate,18446744073709551615,53687091200,0,0,0,1,N/A}
MemResourceStatus {DefaultResource,18446744073709551615,18446744073709551615,18446744069992734019,60455899246,0,-1,N/A}
Quick Memory Usage Overview:
Used Capacity: 52888587462, 0
------------------------------------------
Label set to d1000000000000_tf1000000000000_q9
$:hsh clear_plan_caches
Cleared PQP and LQP caches
$:hsh clear_pipeline
Released last SQLPipeline
$:hsh reset_exec_pools
Reset execution pools (2, 3) bump pointers to start
$:hsh mem_usage
------------------------------------------
Memory Usage Statistics:
VmSize:	327413976 kB
VmRSS:	102795612 kB
0: MemResourceStatus {MigratedColumnsAggregate,18446744073709551615,63469016785,52888587462,52888587462,0,0,N/A}
MemResourceStatus {NumaMonotonicResource,3,53687091200,0,0,0,1,0}
MemResourceStatus {NumaMonotonicResource,2,53687091200,0,0,0,0,0}
0: MemResourceStatus {MemManagerAggregate,18446744073709551615,53687091200,0,0,0,0,N/A}
1: MemResourceStatus {MemManagerAggregate,18446744073709551615,53687091200,0,0,0,1,N/A}
MemResourceStatus {DefaultResource,18446744073709551615,18446744073709551615,18446744069992734019,60455899246,0,-1,N/A}
Quick Memory Usage Overview:
Used Capacity: 52888587462, 0
------------------------------------------
Executing script file: /home/umeshsum/tpch_queries/9.sql
[32m(release)[0m> select
[32m(release)[0m> 	nation,
[32m(release)[0m> 	o_year,
[32m(release)[0m> 	sum(amount) as sum_profit
[32m(release)[0m> from
[32m(release)[0m> 	(
[32m(release)[0m> 		select
[32m(release)[0m> 			n_name as nation,
[32m(release)[0m> 			extract(year from o_orderdate) as o_year,
[32m(release)[0m> 			l_extendedprice * (1 - l_discount) - ps_supplycost * l_quantity as amount
[32m(release)[0m> 		from
[32m(release)[0m> 			part,
[32m(release)[0m> 			supplier,
[32m(release)[0m> 			lineitem,
[32m(release)[0m> 			partsupp,
[32m(release)[0m> 			orders,
[32m(release)[0m> 			nation
[32m(release)[0m> 		where
[32m(release)[0m> 			s_suppkey = l_suppkey
[32m(release)[0m> 			and ps_suppkey = l_suppkey
[32m(release)[0m> 			and ps_partkey = l_partkey
[32m(release)[0m> 			and p_partkey = l_partkey
[32m(release)[0m> 			and o_orderkey = l_orderkey
[32m(release)[0m> 			and s_nationkey = n_nationkey
[32m(release)[0m> 			and p_name like '%green%'
[32m(release)[0m> 	) as profit
[32m(release)[0m> group by
[32m(release)[0m> 	nation,
[32m(release)[0m> 	o_year
[32m(release)[0m> order by
[32m(release)[0m> 	nation,
[32m(release)[0m> 	o_year desc;
Greedy pick_runtime_exec_resource: local pool full, falling back to remote pool
Greedy pick_runtime_exec_resource: local pool full, falling back to remote pool
Greedy pick_runtime_exec_resource: local pool full, falling back to remote pool
Greedy pick_runtime_exec_resource: local pool full, falling back to remote pool
Greedy pick_runtime_exec_resource: local pool full, falling back to remote pool
Greedy pick_runtime_exec_resource: local pool full, falling back to remote pool
Greedy pick_runtime_exec_resource: local pool full, falling back to remote pool
Greedy pick_runtime_exec_resource: local pool full, falling back to remote pool
Greedy pick_runtime_exec_resource: local pool full, falling back to remote pool
Greedy pick_runtime_exec_resource: local pool full, falling back to remote pool
Greedy pick_runtime_exec_resource: local pool full, falling back to remote pool
VmRSS Change: 1937692 KB
===
175 rows total
Execution info: [PARSE: 68 µs 259 ns, SQL TRANSLATE: 295 µs 517 ns, OPTIMIZE: 18 ms 358 µs, LQP TRANSLATE: 236 µs 548 ns, EXECUTE: 7 s 277 ms (wall time) | QUERY PLAN CACHE HITS: 0/1 statement(s)]
After reset, table use_count: 2
WARNING: Table still has 1 other owner(s) after pipeline reset!
Executing script file done
$:hsh clear_plan_caches
Cleared PQP and LQP caches
$:hsh clear_pipeline
Released last SQLPipeline
$:hsh reset_exec_pools
Reset execution pools (2, 3) bump pointers to start
$:hsh mem_usage
------------------------------------------
Memory Usage Statistics:
VmSize:	327413976 kB
VmRSS:	104733424 kB
0: MemResourceStatus {MigratedColumnsAggregate,18446744073709551615,63469016785,52888587462,52888587462,0,0,N/A}
MemResourceStatus {NumaMonotonicResource,3,53687091200,0,0,0,1,0}
MemResourceStatus {NumaMonotonicResource,2,53687091200,0,0,0,0,0}
0: MemResourceStatus {MemManagerAggregate,18446744073709551615,53687091200,0,0,0,0,N/A}
1: MemResourceStatus {MemManagerAggregate,18446744073709551615,53687091200,0,0,0,1,N/A}
MemResourceStatus {DefaultResource,18446744073709551615,18446744073709551615,18446744069992734019,60455899246,0,-1,N/A}
Quick Memory Usage Overview:
Used Capacity: 52888587462, 0
------------------------------------------
Executing script file: /home/umeshsum/tpch_queries/9.sql
[32m(release)[0m> select
[32m(release)[0m> 	nation,
[32m(release)[0m> 	o_year,
[32m(release)[0m> 	sum(amount) as sum_profit
[32m(release)[0m> from
[32m(release)[0m> 	(
[32m(release)[0m> 		select
[32m(release)[0m> 			n_name as nation,
[32m(release)[0m> 			extract(year from o_orderdate) as o_year,
[32m(release)[0m> 			l_extendedprice * (1 - l_discount) - ps_supplycost * l_quantity as amount
[32m(release)[0m> 		from
[32m(release)[0m> 			part,
[32m(release)[0m> 			supplier,
[32m(release)[0m> 			lineitem,
[32m(release)[0m> 			partsupp,
[32m(release)[0m> 			orders,
[32m(release)[0m> 			nation
[32m(release)[0m> 		where
[32m(release)[0m> 			s_suppkey = l_suppkey
[32m(release)[0m> 			and ps_suppkey = l_suppkey
[32m(release)[0m> 			and ps_partkey = l_partkey
[32m(release)[0m> 			and p_partkey = l_partkey
[32m(release)[0m> 			and o_orderkey = l_orderkey
[32m(release)[0m> 			and s_nationkey = n_nationkey
[32m(release)[0m> 			and p_name like '%green%'
[32m(release)[0m> 	) as profit
[32m(release)[0m> group by
[32m(release)[0m> 	nation,
[32m(release)[0m> 	o_year
[32m(release)[0m> order by
[32m(release)[0m> 	nation,
[32m(release)[0m> 	o_year desc;
Greedy pick_runtime_exec_resource: local pool full, falling back to remote pool
Greedy pick_runtime_exec_resource: local pool full, falling back to remote pool
Greedy pick_runtime_exec_resource: local pool full, falling back to remote pool
Greedy pick_runtime_exec_resource: local pool full, falling back to remote pool
Greedy pick_runtime_exec_resource: local pool full, falling back to remote pool
Greedy pick_runtime_exec_resource: local pool full, falling back to remote pool
Greedy pick_runtime_exec_resource: local pool full, falling back to remote pool
VmRSS Change: 228804 KB
===
175 rows total
Execution info: [PARSE: 50 µs 890 ns, SQL TRANSLATE: 188 µs 608 ns, OPTIMIZE: 17 ms 339 µs, LQP TRANSLATE: 244 µs 557 ns, EXECUTE: 7 s 476 ms (wall time) | QUERY PLAN CACHE HITS: 0/1 statement(s)]
After reset, table use_count: 2
WARNING: Table still has 1 other owner(s) after pipeline reset!
Executing script file done
$:hsh clear_plan_caches
Cleared PQP and LQP caches
$:hsh clear_pipeline
Released last SQLPipeline
$:hsh reset_exec_pools
Reset execution pools (2, 3) bump pointers to start
$:hsh mem_usage
------------------------------------------
Memory Usage Statistics:
VmSize:	327413976 kB
VmRSS:	104962228 kB
0: MemResourceStatus {MigratedColumnsAggregate,18446744073709551615,63469016785,52888587462,52888587462,0,0,N/A}
MemResourceStatus {NumaMonotonicResource,3,53687091200,0,0,0,1,0}
MemResourceStatus {NumaMonotonicResource,2,53687091200,0,0,0,0,0}
0: MemResourceStatus {MemManagerAggregate,18446744073709551615,53687091200,0,0,0,0,N/A}
1: MemResourceStatus {MemManagerAggregate,18446744073709551615,53687091200,0,0,0,1,N/A}
MemResourceStatus {DefaultResource,18446744073709551615,18446744073709551615,18446744069992734019,60455899246,0,-1,N/A}
Quick Memory Usage Overview:
Used Capacity: 52888587462, 0
------------------------------------------
Executing script file: /home/umeshsum/tpch_queries/9.sql
[32m(release)[0m> select
[32m(release)[0m> 	nation,
[32m(release)[0m> 	o_year,
[32m(release)[0m> 	sum(amount) as sum_profit
[32m(release)[0m> from
[32m(release)[0m> 	(
[32m(release)[0m> 		select
[32m(release)[0m> 			n_name as nation,
[32m(release)[0m> 			extract(year from o_orderdate) as o_year,
[32m(release)[0m> 			l_extendedprice * (1 - l_discount) - ps_supplycost * l_quantity as amount
[32m(release)[0m> 		from
[32m(release)[0m> 			part,
[32m(release)[0m> 			supplier,
[32m(release)[0m> 			lineitem,
[32m(release)[0m> 			partsupp,
[32m(release)[0m> 			orders,
[32m(release)[0m> 			nation
[32m(release)[0m> 		where
[32m(release)[0m> 			s_suppkey = l_suppkey
[32m(release)[0m> 			and ps_suppkey = l_suppkey
[32m(release)[0m> 			and ps_partkey = l_partkey
[32m(release)[0m> 			and p_partkey = l_partkey
[32m(release)[0m> 			and o_orderkey = l_orderkey
[32m(release)[0m> 			and s_nationkey = n_nationkey
[32m(release)[0m> 			and p_name like '%green%'
[32m(release)[0m> 	) as profit
[32m(release)[0m> group by
[32m(release)[0m> 	nation,
[32m(release)[0m> 	o_year
[32m(release)[0m> order by
[32m(release)[0m> 	nation,
[32m(release)[0m> 	o_year desc;
Greedy pick_runtime_exec_resource: local pool full, falling back to remote pool
Greedy pick_runtime_exec_resource: local pool full, falling back to remote pool
Greedy pick_runtime_exec_resource: local pool full, falling back to remote pool
Greedy pick_runtime_exec_resource: local pool full, falling back to remote pool
Greedy pick_runtime_exec_resource: local pool full, falling back to remote pool
Greedy pick_runtime_exec_resource: local pool full, falling back to remote pool
Greedy pick_runtime_exec_resource: local pool full, falling back to remote pool
Greedy pick_runtime_exec_resource: local pool full, falling back to remote pool
VmRSS Change: 69316 KB
===
175 rows total
Execution info: [PARSE: 333 µs 87 ns, SQL TRANSLATE: 310 µs 677 ns, OPTIMIZE: 18 ms 372 µs, LQP TRANSLATE: 247 µs 377 ns, EXECUTE: 7 s 229 ms (wall time) | QUERY PLAN CACHE HITS: 0/1 statement(s)]
After reset, table use_count: 2
WARNING: Table still has 1 other owner(s) after pipeline reset!
Executing script file done
$:hsh clear_plan_caches
Cleared PQP and LQP caches
$:hsh clear_pipeline
Released last SQLPipeline
$:hsh reset_exec_pools
Reset execution pools (2, 3) bump pointers to start
$:hsh mem_usage
------------------------------------------
Memory Usage Statistics:
VmSize:	327413976 kB
VmRSS:	105031508 kB
0: MemResourceStatus {MigratedColumnsAggregate,18446744073709551615,63469016785,52888587462,52888587462,0,0,N/A}
MemResourceStatus {NumaMonotonicResource,3,53687091200,0,0,0,1,0}
MemResourceStatus {NumaMonotonicResource,2,53687091200,0,0,0,0,0}
0: MemResourceStatus {MemManagerAggregate,18446744073709551615,53687091200,0,0,0,0,N/A}
1: MemResourceStatus {MemManagerAggregate,18446744073709551615,53687091200,0,0,0,1,N/A}
MemResourceStatus {DefaultResource,18446744073709551615,18446744073709551615,18446744069992734019,60455899246,0,-1,N/A}
Quick Memory Usage Overview:
Used Capacity: 52888587462, 0
------------------------------------------
Executing script file: /home/umeshsum/tpch_queries/9.sql
[32m(release)[0m> select
[32m(release)[0m> 	nation,
[32m(release)[0m> 	o_year,
[32m(release)[0m> 	sum(amount) as sum_profit
[32m(release)[0m> from
[32m(release)[0m> 	(
[32m(release)[0m> 		select
[32m(release)[0m> 			n_name as nation,
[32m(release)[0m> 			extract(year from o_orderdate) as o_year,
[32m(release)[0m> 			l_extendedprice * (1 - l_discount) - ps_supplycost * l_quantity as amount
[32m(release)[0m> 		from
[32m(release)[0m> 			part,
[32m(release)[0m> 			supplier,
[32m(release)[0m> 			lineitem,
[32m(release)[0m> 			partsupp,
[32m(release)[0m> 			orders,
[32m(release)[0m> 			nation
[32m(release)[0m> 		where
[32m(release)[0m> 			s_suppkey = l_suppkey
[32m(release)[0m> 			and ps_suppkey = l_suppkey
[32m(release)[0m> 			and ps_partkey = l_partkey
[32m(release)[0m> 			and p_partkey = l_partkey
[32m(release)[0m> 			and o_orderkey = l_orderkey
[32m(release)[0m> 			and s_nationkey = n_nationkey
[32m(release)[0m> 			and p_name like '%green%'
[32m(release)[0m> 	) as profit
[32m(release)[0m> group by
[32m(release)[0m> 	nation,
[32m(release)[0m> 	o_year
[32m(release)[0m> order by
[32m(release)[0m> 	nation,
[32m(release)[0m> 	o_year desc;
Greedy pick_runtime_exec_resource: local pool full, falling back to remote pool
Greedy pick_runtime_exec_resource: local pool full, falling back to remote pool
Greedy pick_runtime_exec_resource: local pool full, falling back to remote pool
Greedy pick_runtime_exec_resource: local pool full, falling back to remote pool
Greedy pick_runtime_exec_resource: local pool full, falling back to remote pool
Greedy pick_runtime_exec_resource: local pool full, falling back to remote pool
Greedy pick_runtime_exec_resource: local pool full, falling back to remote pool
Greedy pick_runtime_exec_resource: local pool full, falling back to remote pool
Greedy pick_runtime_exec_resource: local pool full, falling back to remote pool
Greedy pick_runtime_exec_resource: local pool full, falling back to remote pool
VmRSS Change: 56628 KB
===
175 rows total
Execution info: [PARSE: 75 µs 559 ns, SQL TRANSLATE: 384 µs 126 ns, OPTIMIZE: 18 ms 481 µs, LQP TRANSLATE: 238 µs 888 ns, EXECUTE: 7 s 127 ms (wall time) | QUERY PLAN CACHE HITS: 0/1 statement(s)]
After reset, table use_count: 2
WARNING: Table still has 1 other owner(s) after pipeline reset!
Executing script file done
$:hsh clear_plan_caches
Cleared PQP and LQP caches
$:hsh clear_pipeline
Released last SQLPipeline
$:hsh reset_exec_pools
Reset execution pools (2, 3) bump pointers to start
$:hsh mem_usage
------------------------------------------
Memory Usage Statistics:
VmSize:	327413976 kB
VmRSS:	105087924 kB
0: MemResourceStatus {MigratedColumnsAggregate,18446744073709551615,63469016785,52888587462,52888587462,0,0,N/A}
MemResourceStatus {NumaMonotonicResource,3,53687091200,0,0,0,1,0}
MemResourceStatus {NumaMonotonicResource,2,53687091200,0,0,0,0,0}
0: MemResourceStatus {MemManagerAggregate,18446744073709551615,53687091200,0,0,0,0,N/A}
1: MemResourceStatus {MemManagerAggregate,18446744073709551615,53687091200,0,0,0,1,N/A}
MemResourceStatus {DefaultResource,18446744073709551615,18446744073709551615,18446744069992734019,60455899246,0,-1,N/A}
Quick Memory Usage Overview:
Used Capacity: 52888587462, 0
------------------------------------------
Executing script file: /home/umeshsum/tpch_queries/9.sql
[32m(release)[0m> select
[32m(release)[0m> 	nation,
[32m(release)[0m> 	o_year,
[32m(release)[0m> 	sum(amount) as sum_profit
[32m(release)[0m> from
[32m(release)[0m> 	(
[32m(release)[0m> 		select
[32m(release)[0m> 			n_name as nation,
[32m(release)[0m> 			extract(year from o_orderdate) as o_year,
[32m(release)[0m> 			l_extendedprice * (1 - l_discount) - ps_supplycost * l_quantity as amount
[32m(release)[0m> 		from
[32m(release)[0m> 			part,
[32m(release)[0m> 			supplier,
[32m(release)[0m> 			lineitem,
[32m(release)[0m> 			partsupp,
[32m(release)[0m> 			orders,
[32m(release)[0m> 			nation
[32m(release)[0m> 		where
[32m(release)[0m> 			s_suppkey = l_suppkey
[32m(release)[0m> 			and ps_suppkey = l_suppkey
[32m(release)[0m> 			and ps_partkey = l_partkey
[32m(release)[0m> 			and p_partkey = l_partkey
[32m(release)[0m> 			and o_orderkey = l_orderkey
[32m(release)[0m> 			and s_nationkey = n_nationkey
[32m(release)[0m> 			and p_name like '%green%'
[32m(release)[0m> 	) as profit
[32m(release)[0m> group by
[32m(release)[0m> 	nation,
[32m(release)[0m> 	o_year
[32m(release)[0m> order by
[32m(release)[0m> 	nation,
[32m(release)[0m> 	o_year desc;
Greedy pick_runtime_exec_resource: local pool full, falling back to remote pool
Greedy pick_runtime_exec_resource: local pool full, falling back to remote pool
Greedy pick_runtime_exec_resource: local pool full, falling back to remote pool
Greedy pick_runtime_exec_resource: local pool full, falling back to remote pool
Greedy pick_runtime_exec_resource: local pool full, falling back to remote pool
Greedy pick_runtime_exec_resource: local pool full, falling back to remote pool
Greedy pick_runtime_exec_resource: local pool full, falling back to remote pool
Greedy pick_runtime_exec_resource: local pool full, falling back to remote pool
Greedy pick_runtime_exec_resource: local pool full, falling back to remote pool
Greedy pick_runtime_exec_resource: local pool full, falling back to remote pool
Greedy pick_runtime_exec_resource: local pool full, falling back to remote pool
Greedy pick_runtime_exec_resource: local pool full, falling back to remote pool
Greedy pick_runtime_exec_resource: local pool full, falling back to remote pool
VmRSS Change: 220 KB
===
175 rows total
Execution info: [PARSE: 77 µs 9 ns, SQL TRANSLATE: 303 µs 207 ns, OPTIMIZE: 18 ms 645 µs, LQP TRANSLATE: 245 µs 17 ns, EXECUTE: 7 s 439 ms (wall time) | QUERY PLAN CACHE HITS: 0/1 statement(s)]
After reset, table use_count: 2
WARNING: Table still has 1 other owner(s) after pipeline reset!
Executing script file done
$:hsh clear_plan_caches
Cleared PQP and LQP caches
$:hsh clear_pipeline
Released last SQLPipeline
$:hsh reset_exec_pools
Reset execution pools (2, 3) bump pointers to start
$:hsh mem_usage
------------------------------------------
Memory Usage Statistics:
VmSize:	327413976 kB
VmRSS:	105088356 kB
0: MemResourceStatus {MigratedColumnsAggregate,18446744073709551615,63469016785,52888587462,52888587462,0,0,N/A}
MemResourceStatus {NumaMonotonicResource,3,53687091200,0,0,0,1,0}
MemResourceStatus {NumaMonotonicResource,2,53687091200,0,0,0,0,0}
0: MemResourceStatus {MemManagerAggregate,18446744073709551615,53687091200,0,0,0,0,N/A}
1: MemResourceStatus {MemManagerAggregate,18446744073709551615,53687091200,0,0,0,1,N/A}
MemResourceStatus {DefaultResource,18446744073709551615,18446744073709551615,18446744069992734019,60455899246,0,-1,N/A}
Quick Memory Usage Overview:
Used Capacity: 52888587462, 0
------------------------------------------
Executing script file: /home/umeshsum/tpch_queries/9.sql
[32m(release)[0m> select
[32m(release)[0m> 	nation,
[32m(release)[0m> 	o_year,
[32m(release)[0m> 	sum(amount) as sum_profit
[32m(release)[0m> from
[32m(release)[0m> 	(
[32m(release)[0m> 		select
[32m(release)[0m> 			n_name as nation,
[32m(release)[0m> 			extract(year from o_orderdate) as o_year,
[32m(release)[0m> 			l_extendedprice * (1 - l_discount) - ps_supplycost * l_quantity as amount
[32m(release)[0m> 		from
[32m(release)[0m> 			part,
[32m(release)[0m> 			supplier,
[32m(release)[0m> 			lineitem,
[32m(release)[0m> 			partsupp,
[32m(release)[0m> 			orders,
[32m(release)[0m> 			nation
[32m(release)[0m> 		where
[32m(release)[0m> 			s_suppkey = l_suppkey
[32m(release)[0m> 			and ps_suppkey = l_suppkey
[32m(release)[0m> 			and ps_partkey = l_partkey
[32m(release)[0m> 			and p_partkey = l_partkey
[32m(release)[0m> 			and o_orderkey = l_orderkey
[32m(release)[0m> 			and s_nationkey = n_nationkey
[32m(release)[0m> 			and p_name like '%green%'
[32m(release)[0m> 	) as profit
[32m(release)[0m> group by
[32m(release)[0m> 	nation,
[32m(release)[0m> 	o_year
[32m(release)[0m> order by
[32m(release)[0m> 	nation,
[32m(release)[0m> 	o_year desc;
Greedy pick_runtime_exec_resource: local pool full, falling back to remote pool
Greedy pick_runtime_exec_resource: local pool full, falling back to remote pool
Greedy pick_runtime_exec_resource: local pool full, falling back to remote pool
Greedy pick_runtime_exec_resource: local pool full, falling back to remote pool
Greedy pick_runtime_exec_resource: local pool full, falling back to remote pool
VmRSS Change: 18446744073709549336 KB
===
175 rows total
Execution info: [PARSE: 70 µs 230 ns, SQL TRANSLATE: 294 µs 917 ns, OPTIMIZE: 18 ms 654 µs, LQP TRANSLATE: 248 µs 767 ns, EXECUTE: 7 s 737 ms (wall time) | QUERY PLAN CACHE HITS: 0/1 statement(s)]
After reset, table use_count: 2
WARNING: Table still has 1 other owner(s) after pipeline reset!
Executing script file done
$:hsh clear_plan_caches
Cleared PQP and LQP caches
$:hsh clear_pipeline
Released last SQLPipeline
$:hsh reset_exec_pools
Reset execution pools (2, 3) bump pointers to start
$:hsh mem_usage
------------------------------------------
Memory Usage Statistics:
VmSize:	327413976 kB
VmRSS:	105086104 kB
0: MemResourceStatus {MigratedColumnsAggregate,18446744073709551615,63469016785,52888587462,52888587462,0,0,N/A}
MemResourceStatus {NumaMonotonicResource,3,53687091200,0,0,0,1,0}
MemResourceStatus {NumaMonotonicResource,2,53687091200,0,0,0,0,0}
0: MemResourceStatus {MemManagerAggregate,18446744073709551615,53687091200,0,0,0,0,N/A}
1: MemResourceStatus {MemManagerAggregate,18446744073709551615,53687091200,0,0,0,1,N/A}
MemResourceStatus {DefaultResource,18446744073709551615,18446744073709551615,18446744069992734019,60455899246,0,-1,N/A}
Quick Memory Usage Overview:
Used Capacity: 52888587462, 0
------------------------------------------
Executing script file: /home/umeshsum/tpch_queries/9.sql
[32m(release)[0m> select
[32m(release)[0m> 	nation,
[32m(release)[0m> 	o_year,
[32m(release)[0m> 	sum(amount) as sum_profit
[32m(release)[0m> from
[32m(release)[0m> 	(
[32m(release)[0m> 		select
[32m(release)[0m> 			n_name as nation,
[32m(release)[0m> 			extract(year from o_orderdate) as o_year,
[32m(release)[0m> 			l_extendedprice * (1 - l_discount) - ps_supplycost * l_quantity as amount
[32m(release)[0m> 		from
[32m(release)[0m> 			part,
[32m(release)[0m> 			supplier,
[32m(release)[0m> 			lineitem,
[32m(release)[0m> 			partsupp,
[32m(release)[0m> 			orders,
[32m(release)[0m> 			nation
[32m(release)[0m> 		where
[32m(release)[0m> 			s_suppkey = l_suppkey
[32m(release)[0m> 			and ps_suppkey = l_suppkey
[32m(release)[0m> 			and ps_partkey = l_partkey
[32m(release)[0m> 			and p_partkey = l_partkey
[32m(release)[0m> 			and o_orderkey = l_orderkey
[32m(release)[0m> 			and s_nationkey = n_nationkey
[32m(release)[0m> 			and p_name like '%green%'
[32m(release)[0m> 	) as profit
[32m(release)[0m> group by
[32m(release)[0m> 	nation,
[32m(release)[0m> 	o_year
[32m(release)[0m> order by
[32m(release)[0m> 	nation,
[32m(release)[0m> 	o_year desc;
Greedy pick_runtime_exec_resource: local pool full, falling back to remote pool
Greedy pick_runtime_exec_resource: local pool full, falling back to remote pool
Greedy pick_runtime_exec_resource: local pool full, falling back to remote pool
Greedy pick_runtime_exec_resource: local pool full, falling back to remote pool
VmRSS Change: 972 KB
===
175 rows total
Execution info: [PARSE: 71 µs 310 ns, SQL TRANSLATE: 293 µs 367 ns, OPTIMIZE: 18 ms 467 µs, LQP TRANSLATE: 243 µs 737 ns, EXECUTE: 7 s 669 ms (wall time) | QUERY PLAN CACHE HITS: 0/1 statement(s)]
After reset, table use_count: 2
WARNING: Table still has 1 other owner(s) after pipeline reset!
Executing script file done
$:hsh clear_plan_caches
Cleared PQP and LQP caches
$:hsh clear_pipeline
Released last SQLPipeline
$:hsh reset_exec_pools
Reset execution pools (2, 3) bump pointers to start
$:hsh mem_usage
------------------------------------------
Memory Usage Statistics:
VmSize:	327413976 kB
VmRSS:	105086824 kB
0: MemResourceStatus {MigratedColumnsAggregate,18446744073709551615,63469016785,52888587462,52888587462,0,0,N/A}
MemResourceStatus {NumaMonotonicResource,3,53687091200,0,0,0,1,0}
MemResourceStatus {NumaMonotonicResource,2,53687091200,0,0,0,0,0}
0: MemResourceStatus {MemManagerAggregate,18446744073709551615,53687091200,0,0,0,0,N/A}
1: MemResourceStatus {MemManagerAggregate,18446744073709551615,53687091200,0,0,0,1,N/A}
MemResourceStatus {DefaultResource,18446744073709551615,18446744073709551615,18446744069992734019,60455899246,0,-1,N/A}
Quick Memory Usage Overview:
Used Capacity: 52888587462, 0
------------------------------------------
Executing script file: /home/umeshsum/tpch_queries/9.sql
[32m(release)[0m> select
[32m(release)[0m> 	nation,
[32m(release)[0m> 	o_year,
[32m(release)[0m> 	sum(amount) as sum_profit
[32m(release)[0m> from
[32m(release)[0m> 	(
[32m(release)[0m> 		select
[32m(release)[0m> 			n_name as nation,
[32m(release)[0m> 			extract(year from o_orderdate) as o_year,
[32m(release)[0m> 			l_extendedprice * (1 - l_discount) - ps_supplycost * l_quantity as amount
[32m(release)[0m> 		from
[32m(release)[0m> 			part,
[32m(release)[0m> 			supplier,
[32m(release)[0m> 			lineitem,
[32m(release)[0m> 			partsupp,
[32m(release)[0m> 			orders,
[32m(release)[0m> 			nation
[32m(release)[0m> 		where
[32m(release)[0m> 			s_suppkey = l_suppkey
[32m(release)[0m> 			and ps_suppkey = l_suppkey
[32m(release)[0m> 			and ps_partkey = l_partkey
[32m(release)[0m> 			and p_partkey = l_partkey
[32m(release)[0m> 			and o_orderkey = l_orderkey
[32m(release)[0m> 			and s_nationkey = n_nationkey
[32m(release)[0m> 			and p_name like '%green%'
[32m(release)[0m> 	) as profit
[32m(release)[0m> group by
[32m(release)[0m> 	nation,
[32m(release)[0m> 	o_year
[32m(release)[0m> order by
[32m(release)[0m> 	nation,
[32m(release)[0m> 	o_year desc;
Greedy pick_runtime_exec_resource: local pool full, falling back to remote pool
Greedy pick_runtime_exec_resource: local pool full, falling back to remote pool
Greedy pick_runtime_exec_resource: local pool full, falling back to remote pool
Greedy pick_runtime_exec_resource: local pool full, falling back to remote pool
Greedy pick_runtime_exec_resource: local pool full, falling back to remote pool
Greedy pick_runtime_exec_resource: local pool full, falling back to remote pool
Greedy pick_runtime_exec_resource: local pool full, falling back to remote pool
Greedy pick_runtime_exec_resource: local pool full, falling back to remote pool
Greedy pick_runtime_exec_resource: local pool full, falling back to remote pool
VmRSS Change: 1112 KB
===
175 rows total
Execution info: [PARSE: 67 µs 299 ns, SQL TRANSLATE: 304 µs 937 ns, OPTIMIZE: 18 ms 416 µs, LQP TRANSLATE: 240 µs 797 ns, EXECUTE: 7 s 234 ms (wall time) | QUERY PLAN CACHE HITS: 0/1 statement(s)]
After reset, table use_count: 2
WARNING: Table still has 1 other owner(s) after pipeline reset!
Executing script file done
$:hsh clear_plan_caches
Cleared PQP and LQP caches
$:hsh clear_pipeline
Released last SQLPipeline
$:hsh reset_exec_pools
Reset execution pools (2, 3) bump pointers to start
$:hsh mem_usage
------------------------------------------
Memory Usage Statistics:
VmSize:	327413976 kB
VmRSS:	105088172 kB
0: MemResourceStatus {MigratedColumnsAggregate,18446744073709551615,63469016785,52888587462,52888587462,0,0,N/A}
MemResourceStatus {NumaMonotonicResource,3,53687091200,0,0,0,1,0}
MemResourceStatus {NumaMonotonicResource,2,53687091200,0,0,0,0,0}
0: MemResourceStatus {MemManagerAggregate,18446744073709551615,53687091200,0,0,0,0,N/A}
1: MemResourceStatus {MemManagerAggregate,18446744073709551615,53687091200,0,0,0,1,N/A}
MemResourceStatus {DefaultResource,18446744073709551615,18446744073709551615,18446744069992734019,60455899246,0,-1,N/A}
Quick Memory Usage Overview:
Used Capacity: 52888587462, 0
------------------------------------------
Executing script file: /home/umeshsum/tpch_queries/9.sql
[32m(release)[0m> select
[32m(release)[0m> 	nation,
[32m(release)[0m> 	o_year,
[32m(release)[0m> 	sum(amount) as sum_profit
[32m(release)[0m> from
[32m(release)[0m> 	(
[32m(release)[0m> 		select
[32m(release)[0m> 			n_name as nation,
[32m(release)[0m> 			extract(year from o_orderdate) as o_year,
[32m(release)[0m> 			l_extendedprice * (1 - l_discount) - ps_supplycost * l_quantity as amount
[32m(release)[0m> 		from
[32m(release)[0m> 			part,
[32m(release)[0m> 			supplier,
[32m(release)[0m> 			lineitem,
[32m(release)[0m> 			partsupp,
[32m(release)[0m> 			orders,
[32m(release)[0m> 			nation
[32m(release)[0m> 		where
[32m(release)[0m> 			s_suppkey = l_suppkey
[32m(release)[0m> 			and ps_suppkey = l_suppkey
[32m(release)[0m> 			and ps_partkey = l_partkey
[32m(release)[0m> 			and p_partkey = l_partkey
[32m(release)[0m> 			and o_orderkey = l_orderkey
[32m(release)[0m> 			and s_nationkey = n_nationkey
[32m(release)[0m> 			and p_name like '%green%'
[32m(release)[0m> 	) as profit
[32m(release)[0m> group by
[32m(release)[0m> 	nation,
[32m(release)[0m> 	o_year
[32m(release)[0m> order by
[32m(release)[0m> 	nation,
[32m(release)[0m> 	o_year desc;
Greedy pick_runtime_exec_resource: local pool full, falling back to remote pool
Greedy pick_runtime_exec_resource: local pool full, falling back to remote pool
Greedy pick_runtime_exec_resource: local pool full, falling back to remote pool
Greedy pick_runtime_exec_resource: local pool full, falling back to remote pool
VmRSS Change: 18446744073709551176 KB
===
175 rows total
Execution info: [PARSE: 71 µs 649 ns, SQL TRANSLATE: 367 µs 396 ns, OPTIMIZE: 18 ms 352 µs, LQP TRANSLATE: 243 µs 437 ns, EXECUTE: 7 s 235 ms (wall time) | QUERY PLAN CACHE HITS: 0/1 statement(s)]
After reset, table use_count: 2
WARNING: Table still has 1 other owner(s) after pipeline reset!
Executing script file done
$:hsh clear_plan_caches
Cleared PQP and LQP caches
$:hsh clear_pipeline
Released last SQLPipeline
$:hsh reset_exec_pools
Reset execution pools (2, 3) bump pointers to start
$:hsh mem_usage
------------------------------------------
Memory Usage Statistics:
VmSize:	327413976 kB
VmRSS:	105087732 kB
0: MemResourceStatus {MigratedColumnsAggregate,18446744073709551615,63469016785,52888587462,52888587462,0,0,N/A}
MemResourceStatus {NumaMonotonicResource,3,53687091200,0,0,0,1,0}
MemResourceStatus {NumaMonotonicResource,2,53687091200,0,0,0,0,0}
0: MemResourceStatus {MemManagerAggregate,18446744073709551615,53687091200,0,0,0,0,N/A}
1: MemResourceStatus {MemManagerAggregate,18446744073709551615,53687091200,0,0,0,1,N/A}
MemResourceStatus {DefaultResource,18446744073709551615,18446744073709551615,18446744069992734019,60455899246,0,-1,N/A}
Quick Memory Usage Overview:
Used Capacity: 52888587462, 0
------------------------------------------
Executing script file: /home/umeshsum/tpch_queries/9.sql
[32m(release)[0m> select
[32m(release)[0m> 	nation,
[32m(release)[0m> 	o_year,
[32m(release)[0m> 	sum(amount) as sum_profit
[32m(release)[0m> from
[32m(release)[0m> 	(
[32m(release)[0m> 		select
[32m(release)[0m> 			n_name as nation,
[32m(release)[0m> 			extract(year from o_orderdate) as o_year,
[32m(release)[0m> 			l_extendedprice * (1 - l_discount) - ps_supplycost * l_quantity as amount
[32m(release)[0m> 		from
[32m(release)[0m> 			part,
[32m(release)[0m> 			supplier,
[32m(release)[0m> 			lineitem,
[32m(release)[0m> 			partsupp,
[32m(release)[0m> 			orders,
[32m(release)[0m> 			nation
[32m(release)[0m> 		where
[32m(release)[0m> 			s_suppkey = l_suppkey
[32m(release)[0m> 			and ps_suppkey = l_suppkey
[32m(release)[0m> 			and ps_partkey = l_partkey
[32m(release)[0m> 			and p_partkey = l_partkey
[32m(release)[0m> 			and o_orderkey = l_orderkey
[32m(release)[0m> 			and s_nationkey = n_nationkey
[32m(release)[0m> 			and p_name like '%green%'
[32m(release)[0m> 	) as profit
[32m(release)[0m> group by
[32m(release)[0m> 	nation,
[32m(release)[0m> 	o_year
[32m(release)[0m> order by
[32m(release)[0m> 	nation,
[32m(release)[0m> 	o_year desc;
Greedy pick_runtime_exec_resource: local pool full, falling back to remote pool
Greedy pick_runtime_exec_resource: local pool full, falling back to remote pool
Greedy pick_runtime_exec_resource: local pool full, falling back to remote pool
Greedy pick_runtime_exec_resource: local pool full, falling back to remote pool
VmRSS Change: 30744 KB
===
175 rows total
Execution info: [PARSE: 68 µs 679 ns, SQL TRANSLATE: 297 µs 267 ns, OPTIMIZE: 18 ms 287 µs, LQP TRANSLATE: 238 µs 457 ns, EXECUTE: 7 s 199 ms (wall time) | QUERY PLAN CACHE HITS: 0/1 statement(s)]
After reset, table use_count: 2
WARNING: Table still has 1 other owner(s) after pipeline reset!
Executing script file done
$:hsh clear_plan_caches
Cleared PQP and LQP caches
$:hsh clear_pipeline
Released last SQLPipeline
$:hsh reset_exec_pools
Reset execution pools (2, 3) bump pointers to start
$:hsh mem_usage
------------------------------------------
Memory Usage Statistics:
VmSize:	327413976 kB
VmRSS:	105118240 kB
0: MemResourceStatus {MigratedColumnsAggregate,18446744073709551615,63469016785,52888587462,52888587462,0,0,N/A}
MemResourceStatus {NumaMonotonicResource,3,53687091200,0,0,0,1,0}
MemResourceStatus {NumaMonotonicResource,2,53687091200,0,0,0,0,0}
0: MemResourceStatus {MemManagerAggregate,18446744073709551615,53687091200,0,0,0,0,N/A}
1: MemResourceStatus {MemManagerAggregate,18446744073709551615,53687091200,0,0,0,1,N/A}
MemResourceStatus {DefaultResource,18446744073709551615,18446744073709551615,18446744069992734019,60455899246,0,-1,N/A}
Quick Memory Usage Overview:
Used Capacity: 52888587462, 0
------------------------------------------
$:Quit
Executing script file done
Bye.
Backtrace:
 0# print_backtrace[abi:cxx11]() in /home/umeshsum/hyrise_pmr/build/lib/libhyrise_impl.so
 1# segfault_handler(int) in ./hyriseConsole
 2# 0x00007AE1CD045330 in /lib/x86_64-linux-gnu/libc.so.6
 3# std::vector<std::shared_ptr<hyrise::AbstractSegment>, std::pmr::polymorphic_allocator<std::shared_ptr<hyrise::AbstractSegment> > >::~vector() in ./hyriseConsole
 4# tbb::detail::d1::concurrent_vector<std::shared_ptr<hyrise::Chunk>, hyrise::ZeroAllocator<std::shared_ptr<hyrise::Chunk> > >::destroy_segment(std::shared_ptr<hyrise::Chunk>*, unsigned long) in ./hyriseConsole
 5# tbb::detail::d1::segment_table<std::shared_ptr<hyrise::Chunk>, hyrise::ZeroAllocator<std::shared_ptr<hyrise::Chunk> >, tbb::detail::d1::concurrent_vector<std::shared_ptr<hyrise::Chunk>, hyrise::ZeroAllocator<std::shared_ptr<hyrise::Chunk> > >, 3ul>::clear() in ./hyriseConsole
 6# hyrise::Table::~Table() in ./hyriseConsole
 7# std::_Sp_counted_base<(__gnu_cxx::_Lock_policy)2>::_M_release_last_use_cold() in ./hyriseConsole
 8# tbb::detail::d1::concurrent_unordered_base<tbb::detail::d1::concurrent_unordered_map_traits<std::__cxx11::basic_string<char, std::char_traits<char>, std::allocator<char> >, std::shared_ptr<hyrise::Table>, std::hash<std::__cxx11::basic_string<char, std::char_traits<char>, std::allocator<char> > >, std::equal_to<std::__cxx11::basic_string<char, std::char_traits<char>, std::allocator<char> > >, tbb::detail::d1::tbb_allocator<std::pair<std::__cxx11::basic_string<char, std::char_traits<char>, std::allocator<char> > const, std::shared_ptr<hyrise::Table> > >, false> >::destroy_node(tbb::detail::d1::list_node<unsigned long>*) in ./hyriseConsole
 9# tbb::detail::d1::concurrent_unordered_base<tbb::detail::d1::concurrent_unordered_map_traits<std::__cxx11::basic_string<char, std::char_traits<char>, std::allocator<char> >, std::shared_ptr<hyrise::Table>, std::hash<std::__cxx11::basic_string<char, std::char_traits<char>, std::allocator<char> > >, std::equal_to<std::__cxx11::basic_string<char, std::char_traits<char>, std::allocator<char> > >, tbb::detail::d1::tbb_allocator<std::pair<std::__cxx11::basic_string<char, std::char_traits<char>, std::allocator<char> > const, std::shared_ptr<hyrise::Table> > >, false> >::internal_clear() in ./hyriseConsole
10# tbb::detail::d1::concurrent_unordered_base<tbb::detail::d1::concurrent_unordered_map_traits<std::__cxx11::basic_string<char, std::char_traits<char>, std::allocator<char> >, std::shared_ptr<hyrise::Table>, std::hash<std::__cxx11::basic_string<char, std::char_traits<char>, std::allocator<char> > >, std::equal_to<std::__cxx11::basic_string<char, std::char_traits<char>, std::allocator<char> > >, tbb::detail::d1::tbb_allocator<std::pair<std::__cxx11::basic_string<char, std::char_traits<char>, std::allocator<char> > const, std::shared_ptr<hyrise::Table> > >, false> >::~concurrent_unordered_base() in ./hyriseConsole
11# 0x00007AE1CD047A76 in /lib/x86_64-linux-gnu/libc.so.6
12# 0x00007AE1CD047BBE in /lib/x86_64-linux-gnu/libc.so.6
13# 0x00007AE1CD02A1D1 in /lib/x86_64-linux-gnu/libc.so.6
14# __libc_start_main in /lib/x86_64-linux-gnu/libc.so.6
15# _start in ./hyriseConsole

