query_id,dam_size,table_size,total_allocated_bytes_delta_pool2,total_allocated_bytes_delta_pool3,duration
10,10737418240,1073741824,9124385008,0,2610833443
21,13421772800,6710886400,24944979462,0,5038852144
21,13421772800,6710886400,24944979462,0,4979248253
21,13421772800,6710886400,24944979462,0,4975645800
21,13421772800,6710886400,24944979462,0,4916075437
21,13421772800,6710886400,24944979462,0,4934167036
22,13421772800,6710886400,3952082146,0,555257405
22,13421772800,6710886400,3952082146,0,535311715
22,13421772800,6710886400,3952082146,0,536373035
22,13421772800,6710886400,3952082146,0,533950718
22,13421772800,6710886400,3952082146,0,535255276
9,10737418240,1073741824,26417320344,0,9253934285
2,13421772800,6710886400,1114310490,0,85297903
2,13421772800,6710886400,1114282434,0,85070596
2,13421772800,6710886400,1114282818,0,84378813
2,13421772800,6710886400,1114271146,0,72562782
2,13421772800,6710886400,1114417842,0,81609261
3,13421772800,6710886400,11829838460,0,1700246939
3,13421772800,6710886400,11829838460,0,1689147211
3,13421772800,6710886400,11829838460,0,1659832845
3,13421772800,6710886400,11829838460,0,1640831916
3,13421772800,6710886400,11829838460,0,1650656267
9,10737418240,1073741824,26417320344,0,9235265399
4,13421772800,6710886400,11750982056,0,1332143141
4,13421772800,6710886400,11750982056,0,1308972915
4,13421772800,6710886400,11750982056,0,1311543609
4,13421772800,6710886400,11750982056,0,1315077064
4,13421772800,6710886400,11750982056,0,1316794286
5,13421772800,6710886400,16083043104,0,1988585955
5,13421772800,6710886400,16083043104,0,1972309418
5,13421772800,6710886400,16083043104,0,1951933044
5,13421772800,6710886400,16083043104,0,1935793037
5,13421772800,6710886400,16083043104,0,1983662285
9,10737418240,1073741824,26417320344,0,9097511967
6,13421772800,6710886400,1320628080,0,246885424
6,13421772800,6710886400,1320628080,0,240711837
6,13421772800,6710886400,1320628080,0,240277722
6,13421772800,6710886400,1320628080,0,238566368
6,13421772800,6710886400,1320628080,0,241222481
7,13421772800,6710886400,11135969600,0,971845769
7,13421772800,6710886400,11135969600,0,949596832
7,13421772800,6710886400,11135969600,0,1007263061
7,13421772800,6710886400,11135969600,0,934314546
7,13421772800,6710886400,11135969600,0,949386334
9,10737418240,1073741824,26417320344,0,8990641241
8,13421772800,6710886400,9592032951,0,604847864
8,13421772800,6710886400,9592032951,0,572193452
8,13421772800,6710886400,9592032951,0,571837116
8,13421772800,6710886400,9592032951,0,585796375
8,13421772800,6710886400,9592032951,0,569323141
9,13421772800,6710886400,26417320344,0,6918826109
9,13421772800,6710886400,26417320344,0,6858448378
9,13421772800,6710886400,26417320344,0,6926519274
9,13421772800,6710886400,26417320344,0,6875427470
9,13421772800,6710886400,26417320344,0,6940409988
9,10737418240,1073741824,26417320344,0,9226726548
10,2684354560,268435456,8922129832,202255176,1907474374
10,2684354560,268435456,9035133784,89251224,1903205367
10,2684354560,268435456,9088724656,35660352,1924295015
10,2684354560,268435456,9088724656,35660352,1946968427
10,2684354560,268435456,8957829704,166555304,1905757001
11,2684354560,268435456,1285878476,0,159450697
11,2684354560,268435456,1285878476,0,160770103
11,2684354560,268435456,1285878476,0,161592345
11,2684354560,268435456,1285878476,0,162716653
11,2684354560,268435456,1285878476,0,165881041
10,10737418240,2147483648,9124385008,0,1822560475
12,2684354560,268435456,6845090004,0,2142796092
12,2684354560,268435456,6845090004,0,2122570096
12,2684354560,268435456,6845090004,0,2116688346
12,2684354560,268435456,6845090004,0,2127492687
12,2684354560,268435456,6845090004,0,2114714465
13,2684354560,268435456,13221020210,3482446000,13904645221
13,2684354560,268435456,13220914306,3482551904,14000042146
13,2684354560,268435456,13221251210,3482215000,13834666483
13,2684354560,268435456,13221192754,3482273456,13989493141
13,2684354560,268435456,13220940450,3482525760,13954991971
10,10737418240,2147483648,9124385008,0,1759173252
14,2684354560,268435456,2176131663,0,2268007802
14,2684354560,268435456,2176131663,0,2341276616
14,2684354560,268435456,2176131663,0,2211813208
14,2684354560,268435456,2176131663,0,2311829622
14,2684354560,268435456,2176131663,0,2299425087
16,2684354560,268435456,4026449962,0,2151298257
16,2684354560,268435456,4026449962,0,2195559842
16,2684354560,268435456,4026449962,0,2163220918
16,2684354560,268435456,4026449962,0,2152938272
16,2684354560,268435456,4026449962,0,2159427356
10,10737418240,2147483648,9124385008,0,1774764018
17,2684354560,268435456,6858775164,140360,421260706
17,2684354560,268435456,6858759164,140360,424662852
17,2684354560,268435456,6858776412,140360,417513604
17,2684354560,268435456,6858776412,140360,417896520
17,2684354560,268435456,6858792412,140360,408903961
18,2684354560,268435456,14445006680,8763810372,4462129439
18,2684354560,268435456,14445006680,8763810804,4457498645
18,2684354560,268435456,14445006680,8763827244,4430924163
18,2684354560,268435456,14445006680,8763809940,4392030534
18,2684354560,268435456,14445006680,8763827964,4413551028
10,10737418240,2147483648,9124385008,0,1758665056
19,2684354560,268435456,2078126724,0,310033755
19,2684354560,268435456,2078200460,0,289695679
19,2684354560,268435456,2078139300,0,286521401
19,2684354560,268435456,2078122196,0,289857958
19,2684354560,268435456,2078178308,0,285525831
1,2684354560,268435456,4039139360,20936526288,20888073541
1,2684354560,268435456,17053359336,7922306312,18584306112
1,2684354560,268435456,17054933944,7920731704,18349091209
1,2684354560,268435456,17054933944,7920731704,18392037261
1,2684354560,268435456,4035990984,20939674664,18869930793
10,10737418240,2147483648,9124385008,0,1749076097
12,10737418240,1073741824,6845090004,0,2140333346
20,2684354560,268435456,3807060626,0,1045707205
20,2684354560,268435456,3807060626,0,1050693604
20,2684354560,268435456,3807060626,0,1027607087
20,2684354560,268435456,3807060626,0,1061469086
20,2684354560,268435456,3807060626,0,1045689014
21,2684354560,268435456,24873387902,71591560,6505586853
21,2684354560,268435456,24873387902,71591560,6300674513
21,2684354560,268435456,24873387902,71591560,6348153556
21,2684354560,268435456,24873387902,71591560,6265078791
21,2684354560,268435456,24873030662,71948800,6302058190
11,10737418240,2147483648,1285878476,0,167512537
22,2684354560,268435456,3952082146,0,688449784
22,2684354560,268435456,3952082146,0,669766702
22,2684354560,268435456,3952082146,0,685049598
22,2684354560,268435456,3952082146,0,693664182
22,2684354560,268435456,3952082146,0,691845810
2,2684354560,268435456,1114271146,0,94029035
2,2684354560,268435456,1114262954,0,91645059
2,2684354560,268435456,1114282434,0,79674820
2,2684354560,268435456,1114302106,0,79555471
2,2684354560,268435456,1114262954,0,81405872
11,10737418240,2147483648,1285878476,0,148754594
3,2684354560,268435456,11687214588,142623872,2047745400
3,2684354560,268435456,11684067084,145771376,2046510923
3,2684354560,268435456,11687214588,142623872,2152573127
3,2684354560,268435456,11687214588,142623872,1993345377
3,2684354560,268435456,11687214588,142623872,1995532815
4,2684354560,268435456,11715321704,35660352,1937473449
4,2684354560,268435456,11715321704,35660352,1935655016
4,2684354560,268435456,11715321704,35660352,1913138843
4,2684354560,268435456,11715321704,35660352,1920663528
4,2684354560,268435456,11715321704,35660352,1922870455
11,10737418240,2147483648,1285878476,0,151986690
5,2684354560,268435456,16081927896,1115208,2638396789
5,2684354560,268435456,16081927896,1115208,2592786466
5,2684354560,268435456,16081927896,1115208,2647168600
5,2684354560,268435456,16081927896,1115208,2568228513
5,2684354560,268435456,16081927896,1115208,2682420596
6,2684354560,268435456,1320628080,0,270040178
6,2684354560,268435456,1320628080,0,267553843
6,2684354560,268435456,1320628080,0,264815620
6,2684354560,268435456,1320628080,0,263681412
6,2684354560,268435456,1320628080,0,264522663
11,10737418240,2147483648,1285878476,0,146656276
7,2684354560,268435456,10732472224,403497376,1483125704
7,2684354560,268435456,10423916480,712053120,1336859953
7,2684354560,268435456,10423916480,712053120,1441478732
7,2684354560,268435456,11135411448,558152,1359291917
7,2684354560,268435456,10423916480,712053120,1309453157
8,2684354560,268435456,8526421991,1065610960,851987843
8,2684354560,268435456,8512086823,1079946128,831913804
8,2684354560,268435456,8513660215,1078372736,852188441
8,2684354560,268435456,8487843479,1104189472,823270521
8,2684354560,268435456,8489941335,1102091616,849657816
11,10737418240,2147483648,1285878476,0,153601043
9,2684354560,268435456,25210556944,1206763400,9623823341
9,2684354560,268435456,25210556944,1206763400,9598323617
9,2684354560,268435456,25210556944,1206763400,9573846723
9,2684354560,268435456,25210556944,1206763400,9441238225
9,2684354560,268435456,25210556944,1206763400,9494133933
10,2684354560,536870912,9088724656,35660352,1908331053
10,2684354560,536870912,9088724656,35660352,1979536599
10,2684354560,536870912,8898297224,226087784,1944332032
10,2684354560,536870912,9088724656,35660352,1951180234
10,2684354560,536870912,9088724656,35660352,1941478870
12,10737418240,2147483648,6845090004,0,1979514365
11,2684354560,536870912,1285878476,0,162453298
11,2684354560,536870912,1285878476,0,147030423
11,2684354560,536870912,1285878476,0,149841215
11,2684354560,536870912,1285878476,0,151115132
11,2684354560,536870912,1285878476,0,152413309
12,2684354560,536870912,6845090004,0,2033304719
12,2684354560,536870912,6845090004,0,1996465129
12,2684354560,536870912,6845090004,0,1979080984
12,2684354560,536870912,6845090004,0,1988823265
12,2684354560,536870912,6845090004,0,2001497929
12,10737418240,2147483648,6845090004,0,1937152050
13,2684354560,536870912,12424419074,4279047136,9743207467
13,2684354560,536870912,12424421082,4279045128,9753539883
13,2684354560,536870912,12424360538,4279105672,9742563303
13,2684354560,536870912,12424464130,4279002080,9717583725
13,2684354560,536870912,12424422890,4279043320,9702470936
14,2684354560,536870912,2176131663,0,2249024483
14,2684354560,536870912,2176131663,0,2286921302
14,2684354560,536870912,2176131663,0,2314047810
14,2684354560,536870912,2176131663,0,2276220610
14,2684354560,536870912,2176131663,0,2290032651
12,10737418240,2147483648,6845090004,0,1943394974
16,2684354560,536870912,4026449962,0,1639161478
16,2684354560,536870912,4026449962,0,1624372526
16,2684354560,536870912,4026449962,0,1608962301
16,2684354560,536870912,4026449962,0,1634599764
16,2684354560,536870912,4026449962,0,1635141948
17,2684354560,536870912,6858775164,140360,384852854
17,2684354560,536870912,6858760188,140360,382424940
17,2684354560,536870912,6858759164,140360,380964884
17,2684354560,536870912,6858760188,140360,374224121
17,2684354560,536870912,6858929452,140360,378162422
12,10737418240,2147483648,6845090004,0,1946607150
18,2684354560,536870912,7245006616,15963811732,6685167532
18,2684354560,536870912,7245006616,15963831196,6592880795
18,2684354560,536870912,7245006616,15963808564,6643210409
18,2684354560,536870912,7245006616,15963810292,6751795291
18,2684354560,536870912,7245006616,15963810292,6721244790
19,2684354560,536870912,2078173556,0,308124897
19,2684354560,536870912,2078150356,0,290199616
19,2684354560,536870912,2078109220,0,294537123
19,2684354560,536870912,2078136900,0,289740981
19,2684354560,536870912,2078117156,0,285877569
12,10737418240,2147483648,6845090004,0,1929776367
12,10737418240,1073741824,6845090004,0,2085345244
1,2684354560,536870912,3584078488,21391587160,18814306889
1,2684354560,536870912,16603021448,8372644200,18259415791
1,2684354560,536870912,3585653096,21390012552,18721477836
1,2684354560,536870912,8315196448,16660469104,18462162894
1,2684354560,536870912,3584078488,21391587160,18511182523
20,2684354560,536870912,3807060626,0,1040337878
20,2684354560,536870912,3807060626,0,1057541496
20,2684354560,536870912,3807060626,0,1031684255
20,2684354560,536870912,3807060626,0,1043492136
20,2684354560,536870912,3807060626,0,1030644145
13,10737418240,2147483648,16703466210,0,9394781364
21,2684354560,536870912,24873387902,71591560,6363411393
21,2684354560,536870912,24873387902,71591560,6364120073
21,2684354560,536870912,24873387902,71591560,6313103661
21,2684354560,536870912,24873030662,71948800,6407464954
21,2684354560,536870912,24873030662,71948800,6350907977
22,2684354560,536870912,3952082146,0,650200430
22,2684354560,536870912,3952082146,0,641200399
22,2684354560,536870912,3952082146,0,641126630
22,2684354560,536870912,3952082146,0,651566066
22,2684354560,536870912,3952082146,0,637933162
13,10737418240,2147483648,16703466210,0,9394401661
2,2684354560,536870912,1114282434,0,89966390
2,2684354560,536870912,1114437322,0,85729833
2,2684354560,536870912,1114282434,0,85146709
2,2684354560,536870912,1114271146,0,85740643
2,2684354560,536870912,1114282818,0,76267148
3,2684354560,536870912,11669371260,160467200,2044445060
3,2684354560,536870912,11552524844,277313616,2073704608
3,2684354560,536870912,11552524844,277313616,2033424160
3,2684354560,536870912,11628453708,201384752,2108451480
3,2684354560,536870912,11633699548,196138912,2047633307
13,10737418240,2147483648,16703466210,0,9567875316
4,2684354560,536870912,11715321704,35660352,1638088180
4,2684354560,536870912,11715321704,35660352,1589062900
4,2684354560,536870912,11715321704,35660352,1593678144
4,2684354560,536870912,11715321704,35660352,1591804033
4,2684354560,536870912,11715321704,35660352,1611001461
5,2684354560,536870912,16081433256,1609848,2578004780
5,2684354560,536870912,16081927896,1115208,2618608173
5,2684354560,536870912,16081927896,1115208,2565180468
5,2684354560,536870912,16081927896,1115208,2566082539
5,2684354560,536870912,16081927896,1115208,2547888061
13,10737418240,2147483648,16703466210,0,9317535077
6,2684354560,536870912,1320628080,0,270058176
6,2684354560,536870912,1320628080,0,258694760
6,2684354560,536870912,1320628080,0,259501482
6,2684354560,536870912,1320628080,0,257139776
6,2684354560,536870912,1320628080,0,257100767
7,2684354560,536870912,8013060484,3122909116,1386552818
7,2684354560,536870912,8216120932,2919848668,1252482551
7,2684354560,536870912,8226090308,2909879292,1217415982
7,2684354560,536870912,8220318564,2915651036,1281586159
7,2684354560,536870912,8475324708,2660644892,1243282882
13,10737418240,2147483648,16703466210,0,9412068494
8,2684354560,536870912,8497052007,1094980944,795993639
8,2684354560,536870912,8500024151,1092008800,825425694
8,2684354560,536870912,8496877367,1095155584,841309855
8,2684354560,536870912,8499149863,1092883088,809393635
8,2684354560,536870912,8489941335,1102091616,824709412
9,2684354560,536870912,25210556944,1206763400,9354351188
9,2684354560,536870912,25211384472,1205935872,9530479382
9,2684354560,536870912,25211426016,1205894328,9444184894
9,2684354560,536870912,25210556944,1206763400,9297532491
9,2684354560,536870912,25211384472,1205935872,9321598368
14,10737418240,2147483648,2176131663,0,2248893813
10,2684354560,805306368,8898297224,226087784,1872861170
10,2684354560,805306368,8904244832,220140176,1905277485
10,2684354560,805306368,8987609760,136775248,1911158816
10,2684354560,805306368,8898297224,226087784,1897836449
10,2684354560,805306368,8904244832,220140176,1892548852
11,2684354560,805306368,1285878476,0,163637671
11,2684354560,805306368,1285878476,0,142964117
11,2684354560,805306368,1285878476,0,147554972
11,2684354560,805306368,1285878476,0,148882128
11,2684354560,805306368,1285878476,0,144567462
14,10737418240,2147483648,2176131663,0,2252755632
12,2684354560,805306368,6845090004,0,2030336447
12,2684354560,805306368,6845090004,0,1978237890
12,2684354560,805306368,6845090004,0,1973596557
12,2684354560,805306368,6845090004,0,1981386779
12,2684354560,805306368,6845090004,0,1985257160
13,2684354560,805306368,11961181186,4742285024,9671492781
13,2684354560,805306368,11961181186,4742285024,9733839564
13,2684354560,805306368,11961181186,4742285024,9641526848
13,2684354560,805306368,11961181186,4742285024,9733535314
13,2684354560,805306368,11961181186,4742285024,9766553561
14,10737418240,2147483648,2176131663,0,2269266037
14,2684354560,805306368,2176131663,0,2288923081
14,2684354560,805306368,2176131663,0,2346972479
14,2684354560,805306368,2176131663,0,2342519164
14,2684354560,805306368,2176131663,0,2230557616
14,2684354560,805306368,2176131663,0,2347901320
16,2684354560,805306368,4026449962,0,1623557589
16,2684354560,805306368,4026449962,0,1640687337
16,2684354560,805306368,4026449962,0,1622354331
16,2684354560,805306368,4026449962,0,1614891965
16,2684354560,805306368,4026449962,0,1653668206
14,10737418240,2147483648,2176131663,0,2273553192
17,2684354560,805306368,6858912204,140360,393460686
17,2684354560,805306368,6858759164,140360,383201689
17,2684354560,805306368,6858775164,140360,384612045
17,2684354560,805306368,6858759164,140360,379136940
17,2684354560,805306368,6858775164,140360,391273568
18,2684354560,805306368,7245006616,15963826156,6704000783
18,2684354560,805306368,7245006616,15963827884,6705095582
18,2684354560,805306368,7245006616,15963827884,6726811743
18,2684354560,805306368,7245006616,15963827596,6691324338
18,2684354560,805306368,7245006616,15963807844,6605994134
14,10737418240,2147483648,2176131663,0,2279034214
12,10737418240,1073741824,6845090004,0,2078880285
19,2684354560,805306368,2078051676,0,288764046
19,2684354560,805306368,2078161100,0,274814586
19,2684354560,805306368,2078111044,0,283847505
19,2684354560,805306368,2078150124,0,278808025
19,2684354560,805306368,2078145092,0,275664787
1,2684354560,805306368,7861709344,17113956208,18540381079
1,2684354560,805306368,3132165992,21843499656,18864134842
1,2684354560,805306368,3132166832,21843498816,18650530080
1,2684354560,805306368,3132165992,21843499656,18686037112
1,2684354560,805306368,3132165992,21843499656,18657185659
16,10737418240,2147483648,4026449962,0,1661583778
20,2684354560,805306368,3807060626,0,1070048942
20,2684354560,805306368,3807060626,0,1052753285
20,2684354560,805306368,3807060626,0,1044355940
20,2684354560,805306368,3807060626,0,1054805675
20,2684354560,805306368,3807060626,0,1079015032
21,2684354560,805306368,24873387902,71591560,6342938487
21,2684354560,805306368,24873030662,71948800,6317501292
21,2684354560,805306368,24873387902,71591560,6466988052
21,2684354560,805306368,24873387902,71591560,6502563546
21,2684354560,805306368,24873030662,71948800,6473984702
16,10737418240,2147483648,4026449962,0,1637206256
22,2684354560,805306368,3952082146,0,586682408
22,2684354560,805306368,3952082146,0,578067394
22,2684354560,805306368,3952082146,0,578679738
22,2684354560,805306368,3952082146,0,572863286
22,2684354560,805306368,3952082146,0,587888566
2,2684354560,805306368,1114282626,0,82218926
2,2684354560,805306368,1114271338,0,87028888
2,2684354560,805306368,1114282626,0,83839440
2,2684354560,805306368,1114263146,0,83707941
2,2684354560,805306368,1114262954,0,84417233
16,10737418240,2147483648,4026449962,0,1617349994
3,2684354560,805306368,11501504380,328334080,2006583190
3,2684354560,805306368,11557110284,272728176,2099348790
3,2684354560,805306368,11472127676,357710784,2093410560
3,2684354560,805306368,11539799012,290039448,2066859086
3,2684354560,805306368,11534028588,295809872,2041118844
4,2684354560,805306368,11715321704,35660352,1617991556
4,2684354560,805306368,11715321704,35660352,1575683971
4,2684354560,805306368,11715321704,35660352,1567353364
4,2684354560,805306368,11715321704,35660352,1590060397
4,2684354560,805306368,11715321704,35660352,1594403483
16,10737418240,2147483648,4026449962,0,1636117027
5,2684354560,805306368,16081927896,1115208,2550474867
5,2684354560,805306368,16081433256,1609848,2538218120
5,2684354560,805306368,16081927896,1115208,2569608885
5,2684354560,805306368,16081927896,1115208,2600426616
5,2684354560,805306368,16081927896,1115208,2450363740
6,2684354560,805306368,1320628080,0,262798745
6,2684354560,805306368,1320628080,0,253294931
6,2684354560,805306368,1320628080,0,252110132
6,2684354560,805306368,1320628080,0,259802205
6,2684354560,805306368,1320628080,0,256544567
16,10737418240,2147483648,4026449962,0,1612851452
7,2684354560,805306368,7995220548,3140749052,1285023235
7,2684354560,805306368,7993646436,3142323164,1206870838
7,2684354560,805306368,8422823548,2713146052,1366391789
7,2684354560,805306368,8364581404,2771388196,1223378753
7,2684354560,805306368,7994695844,3141273756,1171827700
8,2684354560,805306368,8436446007,1155586944,817142878
8,2684354560,805306368,8415467447,1176565504,834848150
8,2684354560,805306368,8465291527,1126741424,808480538
8,2684354560,805306368,8466864919,1125168032,801888820
8,2684354560,805306368,8467913847,1124119104,797101074
17,10737418240,2147483648,6858915524,0,283019815
9,2684354560,805306368,25025208264,1392112080,9671929968
9,2684354560,805306368,24691650040,1725670304,9447159997
9,2684354560,805306368,24914067968,1503252376,10352753957
9,2684354560,805306368,24914020464,1503299880,9359572501
9,2684354560,805306368,24951104560,1466215784,9467900113
10,2684354560,1073741824,5412648848,3711736160,1946689245
10,2684354560,1073741824,5399359488,3725025520,1936681817
10,2684354560,1073741824,5420867432,3703517576,1960212260
10,2684354560,1073741824,5392726016,3731658992,2040327182
10,2684354560,1073741824,5390452920,3733932088,1976734726
17,10737418240,2147483648,6858916548,0,261732579
11,2684354560,1073741824,1285878476,0,156698409
11,2684354560,1073741824,1285878476,0,157905088
11,2684354560,1073741824,1285878476,0,148388388
11,2684354560,1073741824,1285878476,0,145719275
11,2684354560,1073741824,1285878476,0,146905703
12,2684354560,1073741824,6845090004,0,2116041011
12,2684354560,1073741824,6845090004,0,2102822844
12,2684354560,1073741824,6845090004,0,2094653000
12,2684354560,1073741824,6845090004,0,2102136826
12,2684354560,1073741824,6845090004,0,2090478005
17,10737418240,2147483648,6858915524,0,258812120
13,2684354560,1073741824,11961181186,4742285024,9756523163
13,2684354560,1073741824,11961181186,4742285024,9784977843
13,2684354560,1073741824,11961181186,4742285024,9810108335
13,2684354560,1073741824,11961181186,4742285024,9712585283
13,2684354560,1073741824,11961181186,4742285024,9684482612
14,2684354560,1073741824,2176131663,0,2267247880
14,2684354560,1073741824,2176131663,0,2258714511
14,2684354560,1073741824,2176131663,0,2326543190
14,2684354560,1073741824,2176131663,0,2245205006
14,2684354560,1073741824,2176131663,0,2280915417
17,10737418240,2147483648,6858915524,0,260843058
16,2684354560,1073741824,4026449962,0,1651600557
16,2684354560,1073741824,4026449962,0,1615511817
16,2684354560,1073741824,4026449962,0,1635651930
16,2684354560,1073741824,4026449962,0,1617243748
16,2684354560,1073741824,4026449962,0,1627660125
17,2684354560,1073741824,6858760188,140360,389150426
17,2684354560,1073741824,6858759164,140360,380285393
17,2684354560,1073741824,6858759164,140360,381620140
17,2684354560,1073741824,6858775164,140360,380585600
17,2684354560,1073741824,6858759164,140360,378569749
17,10737418240,2147483648,6858916548,0,260218405
12,10737418240,1073741824,6845090004,0,2090102338
18,2684354560,1073741824,7245006616,15963811732,6727084044
18,2684354560,1073741824,7245006616,15963809428,6633966877
18,2684354560,1073741824,7245006616,15963827452,6672938250
18,2684354560,1073741824,7245006616,15963810724,6710267150
18,2684354560,1073741824,7245006616,15963809716,6635645954
19,2684354560,1073741824,2078174124,0,297821234
19,2684354560,1073741824,2078177556,0,281086817
19,2684354560,1073741824,2078234596,0,283559203
19,2684354560,1073741824,2078155484,0,293848722
19,2684354560,1073741824,2078172996,0,288103179
18,10737418240,2147483648,23208836740,0,4392886443
1,2684354560,1073741824,2681828104,22293837544,18877057393
1,2684354560,1073741824,2681828104,22293837544,18664329833
1,2684354560,1073741824,2684977320,22290688328,18811207617
1,2684354560,1073741824,2683402712,22292262936,18635639262
1,2684354560,1073741824,2686551928,22289113720,18592237413
20,2684354560,1073741824,3807060626,0,1034863075
20,2684354560,1073741824,3807060626,0,1039670428
20,2684354560,1073741824,3807060626,0,1058909278
20,2684354560,1073741824,3807060626,0,1030486897
20,2684354560,1073741824,3807060626,0,1070195547
18,10737418240,2147483648,23208835444,0,4344454603
21,2684354560,1073741824,24846288686,98690776,6074413859
21,2684354560,1073741824,24846288686,98690776,6064064174
21,2684354560,1073741824,24846288686,98690776,5982134724
21,2684354560,1073741824,24846645926,98333536,5936057741
21,2684354560,1073741824,24846645926,98333536,5994684927
22,2684354560,1073741824,3952082146,0,540550507
22,2684354560,1073741824,3952082146,0,533921362
22,2684354560,1073741824,3952082146,0,528920361
22,2684354560,1073741824,3952082146,0,530268418
22,2684354560,1073741824,3952082146,0,536500566
18,10737418240,2147483648,23208817564,0,4335695204
2,2684354560,1073741824,1114302298,0,90793354
2,2684354560,1073741824,1114282434,0,87165820
2,2684354560,1073741824,1114262954,0,84153999
2,2684354560,1073741824,1114262954,0,88165699
2,2684354560,1073741824,1114437322,0,85771713
3,2684354560,1073741824,11043542548,786295912,1977615029
3,2684354560,1073741824,11172065628,657772832,1905822428
3,2684354560,1073741824,11169442708,660395752,1952006451
3,2684354560,1073741824,11173114796,656723664,1947515745
3,2684354560,1073741824,11044591716,785246744,1984974064
18,10737418240,2147483648,23208817420,0,4325740558
4,2684354560,1073741824,11715321704,35660352,1538399127
4,2684354560,1073741824,11715321704,35660352,1504293414
4,2684354560,1073741824,11715321704,35660352,1508185575
4,2684354560,1073741824,11715321704,35660352,1529839911
4,2684354560,1073741824,11715321704,35660352,1502523311
5,2684354560,1073741824,16081433256,1609848,2339750309
5,2684354560,1073741824,16081927896,1115208,2257362983
5,2684354560,1073741824,16081927896,1115208,2298831992
5,2684354560,1073741824,16081927896,1115208,2264098505
5,2684354560,1073741824,16081433256,1609848,2313739874
18,10737418240,2147483648,23208817852,0,4355382994
6,2684354560,1073741824,1320628080,0,265662440
6,2684354560,1073741824,1320628080,0,260314423
6,2684354560,1073741824,1320628080,0,260470881
6,2684354560,1073741824,1320628080,0,266847597
6,2684354560,1073741824,1320628080,0,264597800
7,2684354560,1073741824,7290543076,3845426524,1366856440
7,2684354560,1073741824,8253520524,2882449076,1513934234
7,2684354560,1073741824,7928061124,3207908476,1367111957
7,2684354560,1073741824,8240226556,2895743044,1463943918
7,2684354560,1073741824,8087791332,3048178268,1388543005
19,10737418240,2147483648,2078149428,0,291333425
8,2684354560,1073741824,8436271367,1155761584,810263290
8,2684354560,1073741824,8439418151,1152614800,833448850
8,2684354560,1073741824,8375608183,1216424768,845201133
8,2684354560,1073741824,8390118535,1201914416,791061130
8,2684354560,1073741824,8399558887,1192474064,802143100
9,2684354560,1073741824,24469366552,1947953792,9597075288
9,2684354560,1073741824,24469370992,1947949352,9682362656
9,2684354560,1073741824,24469361000,1947959344,10420118742
9,2684354560,1073741824,24469361000,1947959344,9673963425
9,2684354560,1073741824,24469265504,1948054840,9578453215
19,10737418240,2147483648,2078093860,0,280060174
10,2684354560,1342177280,4978040944,4146344064,2101611240
10,2684354560,1342177280,5005571664,4118813344,1884744511
10,2684354560,1342177280,5007495240,4116889768,1933581356
10,2684354560,1342177280,5003298568,4121086440,1938490548
10,2684354560,1342177280,5005571664,4118813344,1907397926
11,2684354560,1342177280,1285878476,0,152622055
11,2684354560,1342177280,1285878476,0,145921011
11,2684354560,1342177280,1285878476,0,151215029
11,2684354560,1342177280,1285878476,0,148028041
11,2684354560,1342177280,1285878476,0,142525996
19,10737418240,2147483648,2078256820,0,288706083
12,2684354560,1342177280,6845090004,0,2096574778
12,2684354560,1342177280,6845090004,0,2085048152
12,2684354560,1342177280,6845090004,0,2086573587
12,2684354560,1342177280,6845090004,0,2085943492
12,2684354560,1342177280,6845090004,0,2070650624
13,2684354560,1342177280,11961181186,4742285024,9702318987
13,2684354560,1342177280,11961181186,4742285024,9867816360
13,2684354560,1342177280,11961181186,4742285024,9670065950
13,2684354560,1342177280,11961181186,4742285024,9809062855
13,2684354560,1342177280,11961181186,4742285024,9816098849
19,10737418240,2147483648,2078138044,0,288795792
14,2684354560,1342177280,2176131663,0,2390161447
14,2684354560,1342177280,2176131663,0,2250949209
14,2684354560,1342177280,2176131663,0,2344362782
14,2684354560,1342177280,2176131663,0,2269170738
14,2684354560,1342177280,2176131663,0,2297499657
16,2684354560,1342177280,4026449962,0,1644440631
16,2684354560,1342177280,4026449962,0,1641972345
16,2684354560,1342177280,4026449962,0,1617468379
16,2684354560,1342177280,4026449962,0,1606237071
16,2684354560,1342177280,4026449962,0,1620743106
19,10737418240,2147483648,2078169884,0,280051044
12,10737418240,1073741824,6845090004,0,2076992126
17,2684354560,1342177280,6858760188,140360,395985935
17,2684354560,1342177280,6858792412,140360,383962404
17,2684354560,1342177280,6858775164,140360,382032014
17,2684354560,1342177280,6858775164,140360,384609278
17,2684354560,1342177280,6858760188,140360,389860955
18,2684354560,1342177280,7245006616,15963827020,6763016851
18,2684354560,1342177280,7245006616,15963828460,6642729255
18,2684354560,1342177280,7245006616,15963808564,6669957363
18,2684354560,1342177280,7245006616,15963827884,6709755777
18,2684354560,1342177280,7245006616,15963809572,6686301369
1,10737418240,2147483648,20242966456,4732699192,19736460993
19,2684354560,1342177280,2078172756,0,305350805
19,2684354560,1342177280,2078149364,0,282525361
19,2684354560,1342177280,2078113972,0,285002947
19,2684354560,1342177280,2078214132,0,283304623
19,2684354560,1342177280,2078175228,0,276722369
1,2684354560,1342177280,2231490216,22744175432,18877592230
1,2684354560,1342177280,2231490216,22744175432,18635928422
1,2684354560,1342177280,15250433176,9725232472,18381589386
1,2684354560,1342177280,2231490216,22744175432,18614707491
1,2684354560,1342177280,2231490216,22744175432,18649596677
1,10737418240,2147483648,20242966456,4732699192,18212780873
20,2684354560,1342177280,3807060626,0,1038288455
20,2684354560,1342177280,3807060626,0,1036696630
20,2684354560,1342177280,3807060626,0,1042939609
20,2684354560,1342177280,3807060626,0,1043902400
20,2684354560,1342177280,3807060626,0,1079417732
21,2684354560,1342177280,24543212958,401766504,6182037934
21,2684354560,1342177280,24543212958,401766504,6168497726
21,2684354560,1342177280,24543212958,401766504,6188699046
21,2684354560,1342177280,24543570198,401409264,6110318778
21,2684354560,1342177280,24543570198,401409264,6201569401
1,10737418240,2147483648,20242966456,4732699192,18185003694
22,2684354560,1342177280,3952082146,0,559189358
22,2684354560,1342177280,3952082146,0,533915950
22,2684354560,1342177280,3952082146,0,536008070
22,2684354560,1342177280,3952082146,0,531389423
22,2684354560,1342177280,3952082146,0,533135616
2,2684354560,1342177280,1114282626,0,91710610
2,2684354560,1342177280,1114263146,0,87386891
2,2684354560,1342177280,1114437322,0,81192641
2,2684354560,1342177280,1114271338,0,81793735
2,2684354560,1342177280,1114282626,0,81495888
1,10737418240,2147483648,20242966456,4732699192,18211958657
3,2684354560,1342177280,10731415068,1098423392,2207684550
3,2684354560,1342177280,10718300468,1111537992,2098586697
3,2684354560,1342177280,10719349636,1110488824,2018597445
3,2684354560,1342177280,10748726340,1081112120,1980365562
3,2684354560,1342177280,10746103420,1083735040,1958108074
4,2684354560,1342177280,11715321704,35660352,1511696858
4,2684354560,1342177280,11715321704,35660352,1508341089
4,2684354560,1342177280,11715321704,35660352,1519416851
4,2684354560,1342177280,11715321704,35660352,1511839583
4,2684354560,1342177280,11715321704,35660352,1491893715
1,10737418240,2147483648,20242966456,4732699192,18183198564
5,2684354560,1342177280,15938791848,144251256,2576852816
5,2684354560,1342177280,15939286488,143756616,2515044511
5,2684354560,1342177280,15939286488,143756616,2428144289
5,2684354560,1342177280,15938791848,144251256,2374985031
5,2684354560,1342177280,15939286488,143756616,2392124833
6,2684354560,1342177280,1320628080,0,269542086
6,2684354560,1342177280,1320628080,0,264086109
6,2684354560,1342177280,1320628080,0,260001468
6,2684354560,1342177280,1320628080,0,262955430
6,2684354560,1342177280,1320628080,0,259164486
20,10737418240,2147483648,3807060626,0,1034281884
7,2684354560,1342177280,7865316836,3270652764,1328446883
7,2684354560,1342177280,7915992932,3219976668,1382389799
7,2684354560,1342177280,7912320004,3223649596,1266675062
7,2684354560,1342177280,7918616452,3217353148,1263104166
7,2684354560,1342177280,7916517636,3219451964,1360644498
8,2684354560,1342177280,8392391031,1199641920,793439857
8,2684354560,1342177280,8409173879,1182859072,794644156
8,2684354560,1342177280,8360224087,1231808864,762600528
8,2684354560,1342177280,8363370871,1228662080,803417290
8,2684354560,1342177280,8361447655,1230585296,766671867
20,10737418240,2147483648,3807060626,0,1061293707
9,2684354560,1342177280,24015551704,2401768640,9139076920
9,2684354560,1342177280,24015551704,2401768640,9183368205
9,2684354560,1342177280,24200814440,2216505904,9391063086
9,2684354560,1342177280,24015551704,2401768640,9240439893
9,2684354560,1342177280,24015551704,2401768640,9876595591
10,5368709120,536870912,9124385008,0,1865090437
10,5368709120,536870912,9124385008,0,1856268272
10,5368709120,536870912,9124385008,0,1852559497
10,5368709120,536870912,9124385008,0,1920096227
10,5368709120,536870912,9124385008,0,1911638069
20,10737418240,2147483648,3807060626,0,1033694101
11,5368709120,536870912,1285878476,0,165785548
11,5368709120,536870912,1285878476,0,157634398
11,5368709120,536870912,1285878476,0,148956522
11,5368709120,536870912,1285878476,0,157920965
11,5368709120,536870912,1285878476,0,151345619
12,5368709120,536870912,6845090004,0,2031294389
12,5368709120,536870912,6845090004,0,1988924353
12,5368709120,536870912,6845090004,0,1999378780
12,5368709120,536870912,6845090004,0,1995522907
12,5368709120,536870912,6845090004,0,1980830720
20,10737418240,2147483648,3807060626,0,1072034549
13,5368709120,536870912,16703466210,0,9612589087
13,5368709120,536870912,16703466210,0,9361380875
13,5368709120,536870912,16703466210,0,9600385997
13,5368709120,536870912,16703466210,0,9452647400
13,5368709120,536870912,16703466210,0,9636770230
14,5368709120,536870912,2176131663,0,2359499307
14,5368709120,536870912,2176131663,0,2277460121
14,5368709120,536870912,2176131663,0,2264601727
14,5368709120,536870912,2176131663,0,2279570839
14,5368709120,536870912,2176131663,0,2315188568
20,10737418240,2147483648,3807060626,0,1043888947
13,10737418240,1073741824,16703466210,0,10139920783
16,5368709120,536870912,4026449962,0,1636121466
16,5368709120,536870912,4026449962,0,1620749396
16,5368709120,536870912,4026449962,0,1611875203
16,5368709120,536870912,4026449962,0,1630391501
16,5368709120,536870912,4026449962,0,1611992861
17,5368709120,536870912,6858915524,0,389767468
17,5368709120,536870912,6858899524,0,388615650
17,5368709120,536870912,6858899524,0,383127443
17,5368709120,536870912,6858916772,0,387642409
17,5368709120,536870912,6858899524,0,389445922
21,10737418240,2147483648,24944979462,0,5797358697
18,5368709120,536870912,23208584228,250064,4347156619
18,5368709120,536870912,23208583220,250064,4315924005
18,5368709120,536870912,23208566348,250064,4342335362
18,5368709120,536870912,23208584084,250064,4374267257
18,5368709120,536870912,23208582788,250064,4329929891
19,5368709120,536870912,2078117204,0,311367335
19,5368709120,536870912,2078172732,0,286506519
19,5368709120,536870912,2078083924,0,282406040
19,5368709120,536870912,2078121732,0,291882847
19,5368709120,536870912,2078129156,0,287697888
21,10737418240,2147483648,24944979462,0,5701421769
1,5368709120,536870912,20242966456,4732699192,18271095849
1,5368709120,536870912,20242966456,4732699192,18185954091
1,5368709120,536870912,20242966456,4732699192,18228701734
1,5368709120,536870912,20242966456,4732699192,18117909060
1,5368709120,536870912,20242966456,4732699192,18216750783
20,5368709120,536870912,3807060626,0,1036264515
20,5368709120,536870912,3807060626,0,1036992718
20,5368709120,536870912,3807060626,0,1032657091
20,5368709120,536870912,3807060626,0,1028450672
20,5368709120,536870912,3807060626,0,1027157015
21,10737418240,2147483648,24944979462,0,5722040979
21,5368709120,536870912,24944979462,0,6189126313
21,5368709120,536870912,24944979462,0,6268899694
21,5368709120,536870912,24944979462,0,6304711338
21,5368709120,536870912,24944979462,0,6304067773
21,5368709120,536870912,24944979462,0,6123997026
22,5368709120,536870912,3952082146,0,654551514
22,5368709120,536870912,3952082146,0,636378522
22,5368709120,536870912,3952082146,0,630934376
22,5368709120,536870912,3952082146,0,636385542
22,5368709120,536870912,3952082146,0,635268313
21,10737418240,2147483648,24944979462,0,5798348414
2,5368709120,536870912,1114271146,0,86218959
2,5368709120,536870912,1114271146,0,91168401
2,5368709120,536870912,1114263146,0,87951732
2,5368709120,536870912,1114262954,0,87353268
2,5368709120,536870912,1114262954,0,85707735
3,5368709120,536870912,11829838460,0,1955576881
3,5368709120,536870912,11829838460,0,1968233666
3,5368709120,536870912,11829838460,0,2000729045
3,5368709120,536870912,11829838460,0,1922229080
3,5368709120,536870912,11829838460,0,1990758263
21,10737418240,2147483648,24944979462,0,5800870225
4,5368709120,536870912,11750982056,0,1506740347
4,5368709120,536870912,11750982056,0,1502943664
4,5368709120,536870912,11750982056,0,1511811277
4,5368709120,536870912,11750982056,0,1503129162
4,5368709120,536870912,11750982056,0,1493544367
5,5368709120,536870912,16083043104,0,2568061986
5,5368709120,536870912,16083043104,0,2525515536
5,5368709120,536870912,16083043104,0,2572298424
5,5368709120,536870912,16083043104,0,2576901548
5,5368709120,536870912,16083043104,0,2531361657
22,10737418240,2147483648,3952082146,0,539450376
6,5368709120,536870912,1320628080,0,267555408
6,5368709120,536870912,1320628080,0,259860343
6,5368709120,536870912,1320628080,0,260034563
6,5368709120,536870912,1320628080,0,258543848
6,5368709120,536870912,1320628080,0,253981602
7,5368709120,536870912,11135969600,0,1249902066
7,5368709120,536870912,11135969600,0,1240386800
7,5368709120,536870912,11135969600,0,1247110343
7,5368709120,536870912,11135969600,0,1190314434
7,5368709120,536870912,11135969600,0,1216928182
22,10737418240,2147483648,3952082146,0,532403166
8,5368709120,536870912,9592032951,0,808154788
8,5368709120,536870912,9592032951,0,793591281
8,5368709120,536870912,9592032951,0,798406644
8,5368709120,536870912,9555552295,36480656,828041602
8,5368709120,536870912,9592032951,0,797072367
9,5368709120,536870912,26417320344,0,9373377344
9,5368709120,536870912,26417320344,0,9344873874
9,5368709120,536870912,26417320344,0,9334630653
9,5368709120,536870912,26417320344,0,10293539677
9,5368709120,536870912,26417320344,0,9294748424
22,10737418240,2147483648,3952082146,0,528110943
10,5368709120,1073741824,9124385008,0,1815683330
10,5368709120,1073741824,9124385008,0,1851041751
10,5368709120,1073741824,9124385008,0,1899985177
10,5368709120,1073741824,9124385008,0,1847740983
10,5368709120,1073741824,9124385008,0,1871330115
11,5368709120,1073741824,1285878476,0,154394601
11,5368709120,1073741824,1285878476,0,150663975
11,5368709120,1073741824,1285878476,0,143479231
11,5368709120,1073741824,1285878476,0,148107239
11,5368709120,1073741824,1285878476,0,149192549
22,10737418240,2147483648,3952082146,0,532700582
12,5368709120,1073741824,6845090004,0,2119780951
12,5368709120,1073741824,6845090004,0,2087028229
12,5368709120,1073741824,6845090004,0,2082989641
12,5368709120,1073741824,6845090004,0,2096601891
12,5368709120,1073741824,6845090004,0,2086579129
13,5368709120,1073741824,16703466210,0,9544837558
13,5368709120,1073741824,16703466210,0,9410807390
13,5368709120,1073741824,16703466210,0,9526513206
13,5368709120,1073741824,16703466210,0,9340153152
13,5368709120,1073741824,16703466210,0,9332660982
22,10737418240,2147483648,3952082146,0,531604751
13,10737418240,1073741824,16703466210,0,9392261815
14,5368709120,1073741824,2176131663,0,2247082046
14,5368709120,1073741824,2176131663,0,2230482057
14,5368709120,1073741824,2176131663,0,2331036229
14,5368709120,1073741824,2176131663,0,2324571985
14,5368709120,1073741824,2176131663,0,2296618303
16,5368709120,1073741824,4026449962,0,1656288528
16,5368709120,1073741824,4026449962,0,1641667954
16,5368709120,1073741824,4026449962,0,1649311730
16,5368709120,1073741824,4026449962,0,1625114166
16,5368709120,1073741824,4026449962,0,1651641034
2,10737418240,2147483648,1114262954,0,79046543
17,5368709120,1073741824,6858899524,0,398589536
17,5368709120,1073741824,6858899524,0,382884935
17,5368709120,1073741824,6858915524,0,397169379
17,5368709120,1073741824,6858915524,0,392294345
17,5368709120,1073741824,6859052564,0,390144775
18,5368709120,1073741824,14445006680,8763826956,4452479538
18,5368709120,1073741824,14445006680,8763826812,4437265201
18,5368709120,1073741824,14445006680,8763809076,4411868361
18,5368709120,1073741824,14445006680,8763810804,4435736803
18,5368709120,1073741824,14445006680,8763812100,4420774554
2,10737418240,2147483648,1114282434,0,84670393
19,5368709120,1073741824,2078095428,0,302331437
19,5368709120,1073741824,2078119708,0,285184850
19,5368709120,1073741824,2078176388,0,285088171
19,5368709120,1073741824,2078149164,0,280665263
19,5368709120,1073741824,2078164036,0,282779363
1,5368709120,1073741824,19723894504,5251771144,18217500646
1,5368709120,1073741824,19725469112,5250196536,18124565963
1,5368709120,1073741824,19723894504,5251771144,18241053930
1,5368709120,1073741824,19725469112,5250196536,18301189270
1,5368709120,1073741824,19723894504,5251771144,18292609123
2,10737418240,2147483648,1114282626,0,75081187
20,5368709120,1073741824,3807060626,0,1052203289
20,5368709120,1073741824,3807060626,0,1039487660
20,5368709120,1073741824,3807060626,0,1065580949
20,5368709120,1073741824,3807060626,0,1035205611
20,5368709120,1073741824,3807060626,0,1057074540
21,5368709120,1073741824,24944979462,0,5967286940
21,5368709120,1073741824,24944979462,0,5806171831
21,5368709120,1073741824,24944979462,0,5940656913
21,5368709120,1073741824,24944979462,0,5944258277
21,5368709120,1073741824,24944979462,0,5720377275
2,10737418240,2147483648,1114262954,0,88479079
22,5368709120,1073741824,3952082146,0,555285876
22,5368709120,1073741824,3952082146,0,544485290
22,5368709120,1073741824,3952082146,0,529492115
22,5368709120,1073741824,3952082146,0,527646363
22,5368709120,1073741824,3952082146,0,534372047
2,5368709120,1073741824,1114262954,0,83330464
2,5368709120,1073741824,1114271338,0,80022446
2,5368709120,1073741824,1114282434,0,85510603
2,5368709120,1073741824,1114290818,0,88826351
2,5368709120,1073741824,1114283010,0,84615171
2,10737418240,2147483648,1114271146,0,85850542
3,5368709120,1073741824,11829838460,0,1834844650
3,5368709120,1073741824,11829838460,0,1877752313
3,5368709120,1073741824,11829838460,0,1852685826
3,5368709120,1073741824,11829838460,0,1811960299
3,5368709120,1073741824,11829838460,0,1842999208
4,5368709120,1073741824,11750982056,0,1444639231
4,5368709120,1073741824,11750982056,0,1421326347
4,5368709120,1073741824,11750982056,0,1415046067
4,5368709120,1073741824,11750982056,0,1420276536
4,5368709120,1073741824,11750982056,0,1426000520
3,10737418240,2147483648,11829838460,0,1911180085
5,5368709120,1073741824,16083043104,0,2355736311
5,5368709120,1073741824,16083043104,0,2326242135
5,5368709120,1073741824,16083043104,0,2351476220
5,5368709120,1073741824,16083043104,0,2268877171
5,5368709120,1073741824,16083043104,0,2433259233
6,5368709120,1073741824,1320628080,0,267709198
6,5368709120,1073741824,1320628080,0,262866475
6,5368709120,1073741824,1320628080,0,261531088
6,5368709120,1073741824,1320628080,0,261526459
6,5368709120,1073741824,1320628080,0,259973884
3,10737418240,2147483648,11829838460,0,1865834571
7,5368709120,1073741824,11135969600,0,1322116771
7,5368709120,1073741824,11135969600,0,1322408158
7,5368709120,1073741824,11135969600,0,1224627549
7,5368709120,1073741824,11135969600,0,1294418069
7,5368709120,1073741824,11135969600,0,1231469231
8,5368709120,1073741824,9555552295,36480656,815569041
8,5368709120,1073741824,9554437087,37595864,756376068
8,5368709120,1073741824,9555552295,36480656,783070267
8,5368709120,1073741824,9555552295,36480656,759867364
8,5368709120,1073741824,9555552295,36480656,762165301
3,10737418240,2147483648,11829838460,0,1886213509
9,5368709120,1073741824,26417320344,0,9436438549
9,5368709120,1073741824,26417320344,0,9163994711
9,5368709120,1073741824,26417320344,0,9264869669
9,5368709120,1073741824,26417320344,0,9187035656
9,5368709120,1073741824,26417320344,0,9839426508
10,5368709120,1610612736,9124385008,0,1729765983
10,5368709120,1610612736,9112474464,11910544,1760191095
10,5368709120,1610612736,9124385008,0,1749484199
10,5368709120,1610612736,9124385008,0,1771840721
10,5368709120,1610612736,9124385008,0,1789830676
3,10737418240,2147483648,11829838460,0,1938305432
11,5368709120,1610612736,1285878476,0,156299295
11,5368709120,1610612736,1285878476,0,153447533
11,5368709120,1610612736,1285878476,0,147423272
11,5368709120,1610612736,1285878476,0,143625629
11,5368709120,1610612736,1285878476,0,149115495
12,5368709120,1610612736,6845090004,0,1976472717
12,5368709120,1610612736,6845090004,0,1933526346
12,5368709120,1610612736,6845090004,0,1967724122
12,5368709120,1610612736,6845090004,0,1953696249
12,5368709120,1610612736,6845090004,0,1940088891
3,10737418240,2147483648,11829838460,0,1864432546
13,10737418240,1073741824,16703466210,0,9403817351
13,5368709120,1610612736,16703466210,0,9601130993
13,5368709120,1610612736,16703466210,0,9409047313
13,5368709120,1610612736,16703466210,0,9354116582
13,5368709120,1610612736,16703466210,0,9445039748
13,5368709120,1610612736,16703466210,0,9559008998
14,5368709120,1610612736,2176131663,0,2373817071
14,5368709120,1610612736,2176131663,0,2315938927
14,5368709120,1610612736,2176131663,0,2253068411
14,5368709120,1610612736,2176131663,0,2259439909
14,5368709120,1610612736,2176131663,0,2337451375
4,10737418240,2147483648,11750982056,0,1433051032
16,5368709120,1610612736,4026449962,0,1647606063
16,5368709120,1610612736,4026449962,0,1619932033
16,5368709120,1610612736,4026449962,0,1665803014
16,5368709120,1610612736,4026449962,0,1620244019
16,5368709120,1610612736,4026449962,0,1636463071
17,5368709120,1610612736,6858899524,0,383626138
17,5368709120,1610612736,6858899524,0,385757688
17,5368709120,1610612736,6858915524,0,391143715
17,5368709120,1610612736,6859069812,0,389703080
17,5368709120,1610612736,6858915524,0,383419460
4,10737418240,2147483648,11750982056,0,1399542821
18,5368709120,1610612736,14445006680,8763808500,4438555324
18,5368709120,1610612736,14445006680,8763809796,4406292669
18,5368709120,1610612736,14445006680,8763830124,4368949083
18,5368709120,1610612736,14445006680,8763810372,4380942035
18,5368709120,1610612736,14445006680,8763824940,4414037260
19,5368709120,1610612736,2078123020,0,297518779
19,5368709120,1610612736,2078240116,0,276794291
19,5368709120,1610612736,2078127068,0,281573375
19,5368709120,1610612736,2078068988,0,284274328
19,5368709120,1610612736,2078142356,0,279803282
4,10737418240,2147483648,11750982056,0,1397091849
1,5368709120,1610612736,18821644120,6154021528,18292151371
1,5368709120,1610612736,5808999592,19166666056,18582411528
1,5368709120,1610612736,5805850376,19169815272,18564091954
1,5368709120,1610612736,18824793336,6150872312,18743499687
1,5368709120,1610612736,18824793336,6150872312,18321513156
20,5368709120,1610612736,3807060626,0,1043223105
20,5368709120,1610612736,3807060626,0,1038837989
20,5368709120,1610612736,3807060626,0,1061098260
20,5368709120,1610612736,3807060626,0,1043957789
20,5368709120,1610612736,3807060626,0,1054126839
4,10737418240,2147483648,11750982056,0,1387376362
21,5368709120,1610612736,24944979462,0,5894752756
21,5368709120,1610612736,24944979462,0,5785307836
21,5368709120,1610612736,24944979462,0,5836030449
21,5368709120,1610612736,24944979462,0,5882855989
21,5368709120,1610612736,24944979462,0,5902700184
22,5368709120,1610612736,3952082146,0,549829978
22,5368709120,1610612736,3952082146,0,535185788
22,5368709120,1610612736,3952082146,0,531509923
22,5368709120,1610612736,3952082146,0,538159249
22,5368709120,1610612736,3952082146,0,544134032
4,10737418240,2147483648,11750982056,0,1388981633
2,5368709120,1610612736,1114262954,0,87722799
2,5368709120,1610612736,1114262954,0,86022556
2,5368709120,1610612736,1114437322,0,86520090
2,5368709120,1610612736,1114262954,0,89993237
2,5368709120,1610612736,1114282626,0,90589531
3,5368709120,1610612736,11794182492,35655968,1849590386
3,5368709120,1610612736,11794182492,35655968,1934807047
3,5368709120,1610612736,11794182492,35655968,1878562605
3,5368709120,1610612736,11794182492,35655968,1854974451
3,5368709120,1610612736,11794182492,35655968,1835936453
5,10737418240,2147483648,16083043104,0,2286106745
4,5368709120,1610612736,11750982056,0,1415370284
4,5368709120,1610612736,11750982056,0,1388518991
4,5368709120,1610612736,11750982056,0,1404885083
4,5368709120,1610612736,11750982056,0,1398566814
4,5368709120,1610612736,11750982056,0,1395114326
5,5368709120,1610612736,16083043104,0,2365398149
5,5368709120,1610612736,16083043104,0,2332108118
5,5368709120,1610612736,16083043104,0,2356364793
5,5368709120,1610612736,16083043104,0,2280419574
5,5368709120,1610612736,16083043104,0,2292806333
5,10737418240,2147483648,16083043104,0,2289694821
6,5368709120,1610612736,1320628080,0,261926992
6,5368709120,1610612736,1320628080,0,254061739
6,5368709120,1610612736,1320628080,0,258818972
6,5368709120,1610612736,1320628080,0,253129987
6,5368709120,1610612736,1320628080,0,254336506
7,5368709120,1610612736,11135969600,0,1176174749
7,5368709120,1610612736,11135969600,0,1157770146
7,5368709120,1610612736,11135969600,0,1154355389
7,5368709120,1610612736,11135969600,0,1163825857
7,5368709120,1610612736,11135969600,0,1170286064
5,10737418240,2147483648,16083043104,0,2388318512
8,5368709120,1610612736,9554437087,37595864,745991956
8,5368709120,1610612736,9590917743,1115208,750796809
8,5368709120,1610612736,9536593759,55439192,736320270
8,5368709120,1610612736,9536593759,55439192,729157429
8,5368709120,1610612736,9554437087,37595864,743492010
9,5368709120,1610612736,26417320344,0,8651575766
9,5368709120,1610612736,26417320344,0,8649838380
9,5368709120,1610612736,26417320344,0,9482420036
9,5368709120,1610612736,26417320344,0,8673622444
9,5368709120,1610612736,26417320344,0,8753796455
5,10737418240,2147483648,16083043104,0,2293879100
10,5368709120,2147483648,9124385008,0,1819915039
10,5368709120,2147483648,9124385008,0,1765758733
10,5368709120,2147483648,9124385008,0,1768680395
10,5368709120,2147483648,9124385008,0,1779588508
10,5368709120,2147483648,9124385008,0,1761402484
11,5368709120,2147483648,1285878476,0,156465613
11,5368709120,2147483648,1285878476,0,150173164
11,5368709120,2147483648,1285878476,0,147067053
11,5368709120,2147483648,1285878476,0,145486709
11,5368709120,2147483648,1285878476,0,153602970
5,10737418240,2147483648,16083043104,0,2372406005
13,10737418240,1073741824,16703466210,0,9520869697
12,5368709120,2147483648,6845090004,0,1975923240
12,5368709120,2147483648,6845090004,0,1946976871
12,5368709120,2147483648,6845090004,0,1927316922
12,5368709120,2147483648,6845090004,0,1944510264
12,5368709120,2147483648,6845090004,0,1935949047
13,5368709120,2147483648,16703466210,0,9370265434
13,5368709120,2147483648,16703466210,0,9506702450
13,5368709120,2147483648,16703466210,0,9338060489
13,5368709120,2147483648,16703466210,0,9312232291
13,5368709120,2147483648,16703466210,0,9523360080
6,10737418240,2147483648,1320628080,0,255436243
14,5368709120,2147483648,2176131663,0,2412692904
14,5368709120,2147483648,2176131663,0,2317641838
14,5368709120,2147483648,2176131663,0,2270378326
14,5368709120,2147483648,2176131663,0,2373093927
14,5368709120,2147483648,2176131663,0,2333784169
16,5368709120,2147483648,4026449962,0,1630838417
16,5368709120,2147483648,4026449962,0,1635051226
16,5368709120,2147483648,4026449962,0,1619470047
16,5368709120,2147483648,4026449962,0,1636864488
16,5368709120,2147483648,4026449962,0,1616995261
6,10737418240,2147483648,1320628080,0,249052603
17,5368709120,2147483648,6858775164,140360,283773189
17,5368709120,2147483648,6858776188,140360,263573735
17,5368709120,2147483648,6858759164,140360,258690483
17,5368709120,2147483648,6858775164,140360,262376407
17,5368709120,2147483648,6858775164,140360,262013181
18,5368709120,2147483648,14445006680,8763810660,4449154742
18,5368709120,2147483648,14445006680,8763830124,4395724891
18,5368709120,2147483648,14445006680,8763827820,4426661598
18,5368709120,2147483648,14445006680,8763809076,4374626734
18,5368709120,2147483648,14445006680,8763825948,4402162314
6,10737418240,2147483648,1320628080,0,253462161
19,5368709120,2147483648,2078217724,0,298769420
19,5368709120,2147483648,2078114572,0,284914256
19,5368709120,2147483648,2078113252,0,277525627
19,5368709120,2147483648,2078168772,0,280025053
19,5368709120,2147483648,2078108204,0,271803053
1,5368709120,2147483648,18821644120,6154021528,18242185441
1,5368709120,2147483648,5808999592,19166666056,18479861499
1,5368709120,2147483648,5805850376,19169815272,18632809063
1,5368709120,2147483648,5805850376,19169815272,18938315810
1,5368709120,2147483648,18824793336,6150872312,18269885128
6,10737418240,2147483648,1320628080,0,249378480
20,5368709120,2147483648,3807060626,0,1049513680
20,5368709120,2147483648,3807060626,0,1047887976
20,5368709120,2147483648,3807060626,0,1042865405
20,5368709120,2147483648,3807060626,0,1046920366
20,5368709120,2147483648,3807060626,0,1059847490
21,5368709120,2147483648,24873387902,71591560,5991730787
21,5368709120,2147483648,24873387902,71591560,5860463245
21,5368709120,2147483648,24873387902,71591560,5985567205
21,5368709120,2147483648,24873387902,71591560,6009793427
21,5368709120,2147483648,24873387902,71591560,5806692427
6,10737418240,2147483648,1320628080,0,249728026
22,5368709120,2147483648,3952082146,0,547121555
22,5368709120,2147483648,3952082146,0,537040233
22,5368709120,2147483648,3952082146,0,533967163
22,5368709120,2147483648,3952082146,0,542279642
22,5368709120,2147483648,3952082146,0,542316451
2,5368709120,2147483648,1114282434,0,85131440
2,5368709120,2147483648,1114262954,0,83705224
2,5368709120,2147483648,1114262954,0,81478805
2,5368709120,2147483648,1114262954,0,86605225
2,5368709120,2147483648,1114263146,0,95277580
7,10737418240,2147483648,11135969600,0,1151281563
3,5368709120,2147483648,11687214588,142623872,1966006874
3,5368709120,2147483648,11687214588,142623872,1948682523
3,5368709120,2147483648,11687214588,142623872,2027700291
3,5368709120,2147483648,11687214588,142623872,1972401181
3,5368709120,2147483648,11687214588,142623872,2034014200
4,5368709120,2147483648,11750982056,0,1430922411
4,5368709120,2147483648,11750982056,0,1399129161
4,5368709120,2147483648,11750982056,0,1395137420
4,5368709120,2147483648,11750982056,0,1404519138
4,5368709120,2147483648,11750982056,0,1398008342
7,10737418240,2147483648,11135969600,0,1140061666
5,5368709120,2147483648,16081927896,1115208,2285788709
5,5368709120,2147483648,16081927896,1115208,2328034106
5,5368709120,2147483648,16081927896,1115208,2329957848
5,5368709120,2147483648,16081927896,1115208,2259073929
5,5368709120,2147483648,16081927896,1115208,2302673673
6,5368709120,2147483648,1320628080,0,259732565
6,5368709120,2147483648,1320628080,0,249445926
6,5368709120,2147483648,1320628080,0,252821393
6,5368709120,2147483648,1320628080,0,250130279
6,5368709120,2147483648,1320628080,0,249348117
7,10737418240,2147483648,11135969600,0,1115352626
7,5368709120,2147483648,11135969600,0,1121111510
7,5368709120,2147483648,11135969600,0,1144770249
7,5368709120,2147483648,11135969600,0,1164923452
7,5368709120,2147483648,11135969600,0,1122412567
7,5368709120,2147483648,11135969600,0,1100687889
8,5368709120,2147483648,9590917743,1115208,735924998
8,5368709120,2147483648,9536593759,55439192,758702426
8,5368709120,2147483648,9590917743,1115208,709152569
8,5368709120,2147483648,9590917743,1115208,708048770
8,5368709120,2147483648,9590917743,1115208,712829913
7,10737418240,2147483648,11135969600,0,1138322927
9,5368709120,2147483648,26417320344,0,10145831137
9,5368709120,2147483648,26417320344,0,8600719866
9,5368709120,2147483648,26417320344,0,8663396523
9,5368709120,2147483648,26417320344,0,8896448267
9,5368709120,2147483648,26417320344,0,9325674307
10,5368709120,2684354560,9100591176,23793832,1703681980
10,5368709120,2684354560,9124385008,0,1784223574
10,5368709120,2684354560,9124385008,0,1784735519
10,5368709120,2684354560,9124385008,0,1745263465
10,5368709120,2684354560,8999443824,124941184,1720574395
7,10737418240,2147483648,11135969600,0,1121561463
13,10737418240,1073741824,16703466210,0,9307385178
10,10737418240,1073741824,9124385008,0,1848699314
11,5368709120,2684354560,1285878476,0,157974098
11,5368709120,2684354560,1285878476,0,151145594
11,5368709120,2684354560,1285878476,0,147542579
11,5368709120,2684354560,1285878476,0,144135793
11,5368709120,2684354560,1285878476,0,149159174
12,5368709120,2684354560,6845090004,0,1651975304
12,5368709120,2684354560,6845090004,0,1606243819
12,5368709120,2684354560,6845090004,0,1623477931
12,5368709120,2684354560,6845090004,0,1606600506
12,5368709120,2684354560,6845090004,0,1620583679
8,10737418240,2147483648,9592032951,0,746470981
13,5368709120,2684354560,16703466210,0,9516143917
13,5368709120,2684354560,16703466210,0,9569805643
13,5368709120,2684354560,16703466210,0,9345403513
13,5368709120,2684354560,16703466210,0,9315645673
13,5368709120,2684354560,16703466210,0,9289423228
14,5368709120,2684354560,2176131663,0,2247772916
14,5368709120,2684354560,2176131663,0,2295992440
14,5368709120,2684354560,2176131663,0,2334027058
14,5368709120,2684354560,2176131663,0,2270858041
14,5368709120,2684354560,2176131663,0,2281113101
8,10737418240,2147483648,9592032951,0,702807934
16,5368709120,2684354560,4026449962,0,1667438976
16,5368709120,2684354560,4026449962,0,1613842409
16,5368709120,2684354560,4026449962,0,1658009084
16,5368709120,2684354560,4026449962,0,1650566851
16,5368709120,2684354560,4026449962,0,1633861961
17,5368709120,2684354560,6858759164,140360,282197337
17,5368709120,2684354560,6858792412,140360,261407307
17,5368709120,2684354560,6858775164,140360,262379017
17,5368709120,2684354560,6858775164,140360,261270278
17,5368709120,2684354560,6858775164,140360,255403827
8,10737418240,2147483648,9592032951,0,701573474
18,5368709120,2684354560,14445006680,8763808356,4421833278
18,5368709120,2684354560,14445006680,8763809508,4419770447
18,5368709120,2684354560,14445006680,8763828684,4384678279
18,5368709120,2684354560,14445006680,8763827244,4352007795
18,5368709120,2684354560,14445006680,8763808788,4371735125
19,5368709120,2684354560,2078066892,0,298528379
19,5368709120,2684354560,2078139780,0,282496829
19,5368709120,2684354560,2078161932,0,280913585
19,5368709120,2684354560,2078175668,0,275537679
19,5368709120,2684354560,2078124460,0,274345751
8,10737418240,2147483648,9592032951,0,723565075
1,5368709120,2684354560,4215496296,20760169352,18574912284
1,5368709120,2684354560,4215496296,20760169352,18512200275
1,5368709120,2684354560,4213921688,20761743960,18672105377
1,5368709120,2684354560,17232864648,7742801000,18304869968
1,5368709120,2684354560,4212347080,20763318568,18633195892
20,5368709120,2684354560,3807060626,0,1031124095
20,5368709120,2684354560,3807060626,0,1079304616
20,5368709120,2684354560,3807060626,0,1044894548
20,5368709120,2684354560,3807060626,0,1027151255
20,5368709120,2684354560,3807060626,0,1043306815
8,10737418240,2147483648,9592032951,0,701838280
21,5368709120,2684354560,24873387902,71591560,5695141934
21,5368709120,2684354560,24873387902,71591560,5744393793
21,5368709120,2684354560,24873387902,71591560,5704936973
21,5368709120,2684354560,24873387902,71591560,5757571148
21,5368709120,2684354560,24873387902,71591560,5668655750
22,5368709120,2684354560,3952082146,0,549545766
22,5368709120,2684354560,3952082146,0,530504986
22,5368709120,2684354560,3952082146,0,531711743
22,5368709120,2684354560,3952082146,0,544096780
22,5368709120,2684354560,3952082146,0,534676585
9,10737418240,2147483648,26417320344,0,8470489197
2,5368709120,2684354560,1114282434,0,87952368
2,5368709120,2684354560,1114282626,0,86806529
2,5368709120,2684354560,1114271146,0,87296524
2,5368709120,2684354560,1114282434,0,75141375
2,5368709120,2684354560,1114262954,0,83449032
3,5368709120,2684354560,11687214588,142623872,1912558407
3,5368709120,2684354560,11687214588,142623872,1888804263
3,5368709120,2684354560,11687214588,142623872,1937635370
3,5368709120,2684354560,11687214588,142623872,1893511267
3,5368709120,2684354560,11687214588,142623872,1944709951
9,10737418240,2147483648,26417320344,0,8561944707
4,5368709120,2684354560,11715321704,35660352,1486244204
4,5368709120,2684354560,11715321704,35660352,1467115444
4,5368709120,2684354560,11715321704,35660352,1465112063
4,5368709120,2684354560,11715321704,35660352,1478280544
4,5368709120,2684354560,11715321704,35660352,1458085294
5,5368709120,2684354560,16081927896,1115208,2138904714
5,5368709120,2684354560,16081927896,1115208,2149902576
5,5368709120,2684354560,16081433256,1609848,2124755206
5,5368709120,2684354560,16081927896,1115208,2183105280
5,5368709120,2684354560,16081927896,1115208,2119354590
9,10737418240,2147483648,26417320344,0,8610424469
6,5368709120,2684354560,1320628080,0,257292818
6,5368709120,2684354560,1320628080,0,253250558
6,5368709120,2684354560,1320628080,0,249637104
6,5368709120,2684354560,1320628080,0,248408176
6,5368709120,2684354560,1320628080,0,252203439
7,5368709120,2684354560,11095594288,40375312,1162120137
7,5368709120,2684354560,11135969600,0,1189546297
7,5368709120,2684354560,11135969600,0,1142977356
7,5368709120,2684354560,11135969600,0,1141613720
7,5368709120,2684354560,11135969600,0,1126686588
9,10737418240,2147483648,26417320344,0,9343827220
8,5368709120,2684354560,8519079495,1072953456,725904948
8,5368709120,2684354560,9536593759,55439192,717977216
8,5368709120,2684354560,8541468359,1050564592,689407718
8,5368709120,2684354560,9573074415,18958536,677452696
8,5368709120,2684354560,8458199591,1133833360,703041294
9,5368709120,2684354560,25918739432,498580912,8594557130
9,5368709120,2684354560,25790840664,626479680,8611258942
9,5368709120,2684354560,25670457384,746862960,8494374462
9,5368709120,2684354560,25790840664,626479680,8501239342
9,5368709120,2684354560,25670457384,746862960,8601042535
9,10737418240,2147483648,26417320344,0,9167420404
14,10737418240,1073741824,2176131663,0,2320133152
10,8053063680,805306368,9124385008,0,1832579613
10,8053063680,805306368,9124385008,0,1845529737
10,8053063680,805306368,9124385008,0,1826245037
10,8053063680,805306368,9124385008,0,1825159298
10,8053063680,805306368,9124385008,0,1810559412
11,8053063680,805306368,1285878476,0,139222619
11,8053063680,805306368,1285878476,0,136129599
11,8053063680,805306368,1285878476,0,142684495
11,8053063680,805306368,1285878476,0,145731914
11,8053063680,805306368,1285878476,0,144808814
10,10737418240,3221225472,9124385008,0,1717756702
12,8053063680,805306368,6845090004,0,2000351496
12,8053063680,805306368,6845090004,0,1967003844
12,8053063680,805306368,6845090004,0,1979116766
12,8053063680,805306368,6845090004,0,1985904679
12,8053063680,805306368,6845090004,0,1969607730
13,8053063680,805306368,16703466210,0,9524651414
13,8053063680,805306368,16703466210,0,9313747515
13,8053063680,805306368,16703466210,0,9368797978
13,8053063680,805306368,16703466210,0,9302830732
13,8053063680,805306368,16703466210,0,9386697091
10,10737418240,3221225472,9124385008,0,1711173781
14,8053063680,805306368,2176131663,0,2251666801
14,8053063680,805306368,2176131663,0,2334827384
14,8053063680,805306368,2176131663,0,2321225468
14,8053063680,805306368,2176131663,0,2274430028
14,8053063680,805306368,2176131663,0,2326204010
16,8053063680,805306368,4026449962,0,1616874490
16,8053063680,805306368,4026449962,0,1598020676
16,8053063680,805306368,4026449962,0,1610505913
16,8053063680,805306368,4026449962,0,1566253599
16,8053063680,805306368,4026449962,0,1606491793
10,10737418240,3221225472,9124385008,0,1760256893
17,8053063680,805306368,6858915524,0,384268252
17,8053063680,805306368,6858899524,0,388915076
17,8053063680,805306368,6858899524,0,382600409
17,8053063680,805306368,6858915524,0,377770966
17,8053063680,805306368,6858899524,0,388471271
18,8053063680,805306368,23208600532,214152,4376391952
18,8053063680,805306368,23208600964,214152,4369346973
18,8053063680,805306368,23208603844,214152,4345639086
18,8053063680,805306368,23208619420,214152,4365654340
18,8053063680,805306368,23208621148,214152,4368980269
10,10737418240,3221225472,9124385008,0,1726955592
19,8053063680,805306368,2078122452,0,285292086
19,8053063680,805306368,2078163844,0,281582253
19,8053063680,805306368,2078175228,0,282924040
19,8053063680,805306368,2078153548,0,281385165
19,8053063680,805306368,2078085156,0,286405725
1,8053063680,805306368,20242966456,4732699192,18278037862
1,8053063680,805306368,20242966456,4732699192,18214474756
1,8053063680,805306368,20242966456,4732699192,18243328702
1,8053063680,805306368,20242966456,4732699192,18213950929
1,8053063680,805306368,20242966456,4732699192,18363003364
10,10737418240,3221225472,9124385008,0,1709476617
20,8053063680,805306368,3807060626,0,1055459034
20,8053063680,805306368,3807060626,0,1015847672
20,8053063680,805306368,3807060626,0,1072026250
20,8053063680,805306368,3807060626,0,1050444513
20,8053063680,805306368,3807060626,0,1030856735
21,8053063680,805306368,24944979462,0,6250108519
21,8053063680,805306368,24944979462,0,6328427281
21,8053063680,805306368,24944979462,0,6199842504
21,8053063680,805306368,24944979462,0,6273655640
21,8053063680,805306368,24944979462,0,6213432602
11,10737418240,3221225472,1285878476,0,157600428
22,8053063680,805306368,3952082146,0,597081537
22,8053063680,805306368,3952082146,0,587733749
22,8053063680,805306368,3952082146,0,584594300
22,8053063680,805306368,3952082146,0,582178013
22,8053063680,805306368,3952082146,0,580358762
2,8053063680,805306368,1114282818,0,86129824
2,8053063680,805306368,1114262954,0,84381952
2,8053063680,805306368,1114282434,0,80086914
2,8053063680,805306368,1114426034,0,87948006
2,8053063680,805306368,1114282626,0,85186404
11,10737418240,3221225472,1285878476,0,148677924
3,8053063680,805306368,11829838460,0,1939687697
3,8053063680,805306368,11829838460,0,2047322710
3,8053063680,805306368,11829838460,0,1953679729
3,8053063680,805306368,11829838460,0,1966544373
3,8053063680,805306368,11829838460,0,1911470364
4,8053063680,805306368,11750982056,0,1494089322
4,8053063680,805306368,11750982056,0,1472861921
4,8053063680,805306368,11750982056,0,1485166430
4,8053063680,805306368,11750982056,0,1477738413
4,8053063680,805306368,11750982056,0,1483089181
11,10737418240,3221225472,1285878476,0,145842842
5,8053063680,805306368,16083043104,0,2710875819
5,8053063680,805306368,16083043104,0,2533146186
5,8053063680,805306368,16083043104,0,2465011480
5,8053063680,805306368,16083043104,0,2513767910
5,8053063680,805306368,16083043104,0,2536261685
6,8053063680,805306368,1320628080,0,259383387
6,8053063680,805306368,1320628080,0,251881242
6,8053063680,805306368,1320628080,0,259789813
6,8053063680,805306368,1320628080,0,256696014
6,8053063680,805306368,1320628080,0,253646175
11,10737418240,3221225472,1285878476,0,147346517
7,8053063680,805306368,11135969600,0,1185770286
7,8053063680,805306368,11135969600,0,1182194194
7,8053063680,805306368,11135969600,0,1148043348
7,8053063680,805306368,11135969600,0,1185297224
7,8053063680,805306368,11135969600,0,1112150242
8,8053063680,805306368,9592032951,0,778824010
8,8053063680,805306368,9592032951,0,799329124
8,8053063680,805306368,9592032951,0,774809991
8,8053063680,805306368,9592032951,0,765870241
8,8053063680,805306368,9592032951,0,762817213
11,10737418240,3221225472,1285878476,0,147667824
14,10737418240,1073741824,2176131663,0,2259854192
9,8053063680,805306368,26417320344,0,9296111169
9,8053063680,805306368,26417320344,0,9254343851
9,8053063680,805306368,26417320344,0,9287705838
9,8053063680,805306368,26417320344,0,9205793641
9,8053063680,805306368,26417320344,0,9091879384
10,8053063680,1610612736,9124385008,0,1798765769
10,8053063680,1610612736,9124385008,0,1756836420
10,8053063680,1610612736,9124385008,0,1766179607
10,8053063680,1610612736,9124385008,0,1773328766
10,8053063680,1610612736,9124385008,0,1813201759
12,10737418240,3221225472,6845090004,0,1629296909
11,8053063680,1610612736,1285878476,0,160901461
11,8053063680,1610612736,1285878476,0,151141250
11,8053063680,1610612736,1285878476,0,140102210
11,8053063680,1610612736,1285878476,0,146947531
11,8053063680,1610612736,1285878476,0,146581035
12,8053063680,1610612736,6845090004,0,1990653557
12,8053063680,1610612736,6845090004,0,1941142622
12,8053063680,1610612736,6845090004,0,1949959745
12,8053063680,1610612736,6845090004,0,1946312373
12,8053063680,1610612736,6845090004,0,1943455162
12,10737418240,3221225472,6845090004,0,1621806469
13,8053063680,1610612736,16703466210,0,9581087892
13,8053063680,1610612736,16703466210,0,9438748202
13,8053063680,1610612736,16703466210,0,9369014947
13,8053063680,1610612736,16703466210,0,9572386770
13,8053063680,1610612736,16703466210,0,9378278724
14,8053063680,1610612736,2176131663,0,2235842825
14,8053063680,1610612736,2176131663,0,2226424050
14,8053063680,1610612736,2176131663,0,2238954516
14,8053063680,1610612736,2176131663,0,2294679383
14,8053063680,1610612736,2176131663,0,2335139831
12,10737418240,3221225472,6845090004,0,1618903775
16,8053063680,1610612736,4026449962,0,1616021179
16,8053063680,1610612736,4026449962,0,1648180720
16,8053063680,1610612736,4026449962,0,1648441498
16,8053063680,1610612736,4026449962,0,1600015660
16,8053063680,1610612736,4026449962,0,1629077012
17,8053063680,1610612736,6859052564,0,393322515
17,8053063680,1610612736,6858899524,0,377607240
17,8053063680,1610612736,6858915524,0,392576802
17,8053063680,1610612736,6858915524,0,390608122
17,8053063680,1610612736,6858916548,0,391104057
12,10737418240,3221225472,6845090004,0,1626112932
18,8053063680,1610612736,23208600820,214152,4384813513
18,8053063680,1610612736,23208622012,214152,4309869400
18,8053063680,1610612736,23208619708,214152,4348886465
18,8053063680,1610612736,23208619276,214152,4348899598
18,8053063680,1610612736,23208618412,214152,4385775205
19,8053063680,1610612736,2078129964,0,300581130
19,8053063680,1610612736,2078154924,0,288194743
19,8053063680,1610612736,2078123828,0,282266062
19,8053063680,1610612736,2078153988,0,281465500
19,8053063680,1610612736,2078152508,0,277537609
12,10737418240,3221225472,6845090004,0,1601830767
1,8053063680,1610612736,20242966456,4732699192,18192830202
1,8053063680,1610612736,20242966456,4732699192,18201575092
1,8053063680,1610612736,20242966456,4732699192,18139409213
1,8053063680,1610612736,20242966456,4732699192,18273516059
1,8053063680,1610612736,20242966456,4732699192,18241269151
20,8053063680,1610612736,3807060626,0,1064516688
20,8053063680,1610612736,3807060626,0,1049732275
20,8053063680,1610612736,3807060626,0,1043889682
20,8053063680,1610612736,3807060626,0,1069843526
20,8053063680,1610612736,3807060626,0,1033865472
13,10737418240,3221225472,16703466210,0,9497026014
21,8053063680,1610612736,24944979462,0,5842590551
21,8053063680,1610612736,24944979462,0,5829204465
21,8053063680,1610612736,24944979462,0,5811539463
21,8053063680,1610612736,24944979462,0,5838743096
21,8053063680,1610612736,24944979462,0,5931529022
22,8053063680,1610612736,3952082146,0,549337690
22,8053063680,1610612736,3952082146,0,534802264
22,8053063680,1610612736,3952082146,0,535278220
22,8053063680,1610612736,3952082146,0,534921013
22,8053063680,1610612736,3952082146,0,532194130
13,10737418240,3221225472,16703466210,0,9361408856
2,8053063680,1610612736,1114271146,0,90031041
2,8053063680,1610612736,1114262954,0,85780982
2,8053063680,1610612736,1114282434,0,85153539
2,8053063680,1610612736,1114262954,0,82944051
2,8053063680,1610612736,1114271146,0,91872952
3,8053063680,1610612736,11829838460,0,1822980863
3,8053063680,1610612736,11829838460,0,1871358975
3,8053063680,1610612736,11829838460,0,1827246071
3,8053063680,1610612736,11829838460,0,1812068191
3,8053063680,1610612736,11829838460,0,1878361406
13,10737418240,3221225472,16703466210,0,9545925331
4,8053063680,1610612736,11750982056,0,1394493909
4,8053063680,1610612736,11750982056,0,1423645872
4,8053063680,1610612736,11750982056,0,1395443380
4,8053063680,1610612736,11750982056,0,1386271701
4,8053063680,1610612736,11750982056,0,1419814149
5,8053063680,1610612736,16083043104,0,2310241123
5,8053063680,1610612736,16083043104,0,2299834735
5,8053063680,1610612736,16083043104,0,2360750854
5,8053063680,1610612736,16083043104,0,2245474642
5,8053063680,1610612736,16083043104,0,2304388411
13,10737418240,3221225472,16703466210,0,9542299006
6,8053063680,1610612736,1320628080,0,259315910
6,8053063680,1610612736,1320628080,0,254810995
6,8053063680,1610612736,1320628080,0,258228632
6,8053063680,1610612736,1320628080,0,258292081
6,8053063680,1610612736,1320628080,0,262328021
7,8053063680,1610612736,11135969600,0,1251933986
7,8053063680,1610612736,11135969600,0,1202180107
7,8053063680,1610612736,11135969600,0,1192157396
7,8053063680,1610612736,11135969600,0,1196508753
7,8053063680,1610612736,11135969600,0,1238638027
13,10737418240,3221225472,16703466210,0,9305826000
14,10737418240,1073741824,2176131663,0,2275711127
8,8053063680,1610612736,9592032951,0,773793535
8,8053063680,1610612736,9592032951,0,724803609
8,8053063680,1610612736,9592032951,0,712705438
8,8053063680,1610612736,9592032951,0,739042359
8,8053063680,1610612736,9592032951,0,742634972
9,8053063680,1610612736,26417320344,0,8700208305
9,8053063680,1610612736,26417320344,0,8702791832
9,8053063680,1610612736,26417320344,0,9143802584
9,8053063680,1610612736,26417320344,0,8543860725
9,8053063680,1610612736,26417320344,0,8625672650
14,10737418240,3221225472,2176131663,0,2256176134
10,8053063680,2415919104,9124385008,0,1755835524
10,8053063680,2415919104,9124385008,0,1772086823
10,8053063680,2415919104,9124385008,0,1746506856
10,8053063680,2415919104,9124385008,0,1777826887
10,8053063680,2415919104,9124385008,0,1799821480
11,8053063680,2415919104,1285878476,0,151688494
11,8053063680,2415919104,1285878476,0,148399886
11,8053063680,2415919104,1285878476,0,152868263
11,8053063680,2415919104,1285878476,0,144698233
11,8053063680,2415919104,1285878476,0,145807052
14,10737418240,3221225472,2176131663,0,2236342637
12,8053063680,2415919104,6845090004,0,1950501679
12,8053063680,2415919104,6845090004,0,1949184981
12,8053063680,2415919104,6845090004,0,1940892034
12,8053063680,2415919104,6845090004,0,1928278277
12,8053063680,2415919104,6845090004,0,1945525967
13,8053063680,2415919104,16703466210,0,9553384386
13,8053063680,2415919104,16703466210,0,9392803640
13,8053063680,2415919104,16703466210,0,9363063375
13,8053063680,2415919104,16703466210,0,9575081576
13,8053063680,2415919104,16703466210,0,9545056504
14,10737418240,3221225472,2176131663,0,2269798762
14,8053063680,2415919104,2176131663,0,2241365236
14,8053063680,2415919104,2176131663,0,2195690877
14,8053063680,2415919104,2176131663,0,2200853226
14,8053063680,2415919104,2176131663,0,2228925119
14,8053063680,2415919104,2176131663,0,2390433627
16,8053063680,2415919104,4026449962,0,1658290695
16,8053063680,2415919104,4026449962,0,1631334241
16,8053063680,2415919104,4026449962,0,1646023386
16,8053063680,2415919104,4026449962,0,1628564638
16,8053063680,2415919104,4026449962,0,1637738778
14,10737418240,3221225472,2176131663,0,2145639678
17,8053063680,2415919104,6858900548,0,277431226
17,8053063680,2415919104,6858932772,0,259301034
17,8053063680,2415919104,6858932772,0,254240584
17,8053063680,2415919104,6858915524,0,253099866
17,8053063680,2415919104,6858915524,0,258607811
18,8053063680,2415919104,23208600388,214152,4373416669
18,8053063680,2415919104,23208617980,214152,4308173219
18,8053063680,2415919104,23208601972,214152,4331912513
18,8053063680,2415919104,23208622156,214152,4339166257
18,8053063680,2415919104,23208604708,214152,4354125888
14,10737418240,3221225472,2176131663,0,2254658714
19,8053063680,2415919104,2078143756,0,294619944
19,8053063680,2415919104,2078132124,0,284982417
19,8053063680,2415919104,2078095180,0,282155794
19,8053063680,2415919104,2078134836,0,278153753
19,8053063680,2415919104,2078152492,0,280444041
1,8053063680,2415919104,20242966456,4732699192,18204397654
1,8053063680,2415919104,20242966456,4732699192,18144253921
1,8053063680,2415919104,20242966456,4732699192,18150615545
1,8053063680,2415919104,20242966456,4732699192,18139548481
1,8053063680,2415919104,20242966456,4732699192,18180423985
16,10737418240,3221225472,4026449962,0,1615936138
20,8053063680,2415919104,3807060626,0,1056547043
20,8053063680,2415919104,3807060626,0,1035091282
20,8053063680,2415919104,3807060626,0,1051109366
20,8053063680,2415919104,3807060626,0,1041812527
20,8053063680,2415919104,3807060626,0,1053979307
21,8053063680,2415919104,24944979462,0,5743631825
21,8053063680,2415919104,24944979462,0,5653762166
21,8053063680,2415919104,24944979462,0,5649857828
21,8053063680,2415919104,24944979462,0,5642827892
21,8053063680,2415919104,24944979462,0,5692842299
16,10737418240,3221225472,4026449962,0,1626056776
22,8053063680,2415919104,3952082146,0,556200213
22,8053063680,2415919104,3952082146,0,535712743
22,8053063680,2415919104,3952082146,0,531525594
22,8053063680,2415919104,3952082146,0,537789573
22,8053063680,2415919104,3952082146,0,542484257
2,8053063680,2415919104,1114262954,0,78111767
2,8053063680,2415919104,1114437514,0,88617254
2,8053063680,2415919104,1114262954,0,88663294
2,8053063680,2415919104,1114262954,0,87378267
2,8053063680,2415919104,1114263146,0,83952330
16,10737418240,3221225472,4026449962,0,1629710257
3,8053063680,2415919104,11829838460,0,1822474996
3,8053063680,2415919104,11829838460,0,1806007916
3,8053063680,2415919104,11829838460,0,1808624830
3,8053063680,2415919104,11829838460,0,1812245574
3,8053063680,2415919104,11829838460,0,1876302768
4,8053063680,2415919104,11750982056,0,1417427884
4,8053063680,2415919104,11750982056,0,1397818786
4,8053063680,2415919104,11750982056,0,1402203572
4,8053063680,2415919104,11750982056,0,1400365020
4,8053063680,2415919104,11750982056,0,1395465188
16,10737418240,3221225472,4026449962,0,1642741875
5,8053063680,2415919104,16083043104,0,2384572187
5,8053063680,2415919104,16083043104,0,2380761033
5,8053063680,2415919104,16083043104,0,2279011208
5,8053063680,2415919104,16083043104,0,2300164030
5,8053063680,2415919104,16083043104,0,2325776260
6,8053063680,2415919104,1320628080,0,256561019
6,8053063680,2415919104,1320628080,0,252401130
6,8053063680,2415919104,1320628080,0,253297152
6,8053063680,2415919104,1320628080,0,255065774
6,8053063680,2415919104,1320628080,0,252487759
16,10737418240,3221225472,4026449962,0,1663661596
14,10737418240,1073741824,2176131663,0,2277305707
7,8053063680,2415919104,11135969600,0,1142408996
7,8053063680,2415919104,11135969600,0,1174545461
7,8053063680,2415919104,11135969600,0,1087500543
7,8053063680,2415919104,11135969600,0,1140879381
7,8053063680,2415919104,11135969600,0,1086809300
8,8053063680,2415919104,9592032951,0,721994279
8,8053063680,2415919104,9592032951,0,717901889
8,8053063680,2415919104,9592032951,0,717954549
8,8053063680,2415919104,9592032951,0,699501789
8,8053063680,2415919104,9592032951,0,718756021
17,10737418240,3221225472,6858899524,0,277575192
9,8053063680,2415919104,26417320344,0,8637242764
9,8053063680,2415919104,26417320344,0,8680519197
9,8053063680,2415919104,26417320344,0,8684996217
9,8053063680,2415919104,26417320344,0,8594787927
9,8053063680,2415919104,26417320344,0,8520595649
10,8053063680,3221225472,9124385008,0,1771833701
10,8053063680,3221225472,9124385008,0,1713383874
10,8053063680,3221225472,9124385008,0,1723940211
10,8053063680,3221225472,9124385008,0,1717212016
10,8053063680,3221225472,9124385008,0,1736686855
17,10737418240,3221225472,6858932772,0,264711930
11,8053063680,3221225472,1285878476,0,155631274
11,8053063680,3221225472,1285878476,0,144930099
11,8053063680,3221225472,1285878476,0,132570310
11,8053063680,3221225472,1285878476,0,146048968
11,8053063680,3221225472,1285878476,0,134319903
12,8053063680,3221225472,6845090004,0,1639916766
12,8053063680,3221225472,6845090004,0,1615694923
12,8053063680,3221225472,6845090004,0,1622272549
12,8053063680,3221225472,6845090004,0,1609008279
12,8053063680,3221225472,6845090004,0,1623250169
17,10737418240,3221225472,6858899524,0,259576961
13,8053063680,3221225472,16703466210,0,9478596434
13,8053063680,3221225472,16703466210,0,9544808260
13,8053063680,3221225472,16703466210,0,9390716039
13,8053063680,3221225472,16703466210,0,9361074326
13,8053063680,3221225472,16703466210,0,9541300555
14,8053063680,3221225472,2176131663,0,2296711052
14,8053063680,3221225472,2176131663,0,2297803491
14,8053063680,3221225472,2176131663,0,2317695615
14,8053063680,3221225472,2176131663,0,2261893402
14,8053063680,3221225472,2176131663,0,2345074527
17,10737418240,3221225472,6858916772,0,262448952
16,8053063680,3221225472,4026449962,0,1615093048
16,8053063680,3221225472,4026449962,0,1633167350
16,8053063680,3221225472,4026449962,0,1608541462
16,8053063680,3221225472,4026449962,0,1612946039
16,8053063680,3221225472,4026449962,0,1633873752
17,8053063680,3221225472,6858916548,0,280258009
17,8053063680,3221225472,6858915524,0,261745830
17,8053063680,3221225472,6858915524,0,253966317
17,8053063680,3221225472,6858932772,0,259493443
17,8053063680,3221225472,6858915524,0,256941068
17,10737418240,3221225472,6858915524,0,256125096
18,8053063680,3221225472,23208565628,250064,4346013201
18,8053063680,3221225472,23208568076,250064,4363885895
18,8053063680,3221225472,23208584228,250064,4339032009
18,8053063680,3221225472,23208566780,250064,4315527989
18,8053063680,3221225472,23208585092,250064,4374104093
19,8053063680,3221225472,2078140932,0,288952953
19,8053063680,3221225472,2078122812,0,283378447
19,8053063680,3221225472,2078187972,0,284428417
19,8053063680,3221225472,2078112868,0,275178827
19,8053063680,3221225472,2078176860,0,282953531
18,10737418240,3221225472,23208619996,214152,4383062640
1,8053063680,3221225472,20242966456,4732699192,18250696709
1,8053063680,3221225472,20242966456,4732699192,18233280994
1,8053063680,3221225472,20242966456,4732699192,18200060454
1,8053063680,3221225472,20242966456,4732699192,18168298020
1,8053063680,3221225472,20242966456,4732699192,18234810202
20,8053063680,3221225472,3807060626,0,1045014515
20,8053063680,3221225472,3807060626,0,1040706758
20,8053063680,3221225472,3807060626,0,1045236963
20,8053063680,3221225472,3807060626,0,1029426578
20,8053063680,3221225472,3807060626,0,1024896863
18,10737418240,3221225472,23208601396,214152,4341123119
21,8053063680,3221225472,24944979462,0,5539247266
21,8053063680,3221225472,24944979462,0,5564125501
21,8053063680,3221225472,24944979462,0,5480708290
21,8053063680,3221225472,24944979462,0,5654067326
21,8053063680,3221225472,24944979462,0,5488582882
22,8053063680,3221225472,3952082146,0,547531461
22,8053063680,3221225472,3952082146,0,537320082
22,8053063680,3221225472,3952082146,0,532911515
22,8053063680,3221225472,3952082146,0,530850735
22,8053063680,3221225472,3952082146,0,533457889
18,10737418240,3221225472,23208600100,214152,4316529135
2,8053063680,3221225472,1114435274,0,88438911
2,8053063680,3221225472,1114262954,0,80391270
2,8053063680,3221225472,1114262954,0,76536948
2,8053063680,3221225472,1114263146,0,81439410
2,8053063680,3221225472,1114302106,0,82370691
3,8053063680,3221225472,11829838460,0,1793176141
3,8053063680,3221225472,11829838460,0,1754028716
3,8053063680,3221225472,11829838460,0,1823672501
3,8053063680,3221225472,11829838460,0,1756003757
3,8053063680,3221225472,11829838460,0,1771435785
18,10737418240,3221225472,23208623308,214152,4303523305
4,8053063680,3221225472,11750982056,0,1414277324
4,8053063680,3221225472,11750982056,0,1375434725
4,8053063680,3221225472,11750982056,0,1385609875
4,8053063680,3221225472,11750982056,0,1382851743
4,8053063680,3221225472,11750982056,0,1379398846
5,8053063680,3221225472,16083043104,0,2111573492
5,8053063680,3221225472,16083043104,0,2086383519
5,8053063680,3221225472,16083043104,0,2079803864
5,8053063680,3221225472,16083043104,0,2116314725
5,8053063680,3221225472,16083043104,0,2058187775
18,10737418240,3221225472,23208603268,214152,4312753572
14,10737418240,1073741824,2176131663,0,2275600130
6,8053063680,3221225472,1320628080,0,257442001
6,8053063680,3221225472,1320628080,0,250565218
6,8053063680,3221225472,1320628080,0,256934286
6,8053063680,3221225472,1320628080,0,250589097
6,8053063680,3221225472,1320628080,0,254430470
7,8053063680,3221225472,11135969600,0,1121675557
7,8053063680,3221225472,11135969600,0,1064023904
7,8053063680,3221225472,11135969600,0,1059766136
7,8053063680,3221225472,11135969600,0,1044436306
7,8053063680,3221225472,11135969600,0,1208164167
19,10737418240,3221225472,2078161428,0,304757232
8,8053063680,3221225472,9592032951,0,671456012
8,8053063680,3221225472,9584226495,7806456,653995773
8,8053063680,3221225472,9574189623,17843328,670064406
8,8053063680,3221225472,9574189623,17843328,658584998
8,8053063680,3221225472,9592032951,0,644449747
9,8053063680,3221225472,26417320344,0,8441853776
9,8053063680,3221225472,26417320344,0,8614265094
9,8053063680,3221225472,26417320344,0,8582248279
9,8053063680,3221225472,26417320344,0,8532391141
9,8053063680,3221225472,26417320344,0,9064291021
19,10737418240,3221225472,2078170092,0,283529744
10,8053063680,4026531840,9124385008,0,1717312840
10,8053063680,4026531840,9124385008,0,1706390009
10,8053063680,4026531840,9124385008,0,1727337142
10,8053063680,4026531840,9124385008,0,1740325143
10,8053063680,4026531840,9124385008,0,1713836527
11,8053063680,4026531840,1285878476,0,161740873
11,8053063680,4026531840,1285878476,0,148980350
11,8053063680,4026531840,1285878476,0,139825890
11,8053063680,4026531840,1285878476,0,144694273
11,8053063680,4026531840,1285878476,0,140508064
19,10737418240,3221225472,2078069244,0,282684233
12,8053063680,4026531840,6845090004,0,1549225588
12,8053063680,4026531840,6845090004,0,1501138565
12,8053063680,4026531840,6845090004,0,1513720992
12,8053063680,4026531840,6845090004,0,1514670362
12,8053063680,4026531840,6845090004,0,1504846630
13,8053063680,4026531840,16703466210,0,9482205990
13,8053063680,4026531840,16703466210,0,9583213219
13,8053063680,4026531840,16703466210,0,9527925940
13,8053063680,4026531840,16703466210,0,9372050237
13,8053063680,4026531840,16703466210,0,9566922296
19,10737418240,3221225472,2078123340,0,289800321
14,8053063680,4026531840,2176131663,0,2294283864
14,8053063680,4026531840,2176131663,0,2240872205
14,8053063680,4026531840,2176131663,0,2237617807
14,8053063680,4026531840,2176131663,0,2333045931
14,8053063680,4026531840,2176131663,0,2351366881
16,8053063680,4026531840,4026449962,0,1646937049
16,8053063680,4026531840,4026449962,0,1646217636
16,8053063680,4026531840,4026449962,0,1614621030
16,8053063680,4026531840,4026449962,0,1645364895
16,8053063680,4026531840,4026449962,0,1621323024
19,10737418240,3221225472,2078119012,0,284462845
17,8053063680,4026531840,6858899524,0,275985468
17,8053063680,4026531840,6859069812,0,261602050
17,8053063680,4026531840,6858899524,0,255153184
17,8053063680,4026531840,6858915524,0,253351482
17,8053063680,4026531840,6858915524,0,253603330
18,8053063680,4026531840,23208585668,250064,4385615058
18,8053063680,4026531840,23208566060,250064,4306925568
18,8053063680,4026531840,23208584516,250064,4348373829
18,8053063680,4026531840,23208564044,250064,4367720339
18,8053063680,4026531840,23208567788,250064,4346427032
1,10737418240,3221225472,20242966456,4732699192,18224667550
19,8053063680,4026531840,2078150284,0,298978914
19,8053063680,4026531840,2078199508,0,287079151
19,8053063680,4026531840,2078094476,0,276999491
19,8053063680,4026531840,2078139596,0,278036010
19,8053063680,4026531840,2078122964,0,285918413
1,8053063680,4026531840,20177381608,4798284040,18203446524
1,8053063680,4026531840,20177381608,4798284040,18148159841
1,8053063680,4026531840,20177381608,4798284040,18153768446
1,8053063680,4026531840,20177381608,4798284040,18223692345
1,8053063680,4026531840,20178956216,4796709432,18164161301
1,10737418240,3221225472,20242966456,4732699192,18194598545
20,8053063680,4026531840,3807060626,0,1022759537
20,8053063680,4026531840,3807060626,0,1037802069
20,8053063680,4026531840,3807060626,0,1035913687
20,8053063680,4026531840,3807060626,0,1048497443
20,8053063680,4026531840,3807060626,0,1063857621
21,8053063680,4026531840,24944979462,0,5349091806
21,8053063680,4026531840,24944979462,0,5378219649
21,8053063680,4026531840,24944979462,0,5372301429
21,8053063680,4026531840,24944979462,0,5347115969
21,8053063680,4026531840,24944979462,0,5350465368
1,10737418240,3221225472,20242966456,4732699192,18202422313
22,8053063680,4026531840,3952082146,0,557830253
22,8053063680,4026531840,3952082146,0,535358885
22,8053063680,4026531840,3952082146,0,532867479
22,8053063680,4026531840,3952082146,0,534838940
22,8053063680,4026531840,3952082146,0,539942320
2,8053063680,4026531840,1114457186,0,79259868
2,8053063680,4026531840,1114282626,0,84826163
2,8053063680,4026531840,1114282434,0,78922741
2,8053063680,4026531840,1114279338,0,85998861
2,8053063680,4026531840,1114271146,0,87621075
1,10737418240,3221225472,20242966456,4732699192,18216705020
3,8053063680,4026531840,11829838460,0,1701649747
3,8053063680,4026531840,11829838460,0,1669592203
3,8053063680,4026531840,11829838460,0,1653309194
3,8053063680,4026531840,11829838460,0,1684563395
3,8053063680,4026531840,11829838460,0,1660620212
4,8053063680,4026531840,11750982056,0,1351351106
4,8053063680,4026531840,11750982056,0,1312297481
4,8053063680,4026531840,11750982056,0,1315450900
4,8053063680,4026531840,11750982056,0,1328854298
4,8053063680,4026531840,11750982056,0,1322435911
1,10737418240,3221225472,20242966456,4732699192,18159952870
16,10737418240,1073741824,4026449962,0,1628725484
5,8053063680,4026531840,16083043104,0,2015834372
5,8053063680,4026531840,16083043104,0,2022178479
5,8053063680,4026531840,16083043104,0,1965373950
5,8053063680,4026531840,16083043104,0,1994568882
5,8053063680,4026531840,16083043104,0,1956766116
6,8053063680,4026531840,1320628080,0,249781116
6,8053063680,4026531840,1320628080,0,238741485
6,8053063680,4026531840,1320628080,0,240519118
6,8053063680,4026531840,1320628080,0,246609708
6,8053063680,4026531840,1320628080,0,238888164
20,10737418240,3221225472,3807060626,0,1059560805
7,8053063680,4026531840,11135969600,0,1009083337
7,8053063680,4026531840,11135969600,0,1040525166
7,8053063680,4026531840,11135969600,0,983292771
7,8053063680,4026531840,11135969600,0,995976376
7,8053063680,4026531840,11135969600,0,996934327
8,8053063680,4026531840,9590917743,1115208,579561954
8,8053063680,4026531840,9583111287,8921664,585644965
8,8053063680,4026531840,9574189623,17843328,594433738
8,8053063680,4026531840,9575304831,16728120,599915694
8,8053063680,4026531840,9573074415,18958536,600080372
20,10737418240,3221225472,3807060626,0,1040952893
9,8053063680,4026531840,26417320344,0,8429228416
9,8053063680,4026531840,26417320344,0,8445576906
9,8053063680,4026531840,26417320344,0,8716909172
9,8053063680,4026531840,26417320344,0,8510754255
9,8053063680,4026531840,26417320344,0,9231744197
20,10737418240,3221225472,3807060626,0,1043238238
20,10737418240,3221225472,3807060626,0,1036379878
20,10737418240,3221225472,3807060626,0,1031699394
21,10737418240,3221225472,24944979462,0,5539864318
21,10737418240,3221225472,24944979462,0,5468694299
21,10737418240,3221225472,24944979462,0,5507057860
21,10737418240,3221225472,24944979462,0,5649832833
21,10737418240,3221225472,24944979462,0,5591648264
16,10737418240,1073741824,4026449962,0,1654812104
22,10737418240,3221225472,3952082146,0,541721281
22,10737418240,3221225472,3952082146,0,532041849
22,10737418240,3221225472,3952082146,0,532594103
22,10737418240,3221225472,3952082146,0,533756341
22,10737418240,3221225472,3952082146,0,543002857
2,10737418240,3221225472,1114302106,0,86416551
2,10737418240,3221225472,1114271338,0,76803239
2,10737418240,3221225472,1114437322,0,78027077
2,10737418240,3221225472,1114262954,0,81694940
2,10737418240,3221225472,1114290818,0,90107664
16,10737418240,1073741824,4026449962,0,1635289632
3,10737418240,3221225472,11829838460,0,1820340888
3,10737418240,3221225472,11829838460,0,1781852489
3,10737418240,3221225472,11829838460,0,1766669242
3,10737418240,3221225472,11829838460,0,1799008733
3,10737418240,3221225472,11829838460,0,1775282203
4,10737418240,3221225472,11750982056,0,1410471421
4,10737418240,3221225472,11750982056,0,1379822093
4,10737418240,3221225472,11750982056,0,1384088869
4,10737418240,3221225472,11750982056,0,1406422792
4,10737418240,3221225472,11750982056,0,1380848741
16,10737418240,1073741824,4026449962,0,1631375690
5,10737418240,3221225472,16083043104,0,2103403101
5,10737418240,3221225472,16083043104,0,2105366950
5,10737418240,3221225472,16083043104,0,2085800798
5,10737418240,3221225472,16083043104,0,2080095856
5,10737418240,3221225472,16083043104,0,2124741810
6,10737418240,3221225472,1320628080,0,257544791
6,10737418240,3221225472,1320628080,0,252808939
6,10737418240,3221225472,1320628080,0,249976749
6,10737418240,3221225472,1320628080,0,251333364
6,10737418240,3221225472,1320628080,0,251898899
16,10737418240,1073741824,4026449962,0,1610221915
10,10737418240,1073741824,9124385008,0,1843637240
7,10737418240,3221225472,11135969600,0,1096992724
7,10737418240,3221225472,11135969600,0,1049727877
7,10737418240,3221225472,11135969600,0,1106561426
7,10737418240,3221225472,11135969600,0,1078977988
7,10737418240,3221225472,11135969600,0,1162677793
8,10737418240,3221225472,9592032951,0,711649935
8,10737418240,3221225472,9592032951,0,640659511
8,10737418240,3221225472,9592032951,0,658422550
8,10737418240,3221225472,9592032951,0,673511405
8,10737418240,3221225472,9592032951,0,626514876
17,10737418240,1073741824,6859052564,0,396100396
9,10737418240,3221225472,26417320344,0,8498734036
9,10737418240,3221225472,26417320344,0,8410183872
9,10737418240,3221225472,26417320344,0,9448172163
9,10737418240,3221225472,26417320344,0,8457792575
9,10737418240,3221225472,26417320344,0,9052167424
10,10737418240,4294967296,9124385008,0,1711633155
10,10737418240,4294967296,9124385008,0,1715787271
10,10737418240,4294967296,9124385008,0,1711648694
10,10737418240,4294967296,9124385008,0,1714770221
10,10737418240,4294967296,9124385008,0,1722960757
17,10737418240,1073741824,6858899524,0,381889691
11,10737418240,4294967296,1285878476,0,137091475
11,10737418240,4294967296,1285878476,0,151740716
11,10737418240,4294967296,1285878476,0,136086815
11,10737418240,4294967296,1285878476,0,147975894
11,10737418240,4294967296,1285878476,0,148878765
12,10737418240,4294967296,6845090004,0,1523143110
12,10737418240,4294967296,6845090004,0,1512937474
12,10737418240,4294967296,6845090004,0,1510681066
12,10737418240,4294967296,6845090004,0,1509282841
12,10737418240,4294967296,6845090004,0,1503542149
17,10737418240,1073741824,6858915524,0,397251994
13,10737418240,4294967296,16703466210,0,9470176905
13,10737418240,4294967296,16703466210,0,9338380613
13,10737418240,4294967296,16703466210,0,9398777640
13,10737418240,4294967296,16703466210,0,9577928631
13,10737418240,4294967296,16703466210,0,9550912854
14,10737418240,4294967296,2176131663,0,2383049702
14,10737418240,4294967296,2176131663,0,2278985415
14,10737418240,4294967296,2176131663,0,2337701010
14,10737418240,4294967296,2176131663,0,2185909069
14,10737418240,4294967296,2176131663,0,2251063987
17,10737418240,1073741824,6858932772,0,378774494
16,10737418240,4294967296,4026449962,0,1622881541
16,10737418240,4294967296,4026449962,0,1626319145
16,10737418240,4294967296,4026449962,0,1628266961
16,10737418240,4294967296,4026449962,0,1624909956
16,10737418240,4294967296,4026449962,0,1643749050
17,10737418240,4294967296,6859052564,0,279582969
17,10737418240,4294967296,6858899524,0,258468011
17,10737418240,4294967296,6859069812,0,255982123
17,10737418240,4294967296,6858899524,0,259905308
17,10737418240,4294967296,6858915524,0,256147812
17,10737418240,1073741824,6858916772,0,380608124
18,10737418240,4294967296,23208603412,214152,4374812677
18,10737418240,4294967296,23208602692,214152,4355326643
18,10737418240,4294967296,23208603124,214152,4331961135
18,10737418240,4294967296,23208602116,214152,4349362771
18,10737418240,4294967296,23208604420,214152,4336182200
19,10737418240,4294967296,2078123396,0,292411975
19,10737418240,4294967296,2078192212,0,273756238
19,10737418240,4294967296,2078060900,0,271112373
19,10737418240,4294967296,2078108588,0,283246191
19,10737418240,4294967296,2078091396,0,291025857
18,10737418240,1073741824,23208831844,0,4441687494
1,10737418240,4294967296,20242966456,4732699192,18162039255
1,10737418240,4294967296,20242966456,4732699192,18171863866
1,10737418240,4294967296,20242966456,4732699192,18148438037
1,10737418240,4294967296,20242966456,4732699192,18108486723
1,10737418240,4294967296,20242966456,4732699192,18080963867
20,10737418240,4294967296,3807060626,0,1040307858
20,10737418240,4294967296,3807060626,0,1031288233
20,10737418240,4294967296,3807060626,0,1024743915
20,10737418240,4294967296,3807060626,0,1046786913
20,10737418240,4294967296,3807060626,0,1024023259
18,10737418240,1073741824,23208834436,0,4357141403
21,10737418240,4294967296,24944979462,0,5388215488
21,10737418240,4294967296,24944979462,0,5413130419
21,10737418240,4294967296,24944979462,0,5339395930
21,10737418240,4294967296,24944979462,0,5488167170
21,10737418240,4294967296,24944979462,0,5486464337
22,10737418240,4294967296,3952082146,0,544981108
22,10737418240,4294967296,3952082146,0,533925655
22,10737418240,4294967296,3952082146,0,539082504
22,10737418240,4294967296,3952082146,0,533153212
22,10737418240,4294967296,3952082146,0,533078032
18,10737418240,1073741824,23208835012,0,4352081094
2,10737418240,4294967296,1114279530,0,77162101
2,10737418240,4294967296,1114302298,0,85307342
2,10737418240,4294967296,1114282818,0,85082053
2,10737418240,4294967296,1114282434,0,83418420
2,10737418240,4294967296,1114262954,0,95939598
3,10737418240,4294967296,11829838460,0,1670160450
3,10737418240,4294967296,11829838460,0,1758671216
3,10737418240,4294967296,11829838460,0,1694883935
3,10737418240,4294967296,11829838460,0,1675480442
3,10737418240,4294967296,11829838460,0,1708973944
18,10737418240,1073741824,23208834724,0,4362694665
4,10737418240,4294967296,11750982056,0,1332234456
4,10737418240,4294967296,11750982056,0,1318773607
4,10737418240,4294967296,11750982056,0,1321472779
4,10737418240,4294967296,11750982056,0,1315157340
4,10737418240,4294967296,11750982056,0,1315151219
5,10737418240,4294967296,16083043104,0,1998265117
5,10737418240,4294967296,16083043104,0,1996331414
5,10737418240,4294967296,16083043104,0,1981170321
5,10737418240,4294967296,16083043104,0,2027326585
5,10737418240,4294967296,16083043104,0,1989266726
18,10737418240,1073741824,23208836020,0,4372980778
10,10737418240,1073741824,9124385008,0,1853322079
6,10737418240,4294967296,1320628080,0,242972628
6,10737418240,4294967296,1320628080,0,239232555
6,10737418240,4294967296,1320628080,0,238892078
6,10737418240,4294967296,1320628080,0,238169825
6,10737418240,4294967296,1320628080,0,242132436
7,10737418240,4294967296,11135969600,0,1032544781
7,10737418240,4294967296,11135969600,0,1017070043
7,10737418240,4294967296,11135969600,0,984292336
7,10737418240,4294967296,11135969600,0,981991958
7,10737418240,4294967296,11135969600,0,948892124
19,10737418240,1073741824,2078173652,0,296381781
8,10737418240,4294967296,9576420039,15612912,615356643
8,10737418240,4294967296,9581996079,10036872,609635940
8,10737418240,4294967296,9592032951,0,598443351
8,10737418240,4294967296,9592032951,0,586146822
8,10737418240,4294967296,9592032951,0,582922154
9,10737418240,4294967296,26417320344,0,8333391656
9,10737418240,4294967296,26417320344,0,9612906568
9,10737418240,4294967296,26417320344,0,8547644621
9,10737418240,4294967296,26417320344,0,8328241670
9,10737418240,4294967296,26417320344,0,9074778152
19,10737418240,1073741824,2078111884,0,279061720
10,10737418240,5368709120,9124385008,0,1708130775
10,10737418240,5368709120,9124385008,0,1719981786
10,10737418240,5368709120,9124385008,0,1707961584
10,10737418240,5368709120,9124385008,0,1706865814
10,10737418240,5368709120,9124385008,0,1719163421
11,10737418240,5368709120,1285878476,0,141590500
11,10737418240,5368709120,1285878476,0,146798648
11,10737418240,5368709120,1285878476,0,143780248
11,10737418240,5368709120,1285878476,0,152631680
11,10737418240,5368709120,1285878476,0,143322803
19,10737418240,1073741824,2078141148,0,289770289
12,10737418240,5368709120,6845090004,0,1460584512
12,10737418240,5368709120,6845090004,0,1438917048
12,10737418240,5368709120,6845090004,0,1432603180
12,10737418240,5368709120,6845090004,0,1440140344
12,10737418240,5368709120,6845090004,0,1445798697
13,10737418240,5368709120,16703466210,0,9409722248
13,10737418240,5368709120,16703466210,0,9410347790
13,10737418240,5368709120,16703466210,0,9525892393
13,10737418240,5368709120,16703466210,0,9409345576
13,10737418240,5368709120,16703466210,0,9366302076
19,10737418240,1073741824,2078149436,0,286383814
14,10737418240,5368709120,2176131663,0,2241756182
14,10737418240,5368709120,2176131663,0,2324827379
14,10737418240,5368709120,2176131663,0,2228762309
14,10737418240,5368709120,2176131663,0,2168938857
14,10737418240,5368709120,2176131663,0,2211609580
16,10737418240,5368709120,4026449962,0,1641012826
16,10737418240,5368709120,4026449962,0,1616383913
16,10737418240,5368709120,4026449962,0,1610602030
16,10737418240,5368709120,4026449962,0,1614553240
16,10737418240,5368709120,4026449962,0,1616751028
19,10737418240,1073741824,2078177908,0,280166198
17,10737418240,5368709120,6858899524,0,275599206
17,10737418240,5368709120,6858899524,0,250545467
17,10737418240,5368709120,6858899524,0,250194991
17,10737418240,5368709120,6858900548,0,255108751
17,10737418240,5368709120,6858899524,0,254974183
18,10737418240,5368709120,23208604132,214152,4351061916
18,10737418240,5368709120,23208619996,214152,4350209881
18,10737418240,5368709120,23208621436,214152,4349336717
18,10737418240,5368709120,23208620140,214152,4349863639
18,10737418240,5368709120,23208620140,214152,4342663238
1,10737418240,1073741824,24975659024,6528,19597086060
19,10737418240,5368709120,2078134260,0,291519421
19,10737418240,5368709120,2078135988,0,280445692
19,10737418240,5368709120,2078151172,0,279853278
19,10737418240,5368709120,2078092020,0,277185485
19,10737418240,5368709120,2078132404,0,278505182
1,10737418240,5368709120,20242966456,4732699192,18120161154
1,10737418240,5368709120,20242966456,4732699192,18141672638
1,10737418240,5368709120,20242966456,4732699192,18118061116
1,10737418240,5368709120,20242966456,4732699192,18067770264
1,10737418240,5368709120,20242966456,4732699192,18118967493
1,10737418240,1073741824,24975659024,6528,17999123475
20,10737418240,5368709120,3807060626,0,1028855731
20,10737418240,5368709120,3807060626,0,1025586244
20,10737418240,5368709120,3807060626,0,1031209337
20,10737418240,5368709120,3807060626,0,1037413065
20,10737418240,5368709120,3807060626,0,1041847760
21,10737418240,5368709120,24944979462,0,5055000651
21,10737418240,5368709120,24944979462,0,4999637106
21,10737418240,5368709120,24944979462,0,4999986010
21,10737418240,5368709120,24944979462,0,4950438067
21,10737418240,5368709120,24944979462,0,4888321621
1,10737418240,1073741824,24975659024,6528,17953790927
22,10737418240,5368709120,3952082146,0,551647470
22,10737418240,5368709120,3952082146,0,539606691
22,10737418240,5368709120,3952082146,0,536680891
22,10737418240,5368709120,3952082146,0,531658051
22,10737418240,5368709120,3952082146,0,535307295
2,10737418240,5368709120,1114282626,0,82423609
2,10737418240,5368709120,1114262954,0,83849545
2,10737418240,5368709120,1114282626,0,81221372
2,10737418240,5368709120,1114271338,0,77643187
2,10737418240,5368709120,1114271146,0,92065712
1,10737418240,1073741824,24975659024,6528,18036613545
3,10737418240,5368709120,11829838460,0,1647605963
3,10737418240,5368709120,11829838460,0,1655356265
3,10737418240,5368709120,11829838460,0,1689508151
3,10737418240,5368709120,11829838460,0,1664339994
3,10737418240,5368709120,11829838460,0,1650955789
4,10737418240,5368709120,11750982056,0,1327524967
4,10737418240,5368709120,11750982056,0,1315679206
4,10737418240,5368709120,11750982056,0,1315278160
4,10737418240,5368709120,11750982056,0,1321601237
4,10737418240,5368709120,11750982056,0,1308856435
1,10737418240,1073741824,24975659024,6528,18090784944
10,10737418240,1073741824,9124385008,0,1827967508
5,10737418240,5368709120,16083043104,0,2090455304
5,10737418240,5368709120,16083043104,0,2065904752
5,10737418240,5368709120,16083043104,0,2087021318
5,10737418240,5368709120,16083043104,0,2166624145
5,10737418240,5368709120,16083043104,0,2120040675
6,10737418240,5368709120,1320628080,0,247016687
6,10737418240,5368709120,1320628080,0,238928285
6,10737418240,5368709120,1320628080,0,238549129
6,10737418240,5368709120,1320628080,0,239546429
6,10737418240,5368709120,1320628080,0,241493720
20,10737418240,1073741824,3807060626,0,1053385358
7,10737418240,5368709120,11135969600,0,966401264
7,10737418240,5368709120,11135969600,0,955576738
7,10737418240,5368709120,11135969600,0,952907383
7,10737418240,5368709120,11135969600,0,1034466484
7,10737418240,5368709120,11135969600,0,1054067292
8,10737418240,5368709120,9592032951,0,660293346
8,10737418240,5368709120,9592032951,0,653198105
8,10737418240,5368709120,9578650455,13382496,659879619
8,10737418240,5368709120,9592032951,0,656312704
8,10737418240,5368709120,9592032951,0,645629228
20,10737418240,1073741824,3807060626,0,1040697849
9,10737418240,5368709120,26417320344,0,9065275838
9,10737418240,5368709120,26417320344,0,8447501766
9,10737418240,5368709120,26417320344,0,7683847567
9,10737418240,5368709120,26417320344,0,8308145129
9,10737418240,5368709120,26417320344,0,7682328973
10,13421772800,1342177280,9124385008,0,1774114674
10,13421772800,1342177280,9124385008,0,1838776819
10,13421772800,1342177280,9124385008,0,1827844335
10,13421772800,1342177280,9124385008,0,1770203397
10,13421772800,1342177280,9124385008,0,1846517718
20,10737418240,1073741824,3807060626,0,1055445466
11,13421772800,1342177280,1285878476,0,151165527
11,13421772800,1342177280,1285878476,0,146269655
11,13421772800,1342177280,1285878476,0,149094717
11,13421772800,1342177280,1285878476,0,144958397
11,13421772800,1342177280,1285878476,0,144929968
12,13421772800,1342177280,6845090004,0,2116948014
12,13421772800,1342177280,6845090004,0,2093294825
12,13421772800,1342177280,6845090004,0,2081757347
12,13421772800,1342177280,6845090004,0,2079153650
12,13421772800,1342177280,6845090004,0,2095941394
20,10737418240,1073741824,3807060626,0,1039707969
13,13421772800,1342177280,16703466210,0,9316858277
13,13421772800,1342177280,16703466210,0,9383810796
13,13421772800,1342177280,16703466210,0,9379334480
13,13421772800,1342177280,16703466210,0,9347979869
13,13421772800,1342177280,16703466210,0,9277220427
14,13421772800,1342177280,2176131663,0,2362592906
14,13421772800,1342177280,2176131663,0,2321352832
14,13421772800,1342177280,2176131663,0,2263891748
14,13421772800,1342177280,2176131663,0,2344445710
14,13421772800,1342177280,2176131663,0,2239234240
20,10737418240,1073741824,3807060626,0,1063156645
16,13421772800,1342177280,4026449962,0,1634731524
16,13421772800,1342177280,4026449962,0,1614913291
16,13421772800,1342177280,4026449962,0,1627861741
16,13421772800,1342177280,4026449962,0,1609064687
16,13421772800,1342177280,4026449962,0,1659191610
17,13421772800,1342177280,6858915524,0,397915545
17,13421772800,1342177280,6858932772,0,384177141
17,13421772800,1342177280,6859052564,0,375568257
17,13421772800,1342177280,6858915524,0,391184742
17,13421772800,1342177280,6858916548,0,382384008
21,10737418240,1073741824,24944979462,0,5853965427
18,13421772800,1342177280,23208814396,0,4366108493
18,13421772800,1342177280,23208834004,0,4327809909
18,13421772800,1342177280,23208835012,0,4357750197
18,13421772800,1342177280,23208833284,0,4346468665
18,13421772800,1342177280,23208834292,0,4366461362
19,13421772800,1342177280,2078099732,0,287672770
19,13421772800,1342177280,2078101100,0,282302095
19,13421772800,1342177280,2078101388,0,277576041
19,13421772800,1342177280,2078110492,0,283359303
19,13421772800,1342177280,2078130852,0,274677699
21,10737418240,1073741824,24944979462,0,5806479381
1,13421772800,1342177280,24975659024,6528,17985905065
1,13421772800,1342177280,24975659024,6528,17992276985
1,13421772800,1342177280,24975659024,6528,17963109680
1,13421772800,1342177280,24975659024,6528,18107673248
1,13421772800,1342177280,24975659024,6528,18015689162
20,13421772800,1342177280,3807060626,0,1032441216
20,13421772800,1342177280,3807060626,0,1035258629
20,13421772800,1342177280,3807060626,0,1041535986
20,13421772800,1342177280,3807060626,0,1033966901
20,13421772800,1342177280,3807060626,0,1032528615
21,10737418240,1073741824,24944979462,0,5896988517
21,13421772800,1342177280,24944979462,0,5872612682
21,13421772800,1342177280,24944979462,0,5944709548
21,13421772800,1342177280,24944979462,0,5761834968
21,13421772800,1342177280,24944979462,0,5729776294
21,13421772800,1342177280,24944979462,0,5829682103
22,13421772800,1342177280,3952082146,0,543934678
22,13421772800,1342177280,3952082146,0,532482883
22,13421772800,1342177280,3952082146,0,531213766
22,13421772800,1342177280,3952082146,0,528865289
22,13421772800,1342177280,3952082146,0,533496383
21,10737418240,1073741824,24944979462,0,5813024061
2,13421772800,1342177280,1114262954,0,81432966
2,13421772800,1342177280,1114282434,0,88100450
2,13421772800,1342177280,1114262954,0,68571925
2,13421772800,1342177280,1114290626,0,86320518
2,13421772800,1342177280,1114321778,0,86853602
3,13421772800,1342177280,11829838460,0,1819822582
3,13421772800,1342177280,11829838460,0,1812615504
3,13421772800,1342177280,11829838460,0,1909936371
3,13421772800,1342177280,11829838460,0,1852301007
3,13421772800,1342177280,11829838460,0,1816902801
21,10737418240,1073741824,24944979462,0,5823865198
11,10737418240,1073741824,1285878476,0,163916099
4,13421772800,1342177280,11750982056,0,1441748044
4,13421772800,1342177280,11750982056,0,1421585975
4,13421772800,1342177280,11750982056,0,1430456497
4,13421772800,1342177280,11750982056,0,1416776243
4,13421772800,1342177280,11750982056,0,1419032591
5,13421772800,1342177280,16083043104,0,2402533828
5,13421772800,1342177280,16083043104,0,2343434718
5,13421772800,1342177280,16083043104,0,2283678316
5,13421772800,1342177280,16083043104,0,2429902613
5,13421772800,1342177280,16083043104,0,2309971782
22,10737418240,1073741824,3952082146,0,551986770
6,13421772800,1342177280,1320628080,0,266711381
6,13421772800,1342177280,1320628080,0,263381195
6,13421772800,1342177280,1320628080,0,262267365
6,13421772800,1342177280,1320628080,0,261783881
6,13421772800,1342177280,1320628080,0,264675112
7,13421772800,1342177280,11135969600,0,1251320145
7,13421772800,1342177280,11135969600,0,1248107307
7,13421772800,1342177280,11135969600,0,1369018197
7,13421772800,1342177280,11135969600,0,1242077427
7,13421772800,1342177280,11135969600,0,1256844099
22,10737418240,1073741824,3952082146,0,532588443
8,13421772800,1342177280,9592032951,0,730319257
8,13421772800,1342177280,9592032951,0,744088140
8,13421772800,1342177280,9592032951,0,761169769
8,13421772800,1342177280,9592032951,0,775191828
8,13421772800,1342177280,9592032951,0,718587975
9,13421772800,1342177280,26417320344,0,8782943636
9,13421772800,1342177280,26417320344,0,8672952033
9,13421772800,1342177280,26417320344,0,8727025198
9,13421772800,1342177280,26417320344,0,8782457039
9,13421772800,1342177280,26417320344,0,8645223820
22,10737418240,1073741824,3952082146,0,538482301
10,13421772800,2684354560,9124385008,0,1702927438
10,13421772800,2684354560,9124385008,0,1711709190
10,13421772800,2684354560,9124385008,0,1729457482
10,13421772800,2684354560,9124385008,0,1760768608
10,13421772800,2684354560,9124385008,0,1706426602
11,13421772800,2684354560,1285878476,0,151273434
11,13421772800,2684354560,1285878476,0,143421623
11,13421772800,2684354560,1285878476,0,142491262
11,13421772800,2684354560,1285878476,0,144359353
11,13421772800,2684354560,1285878476,0,140569962
22,10737418240,1073741824,3952082146,0,536026257
12,13421772800,2684354560,6845090004,0,1657965102
12,13421772800,2684354560,6845090004,0,1605615697
12,13421772800,2684354560,6845090004,0,1626033832
12,13421772800,2684354560,6845090004,0,1608155441
12,13421772800,2684354560,6845090004,0,1614050052
13,13421772800,2684354560,16703466210,0,9537752826
13,13421772800,2684354560,16703466210,0,9540874402
13,13421772800,2684354560,16703466210,0,9396831933
13,13421772800,2684354560,16703466210,0,9556148263
13,13421772800,2684354560,16703466210,0,9414295962
22,10737418240,1073741824,3952082146,0,535996886
14,13421772800,2684354560,2176131663,0,2262386814
14,13421772800,2684354560,2176131663,0,2264755401
14,13421772800,2684354560,2176131663,0,2324803458
14,13421772800,2684354560,2176131663,0,2244639992
14,13421772800,2684354560,2176131663,0,2249387715
16,13421772800,2684354560,4026449962,0,1634718596
16,13421772800,2684354560,4026449962,0,1641834515
16,13421772800,2684354560,4026449962,0,1616367270
16,13421772800,2684354560,4026449962,0,1595405130
16,13421772800,2684354560,4026449962,0,1631862595
2,10737418240,1073741824,1114437322,0,80174983
17,13421772800,2684354560,6858915524,0,279216619
17,13421772800,2684354560,6858932772,0,266973312
17,13421772800,2684354560,6858915524,0,264761604
17,13421772800,2684354560,6858915524,0,255312079
17,13421772800,2684354560,6858915524,0,261876853
18,13421772800,2684354560,23208814972,0,4387218502
18,13421772800,2684354560,23208817420,0,4367477440
18,13421772800,2684354560,23208831124,0,4344986215
18,13421772800,2684354560,23208834148,0,4302515961
18,13421772800,2684354560,23208836452,0,4327078635
2,10737418240,1073741824,1114282626,0,77017326
19,13421772800,2684354560,2078107524,0,289616485
19,13421772800,2684354560,2078171828,0,277616615
19,13421772800,2684354560,2078005468,0,286094160
19,13421772800,2684354560,2078096932,0,282832182
19,13421772800,2684354560,2078169804,0,277914102
1,13421772800,2684354560,24975659024,6528,17972232657
1,13421772800,2684354560,24975659024,6528,17959058107
1,13421772800,2684354560,24975659024,6528,18037417798
1,13421772800,2684354560,24975659024,6528,17950425008
1,13421772800,2684354560,24975659024,6528,18007887961
2,10737418240,1073741824,1114445514,0,89893981
20,13421772800,2684354560,3807060626,0,1053259487
20,13421772800,2684354560,3807060626,0,1053046519
20,13421772800,2684354560,3807060626,0,1038366465
20,13421772800,2684354560,3807060626,0,1046826770
20,13421772800,2684354560,3807060626,0,1063816661
21,13421772800,2684354560,24944979462,0,5591120948
21,13421772800,2684354560,24944979462,0,5426331717
21,13421772800,2684354560,24944979462,0,5613050658
21,13421772800,2684354560,24944979462,0,5612724405
21,13421772800,2684354560,24944979462,0,5451842647
2,10737418240,1073741824,1114441418,0,93364895
22,13421772800,2684354560,3952082146,0,544142352
22,13421772800,2684354560,3952082146,0,537132092
22,13421772800,2684354560,3952082146,0,530268120
22,13421772800,2684354560,3952082146,0,528879903
22,13421772800,2684354560,3952082146,0,534275330
2,13421772800,2684354560,1114271146,0,65325010
2,13421772800,2684354560,1114437322,0,65573008
2,13421772800,2684354560,1114290818,0,74903885
2,13421772800,2684354560,1114262954,0,77227872
2,13421772800,2684354560,1114437514,0,84891346
2,10737418240,1073741824,1114302106,0,94996388
11,10737418240,1073741824,1285878476,0,144185116
3,13421772800,2684354560,11829838460,0,1810457352
3,13421772800,2684354560,11829838460,0,1796115385
3,13421772800,2684354560,11829838460,0,1814966606
3,13421772800,2684354560,11829838460,0,1821972767
3,13421772800,2684354560,11829838460,0,1795421790
4,13421772800,2684354560,11750982056,0,1393433143
4,13421772800,2684354560,11750982056,0,1385819158
4,13421772800,2684354560,11750982056,0,1365247612
4,13421772800,2684354560,11750982056,0,1377263853
4,13421772800,2684354560,11750982056,0,1351899266
3,10737418240,1073741824,11829838460,0,1842448792
5,13421772800,2684354560,16083043104,0,2110052452
5,13421772800,2684354560,16083043104,0,2126300430
5,13421772800,2684354560,16083043104,0,2121725325
5,13421772800,2684354560,16083043104,0,2086962150
5,13421772800,2684354560,16083043104,0,2108147339
6,13421772800,2684354560,1320628080,0,254258175
6,13421772800,2684354560,1320628080,0,251427213
6,13421772800,2684354560,1320628080,0,252291234
6,13421772800,2684354560,1320628080,0,252634991
6,13421772800,2684354560,1320628080,0,246754959
3,10737418240,1073741824,11829838460,0,1823702868
7,13421772800,2684354560,11135969600,0,1165397344
7,13421772800,2684354560,11135969600,0,1171546413
7,13421772800,2684354560,11135969600,0,1126033677
7,13421772800,2684354560,11135969600,0,1098329763
7,13421772800,2684354560,11135969600,0,1135240584
8,13421772800,2684354560,9592032951,0,720175142
8,13421772800,2684354560,9592032951,0,663177441
8,13421772800,2684354560,9592032951,0,720133353
8,13421772800,2684354560,9592032951,0,696479149
8,13421772800,2684354560,9592032951,0,682948824
3,10737418240,1073741824,11829838460,0,1838690281
9,13421772800,2684354560,26417320344,0,8814632669
9,13421772800,2684354560,26417320344,0,8604104286
9,13421772800,2684354560,26417320344,0,8378694611
9,13421772800,2684354560,26417320344,0,8504701678
9,13421772800,2684354560,26417320344,0,8592364418
10,13421772800,4026531840,9124385008,0,1764352054
10,13421772800,4026531840,9124385008,0,1715009506
10,13421772800,4026531840,9124385008,0,1733662630
10,13421772800,4026531840,9124385008,0,1709693669
10,13421772800,4026531840,9124385008,0,1702015566
3,10737418240,1073741824,11829838460,0,1849405887
11,13421772800,4026531840,1285878476,0,154518996
11,13421772800,4026531840,1285878476,0,151767913
11,13421772800,4026531840,1285878476,0,145992441
11,13421772800,4026531840,1285878476,0,147510836
11,13421772800,4026531840,1285878476,0,144671034
12,13421772800,4026531840,6845090004,0,1551373932
12,13421772800,4026531840,6845090004,0,1505528160
12,13421772800,4026531840,6845090004,0,1496309012
12,13421772800,4026531840,6845090004,0,1501644209
12,13421772800,4026531840,6845090004,0,1510598579
3,10737418240,1073741824,11829838460,0,1866912184
13,13421772800,4026531840,16703466210,0,9406426234
13,13421772800,4026531840,16703466210,0,9387774816
13,13421772800,4026531840,16703466210,0,9410273376
13,13421772800,4026531840,16703466210,0,9385798057
13,13421772800,4026531840,16703466210,0,9418080681
14,13421772800,4026531840,2176131663,0,2314682406
14,13421772800,4026531840,2176131663,0,2243615646
14,13421772800,4026531840,2176131663,0,2298033832
14,13421772800,4026531840,2176131663,0,2314167540
14,13421772800,4026531840,2176131663,0,2277246680
4,10737418240,1073741824,11750982056,0,1438042965
16,13421772800,4026531840,4026449962,0,1644212860
16,13421772800,4026531840,4026449962,0,1615437497
16,13421772800,4026531840,4026449962,0,1606259008
16,13421772800,4026531840,4026449962,0,1635141520
16,13421772800,4026531840,4026449962,0,1608575296
17,13421772800,4026531840,6858899524,0,257658762
17,13421772800,4026531840,6858899524,0,255704151
17,13421772800,4026531840,6858932772,0,259839430
17,13421772800,4026531840,6858915524,0,250952728
17,13421772800,4026531840,6858915524,0,248277905
4,10737418240,1073741824,11750982056,0,1430353465
18,13421772800,4026531840,23208834004,0,4336856485
18,13421772800,4026531840,23208816988,0,4331878574
18,13421772800,4026531840,23208834580,0,4363599386
18,13421772800,4026531840,23208832564,0,4317782334
18,13421772800,4026531840,23208834292,0,4353730223
19,13421772800,4026531840,2078161580,0,295310303
19,13421772800,4026531840,2078131524,0,282045897
19,13421772800,4026531840,2078099716,0,279205035
19,13421772800,4026531840,2078119508,0,274173445
19,13421772800,4026531840,2078041124,0,281307304
4,10737418240,1073741824,11750982056,0,1428397675
1,13421772800,4026531840,24975659024,6528,17978073850
1,13421772800,4026531840,24975659024,6528,17882959015
1,13421772800,4026531840,24975659024,6528,17946493702
1,13421772800,4026531840,24975659024,6528,18018589943
1,13421772800,4026531840,24975659024,6528,17926964243
20,13421772800,4026531840,3807060626,0,1032685078
20,13421772800,4026531840,3807060626,0,1028103145
20,13421772800,4026531840,3807060626,0,1051375441
20,13421772800,4026531840,3807060626,0,1051557989
20,13421772800,4026531840,3807060626,0,1030133344
4,10737418240,1073741824,11750982056,0,1411406433
21,13421772800,4026531840,24944979462,0,5500707849
21,13421772800,4026531840,24944979462,0,5385927399
21,13421772800,4026531840,24944979462,0,5462728629
21,13421772800,4026531840,24944979462,0,5405035286
21,13421772800,4026531840,24944979462,0,5347116416
22,13421772800,4026531840,3952082146,0,551078150
22,13421772800,4026531840,3952082146,0,533411117
22,13421772800,4026531840,3952082146,0,536676975
22,13421772800,4026531840,3952082146,0,529873603
22,13421772800,4026531840,3952082146,0,528934032
4,10737418240,1073741824,11750982056,0,1418656506
11,10737418240,1073741824,1285878476,0,149234506
2,13421772800,4026531840,1114282626,0,81145788
2,13421772800,4026531840,1114282434,0,84257066
2,13421772800,4026531840,1114271338,0,88315815
2,13421772800,4026531840,1114262954,0,90651272
2,13421772800,4026531840,1114263146,0,92465164
3,13421772800,4026531840,11829838460,0,1653550525
3,13421772800,4026531840,11829838460,0,1666723674
3,13421772800,4026531840,11829838460,0,1654939262
3,13421772800,4026531840,11829838460,0,1678404327
3,13421772800,4026531840,11829838460,0,1662426556
5,10737418240,1073741824,16083043104,0,2369749017
4,13421772800,4026531840,11750982056,0,1342837618
4,13421772800,4026531840,11750982056,0,1328629760
4,13421772800,4026531840,11750982056,0,1326165355
4,13421772800,4026531840,11750982056,0,1325474511
4,13421772800,4026531840,11750982056,0,1308177194
5,13421772800,4026531840,16083043104,0,1976880014
5,13421772800,4026531840,16083043104,0,1998890233
5,13421772800,4026531840,16083043104,0,2015550186
5,13421772800,4026531840,16083043104,0,1981196021
5,13421772800,4026531840,16083043104,0,1937645718
5,10737418240,1073741824,16083043104,0,2252519265
6,13421772800,4026531840,1320628080,0,242882776
6,13421772800,4026531840,1320628080,0,238644959
6,13421772800,4026531840,1320628080,0,239990215
6,13421772800,4026531840,1320628080,0,238279742
6,13421772800,4026531840,1320628080,0,242827707
7,13421772800,4026531840,11135969600,0,1086790211
7,13421772800,4026531840,11135969600,0,977528296
7,13421772800,4026531840,11135969600,0,1005050260
7,13421772800,4026531840,11135969600,0,1016089320
7,13421772800,4026531840,11135969600,0,977824912
5,10737418240,1073741824,16083043104,0,2281322132
8,13421772800,4026531840,9592032951,0,594734541
8,13421772800,4026531840,9592032951,0,587396484
8,13421772800,4026531840,9592032951,0,617251825
8,13421772800,4026531840,9592032951,0,585019058
8,13421772800,4026531840,9592032951,0,600217936
9,13421772800,4026531840,26417320344,0,8467491564
9,13421772800,4026531840,26417320344,0,8517601821
9,13421772800,4026531840,26417320344,0,8526834228
9,13421772800,4026531840,26417320344,0,8988275684
9,13421772800,4026531840,26417320344,0,8522000626
5,10737418240,1073741824,16083043104,0,2398987977
10,13421772800,5368709120,9124385008,0,1697587059
10,13421772800,5368709120,9124385008,0,1729288812
10,13421772800,5368709120,9124385008,0,1707342351
10,13421772800,5368709120,9124385008,0,1728951324
10,13421772800,5368709120,9124385008,0,1691382591
11,13421772800,5368709120,1285878476,0,154255324
11,13421772800,5368709120,1285878476,0,149140326
11,13421772800,5368709120,1285878476,0,146426292
11,13421772800,5368709120,1285878476,0,145705340
11,13421772800,5368709120,1285878476,0,141241505
5,10737418240,1073741824,16083043104,0,2386500817
12,13421772800,5368709120,6845090004,0,1453340232
12,13421772800,5368709120,6845090004,0,1439036778
12,13421772800,5368709120,6845090004,0,1436861910
12,13421772800,5368709120,6845090004,0,1412386009
12,13421772800,5368709120,6845090004,0,1424346878
13,13421772800,5368709120,16703466210,0,9551564203
13,13421772800,5368709120,16703466210,0,9371161278
13,13421772800,5368709120,16703466210,0,9406003651
13,13421772800,5368709120,16703466210,0,9369373879
13,13421772800,5368709120,16703466210,0,9544912687
6,10737418240,1073741824,1320628080,0,269279305
14,13421772800,5368709120,2176131663,0,2152353996
14,13421772800,5368709120,2176131663,0,2213626528
14,13421772800,5368709120,2176131663,0,2208242103
14,13421772800,5368709120,2176131663,0,2271198147
14,13421772800,5368709120,2176131663,0,2151898754
16,13421772800,5368709120,4026449962,0,1621998128
16,13421772800,5368709120,4026449962,0,1629539263
16,13421772800,5368709120,4026449962,0,1627220386
16,13421772800,5368709120,4026449962,0,1599808144
16,13421772800,5368709120,4026449962,0,1650059336
6,10737418240,1073741824,1320628080,0,262150160
17,13421772800,5368709120,6859052564,0,278579975
17,13421772800,5368709120,6858915524,0,257221970
17,13421772800,5368709120,6858915524,0,255458139
17,13421772800,5368709120,6858899524,0,252680316
17,13421772800,5368709120,6858933796,0,258795765
18,13421772800,5368709120,23208834724,0,4374320584
18,13421772800,5368709120,23208817420,0,4364106889
18,13421772800,5368709120,23208817708,0,4306088857
18,13421772800,5368709120,23208817564,0,4302420976
18,13421772800,5368709120,23208835732,0,4347712912
6,10737418240,1073741824,1320628080,0,260084022
19,13421772800,5368709120,2078112812,0,305143620
19,13421772800,5368709120,2078135364,0,275428131
19,13421772800,5368709120,2078146156,0,280370681
19,13421772800,5368709120,2078112836,0,281730137
19,13421772800,5368709120,2078153116,0,276844657
1,13421772800,5368709120,20242966456,4732699192,18148397330
1,13421772800,5368709120,20242966456,4732699192,18181567586
1,13421772800,5368709120,20242966456,4732699192,18177010052
1,13421772800,5368709120,20242966456,4732699192,18078470523
1,13421772800,5368709120,20242966456,4732699192,18142423456
6,10737418240,1073741824,1320628080,0,262021401
20,13421772800,5368709120,3807060626,0,1049265988
20,13421772800,5368709120,3807060626,0,1034906333
20,13421772800,5368709120,3807060626,0,1063664513
20,13421772800,5368709120,3807060626,0,1057303997
20,13421772800,5368709120,3807060626,0,1044237619
21,13421772800,5368709120,24944979462,0,4926501550
21,13421772800,5368709120,24944979462,0,4979614477
21,13421772800,5368709120,24944979462,0,4918692112
21,13421772800,5368709120,24944979462,0,4930614544
21,13421772800,5368709120,24944979462,0,4961439205
6,10737418240,1073741824,1320628080,0,264726504
11,10737418240,1073741824,1285878476,0,150097907
22,13421772800,5368709120,3952082146,0,543933564
22,13421772800,5368709120,3952082146,0,531492289
22,13421772800,5368709120,3952082146,0,529281701
22,13421772800,5368709120,3952082146,0,530662747
22,13421772800,5368709120,3952082146,0,531800686
2,13421772800,5368709120,1114282434,0,81712208
2,13421772800,5368709120,1114271146,0,86826176
2,13421772800,5368709120,1114262954,0,84164782
2,13421772800,5368709120,1114262954,0,75105084
2,13421772800,5368709120,1114279338,0,81405661
7,10737418240,1073741824,11135969600,0,1257970686
3,13421772800,5368709120,11829838460,0,1675664048
3,13421772800,5368709120,11829838460,0,1681291092
3,13421772800,5368709120,11829838460,0,1636051847
3,13421772800,5368709120,11829838460,0,1648884218
3,13421772800,5368709120,11829838460,0,1634871869
4,13421772800,5368709120,11750982056,0,1329170108
4,13421772800,5368709120,11750982056,0,1317147629
4,13421772800,5368709120,11750982056,0,1314175099
4,13421772800,5368709120,11750982056,0,1309898562
4,13421772800,5368709120,11750982056,0,1318924901
7,10737418240,1073741824,11135969600,0,1202260490
5,13421772800,5368709120,16083043104,0,2100125736
5,13421772800,5368709120,16083043104,0,2057510665
5,13421772800,5368709120,16083043104,0,2042475846
5,13421772800,5368709120,16083043104,0,2071511535
5,13421772800,5368709120,16083043104,0,2100862670
6,13421772800,5368709120,1320628080,0,251745939
6,13421772800,5368709120,1320628080,0,241926537
6,13421772800,5368709120,1320628080,0,239352783
6,13421772800,5368709120,1320628080,0,240782258
6,13421772800,5368709120,1320628080,0,240638340
7,10737418240,1073741824,11135969600,0,1297238593
7,13421772800,5368709120,11135969600,0,951161626
7,13421772800,5368709120,11135969600,0,1173459041
7,13421772800,5368709120,11135969600,0,956904339
7,13421772800,5368709120,11135969600,0,961603452
7,13421772800,5368709120,11135969600,0,973173215
8,13421772800,5368709120,9592032951,0,655701218
8,13421772800,5368709120,9592032951,0,660118594
8,13421772800,5368709120,9592032951,0,672773356
8,13421772800,5368709120,9592032951,0,649166024
8,13421772800,5368709120,9592032951,0,654030115
7,10737418240,1073741824,11135969600,0,1298211522
9,13421772800,5368709120,26417320344,0,7552041808
9,13421772800,5368709120,26417320344,0,7729291568
9,13421772800,5368709120,26417320344,0,7594546675
9,13421772800,5368709120,26417320344,0,7708085895
9,13421772800,5368709120,26417320344,0,8371882375
10,13421772800,6710886400,9124385008,0,1643353045
10,13421772800,6710886400,9124385008,0,1665194336
10,13421772800,6710886400,9124385008,0,1710443830
10,13421772800,6710886400,9124385008,0,1640269996
10,13421772800,6710886400,9124385008,0,1663967658
7,10737418240,1073741824,11135969600,0,1209134627
11,13421772800,6710886400,1285878476,0,139383879
11,13421772800,6710886400,1285878476,0,141169871
11,13421772800,6710886400,1285878476,0,138812446
11,13421772800,6710886400,1285878476,0,131843785
11,13421772800,6710886400,1285878476,0,144379819
12,13421772800,6710886400,6845090004,0,1455971491
12,13421772800,6710886400,6845090004,0,1428494757
12,13421772800,6710886400,6845090004,0,1429265909
12,13421772800,6710886400,6845090004,0,1438170129
12,13421772800,6710886400,6845090004,0,1426301319
8,10737418240,1073741824,9592032951,0,783654758
13,13421772800,6710886400,16703466210,0,9388945552
13,13421772800,6710886400,16703466210,0,9540144694
13,13421772800,6710886400,16703466210,0,9387507789
13,13421772800,6710886400,16703466210,0,9360834069
13,13421772800,6710886400,16703466210,0,9429189943
14,13421772800,6710886400,2176131663,0,2243206166
14,13421772800,6710886400,2176131663,0,2198893151
14,13421772800,6710886400,2176131663,0,2250490683
14,13421772800,6710886400,2176131663,0,2207375816
14,13421772800,6710886400,2176131663,0,2262521442
8,10737418240,1073741824,9592032951,0,796974969
16,13421772800,6710886400,4026449962,0,1630314734
16,13421772800,6710886400,4026449962,0,1604002559
16,13421772800,6710886400,4026449962,0,1626398633
16,13421772800,6710886400,4026449962,0,1637907718
16,13421772800,6710886400,4026449962,0,1651567071
17,13421772800,6710886400,6858916548,0,270647642
17,13421772800,6710886400,6858899524,0,252851420
17,13421772800,6710886400,6858917796,0,256649872
17,13421772800,6710886400,6858932772,0,253697372
17,13421772800,6710886400,6858915524,0,249077638
8,10737418240,1073741824,9592032951,0,776250896
18,13421772800,6710886400,23208815548,0,4353244929
18,13421772800,6710886400,23208818428,0,4358389507
18,13421772800,6710886400,23208831556,0,4341447357
18,13421772800,6710886400,23208818428,0,4342521257
18,13421772800,6710886400,23208816844,0,4350313358
19,13421772800,6710886400,2078168900,0,291302005
19,13421772800,6710886400,2078178428,0,279819640
19,13421772800,6710886400,2078194156,0,277775681
19,13421772800,6710886400,2078146052,0,285524623
19,13421772800,6710886400,2078100436,0,278297166
8,10737418240,1073741824,9592032951,0,753828222
1,13421772800,6710886400,20242966456,4732699192,18143512337
1,13421772800,6710886400,20242966456,4732699192,18108600420
1,13421772800,6710886400,20242966456,4732699192,18140981207
1,13421772800,6710886400,20242966456,4732699192,18111715954
1,13421772800,6710886400,20242966456,4732699192,18108400039
20,13421772800,6710886400,3807060626,0,1031255374
20,13421772800,6710886400,3807060626,0,1039750050
20,13421772800,6710886400,3807060626,0,1039354684
20,13421772800,6710886400,3807060626,0,1044100186
20,13421772800,6710886400,3807060626,0,1030448443
8,10737418240,1073741824,9592032951,0,811017711
11,10737418240,1073741824,1285878476,0,146085587
