Number of CPUs: 48
Node #0 - Number of Node CPUs: 48, CPUIDs: [0, 1, 2, 3, 4, 5, 6, 7, 8, 9, 10, 11, 12, 13, 14, 15, 16, 17, 18, 19, 20, 21, 22, 23, 24, 25, 26, 27, 28, 29, 30, 31, 32, 33, 34, 35, 36, 37, 38, 39, 40, 41, 42, 43, 44, 45, 46, 47]

Executing script file: /home/umeshsum/hyrise_pmr/myscripts/mapping/sf10_e2e_ideal.sql
[32m(release)[0m> setting print off
Worker 0 pinned to CPU 0on node Print output turned off
0
[32m(release)[0m> setting binary_caching on
Binary caching turned on
[32m(release)[0m> setting workers 16
Number of CPUs: 48
Node #0 - Number of Node CPUs: 48, CPUIDs: [0, 1, 2, 3, 4, 5, 6, 7, 8, 9, 10, 11, 12, 13, 14, 15, 16, 17, 18, 19, 20, 21, 22, 23, 24, 25, 26, 27, 28, 29, 30, 31, 32, 33, 34, 35, 36, 37, 38, 39, 40, 41, 42, 43, 44, 45, 46, 47]

Worker 0 pinned to CPU 0on node 0
Worker 1 pinned to CPU 1on node 0
Worker 4 pinned to CPU 4on node 0
Worker 8 pinned to CPU 8on node 0
Worker 6 pinned to CPU 6on node 0
Worker 5 pinned to CPU 5on node 0
Scheduler set to use 16 workers
[32m(release)[0m> hsh new_mem 64000000000 0 0
Worker 12 pinned to CPU 12on node Worker 7 pinned to CPU 7on node $:hsh new_mem 64000000000 0 0
0
Worker 15 pinned to CPU 15on node 0,0x000076d5450d8000,0x000076e42bc00000
0
0
[32m(release)[0m> hsh new_mem 64000000000 0 1
$:hsh new_mem 64000000000 0 1
1,0x000076c65e0d8000,0x000076d544c00000
[32m(release)[0m> hsh mem_usage
$:hsh mem_usage
------------------------------------------
Memory Usage Statistics:
Worker 9 pinned to CPU 9on node VmSize:	125573744 kB
VmRSS:	   37148 kB
0
MemResourceStatus {NumaMonotonicResource,1,64000000000,0,0,0,0,0}
MemResourceStatus {NumaMonotonicResource,0,64000000000,0,0,0,0,0}
0: MemResourceStatus {MemManagerAggregate,18446744073709551615,128000000000,0,0,0,0,N/A}
MemResourceStatus {DefaultResource,18446744073709551615,18446744073709551615,0,0,0,-1,N/A}
Quick Memory Usage Overview:
Used Capacity: 0, 0
------------------------------------------
[32m(release)[0m> setting mem_strategy TableGen
Memory strategy set to TableGen
Worker 11 pinned to CPU 11on node [32m(release)[0m> generate_tpch 10
Worker 0
10 pinned to CPU 10on node Worker 3 pinned to CPU 3on node 00

Generating all TPCH tables (this might take a while) ...
Worker 13 pinned to CPU 13on node Worker 14 pinned to CPU 14on node 0
0
Worker 2 pinned to CPU 2on node 0
Number of CPUs: 48
Node #0 - Number of Node CPUs: 48, CPUIDs: [0, 1, 2, 3, 4, 5, 6, 7, 8, 9, 10, 11, 12, 13, 14, 15, 16, 17, 18, 19, 20, 21, 22, 23, 24, 25, 26, 27, 28, 29, 30, 31, 32, 33, 34, 35, 36, 37, 38, 39, 40, 41, 42, 43, 44, 45, 46, 47]

Worker 0 pinned to CPU 0on node 0
Worker 1 pinned to CPU 1on node Worker 2 pinned to CPU 2on node 0
0
Worker 3 pinned to CPU 3on node 0
Worker 4 pinned to CPU 4on node 0
Worker 5 pinned to CPU 5on node 0
Worker 6 pinned to CPU 6on node 0
Worker 9 pinned to CPU 9on node Worker 7 pinned to CPU 7on node Worker 8 pinned to CPU 8on node 0
0
0
Worker 10 pinned to CPU 10on node 0
Worker 11 pinned to CPU 11on node Worker 12 pinned to CPU 12on node 0
0
Worker 13 pinned to CPU 13on node 0
- Loading/Generating tables
Worker 14 pinned to CPU 14on node 0
Worker 15 pinned to CPU 15on node 0
-  Loaded table 'nation' from cached binary "tpch_cached_tables/sf-10.000000/nation.bin" (227 µs 308 ns)
-  Loaded table 'region' from cached binary "tpch_cached_tables/sf-10.000000/region.bin" (227 µs 58 ns)
-  Loaded table 'supplier' from cached binary "tpch_cached_tables/sf-10.000000/supplier.bin" (838 ms 473 µs)
-  Loaded table 'part' from cached binary "tpch_cached_tables/sf-10.000000/part.bin" (4 s 772 ms)
-  Loaded table 'customer' from cached binary "tpch_cached_tables/sf-10.000000/customer.bin" (7 s 841 ms)
-  Loaded table 'partsupp' from cached binary "tpch_cached_tables/sf-10.000000/partsupp.bin" (12 s 606 ms)
-  Loaded table 'orders' from cached binary "tpch_cached_tables/sf-10.000000/orders.bin" (14 s 148 ms)
-  Loaded table 'lineitem' from cached binary "tpch_cached_tables/sf-10.000000/lineitem.bin" (18 s 896 ms)
- Loading/Generating tables done (18 s 907 ms)
- Encoding tables (if necessary) and generating pruning statistics
-  Processing 'nation' - no encoding necessary (347 µs 67 ns)
-  Processing 'region' - no encoding necessary (337 µs 477 ns)
-  Processing 'supplier' - no encoding necessary (19 ms 356 µs)
-  Processing 'part' - no encoding necessary (31 ms 878 µs)
-  Processing 'customer' - no encoding necessary (52 ms 972 µs)
-  Processing 'partsupp' - no encoding necessary (264 ms 29 µs)
-  Processing 'orders' - no encoding necessary (305 ms 782 µs)
-  Processing 'lineitem' - no encoding necessary (756 ms 727 µs)
- Encoding tables and generating pruning statistic done (757 ms 351 µs)
- Writing tables into binary files if necessary
- Writing tables into binary files done (40 µs 830 ns)
- Adding tables to StorageManager and generating table statistics
-  Added 'region' (91 ms 992 µs)
-  Added 'nation' (879 ms 258 µs)
-  Added 'supplier' (6 s 852 ms)
-  Added 'customer' (12 s 162 ms)
-  Added 'part' (15 s 75 ms)
-  Added 'partsupp' (42 s 406 ms)
-  Added 'orders' (1 min 3 s)
-  Added 'lineitem' (1 min 42 s)
- Adding tables to StorageManager and generating table statistics done (1 min 42 s)
- No chunk indexes created as --chunk_indexes was not specified or set to false
- No table indexes created as --table_indexes was not specified or set to false
Number of CPUs: 48
Node #0 - Number of Node CPUs: 48, CPUIDs: [0, 1, 2, 3, 4, 5, 6, 7, 8, 9, 10, 11, 12, 13, 14, 15, 16, 17, 18, 19, 20, 21, 22, 23, 24, 25, 26, 27, 28, 29, 30, 31, 32, 33, 34, 35, 36, 37, 38, 39, 40, 41, 42, 43, 44, 45, 46, 47]

Worker 17 pinned to CPU 1on node Worker 18 pinned to CPU 2on node 0
0
Worker 16 pinned to CPU 0on node 0
Worker 19 pinned to CPU 3on node 0
Worker 20 pinned to CPU 4on node 0
Worker 21 pinned to CPU 5on node 0
Worker 22 pinned to CPU 6on node 0
Worker 23 pinned to CPU 7on node Worker 24 pinned to CPU 8on node 0
0
Worker 25 pinned to CPU 9on node 0
Worker 26 pinned to CPU 10on node Worker 27 pinned to CPU 11on node 0
0
Worker 28 pinned to CPU 12on node 0
Worker 29 pinned to CPU 13on node Worker 30 pinned to CPU 14on node 0
Worker 31 pinned to CPU 15on node 0
[32m(release)[0m> hsh mem_usage
0
$:hsh mem_usage
------------------------------------------
Memory Usage Statistics:
VmSize:	148738176 kB
VmRSS:	33179528 kB
MemResourceStatus {NumaMonotonicResource,1,64000000000,1039541809,3750105123,18917318200,0,18917334668}
MemResourceStatus {NumaMonotonicResource,0,64000000000,10510775833,10511468488,15007143237,0,15007274104}
0: MemResourceStatus {MemManagerAggregate,18446744073709551615,128000000000,11550317642,14261573611,0,0,N/A}
MemResourceStatus {DefaultResource,18446744073709551615,18446744073709551615,0,0,0,-1,N/A}
Quick Memory Usage Overview:
Used Capacity: 11550317642, 0
------------------------------------------
[32m(release)[0m> script /home/umeshsum/hyrise_pmr/myscripts/all_cols_to_local.sql
Executing script file: /home/umeshsum/hyrise_pmr/myscripts/all_cols_to_local.sql
[32m(release)[0m> move2cxl supplier s_comment 0
[32m(release)[0m> move2cxl supplier s_acctbal 0
[32m(release)[0m> move2cxl orders o_orderkey 0
[32m(release)[0m> move2cxl customer c_acctbal 0
[32m(release)[0m> move2cxl nation n_regionkey 0
[32m(release)[0m> move2cxl lineitem l_comment 0
[32m(release)[0m> move2cxl nation n_name 0
[32m(release)[0m> move2cxl lineitem l_shipmode 0
[32m(release)[0m> move2cxl supplier s_phone 0
[32m(release)[0m> move2cxl nation n_nationkey 0
[32m(release)[0m> move2cxl lineitem l_shipinstruct 0
[32m(release)[0m> move2cxl part p_comment 0
[32m(release)[0m> move2cxl supplier s_nationkey 0
[32m(release)[0m> move2cxl lineitem l_receiptdate 0
[32m(release)[0m> move2cxl part p_retailprice 0
[32m(release)[0m> move2cxl supplier s_address 0
[32m(release)[0m> move2cxl lineitem l_commitdate 0
[32m(release)[0m> move2cxl part p_container 0
[32m(release)[0m> move2cxl supplier s_name 0
[32m(release)[0m> move2cxl lineitem l_shipdate 0
[32m(release)[0m> move2cxl part p_size 0
[32m(release)[0m> move2cxl supplier s_suppkey 0
[32m(release)[0m> move2cxl lineitem l_linestatus 0
[32m(release)[0m> move2cxl part p_type 0
[32m(release)[0m> move2cxl lineitem l_returnflag 0
[32m(release)[0m> move2cxl part p_brand 0
[32m(release)[0m> move2cxl lineitem l_tax 0
[32m(release)[0m> move2cxl part p_mfgr 0
[32m(release)[0m> move2cxl lineitem l_discount 0
[32m(release)[0m> move2cxl part p_name 0
[32m(release)[0m> move2cxl lineitem l_extendedprice 0
[32m(release)[0m> move2cxl part p_partkey 0
[32m(release)[0m> move2cxl nation n_comment 0
[32m(release)[0m> move2cxl customer c_custkey 0
[32m(release)[0m> move2cxl lineitem l_quantity 0
[32m(release)[0m> move2cxl customer c_name 0
[32m(release)[0m> move2cxl customer c_address 0
[32m(release)[0m> move2cxl customer c_nationkey 0
[32m(release)[0m> move2cxl customer c_phone 0
[32m(release)[0m> move2cxl customer c_mktsegment 0
[32m(release)[0m> move2cxl orders o_custkey 0
[32m(release)[0m> move2cxl customer c_comment 0
[32m(release)[0m> move2cxl orders o_orderstatus 0
[32m(release)[0m> move2cxl lineitem l_orderkey 0
[32m(release)[0m> move2cxl lineitem l_partkey 0
[32m(release)[0m> move2cxl lineitem l_suppkey 0
[32m(release)[0m> move2cxl lineitem l_linenumber 0
[32m(release)[0m> move2cxl orders o_totalprice 0
[32m(release)[0m> move2cxl orders o_orderdate 0
[32m(release)[0m> move2cxl orders o_orderpriority 0
[32m(release)[0m> move2cxl region r_regionkey 0
[32m(release)[0m> move2cxl orders o_clerk 0
[32m(release)[0m> move2cxl region r_name 0
[32m(release)[0m> move2cxl orders o_shippriority 0
[32m(release)[0m> move2cxl region r_comment 0
[32m(release)[0m> move2cxl orders o_comment 0
[32m(release)[0m> move2cxl partsupp ps_partkey 0
[32m(release)[0m> move2cxl partsupp ps_suppkey 0
[32m(release)[0m> move2cxl partsupp ps_availqty 0
[32m(release)[0m> move2cxl partsupp ps_supplycost 0
[32m(release)[0m> move2cxl partsupp ps_comment 0
Executing script file done
$:hsh delete_mem 0
delete_mem 0
Destroyed pool 0 on NUMA node 0: freed 64000000000 bytes (had 0 bytes allocated). Pages returned to OS.
Deleted pool with ID: 0
$:hsh mem_usage
------------------------------------------
Memory Usage Statistics:
VmSize:	98555536 kB
VmRSS:	28562212 kB
0: MemResourceStatus {MigratedColumnsAggregate,18446744073709551615,12610235929,10275988050,10275988050,0,0,N/A}
MemResourceStatus {NumaMonotonicResource,1,64000000000,1039541809,3750105123,18917318200,0,18917334668}
0: MemResourceStatus {MemManagerAggregate,18446744073709551615,64000000000,1039541809,3750105123,0,0,N/A}
MemResourceStatus {DefaultResource,18446744073709551615,18446744073709551615,0,0,0,-1,N/A}
Quick Memory Usage Overview:
Used Capacity: 11315529859, 0
------------------------------------------
$:hsh new_mem 60000000000 0 2
2,0x000076d63378a000,0x000076e42bbff800
$:hsh new_mem 60000000000 1 3
3,0x000076afefb99000,0x000076bde800e800
$:hsh mem_usage
------------------------------------------
Memory Usage Statistics:
VmSize:	215743040 kB
VmRSS:	28562220 kB
0: MemResourceStatus {MigratedColumnsAggregate,18446744073709551615,12610235929,10275988050,10275988050,0,0,N/A}
MemResourceStatus {NumaMonotonicResource,3,60000000000,0,0,0,1,0}
MemResourceStatus {NumaMonotonicResource,2,60000000000,0,0,0,0,0}
MemResourceStatus {NumaMonotonicResource,1,64000000000,1039541809,3750105123,18917318200,0,18917334668}
0: MemResourceStatus {MemManagerAggregate,18446744073709551615,124000000000,1039541809,3750105123,0,0,N/A}
1: MemResourceStatus {MemManagerAggregate,18446744073709551615,60000000000,0,0,0,1,N/A}
MemResourceStatus {DefaultResource,18446744073709551615,18446744073709551615,0,0,0,-1,N/A}
Quick Memory Usage Overview:
Used Capacity: 11315529859, 0
------------------------------------------
Number of CPUs: 48
Node #0 - Number of Node CPUs: 48, CPUIDs: [0, 1, 2, 3, 4, 5, 6, 7, 8, 9, 10, 11, 12, 13, 14, 15, 16, 17, 18, 19, 20, 21, 22, 23, 24, 25, 26, 27, 28, 29, 30, 31, 32, 33, 34, 35, 36, 37, 38, 39, 40, 41, 42, 43, 44, 45, 46, 47]

Worker Worker 01 pinned to CPU  pinned to CPU 1on node 0on node 00

Worker 3 pinned to CPU 3on node 0
Worker 4 pinned to CPU 4on node 0
Worker 5 pinned to CPU 5on node Scheduler set to use 8 workers
0
Worker 2 pinned to CPU 2on node 0
$:hsh set_mem_capacity 60000000000 1000000000000
Worker 7 pinned to CPU 7on node Memory strategy set to Greedy
0
Label set to d60000000000_tf60000000000_q10
$:hsh clear_plan_caches
Cleared PQP and LQP caches
$:hsh clear_pipeline
Released last SQLPipeline
$:hsh reset_exec_pools
Reset execution pools (2, 3) bump pointers to start
$:hsh mem_usage
------------------------------------------
Memory Usage Statistics:
VmSize:	215677472 kB
VmRSS:	28562076 kB
0: MemResourceStatus {MigratedColumnsAggregate,18446744073709551615,12610235929,10275988050,10275988050,0,0,N/A}
MemResourceStatus {NumaMonotonicResource,3,60000000000,0,0,0,1,0}
MemResourceStatus {NumaMonotonicResource,2,60000000000,0,0,0,0,0}
MemResourceStatus {NumaMonotonicResource,1,64000000000,1039541809,3750105123,18917318200,0,18917334668}
0: MemResourceStatus {MemManagerAggregate,18446744073709551615,124000000000,1039541809,3750105123,0,0,N/A}
1: MemResourceStatus {MemManagerAggregate,18446744073709551615,60000000000,0,0,0,1,N/A}
MemResourceStatus {DefaultResource,18446744073709551615,18446744073709551615,0,0,0,-1,N/A}
Quick Memory Usage Overview:
Used Capacity: 11315529859, 0
------------------------------------------
Executing script file: /home/umeshsum/tpch_queries/10.sql
[32m(release)[0m> select
[32m(release)[0m> 	c_custkey,
[32m(release)[0m> 	c_name,
[32m(release)[0m> 	sum(l_extendedprice * (1 - l_discount)) as revenue,
[32m(release)[0m> 	c_acctbal,
[32m(release)[0m> 	n_name,
[32m(release)[0m> 	c_address,
[32m(release)[0m> 	c_phone,
[32m(release)[0m> 	c_comment
[32m(release)[0m> from
[32m(release)[0m> 	customer,
[32m(release)[0m> 	orders,
[32m(release)[0m> 	lineitem,
[32m(release)[0m> 	nation
[32m(release)[0m> where
[32m(release)[0m> 	c_custkey = o_custkey
[32m(release)[0m> 	and l_orderkey = o_orderkey
[32m(release)[0m> 	and o_orderdate >= date '1993-10-01'
[32m(release)[0m> 	and o_orderdate < date '1993-10-01' + interval '3' month
[32m(release)[0m> 	and l_returnflag = 'R'
[32m(release)[0m> 	and c_nationkey = n_nationkey
[32m(release)[0m> group by
[32m(release)[0m> 	c_custkey,
[32m(release)[0m> 	c_name,
[32m(release)[0m> 	c_acctbal,
[32m(release)[0m> 	c_phone,
[32m(release)[0m> 	n_name,
[32m(release)[0m> 	c_address,
[32m(release)[0m> 	c_comment
[32m(release)[0m> order by
[32m(release)[0m> 	revenue desc;
Worker 6 pinned to CPU 6on node 0
[PERF] Unresolved iterator created for AbstractPosList at src/lib/storage/pos_lists/abstract_pos_list.cpp:10
	Performance can be affected. This warning is only shown once.
VmRSS Change: 1631316 KB
===
381105 rows total
Execution info: [PARSE: 72 µs 419 ns, SQL TRANSLATE: 363 µs 716 ns, OPTIMIZE: 4 ms 43 µs, LQP TRANSLATE: 153 µs 278 ns, EXECUTE: 563 ms 646 µs (wall time) | QUERY PLAN CACHE HITS: 0/1 statement(s)]
After reset, table use_count: 2
WARNING: Table still has 1 other owner(s) after pipeline reset!
Executing script file done
$:hsh mem_usage
------------------------------------------
Memory Usage Statistics:
VmSize:	215677472 kB
VmRSS:	30194152 kB
0: MemResourceStatus {MigratedColumnsAggregate,18446744073709551615,12610235929,10275988050,10275988050,0,0,N/A}
MemResourceStatus {NumaMonotonicResource,3,60000000000,0,0,0,1,0}
MemResourceStatus {NumaMonotonicResource,2,60000000000,49579296,705165292,1942922816,0,1942925792}
MemResourceStatus {NumaMonotonicResource,1,64000000000,1039541809,3750105123,18917318200,0,18917334668}
0: MemResourceStatus {MemManagerAggregate,18446744073709551615,124000000000,1089121105,4455270415,0,0,N/A}
1: MemResourceStatus {MemManagerAggregate,18446744073709551615,60000000000,0,0,0,1,N/A}
MemResourceStatus {DefaultResource,18446744073709551615,18446744073709551615,0,0,0,-1,N/A}
Quick Memory Usage Overview:
Used Capacity: 11365109155, 0
------------------------------------------
Executing script file: /home/umeshsum/tpch_queries/10.sql
[32m(release)[0m> select
[32m(release)[0m> 	c_custkey,
[32m(release)[0m> 	c_name,
[32m(release)[0m> 	sum(l_extendedprice * (1 - l_discount)) as revenue,
[32m(release)[0m> 	c_acctbal,
[32m(release)[0m> 	n_name,
[32m(release)[0m> 	c_address,
[32m(release)[0m> 	c_phone,
[32m(release)[0m> 	c_comment
[32m(release)[0m> from
[32m(release)[0m> 	customer,
[32m(release)[0m> 	orders,
[32m(release)[0m> 	lineitem,
[32m(release)[0m> 	nation
[32m(release)[0m> where
[32m(release)[0m> 	c_custkey = o_custkey
[32m(release)[0m> 	and l_orderkey = o_orderkey
[32m(release)[0m> 	and o_orderdate >= date '1993-10-01'
[32m(release)[0m> 	and o_orderdate < date '1993-10-01' + interval '3' month
[32m(release)[0m> 	and l_returnflag = 'R'
[32m(release)[0m> 	and c_nationkey = n_nationkey
[32m(release)[0m> group by
[32m(release)[0m> 	c_custkey,
[32m(release)[0m> 	c_name,
[32m(release)[0m> 	c_acctbal,
[32m(release)[0m> 	c_phone,
[32m(release)[0m> 	n_name,
[32m(release)[0m> 	c_address,
[32m(release)[0m> 	c_comment
[32m(release)[0m> order by
[32m(release)[0m> 	revenue desc;
VmRSS Change: 1627032 KB
===
381105 rows total
Execution info: [PARSE: 78 µs 319 ns, SQL TRANSLATE: 0 ns, OPTIMIZE: 0 ns, LQP TRANSLATE: 95 µs 499 ns, EXECUTE: 591 ms 371 µs (wall time) | QUERY PLAN CACHE HITS: 1/1 statement(s)]
After reset, table use_count: 2
WARNING: Table still has 1 other owner(s) after pipeline reset!
Executing script file done
$:hsh mem_usage
------------------------------------------
Memory Usage Statistics:
VmSize:	215677472 kB
VmRSS:	31821196 kB
0: MemResourceStatus {MigratedColumnsAggregate,18446744073709551615,12610235929,10275988050,10275988050,0,0,N/A}
MemResourceStatus {NumaMonotonicResource,3,60000000000,0,0,0,1,0}
MemResourceStatus {NumaMonotonicResource,2,60000000000,73983072,729569068,3885845632,0,3885851584}
MemResourceStatus {NumaMonotonicResource,1,64000000000,1039541809,3750105123,18917318200,0,18917334668}
0: MemResourceStatus {MemManagerAggregate,18446744073709551615,124000000000,1113524881,4479674191,0,0,N/A}
1: MemResourceStatus {MemManagerAggregate,18446744073709551615,60000000000,0,0,0,1,N/A}
MemResourceStatus {DefaultResource,18446744073709551615,18446744073709551615,0,0,0,-1,N/A}
Quick Memory Usage Overview:
Used Capacity: 11389512931, 0
------------------------------------------
Executing script file: /home/umeshsum/tpch_queries/10.sql
[32m(release)[0m> select
[32m(release)[0m> 	c_custkey,
[32m(release)[0m> 	c_name,
[32m(release)[0m> 	sum(l_extendedprice * (1 - l_discount)) as revenue,
[32m(release)[0m> 	c_acctbal,
[32m(release)[0m> 	n_name,
[32m(release)[0m> 	c_address,
[32m(release)[0m> 	c_phone,
[32m(release)[0m> 	c_comment
[32m(release)[0m> from
[32m(release)[0m> 	customer,
[32m(release)[0m> 	orders,
[32m(release)[0m> 	lineitem,
[32m(release)[0m> 	nation
[32m(release)[0m> where
[32m(release)[0m> 	c_custkey = o_custkey
[32m(release)[0m> 	and l_orderkey = o_orderkey
[32m(release)[0m> 	and o_orderdate >= date '1993-10-01'
[32m(release)[0m> 	and o_orderdate < date '1993-10-01' + interval '3' month
[32m(release)[0m> 	and l_returnflag = 'R'
[32m(release)[0m> 	and c_nationkey = n_nationkey
[32m(release)[0m> group by
[32m(release)[0m> 	c_custkey,
[32m(release)[0m> 	c_name,
[32m(release)[0m> 	c_acctbal,
[32m(release)[0m> 	c_phone,
[32m(release)[0m> 	n_name,
[32m(release)[0m> 	c_address,
[32m(release)[0m> 	c_comment
[32m(release)[0m> order by
[32m(release)[0m> 	revenue desc;
VmRSS Change: 1627492 KB
===
381105 rows total
Execution info: [PARSE: 60 µs 639 ns, SQL TRANSLATE: 0 ns, OPTIMIZE: 0 ns, LQP TRANSLATE: 52 µs 880 ns, EXECUTE: 573 ms 372 µs (wall time) | QUERY PLAN CACHE HITS: 1/1 statement(s)]
After reset, table use_count: 2
WARNING: Table still has 1 other owner(s) after pipeline reset!
Executing script file done
$:hsh mem_usage
------------------------------------------
Memory Usage Statistics:
VmSize:	215677472 kB
VmRSS:	33448680 kB
0: MemResourceStatus {MigratedColumnsAggregate,18446744073709551615,12610235929,10275988050,10275988050,0,0,N/A}
MemResourceStatus {NumaMonotonicResource,3,60000000000,0,0,0,1,0}
MemResourceStatus {NumaMonotonicResource,2,60000000000,73983072,729569068,5828768448,0,5828777376}
MemResourceStatus {NumaMonotonicResource,1,64000000000,1039541809,3750105123,18917318200,0,18917334668}
0: MemResourceStatus {MemManagerAggregate,18446744073709551615,124000000000,1113524881,4479674191,0,0,N/A}
1: MemResourceStatus {MemManagerAggregate,18446744073709551615,60000000000,0,0,0,1,N/A}
MemResourceStatus {DefaultResource,18446744073709551615,18446744073709551615,0,0,0,-1,N/A}
Quick Memory Usage Overview:
Used Capacity: 11389512931, 0
------------------------------------------
Executing script file: /home/umeshsum/tpch_queries/10.sql
[32m(release)[0m> select
[32m(release)[0m> 	c_custkey,
[32m(release)[0m> 	c_name,
[32m(release)[0m> 	sum(l_extendedprice * (1 - l_discount)) as revenue,
[32m(release)[0m> 	c_acctbal,
[32m(release)[0m> 	n_name,
[32m(release)[0m> 	c_address,
[32m(release)[0m> 	c_phone,
[32m(release)[0m> 	c_comment
[32m(release)[0m> from
[32m(release)[0m> 	customer,
[32m(release)[0m> 	orders,
[32m(release)[0m> 	lineitem,
[32m(release)[0m> 	nation
[32m(release)[0m> where
[32m(release)[0m> 	c_custkey = o_custkey
[32m(release)[0m> 	and l_orderkey = o_orderkey
[32m(release)[0m> 	and o_orderdate >= date '1993-10-01'
[32m(release)[0m> 	and o_orderdate < date '1993-10-01' + interval '3' month
[32m(release)[0m> 	and l_returnflag = 'R'
[32m(release)[0m> 	and c_nationkey = n_nationkey
[32m(release)[0m> group by
[32m(release)[0m> 	c_custkey,
[32m(release)[0m> 	c_name,
[32m(release)[0m> 	c_acctbal,
[32m(release)[0m> 	c_phone,
[32m(release)[0m> 	n_name,
[32m(release)[0m> 	c_address,
[32m(release)[0m> 	c_comment
[32m(release)[0m> order by
[32m(release)[0m> 	revenue desc;
VmRSS Change: 1626988 KB
===
381105 rows total
Execution info: [PARSE: 59 µs 949 ns, SQL TRANSLATE: 0 ns, OPTIMIZE: 0 ns, LQP TRANSLATE: 44 µs 670 ns, EXECUTE: 571 ms 179 µs (wall time) | QUERY PLAN CACHE HITS: 1/1 statement(s)]
After reset, table use_count: 2
WARNING: Table still has 1 other owner(s) after pipeline reset!
Executing script file done
$:hsh mem_usage
------------------------------------------
Memory Usage Statistics:
VmSize:	215677472 kB
VmRSS:	35075668 kB
0: MemResourceStatus {MigratedColumnsAggregate,18446744073709551615,12610235929,10275988050,10275988050,0,0,N/A}
MemResourceStatus {NumaMonotonicResource,3,60000000000,0,0,0,1,0}
MemResourceStatus {NumaMonotonicResource,2,60000000000,73983072,729569068,7771691264,0,7771703120}
MemResourceStatus {NumaMonotonicResource,1,64000000000,1039541809,3750105123,18917318200,0,18917334668}
0: MemResourceStatus {MemManagerAggregate,18446744073709551615,124000000000,1113524881,4479674191,0,0,N/A}
1: MemResourceStatus {MemManagerAggregate,18446744073709551615,60000000000,0,0,0,1,N/A}
MemResourceStatus {DefaultResource,18446744073709551615,18446744073709551615,0,0,0,-1,N/A}
Quick Memory Usage Overview:
Used Capacity: 11389512931, 0
------------------------------------------
Executing script file: /home/umeshsum/tpch_queries/10.sql
[32m(release)[0m> select
[32m(release)[0m> 	c_custkey,
[32m(release)[0m> 	c_name,
[32m(release)[0m> 	sum(l_extendedprice * (1 - l_discount)) as revenue,
[32m(release)[0m> 	c_acctbal,
[32m(release)[0m> 	n_name,
[32m(release)[0m> 	c_address,
[32m(release)[0m> 	c_phone,
[32m(release)[0m> 	c_comment
[32m(release)[0m> from
[32m(release)[0m> 	customer,
[32m(release)[0m> 	orders,
[32m(release)[0m> 	lineitem,
[32m(release)[0m> 	nation
[32m(release)[0m> where
[32m(release)[0m> 	c_custkey = o_custkey
[32m(release)[0m> 	and l_orderkey = o_orderkey
[32m(release)[0m> 	and o_orderdate >= date '1993-10-01'
[32m(release)[0m> 	and o_orderdate < date '1993-10-01' + interval '3' month
[32m(release)[0m> 	and l_returnflag = 'R'
[32m(release)[0m> 	and c_nationkey = n_nationkey
[32m(release)[0m> group by
[32m(release)[0m> 	c_custkey,
[32m(release)[0m> 	c_name,
[32m(release)[0m> 	c_acctbal,
[32m(release)[0m> 	c_phone,
[32m(release)[0m> 	n_name,
[32m(release)[0m> 	c_address,
[32m(release)[0m> 	c_comment
[32m(release)[0m> order by
[32m(release)[0m> 	revenue desc;
VmRSS Change: 1623600 KB
===
381105 rows total
Execution info: [PARSE: 38 µs 649 ns, SQL TRANSLATE: 0 ns, OPTIMIZE: 0 ns, LQP TRANSLATE: 36 µs 899 ns, EXECUTE: 576 ms 545 µs (wall time) | QUERY PLAN CACHE HITS: 1/1 statement(s)]
After reset, table use_count: 2
WARNING: Table still has 1 other owner(s) after pipeline reset!
Executing script file done
$:hsh mem_usage
------------------------------------------
Memory Usage Statistics:
VmSize:	215677472 kB
VmRSS:	36699268 kB
0: MemResourceStatus {MigratedColumnsAggregate,18446744073709551615,12610235929,10275988050,10275988050,0,0,N/A}
MemResourceStatus {NumaMonotonicResource,3,60000000000,0,0,0,1,0}
MemResourceStatus {NumaMonotonicResource,2,60000000000,73983072,729569068,9714614080,0,9714628880}
MemResourceStatus {NumaMonotonicResource,1,64000000000,1039541809,3750105123,18917318200,0,18917334668}
0: MemResourceStatus {MemManagerAggregate,18446744073709551615,124000000000,1113524881,4479674191,0,0,N/A}
1: MemResourceStatus {MemManagerAggregate,18446744073709551615,60000000000,0,0,0,1,N/A}
MemResourceStatus {DefaultResource,18446744073709551615,18446744073709551615,0,0,0,-1,N/A}
Quick Memory Usage Overview:
Used Capacity: 11389512931, 0
------------------------------------------
Executing script file: /home/umeshsum/tpch_queries/10.sql
[32m(release)[0m> select
[32m(release)[0m> 	c_custkey,
[32m(release)[0m> 	c_name,
[32m(release)[0m> 	sum(l_extendedprice * (1 - l_discount)) as revenue,
[32m(release)[0m> 	c_acctbal,
[32m(release)[0m> 	n_name,
[32m(release)[0m> 	c_address,
[32m(release)[0m> 	c_phone,
[32m(release)[0m> 	c_comment
[32m(release)[0m> from
[32m(release)[0m> 	customer,
[32m(release)[0m> 	orders,
[32m(release)[0m> 	lineitem,
[32m(release)[0m> 	nation
[32m(release)[0m> where
[32m(release)[0m> 	c_custkey = o_custkey
[32m(release)[0m> 	and l_orderkey = o_orderkey
[32m(release)[0m> 	and o_orderdate >= date '1993-10-01'
[32m(release)[0m> 	and o_orderdate < date '1993-10-01' + interval '3' month
[32m(release)[0m> 	and l_returnflag = 'R'
[32m(release)[0m> 	and c_nationkey = n_nationkey
[32m(release)[0m> group by
[32m(release)[0m> 	c_custkey,
[32m(release)[0m> 	c_name,
[32m(release)[0m> 	c_acctbal,
[32m(release)[0m> 	c_phone,
[32m(release)[0m> 	n_name,
[32m(release)[0m> 	c_address,
[32m(release)[0m> 	c_comment
[32m(release)[0m> order by
[32m(release)[0m> 	revenue desc;
VmRSS Change: 1623332 KB
===
381105 rows total
Execution info: [PARSE: 40 µs 520 ns, SQL TRANSLATE: 0 ns, OPTIMIZE: 0 ns, LQP TRANSLATE: 31 µs 340 ns, EXECUTE: 569 ms 826 µs (wall time) | QUERY PLAN CACHE HITS: 1/1 statement(s)]
After reset, table use_count: 2
WARNING: Table still has 1 other owner(s) after pipeline reset!
Executing script file done
$:hsh mem_usage
------------------------------------------
Memory Usage Statistics:
VmSize:	215677472 kB
VmRSS:	38322600 kB
0: MemResourceStatus {MigratedColumnsAggregate,18446744073709551615,12610235929,10275988050,10275988050,0,0,N/A}
MemResourceStatus {NumaMonotonicResource,3,60000000000,0,0,0,1,0}
MemResourceStatus {NumaMonotonicResource,2,60000000000,73983072,729569068,11657536896,0,11657554688}
MemResourceStatus {NumaMonotonicResource,1,64000000000,1039541809,3750105123,18917318200,0,18917334668}
0: MemResourceStatus {MemManagerAggregate,18446744073709551615,124000000000,1113524881,4479674191,0,0,N/A}
1: MemResourceStatus {MemManagerAggregate,18446744073709551615,60000000000,0,0,0,1,N/A}
MemResourceStatus {DefaultResource,18446744073709551615,18446744073709551615,0,0,0,-1,N/A}
Quick Memory Usage Overview:
Used Capacity: 11389512931, 0
------------------------------------------
Executing script file: /home/umeshsum/tpch_queries/10.sql
[32m(release)[0m> select
[32m(release)[0m> 	c_custkey,
[32m(release)[0m> 	c_name,
[32m(release)[0m> 	sum(l_extendedprice * (1 - l_discount)) as revenue,
[32m(release)[0m> 	c_acctbal,
[32m(release)[0m> 	n_name,
[32m(release)[0m> 	c_address,
[32m(release)[0m> 	c_phone,
[32m(release)[0m> 	c_comment
[32m(release)[0m> from
[32m(release)[0m> 	customer,
[32m(release)[0m> 	orders,
[32m(release)[0m> 	lineitem,
[32m(release)[0m> 	nation
[32m(release)[0m> where
[32m(release)[0m> 	c_custkey = o_custkey
[32m(release)[0m> 	and l_orderkey = o_orderkey
[32m(release)[0m> 	and o_orderdate >= date '1993-10-01'
[32m(release)[0m> 	and o_orderdate < date '1993-10-01' + interval '3' month
[32m(release)[0m> 	and l_returnflag = 'R'
[32m(release)[0m> 	and c_nationkey = n_nationkey
[32m(release)[0m> group by
[32m(release)[0m> 	c_custkey,
[32m(release)[0m> 	c_name,
[32m(release)[0m> 	c_acctbal,
[32m(release)[0m> 	c_phone,
[32m(release)[0m> 	n_name,
[32m(release)[0m> 	c_address,
[32m(release)[0m> 	c_comment
[32m(release)[0m> order by
[32m(release)[0m> 	revenue desc;
VmRSS Change: 1626144 KB
===
381105 rows total
Execution info: [PARSE: 58 µs 480 ns, SQL TRANSLATE: 0 ns, OPTIMIZE: 0 ns, LQP TRANSLATE: 42 µs 559 ns, EXECUTE: 571 ms 307 µs (wall time) | QUERY PLAN CACHE HITS: 1/1 statement(s)]
After reset, table use_count: 2
WARNING: Table still has 1 other owner(s) after pipeline reset!
Executing script file done
$:hsh mem_usage
------------------------------------------
Memory Usage Statistics:
VmSize:	215677472 kB
VmRSS:	39948744 kB
0: MemResourceStatus {MigratedColumnsAggregate,18446744073709551615,12610235929,10275988050,10275988050,0,0,N/A}
MemResourceStatus {NumaMonotonicResource,3,60000000000,0,0,0,1,0}
MemResourceStatus {NumaMonotonicResource,2,60000000000,73983072,729569068,13600459712,0,13600480480}
MemResourceStatus {NumaMonotonicResource,1,64000000000,1039541809,3750105123,18917318200,0,18917334668}
0: MemResourceStatus {MemManagerAggregate,18446744073709551615,124000000000,1113524881,4479674191,0,0,N/A}
1: MemResourceStatus {MemManagerAggregate,18446744073709551615,60000000000,0,0,0,1,N/A}
MemResourceStatus {DefaultResource,18446744073709551615,18446744073709551615,0,0,0,-1,N/A}
Quick Memory Usage Overview:
Used Capacity: 11389512931, 0
------------------------------------------
Executing script file: /home/umeshsum/tpch_queries/10.sql
[32m(release)[0m> select
[32m(release)[0m> 	c_custkey,
[32m(release)[0m> 	c_name,
[32m(release)[0m> 	sum(l_extendedprice * (1 - l_discount)) as revenue,
[32m(release)[0m> 	c_acctbal,
[32m(release)[0m> 	n_name,
[32m(release)[0m> 	c_address,
[32m(release)[0m> 	c_phone,
[32m(release)[0m> 	c_comment
[32m(release)[0m> from
[32m(release)[0m> 	customer,
[32m(release)[0m> 	orders,
[32m(release)[0m> 	lineitem,
[32m(release)[0m> 	nation
[32m(release)[0m> where
[32m(release)[0m> 	c_custkey = o_custkey
[32m(release)[0m> 	and l_orderkey = o_orderkey
[32m(release)[0m> 	and o_orderdate >= date '1993-10-01'
[32m(release)[0m> 	and o_orderdate < date '1993-10-01' + interval '3' month
[32m(release)[0m> 	and l_returnflag = 'R'
[32m(release)[0m> 	and c_nationkey = n_nationkey
[32m(release)[0m> group by
[32m(release)[0m> 	c_custkey,
[32m(release)[0m> 	c_name,
[32m(release)[0m> 	c_acctbal,
[32m(release)[0m> 	c_phone,
[32m(release)[0m> 	n_name,
[32m(release)[0m> 	c_address,
[32m(release)[0m> 	c_comment
[32m(release)[0m> order by
[32m(release)[0m> 	revenue desc;
VmRSS Change: 1623580 KB
===
381105 rows total
Execution info: [PARSE: 39 µs 230 ns, SQL TRANSLATE: 0 ns, OPTIMIZE: 0 ns, LQP TRANSLATE: 34 µs 680 ns, EXECUTE: 557 ms 5 µs (wall time) | QUERY PLAN CACHE HITS: 1/1 statement(s)]
After reset, table use_count: 2
WARNING: Table still has 1 other owner(s) after pipeline reset!
Executing script file done
$:hsh mem_usage
------------------------------------------
Memory Usage Statistics:
VmSize:	215677472 kB
VmRSS:	41572324 kB
0: MemResourceStatus {MigratedColumnsAggregate,18446744073709551615,12610235929,10275988050,10275988050,0,0,N/A}
MemResourceStatus {NumaMonotonicResource,3,60000000000,0,0,0,1,0}
MemResourceStatus {NumaMonotonicResource,2,60000000000,73983072,729569068,15543382528,0,15543406256}
MemResourceStatus {NumaMonotonicResource,1,64000000000,1039541809,3750105123,18917318200,0,18917334668}
0: MemResourceStatus {MemManagerAggregate,18446744073709551615,124000000000,1113524881,4479674191,0,0,N/A}
1: MemResourceStatus {MemManagerAggregate,18446744073709551615,60000000000,0,0,0,1,N/A}
MemResourceStatus {DefaultResource,18446744073709551615,18446744073709551615,0,0,0,-1,N/A}
Quick Memory Usage Overview:
Used Capacity: 11389512931, 0
------------------------------------------
Executing script file: /home/umeshsum/tpch_queries/10.sql
[32m(release)[0m> select
[32m(release)[0m> 	c_custkey,
[32m(release)[0m> 	c_name,
[32m(release)[0m> 	sum(l_extendedprice * (1 - l_discount)) as revenue,
[32m(release)[0m> 	c_acctbal,
[32m(release)[0m> 	n_name,
[32m(release)[0m> 	c_address,
[32m(release)[0m> 	c_phone,
[32m(release)[0m> 	c_comment
[32m(release)[0m> from
[32m(release)[0m> 	customer,
[32m(release)[0m> 	orders,
[32m(release)[0m> 	lineitem,
[32m(release)[0m> 	nation
[32m(release)[0m> where
[32m(release)[0m> 	c_custkey = o_custkey
[32m(release)[0m> 	and l_orderkey = o_orderkey
[32m(release)[0m> 	and o_orderdate >= date '1993-10-01'
[32m(release)[0m> 	and o_orderdate < date '1993-10-01' + interval '3' month
[32m(release)[0m> 	and l_returnflag = 'R'
[32m(release)[0m> 	and c_nationkey = n_nationkey
[32m(release)[0m> group by
[32m(release)[0m> 	c_custkey,
[32m(release)[0m> 	c_name,
[32m(release)[0m> 	c_acctbal,
[32m(release)[0m> 	c_phone,
[32m(release)[0m> 	n_name,
[32m(release)[0m> 	c_address,
[32m(release)[0m> 	c_comment
[32m(release)[0m> order by
[32m(release)[0m> 	revenue desc;
VmRSS Change: 1623228 KB
===
381105 rows total
Execution info: [PARSE: 45 µs 419 ns, SQL TRANSLATE: 0 ns, OPTIMIZE: 0 ns, LQP TRANSLATE: 31 µs 669 ns, EXECUTE: 562 ms 241 µs (wall time) | QUERY PLAN CACHE HITS: 1/1 statement(s)]
After reset, table use_count: 2
WARNING: Table still has 1 other owner(s) after pipeline reset!
Executing script file done
$:hsh mem_usage
------------------------------------------
Memory Usage Statistics:
VmSize:	215677472 kB
VmRSS:	43195552 kB
0: MemResourceStatus {MigratedColumnsAggregate,18446744073709551615,12610235929,10275988050,10275988050,0,0,N/A}
MemResourceStatus {NumaMonotonicResource,3,60000000000,0,0,0,1,0}
MemResourceStatus {NumaMonotonicResource,2,60000000000,73983072,729569068,17486305344,0,17486332032}
MemResourceStatus {NumaMonotonicResource,1,64000000000,1039541809,3750105123,18917318200,0,18917334668}
0: MemResourceStatus {MemManagerAggregate,18446744073709551615,124000000000,1113524881,4479674191,0,0,N/A}
1: MemResourceStatus {MemManagerAggregate,18446744073709551615,60000000000,0,0,0,1,N/A}
MemResourceStatus {DefaultResource,18446744073709551615,18446744073709551615,0,0,0,-1,N/A}
Quick Memory Usage Overview:
Used Capacity: 11389512931, 0
------------------------------------------
Executing script file: /home/umeshsum/tpch_queries/10.sql
[32m(release)[0m> select
[32m(release)[0m> 	c_custkey,
[32m(release)[0m> 	c_name,
[32m(release)[0m> 	sum(l_extendedprice * (1 - l_discount)) as revenue,
[32m(release)[0m> 	c_acctbal,
[32m(release)[0m> 	n_name,
[32m(release)[0m> 	c_address,
[32m(release)[0m> 	c_phone,
[32m(release)[0m> 	c_comment
[32m(release)[0m> from
[32m(release)[0m> 	customer,
[32m(release)[0m> 	orders,
[32m(release)[0m> 	lineitem,
[32m(release)[0m> 	nation
[32m(release)[0m> where
[32m(release)[0m> 	c_custkey = o_custkey
[32m(release)[0m> 	and l_orderkey = o_orderkey
[32m(release)[0m> 	and o_orderdate >= date '1993-10-01'
[32m(release)[0m> 	and o_orderdate < date '1993-10-01' + interval '3' month
[32m(release)[0m> 	and l_returnflag = 'R'
[32m(release)[0m> 	and c_nationkey = n_nationkey
[32m(release)[0m> group by
[32m(release)[0m> 	c_custkey,
[32m(release)[0m> 	c_name,
[32m(release)[0m> 	c_acctbal,
[32m(release)[0m> 	c_phone,
[32m(release)[0m> 	n_name,
[32m(release)[0m> 	c_address,
[32m(release)[0m> 	c_comment
[32m(release)[0m> order by
[32m(release)[0m> 	revenue desc;
VmRSS Change: 1620328 KB
===
381105 rows total
Execution info: [PARSE: 37 µs 969 ns, SQL TRANSLATE: 0 ns, OPTIMIZE: 0 ns, LQP TRANSLATE: 30 µs 539 ns, EXECUTE: 558 ms 436 µs (wall time) | QUERY PLAN CACHE HITS: 1/1 statement(s)]
After reset, table use_count: 2
WARNING: Table still has 1 other owner(s) after pipeline reset!
Executing script file done
$:hsh mem_usage
------------------------------------------
Memory Usage Statistics:
VmSize:	215677472 kB
VmRSS:	44815880 kB
0: MemResourceStatus {MigratedColumnsAggregate,18446744073709551615,12610235929,10275988050,10275988050,0,0,N/A}
MemResourceStatus {NumaMonotonicResource,3,60000000000,0,0,0,1,0}
MemResourceStatus {NumaMonotonicResource,2,60000000000,73983072,729569068,19429228160,0,19429257808}
MemResourceStatus {NumaMonotonicResource,1,64000000000,1039541809,3750105123,18917318200,0,18917334668}
0: MemResourceStatus {MemManagerAggregate,18446744073709551615,124000000000,1113524881,4479674191,0,0,N/A}
1: MemResourceStatus {MemManagerAggregate,18446744073709551615,60000000000,0,0,0,1,N/A}
MemResourceStatus {DefaultResource,18446744073709551615,18446744073709551615,0,0,0,-1,N/A}
Quick Memory Usage Overview:
Used Capacity: 11389512931, 0
------------------------------------------
Label set to d60000000000_tf60000000000_q11
$:hsh clear_plan_caches
Cleared PQP and LQP caches
$:hsh clear_pipeline
Released last SQLPipeline
$:hsh reset_exec_pools
Reset execution pools (2, 3) bump pointers to start
$:hsh mem_usage
------------------------------------------
Memory Usage Statistics:
VmSize:	215677472 kB
VmRSS:	44815880 kB
0: MemResourceStatus {MigratedColumnsAggregate,18446744073709551615,12610235929,10275988050,10275988050,0,0,N/A}
MemResourceStatus {NumaMonotonicResource,3,60000000000,0,0,0,1,0}
MemResourceStatus {NumaMonotonicResource,2,60000000000,0,0,0,0,0}
MemResourceStatus {NumaMonotonicResource,1,64000000000,1039541809,3750105123,18917318200,0,18917334668}
0: MemResourceStatus {MemManagerAggregate,18446744073709551615,124000000000,1039541809,3750105123,0,0,N/A}
1: MemResourceStatus {MemManagerAggregate,18446744073709551615,60000000000,0,0,0,1,N/A}
MemResourceStatus {DefaultResource,18446744073709551615,18446744073709551615,0,0,0,-1,N/A}
Quick Memory Usage Overview:
Used Capacity: 11315529859, 0
------------------------------------------
Executing script file: /home/umeshsum/tpch_queries/11.sql
[32m(release)[0m> select
[32m(release)[0m> 	ps_partkey,
[32m(release)[0m> 	sum(ps_supplycost * ps_availqty) as value
[32m(release)[0m> from
[32m(release)[0m> 	partsupp,
[32m(release)[0m> 	supplier,
[32m(release)[0m> 	nation
[32m(release)[0m> where
[32m(release)[0m> 	ps_suppkey = s_suppkey
[32m(release)[0m> 	and s_nationkey = n_nationkey
[32m(release)[0m> 	and n_name = 'GERMANY'
[32m(release)[0m> group by
[32m(release)[0m> 	ps_partkey having
[32m(release)[0m> 		sum(ps_supplycost * ps_availqty) > (
[32m(release)[0m> 			select
[32m(release)[0m> 				sum(ps_supplycost * ps_availqty) * 0.0001000000
[32m(release)[0m> 			from
[32m(release)[0m> 				partsupp,
[32m(release)[0m> 				supplier,
[32m(release)[0m> 				nation
[32m(release)[0m> 			where
[32m(release)[0m> 				ps_suppkey = s_suppkey
[32m(release)[0m> 				and s_nationkey = n_nationkey
[32m(release)[0m> 				and n_name = 'GERMANY'
[32m(release)[0m> 		)
[32m(release)[0m> order by
[32m(release)[0m> 	value desc;
VmRSS Change: 9252 KB
===
0 rows total
Execution info: [PARSE: 55 µs 759 ns, SQL TRANSLATE: 124 µs 369 ns, OPTIMIZE: 1 ms 895 µs, LQP TRANSLATE: 84 µs 109 ns, EXECUTE: 43 ms 930 µs (wall time) | QUERY PLAN CACHE HITS: 0/1 statement(s)]
After reset, table use_count: 2
WARNING: Table still has 1 other owner(s) after pipeline reset!
Executing script file done
$:hsh mem_usage
------------------------------------------
Memory Usage Statistics:
VmSize:	215677472 kB
VmRSS:	44825116 kB
0: MemResourceStatus {MigratedColumnsAggregate,18446744073709551615,12610235929,10275988050,10275988050,0,0,N/A}
MemResourceStatus {NumaMonotonicResource,3,60000000000,0,0,0,1,0}
MemResourceStatus {NumaMonotonicResource,2,60000000000,4886968,160419888,283272336,0,283273304}
MemResourceStatus {NumaMonotonicResource,1,64000000000,1039541809,3750105123,18917318200,0,18917334668}
0: MemResourceStatus {MemManagerAggregate,18446744073709551615,124000000000,1044428777,3910525011,0,0,N/A}
1: MemResourceStatus {MemManagerAggregate,18446744073709551615,60000000000,0,0,0,1,N/A}
MemResourceStatus {DefaultResource,18446744073709551615,18446744073709551615,0,0,0,-1,N/A}
Quick Memory Usage Overview:
Used Capacity: 11320416827, 0
------------------------------------------
Executing script file: /home/umeshsum/tpch_queries/11.sql
[32m(release)[0m> select
[32m(release)[0m> 	ps_partkey,
[32m(release)[0m> 	sum(ps_supplycost * ps_availqty) as value
[32m(release)[0m> from
[32m(release)[0m> 	partsupp,
[32m(release)[0m> 	supplier,
[32m(release)[0m> 	nation
[32m(release)[0m> where
[32m(release)[0m> 	ps_suppkey = s_suppkey
[32m(release)[0m> 	and s_nationkey = n_nationkey
[32m(release)[0m> 	and n_name = 'GERMANY'
[32m(release)[0m> group by
[32m(release)[0m> 	ps_partkey having
[32m(release)[0m> 		sum(ps_supplycost * ps_availqty) > (
[32m(release)[0m> 			select
[32m(release)[0m> 				sum(ps_supplycost * ps_availqty) * 0.0001000000
[32m(release)[0m> 			from
[32m(release)[0m> 				partsupp,
[32m(release)[0m> 				supplier,
[32m(release)[0m> 				nation
[32m(release)[0m> 			where
[32m(release)[0m> 				ps_suppkey = s_suppkey
[32m(release)[0m> 				and s_nationkey = n_nationkey
[32m(release)[0m> 				and n_name = 'GERMANY'
[32m(release)[0m> 		)
[32m(release)[0m> order by
[32m(release)[0m> 	value desc;
VmRSS Change: 1084 KB
===
0 rows total
Execution info: [PARSE: 69 µs 649 ns, SQL TRANSLATE: 0 ns, OPTIMIZE: 0 ns, LQP TRANSLATE: 62 µs 399 ns, EXECUTE: 27 ms 160 µs (wall time) | QUERY PLAN CACHE HITS: 1/1 statement(s)]
After reset, table use_count: 2
WARNING: Table still has 1 other owner(s) after pipeline reset!
Executing script file done
$:hsh mem_usage
------------------------------------------
Memory Usage Statistics:
VmSize:	215677472 kB
VmRSS:	44826200 kB
0: MemResourceStatus {MigratedColumnsAggregate,18446744073709551615,12610235929,10275988050,10275988050,0,0,N/A}
MemResourceStatus {NumaMonotonicResource,3,60000000000,0,0,0,1,0}
MemResourceStatus {NumaMonotonicResource,2,60000000000,9773936,165306856,566544672,0,566546504}
MemResourceStatus {NumaMonotonicResource,1,64000000000,1039541809,3750105123,18917318200,0,18917334668}
0: MemResourceStatus {MemManagerAggregate,18446744073709551615,124000000000,1049315745,3915411979,0,0,N/A}
1: MemResourceStatus {MemManagerAggregate,18446744073709551615,60000000000,0,0,0,1,N/A}
MemResourceStatus {DefaultResource,18446744073709551615,18446744073709551615,0,0,0,-1,N/A}
Quick Memory Usage Overview:
Used Capacity: 11325303795, 0
------------------------------------------
Executing script file: /home/umeshsum/tpch_queries/11.sql
[32m(release)[0m> select
[32m(release)[0m> 	ps_partkey,
[32m(release)[0m> 	sum(ps_supplycost * ps_availqty) as value
[32m(release)[0m> from
[32m(release)[0m> 	partsupp,
[32m(release)[0m> 	supplier,
[32m(release)[0m> 	nation
[32m(release)[0m> where
[32m(release)[0m> 	ps_suppkey = s_suppkey
[32m(release)[0m> 	and s_nationkey = n_nationkey
[32m(release)[0m> 	and n_name = 'GERMANY'
[32m(release)[0m> group by
[32m(release)[0m> 	ps_partkey having
[32m(release)[0m> 		sum(ps_supplycost * ps_availqty) > (
[32m(release)[0m> 			select
[32m(release)[0m> 				sum(ps_supplycost * ps_availqty) * 0.0001000000
[32m(release)[0m> 			from
[32m(release)[0m> 				partsupp,
[32m(release)[0m> 				supplier,
[32m(release)[0m> 				nation
[32m(release)[0m> 			where
[32m(release)[0m> 				ps_suppkey = s_suppkey
[32m(release)[0m> 				and s_nationkey = n_nationkey
[32m(release)[0m> 				and n_name = 'GERMANY'
[32m(release)[0m> 		)
[32m(release)[0m> order by
[32m(release)[0m> 	value desc;
VmRSS Change: 3052 KB
===
0 rows total
Execution info: [PARSE: 61 µs 819 ns, SQL TRANSLATE: 0 ns, OPTIMIZE: 0 ns, LQP TRANSLATE: 45 µs 980 ns, EXECUTE: 27 ms 426 µs (wall time) | QUERY PLAN CACHE HITS: 1/1 statement(s)]
After reset, table use_count: 2
WARNING: Table still has 1 other owner(s) after pipeline reset!
Executing script file done
$:hsh mem_usage
------------------------------------------
Memory Usage Statistics:
VmSize:	215677472 kB
VmRSS:	44829252 kB
0: MemResourceStatus {MigratedColumnsAggregate,18446744073709551615,12610235929,10275988050,10275988050,0,0,N/A}
MemResourceStatus {NumaMonotonicResource,3,60000000000,0,0,0,1,0}
MemResourceStatus {NumaMonotonicResource,2,60000000000,9773936,165306856,849817008,0,849819848}
MemResourceStatus {NumaMonotonicResource,1,64000000000,1039541809,3750105123,18917318200,0,18917334668}
0: MemResourceStatus {MemManagerAggregate,18446744073709551615,124000000000,1049315745,3915411979,0,0,N/A}
1: MemResourceStatus {MemManagerAggregate,18446744073709551615,60000000000,0,0,0,1,N/A}
MemResourceStatus {DefaultResource,18446744073709551615,18446744073709551615,0,0,0,-1,N/A}
Quick Memory Usage Overview:
Used Capacity: 11325303795, 0
------------------------------------------
Executing script file: /home/umeshsum/tpch_queries/11.sql
[32m(release)[0m> select
[32m(release)[0m> 	ps_partkey,
[32m(release)[0m> 	sum(ps_supplycost * ps_availqty) as value
[32m(release)[0m> from
[32m(release)[0m> 	partsupp,
[32m(release)[0m> 	supplier,
[32m(release)[0m> 	nation
[32m(release)[0m> where
[32m(release)[0m> 	ps_suppkey = s_suppkey
[32m(release)[0m> 	and s_nationkey = n_nationkey
[32m(release)[0m> 	and n_name = 'GERMANY'
[32m(release)[0m> group by
[32m(release)[0m> 	ps_partkey having
[32m(release)[0m> 		sum(ps_supplycost * ps_availqty) > (
[32m(release)[0m> 			select
[32m(release)[0m> 				sum(ps_supplycost * ps_availqty) * 0.0001000000
[32m(release)[0m> 			from
[32m(release)[0m> 				partsupp,
[32m(release)[0m> 				supplier,
[32m(release)[0m> 				nation
[32m(release)[0m> 			where
[32m(release)[0m> 				ps_suppkey = s_suppkey
[32m(release)[0m> 				and s_nationkey = n_nationkey
[32m(release)[0m> 				and n_name = 'GERMANY'
[32m(release)[0m> 		)
[32m(release)[0m> order by
[32m(release)[0m> 	value desc;
VmRSS Change: 1164 KB
===
0 rows total
Execution info: [PARSE: 60 µs 509 ns, SQL TRANSLATE: 0 ns, OPTIMIZE: 0 ns, LQP TRANSLATE: 45 µs 580 ns, EXECUTE: 42 ms 112 µs (wall time) | QUERY PLAN CACHE HITS: 1/1 statement(s)]
After reset, table use_count: 2
WARNING: Table still has 1 other owner(s) after pipeline reset!
Executing script file done
$:hsh mem_usage
------------------------------------------
Memory Usage Statistics:
VmSize:	215677472 kB
VmRSS:	44830416 kB
0: MemResourceStatus {MigratedColumnsAggregate,18446744073709551615,12610235929,10275988050,10275988050,0,0,N/A}
MemResourceStatus {NumaMonotonicResource,3,60000000000,0,0,0,1,0}
MemResourceStatus {NumaMonotonicResource,2,60000000000,9773936,165306856,1133089344,0,1133093112}
MemResourceStatus {NumaMonotonicResource,1,64000000000,1039541809,3750105123,18917318200,0,18917334668}
0: MemResourceStatus {MemManagerAggregate,18446744073709551615,124000000000,1049315745,3915411979,0,0,N/A}
1: MemResourceStatus {MemManagerAggregate,18446744073709551615,60000000000,0,0,0,1,N/A}
MemResourceStatus {DefaultResource,18446744073709551615,18446744073709551615,0,0,0,-1,N/A}
Quick Memory Usage Overview:
Used Capacity: 11325303795, 0
------------------------------------------
Executing script file: /home/umeshsum/tpch_queries/11.sql
[32m(release)[0m> select
[32m(release)[0m> 	ps_partkey,
[32m(release)[0m> 	sum(ps_supplycost * ps_availqty) as value
[32m(release)[0m> from
[32m(release)[0m> 	partsupp,
[32m(release)[0m> 	supplier,
[32m(release)[0m> 	nation
[32m(release)[0m> where
[32m(release)[0m> 	ps_suppkey = s_suppkey
[32m(release)[0m> 	and s_nationkey = n_nationkey
[32m(release)[0m> 	and n_name = 'GERMANY'
[32m(release)[0m> group by
[32m(release)[0m> 	ps_partkey having
[32m(release)[0m> 		sum(ps_supplycost * ps_availqty) > (
[32m(release)[0m> 			select
[32m(release)[0m> 				sum(ps_supplycost * ps_availqty) * 0.0001000000
[32m(release)[0m> 			from
[32m(release)[0m> 				partsupp,
[32m(release)[0m> 				supplier,
[32m(release)[0m> 				nation
[32m(release)[0m> 			where
[32m(release)[0m> 				ps_suppkey = s_suppkey
[32m(release)[0m> 				and s_nationkey = n_nationkey
[32m(release)[0m> 				and n_name = 'GERMANY'
[32m(release)[0m> 		)
[32m(release)[0m> order by
[32m(release)[0m> 	value desc;
VmRSS Change: 18936 KB
===
0 rows total
Execution info: [PARSE: 71 µs 490 ns, SQL TRANSLATE: 0 ns, OPTIMIZE: 0 ns, LQP TRANSLATE: 47 µs 799 ns, EXECUTE: 46 ms 834 µs (wall time) | QUERY PLAN CACHE HITS: 1/1 statement(s)]
After reset, table use_count: 2
WARNING: Table still has 1 other owner(s) after pipeline reset!
Executing script file done
$:hsh mem_usage
------------------------------------------
Memory Usage Statistics:
VmSize:	215677472 kB
VmRSS:	44849352 kB
0: MemResourceStatus {MigratedColumnsAggregate,18446744073709551615,12610235929,10275988050,10275988050,0,0,N/A}
MemResourceStatus {NumaMonotonicResource,3,60000000000,0,0,0,1,0}
MemResourceStatus {NumaMonotonicResource,2,60000000000,9773936,165306856,1416361680,0,1416366344}
MemResourceStatus {NumaMonotonicResource,1,64000000000,1039541809,3750105123,18917318200,0,18917334668}
0: MemResourceStatus {MemManagerAggregate,18446744073709551615,124000000000,1049315745,3915411979,0,0,N/A}
1: MemResourceStatus {MemManagerAggregate,18446744073709551615,60000000000,0,0,0,1,N/A}
MemResourceStatus {DefaultResource,18446744073709551615,18446744073709551615,0,0,0,-1,N/A}
Quick Memory Usage Overview:
Used Capacity: 11325303795, 0
------------------------------------------
Executing script file: /home/umeshsum/tpch_queries/11.sql
[32m(release)[0m> select
[32m(release)[0m> 	ps_partkey,
[32m(release)[0m> 	sum(ps_supplycost * ps_availqty) as value
[32m(release)[0m> from
[32m(release)[0m> 	partsupp,
[32m(release)[0m> 	supplier,
[32m(release)[0m> 	nation
[32m(release)[0m> where
[32m(release)[0m> 	ps_suppkey = s_suppkey
[32m(release)[0m> 	and s_nationkey = n_nationkey
[32m(release)[0m> 	and n_name = 'GERMANY'
[32m(release)[0m> group by
[32m(release)[0m> 	ps_partkey having
[32m(release)[0m> 		sum(ps_supplycost * ps_availqty) > (
[32m(release)[0m> 			select
[32m(release)[0m> 				sum(ps_supplycost * ps_availqty) * 0.0001000000
[32m(release)[0m> 			from
[32m(release)[0m> 				partsupp,
[32m(release)[0m> 				supplier,
[32m(release)[0m> 				nation
[32m(release)[0m> 			where
[32m(release)[0m> 				ps_suppkey = s_suppkey
[32m(release)[0m> 				and s_nationkey = n_nationkey
[32m(release)[0m> 				and n_name = 'GERMANY'
[32m(release)[0m> 		)
[32m(release)[0m> order by
[32m(release)[0m> 	value desc;
VmRSS Change: 16052 KB
===
0 rows total
Execution info: [PARSE: 75 µs 579 ns, SQL TRANSLATE: 0 ns, OPTIMIZE: 0 ns, LQP TRANSLATE: 47 µs 70 ns, EXECUTE: 51 ms 152 µs (wall time) | QUERY PLAN CACHE HITS: 1/1 statement(s)]
After reset, table use_count: 2
WARNING: Table still has 1 other owner(s) after pipeline reset!
Executing script file done
$:hsh mem_usage
------------------------------------------
Memory Usage Statistics:
VmSize:	215677472 kB
VmRSS:	44865404 kB
0: MemResourceStatus {MigratedColumnsAggregate,18446744073709551615,12610235929,10275988050,10275988050,0,0,N/A}
MemResourceStatus {NumaMonotonicResource,3,60000000000,0,0,0,1,0}
MemResourceStatus {NumaMonotonicResource,2,60000000000,9773936,165306856,1699634016,0,1699639592}
MemResourceStatus {NumaMonotonicResource,1,64000000000,1039541809,3750105123,18917318200,0,18917334668}
0: MemResourceStatus {MemManagerAggregate,18446744073709551615,124000000000,1049315745,3915411979,0,0,N/A}
1: MemResourceStatus {MemManagerAggregate,18446744073709551615,60000000000,0,0,0,1,N/A}
MemResourceStatus {DefaultResource,18446744073709551615,18446744073709551615,0,0,0,-1,N/A}
Quick Memory Usage Overview:
Used Capacity: 11325303795, 0
------------------------------------------
Executing script file: /home/umeshsum/tpch_queries/11.sql
[32m(release)[0m> select
[32m(release)[0m> 	ps_partkey,
[32m(release)[0m> 	sum(ps_supplycost * ps_availqty) as value
[32m(release)[0m> from
[32m(release)[0m> 	partsupp,
[32m(release)[0m> 	supplier,
[32m(release)[0m> 	nation
[32m(release)[0m> where
[32m(release)[0m> 	ps_suppkey = s_suppkey
[32m(release)[0m> 	and s_nationkey = n_nationkey
[32m(release)[0m> 	and n_name = 'GERMANY'
[32m(release)[0m> group by
[32m(release)[0m> 	ps_partkey having
[32m(release)[0m> 		sum(ps_supplycost * ps_availqty) > (
[32m(release)[0m> 			select
[32m(release)[0m> 				sum(ps_supplycost * ps_availqty) * 0.0001000000
[32m(release)[0m> 			from
[32m(release)[0m> 				partsupp,
[32m(release)[0m> 				supplier,
[32m(release)[0m> 				nation
[32m(release)[0m> 			where
[32m(release)[0m> 				ps_suppkey = s_suppkey
[32m(release)[0m> 				and s_nationkey = n_nationkey
[32m(release)[0m> 				and n_name = 'GERMANY'
[32m(release)[0m> 		)
[32m(release)[0m> order by
[32m(release)[0m> 	value desc;
VmRSS Change: 7820 KB
===
0 rows total
Execution info: [PARSE: 34 µs 710 ns, SQL TRANSLATE: 0 ns, OPTIMIZE: 0 ns, LQP TRANSLATE: 26 µs 570 ns, EXECUTE: 44 ms 741 µs (wall time) | QUERY PLAN CACHE HITS: 1/1 statement(s)]
After reset, table use_count: 2
WARNING: Table still has 1 other owner(s) after pipeline reset!
Executing script file done
$:hsh mem_usage
------------------------------------------
Memory Usage Statistics:
VmSize:	215677472 kB
VmRSS:	44873224 kB
0: MemResourceStatus {MigratedColumnsAggregate,18446744073709551615,12610235929,10275988050,10275988050,0,0,N/A}
MemResourceStatus {NumaMonotonicResource,3,60000000000,0,0,0,1,0}
MemResourceStatus {NumaMonotonicResource,2,60000000000,9773936,165306856,1982906352,0,1982912920}
MemResourceStatus {NumaMonotonicResource,1,64000000000,1039541809,3750105123,18917318200,0,18917334668}
0: MemResourceStatus {MemManagerAggregate,18446744073709551615,124000000000,1049315745,3915411979,0,0,N/A}
1: MemResourceStatus {MemManagerAggregate,18446744073709551615,60000000000,0,0,0,1,N/A}
MemResourceStatus {DefaultResource,18446744073709551615,18446744073709551615,0,0,0,-1,N/A}
Quick Memory Usage Overview:
Used Capacity: 11325303795, 0
------------------------------------------
Executing script file: /home/umeshsum/tpch_queries/11.sql
[32m(release)[0m> select
[32m(release)[0m> 	ps_partkey,
[32m(release)[0m> 	sum(ps_supplycost * ps_availqty) as value
[32m(release)[0m> from
[32m(release)[0m> 	partsupp,
[32m(release)[0m> 	supplier,
[32m(release)[0m> 	nation
[32m(release)[0m> where
[32m(release)[0m> 	ps_suppkey = s_suppkey
[32m(release)[0m> 	and s_nationkey = n_nationkey
[32m(release)[0m> 	and n_name = 'GERMANY'
[32m(release)[0m> group by
[32m(release)[0m> 	ps_partkey having
[32m(release)[0m> 		sum(ps_supplycost * ps_availqty) > (
[32m(release)[0m> 			select
[32m(release)[0m> 				sum(ps_supplycost * ps_availqty) * 0.0001000000
[32m(release)[0m> 			from
[32m(release)[0m> 				partsupp,
[32m(release)[0m> 				supplier,
[32m(release)[0m> 				nation
[32m(release)[0m> 			where
[32m(release)[0m> 				ps_suppkey = s_suppkey
[32m(release)[0m> 				and s_nationkey = n_nationkey
[32m(release)[0m> 				and n_name = 'GERMANY'
[32m(release)[0m> 		)
[32m(release)[0m> order by
[32m(release)[0m> 	value desc;
VmRSS Change: 6784 KB
===
0 rows total
Execution info: [PARSE: 69 µs 50 ns, SQL TRANSLATE: 0 ns, OPTIMIZE: 0 ns, LQP TRANSLATE: 47 µs 859 ns, EXECUTE: 44 ms 804 µs (wall time) | QUERY PLAN CACHE HITS: 1/1 statement(s)]
After reset, table use_count: 2
WARNING: Table still has 1 other owner(s) after pipeline reset!
Executing script file done
$:hsh mem_usage
------------------------------------------
Memory Usage Statistics:
VmSize:	215677472 kB
VmRSS:	44880008 kB
0: MemResourceStatus {MigratedColumnsAggregate,18446744073709551615,12610235929,10275988050,10275988050,0,0,N/A}
MemResourceStatus {NumaMonotonicResource,3,60000000000,0,0,0,1,0}
MemResourceStatus {NumaMonotonicResource,2,60000000000,9773936,165324200,2266178688,0,2266186216}
MemResourceStatus {NumaMonotonicResource,1,64000000000,1039541809,3750105123,18917318200,0,18917334668}
0: MemResourceStatus {MemManagerAggregate,18446744073709551615,124000000000,1049315745,3915429323,0,0,N/A}
1: MemResourceStatus {MemManagerAggregate,18446744073709551615,60000000000,0,0,0,1,N/A}
MemResourceStatus {DefaultResource,18446744073709551615,18446744073709551615,0,0,0,-1,N/A}
Quick Memory Usage Overview:
Used Capacity: 11325303795, 0
------------------------------------------
Executing script file: /home/umeshsum/tpch_queries/11.sql
[32m(release)[0m> select
[32m(release)[0m> 	ps_partkey,
[32m(release)[0m> 	sum(ps_supplycost * ps_availqty) as value
[32m(release)[0m> from
[32m(release)[0m> 	partsupp,
[32m(release)[0m> 	supplier,
[32m(release)[0m> 	nation
[32m(release)[0m> where
[32m(release)[0m> 	ps_suppkey = s_suppkey
[32m(release)[0m> 	and s_nationkey = n_nationkey
[32m(release)[0m> 	and n_name = 'GERMANY'
[32m(release)[0m> group by
[32m(release)[0m> 	ps_partkey having
[32m(release)[0m> 		sum(ps_supplycost * ps_availqty) > (
[32m(release)[0m> 			select
[32m(release)[0m> 				sum(ps_supplycost * ps_availqty) * 0.0001000000
[32m(release)[0m> 			from
[32m(release)[0m> 				partsupp,
[32m(release)[0m> 				supplier,
[32m(release)[0m> 				nation
[32m(release)[0m> 			where
[32m(release)[0m> 				ps_suppkey = s_suppkey
[32m(release)[0m> 				and s_nationkey = n_nationkey
[32m(release)[0m> 				and n_name = 'GERMANY'
[32m(release)[0m> 		)
[32m(release)[0m> order by
[32m(release)[0m> 	value desc;
VmRSS Change: 1772 KB
===
0 rows total
Execution info: [PARSE: 64 µs 759 ns, SQL TRANSLATE: 0 ns, OPTIMIZE: 0 ns, LQP TRANSLATE: 42 µs 340 ns, EXECUTE: 43 ms 218 µs (wall time) | QUERY PLAN CACHE HITS: 1/1 statement(s)]
After reset, table use_count: 2
WARNING: Table still has 1 other owner(s) after pipeline reset!
Executing script file done
$:hsh mem_usage
------------------------------------------
Memory Usage Statistics:
VmSize:	215677472 kB
VmRSS:	44881780 kB
0: MemResourceStatus {MigratedColumnsAggregate,18446744073709551615,12610235929,10275988050,10275988050,0,0,N/A}
MemResourceStatus {NumaMonotonicResource,3,60000000000,0,0,0,1,0}
MemResourceStatus {NumaMonotonicResource,2,60000000000,9773936,165324200,2549451024,0,2549459560}
MemResourceStatus {NumaMonotonicResource,1,64000000000,1039541809,3750105123,18917318200,0,18917334668}
0: MemResourceStatus {MemManagerAggregate,18446744073709551615,124000000000,1049315745,3915429323,0,0,N/A}
1: MemResourceStatus {MemManagerAggregate,18446744073709551615,60000000000,0,0,0,1,N/A}
MemResourceStatus {DefaultResource,18446744073709551615,18446744073709551615,0,0,0,-1,N/A}
Quick Memory Usage Overview:
Used Capacity: 11325303795, 0
------------------------------------------
Executing script file: /home/umeshsum/tpch_queries/11.sql
[32m(release)[0m> select
[32m(release)[0m> 	ps_partkey,
[32m(release)[0m> 	sum(ps_supplycost * ps_availqty) as value
[32m(release)[0m> from
[32m(release)[0m> 	partsupp,
[32m(release)[0m> 	supplier,
[32m(release)[0m> 	nation
[32m(release)[0m> where
[32m(release)[0m> 	ps_suppkey = s_suppkey
[32m(release)[0m> 	and s_nationkey = n_nationkey
[32m(release)[0m> 	and n_name = 'GERMANY'
[32m(release)[0m> group by
[32m(release)[0m> 	ps_partkey having
[32m(release)[0m> 		sum(ps_supplycost * ps_availqty) > (
[32m(release)[0m> 			select
[32m(release)[0m> 				sum(ps_supplycost * ps_availqty) * 0.0001000000
[32m(release)[0m> 			from
[32m(release)[0m> 				partsupp,
[32m(release)[0m> 				supplier,
[32m(release)[0m> 				nation
[32m(release)[0m> 			where
[32m(release)[0m> 				ps_suppkey = s_suppkey
[32m(release)[0m> 				and s_nationkey = n_nationkey
[32m(release)[0m> 				and n_name = 'GERMANY'
[32m(release)[0m> 		)
[32m(release)[0m> order by
[32m(release)[0m> 	value desc;
VmRSS Change: 3312 KB
===
0 rows total
Execution info: [PARSE: 66 µs 990 ns, SQL TRANSLATE: 0 ns, OPTIMIZE: 0 ns, LQP TRANSLATE: 49 µs 39 ns, EXECUTE: 43 ms 818 µs (wall time) | QUERY PLAN CACHE HITS: 1/1 statement(s)]
After reset, table use_count: 2
WARNING: Table still has 1 other owner(s) after pipeline reset!
Executing script file done
$:hsh mem_usage
------------------------------------------
Memory Usage Statistics:
VmSize:	215677472 kB
VmRSS:	44885092 kB
0: MemResourceStatus {MigratedColumnsAggregate,18446744073709551615,12610235929,10275988050,10275988050,0,0,N/A}
MemResourceStatus {NumaMonotonicResource,3,60000000000,0,0,0,1,0}
MemResourceStatus {NumaMonotonicResource,2,60000000000,9773936,165324200,2832723360,0,2832732952}
MemResourceStatus {NumaMonotonicResource,1,64000000000,1039541809,3750105123,18917318200,0,18917334668}
0: MemResourceStatus {MemManagerAggregate,18446744073709551615,124000000000,1049315745,3915429323,0,0,N/A}
1: MemResourceStatus {MemManagerAggregate,18446744073709551615,60000000000,0,0,0,1,N/A}
MemResourceStatus {DefaultResource,18446744073709551615,18446744073709551615,0,0,0,-1,N/A}
Quick Memory Usage Overview:
Used Capacity: 11325303795, 0
------------------------------------------
Label set to d60000000000_tf60000000000_q12
$:hsh clear_plan_caches
Cleared PQP and LQP caches
$:hsh clear_pipeline
Released last SQLPipeline
$:hsh reset_exec_pools
Reset execution pools (2, 3) bump pointers to start
$:hsh mem_usage
------------------------------------------
Memory Usage Statistics:
VmSize:	215677472 kB
VmRSS:	44885092 kB
0: MemResourceStatus {MigratedColumnsAggregate,18446744073709551615,12610235929,10275988050,10275988050,0,0,N/A}
MemResourceStatus {NumaMonotonicResource,3,60000000000,0,0,0,1,0}
MemResourceStatus {NumaMonotonicResource,2,60000000000,0,0,0,0,0}
MemResourceStatus {NumaMonotonicResource,1,64000000000,1039541809,3750105123,18917318200,0,18917334668}
0: MemResourceStatus {MemManagerAggregate,18446744073709551615,124000000000,1039541809,3750105123,0,0,N/A}
1: MemResourceStatus {MemManagerAggregate,18446744073709551615,60000000000,0,0,0,1,N/A}
MemResourceStatus {DefaultResource,18446744073709551615,18446744073709551615,0,0,0,-1,N/A}
Quick Memory Usage Overview:
Used Capacity: 11315529859, 0
------------------------------------------
Executing script file: /home/umeshsum/tpch_queries/12.sql
[32m(release)[0m> select
[32m(release)[0m> 	l_shipmode,
[32m(release)[0m> 	sum(case
[32m(release)[0m> 		when o_orderpriority = '1-URGENT'
[32m(release)[0m> 			or o_orderpriority = '2-HIGH'
[32m(release)[0m> 			then 1
[32m(release)[0m> 		else 0
[32m(release)[0m> 	end) as high_line_count,
[32m(release)[0m> 	sum(case
[32m(release)[0m> 		when o_orderpriority <> '1-URGENT'
[32m(release)[0m> 			and o_orderpriority <> '2-HIGH'
[32m(release)[0m> 			then 1
[32m(release)[0m> 		else 0
[32m(release)[0m> 	end) as low_line_count
[32m(release)[0m> from
[32m(release)[0m> 	orders,
[32m(release)[0m> 	lineitem
[32m(release)[0m> where
[32m(release)[0m> 	o_orderkey = l_orderkey
[32m(release)[0m> 	and l_shipmode in ('MAIL', 'SHIP')
[32m(release)[0m> 	and l_commitdate < l_receiptdate
[32m(release)[0m> 	and l_shipdate < l_commitdate
[32m(release)[0m> 	and l_receiptdate >= date '1994-01-01'
[32m(release)[0m> 	and l_receiptdate < date '1994-01-01' + interval '1' year
[32m(release)[0m> group by
[32m(release)[0m> 	l_shipmode
[32m(release)[0m> order by
[32m(release)[0m> 	l_shipmode;
VmRSS Change: 131484 KB
===
2 rows total
Execution info: [PARSE: 85 µs 219 ns, SQL TRANSLATE: 255 µs 737 ns, OPTIMIZE: 3 ms 872 µs, LQP TRANSLATE: 214 µs 248 ns, EXECUTE: 415 ms 548 µs (wall time) | QUERY PLAN CACHE HITS: 0/1 statement(s)]
After reset, table use_count: 2
WARNING: Table still has 1 other owner(s) after pipeline reset!
Executing script file done
$:hsh mem_usage
------------------------------------------
Memory Usage Statistics:
VmSize:	215677472 kB
VmRSS:	45016596 kB
0: MemResourceStatus {MigratedColumnsAggregate,18446744073709551615,12610235929,10275988050,10275988050,0,0,N/A}
MemResourceStatus {NumaMonotonicResource,3,60000000000,0,0,0,1,0}
MemResourceStatus {NumaMonotonicResource,2,60000000000,1647552,313727336,1317162472,0,1317170888}
MemResourceStatus {NumaMonotonicResource,1,64000000000,1039541809,3750105123,18917318200,0,18917334668}
0: MemResourceStatus {MemManagerAggregate,18446744073709551615,124000000000,1041189361,4063832459,0,0,N/A}
1: MemResourceStatus {MemManagerAggregate,18446744073709551615,60000000000,0,0,0,1,N/A}
MemResourceStatus {DefaultResource,18446744073709551615,18446744073709551615,0,0,0,-1,N/A}
Quick Memory Usage Overview:
Used Capacity: 11317177411, 0
------------------------------------------
Executing script file: /home/umeshsum/tpch_queries/12.sql
[32m(release)[0m> select
[32m(release)[0m> 	l_shipmode,
[32m(release)[0m> 	sum(case
[32m(release)[0m> 		when o_orderpriority = '1-URGENT'
[32m(release)[0m> 			or o_orderpriority = '2-HIGH'
[32m(release)[0m> 			then 1
[32m(release)[0m> 		else 0
[32m(release)[0m> 	end) as high_line_count,
[32m(release)[0m> 	sum(case
[32m(release)[0m> 		when o_orderpriority <> '1-URGENT'
[32m(release)[0m> 			and o_orderpriority <> '2-HIGH'
[32m(release)[0m> 			then 1
[32m(release)[0m> 		else 0
[32m(release)[0m> 	end) as low_line_count
[32m(release)[0m> from
[32m(release)[0m> 	orders,
[32m(release)[0m> 	lineitem
[32m(release)[0m> where
[32m(release)[0m> 	o_orderkey = l_orderkey
[32m(release)[0m> 	and l_shipmode in ('MAIL', 'SHIP')
[32m(release)[0m> 	and l_commitdate < l_receiptdate
[32m(release)[0m> 	and l_shipdate < l_commitdate
[32m(release)[0m> 	and l_receiptdate >= date '1994-01-01'
[32m(release)[0m> 	and l_receiptdate < date '1994-01-01' + interval '1' year
[32m(release)[0m> group by
[32m(release)[0m> 	l_shipmode
[32m(release)[0m> order by
[32m(release)[0m> 	l_shipmode;
VmRSS Change: 88508 KB
===
2 rows total
Execution info: [PARSE: 39 µs 700 ns, SQL TRANSLATE: 0 ns, OPTIMIZE: 0 ns, LQP TRANSLATE: 34 µs 619 ns, EXECUTE: 359 ms 974 µs (wall time) | QUERY PLAN CACHE HITS: 1/1 statement(s)]
After reset, table use_count: 2
WARNING: Table still has 1 other owner(s) after pipeline reset!
Executing script file done
$:hsh mem_usage
------------------------------------------
Memory Usage Statistics:
VmSize:	215677472 kB
VmRSS:	45105108 kB
0: MemResourceStatus {MigratedColumnsAggregate,18446744073709551615,12610235929,10275988050,10275988050,0,0,N/A}
MemResourceStatus {NumaMonotonicResource,3,60000000000,0,0,0,1,0}
MemResourceStatus {NumaMonotonicResource,2,60000000000,1721608,313801392,2634324944,0,2634341784}
MemResourceStatus {NumaMonotonicResource,1,64000000000,1039541809,3750105123,18917318200,0,18917334668}
0: MemResourceStatus {MemManagerAggregate,18446744073709551615,124000000000,1041263417,4063906515,0,0,N/A}
1: MemResourceStatus {MemManagerAggregate,18446744073709551615,60000000000,0,0,0,1,N/A}
MemResourceStatus {DefaultResource,18446744073709551615,18446744073709551615,0,0,0,-1,N/A}
Quick Memory Usage Overview:
Used Capacity: 11317251467, 0
------------------------------------------
Executing script file: /home/umeshsum/tpch_queries/12.sql
[32m(release)[0m> select
[32m(release)[0m> 	l_shipmode,
[32m(release)[0m> 	sum(case
[32m(release)[0m> 		when o_orderpriority = '1-URGENT'
[32m(release)[0m> 			or o_orderpriority = '2-HIGH'
[32m(release)[0m> 			then 1
[32m(release)[0m> 		else 0
[32m(release)[0m> 	end) as high_line_count,
[32m(release)[0m> 	sum(case
[32m(release)[0m> 		when o_orderpriority <> '1-URGENT'
[32m(release)[0m> 			and o_orderpriority <> '2-HIGH'
[32m(release)[0m> 			then 1
[32m(release)[0m> 		else 0
[32m(release)[0m> 	end) as low_line_count
[32m(release)[0m> from
[32m(release)[0m> 	orders,
[32m(release)[0m> 	lineitem
[32m(release)[0m> where
[32m(release)[0m> 	o_orderkey = l_orderkey
[32m(release)[0m> 	and l_shipmode in ('MAIL', 'SHIP')
[32m(release)[0m> 	and l_commitdate < l_receiptdate
[32m(release)[0m> 	and l_shipdate < l_commitdate
[32m(release)[0m> 	and l_receiptdate >= date '1994-01-01'
[32m(release)[0m> 	and l_receiptdate < date '1994-01-01' + interval '1' year
[32m(release)[0m> group by
[32m(release)[0m> 	l_shipmode
[32m(release)[0m> order by
[32m(release)[0m> 	l_shipmode;
VmRSS Change: 220472 KB
===
2 rows total
Execution info: [PARSE: 41 µs 570 ns, SQL TRANSLATE: 0 ns, OPTIMIZE: 0 ns, LQP TRANSLATE: 34 µs 509 ns, EXECUTE: 424 ms 816 µs (wall time) | QUERY PLAN CACHE HITS: 1/1 statement(s)]
After reset, table use_count: 2
WARNING: Table still has 1 other owner(s) after pipeline reset!
Executing script file done
$:hsh mem_usage
------------------------------------------
Memory Usage Statistics:
VmSize:	215677472 kB
VmRSS:	45325580 kB
0: MemResourceStatus {MigratedColumnsAggregate,18446744073709551615,12610235929,10275988050,10275988050,0,0,N/A}
MemResourceStatus {NumaMonotonicResource,3,60000000000,0,0,0,1,0}
MemResourceStatus {NumaMonotonicResource,2,60000000000,1721608,313801392,3951487416,0,3951512664}
MemResourceStatus {NumaMonotonicResource,1,64000000000,1039541809,3750105123,18917318200,0,18917334668}
0: MemResourceStatus {MemManagerAggregate,18446744073709551615,124000000000,1041263417,4063906515,0,0,N/A}
1: MemResourceStatus {MemManagerAggregate,18446744073709551615,60000000000,0,0,0,1,N/A}
MemResourceStatus {DefaultResource,18446744073709551615,18446744073709551615,0,0,0,-1,N/A}
Quick Memory Usage Overview:
Used Capacity: 11317251467, 0
------------------------------------------
Executing script file: /home/umeshsum/tpch_queries/12.sql
[32m(release)[0m> select
[32m(release)[0m> 	l_shipmode,
[32m(release)[0m> 	sum(case
[32m(release)[0m> 		when o_orderpriority = '1-URGENT'
[32m(release)[0m> 			or o_orderpriority = '2-HIGH'
[32m(release)[0m> 			then 1
[32m(release)[0m> 		else 0
[32m(release)[0m> 	end) as high_line_count,
[32m(release)[0m> 	sum(case
[32m(release)[0m> 		when o_orderpriority <> '1-URGENT'
[32m(release)[0m> 			and o_orderpriority <> '2-HIGH'
[32m(release)[0m> 			then 1
[32m(release)[0m> 		else 0
[32m(release)[0m> 	end) as low_line_count
[32m(release)[0m> from
[32m(release)[0m> 	orders,
[32m(release)[0m> 	lineitem
[32m(release)[0m> where
[32m(release)[0m> 	o_orderkey = l_orderkey
[32m(release)[0m> 	and l_shipmode in ('MAIL', 'SHIP')
[32m(release)[0m> 	and l_commitdate < l_receiptdate
[32m(release)[0m> 	and l_shipdate < l_commitdate
[32m(release)[0m> 	and l_receiptdate >= date '1994-01-01'
[32m(release)[0m> 	and l_receiptdate < date '1994-01-01' + interval '1' year
[32m(release)[0m> group by
[32m(release)[0m> 	l_shipmode
[32m(release)[0m> order by
[32m(release)[0m> 	l_shipmode;
VmRSS Change: 153956 KB
===
2 rows total
Execution info: [PARSE: 62 µs 339 ns, SQL TRANSLATE: 0 ns, OPTIMIZE: 0 ns, LQP TRANSLATE: 45 µs 0 ns, EXECUTE: 407 ms 108 µs (wall time) | QUERY PLAN CACHE HITS: 1/1 statement(s)]
After reset, table use_count: 2
WARNING: Table still has 1 other owner(s) after pipeline reset!
Executing script file done
$:hsh mem_usage
------------------------------------------
Memory Usage Statistics:
VmSize:	215677472 kB
VmRSS:	45479536 kB
0: MemResourceStatus {MigratedColumnsAggregate,18446744073709551615,12610235929,10275988050,10275988050,0,0,N/A}
MemResourceStatus {NumaMonotonicResource,3,60000000000,0,0,0,1,0}
MemResourceStatus {NumaMonotonicResource,2,60000000000,1721608,313801392,5268649888,0,5268683560}
MemResourceStatus {NumaMonotonicResource,1,64000000000,1039541809,3750105123,18917318200,0,18917334668}
0: MemResourceStatus {MemManagerAggregate,18446744073709551615,124000000000,1041263417,4063906515,0,0,N/A}
1: MemResourceStatus {MemManagerAggregate,18446744073709551615,60000000000,0,0,0,1,N/A}
MemResourceStatus {DefaultResource,18446744073709551615,18446744073709551615,0,0,0,-1,N/A}
Quick Memory Usage Overview:
Used Capacity: 11317251467, 0
------------------------------------------
Executing script file: /home/umeshsum/tpch_queries/12.sql
[32m(release)[0m> select
[32m(release)[0m> 	l_shipmode,
[32m(release)[0m> 	sum(case
[32m(release)[0m> 		when o_orderpriority = '1-URGENT'
[32m(release)[0m> 			or o_orderpriority = '2-HIGH'
[32m(release)[0m> 			then 1
[32m(release)[0m> 		else 0
[32m(release)[0m> 	end) as high_line_count,
[32m(release)[0m> 	sum(case
[32m(release)[0m> 		when o_orderpriority <> '1-URGENT'
[32m(release)[0m> 			and o_orderpriority <> '2-HIGH'
[32m(release)[0m> 			then 1
[32m(release)[0m> 		else 0
[32m(release)[0m> 	end) as low_line_count
[32m(release)[0m> from
[32m(release)[0m> 	orders,
[32m(release)[0m> 	lineitem
[32m(release)[0m> where
[32m(release)[0m> 	o_orderkey = l_orderkey
[32m(release)[0m> 	and l_shipmode in ('MAIL', 'SHIP')
[32m(release)[0m> 	and l_commitdate < l_receiptdate
[32m(release)[0m> 	and l_shipdate < l_commitdate
[32m(release)[0m> 	and l_receiptdate >= date '1994-01-01'
[32m(release)[0m> 	and l_receiptdate < date '1994-01-01' + interval '1' year
[32m(release)[0m> group by
[32m(release)[0m> 	l_shipmode
[32m(release)[0m> order by
[32m(release)[0m> 	l_shipmode;
VmRSS Change: 126512 KB
===
2 rows total
Execution info: [PARSE: 63 µs 380 ns, SQL TRANSLATE: 0 ns, OPTIMIZE: 0 ns, LQP TRANSLATE: 56 µs 820 ns, EXECUTE: 401 ms 612 µs (wall time) | QUERY PLAN CACHE HITS: 1/1 statement(s)]
After reset, table use_count: 2
WARNING: Table still has 1 other owner(s) after pipeline reset!
Executing script file done
$:hsh mem_usage
------------------------------------------
Memory Usage Statistics:
VmSize:	215677472 kB
VmRSS:	45606032 kB
0: MemResourceStatus {MigratedColumnsAggregate,18446744073709551615,12610235929,10275988050,10275988050,0,0,N/A}
MemResourceStatus {NumaMonotonicResource,3,60000000000,0,0,0,1,0}
MemResourceStatus {NumaMonotonicResource,2,60000000000,1721608,313801392,6585812360,0,6585854408}
MemResourceStatus {NumaMonotonicResource,1,64000000000,1039541809,3750105123,18917318200,0,18917334668}
0: MemResourceStatus {MemManagerAggregate,18446744073709551615,124000000000,1041263417,4063906515,0,0,N/A}
1: MemResourceStatus {MemManagerAggregate,18446744073709551615,60000000000,0,0,0,1,N/A}
MemResourceStatus {DefaultResource,18446744073709551615,18446744073709551615,0,0,0,-1,N/A}
Quick Memory Usage Overview:
Used Capacity: 11317251467, 0
------------------------------------------
Executing script file: /home/umeshsum/tpch_queries/12.sql
[32m(release)[0m> select
[32m(release)[0m> 	l_shipmode,
[32m(release)[0m> 	sum(case
[32m(release)[0m> 		when o_orderpriority = '1-URGENT'
[32m(release)[0m> 			or o_orderpriority = '2-HIGH'
[32m(release)[0m> 			then 1
[32m(release)[0m> 		else 0
[32m(release)[0m> 	end) as high_line_count,
[32m(release)[0m> 	sum(case
[32m(release)[0m> 		when o_orderpriority <> '1-URGENT'
[32m(release)[0m> 			and o_orderpriority <> '2-HIGH'
[32m(release)[0m> 			then 1
[32m(release)[0m> 		else 0
[32m(release)[0m> 	end) as low_line_count
[32m(release)[0m> from
[32m(release)[0m> 	orders,
[32m(release)[0m> 	lineitem
[32m(release)[0m> where
[32m(release)[0m> 	o_orderkey = l_orderkey
[32m(release)[0m> 	and l_shipmode in ('MAIL', 'SHIP')
[32m(release)[0m> 	and l_commitdate < l_receiptdate
[32m(release)[0m> 	and l_shipdate < l_commitdate
[32m(release)[0m> 	and l_receiptdate >= date '1994-01-01'
[32m(release)[0m> 	and l_receiptdate < date '1994-01-01' + interval '1' year
[32m(release)[0m> group by
[32m(release)[0m> 	l_shipmode
[32m(release)[0m> order by
[32m(release)[0m> 	l_shipmode;
VmRSS Change: 215260 KB
===
2 rows total
Execution info: [PARSE: 39 µs 409 ns, SQL TRANSLATE: 0 ns, OPTIMIZE: 0 ns, LQP TRANSLATE: 32 µs 90 ns, EXECUTE: 439 ms 870 µs (wall time) | QUERY PLAN CACHE HITS: 1/1 statement(s)]
After reset, table use_count: 2
WARNING: Table still has 1 other owner(s) after pipeline reset!
Executing script file done
$:hsh mem_usage
------------------------------------------
Memory Usage Statistics:
VmSize:	215677472 kB
VmRSS:	45821292 kB
0: MemResourceStatus {MigratedColumnsAggregate,18446744073709551615,12610235929,10275988050,10275988050,0,0,N/A}
MemResourceStatus {NumaMonotonicResource,3,60000000000,0,0,0,1,0}
MemResourceStatus {NumaMonotonicResource,2,60000000000,1721608,313801392,7902974832,0,7903025272}
MemResourceStatus {NumaMonotonicResource,1,64000000000,1039541809,3750105123,18917318200,0,18917334668}
0: MemResourceStatus {MemManagerAggregate,18446744073709551615,124000000000,1041263417,4063906515,0,0,N/A}
1: MemResourceStatus {MemManagerAggregate,18446744073709551615,60000000000,0,0,0,1,N/A}
MemResourceStatus {DefaultResource,18446744073709551615,18446744073709551615,0,0,0,-1,N/A}
Quick Memory Usage Overview:
Used Capacity: 11317251467, 0
------------------------------------------
Executing script file: /home/umeshsum/tpch_queries/12.sql
[32m(release)[0m> select
[32m(release)[0m> 	l_shipmode,
[32m(release)[0m> 	sum(case
[32m(release)[0m> 		when o_orderpriority = '1-URGENT'
[32m(release)[0m> 			or o_orderpriority = '2-HIGH'
[32m(release)[0m> 			then 1
[32m(release)[0m> 		else 0
[32m(release)[0m> 	end) as high_line_count,
[32m(release)[0m> 	sum(case
[32m(release)[0m> 		when o_orderpriority <> '1-URGENT'
[32m(release)[0m> 			and o_orderpriority <> '2-HIGH'
[32m(release)[0m> 			then 1
[32m(release)[0m> 		else 0
[32m(release)[0m> 	end) as low_line_count
[32m(release)[0m> from
[32m(release)[0m> 	orders,
[32m(release)[0m> 	lineitem
[32m(release)[0m> where
[32m(release)[0m> 	o_orderkey = l_orderkey
[32m(release)[0m> 	and l_shipmode in ('MAIL', 'SHIP')
[32m(release)[0m> 	and l_commitdate < l_receiptdate
[32m(release)[0m> 	and l_shipdate < l_commitdate
[32m(release)[0m> 	and l_receiptdate >= date '1994-01-01'
[32m(release)[0m> 	and l_receiptdate < date '1994-01-01' + interval '1' year
[32m(release)[0m> group by
[32m(release)[0m> 	l_shipmode
[32m(release)[0m> order by
[32m(release)[0m> 	l_shipmode;
VmRSS Change: 162900 KB
===
2 rows total
Execution info: [PARSE: 78 µs 630 ns, SQL TRANSLATE: 0 ns, OPTIMIZE: 0 ns, LQP TRANSLATE: 57 µs 110 ns, EXECUTE: 376 ms 898 µs (wall time) | QUERY PLAN CACHE HITS: 1/1 statement(s)]
After reset, table use_count: 2
WARNING: Table still has 1 other owner(s) after pipeline reset!
Executing script file done
$:hsh mem_usage
------------------------------------------
Memory Usage Statistics:
VmSize:	215677472 kB
VmRSS:	45984192 kB
0: MemResourceStatus {MigratedColumnsAggregate,18446744073709551615,12610235929,10275988050,10275988050,0,0,N/A}
MemResourceStatus {NumaMonotonicResource,3,60000000000,0,0,0,1,0}
MemResourceStatus {NumaMonotonicResource,2,60000000000,1721608,313801392,9220137304,0,9220196136}
MemResourceStatus {NumaMonotonicResource,1,64000000000,1039541809,3750105123,18917318200,0,18917334668}
0: MemResourceStatus {MemManagerAggregate,18446744073709551615,124000000000,1041263417,4063906515,0,0,N/A}
1: MemResourceStatus {MemManagerAggregate,18446744073709551615,60000000000,0,0,0,1,N/A}
MemResourceStatus {DefaultResource,18446744073709551615,18446744073709551615,0,0,0,-1,N/A}
Quick Memory Usage Overview:
Used Capacity: 11317251467, 0
------------------------------------------
Executing script file: /home/umeshsum/tpch_queries/12.sql
[32m(release)[0m> select
[32m(release)[0m> 	l_shipmode,
[32m(release)[0m> 	sum(case
[32m(release)[0m> 		when o_orderpriority = '1-URGENT'
[32m(release)[0m> 			or o_orderpriority = '2-HIGH'
[32m(release)[0m> 			then 1
[32m(release)[0m> 		else 0
[32m(release)[0m> 	end) as high_line_count,
[32m(release)[0m> 	sum(case
[32m(release)[0m> 		when o_orderpriority <> '1-URGENT'
[32m(release)[0m> 			and o_orderpriority <> '2-HIGH'
[32m(release)[0m> 			then 1
[32m(release)[0m> 		else 0
[32m(release)[0m> 	end) as low_line_count
[32m(release)[0m> from
[32m(release)[0m> 	orders,
[32m(release)[0m> 	lineitem
[32m(release)[0m> where
[32m(release)[0m> 	o_orderkey = l_orderkey
[32m(release)[0m> 	and l_shipmode in ('MAIL', 'SHIP')
[32m(release)[0m> 	and l_commitdate < l_receiptdate
[32m(release)[0m> 	and l_shipdate < l_commitdate
[32m(release)[0m> 	and l_receiptdate >= date '1994-01-01'
[32m(release)[0m> 	and l_receiptdate < date '1994-01-01' + interval '1' year
[32m(release)[0m> group by
[32m(release)[0m> 	l_shipmode
[32m(release)[0m> order by
[32m(release)[0m> 	l_shipmode;
VmRSS Change: 125880 KB
===
2 rows total
Execution info: [PARSE: 75 µs 29 ns, SQL TRANSLATE: 0 ns, OPTIMIZE: 0 ns, LQP TRANSLATE: 52 µs 60 ns, EXECUTE: 389 ms 682 µs (wall time) | QUERY PLAN CACHE HITS: 1/1 statement(s)]
After reset, table use_count: 2
WARNING: Table still has 1 other owner(s) after pipeline reset!
Executing script file done
$:hsh mem_usage
------------------------------------------
Memory Usage Statistics:
VmSize:	215677472 kB
VmRSS:	46110064 kB
0: MemResourceStatus {MigratedColumnsAggregate,18446744073709551615,12610235929,10275988050,10275988050,0,0,N/A}
MemResourceStatus {NumaMonotonicResource,3,60000000000,0,0,0,1,0}
MemResourceStatus {NumaMonotonicResource,2,60000000000,1721608,313801392,10537299776,0,10537367000}
MemResourceStatus {NumaMonotonicResource,1,64000000000,1039541809,3750105123,18917318200,0,18917334668}
0: MemResourceStatus {MemManagerAggregate,18446744073709551615,124000000000,1041263417,4063906515,0,0,N/A}
1: MemResourceStatus {MemManagerAggregate,18446744073709551615,60000000000,0,0,0,1,N/A}
MemResourceStatus {DefaultResource,18446744073709551615,18446744073709551615,0,0,0,-1,N/A}
Quick Memory Usage Overview:
Used Capacity: 11317251467, 0
------------------------------------------
Executing script file: /home/umeshsum/tpch_queries/12.sql
[32m(release)[0m> select
[32m(release)[0m> 	l_shipmode,
[32m(release)[0m> 	sum(case
[32m(release)[0m> 		when o_orderpriority = '1-URGENT'
[32m(release)[0m> 			or o_orderpriority = '2-HIGH'
[32m(release)[0m> 			then 1
[32m(release)[0m> 		else 0
[32m(release)[0m> 	end) as high_line_count,
[32m(release)[0m> 	sum(case
[32m(release)[0m> 		when o_orderpriority <> '1-URGENT'
[32m(release)[0m> 			and o_orderpriority <> '2-HIGH'
[32m(release)[0m> 			then 1
[32m(release)[0m> 		else 0
[32m(release)[0m> 	end) as low_line_count
[32m(release)[0m> from
[32m(release)[0m> 	orders,
[32m(release)[0m> 	lineitem
[32m(release)[0m> where
[32m(release)[0m> 	o_orderkey = l_orderkey
[32m(release)[0m> 	and l_shipmode in ('MAIL', 'SHIP')
[32m(release)[0m> 	and l_commitdate < l_receiptdate
[32m(release)[0m> 	and l_shipdate < l_commitdate
[32m(release)[0m> 	and l_receiptdate >= date '1994-01-01'
[32m(release)[0m> 	and l_receiptdate < date '1994-01-01' + interval '1' year
[32m(release)[0m> group by
[32m(release)[0m> 	l_shipmode
[32m(release)[0m> order by
[32m(release)[0m> 	l_shipmode;
VmRSS Change: 236216 KB
===
2 rows total
Execution info: [PARSE: 76 µs 949 ns, SQL TRANSLATE: 0 ns, OPTIMIZE: 0 ns, LQP TRANSLATE: 53 µs 749 ns, EXECUTE: 455 ms 855 µs (wall time) | QUERY PLAN CACHE HITS: 1/1 statement(s)]
After reset, table use_count: 2
WARNING: Table still has 1 other owner(s) after pipeline reset!
Executing script file done
$:hsh mem_usage
------------------------------------------
Memory Usage Statistics:
VmSize:	215677472 kB
VmRSS:	46346280 kB
0: MemResourceStatus {MigratedColumnsAggregate,18446744073709551615,12610235929,10275988050,10275988050,0,0,N/A}
MemResourceStatus {NumaMonotonicResource,3,60000000000,0,0,0,1,0}
MemResourceStatus {NumaMonotonicResource,2,60000000000,1721608,313801392,11854462248,0,11854537832}
MemResourceStatus {NumaMonotonicResource,1,64000000000,1039541809,3750105123,18917318200,0,18917334668}
0: MemResourceStatus {MemManagerAggregate,18446744073709551615,124000000000,1041263417,4063906515,0,0,N/A}
1: MemResourceStatus {MemManagerAggregate,18446744073709551615,60000000000,0,0,0,1,N/A}
MemResourceStatus {DefaultResource,18446744073709551615,18446744073709551615,0,0,0,-1,N/A}
Quick Memory Usage Overview:
Used Capacity: 11317251467, 0
------------------------------------------
Executing script file: /home/umeshsum/tpch_queries/12.sql
[32m(release)[0m> select
[32m(release)[0m> 	l_shipmode,
[32m(release)[0m> 	sum(case
[32m(release)[0m> 		when o_orderpriority = '1-URGENT'
[32m(release)[0m> 			or o_orderpriority = '2-HIGH'
[32m(release)[0m> 			then 1
[32m(release)[0m> 		else 0
[32m(release)[0m> 	end) as high_line_count,
[32m(release)[0m> 	sum(case
[32m(release)[0m> 		when o_orderpriority <> '1-URGENT'
[32m(release)[0m> 			and o_orderpriority <> '2-HIGH'
[32m(release)[0m> 			then 1
[32m(release)[0m> 		else 0
[32m(release)[0m> 	end) as low_line_count
[32m(release)[0m> from
[32m(release)[0m> 	orders,
[32m(release)[0m> 	lineitem
[32m(release)[0m> where
[32m(release)[0m> 	o_orderkey = l_orderkey
[32m(release)[0m> 	and l_shipmode in ('MAIL', 'SHIP')
[32m(release)[0m> 	and l_commitdate < l_receiptdate
[32m(release)[0m> 	and l_shipdate < l_commitdate
[32m(release)[0m> 	and l_receiptdate >= date '1994-01-01'
[32m(release)[0m> 	and l_receiptdate < date '1994-01-01' + interval '1' year
[32m(release)[0m> group by
[32m(release)[0m> 	l_shipmode
[32m(release)[0m> order by
[32m(release)[0m> 	l_shipmode;
VmRSS Change: 115864 KB
===
2 rows total
Execution info: [PARSE: 88 µs 439 ns, SQL TRANSLATE: 0 ns, OPTIMIZE: 0 ns, LQP TRANSLATE: 48 µs 180 ns, EXECUTE: 420 ms 631 µs (wall time) | QUERY PLAN CACHE HITS: 1/1 statement(s)]
After reset, table use_count: 2
WARNING: Table still has 1 other owner(s) after pipeline reset!
Executing script file done
$:hsh mem_usage
------------------------------------------
Memory Usage Statistics:
VmSize:	215677472 kB
VmRSS:	46462124 kB
0: MemResourceStatus {MigratedColumnsAggregate,18446744073709551615,12610235929,10275988050,10275988050,0,0,N/A}
MemResourceStatus {NumaMonotonicResource,3,60000000000,0,0,0,1,0}
MemResourceStatus {NumaMonotonicResource,2,60000000000,1721608,313801392,13171624720,0,13171708696}
MemResourceStatus {NumaMonotonicResource,1,64000000000,1039541809,3750105123,18917318200,0,18917334668}
0: MemResourceStatus {MemManagerAggregate,18446744073709551615,124000000000,1041263417,4063906515,0,0,N/A}
1: MemResourceStatus {MemManagerAggregate,18446744073709551615,60000000000,0,0,0,1,N/A}
MemResourceStatus {DefaultResource,18446744073709551615,18446744073709551615,0,0,0,-1,N/A}
Quick Memory Usage Overview:
Used Capacity: 11317251467, 0
------------------------------------------
Label set to d60000000000_tf60000000000_q13
$:hsh clear_plan_caches
Cleared PQP and LQP caches
$:hsh clear_pipeline
Released last SQLPipeline
$:hsh reset_exec_pools
Reset execution pools (2, 3) bump pointers to start
$:hsh mem_usage
------------------------------------------
Memory Usage Statistics:
VmSize:	215677472 kB
VmRSS:	46462124 kB
0: MemResourceStatus {MigratedColumnsAggregate,18446744073709551615,12610235929,10275988050,10275988050,0,0,N/A}
MemResourceStatus {NumaMonotonicResource,3,60000000000,0,0,0,1,0}
MemResourceStatus {NumaMonotonicResource,2,60000000000,0,0,0,0,0}
MemResourceStatus {NumaMonotonicResource,1,64000000000,1039541809,3750105123,18917318200,0,18917334668}
0: MemResourceStatus {MemManagerAggregate,18446744073709551615,124000000000,1039541809,3750105123,0,0,N/A}
1: MemResourceStatus {MemManagerAggregate,18446744073709551615,60000000000,0,0,0,1,N/A}
MemResourceStatus {DefaultResource,18446744073709551615,18446744073709551615,0,0,0,-1,N/A}
Quick Memory Usage Overview:
Used Capacity: 11315529859, 0
------------------------------------------
Executing script file: /home/umeshsum/tpch_queries/13.sql
[32m(release)[0m> select
[32m(release)[0m> 	c_count,
[32m(release)[0m> 	count(*) as custdist
[32m(release)[0m> from
[32m(release)[0m> 	(
[32m(release)[0m> 		select
[32m(release)[0m> 			c_custkey,
[32m(release)[0m> 			count(o_orderkey)
[32m(release)[0m> 		from
[32m(release)[0m> 			customer left outer join orders on
[32m(release)[0m> 				c_custkey = o_custkey
[32m(release)[0m> 				and o_comment not like '%special%requests%'
[32m(release)[0m> 		group by
[32m(release)[0m> 			c_custkey
[32m(release)[0m> 	) as c_orders (c_custkey, c_count)
[32m(release)[0m> group by
[32m(release)[0m> 	c_count
[32m(release)[0m> order by
[32m(release)[0m> 	custdist desc,
[32m(release)[0m> 	c_count desc;
[PERF] Build side larger than probe side in hash join at src/lib/operators/join_hash.cpp:97
	Performance can be affected. This warning is only shown once.
VmRSS Change: 37996 KB
===
46 rows total
Execution info: [PARSE: 52 µs 589 ns, SQL TRANSLATE: 238 µs 328 ns, OPTIMIZE: 1 ms 137 µs, LQP TRANSLATE: 70 µs 639 ns, EXECUTE: 2 s 228 ms (wall time) | QUERY PLAN CACHE HITS: 0/1 statement(s)]
After reset, table use_count: 2
WARNING: Table still has 1 other owner(s) after pipeline reset!
Executing script file done
$:hsh mem_usage
------------------------------------------
Memory Usage Statistics:
VmSize:	215677472 kB
VmRSS:	46500068 kB
0: MemResourceStatus {MigratedColumnsAggregate,18446744073709551615,12610235929,10275988050,10275988050,0,0,N/A}
MemResourceStatus {NumaMonotonicResource,3,60000000000,0,0,0,1,0}
MemResourceStatus {NumaMonotonicResource,2,60000000000,25062710,1055743390,3399494464,0,3399495960}
MemResourceStatus {NumaMonotonicResource,1,64000000000,1039541809,3750105123,18917318200,0,18917334668}
0: MemResourceStatus {MemManagerAggregate,18446744073709551615,124000000000,1064604519,4805848513,0,0,N/A}
1: MemResourceStatus {MemManagerAggregate,18446744073709551615,60000000000,0,0,0,1,N/A}
MemResourceStatus {DefaultResource,18446744073709551615,18446744073709551615,0,0,0,-1,N/A}
Quick Memory Usage Overview:
Used Capacity: 11340592569, 0
------------------------------------------
Executing script file: /home/umeshsum/tpch_queries/13.sql
[32m(release)[0m> select
[32m(release)[0m> 	c_count,
[32m(release)[0m> 	count(*) as custdist
[32m(release)[0m> from
[32m(release)[0m> 	(
[32m(release)[0m> 		select
[32m(release)[0m> 			c_custkey,
[32m(release)[0m> 			count(o_orderkey)
[32m(release)[0m> 		from
[32m(release)[0m> 			customer left outer join orders on
[32m(release)[0m> 				c_custkey = o_custkey
[32m(release)[0m> 				and o_comment not like '%special%requests%'
[32m(release)[0m> 		group by
[32m(release)[0m> 			c_custkey
[32m(release)[0m> 	) as c_orders (c_custkey, c_count)
[32m(release)[0m> group by
[32m(release)[0m> 	c_count
[32m(release)[0m> order by
[32m(release)[0m> 	custdist desc,
[32m(release)[0m> 	c_count desc;
VmRSS Change: 27792 KB
===
46 rows total
Execution info: [PARSE: 29 µs 850 ns, SQL TRANSLATE: 0 ns, OPTIMIZE: 0 ns, LQP TRANSLATE: 26 µs 290 ns, EXECUTE: 2 s 186 ms (wall time) | QUERY PLAN CACHE HITS: 1/1 statement(s)]
After reset, table use_count: 2
WARNING: Table still has 1 other owner(s) after pipeline reset!
Executing script file done
$:hsh mem_usage
------------------------------------------
Memory Usage Statistics:
VmSize:	215677472 kB
VmRSS:	46527868 kB
0: MemResourceStatus {MigratedColumnsAggregate,18446744073709551615,12610235929,10275988050,10275988050,0,0,N/A}
MemResourceStatus {NumaMonotonicResource,3,60000000000,0,0,0,1,0}
MemResourceStatus {NumaMonotonicResource,2,60000000000,49076409,1079757089,6798984045,0,6798986968}
MemResourceStatus {NumaMonotonicResource,1,64000000000,1039541809,3750105123,18917318200,0,18917334668}
0: MemResourceStatus {MemManagerAggregate,18446744073709551615,124000000000,1088618218,4829862212,0,0,N/A}
1: MemResourceStatus {MemManagerAggregate,18446744073709551615,60000000000,0,0,0,1,N/A}
MemResourceStatus {DefaultResource,18446744073709551615,18446744073709551615,0,0,0,-1,N/A}
Quick Memory Usage Overview:
Used Capacity: 11364606268, 0
------------------------------------------
Executing script file: /home/umeshsum/tpch_queries/13.sql
[32m(release)[0m> select
[32m(release)[0m> 	c_count,
[32m(release)[0m> 	count(*) as custdist
[32m(release)[0m> from
[32m(release)[0m> 	(
[32m(release)[0m> 		select
[32m(release)[0m> 			c_custkey,
[32m(release)[0m> 			count(o_orderkey)
[32m(release)[0m> 		from
[32m(release)[0m> 			customer left outer join orders on
[32m(release)[0m> 				c_custkey = o_custkey
[32m(release)[0m> 				and o_comment not like '%special%requests%'
[32m(release)[0m> 		group by
[32m(release)[0m> 			c_custkey
[32m(release)[0m> 	) as c_orders (c_custkey, c_count)
[32m(release)[0m> group by
[32m(release)[0m> 	c_count
[32m(release)[0m> order by
[32m(release)[0m> 	custdist desc,
[32m(release)[0m> 	c_count desc;
VmRSS Change: 44168 KB
===
46 rows total
Execution info: [PARSE: 63 µs 769 ns, SQL TRANSLATE: 0 ns, OPTIMIZE: 0 ns, LQP TRANSLATE: 20 µs 940 ns, EXECUTE: 2 s 109 ms (wall time) | QUERY PLAN CACHE HITS: 1/1 statement(s)]
After reset, table use_count: 2
WARNING: Table still has 1 other owner(s) after pipeline reset!
Executing script file done
$:hsh mem_usage
------------------------------------------
Memory Usage Statistics:
VmSize:	215677472 kB
VmRSS:	46572024 kB
0: MemResourceStatus {MigratedColumnsAggregate,18446744073709551615,12610235929,10275988050,10275988050,0,0,N/A}
MemResourceStatus {NumaMonotonicResource,3,60000000000,0,0,0,1,0}
MemResourceStatus {NumaMonotonicResource,2,60000000000,49076409,1079757089,10198473626,0,10198478040}
MemResourceStatus {NumaMonotonicResource,1,64000000000,1039541809,3750105123,18917318200,0,18917334668}
0: MemResourceStatus {MemManagerAggregate,18446744073709551615,124000000000,1088618218,4829862212,0,0,N/A}
1: MemResourceStatus {MemManagerAggregate,18446744073709551615,60000000000,0,0,0,1,N/A}
MemResourceStatus {DefaultResource,18446744073709551615,18446744073709551615,0,0,0,-1,N/A}
Quick Memory Usage Overview:
Used Capacity: 11364606268, 0
------------------------------------------
Executing script file: /home/umeshsum/tpch_queries/13.sql
[32m(release)[0m> select
[32m(release)[0m> 	c_count,
[32m(release)[0m> 	count(*) as custdist
[32m(release)[0m> from
[32m(release)[0m> 	(
[32m(release)[0m> 		select
[32m(release)[0m> 			c_custkey,
[32m(release)[0m> 			count(o_orderkey)
[32m(release)[0m> 		from
[32m(release)[0m> 			customer left outer join orders on
[32m(release)[0m> 				c_custkey = o_custkey
[32m(release)[0m> 				and o_comment not like '%special%requests%'
[32m(release)[0m> 		group by
[32m(release)[0m> 			c_custkey
[32m(release)[0m> 	) as c_orders (c_custkey, c_count)
[32m(release)[0m> group by
[32m(release)[0m> 	c_count
[32m(release)[0m> order by
[32m(release)[0m> 	custdist desc,
[32m(release)[0m> 	c_count desc;
VmRSS Change: 146060 KB
===
46 rows total
Execution info: [PARSE: 29 µs 260 ns, SQL TRANSLATE: 0 ns, OPTIMIZE: 0 ns, LQP TRANSLATE: 20 µs 639 ns, EXECUTE: 2 s 207 ms (wall time) | QUERY PLAN CACHE HITS: 1/1 statement(s)]
After reset, table use_count: 2
WARNING: Table still has 1 other owner(s) after pipeline reset!
Executing script file done
$:hsh mem_usage
------------------------------------------
Memory Usage Statistics:
VmSize:	215677472 kB
VmRSS:	46718084 kB
0: MemResourceStatus {MigratedColumnsAggregate,18446744073709551615,12610235929,10275988050,10275988050,0,0,N/A}
MemResourceStatus {NumaMonotonicResource,3,60000000000,0,0,0,1,0}
MemResourceStatus {NumaMonotonicResource,2,60000000000,49076409,1079757089,13597963207,0,13597969144}
MemResourceStatus {NumaMonotonicResource,1,64000000000,1039541809,3750105123,18917318200,0,18917334668}
0: MemResourceStatus {MemManagerAggregate,18446744073709551615,124000000000,1088618218,4829862212,0,0,N/A}
1: MemResourceStatus {MemManagerAggregate,18446744073709551615,60000000000,0,0,0,1,N/A}
MemResourceStatus {DefaultResource,18446744073709551615,18446744073709551615,0,0,0,-1,N/A}
Quick Memory Usage Overview:
Used Capacity: 11364606268, 0
------------------------------------------
Executing script file: /home/umeshsum/tpch_queries/13.sql
[32m(release)[0m> select
[32m(release)[0m> 	c_count,
[32m(release)[0m> 	count(*) as custdist
[32m(release)[0m> from
[32m(release)[0m> 	(
[32m(release)[0m> 		select
[32m(release)[0m> 			c_custkey,
[32m(release)[0m> 			count(o_orderkey)
[32m(release)[0m> 		from
[32m(release)[0m> 			customer left outer join orders on
[32m(release)[0m> 				c_custkey = o_custkey
[32m(release)[0m> 				and o_comment not like '%special%requests%'
[32m(release)[0m> 		group by
[32m(release)[0m> 			c_custkey
[32m(release)[0m> 	) as c_orders (c_custkey, c_count)
[32m(release)[0m> group by
[32m(release)[0m> 	c_count
[32m(release)[0m> order by
[32m(release)[0m> 	custdist desc,
[32m(release)[0m> 	c_count desc;
VmRSS Change: 450188 KB
===
46 rows total
Execution info: [PARSE: 25 µs 520 ns, SQL TRANSLATE: 0 ns, OPTIMIZE: 0 ns, LQP TRANSLATE: 22 µs 290 ns, EXECUTE: 2 s 200 ms (wall time) | QUERY PLAN CACHE HITS: 1/1 statement(s)]
After reset, table use_count: 2
WARNING: Table still has 1 other owner(s) after pipeline reset!
Executing script file done
$:hsh mem_usage
------------------------------------------
Memory Usage Statistics:
VmSize:	215677472 kB
VmRSS:	47168272 kB
0: MemResourceStatus {MigratedColumnsAggregate,18446744073709551615,12610235929,10275988050,10275988050,0,0,N/A}
MemResourceStatus {NumaMonotonicResource,3,60000000000,0,0,0,1,0}
MemResourceStatus {NumaMonotonicResource,2,60000000000,49076409,1079757089,16997452788,0,16997460216}
MemResourceStatus {NumaMonotonicResource,1,64000000000,1039541809,3750105123,18917318200,0,18917334668}
0: MemResourceStatus {MemManagerAggregate,18446744073709551615,124000000000,1088618218,4829862212,0,0,N/A}
1: MemResourceStatus {MemManagerAggregate,18446744073709551615,60000000000,0,0,0,1,N/A}
MemResourceStatus {DefaultResource,18446744073709551615,18446744073709551615,0,0,0,-1,N/A}
Quick Memory Usage Overview:
Used Capacity: 11364606268, 0
------------------------------------------
Executing script file: /home/umeshsum/tpch_queries/13.sql
[32m(release)[0m> select
[32m(release)[0m> 	c_count,
[32m(release)[0m> 	count(*) as custdist
[32m(release)[0m> from
[32m(release)[0m> 	(
[32m(release)[0m> 		select
[32m(release)[0m> 			c_custkey,
[32m(release)[0m> 			count(o_orderkey)
[32m(release)[0m> 		from
[32m(release)[0m> 			customer left outer join orders on
[32m(release)[0m> 				c_custkey = o_custkey
[32m(release)[0m> 				and o_comment not like '%special%requests%'
[32m(release)[0m> 		group by
[32m(release)[0m> 			c_custkey
[32m(release)[0m> 	) as c_orders (c_custkey, c_count)
[32m(release)[0m> group by
[32m(release)[0m> 	c_count
[32m(release)[0m> order by
[32m(release)[0m> 	custdist desc,
[32m(release)[0m> 	c_count desc;
VmRSS Change: 1200688 KB
===
46 rows total
Execution info: [PARSE: 27 µs 90 ns, SQL TRANSLATE: 0 ns, OPTIMIZE: 0 ns, LQP TRANSLATE: 21 µs 720 ns, EXECUTE: 2 s 234 ms (wall time) | QUERY PLAN CACHE HITS: 1/1 statement(s)]
After reset, table use_count: 2
WARNING: Table still has 1 other owner(s) after pipeline reset!
Executing script file done
$:hsh mem_usage
------------------------------------------
Memory Usage Statistics:
VmSize:	215677472 kB
VmRSS:	48368960 kB
0: MemResourceStatus {MigratedColumnsAggregate,18446744073709551615,12610235929,10275988050,10275988050,0,0,N/A}
MemResourceStatus {NumaMonotonicResource,3,60000000000,0,0,0,1,0}
MemResourceStatus {NumaMonotonicResource,2,60000000000,49076409,1080600785,20396942369,0,20396951352}
MemResourceStatus {NumaMonotonicResource,1,64000000000,1039541809,3750105123,18917318200,0,18917334668}
0: MemResourceStatus {MemManagerAggregate,18446744073709551615,124000000000,1088618218,4830705908,0,0,N/A}
1: MemResourceStatus {MemManagerAggregate,18446744073709551615,60000000000,0,0,0,1,N/A}
MemResourceStatus {DefaultResource,18446744073709551615,18446744073709551615,0,0,0,-1,N/A}
Quick Memory Usage Overview:
Used Capacity: 11364606268, 0
------------------------------------------
Executing script file: /home/umeshsum/tpch_queries/13.sql
[32m(release)[0m> select
[32m(release)[0m> 	c_count,
[32m(release)[0m> 	count(*) as custdist
[32m(release)[0m> from
[32m(release)[0m> 	(
[32m(release)[0m> 		select
[32m(release)[0m> 			c_custkey,
[32m(release)[0m> 			count(o_orderkey)
[32m(release)[0m> 		from
[32m(release)[0m> 			customer left outer join orders on
[32m(release)[0m> 				c_custkey = o_custkey
[32m(release)[0m> 				and o_comment not like '%special%requests%'
[32m(release)[0m> 		group by
[32m(release)[0m> 			c_custkey
[32m(release)[0m> 	) as c_orders (c_custkey, c_count)
[32m(release)[0m> group by
[32m(release)[0m> 	c_count
[32m(release)[0m> order by
[32m(release)[0m> 	custdist desc,
[32m(release)[0m> 	c_count desc;
VmRSS Change: 3171744 KB
===
46 rows total
Execution info: [PARSE: 29 µs 500 ns, SQL TRANSLATE: 0 ns, OPTIMIZE: 0 ns, LQP TRANSLATE: 21 µs 779 ns, EXECUTE: 2 s 361 ms (wall time) | QUERY PLAN CACHE HITS: 1/1 statement(s)]
After reset, table use_count: 2
WARNING: Table still has 1 other owner(s) after pipeline reset!
Executing script file done
$:hsh mem_usage
------------------------------------------
Memory Usage Statistics:
VmSize:	215677472 kB
VmRSS:	51540692 kB
0: MemResourceStatus {MigratedColumnsAggregate,18446744073709551615,12610235929,10275988050,10275988050,0,0,N/A}
MemResourceStatus {NumaMonotonicResource,3,60000000000,0,0,0,1,0}
MemResourceStatus {NumaMonotonicResource,2,60000000000,49076409,1080600785,23796431950,0,23796442472}
MemResourceStatus {NumaMonotonicResource,1,64000000000,1039541809,3750105123,18917318200,0,18917334668}
0: MemResourceStatus {MemManagerAggregate,18446744073709551615,124000000000,1088618218,4830705908,0,0,N/A}
1: MemResourceStatus {MemManagerAggregate,18446744073709551615,60000000000,0,0,0,1,N/A}
MemResourceStatus {DefaultResource,18446744073709551615,18446744073709551615,0,0,0,-1,N/A}
Quick Memory Usage Overview:
Used Capacity: 11364606268, 0
------------------------------------------
Executing script file: /home/umeshsum/tpch_queries/13.sql
[32m(release)[0m> select
[32m(release)[0m> 	c_count,
[32m(release)[0m> 	count(*) as custdist
[32m(release)[0m> from
[32m(release)[0m> 	(
[32m(release)[0m> 		select
[32m(release)[0m> 			c_custkey,
[32m(release)[0m> 			count(o_orderkey)
[32m(release)[0m> 		from
[32m(release)[0m> 			customer left outer join orders on
[32m(release)[0m> 				c_custkey = o_custkey
[32m(release)[0m> 				and o_comment not like '%special%requests%'
[32m(release)[0m> 		group by
[32m(release)[0m> 			c_custkey
[32m(release)[0m> 	) as c_orders (c_custkey, c_count)
[32m(release)[0m> group by
[32m(release)[0m> 	c_count
[32m(release)[0m> order by
[32m(release)[0m> 	custdist desc,
[32m(release)[0m> 	c_count desc;
VmRSS Change: 3171236 KB
===
46 rows total
Execution info: [PARSE: 26 µs 80 ns, SQL TRANSLATE: 0 ns, OPTIMIZE: 0 ns, LQP TRANSLATE: 21 µs 210 ns, EXECUTE: 2 s 349 ms (wall time) | QUERY PLAN CACHE HITS: 1/1 statement(s)]
After reset, table use_count: 2
WARNING: Table still has 1 other owner(s) after pipeline reset!
Executing script file done
$:hsh mem_usage
------------------------------------------
Memory Usage Statistics:
VmSize:	215677472 kB
VmRSS:	54711928 kB
0: MemResourceStatus {MigratedColumnsAggregate,18446744073709551615,12610235929,10275988050,10275988050,0,0,N/A}
MemResourceStatus {NumaMonotonicResource,3,60000000000,0,0,0,1,0}
MemResourceStatus {NumaMonotonicResource,2,60000000000,49076409,1080600785,27195921531,0,27195933624}
MemResourceStatus {NumaMonotonicResource,1,64000000000,1039541809,3750105123,18917318200,0,18917334668}
0: MemResourceStatus {MemManagerAggregate,18446744073709551615,124000000000,1088618218,4830705908,0,0,N/A}
1: MemResourceStatus {MemManagerAggregate,18446744073709551615,60000000000,0,0,0,1,N/A}
MemResourceStatus {DefaultResource,18446744073709551615,18446744073709551615,0,0,0,-1,N/A}
Quick Memory Usage Overview:
Used Capacity: 11364606268, 0
------------------------------------------
Executing script file: /home/umeshsum/tpch_queries/13.sql
[32m(release)[0m> select
[32m(release)[0m> 	c_count,
[32m(release)[0m> 	count(*) as custdist
[32m(release)[0m> from
[32m(release)[0m> 	(
[32m(release)[0m> 		select
[32m(release)[0m> 			c_custkey,
[32m(release)[0m> 			count(o_orderkey)
[32m(release)[0m> 		from
[32m(release)[0m> 			customer left outer join orders on
[32m(release)[0m> 				c_custkey = o_custkey
[32m(release)[0m> 				and o_comment not like '%special%requests%'
[32m(release)[0m> 		group by
[32m(release)[0m> 			c_custkey
[32m(release)[0m> 	) as c_orders (c_custkey, c_count)
[32m(release)[0m> group by
[32m(release)[0m> 	c_count
[32m(release)[0m> order by
[32m(release)[0m> 	custdist desc,
[32m(release)[0m> 	c_count desc;
VmRSS Change: 3170948 KB
===
46 rows total
Execution info: [PARSE: 28 µs 29 ns, SQL TRANSLATE: 0 ns, OPTIMIZE: 0 ns, LQP TRANSLATE: 20 µs 630 ns, EXECUTE: 2 s 326 ms (wall time) | QUERY PLAN CACHE HITS: 1/1 statement(s)]
After reset, table use_count: 2
WARNING: Table still has 1 other owner(s) after pipeline reset!
Executing script file done
$:hsh mem_usage
------------------------------------------
Memory Usage Statistics:
VmSize:	215677472 kB
VmRSS:	57882876 kB
0: MemResourceStatus {MigratedColumnsAggregate,18446744073709551615,12610235929,10275988050,10275988050,0,0,N/A}
MemResourceStatus {NumaMonotonicResource,3,60000000000,0,0,0,1,0}
MemResourceStatus {NumaMonotonicResource,2,60000000000,49076409,1080600785,30595411112,0,30595424856}
MemResourceStatus {NumaMonotonicResource,1,64000000000,1039541809,3750105123,18917318200,0,18917334668}
0: MemResourceStatus {MemManagerAggregate,18446744073709551615,124000000000,1088618218,4830705908,0,0,N/A}
1: MemResourceStatus {MemManagerAggregate,18446744073709551615,60000000000,0,0,0,1,N/A}
MemResourceStatus {DefaultResource,18446744073709551615,18446744073709551615,0,0,0,-1,N/A}
Quick Memory Usage Overview:
Used Capacity: 11364606268, 0
------------------------------------------
Executing script file: /home/umeshsum/tpch_queries/13.sql
[32m(release)[0m> select
[32m(release)[0m> 	c_count,
[32m(release)[0m> 	count(*) as custdist
[32m(release)[0m> from
[32m(release)[0m> 	(
[32m(release)[0m> 		select
[32m(release)[0m> 			c_custkey,
[32m(release)[0m> 			count(o_orderkey)
[32m(release)[0m> 		from
[32m(release)[0m> 			customer left outer join orders on
[32m(release)[0m> 				c_custkey = o_custkey
[32m(release)[0m> 				and o_comment not like '%special%requests%'
[32m(release)[0m> 		group by
[32m(release)[0m> 			c_custkey
[32m(release)[0m> 	) as c_orders (c_custkey, c_count)
[32m(release)[0m> group by
[32m(release)[0m> 	c_count
[32m(release)[0m> order by
[32m(release)[0m> 	custdist desc,
[32m(release)[0m> 	c_count desc;
VmRSS Change: 3171744 KB
===
46 rows total
Execution info: [PARSE: 52 µs 979 ns, SQL TRANSLATE: 0 ns, OPTIMIZE: 0 ns, LQP TRANSLATE: 19 µs 570 ns, EXECUTE: 2 s 346 ms (wall time) | QUERY PLAN CACHE HITS: 1/1 statement(s)]
After reset, table use_count: 2
WARNING: Table still has 1 other owner(s) after pipeline reset!
Executing script file done
$:hsh mem_usage
------------------------------------------
Memory Usage Statistics:
VmSize:	215677472 kB
VmRSS:	61054608 kB
0: MemResourceStatus {MigratedColumnsAggregate,18446744073709551615,12610235929,10275988050,10275988050,0,0,N/A}
MemResourceStatus {NumaMonotonicResource,3,60000000000,0,0,0,1,0}
MemResourceStatus {NumaMonotonicResource,2,60000000000,49076409,1080600785,33994900693,0,33994915944}
MemResourceStatus {NumaMonotonicResource,1,64000000000,1039541809,3750105123,18917318200,0,18917334668}
0: MemResourceStatus {MemManagerAggregate,18446744073709551615,124000000000,1088618218,4830705908,0,0,N/A}
1: MemResourceStatus {MemManagerAggregate,18446744073709551615,60000000000,0,0,0,1,N/A}
MemResourceStatus {DefaultResource,18446744073709551615,18446744073709551615,0,0,0,-1,N/A}
Quick Memory Usage Overview:
Used Capacity: 11364606268, 0
------------------------------------------
Label set to d60000000000_tf60000000000_q14
$:hsh clear_plan_caches
Cleared PQP and LQP caches
$:hsh clear_pipeline
Released last SQLPipeline
$:hsh reset_exec_pools
Reset execution pools (2, 3) bump pointers to start
$:hsh mem_usage
------------------------------------------
Memory Usage Statistics:
VmSize:	215677472 kB
VmRSS:	61054608 kB
0: MemResourceStatus {MigratedColumnsAggregate,18446744073709551615,12610235929,10275988050,10275988050,0,0,N/A}
MemResourceStatus {NumaMonotonicResource,3,60000000000,0,0,0,1,0}
MemResourceStatus {NumaMonotonicResource,2,60000000000,0,0,0,0,0}
MemResourceStatus {NumaMonotonicResource,1,64000000000,1039541809,3750105123,18917318200,0,18917334668}
0: MemResourceStatus {MemManagerAggregate,18446744073709551615,124000000000,1039541809,3750105123,0,0,N/A}
1: MemResourceStatus {MemManagerAggregate,18446744073709551615,60000000000,0,0,0,1,N/A}
MemResourceStatus {DefaultResource,18446744073709551615,18446744073709551615,0,0,0,-1,N/A}
Quick Memory Usage Overview:
Used Capacity: 11315529859, 0
------------------------------------------
Executing script file: /home/umeshsum/tpch_queries/14.sql
[32m(release)[0m> select
[32m(release)[0m> 	100.00 * sum(case
[32m(release)[0m> 		when p_type like 'PROMO%'
[32m(release)[0m> 			then l_extendedprice * (1 - l_discount)
[32m(release)[0m> 		else 0
[32m(release)[0m> 	end) / sum(l_extendedprice * (1 - l_discount)) as promo_revenue
[32m(release)[0m> from
[32m(release)[0m> 	lineitem,
[32m(release)[0m> 	part
[32m(release)[0m> where
[32m(release)[0m> 	l_partkey = p_partkey
[32m(release)[0m> 	and l_shipdate >= date '1995-09-01'
[32m(release)[0m> 	and l_shipdate < date '1995-09-01' + interval '1' month;
VmRSS Change: 18446744073709551076 KB
===
1 rows total
Execution info: [PARSE: 35 µs 730 ns, SQL TRANSLATE: 125 µs 829 ns, OPTIMIZE: 1 ms 759 µs, LQP TRANSLATE: 50 µs 469 ns, EXECUTE: 594 ms 266 µs (wall time) | QUERY PLAN CACHE HITS: 0/1 statement(s)]
After reset, table use_count: 2
WARNING: Table still has 1 other owner(s) after pipeline reset!
Executing script file done
$:hsh mem_usage
------------------------------------------
Memory Usage Statistics:
VmSize:	215677472 kB
VmRSS:	61054096 kB
0: MemResourceStatus {MigratedColumnsAggregate,18446744073709551615,12610235929,10275988050,10275988050,0,0,N/A}
MemResourceStatus {NumaMonotonicResource,3,60000000000,0,0,0,1,0}
MemResourceStatus {NumaMonotonicResource,2,60000000000,760,76067764,428386135,0,428388336}
MemResourceStatus {NumaMonotonicResource,1,64000000000,1039541809,3750105123,18917318200,0,18917334668}
0: MemResourceStatus {MemManagerAggregate,18446744073709551615,124000000000,1039542569,3826172887,0,0,N/A}
1: MemResourceStatus {MemManagerAggregate,18446744073709551615,60000000000,0,0,0,1,N/A}
MemResourceStatus {DefaultResource,18446744073709551615,18446744073709551615,0,0,0,-1,N/A}
Quick Memory Usage Overview:
Used Capacity: 11315530619, 0
------------------------------------------
Executing script file: /home/umeshsum/tpch_queries/14.sql
[32m(release)[0m> select
[32m(release)[0m> 	100.00 * sum(case
[32m(release)[0m> 		when p_type like 'PROMO%'
[32m(release)[0m> 			then l_extendedprice * (1 - l_discount)
[32m(release)[0m> 		else 0
[32m(release)[0m> 	end) / sum(l_extendedprice * (1 - l_discount)) as promo_revenue
[32m(release)[0m> from
[32m(release)[0m> 	lineitem,
[32m(release)[0m> 	part
[32m(release)[0m> where
[32m(release)[0m> 	l_partkey = p_partkey
[32m(release)[0m> 	and l_shipdate >= date '1995-09-01'
[32m(release)[0m> 	and l_shipdate < date '1995-09-01' + interval '1' month;
VmRSS Change: 92 KB
===
1 rows total
Execution info: [PARSE: 38 µs 779 ns, SQL TRANSLATE: 0 ns, OPTIMIZE: 0 ns, LQP TRANSLATE: 27 µs 390 ns, EXECUTE: 571 ms 139 µs (wall time) | QUERY PLAN CACHE HITS: 1/1 statement(s)]
After reset, table use_count: 2
WARNING: Table still has 1 other owner(s) after pipeline reset!
Executing script file done
$:hsh mem_usage
------------------------------------------
Memory Usage Statistics:
VmSize:	215677472 kB
VmRSS:	61054192 kB
0: MemResourceStatus {MigratedColumnsAggregate,18446744073709551615,12610235929,10275988050,10275988050,0,0,N/A}
MemResourceStatus {NumaMonotonicResource,3,60000000000,0,0,0,1,0}
MemResourceStatus {NumaMonotonicResource,2,60000000000,1288,77978816,856772270,0,856776624}
MemResourceStatus {NumaMonotonicResource,1,64000000000,1039541809,3750105123,18917318200,0,18917334668}
0: MemResourceStatus {MemManagerAggregate,18446744073709551615,124000000000,1039543097,3828083939,0,0,N/A}
1: MemResourceStatus {MemManagerAggregate,18446744073709551615,60000000000,0,0,0,1,N/A}
MemResourceStatus {DefaultResource,18446744073709551615,18446744073709551615,0,0,0,-1,N/A}
Quick Memory Usage Overview:
Used Capacity: 11315531147, 0
------------------------------------------
Executing script file: /home/umeshsum/tpch_queries/14.sql
[32m(release)[0m> select
[32m(release)[0m> 	100.00 * sum(case
[32m(release)[0m> 		when p_type like 'PROMO%'
[32m(release)[0m> 			then l_extendedprice * (1 - l_discount)
[32m(release)[0m> 		else 0
[32m(release)[0m> 	end) / sum(l_extendedprice * (1 - l_discount)) as promo_revenue
[32m(release)[0m> from
[32m(release)[0m> 	lineitem,
[32m(release)[0m> 	part
[32m(release)[0m> where
[32m(release)[0m> 	l_partkey = p_partkey
[32m(release)[0m> 	and l_shipdate >= date '1995-09-01'
[32m(release)[0m> 	and l_shipdate < date '1995-09-01' + interval '1' month;
VmRSS Change: 92 KB
===
1 rows total
Execution info: [PARSE: 35 µs 370 ns, SQL TRANSLATE: 0 ns, OPTIMIZE: 0 ns, LQP TRANSLATE: 26 µs 970 ns, EXECUTE: 571 ms 716 µs (wall time) | QUERY PLAN CACHE HITS: 1/1 statement(s)]
After reset, table use_count: 2
WARNING: Table still has 1 other owner(s) after pipeline reset!
Executing script file done
$:hsh mem_usage
------------------------------------------
Memory Usage Statistics:
VmSize:	215677472 kB
VmRSS:	61054284 kB
0: MemResourceStatus {MigratedColumnsAggregate,18446744073709551615,12610235929,10275988050,10275988050,0,0,N/A}
MemResourceStatus {NumaMonotonicResource,3,60000000000,0,0,0,1,0}
MemResourceStatus {NumaMonotonicResource,2,60000000000,1288,77978816,1285158405,0,1285164880}
MemResourceStatus {NumaMonotonicResource,1,64000000000,1039541809,3750105123,18917318200,0,18917334668}
0: MemResourceStatus {MemManagerAggregate,18446744073709551615,124000000000,1039543097,3828083939,0,0,N/A}
1: MemResourceStatus {MemManagerAggregate,18446744073709551615,60000000000,0,0,0,1,N/A}
MemResourceStatus {DefaultResource,18446744073709551615,18446744073709551615,0,0,0,-1,N/A}
Quick Memory Usage Overview:
Used Capacity: 11315531147, 0
------------------------------------------
Executing script file: /home/umeshsum/tpch_queries/14.sql
[32m(release)[0m> select
[32m(release)[0m> 	100.00 * sum(case
[32m(release)[0m> 		when p_type like 'PROMO%'
[32m(release)[0m> 			then l_extendedprice * (1 - l_discount)
[32m(release)[0m> 		else 0
[32m(release)[0m> 	end) / sum(l_extendedprice * (1 - l_discount)) as promo_revenue
[32m(release)[0m> from
[32m(release)[0m> 	lineitem,
[32m(release)[0m> 	part
[32m(release)[0m> where
[32m(release)[0m> 	l_partkey = p_partkey
[32m(release)[0m> 	and l_shipdate >= date '1995-09-01'
[32m(release)[0m> 	and l_shipdate < date '1995-09-01' + interval '1' month;
VmRSS Change: 108 KB
===
1 rows total
Execution info: [PARSE: 34 µs 600 ns, SQL TRANSLATE: 0 ns, OPTIMIZE: 0 ns, LQP TRANSLATE: 28 µs 460 ns, EXECUTE: 572 ms 379 µs (wall time) | QUERY PLAN CACHE HITS: 1/1 statement(s)]
After reset, table use_count: 2
WARNING: Table still has 1 other owner(s) after pipeline reset!
Executing script file done
$:hsh mem_usage
------------------------------------------
Memory Usage Statistics:
VmSize:	215677472 kB
VmRSS:	61054392 kB
0: MemResourceStatus {MigratedColumnsAggregate,18446744073709551615,12610235929,10275988050,10275988050,0,0,N/A}
MemResourceStatus {NumaMonotonicResource,3,60000000000,0,0,0,1,0}
MemResourceStatus {NumaMonotonicResource,2,60000000000,1288,78654644,1713544540,0,1713553104}
MemResourceStatus {NumaMonotonicResource,1,64000000000,1039541809,3750105123,18917318200,0,18917334668}
0: MemResourceStatus {MemManagerAggregate,18446744073709551615,124000000000,1039543097,3828759767,0,0,N/A}
1: MemResourceStatus {MemManagerAggregate,18446744073709551615,60000000000,0,0,0,1,N/A}
MemResourceStatus {DefaultResource,18446744073709551615,18446744073709551615,0,0,0,-1,N/A}
Quick Memory Usage Overview:
Used Capacity: 11315531147, 0
------------------------------------------
Executing script file: /home/umeshsum/tpch_queries/14.sql
[32m(release)[0m> select
[32m(release)[0m> 	100.00 * sum(case
[32m(release)[0m> 		when p_type like 'PROMO%'
[32m(release)[0m> 			then l_extendedprice * (1 - l_discount)
[32m(release)[0m> 		else 0
[32m(release)[0m> 	end) / sum(l_extendedprice * (1 - l_discount)) as promo_revenue
[32m(release)[0m> from
[32m(release)[0m> 	lineitem,
[32m(release)[0m> 	part
[32m(release)[0m> where
[32m(release)[0m> 	l_partkey = p_partkey
[32m(release)[0m> 	and l_shipdate >= date '1995-09-01'
[32m(release)[0m> 	and l_shipdate < date '1995-09-01' + interval '1' month;
VmRSS Change: 360 KB
===
1 rows total
Execution info: [PARSE: 33 µs 129 ns, SQL TRANSLATE: 0 ns, OPTIMIZE: 0 ns, LQP TRANSLATE: 27 µs 550 ns, EXECUTE: 573 ms 310 µs (wall time) | QUERY PLAN CACHE HITS: 1/1 statement(s)]
After reset, table use_count: 2
WARNING: Table still has 1 other owner(s) after pipeline reset!
Executing script file done
$:hsh mem_usage
------------------------------------------
Memory Usage Statistics:
VmSize:	215677472 kB
VmRSS:	61054752 kB
0: MemResourceStatus {MigratedColumnsAggregate,18446744073709551615,12610235929,10275988050,10275988050,0,0,N/A}
MemResourceStatus {NumaMonotonicResource,3,60000000000,0,0,0,1,0}
MemResourceStatus {NumaMonotonicResource,2,60000000000,1288,78654644,2141930675,0,2141941328}
MemResourceStatus {NumaMonotonicResource,1,64000000000,1039541809,3750105123,18917318200,0,18917334668}
0: MemResourceStatus {MemManagerAggregate,18446744073709551615,124000000000,1039543097,3828759767,0,0,N/A}
1: MemResourceStatus {MemManagerAggregate,18446744073709551615,60000000000,0,0,0,1,N/A}
MemResourceStatus {DefaultResource,18446744073709551615,18446744073709551615,0,0,0,-1,N/A}
Quick Memory Usage Overview:
Used Capacity: 11315531147, 0
------------------------------------------
Executing script file: /home/umeshsum/tpch_queries/14.sql
[32m(release)[0m> select
[32m(release)[0m> 	100.00 * sum(case
[32m(release)[0m> 		when p_type like 'PROMO%'
[32m(release)[0m> 			then l_extendedprice * (1 - l_discount)
[32m(release)[0m> 		else 0
[32m(release)[0m> 	end) / sum(l_extendedprice * (1 - l_discount)) as promo_revenue
[32m(release)[0m> from
[32m(release)[0m> 	lineitem,
[32m(release)[0m> 	part
[32m(release)[0m> where
[32m(release)[0m> 	l_partkey = p_partkey
[32m(release)[0m> 	and l_shipdate >= date '1995-09-01'
[32m(release)[0m> 	and l_shipdate < date '1995-09-01' + interval '1' month;
VmRSS Change: 1248 KB
===
1 rows total
Execution info: [PARSE: 32 µs 300 ns, SQL TRANSLATE: 0 ns, OPTIMIZE: 0 ns, LQP TRANSLATE: 23 µs 480 ns, EXECUTE: 575 ms 804 µs (wall time) | QUERY PLAN CACHE HITS: 1/1 statement(s)]
After reset, table use_count: 2
WARNING: Table still has 1 other owner(s) after pipeline reset!
Executing script file done
$:hsh mem_usage
------------------------------------------
Memory Usage Statistics:
VmSize:	215677472 kB
VmRSS:	61056000 kB
0: MemResourceStatus {MigratedColumnsAggregate,18446744073709551615,12610235929,10275988050,10275988050,0,0,N/A}
MemResourceStatus {NumaMonotonicResource,3,60000000000,0,0,0,1,0}
MemResourceStatus {NumaMonotonicResource,2,60000000000,1288,81027304,2570316810,0,2570329584}
MemResourceStatus {NumaMonotonicResource,1,64000000000,1039541809,3750105123,18917318200,0,18917334668}
0: MemResourceStatus {MemManagerAggregate,18446744073709551615,124000000000,1039543097,3831132427,0,0,N/A}
1: MemResourceStatus {MemManagerAggregate,18446744073709551615,60000000000,0,0,0,1,N/A}
MemResourceStatus {DefaultResource,18446744073709551615,18446744073709551615,0,0,0,-1,N/A}
Quick Memory Usage Overview:
Used Capacity: 11315531147, 0
------------------------------------------
Executing script file: /home/umeshsum/tpch_queries/14.sql
[32m(release)[0m> select
[32m(release)[0m> 	100.00 * sum(case
[32m(release)[0m> 		when p_type like 'PROMO%'
[32m(release)[0m> 			then l_extendedprice * (1 - l_discount)
[32m(release)[0m> 		else 0
[32m(release)[0m> 	end) / sum(l_extendedprice * (1 - l_discount)) as promo_revenue
[32m(release)[0m> from
[32m(release)[0m> 	lineitem,
[32m(release)[0m> 	part
[32m(release)[0m> where
[32m(release)[0m> 	l_partkey = p_partkey
[32m(release)[0m> 	and l_shipdate >= date '1995-09-01'
[32m(release)[0m> 	and l_shipdate < date '1995-09-01' + interval '1' month;
VmRSS Change: 8 KB
===
1 rows total
Execution info: [PARSE: 31 µs 459 ns, SQL TRANSLATE: 0 ns, OPTIMIZE: 0 ns, LQP TRANSLATE: 23 µs 900 ns, EXECUTE: 575 ms 989 µs (wall time) | QUERY PLAN CACHE HITS: 1/1 statement(s)]
After reset, table use_count: 2
WARNING: Table still has 1 other owner(s) after pipeline reset!
Executing script file done
$:hsh mem_usage
------------------------------------------
Memory Usage Statistics:
VmSize:	215677472 kB
VmRSS:	61056008 kB
0: MemResourceStatus {MigratedColumnsAggregate,18446744073709551615,12610235929,10275988050,10275988050,0,0,N/A}
MemResourceStatus {NumaMonotonicResource,3,60000000000,0,0,0,1,0}
MemResourceStatus {NumaMonotonicResource,2,60000000000,1288,81027304,2998702945,0,2998717808}
MemResourceStatus {NumaMonotonicResource,1,64000000000,1039541809,3750105123,18917318200,0,18917334668}
0: MemResourceStatus {MemManagerAggregate,18446744073709551615,124000000000,1039543097,3831132427,0,0,N/A}
1: MemResourceStatus {MemManagerAggregate,18446744073709551615,60000000000,0,0,0,1,N/A}
MemResourceStatus {DefaultResource,18446744073709551615,18446744073709551615,0,0,0,-1,N/A}
Quick Memory Usage Overview:
Used Capacity: 11315531147, 0
------------------------------------------
Executing script file: /home/umeshsum/tpch_queries/14.sql
[32m(release)[0m> select
[32m(release)[0m> 	100.00 * sum(case
[32m(release)[0m> 		when p_type like 'PROMO%'
[32m(release)[0m> 			then l_extendedprice * (1 - l_discount)
[32m(release)[0m> 		else 0
[32m(release)[0m> 	end) / sum(l_extendedprice * (1 - l_discount)) as promo_revenue
[32m(release)[0m> from
[32m(release)[0m> 	lineitem,
[32m(release)[0m> 	part
[32m(release)[0m> where
[32m(release)[0m> 	l_partkey = p_partkey
[32m(release)[0m> 	and l_shipdate >= date '1995-09-01'
[32m(release)[0m> 	and l_shipdate < date '1995-09-01' + interval '1' month;
VmRSS Change: 60 KB
===
1 rows total
Execution info: [PARSE: 35 µs 909 ns, SQL TRANSLATE: 0 ns, OPTIMIZE: 0 ns, LQP TRANSLATE: 27 µs 580 ns, EXECUTE: 572 ms 665 µs (wall time) | QUERY PLAN CACHE HITS: 1/1 statement(s)]
After reset, table use_count: 2
WARNING: Table still has 1 other owner(s) after pipeline reset!
Executing script file done
$:hsh mem_usage
------------------------------------------
Memory Usage Statistics:
VmSize:	215677472 kB
VmRSS:	61056068 kB
0: MemResourceStatus {MigratedColumnsAggregate,18446744073709551615,12610235929,10275988050,10275988050,0,0,N/A}
MemResourceStatus {NumaMonotonicResource,3,60000000000,0,0,0,1,0}
MemResourceStatus {NumaMonotonicResource,2,60000000000,1288,81027304,3427089080,0,3427106016}
MemResourceStatus {NumaMonotonicResource,1,64000000000,1039541809,3750105123,18917318200,0,18917334668}
0: MemResourceStatus {MemManagerAggregate,18446744073709551615,124000000000,1039543097,3831132427,0,0,N/A}
1: MemResourceStatus {MemManagerAggregate,18446744073709551615,60000000000,0,0,0,1,N/A}
MemResourceStatus {DefaultResource,18446744073709551615,18446744073709551615,0,0,0,-1,N/A}
Quick Memory Usage Overview:
Used Capacity: 11315531147, 0
------------------------------------------
Executing script file: /home/umeshsum/tpch_queries/14.sql
[32m(release)[0m> select
[32m(release)[0m> 	100.00 * sum(case
[32m(release)[0m> 		when p_type like 'PROMO%'
[32m(release)[0m> 			then l_extendedprice * (1 - l_discount)
[32m(release)[0m> 		else 0
[32m(release)[0m> 	end) / sum(l_extendedprice * (1 - l_discount)) as promo_revenue
[32m(release)[0m> from
[32m(release)[0m> 	lineitem,
[32m(release)[0m> 	part
[32m(release)[0m> where
[32m(release)[0m> 	l_partkey = p_partkey
[32m(release)[0m> 	and l_shipdate >= date '1995-09-01'
[32m(release)[0m> 	and l_shipdate < date '1995-09-01' + interval '1' month;
VmRSS Change: 244 KB
===
1 rows total
Execution info: [PARSE: 38 µs 569 ns, SQL TRANSLATE: 0 ns, OPTIMIZE: 0 ns, LQP TRANSLATE: 27 µs 0 ns, EXECUTE: 578 ms 818 µs (wall time) | QUERY PLAN CACHE HITS: 1/1 statement(s)]
After reset, table use_count: 2
WARNING: Table still has 1 other owner(s) after pipeline reset!
Executing script file done
$:hsh mem_usage
------------------------------------------
Memory Usage Statistics:
VmSize:	215677472 kB
VmRSS:	61056312 kB
0: MemResourceStatus {MigratedColumnsAggregate,18446744073709551615,12610235929,10275988050,10275988050,0,0,N/A}
MemResourceStatus {NumaMonotonicResource,3,60000000000,0,0,0,1,0}
MemResourceStatus {NumaMonotonicResource,2,60000000000,1288,81027304,3855475215,0,3855494272}
MemResourceStatus {NumaMonotonicResource,1,64000000000,1039541809,3750105123,18917318200,0,18917334668}
0: MemResourceStatus {MemManagerAggregate,18446744073709551615,124000000000,1039543097,3831132427,0,0,N/A}
1: MemResourceStatus {MemManagerAggregate,18446744073709551615,60000000000,0,0,0,1,N/A}
MemResourceStatus {DefaultResource,18446744073709551615,18446744073709551615,0,0,0,-1,N/A}
Quick Memory Usage Overview:
Used Capacity: 11315531147, 0
------------------------------------------
Executing script file: /home/umeshsum/tpch_queries/14.sql
[32m(release)[0m> select
[32m(release)[0m> 	100.00 * sum(case
[32m(release)[0m> 		when p_type like 'PROMO%'
[32m(release)[0m> 			then l_extendedprice * (1 - l_discount)
[32m(release)[0m> 		else 0
[32m(release)[0m> 	end) / sum(l_extendedprice * (1 - l_discount)) as promo_revenue
[32m(release)[0m> from
[32m(release)[0m> 	lineitem,
[32m(release)[0m> 	part
[32m(release)[0m> where
[32m(release)[0m> 	l_partkey = p_partkey
[32m(release)[0m> 	and l_shipdate >= date '1995-09-01'
[32m(release)[0m> 	and l_shipdate < date '1995-09-01' + interval '1' month;
VmRSS Change: 18446744073709551612 KB
===
1 rows total
Execution info: [PARSE: 39 µs 500 ns, SQL TRANSLATE: 0 ns, OPTIMIZE: 0 ns, LQP TRANSLATE: 24 µs 470 ns, EXECUTE: 573 ms 582 µs (wall time) | QUERY PLAN CACHE HITS: 1/1 statement(s)]
After reset, table use_count: 2
WARNING: Table still has 1 other owner(s) after pipeline reset!
Executing script file done
$:hsh mem_usage
------------------------------------------
Memory Usage Statistics:
VmSize:	215677472 kB
VmRSS:	61056304 kB
0: MemResourceStatus {MigratedColumnsAggregate,18446744073709551615,12610235929,10275988050,10275988050,0,0,N/A}
MemResourceStatus {NumaMonotonicResource,3,60000000000,0,0,0,1,0}
MemResourceStatus {NumaMonotonicResource,2,60000000000,1288,81027304,4283861350,0,4283882496}
MemResourceStatus {NumaMonotonicResource,1,64000000000,1039541809,3750105123,18917318200,0,18917334668}
0: MemResourceStatus {MemManagerAggregate,18446744073709551615,124000000000,1039543097,3831132427,0,0,N/A}
1: MemResourceStatus {MemManagerAggregate,18446744073709551615,60000000000,0,0,0,1,N/A}
MemResourceStatus {DefaultResource,18446744073709551615,18446744073709551615,0,0,0,-1,N/A}
Quick Memory Usage Overview:
Used Capacity: 11315531147, 0
------------------------------------------
Label set to d60000000000_tf60000000000_q16
$:hsh clear_plan_caches
Cleared PQP and LQP caches
$:hsh clear_pipeline
Released last SQLPipeline
$:hsh reset_exec_pools
Reset execution pools (2, 3) bump pointers to start
$:hsh mem_usage
------------------------------------------
Memory Usage Statistics:
VmSize:	215677472 kB
VmRSS:	61056304 kB
0: MemResourceStatus {MigratedColumnsAggregate,18446744073709551615,12610235929,10275988050,10275988050,0,0,N/A}
MemResourceStatus {NumaMonotonicResource,3,60000000000,0,0,0,1,0}
MemResourceStatus {NumaMonotonicResource,2,60000000000,0,0,0,0,0}
MemResourceStatus {NumaMonotonicResource,1,64000000000,1039541809,3750105123,18917318200,0,18917334668}
0: MemResourceStatus {MemManagerAggregate,18446744073709551615,124000000000,1039541809,3750105123,0,0,N/A}
1: MemResourceStatus {MemManagerAggregate,18446744073709551615,60000000000,0,0,0,1,N/A}
MemResourceStatus {DefaultResource,18446744073709551615,18446744073709551615,0,0,0,-1,N/A}
Quick Memory Usage Overview:
Used Capacity: 11315529859, 0
------------------------------------------
Executing script file: /home/umeshsum/tpch_queries/16.sql
[32m(release)[0m> select
[32m(release)[0m> 	p_brand,
[32m(release)[0m> 	p_type,
[32m(release)[0m> 	p_size,
[32m(release)[0m> 	count(distinct ps_suppkey) as supplier_cnt
[32m(release)[0m> from
[32m(release)[0m> 	partsupp,
[32m(release)[0m> 	part
[32m(release)[0m> where
[32m(release)[0m> 	p_partkey = ps_partkey
[32m(release)[0m> 	and p_brand <> 'Brand#45'
[32m(release)[0m> 	and p_type not like 'MEDIUM POLISHED%'
[32m(release)[0m> 	and p_size in (49, 14, 23, 45, 19, 3, 36, 9)
[32m(release)[0m> 	and ps_suppkey not in (
[32m(release)[0m> 		select
[32m(release)[0m> 			s_suppkey
[32m(release)[0m> 		from
[32m(release)[0m> 			supplier
[32m(release)[0m> 		where
[32m(release)[0m> 			s_comment like '%Customer%Complaints%'
[32m(release)[0m> 	)
[32m(release)[0m> group by
[32m(release)[0m> 	p_brand,
[32m(release)[0m> 	p_type,
[32m(release)[0m> 	p_size
[32m(release)[0m> order by
[32m(release)[0m> 	supplier_cnt desc,
[32m(release)[0m> 	p_brand,
[32m(release)[0m> 	p_type,
[32m(release)[0m> 	p_size;
VmRSS Change: 1476 KB
===
27840 rows total
Execution info: [PARSE: 42 µs 430 ns, SQL TRANSLATE: 109 µs 59 ns, OPTIMIZE: 1 ms 364 µs, LQP TRANSLATE: 158 µs 718 ns, EXECUTE: 270 ms 214 µs (wall time) | QUERY PLAN CACHE HITS: 0/1 statement(s)]
After reset, table use_count: 2
WARNING: Table still has 1 other owner(s) after pipeline reset!
Executing script file done
$:hsh mem_usage
------------------------------------------
Memory Usage Statistics:
VmSize:	215677472 kB
VmRSS:	61057800 kB
0: MemResourceStatus {MigratedColumnsAggregate,18446744073709551615,12610235929,10275988050,10275988050,0,0,N/A}
MemResourceStatus {NumaMonotonicResource,3,60000000000,0,0,0,1,0}
MemResourceStatus {NumaMonotonicResource,2,60000000000,2996412,131966620,803588363,0,803590904}
MemResourceStatus {NumaMonotonicResource,1,64000000000,1039541809,3750105123,18917318200,0,18917334668}
0: MemResourceStatus {MemManagerAggregate,18446744073709551615,124000000000,1042538221,3882071743,0,0,N/A}
1: MemResourceStatus {MemManagerAggregate,18446744073709551615,60000000000,0,0,0,1,N/A}
MemResourceStatus {DefaultResource,18446744073709551615,18446744073709551615,0,0,0,-1,N/A}
Quick Memory Usage Overview:
Used Capacity: 11318526271, 0
------------------------------------------
Executing script file: /home/umeshsum/tpch_queries/16.sql
[32m(release)[0m> select
[32m(release)[0m> 	p_brand,
[32m(release)[0m> 	p_type,
[32m(release)[0m> 	p_size,
[32m(release)[0m> 	count(distinct ps_suppkey) as supplier_cnt
[32m(release)[0m> from
[32m(release)[0m> 	partsupp,
[32m(release)[0m> 	part
[32m(release)[0m> where
[32m(release)[0m> 	p_partkey = ps_partkey
[32m(release)[0m> 	and p_brand <> 'Brand#45'
[32m(release)[0m> 	and p_type not like 'MEDIUM POLISHED%'
[32m(release)[0m> 	and p_size in (49, 14, 23, 45, 19, 3, 36, 9)
[32m(release)[0m> 	and ps_suppkey not in (
[32m(release)[0m> 		select
[32m(release)[0m> 			s_suppkey
[32m(release)[0m> 		from
[32m(release)[0m> 			supplier
[32m(release)[0m> 		where
[32m(release)[0m> 			s_comment like '%Customer%Complaints%'
[32m(release)[0m> 	)
[32m(release)[0m> group by
[32m(release)[0m> 	p_brand,
[32m(release)[0m> 	p_type,
[32m(release)[0m> 	p_size
[32m(release)[0m> order by
[32m(release)[0m> 	supplier_cnt desc,
[32m(release)[0m> 	p_brand,
[32m(release)[0m> 	p_type,
[32m(release)[0m> 	p_size;
VmRSS Change: 844 KB
===
27840 rows total
Execution info: [PARSE: 76 µs 239 ns, SQL TRANSLATE: 0 ns, OPTIMIZE: 0 ns, LQP TRANSLATE: 71 µs 390 ns, EXECUTE: 369 ms 564 µs (wall time) | QUERY PLAN CACHE HITS: 1/1 statement(s)]
After reset, table use_count: 2
WARNING: Table still has 1 other owner(s) after pipeline reset!
Executing script file done
$:hsh mem_usage
------------------------------------------
Memory Usage Statistics:
VmSize:	215677472 kB
VmRSS:	61058648 kB
0: MemResourceStatus {MigratedColumnsAggregate,18446744073709551615,12610235929,10275988050,10275988050,0,0,N/A}
MemResourceStatus {NumaMonotonicResource,3,60000000000,0,0,0,1,0}
MemResourceStatus {NumaMonotonicResource,2,60000000000,3894834,132865042,1607090401,0,1607095480}
MemResourceStatus {NumaMonotonicResource,1,64000000000,1039541809,3750105123,18917318200,0,18917334668}
0: MemResourceStatus {MemManagerAggregate,18446744073709551615,124000000000,1043436643,3882970165,0,0,N/A}
1: MemResourceStatus {MemManagerAggregate,18446744073709551615,60000000000,0,0,0,1,N/A}
MemResourceStatus {DefaultResource,18446744073709551615,18446744073709551615,0,0,0,-1,N/A}
Quick Memory Usage Overview:
Used Capacity: 11319424693, 0
------------------------------------------
Executing script file: /home/umeshsum/tpch_queries/16.sql
[32m(release)[0m> select
[32m(release)[0m> 	p_brand,
[32m(release)[0m> 	p_type,
[32m(release)[0m> 	p_size,
[32m(release)[0m> 	count(distinct ps_suppkey) as supplier_cnt
[32m(release)[0m> from
[32m(release)[0m> 	partsupp,
[32m(release)[0m> 	part
[32m(release)[0m> where
[32m(release)[0m> 	p_partkey = ps_partkey
[32m(release)[0m> 	and p_brand <> 'Brand#45'
[32m(release)[0m> 	and p_type not like 'MEDIUM POLISHED%'
[32m(release)[0m> 	and p_size in (49, 14, 23, 45, 19, 3, 36, 9)
[32m(release)[0m> 	and ps_suppkey not in (
[32m(release)[0m> 		select
[32m(release)[0m> 			s_suppkey
[32m(release)[0m> 		from
[32m(release)[0m> 			supplier
[32m(release)[0m> 		where
[32m(release)[0m> 			s_comment like '%Customer%Complaints%'
[32m(release)[0m> 	)
[32m(release)[0m> group by
[32m(release)[0m> 	p_brand,
[32m(release)[0m> 	p_type,
[32m(release)[0m> 	p_size
[32m(release)[0m> order by
[32m(release)[0m> 	supplier_cnt desc,
[32m(release)[0m> 	p_brand,
[32m(release)[0m> 	p_type,
[32m(release)[0m> 	p_size;
VmRSS Change: 18446744073709551608 KB
===
27840 rows total
Execution info: [PARSE: 74 µs 639 ns, SQL TRANSLATE: 0 ns, OPTIMIZE: 0 ns, LQP TRANSLATE: 63 µs 449 ns, EXECUTE: 367 ms 667 µs (wall time) | QUERY PLAN CACHE HITS: 1/1 statement(s)]
After reset, table use_count: 2
WARNING: Table still has 1 other owner(s) after pipeline reset!
Executing script file done
$:hsh mem_usage
------------------------------------------
Memory Usage Statistics:
VmSize:	215677472 kB
VmRSS:	61058640 kB
0: MemResourceStatus {MigratedColumnsAggregate,18446744073709551615,12610235929,10275988050,10275988050,0,0,N/A}
MemResourceStatus {NumaMonotonicResource,3,60000000000,0,0,0,1,0}
MemResourceStatus {NumaMonotonicResource,2,60000000000,3894834,132865042,2410592439,0,2410600088}
MemResourceStatus {NumaMonotonicResource,1,64000000000,1039541809,3750105123,18917318200,0,18917334668}
0: MemResourceStatus {MemManagerAggregate,18446744073709551615,124000000000,1043436643,3882970165,0,0,N/A}
1: MemResourceStatus {MemManagerAggregate,18446744073709551615,60000000000,0,0,0,1,N/A}
MemResourceStatus {DefaultResource,18446744073709551615,18446744073709551615,0,0,0,-1,N/A}
Quick Memory Usage Overview:
Used Capacity: 11319424693, 0
------------------------------------------
Executing script file: /home/umeshsum/tpch_queries/16.sql
[32m(release)[0m> select
[32m(release)[0m> 	p_brand,
[32m(release)[0m> 	p_type,
[32m(release)[0m> 	p_size,
[32m(release)[0m> 	count(distinct ps_suppkey) as supplier_cnt
[32m(release)[0m> from
[32m(release)[0m> 	partsupp,
[32m(release)[0m> 	part
[32m(release)[0m> where
[32m(release)[0m> 	p_partkey = ps_partkey
[32m(release)[0m> 	and p_brand <> 'Brand#45'
[32m(release)[0m> 	and p_type not like 'MEDIUM POLISHED%'
[32m(release)[0m> 	and p_size in (49, 14, 23, 45, 19, 3, 36, 9)
[32m(release)[0m> 	and ps_suppkey not in (
[32m(release)[0m> 		select
[32m(release)[0m> 			s_suppkey
[32m(release)[0m> 		from
[32m(release)[0m> 			supplier
[32m(release)[0m> 		where
[32m(release)[0m> 			s_comment like '%Customer%Complaints%'
[32m(release)[0m> 	)
[32m(release)[0m> group by
[32m(release)[0m> 	p_brand,
[32m(release)[0m> 	p_type,
[32m(release)[0m> 	p_size
[32m(release)[0m> order by
[32m(release)[0m> 	supplier_cnt desc,
[32m(release)[0m> 	p_brand,
[32m(release)[0m> 	p_type,
[32m(release)[0m> 	p_size;
VmRSS Change: 840 KB
===
27840 rows total
Execution info: [PARSE: 70 µs 569 ns, SQL TRANSLATE: 0 ns, OPTIMIZE: 0 ns, LQP TRANSLATE: 59 µs 869 ns, EXECUTE: 343 ms 998 µs (wall time) | QUERY PLAN CACHE HITS: 1/1 statement(s)]
After reset, table use_count: 2
WARNING: Table still has 1 other owner(s) after pipeline reset!
Executing script file done
$:hsh mem_usage
------------------------------------------
Memory Usage Statistics:
VmSize:	215677472 kB
VmRSS:	61059480 kB
0: MemResourceStatus {MigratedColumnsAggregate,18446744073709551615,12610235929,10275988050,10275988050,0,0,N/A}
MemResourceStatus {NumaMonotonicResource,3,60000000000,0,0,0,1,0}
MemResourceStatus {NumaMonotonicResource,2,60000000000,3894834,132865042,3214094477,0,3214104696}
MemResourceStatus {NumaMonotonicResource,1,64000000000,1039541809,3750105123,18917318200,0,18917334668}
0: MemResourceStatus {MemManagerAggregate,18446744073709551615,124000000000,1043436643,3882970165,0,0,N/A}
1: MemResourceStatus {MemManagerAggregate,18446744073709551615,60000000000,0,0,0,1,N/A}
MemResourceStatus {DefaultResource,18446744073709551615,18446744073709551615,0,0,0,-1,N/A}
Quick Memory Usage Overview:
Used Capacity: 11319424693, 0
------------------------------------------
Executing script file: /home/umeshsum/tpch_queries/16.sql
[32m(release)[0m> select
[32m(release)[0m> 	p_brand,
[32m(release)[0m> 	p_type,
[32m(release)[0m> 	p_size,
[32m(release)[0m> 	count(distinct ps_suppkey) as supplier_cnt
[32m(release)[0m> from
[32m(release)[0m> 	partsupp,
[32m(release)[0m> 	part
[32m(release)[0m> where
[32m(release)[0m> 	p_partkey = ps_partkey
[32m(release)[0m> 	and p_brand <> 'Brand#45'
[32m(release)[0m> 	and p_type not like 'MEDIUM POLISHED%'
[32m(release)[0m> 	and p_size in (49, 14, 23, 45, 19, 3, 36, 9)
[32m(release)[0m> 	and ps_suppkey not in (
[32m(release)[0m> 		select
[32m(release)[0m> 			s_suppkey
[32m(release)[0m> 		from
[32m(release)[0m> 			supplier
[32m(release)[0m> 		where
[32m(release)[0m> 			s_comment like '%Customer%Complaints%'
[32m(release)[0m> 	)
[32m(release)[0m> group by
[32m(release)[0m> 	p_brand,
[32m(release)[0m> 	p_type,
[32m(release)[0m> 	p_size
[32m(release)[0m> order by
[32m(release)[0m> 	supplier_cnt desc,
[32m(release)[0m> 	p_brand,
[32m(release)[0m> 	p_type,
[32m(release)[0m> 	p_size;
VmRSS Change: 908 KB
===
27840 rows total
Execution info: [PARSE: 89 µs 479 ns, SQL TRANSLATE: 0 ns, OPTIMIZE: 0 ns, LQP TRANSLATE: 56 µs 99 ns, EXECUTE: 362 ms 344 µs (wall time) | QUERY PLAN CACHE HITS: 1/1 statement(s)]
After reset, table use_count: 2
WARNING: Table still has 1 other owner(s) after pipeline reset!
Executing script file done
$:hsh mem_usage
------------------------------------------
Memory Usage Statistics:
VmSize:	215677472 kB
VmRSS:	61060388 kB
0: MemResourceStatus {MigratedColumnsAggregate,18446744073709551615,12610235929,10275988050,10275988050,0,0,N/A}
MemResourceStatus {NumaMonotonicResource,3,60000000000,0,0,0,1,0}
MemResourceStatus {NumaMonotonicResource,2,60000000000,3894834,132865042,4017596515,0,4017609288}
MemResourceStatus {NumaMonotonicResource,1,64000000000,1039541809,3750105123,18917318200,0,18917334668}
0: MemResourceStatus {MemManagerAggregate,18446744073709551615,124000000000,1043436643,3882970165,0,0,N/A}
1: MemResourceStatus {MemManagerAggregate,18446744073709551615,60000000000,0,0,0,1,N/A}
MemResourceStatus {DefaultResource,18446744073709551615,18446744073709551615,0,0,0,-1,N/A}
Quick Memory Usage Overview:
Used Capacity: 11319424693, 0
------------------------------------------
Executing script file: /home/umeshsum/tpch_queries/16.sql
[32m(release)[0m> select
[32m(release)[0m> 	p_brand,
[32m(release)[0m> 	p_type,
[32m(release)[0m> 	p_size,
[32m(release)[0m> 	count(distinct ps_suppkey) as supplier_cnt
[32m(release)[0m> from
[32m(release)[0m> 	partsupp,
[32m(release)[0m> 	part
[32m(release)[0m> where
[32m(release)[0m> 	p_partkey = ps_partkey
[32m(release)[0m> 	and p_brand <> 'Brand#45'
[32m(release)[0m> 	and p_type not like 'MEDIUM POLISHED%'
[32m(release)[0m> 	and p_size in (49, 14, 23, 45, 19, 3, 36, 9)
[32m(release)[0m> 	and ps_suppkey not in (
[32m(release)[0m> 		select
[32m(release)[0m> 			s_suppkey
[32m(release)[0m> 		from
[32m(release)[0m> 			supplier
[32m(release)[0m> 		where
[32m(release)[0m> 			s_comment like '%Customer%Complaints%'
[32m(release)[0m> 	)
[32m(release)[0m> group by
[32m(release)[0m> 	p_brand,
[32m(release)[0m> 	p_type,
[32m(release)[0m> 	p_size
[32m(release)[0m> order by
[32m(release)[0m> 	supplier_cnt desc,
[32m(release)[0m> 	p_brand,
[32m(release)[0m> 	p_type,
[32m(release)[0m> 	p_size;
VmRSS Change: 1072 KB
===
27840 rows total
Execution info: [PARSE: 74 µs 219 ns, SQL TRANSLATE: 0 ns, OPTIMIZE: 0 ns, LQP TRANSLATE: 65 µs 769 ns, EXECUTE: 363 ms 430 µs (wall time) | QUERY PLAN CACHE HITS: 1/1 statement(s)]
After reset, table use_count: 2
WARNING: Table still has 1 other owner(s) after pipeline reset!
Executing script file done
$:hsh mem_usage
------------------------------------------
Memory Usage Statistics:
VmSize:	215677472 kB
VmRSS:	61061460 kB
0: MemResourceStatus {MigratedColumnsAggregate,18446744073709551615,12610235929,10275988050,10275988050,0,0,N/A}
MemResourceStatus {NumaMonotonicResource,3,60000000000,0,0,0,1,0}
MemResourceStatus {NumaMonotonicResource,2,60000000000,3894834,132865042,4821098553,0,4821113864}
MemResourceStatus {NumaMonotonicResource,1,64000000000,1039541809,3750105123,18917318200,0,18917334668}
0: MemResourceStatus {MemManagerAggregate,18446744073709551615,124000000000,1043436643,3882970165,0,0,N/A}
1: MemResourceStatus {MemManagerAggregate,18446744073709551615,60000000000,0,0,0,1,N/A}
MemResourceStatus {DefaultResource,18446744073709551615,18446744073709551615,0,0,0,-1,N/A}
Quick Memory Usage Overview:
Used Capacity: 11319424693, 0
------------------------------------------
Executing script file: /home/umeshsum/tpch_queries/16.sql
[32m(release)[0m> select
[32m(release)[0m> 	p_brand,
[32m(release)[0m> 	p_type,
[32m(release)[0m> 	p_size,
[32m(release)[0m> 	count(distinct ps_suppkey) as supplier_cnt
[32m(release)[0m> from
[32m(release)[0m> 	partsupp,
[32m(release)[0m> 	part
[32m(release)[0m> where
[32m(release)[0m> 	p_partkey = ps_partkey
[32m(release)[0m> 	and p_brand <> 'Brand#45'
[32m(release)[0m> 	and p_type not like 'MEDIUM POLISHED%'
[32m(release)[0m> 	and p_size in (49, 14, 23, 45, 19, 3, 36, 9)
[32m(release)[0m> 	and ps_suppkey not in (
[32m(release)[0m> 		select
[32m(release)[0m> 			s_suppkey
[32m(release)[0m> 		from
[32m(release)[0m> 			supplier
[32m(release)[0m> 		where
[32m(release)[0m> 			s_comment like '%Customer%Complaints%'
[32m(release)[0m> 	)
[32m(release)[0m> group by
[32m(release)[0m> 	p_brand,
[32m(release)[0m> 	p_type,
[32m(release)[0m> 	p_size
[32m(release)[0m> order by
[32m(release)[0m> 	supplier_cnt desc,
[32m(release)[0m> 	p_brand,
[32m(release)[0m> 	p_type,
[32m(release)[0m> 	p_size;
VmRSS Change: 18446744073709551564 KB
===
27840 rows total
Execution info: [PARSE: 67 µs 649 ns, SQL TRANSLATE: 0 ns, OPTIMIZE: 0 ns, LQP TRANSLATE: 61 µs 310 ns, EXECUTE: 361 ms 170 µs (wall time) | QUERY PLAN CACHE HITS: 1/1 statement(s)]
After reset, table use_count: 2
WARNING: Table still has 1 other owner(s) after pipeline reset!
Executing script file done
$:hsh mem_usage
------------------------------------------
Memory Usage Statistics:
VmSize:	215677472 kB
VmRSS:	61061408 kB
0: MemResourceStatus {MigratedColumnsAggregate,18446744073709551615,12610235929,10275988050,10275988050,0,0,N/A}
MemResourceStatus {NumaMonotonicResource,3,60000000000,0,0,0,1,0}
MemResourceStatus {NumaMonotonicResource,2,60000000000,3894834,132865042,5624600591,0,5624618472}
MemResourceStatus {NumaMonotonicResource,1,64000000000,1039541809,3750105123,18917318200,0,18917334668}
0: MemResourceStatus {MemManagerAggregate,18446744073709551615,124000000000,1043436643,3882970165,0,0,N/A}
1: MemResourceStatus {MemManagerAggregate,18446744073709551615,60000000000,0,0,0,1,N/A}
MemResourceStatus {DefaultResource,18446744073709551615,18446744073709551615,0,0,0,-1,N/A}
Quick Memory Usage Overview:
Used Capacity: 11319424693, 0
------------------------------------------
Executing script file: /home/umeshsum/tpch_queries/16.sql
[32m(release)[0m> select
[32m(release)[0m> 	p_brand,
[32m(release)[0m> 	p_type,
[32m(release)[0m> 	p_size,
[32m(release)[0m> 	count(distinct ps_suppkey) as supplier_cnt
[32m(release)[0m> from
[32m(release)[0m> 	partsupp,
[32m(release)[0m> 	part
[32m(release)[0m> where
[32m(release)[0m> 	p_partkey = ps_partkey
[32m(release)[0m> 	and p_brand <> 'Brand#45'
[32m(release)[0m> 	and p_type not like 'MEDIUM POLISHED%'
[32m(release)[0m> 	and p_size in (49, 14, 23, 45, 19, 3, 36, 9)
[32m(release)[0m> 	and ps_suppkey not in (
[32m(release)[0m> 		select
[32m(release)[0m> 			s_suppkey
[32m(release)[0m> 		from
[32m(release)[0m> 			supplier
[32m(release)[0m> 		where
[32m(release)[0m> 			s_comment like '%Customer%Complaints%'
[32m(release)[0m> 	)
[32m(release)[0m> group by
[32m(release)[0m> 	p_brand,
[32m(release)[0m> 	p_type,
[32m(release)[0m> 	p_size
[32m(release)[0m> order by
[32m(release)[0m> 	supplier_cnt desc,
[32m(release)[0m> 	p_brand,
[32m(release)[0m> 	p_type,
[32m(release)[0m> 	p_size;
VmRSS Change: 956 KB
===
27840 rows total
Execution info: [PARSE: 67 µs 719 ns, SQL TRANSLATE: 0 ns, OPTIMIZE: 0 ns, LQP TRANSLATE: 60 µs 810 ns, EXECUTE: 362 ms 962 µs (wall time) | QUERY PLAN CACHE HITS: 1/1 statement(s)]
After reset, table use_count: 2
WARNING: Table still has 1 other owner(s) after pipeline reset!
Executing script file done
$:hsh mem_usage
------------------------------------------
Memory Usage Statistics:
VmSize:	215677472 kB
VmRSS:	61062360 kB
0: MemResourceStatus {MigratedColumnsAggregate,18446744073709551615,12610235929,10275988050,10275988050,0,0,N/A}
MemResourceStatus {NumaMonotonicResource,3,60000000000,0,0,0,1,0}
MemResourceStatus {NumaMonotonicResource,2,60000000000,3894834,132865042,6428102629,0,6428123064}
MemResourceStatus {NumaMonotonicResource,1,64000000000,1039541809,3750105123,18917318200,0,18917334668}
0: MemResourceStatus {MemManagerAggregate,18446744073709551615,124000000000,1043436643,3882970165,0,0,N/A}
1: MemResourceStatus {MemManagerAggregate,18446744073709551615,60000000000,0,0,0,1,N/A}
MemResourceStatus {DefaultResource,18446744073709551615,18446744073709551615,0,0,0,-1,N/A}
Quick Memory Usage Overview:
Used Capacity: 11319424693, 0
------------------------------------------
Executing script file: /home/umeshsum/tpch_queries/16.sql
[32m(release)[0m> select
[32m(release)[0m> 	p_brand,
[32m(release)[0m> 	p_type,
[32m(release)[0m> 	p_size,
[32m(release)[0m> 	count(distinct ps_suppkey) as supplier_cnt
[32m(release)[0m> from
[32m(release)[0m> 	partsupp,
[32m(release)[0m> 	part
[32m(release)[0m> where
[32m(release)[0m> 	p_partkey = ps_partkey
[32m(release)[0m> 	and p_brand <> 'Brand#45'
[32m(release)[0m> 	and p_type not like 'MEDIUM POLISHED%'
[32m(release)[0m> 	and p_size in (49, 14, 23, 45, 19, 3, 36, 9)
[32m(release)[0m> 	and ps_suppkey not in (
[32m(release)[0m> 		select
[32m(release)[0m> 			s_suppkey
[32m(release)[0m> 		from
[32m(release)[0m> 			supplier
[32m(release)[0m> 		where
[32m(release)[0m> 			s_comment like '%Customer%Complaints%'
[32m(release)[0m> 	)
[32m(release)[0m> group by
[32m(release)[0m> 	p_brand,
[32m(release)[0m> 	p_type,
[32m(release)[0m> 	p_size
[32m(release)[0m> order by
[32m(release)[0m> 	supplier_cnt desc,
[32m(release)[0m> 	p_brand,
[32m(release)[0m> 	p_type,
[32m(release)[0m> 	p_size;
VmRSS Change: 18446744073709551588 KB
===
27840 rows total
Execution info: [PARSE: 64 µs 29 ns, SQL TRANSLATE: 0 ns, OPTIMIZE: 0 ns, LQP TRANSLATE: 54 µs 119 ns, EXECUTE: 347 ms 542 µs (wall time) | QUERY PLAN CACHE HITS: 1/1 statement(s)]
After reset, table use_count: 2
WARNING: Table still has 1 other owner(s) after pipeline reset!
Executing script file done
$:hsh mem_usage
------------------------------------------
Memory Usage Statistics:
VmSize:	215677472 kB
VmRSS:	61062332 kB
0: MemResourceStatus {MigratedColumnsAggregate,18446744073709551615,12610235929,10275988050,10275988050,0,0,N/A}
MemResourceStatus {NumaMonotonicResource,3,60000000000,0,0,0,1,0}
MemResourceStatus {NumaMonotonicResource,2,60000000000,3894834,132865042,7231604667,0,7231627656}
MemResourceStatus {NumaMonotonicResource,1,64000000000,1039541809,3750105123,18917318200,0,18917334668}
0: MemResourceStatus {MemManagerAggregate,18446744073709551615,124000000000,1043436643,3882970165,0,0,N/A}
1: MemResourceStatus {MemManagerAggregate,18446744073709551615,60000000000,0,0,0,1,N/A}
MemResourceStatus {DefaultResource,18446744073709551615,18446744073709551615,0,0,0,-1,N/A}
Quick Memory Usage Overview:
Used Capacity: 11319424693, 0
------------------------------------------
Executing script file: /home/umeshsum/tpch_queries/16.sql
[32m(release)[0m> select
[32m(release)[0m> 	p_brand,
[32m(release)[0m> 	p_type,
[32m(release)[0m> 	p_size,
[32m(release)[0m> 	count(distinct ps_suppkey) as supplier_cnt
[32m(release)[0m> from
[32m(release)[0m> 	partsupp,
[32m(release)[0m> 	part
[32m(release)[0m> where
[32m(release)[0m> 	p_partkey = ps_partkey
[32m(release)[0m> 	and p_brand <> 'Brand#45'
[32m(release)[0m> 	and p_type not like 'MEDIUM POLISHED%'
[32m(release)[0m> 	and p_size in (49, 14, 23, 45, 19, 3, 36, 9)
[32m(release)[0m> 	and ps_suppkey not in (
[32m(release)[0m> 		select
[32m(release)[0m> 			s_suppkey
[32m(release)[0m> 		from
[32m(release)[0m> 			supplier
[32m(release)[0m> 		where
[32m(release)[0m> 			s_comment like '%Customer%Complaints%'
[32m(release)[0m> 	)
[32m(release)[0m> group by
[32m(release)[0m> 	p_brand,
[32m(release)[0m> 	p_type,
[32m(release)[0m> 	p_size
[32m(release)[0m> order by
[32m(release)[0m> 	supplier_cnt desc,
[32m(release)[0m> 	p_brand,
[32m(release)[0m> 	p_type,
[32m(release)[0m> 	p_size;
VmRSS Change: 18446744073709551560 KB
===
27840 rows total
Execution info: [PARSE: 72 µs 609 ns, SQL TRANSLATE: 0 ns, OPTIMIZE: 0 ns, LQP TRANSLATE: 59 µs 630 ns, EXECUTE: 326 ms 886 µs (wall time) | QUERY PLAN CACHE HITS: 1/1 statement(s)]
After reset, table use_count: 2
WARNING: Table still has 1 other owner(s) after pipeline reset!
Executing script file done
$:hsh mem_usage
------------------------------------------
Memory Usage Statistics:
VmSize:	215677472 kB
VmRSS:	61062276 kB
0: MemResourceStatus {MigratedColumnsAggregate,18446744073709551615,12610235929,10275988050,10275988050,0,0,N/A}
MemResourceStatus {NumaMonotonicResource,3,60000000000,0,0,0,1,0}
MemResourceStatus {NumaMonotonicResource,2,60000000000,3894834,132865042,8035106705,0,8035132232}
MemResourceStatus {NumaMonotonicResource,1,64000000000,1039541809,3750105123,18917318200,0,18917334668}
0: MemResourceStatus {MemManagerAggregate,18446744073709551615,124000000000,1043436643,3882970165,0,0,N/A}
1: MemResourceStatus {MemManagerAggregate,18446744073709551615,60000000000,0,0,0,1,N/A}
MemResourceStatus {DefaultResource,18446744073709551615,18446744073709551615,0,0,0,-1,N/A}
Quick Memory Usage Overview:
Used Capacity: 11319424693, 0
------------------------------------------
Label set to d60000000000_tf60000000000_q17
$:hsh clear_plan_caches
Cleared PQP and LQP caches
$:hsh clear_pipeline
Released last SQLPipeline
$:hsh reset_exec_pools
Reset execution pools (2, 3) bump pointers to start
$:hsh mem_usage
------------------------------------------
Memory Usage Statistics:
VmSize:	215677472 kB
VmRSS:	61062276 kB
0: MemResourceStatus {MigratedColumnsAggregate,18446744073709551615,12610235929,10275988050,10275988050,0,0,N/A}
MemResourceStatus {NumaMonotonicResource,3,60000000000,0,0,0,1,0}
MemResourceStatus {NumaMonotonicResource,2,60000000000,0,0,0,0,0}
MemResourceStatus {NumaMonotonicResource,1,64000000000,1039541809,3750105123,18917318200,0,18917334668}
0: MemResourceStatus {MemManagerAggregate,18446744073709551615,124000000000,1039541809,3750105123,0,0,N/A}
1: MemResourceStatus {MemManagerAggregate,18446744073709551615,60000000000,0,0,0,1,N/A}
MemResourceStatus {DefaultResource,18446744073709551615,18446744073709551615,0,0,0,-1,N/A}
Quick Memory Usage Overview:
Used Capacity: 11315529859, 0
------------------------------------------
Executing script file: /home/umeshsum/tpch_queries/17.sql
[32m(release)[0m> select
[32m(release)[0m> 	sum(l_extendedprice) / 7.0 as avg_yearly
[32m(release)[0m> from
[32m(release)[0m> 	lineitem,
[32m(release)[0m> 	part
[32m(release)[0m> where
[32m(release)[0m> 	p_partkey = l_partkey
[32m(release)[0m> 	and p_brand = 'Brand#23'
[32m(release)[0m> 	and p_container = 'MED BOX'
[32m(release)[0m> 	and l_quantity < (
[32m(release)[0m> 		select
[32m(release)[0m> 			0.2 * avg(l_quantity)
[32m(release)[0m> 		from
[32m(release)[0m> 			lineitem
[32m(release)[0m> 		where
[32m(release)[0m> 			l_partkey = p_partkey
[32m(release)[0m> 	);
VmRSS Change: 452 KB
===
1 rows total
Execution info: [PARSE: 45 µs 810 ns, SQL TRANSLATE: 236 µs 567 ns, OPTIMIZE: 3 ms 135 µs, LQP TRANSLATE: 139 µs 209 ns, EXECUTE: 68 ms 449 µs (wall time) | QUERY PLAN CACHE HITS: 0/1 statement(s)]
After reset, table use_count: 2
WARNING: Table still has 1 other owner(s) after pipeline reset!
Executing script file done
$:hsh mem_usage
------------------------------------------
Memory Usage Statistics:
VmSize:	215677472 kB
VmRSS:	61062736 kB
0: MemResourceStatus {MigratedColumnsAggregate,18446744073709551615,12610235929,10275988050,10275988050,0,0,N/A}
MemResourceStatus {NumaMonotonicResource,3,60000000000,0,0,0,1,0}
MemResourceStatus {NumaMonotonicResource,2,60000000000,77664,1200291888,1372781496,0,1372785736}
MemResourceStatus {NumaMonotonicResource,1,64000000000,1039541809,3750105123,18917318200,0,18917334668}
0: MemResourceStatus {MemManagerAggregate,18446744073709551615,124000000000,1039619473,4950397011,0,0,N/A}
1: MemResourceStatus {MemManagerAggregate,18446744073709551615,60000000000,0,0,0,1,N/A}
MemResourceStatus {DefaultResource,18446744073709551615,18446744073709551615,0,0,0,-1,N/A}
Quick Memory Usage Overview:
Used Capacity: 11315607523, 0
------------------------------------------
Executing script file: /home/umeshsum/tpch_queries/17.sql
[32m(release)[0m> select
[32m(release)[0m> 	sum(l_extendedprice) / 7.0 as avg_yearly
[32m(release)[0m> from
[32m(release)[0m> 	lineitem,
[32m(release)[0m> 	part
[32m(release)[0m> where
[32m(release)[0m> 	p_partkey = l_partkey
[32m(release)[0m> 	and p_brand = 'Brand#23'
[32m(release)[0m> 	and p_container = 'MED BOX'
[32m(release)[0m> 	and l_quantity < (
[32m(release)[0m> 		select
[32m(release)[0m> 			0.2 * avg(l_quantity)
[32m(release)[0m> 		from
[32m(release)[0m> 			lineitem
[32m(release)[0m> 		where
[32m(release)[0m> 			l_partkey = p_partkey
[32m(release)[0m> 	);
VmRSS Change: 56 KB
===
1 rows total
Execution info: [PARSE: 43 µs 779 ns, SQL TRANSLATE: 0 ns, OPTIMIZE: 0 ns, LQP TRANSLATE: 38 µs 529 ns, EXECUTE: 63 ms 859 µs (wall time) | QUERY PLAN CACHE HITS: 1/1 statement(s)]
After reset, table use_count: 2
WARNING: Table still has 1 other owner(s) after pipeline reset!
Executing script file done
$:hsh mem_usage
------------------------------------------
Memory Usage Statistics:
VmSize:	215677472 kB
VmRSS:	61062792 kB
0: MemResourceStatus {MigratedColumnsAggregate,18446744073709551615,12610235929,10275988050,10275988050,0,0,N/A}
MemResourceStatus {NumaMonotonicResource,3,60000000000,0,0,0,1,0}
MemResourceStatus {NumaMonotonicResource,2,60000000000,155096,1200369320,2745562992,0,2745571480}
MemResourceStatus {NumaMonotonicResource,1,64000000000,1039541809,3750105123,18917318200,0,18917334668}
0: MemResourceStatus {MemManagerAggregate,18446744073709551615,124000000000,1039696905,4950474443,0,0,N/A}
1: MemResourceStatus {MemManagerAggregate,18446744073709551615,60000000000,0,0,0,1,N/A}
MemResourceStatus {DefaultResource,18446744073709551615,18446744073709551615,0,0,0,-1,N/A}
Quick Memory Usage Overview:
Used Capacity: 11315684955, 0
------------------------------------------
Executing script file: /home/umeshsum/tpch_queries/17.sql
[32m(release)[0m> select
[32m(release)[0m> 	sum(l_extendedprice) / 7.0 as avg_yearly
[32m(release)[0m> from
[32m(release)[0m> 	lineitem,
[32m(release)[0m> 	part
[32m(release)[0m> where
[32m(release)[0m> 	p_partkey = l_partkey
[32m(release)[0m> 	and p_brand = 'Brand#23'
[32m(release)[0m> 	and p_container = 'MED BOX'
[32m(release)[0m> 	and l_quantity < (
[32m(release)[0m> 		select
[32m(release)[0m> 			0.2 * avg(l_quantity)
[32m(release)[0m> 		from
[32m(release)[0m> 			lineitem
[32m(release)[0m> 		where
[32m(release)[0m> 			l_partkey = p_partkey
[32m(release)[0m> 	);
VmRSS Change: 8 KB
===
1 rows total
Execution info: [PARSE: 42 µs 870 ns, SQL TRANSLATE: 0 ns, OPTIMIZE: 0 ns, LQP TRANSLATE: 38 µs 780 ns, EXECUTE: 58 ms 670 µs (wall time) | QUERY PLAN CACHE HITS: 1/1 statement(s)]
After reset, table use_count: 2
WARNING: Table still has 1 other owner(s) after pipeline reset!
Executing script file done
$:hsh mem_usage
------------------------------------------
Memory Usage Statistics:
VmSize:	215677472 kB
VmRSS:	61062800 kB
0: MemResourceStatus {MigratedColumnsAggregate,18446744073709551615,12610235929,10275988050,10275988050,0,0,N/A}
MemResourceStatus {NumaMonotonicResource,3,60000000000,0,0,0,1,0}
MemResourceStatus {NumaMonotonicResource,2,60000000000,155096,1200369320,4118344488,0,4118357224}
MemResourceStatus {NumaMonotonicResource,1,64000000000,1039541809,3750105123,18917318200,0,18917334668}
0: MemResourceStatus {MemManagerAggregate,18446744073709551615,124000000000,1039696905,4950474443,0,0,N/A}
1: MemResourceStatus {MemManagerAggregate,18446744073709551615,60000000000,0,0,0,1,N/A}
MemResourceStatus {DefaultResource,18446744073709551615,18446744073709551615,0,0,0,-1,N/A}
Quick Memory Usage Overview:
Used Capacity: 11315684955, 0
------------------------------------------
Executing script file: /home/umeshsum/tpch_queries/17.sql
[32m(release)[0m> select
[32m(release)[0m> 	sum(l_extendedprice) / 7.0 as avg_yearly
[32m(release)[0m> from
[32m(release)[0m> 	lineitem,
[32m(release)[0m> 	part
[32m(release)[0m> where
[32m(release)[0m> 	p_partkey = l_partkey
[32m(release)[0m> 	and p_brand = 'Brand#23'
[32m(release)[0m> 	and p_container = 'MED BOX'
[32m(release)[0m> 	and l_quantity < (
[32m(release)[0m> 		select
[32m(release)[0m> 			0.2 * avg(l_quantity)
[32m(release)[0m> 		from
[32m(release)[0m> 			lineitem
[32m(release)[0m> 		where
[32m(release)[0m> 			l_partkey = p_partkey
[32m(release)[0m> 	);
VmRSS Change: 16 KB
===
1 rows total
Execution info: [PARSE: 49 µs 450 ns, SQL TRANSLATE: 0 ns, OPTIMIZE: 0 ns, LQP TRANSLATE: 37 µs 170 ns, EXECUTE: 47 ms 797 µs (wall time) | QUERY PLAN CACHE HITS: 1/1 statement(s)]
After reset, table use_count: 2
WARNING: Table still has 1 other owner(s) after pipeline reset!
Executing script file done
$:hsh mem_usage
------------------------------------------
Memory Usage Statistics:
VmSize:	215677472 kB
VmRSS:	61062816 kB
0: MemResourceStatus {MigratedColumnsAggregate,18446744073709551615,12610235929,10275988050,10275988050,0,0,N/A}
MemResourceStatus {NumaMonotonicResource,3,60000000000,0,0,0,1,0}
MemResourceStatus {NumaMonotonicResource,2,60000000000,155096,1200369320,5491125984,0,5491142968}
MemResourceStatus {NumaMonotonicResource,1,64000000000,1039541809,3750105123,18917318200,0,18917334668}
0: MemResourceStatus {MemManagerAggregate,18446744073709551615,124000000000,1039696905,4950474443,0,0,N/A}
1: MemResourceStatus {MemManagerAggregate,18446744073709551615,60000000000,0,0,0,1,N/A}
MemResourceStatus {DefaultResource,18446744073709551615,18446744073709551615,0,0,0,-1,N/A}
Quick Memory Usage Overview:
Used Capacity: 11315684955, 0
------------------------------------------
Executing script file: /home/umeshsum/tpch_queries/17.sql
[32m(release)[0m> select
[32m(release)[0m> 	sum(l_extendedprice) / 7.0 as avg_yearly
[32m(release)[0m> from
[32m(release)[0m> 	lineitem,
[32m(release)[0m> 	part
[32m(release)[0m> where
[32m(release)[0m> 	p_partkey = l_partkey
[32m(release)[0m> 	and p_brand = 'Brand#23'
[32m(release)[0m> 	and p_container = 'MED BOX'
[32m(release)[0m> 	and l_quantity < (
[32m(release)[0m> 		select
[32m(release)[0m> 			0.2 * avg(l_quantity)
[32m(release)[0m> 		from
[32m(release)[0m> 			lineitem
[32m(release)[0m> 		where
[32m(release)[0m> 			l_partkey = p_partkey
[32m(release)[0m> 	);
VmRSS Change: 28 KB
===
1 rows total
Execution info: [PARSE: 40 µs 709 ns, SQL TRANSLATE: 0 ns, OPTIMIZE: 0 ns, LQP TRANSLATE: 33 µs 289 ns, EXECUTE: 48 ms 301 µs (wall time) | QUERY PLAN CACHE HITS: 1/1 statement(s)]
After reset, table use_count: 2
WARNING: Table still has 1 other owner(s) after pipeline reset!
Executing script file done
$:hsh mem_usage
------------------------------------------
Memory Usage Statistics:
VmSize:	215677472 kB
VmRSS:	61062844 kB
0: MemResourceStatus {MigratedColumnsAggregate,18446744073709551615,12610235929,10275988050,10275988050,0,0,N/A}
MemResourceStatus {NumaMonotonicResource,3,60000000000,0,0,0,1,0}
MemResourceStatus {NumaMonotonicResource,2,60000000000,155096,1200369320,6863907480,0,6863928696}
MemResourceStatus {NumaMonotonicResource,1,64000000000,1039541809,3750105123,18917318200,0,18917334668}
0: MemResourceStatus {MemManagerAggregate,18446744073709551615,124000000000,1039696905,4950474443,0,0,N/A}
1: MemResourceStatus {MemManagerAggregate,18446744073709551615,60000000000,0,0,0,1,N/A}
MemResourceStatus {DefaultResource,18446744073709551615,18446744073709551615,0,0,0,-1,N/A}
Quick Memory Usage Overview:
Used Capacity: 11315684955, 0
------------------------------------------
Executing script file: /home/umeshsum/tpch_queries/17.sql
[32m(release)[0m> select
[32m(release)[0m> 	sum(l_extendedprice) / 7.0 as avg_yearly
[32m(release)[0m> from
[32m(release)[0m> 	lineitem,
[32m(release)[0m> 	part
[32m(release)[0m> where
[32m(release)[0m> 	p_partkey = l_partkey
[32m(release)[0m> 	and p_brand = 'Brand#23'
[32m(release)[0m> 	and p_container = 'MED BOX'
[32m(release)[0m> 	and l_quantity < (
[32m(release)[0m> 		select
[32m(release)[0m> 			0.2 * avg(l_quantity)
[32m(release)[0m> 		from
[32m(release)[0m> 			lineitem
[32m(release)[0m> 		where
[32m(release)[0m> 			l_partkey = p_partkey
[32m(release)[0m> 	);
VmRSS Change: 36 KB
===
1 rows total
Execution info: [PARSE: 40 µs 950 ns, SQL TRANSLATE: 0 ns, OPTIMIZE: 0 ns, LQP TRANSLATE: 35 µs 410 ns, EXECUTE: 46 ms 67 µs (wall time) | QUERY PLAN CACHE HITS: 1/1 statement(s)]
After reset, table use_count: 2
WARNING: Table still has 1 other owner(s) after pipeline reset!
Executing script file done
$:hsh mem_usage
------------------------------------------
Memory Usage Statistics:
VmSize:	215677472 kB
VmRSS:	61062880 kB
0: MemResourceStatus {MigratedColumnsAggregate,18446744073709551615,12610235929,10275988050,10275988050,0,0,N/A}
MemResourceStatus {NumaMonotonicResource,3,60000000000,0,0,0,1,0}
MemResourceStatus {NumaMonotonicResource,2,60000000000,155096,1200369320,8236688976,0,8236714440}
MemResourceStatus {NumaMonotonicResource,1,64000000000,1039541809,3750105123,18917318200,0,18917334668}
0: MemResourceStatus {MemManagerAggregate,18446744073709551615,124000000000,1039696905,4950474443,0,0,N/A}
1: MemResourceStatus {MemManagerAggregate,18446744073709551615,60000000000,0,0,0,1,N/A}
MemResourceStatus {DefaultResource,18446744073709551615,18446744073709551615,0,0,0,-1,N/A}
Quick Memory Usage Overview:
Used Capacity: 11315684955, 0
------------------------------------------
Executing script file: /home/umeshsum/tpch_queries/17.sql
[32m(release)[0m> select
[32m(release)[0m> 	sum(l_extendedprice) / 7.0 as avg_yearly
[32m(release)[0m> from
[32m(release)[0m> 	lineitem,
[32m(release)[0m> 	part
[32m(release)[0m> where
[32m(release)[0m> 	p_partkey = l_partkey
[32m(release)[0m> 	and p_brand = 'Brand#23'
[32m(release)[0m> 	and p_container = 'MED BOX'
[32m(release)[0m> 	and l_quantity < (
[32m(release)[0m> 		select
[32m(release)[0m> 			0.2 * avg(l_quantity)
[32m(release)[0m> 		from
[32m(release)[0m> 			lineitem
[32m(release)[0m> 		where
[32m(release)[0m> 			l_partkey = p_partkey
[32m(release)[0m> 	);
VmRSS Change: 36 KB
===
1 rows total
Execution info: [PARSE: 39 µs 519 ns, SQL TRANSLATE: 0 ns, OPTIMIZE: 0 ns, LQP TRANSLATE: 34 µs 210 ns, EXECUTE: 45 ms 81 µs (wall time) | QUERY PLAN CACHE HITS: 1/1 statement(s)]
After reset, table use_count: 2
WARNING: Table still has 1 other owner(s) after pipeline reset!
Executing script file done
$:hsh mem_usage
------------------------------------------
Memory Usage Statistics:
VmSize:	215677472 kB
VmRSS:	61062916 kB
0: MemResourceStatus {MigratedColumnsAggregate,18446744073709551615,12610235929,10275988050,10275988050,0,0,N/A}
MemResourceStatus {NumaMonotonicResource,3,60000000000,0,0,0,1,0}
MemResourceStatus {NumaMonotonicResource,2,60000000000,155096,1200369320,9609470472,0,9609500184}
MemResourceStatus {NumaMonotonicResource,1,64000000000,1039541809,3750105123,18917318200,0,18917334668}
0: MemResourceStatus {MemManagerAggregate,18446744073709551615,124000000000,1039696905,4950474443,0,0,N/A}
1: MemResourceStatus {MemManagerAggregate,18446744073709551615,60000000000,0,0,0,1,N/A}
MemResourceStatus {DefaultResource,18446744073709551615,18446744073709551615,0,0,0,-1,N/A}
Quick Memory Usage Overview:
Used Capacity: 11315684955, 0
------------------------------------------
Executing script file: /home/umeshsum/tpch_queries/17.sql
[32m(release)[0m> select
[32m(release)[0m> 	sum(l_extendedprice) / 7.0 as avg_yearly
[32m(release)[0m> from
[32m(release)[0m> 	lineitem,
[32m(release)[0m> 	part
[32m(release)[0m> where
[32m(release)[0m> 	p_partkey = l_partkey
[32m(release)[0m> 	and p_brand = 'Brand#23'
[32m(release)[0m> 	and p_container = 'MED BOX'
[32m(release)[0m> 	and l_quantity < (
[32m(release)[0m> 		select
[32m(release)[0m> 			0.2 * avg(l_quantity)
[32m(release)[0m> 		from
[32m(release)[0m> 			lineitem
[32m(release)[0m> 		where
[32m(release)[0m> 			l_partkey = p_partkey
[32m(release)[0m> 	);
VmRSS Change: 356 KB
===
1 rows total
Execution info: [PARSE: 45 µs 730 ns, SQL TRANSLATE: 0 ns, OPTIMIZE: 0 ns, LQP TRANSLATE: 34 µs 249 ns, EXECUTE: 47 ms 293 µs (wall time) | QUERY PLAN CACHE HITS: 1/1 statement(s)]
After reset, table use_count: 2
WARNING: Table still has 1 other owner(s) after pipeline reset!
Executing script file done
$:hsh mem_usage
------------------------------------------
Memory Usage Statistics:
VmSize:	215677472 kB
VmRSS:	61063272 kB
0: MemResourceStatus {MigratedColumnsAggregate,18446744073709551615,12610235929,10275988050,10275988050,0,0,N/A}
MemResourceStatus {NumaMonotonicResource,3,60000000000,0,0,0,1,0}
MemResourceStatus {NumaMonotonicResource,2,60000000000,155096,1200369320,10982251968,0,10982285928}
MemResourceStatus {NumaMonotonicResource,1,64000000000,1039541809,3750105123,18917318200,0,18917334668}
0: MemResourceStatus {MemManagerAggregate,18446744073709551615,124000000000,1039696905,4950474443,0,0,N/A}
1: MemResourceStatus {MemManagerAggregate,18446744073709551615,60000000000,0,0,0,1,N/A}
MemResourceStatus {DefaultResource,18446744073709551615,18446744073709551615,0,0,0,-1,N/A}
Quick Memory Usage Overview:
Used Capacity: 11315684955, 0
------------------------------------------
Executing script file: /home/umeshsum/tpch_queries/17.sql
[32m(release)[0m> select
[32m(release)[0m> 	sum(l_extendedprice) / 7.0 as avg_yearly
[32m(release)[0m> from
[32m(release)[0m> 	lineitem,
[32m(release)[0m> 	part
[32m(release)[0m> where
[32m(release)[0m> 	p_partkey = l_partkey
[32m(release)[0m> 	and p_brand = 'Brand#23'
[32m(release)[0m> 	and p_container = 'MED BOX'
[32m(release)[0m> 	and l_quantity < (
[32m(release)[0m> 		select
[32m(release)[0m> 			0.2 * avg(l_quantity)
[32m(release)[0m> 		from
[32m(release)[0m> 			lineitem
[32m(release)[0m> 		where
[32m(release)[0m> 			l_partkey = p_partkey
[32m(release)[0m> 	);
VmRSS Change: 8 KB
===
1 rows total
Execution info: [PARSE: 39 µs 309 ns, SQL TRANSLATE: 0 ns, OPTIMIZE: 0 ns, LQP TRANSLATE: 32 µs 889 ns, EXECUTE: 45 ms 200 µs (wall time) | QUERY PLAN CACHE HITS: 1/1 statement(s)]
After reset, table use_count: 2
WARNING: Table still has 1 other owner(s) after pipeline reset!
Executing script file done
$:hsh mem_usage
------------------------------------------
Memory Usage Statistics:
VmSize:	215677472 kB
VmRSS:	61063280 kB
0: MemResourceStatus {MigratedColumnsAggregate,18446744073709551615,12610235929,10275988050,10275988050,0,0,N/A}
MemResourceStatus {NumaMonotonicResource,3,60000000000,0,0,0,1,0}
MemResourceStatus {NumaMonotonicResource,2,60000000000,155096,1200369320,12355033464,0,12355071672}
MemResourceStatus {NumaMonotonicResource,1,64000000000,1039541809,3750105123,18917318200,0,18917334668}
0: MemResourceStatus {MemManagerAggregate,18446744073709551615,124000000000,1039696905,4950474443,0,0,N/A}
1: MemResourceStatus {MemManagerAggregate,18446744073709551615,60000000000,0,0,0,1,N/A}
MemResourceStatus {DefaultResource,18446744073709551615,18446744073709551615,0,0,0,-1,N/A}
Quick Memory Usage Overview:
Used Capacity: 11315684955, 0
------------------------------------------
Executing script file: /home/umeshsum/tpch_queries/17.sql
[32m(release)[0m> select
[32m(release)[0m> 	sum(l_extendedprice) / 7.0 as avg_yearly
[32m(release)[0m> from
[32m(release)[0m> 	lineitem,
[32m(release)[0m> 	part
[32m(release)[0m> where
[32m(release)[0m> 	p_partkey = l_partkey
[32m(release)[0m> 	and p_brand = 'Brand#23'
[32m(release)[0m> 	and p_container = 'MED BOX'
[32m(release)[0m> 	and l_quantity < (
[32m(release)[0m> 		select
[32m(release)[0m> 			0.2 * avg(l_quantity)
[32m(release)[0m> 		from
[32m(release)[0m> 			lineitem
[32m(release)[0m> 		where
[32m(release)[0m> 			l_partkey = p_partkey
[32m(release)[0m> 	);
VmRSS Change: 1368 KB
===
1 rows total
Execution info: [PARSE: 38 µs 20 ns, SQL TRANSLATE: 0 ns, OPTIMIZE: 0 ns, LQP TRANSLATE: 34 µs 639 ns, EXECUTE: 43 ms 485 µs (wall time) | QUERY PLAN CACHE HITS: 1/1 statement(s)]
After reset, table use_count: 2
WARNING: Table still has 1 other owner(s) after pipeline reset!
Executing script file done
$:hsh mem_usage
------------------------------------------
Memory Usage Statistics:
VmSize:	215677472 kB
VmRSS:	61064648 kB
0: MemResourceStatus {MigratedColumnsAggregate,18446744073709551615,12610235929,10275988050,10275988050,0,0,N/A}
MemResourceStatus {NumaMonotonicResource,3,60000000000,0,0,0,1,0}
MemResourceStatus {NumaMonotonicResource,2,60000000000,155096,1200369320,13727814960,0,13727857416}
MemResourceStatus {NumaMonotonicResource,1,64000000000,1039541809,3750105123,18917318200,0,18917334668}
0: MemResourceStatus {MemManagerAggregate,18446744073709551615,124000000000,1039696905,4950474443,0,0,N/A}
1: MemResourceStatus {MemManagerAggregate,18446744073709551615,60000000000,0,0,0,1,N/A}
MemResourceStatus {DefaultResource,18446744073709551615,18446744073709551615,0,0,0,-1,N/A}
Quick Memory Usage Overview:
Used Capacity: 11315684955, 0
------------------------------------------
Label set to d60000000000_tf60000000000_q18
$:hsh clear_plan_caches
Cleared PQP and LQP caches
$:hsh clear_pipeline
Released last SQLPipeline
$:hsh reset_exec_pools
Reset execution pools (2, 3) bump pointers to start
$:hsh mem_usage
------------------------------------------
Memory Usage Statistics:
VmSize:	215677472 kB
VmRSS:	61064648 kB
0: MemResourceStatus {MigratedColumnsAggregate,18446744073709551615,12610235929,10275988050,10275988050,0,0,N/A}
MemResourceStatus {NumaMonotonicResource,3,60000000000,0,0,0,1,0}
MemResourceStatus {NumaMonotonicResource,2,60000000000,0,0,0,0,0}
MemResourceStatus {NumaMonotonicResource,1,64000000000,1039541809,3750105123,18917318200,0,18917334668}
0: MemResourceStatus {MemManagerAggregate,18446744073709551615,124000000000,1039541809,3750105123,0,0,N/A}
1: MemResourceStatus {MemManagerAggregate,18446744073709551615,60000000000,0,0,0,1,N/A}
MemResourceStatus {DefaultResource,18446744073709551615,18446744073709551615,0,0,0,-1,N/A}
Quick Memory Usage Overview:
Used Capacity: 11315529859, 0
------------------------------------------
Executing script file: /home/umeshsum/tpch_queries/18.sql
[32m(release)[0m> select
[32m(release)[0m> 	c_name,
[32m(release)[0m> 	c_custkey,
[32m(release)[0m> 	o_orderkey,
[32m(release)[0m> 	o_orderdate,
[32m(release)[0m> 	o_totalprice,
[32m(release)[0m> 	sum(l_quantity)
[32m(release)[0m> from
[32m(release)[0m> 	customer,
[32m(release)[0m> 	orders,
[32m(release)[0m> 	lineitem
[32m(release)[0m> where
[32m(release)[0m> 	o_orderkey in (
[32m(release)[0m> 		select
[32m(release)[0m> 			l_orderkey
[32m(release)[0m> 		from
[32m(release)[0m> 			lineitem
[32m(release)[0m> 		group by
[32m(release)[0m> 			l_orderkey having
[32m(release)[0m> 				sum(l_quantity) > 300
[32m(release)[0m> 	)
[32m(release)[0m> 	and c_custkey = o_custkey
[32m(release)[0m> 	and o_orderkey = l_orderkey
[32m(release)[0m> group by
[32m(release)[0m> 	c_name,
[32m(release)[0m> 	c_custkey,
[32m(release)[0m> 	o_orderkey,
[32m(release)[0m> 	o_orderdate,
[32m(release)[0m> 	o_totalprice
[32m(release)[0m> order by
[32m(release)[0m> 	o_totalprice desc,
[32m(release)[0m> 	o_orderdate;
VmRSS Change: 996 KB
===
624 rows total
Execution info: [PARSE: 68 µs 569 ns, SQL TRANSLATE: 247 µs 557 ns, OPTIMIZE: 4 ms 154 µs, LQP TRANSLATE: 137 µs 609 ns, EXECUTE: 856 ms 535 µs (wall time) | QUERY PLAN CACHE HITS: 0/1 statement(s)]
After reset, table use_count: 2
WARNING: Table still has 1 other owner(s) after pipeline reset!
Executing script file done
$:hsh mem_usage
------------------------------------------
Memory Usage Statistics:
VmSize:	215677472 kB
VmRSS:	61065656 kB
0: MemResourceStatus {MigratedColumnsAggregate,18446744073709551615,12610235929,10275988050,10275988050,0,0,N/A}
MemResourceStatus {NumaMonotonicResource,3,60000000000,0,0,0,1,0}
MemResourceStatus {NumaMonotonicResource,2,60000000000,963651472,2408426664,4640119552,0,4640125656}
MemResourceStatus {NumaMonotonicResource,1,64000000000,1039541809,3750105123,18917318200,0,18917334668}
0: MemResourceStatus {MemManagerAggregate,18446744073709551615,124000000000,2003193281,6158531787,0,0,N/A}
1: MemResourceStatus {MemManagerAggregate,18446744073709551615,60000000000,0,0,0,1,N/A}
MemResourceStatus {DefaultResource,18446744073709551615,18446744073709551615,0,0,0,-1,N/A}
Quick Memory Usage Overview:
Used Capacity: 12279181331, 0
------------------------------------------
Executing script file: /home/umeshsum/tpch_queries/18.sql
[32m(release)[0m> select
[32m(release)[0m> 	c_name,
[32m(release)[0m> 	c_custkey,
[32m(release)[0m> 	o_orderkey,
[32m(release)[0m> 	o_orderdate,
[32m(release)[0m> 	o_totalprice,
[32m(release)[0m> 	sum(l_quantity)
[32m(release)[0m> from
[32m(release)[0m> 	customer,
[32m(release)[0m> 	orders,
[32m(release)[0m> 	lineitem
[32m(release)[0m> where
[32m(release)[0m> 	o_orderkey in (
[32m(release)[0m> 		select
[32m(release)[0m> 			l_orderkey
[32m(release)[0m> 		from
[32m(release)[0m> 			lineitem
[32m(release)[0m> 		group by
[32m(release)[0m> 			l_orderkey having
[32m(release)[0m> 				sum(l_quantity) > 300
[32m(release)[0m> 	)
[32m(release)[0m> 	and c_custkey = o_custkey
[32m(release)[0m> 	and o_orderkey = l_orderkey
[32m(release)[0m> group by
[32m(release)[0m> 	c_name,
[32m(release)[0m> 	c_custkey,
[32m(release)[0m> 	o_orderkey,
[32m(release)[0m> 	o_orderdate,
[32m(release)[0m> 	o_totalprice
[32m(release)[0m> order by
[32m(release)[0m> 	o_totalprice desc,
[32m(release)[0m> 	o_orderdate;
VmRSS Change: 316 KB
===
624 rows total
Execution info: [PARSE: 53 µs 789 ns, SQL TRANSLATE: 0 ns, OPTIMIZE: 0 ns, LQP TRANSLATE: 38 µs 109 ns, EXECUTE: 879 ms 885 µs (wall time) | QUERY PLAN CACHE HITS: 1/1 statement(s)]
After reset, table use_count: 2
WARNING: Table still has 1 other owner(s) after pipeline reset!
Executing script file done
$:hsh mem_usage
------------------------------------------
Memory Usage Statistics:
VmSize:	215677472 kB
VmRSS:	61065972 kB
0: MemResourceStatus {MigratedColumnsAggregate,18446744073709551615,12610235929,10275988050,10275988050,0,0,N/A}
MemResourceStatus {NumaMonotonicResource,3,60000000000,0,0,0,1,0}
MemResourceStatus {NumaMonotonicResource,2,60000000000,1924156000,3368931192,9280238528,0,9280250728}
MemResourceStatus {NumaMonotonicResource,1,64000000000,1039541809,3750105123,18917318200,0,18917334668}
0: MemResourceStatus {MemManagerAggregate,18446744073709551615,124000000000,2963697809,7119036315,0,0,N/A}
1: MemResourceStatus {MemManagerAggregate,18446744073709551615,60000000000,0,0,0,1,N/A}
MemResourceStatus {DefaultResource,18446744073709551615,18446744073709551615,0,0,0,-1,N/A}
Quick Memory Usage Overview:
Used Capacity: 13239685859, 0
------------------------------------------
Executing script file: /home/umeshsum/tpch_queries/18.sql
[32m(release)[0m> select
[32m(release)[0m> 	c_name,
[32m(release)[0m> 	c_custkey,
[32m(release)[0m> 	o_orderkey,
[32m(release)[0m> 	o_orderdate,
[32m(release)[0m> 	o_totalprice,
[32m(release)[0m> 	sum(l_quantity)
[32m(release)[0m> from
[32m(release)[0m> 	customer,
[32m(release)[0m> 	orders,
[32m(release)[0m> 	lineitem
[32m(release)[0m> where
[32m(release)[0m> 	o_orderkey in (
[32m(release)[0m> 		select
[32m(release)[0m> 			l_orderkey
[32m(release)[0m> 		from
[32m(release)[0m> 			lineitem
[32m(release)[0m> 		group by
[32m(release)[0m> 			l_orderkey having
[32m(release)[0m> 				sum(l_quantity) > 300
[32m(release)[0m> 	)
[32m(release)[0m> 	and c_custkey = o_custkey
[32m(release)[0m> 	and o_orderkey = l_orderkey
[32m(release)[0m> group by
[32m(release)[0m> 	c_name,
[32m(release)[0m> 	c_custkey,
[32m(release)[0m> 	o_orderkey,
[32m(release)[0m> 	o_orderdate,
[32m(release)[0m> 	o_totalprice
[32m(release)[0m> order by
[32m(release)[0m> 	o_totalprice desc,
[32m(release)[0m> 	o_orderdate;
VmRSS Change: 1628 KB
===
624 rows total
Execution info: [PARSE: 119 µs 809 ns, SQL TRANSLATE: 0 ns, OPTIMIZE: 0 ns, LQP TRANSLATE: 34 µs 430 ns, EXECUTE: 861 ms 492 µs (wall time) | QUERY PLAN CACHE HITS: 1/1 statement(s)]
After reset, table use_count: 2
WARNING: Table still has 1 other owner(s) after pipeline reset!
Executing script file done
$:hsh mem_usage
------------------------------------------
Memory Usage Statistics:
VmSize:	215677472 kB
VmRSS:	61067576 kB
0: MemResourceStatus {MigratedColumnsAggregate,18446744073709551615,12610235929,10275988050,10275988050,0,0,N/A}
MemResourceStatus {NumaMonotonicResource,3,60000000000,0,0,0,1,0}
MemResourceStatus {NumaMonotonicResource,2,60000000000,1924156000,3368931192,13920357072,0,13920375352}
MemResourceStatus {NumaMonotonicResource,1,64000000000,1039541809,3750105123,18917318200,0,18917334668}
0: MemResourceStatus {MemManagerAggregate,18446744073709551615,124000000000,2963697809,7119036315,0,0,N/A}
1: MemResourceStatus {MemManagerAggregate,18446744073709551615,60000000000,0,0,0,1,N/A}
MemResourceStatus {DefaultResource,18446744073709551615,18446744073709551615,0,0,0,-1,N/A}
Quick Memory Usage Overview:
Used Capacity: 13239685859, 0
------------------------------------------
Executing script file: /home/umeshsum/tpch_queries/18.sql
[32m(release)[0m> select
[32m(release)[0m> 	c_name,
[32m(release)[0m> 	c_custkey,
[32m(release)[0m> 	o_orderkey,
[32m(release)[0m> 	o_orderdate,
[32m(release)[0m> 	o_totalprice,
[32m(release)[0m> 	sum(l_quantity)
[32m(release)[0m> from
[32m(release)[0m> 	customer,
[32m(release)[0m> 	orders,
[32m(release)[0m> 	lineitem
[32m(release)[0m> where
[32m(release)[0m> 	o_orderkey in (
[32m(release)[0m> 		select
[32m(release)[0m> 			l_orderkey
[32m(release)[0m> 		from
[32m(release)[0m> 			lineitem
[32m(release)[0m> 		group by
[32m(release)[0m> 			l_orderkey having
[32m(release)[0m> 				sum(l_quantity) > 300
[32m(release)[0m> 	)
[32m(release)[0m> 	and c_custkey = o_custkey
[32m(release)[0m> 	and o_orderkey = l_orderkey
[32m(release)[0m> group by
[32m(release)[0m> 	c_name,
[32m(release)[0m> 	c_custkey,
[32m(release)[0m> 	o_orderkey,
[32m(release)[0m> 	o_orderdate,
[32m(release)[0m> 	o_totalprice
[32m(release)[0m> order by
[32m(release)[0m> 	o_totalprice desc,
[32m(release)[0m> 	o_orderdate;
VmRSS Change: 1708 KB
===
624 rows total
Execution info: [PARSE: 58 µs 729 ns, SQL TRANSLATE: 0 ns, OPTIMIZE: 0 ns, LQP TRANSLATE: 33 µs 230 ns, EXECUTE: 830 ms 33 µs (wall time) | QUERY PLAN CACHE HITS: 1/1 statement(s)]
After reset, table use_count: 2
WARNING: Table still has 1 other owner(s) after pipeline reset!
Executing script file done
$:hsh mem_usage
------------------------------------------
Memory Usage Statistics:
VmSize:	215677472 kB
VmRSS:	61069284 kB
0: MemResourceStatus {MigratedColumnsAggregate,18446744073709551615,12610235929,10275988050,10275988050,0,0,N/A}
MemResourceStatus {NumaMonotonicResource,3,60000000000,0,0,0,1,0}
MemResourceStatus {NumaMonotonicResource,2,60000000000,1924156000,3368931192,18560476624,0,18560500984}
MemResourceStatus {NumaMonotonicResource,1,64000000000,1039541809,3750105123,18917318200,0,18917334668}
0: MemResourceStatus {MemManagerAggregate,18446744073709551615,124000000000,2963697809,7119036315,0,0,N/A}
1: MemResourceStatus {MemManagerAggregate,18446744073709551615,60000000000,0,0,0,1,N/A}
MemResourceStatus {DefaultResource,18446744073709551615,18446744073709551615,0,0,0,-1,N/A}
Quick Memory Usage Overview:
Used Capacity: 13239685859, 0
------------------------------------------
Executing script file: /home/umeshsum/tpch_queries/18.sql
[32m(release)[0m> select
[32m(release)[0m> 	c_name,
[32m(release)[0m> 	c_custkey,
[32m(release)[0m> 	o_orderkey,
[32m(release)[0m> 	o_orderdate,
[32m(release)[0m> 	o_totalprice,
[32m(release)[0m> 	sum(l_quantity)
[32m(release)[0m> from
[32m(release)[0m> 	customer,
[32m(release)[0m> 	orders,
[32m(release)[0m> 	lineitem
[32m(release)[0m> where
[32m(release)[0m> 	o_orderkey in (
[32m(release)[0m> 		select
[32m(release)[0m> 			l_orderkey
[32m(release)[0m> 		from
[32m(release)[0m> 			lineitem
[32m(release)[0m> 		group by
[32m(release)[0m> 			l_orderkey having
[32m(release)[0m> 				sum(l_quantity) > 300
[32m(release)[0m> 	)
[32m(release)[0m> 	and c_custkey = o_custkey
[32m(release)[0m> 	and o_orderkey = l_orderkey
[32m(release)[0m> group by
[32m(release)[0m> 	c_name,
[32m(release)[0m> 	c_custkey,
[32m(release)[0m> 	o_orderkey,
[32m(release)[0m> 	o_orderdate,
[32m(release)[0m> 	o_totalprice
[32m(release)[0m> order by
[32m(release)[0m> 	o_totalprice desc,
[32m(release)[0m> 	o_orderdate;
VmRSS Change: 117752 KB
===
624 rows total
Execution info: [PARSE: 57 µs 699 ns, SQL TRANSLATE: 0 ns, OPTIMIZE: 0 ns, LQP TRANSLATE: 33 µs 350 ns, EXECUTE: 894 ms 591 µs (wall time) | QUERY PLAN CACHE HITS: 1/1 statement(s)]
After reset, table use_count: 2
WARNING: Table still has 1 other owner(s) after pipeline reset!
Executing script file done
$:hsh mem_usage
------------------------------------------
Memory Usage Statistics:
VmSize:	215677472 kB
VmRSS:	61187036 kB
0: MemResourceStatus {MigratedColumnsAggregate,18446744073709551615,12610235929,10275988050,10275988050,0,0,N/A}
MemResourceStatus {NumaMonotonicResource,3,60000000000,0,0,0,1,0}
MemResourceStatus {NumaMonotonicResource,2,60000000000,1924156000,3368931192,23200596032,0,23200626472}
MemResourceStatus {NumaMonotonicResource,1,64000000000,1039541809,3750105123,18917318200,0,18917334668}
0: MemResourceStatus {MemManagerAggregate,18446744073709551615,124000000000,2963697809,7119036315,0,0,N/A}
1: MemResourceStatus {MemManagerAggregate,18446744073709551615,60000000000,0,0,0,1,N/A}
MemResourceStatus {DefaultResource,18446744073709551615,18446744073709551615,0,0,0,-1,N/A}
Quick Memory Usage Overview:
Used Capacity: 13239685859, 0
------------------------------------------
Executing script file: /home/umeshsum/tpch_queries/18.sql
[32m(release)[0m> select
[32m(release)[0m> 	c_name,
[32m(release)[0m> 	c_custkey,
[32m(release)[0m> 	o_orderkey,
[32m(release)[0m> 	o_orderdate,
[32m(release)[0m> 	o_totalprice,
[32m(release)[0m> 	sum(l_quantity)
[32m(release)[0m> from
[32m(release)[0m> 	customer,
[32m(release)[0m> 	orders,
[32m(release)[0m> 	lineitem
[32m(release)[0m> where
[32m(release)[0m> 	o_orderkey in (
[32m(release)[0m> 		select
[32m(release)[0m> 			l_orderkey
[32m(release)[0m> 		from
[32m(release)[0m> 			lineitem
[32m(release)[0m> 		group by
[32m(release)[0m> 			l_orderkey having
[32m(release)[0m> 				sum(l_quantity) > 300
[32m(release)[0m> 	)
[32m(release)[0m> 	and c_custkey = o_custkey
[32m(release)[0m> 	and o_orderkey = l_orderkey
[32m(release)[0m> group by
[32m(release)[0m> 	c_name,
[32m(release)[0m> 	c_custkey,
[32m(release)[0m> 	o_orderkey,
[32m(release)[0m> 	o_orderdate,
[32m(release)[0m> 	o_totalprice
[32m(release)[0m> order by
[32m(release)[0m> 	o_totalprice desc,
[32m(release)[0m> 	o_orderdate;
VmRSS Change: 68524 KB
===
624 rows total
Execution info: [PARSE: 107 µs 949 ns, SQL TRANSLATE: 0 ns, OPTIMIZE: 0 ns, LQP TRANSLATE: 35 µs 720 ns, EXECUTE: 898 ms 806 µs (wall time) | QUERY PLAN CACHE HITS: 1/1 statement(s)]
After reset, table use_count: 2
WARNING: Table still has 1 other owner(s) after pipeline reset!
Executing script file done
$:hsh mem_usage
------------------------------------------
Memory Usage Statistics:
VmSize:	215677472 kB
VmRSS:	61255532 kB
0: MemResourceStatus {MigratedColumnsAggregate,18446744073709551615,12610235929,10275988050,10275988050,0,0,N/A}
MemResourceStatus {NumaMonotonicResource,3,60000000000,0,0,0,1,0}
MemResourceStatus {NumaMonotonicResource,2,60000000000,1924156000,3368931192,27840714288,0,27840750792}
MemResourceStatus {NumaMonotonicResource,1,64000000000,1039541809,3750105123,18917318200,0,18917334668}
0: MemResourceStatus {MemManagerAggregate,18446744073709551615,124000000000,2963697809,7119036315,0,0,N/A}
1: MemResourceStatus {MemManagerAggregate,18446744073709551615,60000000000,0,0,0,1,N/A}
MemResourceStatus {DefaultResource,18446744073709551615,18446744073709551615,0,0,0,-1,N/A}
Quick Memory Usage Overview:
Used Capacity: 13239685859, 0
------------------------------------------
Executing script file: /home/umeshsum/tpch_queries/18.sql
[32m(release)[0m> select
[32m(release)[0m> 	c_name,
[32m(release)[0m> 	c_custkey,
[32m(release)[0m> 	o_orderkey,
[32m(release)[0m> 	o_orderdate,
[32m(release)[0m> 	o_totalprice,
[32m(release)[0m> 	sum(l_quantity)
[32m(release)[0m> from
[32m(release)[0m> 	customer,
[32m(release)[0m> 	orders,
[32m(release)[0m> 	lineitem
[32m(release)[0m> where
[32m(release)[0m> 	o_orderkey in (
[32m(release)[0m> 		select
[32m(release)[0m> 			l_orderkey
[32m(release)[0m> 		from
[32m(release)[0m> 			lineitem
[32m(release)[0m> 		group by
[32m(release)[0m> 			l_orderkey having
[32m(release)[0m> 				sum(l_quantity) > 300
[32m(release)[0m> 	)
[32m(release)[0m> 	and c_custkey = o_custkey
[32m(release)[0m> 	and o_orderkey = l_orderkey
[32m(release)[0m> group by
[32m(release)[0m> 	c_name,
[32m(release)[0m> 	c_custkey,
[32m(release)[0m> 	o_orderkey,
[32m(release)[0m> 	o_orderdate,
[32m(release)[0m> 	o_totalprice
[32m(release)[0m> order by
[32m(release)[0m> 	o_totalprice desc,
[32m(release)[0m> 	o_orderdate;
VmRSS Change: 92152 KB
===
624 rows total
Execution info: [PARSE: 55 µs 749 ns, SQL TRANSLATE: 0 ns, OPTIMIZE: 0 ns, LQP TRANSLATE: 35 µs 420 ns, EXECUTE: 919 ms 622 µs (wall time) | QUERY PLAN CACHE HITS: 1/1 statement(s)]
After reset, table use_count: 2
WARNING: Table still has 1 other owner(s) after pipeline reset!
Executing script file done
$:hsh mem_usage
------------------------------------------
Memory Usage Statistics:
VmSize:	215677472 kB
VmRSS:	61347684 kB
0: MemResourceStatus {MigratedColumnsAggregate,18446744073709551615,12610235929,10275988050,10275988050,0,0,N/A}
MemResourceStatus {NumaMonotonicResource,3,60000000000,0,0,0,1,0}
MemResourceStatus {NumaMonotonicResource,2,60000000000,1924156000,3368931192,32480832976,0,32480875576}
MemResourceStatus {NumaMonotonicResource,1,64000000000,1039541809,3750105123,18917318200,0,18917334668}
0: MemResourceStatus {MemManagerAggregate,18446744073709551615,124000000000,2963697809,7119036315,0,0,N/A}
1: MemResourceStatus {MemManagerAggregate,18446744073709551615,60000000000,0,0,0,1,N/A}
MemResourceStatus {DefaultResource,18446744073709551615,18446744073709551615,0,0,0,-1,N/A}
Quick Memory Usage Overview:
Used Capacity: 13239685859, 0
------------------------------------------
Executing script file: /home/umeshsum/tpch_queries/18.sql
[32m(release)[0m> select
[32m(release)[0m> 	c_name,
[32m(release)[0m> 	c_custkey,
[32m(release)[0m> 	o_orderkey,
[32m(release)[0m> 	o_orderdate,
[32m(release)[0m> 	o_totalprice,
[32m(release)[0m> 	sum(l_quantity)
[32m(release)[0m> from
[32m(release)[0m> 	customer,
[32m(release)[0m> 	orders,
[32m(release)[0m> 	lineitem
[32m(release)[0m> where
[32m(release)[0m> 	o_orderkey in (
[32m(release)[0m> 		select
[32m(release)[0m> 			l_orderkey
[32m(release)[0m> 		from
[32m(release)[0m> 			lineitem
[32m(release)[0m> 		group by
[32m(release)[0m> 			l_orderkey having
[32m(release)[0m> 				sum(l_quantity) > 300
[32m(release)[0m> 	)
[32m(release)[0m> 	and c_custkey = o_custkey
[32m(release)[0m> 	and o_orderkey = l_orderkey
[32m(release)[0m> group by
[32m(release)[0m> 	c_name,
[32m(release)[0m> 	c_custkey,
[32m(release)[0m> 	o_orderkey,
[32m(release)[0m> 	o_orderdate,
[32m(release)[0m> 	o_totalprice
[32m(release)[0m> order by
[32m(release)[0m> 	o_totalprice desc,
[32m(release)[0m> 	o_orderdate;
VmRSS Change: 1011256 KB
===
624 rows total
Execution info: [PARSE: 55 µs 469 ns, SQL TRANSLATE: 0 ns, OPTIMIZE: 0 ns, LQP TRANSLATE: 35 µs 900 ns, EXECUTE: 1 s 81 ms (wall time) | QUERY PLAN CACHE HITS: 1/1 statement(s)]
After reset, table use_count: 2
WARNING: Table still has 1 other owner(s) after pipeline reset!
Executing script file done
$:hsh mem_usage
------------------------------------------
Memory Usage Statistics:
VmSize:	215677472 kB
VmRSS:	62358940 kB
0: MemResourceStatus {MigratedColumnsAggregate,18446744073709551615,12610235929,10275988050,10275988050,0,0,N/A}
MemResourceStatus {NumaMonotonicResource,3,60000000000,0,0,0,1,0}
MemResourceStatus {NumaMonotonicResource,2,60000000000,1924156000,3368931192,37120952960,0,37121001640}
MemResourceStatus {NumaMonotonicResource,1,64000000000,1039541809,3750105123,18917318200,0,18917334668}
0: MemResourceStatus {MemManagerAggregate,18446744073709551615,124000000000,2963697809,7119036315,0,0,N/A}
1: MemResourceStatus {MemManagerAggregate,18446744073709551615,60000000000,0,0,0,1,N/A}
MemResourceStatus {DefaultResource,18446744073709551615,18446744073709551615,0,0,0,-1,N/A}
Quick Memory Usage Overview:
Used Capacity: 13239685859, 0
------------------------------------------
Executing script file: /home/umeshsum/tpch_queries/18.sql
[32m(release)[0m> select
[32m(release)[0m> 	c_name,
[32m(release)[0m> 	c_custkey,
[32m(release)[0m> 	o_orderkey,
[32m(release)[0m> 	o_orderdate,
[32m(release)[0m> 	o_totalprice,
[32m(release)[0m> 	sum(l_quantity)
[32m(release)[0m> from
[32m(release)[0m> 	customer,
[32m(release)[0m> 	orders,
[32m(release)[0m> 	lineitem
[32m(release)[0m> where
[32m(release)[0m> 	o_orderkey in (
[32m(release)[0m> 		select
[32m(release)[0m> 			l_orderkey
[32m(release)[0m> 		from
[32m(release)[0m> 			lineitem
[32m(release)[0m> 		group by
[32m(release)[0m> 			l_orderkey having
[32m(release)[0m> 				sum(l_quantity) > 300
[32m(release)[0m> 	)
[32m(release)[0m> 	and c_custkey = o_custkey
[32m(release)[0m> 	and o_orderkey = l_orderkey
[32m(release)[0m> group by
[32m(release)[0m> 	c_name,
[32m(release)[0m> 	c_custkey,
[32m(release)[0m> 	o_orderkey,
[32m(release)[0m> 	o_orderdate,
[32m(release)[0m> 	o_totalprice
[32m(release)[0m> order by
[32m(release)[0m> 	o_totalprice desc,
[32m(release)[0m> 	o_orderdate;
VmRSS Change: 2346564 KB
===
624 rows total
Execution info: [PARSE: 65 µs 929 ns, SQL TRANSLATE: 0 ns, OPTIMIZE: 0 ns, LQP TRANSLATE: 39 µs 339 ns, EXECUTE: 1 s 584 ms (wall time) | QUERY PLAN CACHE HITS: 1/1 statement(s)]
After reset, table use_count: 2
WARNING: Table still has 1 other owner(s) after pipeline reset!
Executing script file done
$:hsh mem_usage
------------------------------------------
Memory Usage Statistics:
VmSize:	215677472 kB
VmRSS:	64705420 kB
0: MemResourceStatus {MigratedColumnsAggregate,18446744073709551615,12610235929,10275988050,10275988050,0,0,N/A}
MemResourceStatus {NumaMonotonicResource,3,60000000000,0,0,0,1,0}
MemResourceStatus {NumaMonotonicResource,2,60000000000,1924156000,3368931192,41761071936,0,41761126696}
MemResourceStatus {NumaMonotonicResource,1,64000000000,1039541809,3750105123,18917318200,0,18917334668}
0: MemResourceStatus {MemManagerAggregate,18446744073709551615,124000000000,2963697809,7119036315,0,0,N/A}
1: MemResourceStatus {MemManagerAggregate,18446744073709551615,60000000000,0,0,0,1,N/A}
MemResourceStatus {DefaultResource,18446744073709551615,18446744073709551615,0,0,0,-1,N/A}
Quick Memory Usage Overview:
Used Capacity: 13239685859, 0
------------------------------------------
Executing script file: /home/umeshsum/tpch_queries/18.sql
[32m(release)[0m> select
[32m(release)[0m> 	c_name,
[32m(release)[0m> 	c_custkey,
[32m(release)[0m> 	o_orderkey,
[32m(release)[0m> 	o_orderdate,
[32m(release)[0m> 	o_totalprice,
[32m(release)[0m> 	sum(l_quantity)
[32m(release)[0m> from
[32m(release)[0m> 	customer,
[32m(release)[0m> 	orders,
[32m(release)[0m> 	lineitem
[32m(release)[0m> where
[32m(release)[0m> 	o_orderkey in (
[32m(release)[0m> 		select
[32m(release)[0m> 			l_orderkey
[32m(release)[0m> 		from
[32m(release)[0m> 			lineitem
[32m(release)[0m> 		group by
[32m(release)[0m> 			l_orderkey having
[32m(release)[0m> 				sum(l_quantity) > 300
[32m(release)[0m> 	)
[32m(release)[0m> 	and c_custkey = o_custkey
[32m(release)[0m> 	and o_orderkey = l_orderkey
[32m(release)[0m> group by
[32m(release)[0m> 	c_name,
[32m(release)[0m> 	c_custkey,
[32m(release)[0m> 	o_orderkey,
[32m(release)[0m> 	o_orderdate,
[32m(release)[0m> 	o_totalprice
[32m(release)[0m> order by
[32m(release)[0m> 	o_totalprice desc,
[32m(release)[0m> 	o_orderdate;
VmRSS Change: 2346440 KB
===
624 rows total
Execution info: [PARSE: 58 µs 510 ns, SQL TRANSLATE: 0 ns, OPTIMIZE: 0 ns, LQP TRANSLATE: 36 µs 440 ns, EXECUTE: 1 s 571 ms (wall time) | QUERY PLAN CACHE HITS: 1/1 statement(s)]
After reset, table use_count: 2
WARNING: Table still has 1 other owner(s) after pipeline reset!
Executing script file done
$:hsh mem_usage
------------------------------------------
Memory Usage Statistics:
VmSize:	215677472 kB
VmRSS:	67051860 kB
0: MemResourceStatus {MigratedColumnsAggregate,18446744073709551615,12610235929,10275988050,10275988050,0,0,N/A}
MemResourceStatus {NumaMonotonicResource,3,60000000000,0,0,0,1,0}
MemResourceStatus {NumaMonotonicResource,2,60000000000,1924156000,3368931192,46401190768,0,46401251608}
MemResourceStatus {NumaMonotonicResource,1,64000000000,1039541809,3750105123,18917318200,0,18917334668}
0: MemResourceStatus {MemManagerAggregate,18446744073709551615,124000000000,2963697809,7119036315,0,0,N/A}
1: MemResourceStatus {MemManagerAggregate,18446744073709551615,60000000000,0,0,0,1,N/A}
MemResourceStatus {DefaultResource,18446744073709551615,18446744073709551615,0,0,0,-1,N/A}
Quick Memory Usage Overview:
Used Capacity: 13239685859, 0
------------------------------------------
Label set to d60000000000_tf60000000000_q19
$:hsh clear_plan_caches
Cleared PQP and LQP caches
$:hsh clear_pipeline
Released last SQLPipeline
$:hsh reset_exec_pools
Reset execution pools (2, 3) bump pointers to start
$:hsh mem_usage
------------------------------------------
Memory Usage Statistics:
VmSize:	215677472 kB
VmRSS:	67051860 kB
0: MemResourceStatus {MigratedColumnsAggregate,18446744073709551615,12610235929,10275988050,10275988050,0,0,N/A}
MemResourceStatus {NumaMonotonicResource,3,60000000000,0,0,0,1,0}
MemResourceStatus {NumaMonotonicResource,2,60000000000,0,0,0,0,0}
MemResourceStatus {NumaMonotonicResource,1,64000000000,1039541809,3750105123,18917318200,0,18917334668}
0: MemResourceStatus {MemManagerAggregate,18446744073709551615,124000000000,1039541809,3750105123,0,0,N/A}
1: MemResourceStatus {MemManagerAggregate,18446744073709551615,60000000000,0,0,0,1,N/A}
MemResourceStatus {DefaultResource,18446744073709551615,18446744073709551615,0,0,0,-1,N/A}
Quick Memory Usage Overview:
Used Capacity: 11315529859, 0
------------------------------------------
Executing script file: /home/umeshsum/tpch_queries/19.sql
[32m(release)[0m> select
[32m(release)[0m> 	sum(l_extendedprice* (1 - l_discount)) as revenue
[32m(release)[0m> from
[32m(release)[0m> 	lineitem,
[32m(release)[0m> 	part
[32m(release)[0m> where
[32m(release)[0m> 	(
[32m(release)[0m> 		p_partkey = l_partkey
[32m(release)[0m> 		and p_brand = 'Brand#12'
[32m(release)[0m> 		and p_container in ('SM CASE', 'SM BOX', 'SM PACK', 'SM PKG')
[32m(release)[0m> 		and l_quantity >= 1 and l_quantity <= 1 + 10
[32m(release)[0m> 		and p_size between 1 and 5
[32m(release)[0m> 		and l_shipmode in ('AIR', 'AIR REG')
[32m(release)[0m> 		and l_shipinstruct = 'DELIVER IN PERSON'
[32m(release)[0m> 	)
[32m(release)[0m> 	or
[32m(release)[0m> 	(
[32m(release)[0m> 		p_partkey = l_partkey
[32m(release)[0m> 		and p_brand = 'Brand#23'
[32m(release)[0m> 		and p_container in ('MED BAG', 'MED BOX', 'MED PKG', 'MED PACK')
[32m(release)[0m> 		and l_quantity >= 10 and l_quantity <= 10 + 10
[32m(release)[0m> 		and p_size between 1 and 10
[32m(release)[0m> 		and l_shipmode in ('AIR', 'AIR REG')
[32m(release)[0m> 		and l_shipinstruct = 'DELIVER IN PERSON'
[32m(release)[0m> 	)
[32m(release)[0m> 	or
[32m(release)[0m> 	(
[32m(release)[0m> 		p_partkey = l_partkey
[32m(release)[0m> 		and p_brand = 'Brand#34'
[32m(release)[0m> 		and p_container in ('LG CASE', 'LG BOX', 'LG PACK', 'LG PKG')
[32m(release)[0m> 		and l_quantity >= 20 and l_quantity <= 20 + 10
[32m(release)[0m> 		and p_size between 1 and 15
[32m(release)[0m> 		and l_shipmode in ('AIR', 'AIR REG')
[32m(release)[0m> 		and l_shipinstruct = 'DELIVER IN PERSON'
[32m(release)[0m> 	);
VmRSS Change: 18446744073709550728 KB
===
1 rows total
Execution info: [PARSE: 117 µs 149 ns, SQL TRANSLATE: 209 µs 28 ns, OPTIMIZE: 7 ms 288 µs, LQP TRANSLATE: 719 µs 393 ns, EXECUTE: 57 ms 596 µs (wall time) | QUERY PLAN CACHE HITS: 0/1 statement(s)]
After reset, table use_count: 2
WARNING: Table still has 1 other owner(s) after pipeline reset!
Executing script file done
$:hsh mem_usage
------------------------------------------
Memory Usage Statistics:
VmSize:	215677472 kB
VmRSS:	67051088 kB
0: MemResourceStatus {MigratedColumnsAggregate,18446744073709551615,12610235929,10275988050,10275988050,0,0,N/A}
MemResourceStatus {NumaMonotonicResource,3,60000000000,0,0,0,1,0}
MemResourceStatus {NumaMonotonicResource,2,60000000000,468,125665782,421354454,0,421363304}
MemResourceStatus {NumaMonotonicResource,1,64000000000,1039541809,3750105123,18917318200,0,18917334668}
0: MemResourceStatus {MemManagerAggregate,18446744073709551615,124000000000,1039542277,3875770905,0,0,N/A}
1: MemResourceStatus {MemManagerAggregate,18446744073709551615,60000000000,0,0,0,1,N/A}
MemResourceStatus {DefaultResource,18446744073709551615,18446744073709551615,0,0,0,-1,N/A}
Quick Memory Usage Overview:
Used Capacity: 11315530327, 0
------------------------------------------
Executing script file: /home/umeshsum/tpch_queries/19.sql
[32m(release)[0m> select
[32m(release)[0m> 	sum(l_extendedprice* (1 - l_discount)) as revenue
[32m(release)[0m> from
[32m(release)[0m> 	lineitem,
[32m(release)[0m> 	part
[32m(release)[0m> where
[32m(release)[0m> 	(
[32m(release)[0m> 		p_partkey = l_partkey
[32m(release)[0m> 		and p_brand = 'Brand#12'
[32m(release)[0m> 		and p_container in ('SM CASE', 'SM BOX', 'SM PACK', 'SM PKG')
[32m(release)[0m> 		and l_quantity >= 1 and l_quantity <= 1 + 10
[32m(release)[0m> 		and p_size between 1 and 5
[32m(release)[0m> 		and l_shipmode in ('AIR', 'AIR REG')
[32m(release)[0m> 		and l_shipinstruct = 'DELIVER IN PERSON'
[32m(release)[0m> 	)
[32m(release)[0m> 	or
[32m(release)[0m> 	(
[32m(release)[0m> 		p_partkey = l_partkey
[32m(release)[0m> 		and p_brand = 'Brand#23'
[32m(release)[0m> 		and p_container in ('MED BAG', 'MED BOX', 'MED PKG', 'MED PACK')
[32m(release)[0m> 		and l_quantity >= 10 and l_quantity <= 10 + 10
[32m(release)[0m> 		and p_size between 1 and 10
[32m(release)[0m> 		and l_shipmode in ('AIR', 'AIR REG')
[32m(release)[0m> 		and l_shipinstruct = 'DELIVER IN PERSON'
[32m(release)[0m> 	)
[32m(release)[0m> 	or
[32m(release)[0m> 	(
[32m(release)[0m> 		p_partkey = l_partkey
[32m(release)[0m> 		and p_brand = 'Brand#34'
[32m(release)[0m> 		and p_container in ('LG CASE', 'LG BOX', 'LG PACK', 'LG PKG')
[32m(release)[0m> 		and l_quantity >= 20 and l_quantity <= 20 + 10
[32m(release)[0m> 		and p_size between 1 and 15
[32m(release)[0m> 		and l_shipmode in ('AIR', 'AIR REG')
[32m(release)[0m> 		and l_shipinstruct = 'DELIVER IN PERSON'
[32m(release)[0m> 	);
VmRSS Change: 18446744073709551344 KB
===
1 rows total
Execution info: [PARSE: 97 µs 269 ns, SQL TRANSLATE: 0 ns, OPTIMIZE: 0 ns, LQP TRANSLATE: 136 µs 18 ns, EXECUTE: 50 ms 81 µs (wall time) | QUERY PLAN CACHE HITS: 1/1 statement(s)]
After reset, table use_count: 2
WARNING: Table still has 1 other owner(s) after pipeline reset!
Executing script file done
$:hsh mem_usage
------------------------------------------
Memory Usage Statistics:
VmSize:	215677472 kB
VmRSS:	67050836 kB
0: MemResourceStatus {MigratedColumnsAggregate,18446744073709551615,12610235929,10275988050,10275988050,0,0,N/A}
MemResourceStatus {NumaMonotonicResource,3,60000000000,0,0,0,1,0}
MemResourceStatus {NumaMonotonicResource,2,60000000000,766,125665782,842701424,0,842719832}
MemResourceStatus {NumaMonotonicResource,1,64000000000,1039541809,3750105123,18917318200,0,18917334668}
0: MemResourceStatus {MemManagerAggregate,18446744073709551615,124000000000,1039542575,3875770905,0,0,N/A}
1: MemResourceStatus {MemManagerAggregate,18446744073709551615,60000000000,0,0,0,1,N/A}
MemResourceStatus {DefaultResource,18446744073709551615,18446744073709551615,0,0,0,-1,N/A}
Quick Memory Usage Overview:
Used Capacity: 11315530625, 0
------------------------------------------
Executing script file: /home/umeshsum/tpch_queries/19.sql
[32m(release)[0m> select
[32m(release)[0m> 	sum(l_extendedprice* (1 - l_discount)) as revenue
[32m(release)[0m> from
[32m(release)[0m> 	lineitem,
[32m(release)[0m> 	part
[32m(release)[0m> where
[32m(release)[0m> 	(
[32m(release)[0m> 		p_partkey = l_partkey
[32m(release)[0m> 		and p_brand = 'Brand#12'
[32m(release)[0m> 		and p_container in ('SM CASE', 'SM BOX', 'SM PACK', 'SM PKG')
[32m(release)[0m> 		and l_quantity >= 1 and l_quantity <= 1 + 10
[32m(release)[0m> 		and p_size between 1 and 5
[32m(release)[0m> 		and l_shipmode in ('AIR', 'AIR REG')
[32m(release)[0m> 		and l_shipinstruct = 'DELIVER IN PERSON'
[32m(release)[0m> 	)
[32m(release)[0m> 	or
[32m(release)[0m> 	(
[32m(release)[0m> 		p_partkey = l_partkey
[32m(release)[0m> 		and p_brand = 'Brand#23'
[32m(release)[0m> 		and p_container in ('MED BAG', 'MED BOX', 'MED PKG', 'MED PACK')
[32m(release)[0m> 		and l_quantity >= 10 and l_quantity <= 10 + 10
[32m(release)[0m> 		and p_size between 1 and 10
[32m(release)[0m> 		and l_shipmode in ('AIR', 'AIR REG')
[32m(release)[0m> 		and l_shipinstruct = 'DELIVER IN PERSON'
[32m(release)[0m> 	)
[32m(release)[0m> 	or
[32m(release)[0m> 	(
[32m(release)[0m> 		p_partkey = l_partkey
[32m(release)[0m> 		and p_brand = 'Brand#34'
[32m(release)[0m> 		and p_container in ('LG CASE', 'LG BOX', 'LG PACK', 'LG PKG')
[32m(release)[0m> 		and l_quantity >= 20 and l_quantity <= 20 + 10
[32m(release)[0m> 		and p_size between 1 and 15
[32m(release)[0m> 		and l_shipmode in ('AIR', 'AIR REG')
[32m(release)[0m> 		and l_shipinstruct = 'DELIVER IN PERSON'
[32m(release)[0m> 	);
VmRSS Change: 212 KB
===
1 rows total
Execution info: [PARSE: 87 µs 569 ns, SQL TRANSLATE: 0 ns, OPTIMIZE: 0 ns, LQP TRANSLATE: 82 µs 859 ns, EXECUTE: 47 ms 170 µs (wall time) | QUERY PLAN CACHE HITS: 1/1 statement(s)]
After reset, table use_count: 2
WARNING: Table still has 1 other owner(s) after pipeline reset!
Executing script file done
$:hsh mem_usage
------------------------------------------
Memory Usage Statistics:
VmSize:	215677472 kB
VmRSS:	67051048 kB
0: MemResourceStatus {MigratedColumnsAggregate,18446744073709551615,12610235929,10275988050,10275988050,0,0,N/A}
MemResourceStatus {NumaMonotonicResource,3,60000000000,0,0,0,1,0}
MemResourceStatus {NumaMonotonicResource,2,60000000000,766,125665782,1264026418,0,1264053448}
MemResourceStatus {NumaMonotonicResource,1,64000000000,1039541809,3750105123,18917318200,0,18917334668}
0: MemResourceStatus {MemManagerAggregate,18446744073709551615,124000000000,1039542575,3875770905,0,0,N/A}
1: MemResourceStatus {MemManagerAggregate,18446744073709551615,60000000000,0,0,0,1,N/A}
MemResourceStatus {DefaultResource,18446744073709551615,18446744073709551615,0,0,0,-1,N/A}
Quick Memory Usage Overview:
Used Capacity: 11315530625, 0
------------------------------------------
Executing script file: /home/umeshsum/tpch_queries/19.sql
[32m(release)[0m> select
[32m(release)[0m> 	sum(l_extendedprice* (1 - l_discount)) as revenue
[32m(release)[0m> from
[32m(release)[0m> 	lineitem,
[32m(release)[0m> 	part
[32m(release)[0m> where
[32m(release)[0m> 	(
[32m(release)[0m> 		p_partkey = l_partkey
[32m(release)[0m> 		and p_brand = 'Brand#12'
[32m(release)[0m> 		and p_container in ('SM CASE', 'SM BOX', 'SM PACK', 'SM PKG')
[32m(release)[0m> 		and l_quantity >= 1 and l_quantity <= 1 + 10
[32m(release)[0m> 		and p_size between 1 and 5
[32m(release)[0m> 		and l_shipmode in ('AIR', 'AIR REG')
[32m(release)[0m> 		and l_shipinstruct = 'DELIVER IN PERSON'
[32m(release)[0m> 	)
[32m(release)[0m> 	or
[32m(release)[0m> 	(
[32m(release)[0m> 		p_partkey = l_partkey
[32m(release)[0m> 		and p_brand = 'Brand#23'
[32m(release)[0m> 		and p_container in ('MED BAG', 'MED BOX', 'MED PKG', 'MED PACK')
[32m(release)[0m> 		and l_quantity >= 10 and l_quantity <= 10 + 10
[32m(release)[0m> 		and p_size between 1 and 10
[32m(release)[0m> 		and l_shipmode in ('AIR', 'AIR REG')
[32m(release)[0m> 		and l_shipinstruct = 'DELIVER IN PERSON'
[32m(release)[0m> 	)
[32m(release)[0m> 	or
[32m(release)[0m> 	(
[32m(release)[0m> 		p_partkey = l_partkey
[32m(release)[0m> 		and p_brand = 'Brand#34'
[32m(release)[0m> 		and p_container in ('LG CASE', 'LG BOX', 'LG PACK', 'LG PKG')
[32m(release)[0m> 		and l_quantity >= 20 and l_quantity <= 20 + 10
[32m(release)[0m> 		and p_size between 1 and 15
[32m(release)[0m> 		and l_shipmode in ('AIR', 'AIR REG')
[32m(release)[0m> 		and l_shipinstruct = 'DELIVER IN PERSON'
[32m(release)[0m> 	);
VmRSS Change: 24 KB
===
1 rows total
Execution info: [PARSE: 84 µs 299 ns, SQL TRANSLATE: 0 ns, OPTIMIZE: 0 ns, LQP TRANSLATE: 84 µs 940 ns, EXECUTE: 44 ms 505 µs (wall time) | QUERY PLAN CACHE HITS: 1/1 statement(s)]
After reset, table use_count: 2
WARNING: Table still has 1 other owner(s) after pipeline reset!
Executing script file done
$:hsh mem_usage
------------------------------------------
Memory Usage Statistics:
VmSize:	215677472 kB
VmRSS:	67051068 kB
0: MemResourceStatus {MigratedColumnsAggregate,18446744073709551615,12610235929,10275988050,10275988050,0,0,N/A}
MemResourceStatus {NumaMonotonicResource,3,60000000000,0,0,0,1,0}
MemResourceStatus {NumaMonotonicResource,2,60000000000,766,125666096,1685346140,0,1685382392}
MemResourceStatus {NumaMonotonicResource,1,64000000000,1039541809,3750105123,18917318200,0,18917334668}
0: MemResourceStatus {MemManagerAggregate,18446744073709551615,124000000000,1039542575,3875771219,0,0,N/A}
1: MemResourceStatus {MemManagerAggregate,18446744073709551615,60000000000,0,0,0,1,N/A}
MemResourceStatus {DefaultResource,18446744073709551615,18446744073709551615,0,0,0,-1,N/A}
Quick Memory Usage Overview:
Used Capacity: 11315530625, 0
------------------------------------------
Executing script file: /home/umeshsum/tpch_queries/19.sql
[32m(release)[0m> select
[32m(release)[0m> 	sum(l_extendedprice* (1 - l_discount)) as revenue
[32m(release)[0m> from
[32m(release)[0m> 	lineitem,
[32m(release)[0m> 	part
[32m(release)[0m> where
[32m(release)[0m> 	(
[32m(release)[0m> 		p_partkey = l_partkey
[32m(release)[0m> 		and p_brand = 'Brand#12'
[32m(release)[0m> 		and p_container in ('SM CASE', 'SM BOX', 'SM PACK', 'SM PKG')
[32m(release)[0m> 		and l_quantity >= 1 and l_quantity <= 1 + 10
[32m(release)[0m> 		and p_size between 1 and 5
[32m(release)[0m> 		and l_shipmode in ('AIR', 'AIR REG')
[32m(release)[0m> 		and l_shipinstruct = 'DELIVER IN PERSON'
[32m(release)[0m> 	)
[32m(release)[0m> 	or
[32m(release)[0m> 	(
[32m(release)[0m> 		p_partkey = l_partkey
[32m(release)[0m> 		and p_brand = 'Brand#23'
[32m(release)[0m> 		and p_container in ('MED BAG', 'MED BOX', 'MED PKG', 'MED PACK')
[32m(release)[0m> 		and l_quantity >= 10 and l_quantity <= 10 + 10
[32m(release)[0m> 		and p_size between 1 and 10
[32m(release)[0m> 		and l_shipmode in ('AIR', 'AIR REG')
[32m(release)[0m> 		and l_shipinstruct = 'DELIVER IN PERSON'
[32m(release)[0m> 	)
[32m(release)[0m> 	or
[32m(release)[0m> 	(
[32m(release)[0m> 		p_partkey = l_partkey
[32m(release)[0m> 		and p_brand = 'Brand#34'
[32m(release)[0m> 		and p_container in ('LG CASE', 'LG BOX', 'LG PACK', 'LG PKG')
[32m(release)[0m> 		and l_quantity >= 20 and l_quantity <= 20 + 10
[32m(release)[0m> 		and p_size between 1 and 15
[32m(release)[0m> 		and l_shipmode in ('AIR', 'AIR REG')
[32m(release)[0m> 		and l_shipinstruct = 'DELIVER IN PERSON'
[32m(release)[0m> 	);
VmRSS Change: 18446744073709551600 KB
===
1 rows total
Execution info: [PARSE: 106 µs 469 ns, SQL TRANSLATE: 0 ns, OPTIMIZE: 0 ns, LQP TRANSLATE: 86 µs 679 ns, EXECUTE: 44 ms 845 µs (wall time) | QUERY PLAN CACHE HITS: 1/1 statement(s)]
After reset, table use_count: 2
WARNING: Table still has 1 other owner(s) after pipeline reset!
Executing script file done
$:hsh mem_usage
------------------------------------------
Memory Usage Statistics:
VmSize:	215677472 kB
VmRSS:	67051052 kB
0: MemResourceStatus {MigratedColumnsAggregate,18446744073709551615,12610235929,10275988050,10275988050,0,0,N/A}
MemResourceStatus {NumaMonotonicResource,3,60000000000,0,0,0,1,0}
MemResourceStatus {NumaMonotonicResource,2,60000000000,766,125666096,2106725486,0,2106770888}
MemResourceStatus {NumaMonotonicResource,1,64000000000,1039541809,3750105123,18917318200,0,18917334668}
0: MemResourceStatus {MemManagerAggregate,18446744073709551615,124000000000,1039542575,3875771219,0,0,N/A}
1: MemResourceStatus {MemManagerAggregate,18446744073709551615,60000000000,0,0,0,1,N/A}
MemResourceStatus {DefaultResource,18446744073709551615,18446744073709551615,0,0,0,-1,N/A}
Quick Memory Usage Overview:
Used Capacity: 11315530625, 0
------------------------------------------
Executing script file: /home/umeshsum/tpch_queries/19.sql
[32m(release)[0m> select
[32m(release)[0m> 	sum(l_extendedprice* (1 - l_discount)) as revenue
[32m(release)[0m> from
[32m(release)[0m> 	lineitem,
[32m(release)[0m> 	part
[32m(release)[0m> where
[32m(release)[0m> 	(
[32m(release)[0m> 		p_partkey = l_partkey
[32m(release)[0m> 		and p_brand = 'Brand#12'
[32m(release)[0m> 		and p_container in ('SM CASE', 'SM BOX', 'SM PACK', 'SM PKG')
[32m(release)[0m> 		and l_quantity >= 1 and l_quantity <= 1 + 10
[32m(release)[0m> 		and p_size between 1 and 5
[32m(release)[0m> 		and l_shipmode in ('AIR', 'AIR REG')
[32m(release)[0m> 		and l_shipinstruct = 'DELIVER IN PERSON'
[32m(release)[0m> 	)
[32m(release)[0m> 	or
[32m(release)[0m> 	(
[32m(release)[0m> 		p_partkey = l_partkey
[32m(release)[0m> 		and p_brand = 'Brand#23'
[32m(release)[0m> 		and p_container in ('MED BAG', 'MED BOX', 'MED PKG', 'MED PACK')
[32m(release)[0m> 		and l_quantity >= 10 and l_quantity <= 10 + 10
[32m(release)[0m> 		and p_size between 1 and 10
[32m(release)[0m> 		and l_shipmode in ('AIR', 'AIR REG')
[32m(release)[0m> 		and l_shipinstruct = 'DELIVER IN PERSON'
[32m(release)[0m> 	)
[32m(release)[0m> 	or
[32m(release)[0m> 	(
[32m(release)[0m> 		p_partkey = l_partkey
[32m(release)[0m> 		and p_brand = 'Brand#34'
[32m(release)[0m> 		and p_container in ('LG CASE', 'LG BOX', 'LG PACK', 'LG PKG')
[32m(release)[0m> 		and l_quantity >= 20 and l_quantity <= 20 + 10
[32m(release)[0m> 		and p_size between 1 and 15
[32m(release)[0m> 		and l_shipmode in ('AIR', 'AIR REG')
[32m(release)[0m> 		and l_shipinstruct = 'DELIVER IN PERSON'
[32m(release)[0m> 	);
VmRSS Change: 188 KB
===
1 rows total
Execution info: [PARSE: 89 µs 430 ns, SQL TRANSLATE: 0 ns, OPTIMIZE: 0 ns, LQP TRANSLATE: 87 µs 949 ns, EXECUTE: 45 ms 687 µs (wall time) | QUERY PLAN CACHE HITS: 1/1 statement(s)]
After reset, table use_count: 2
WARNING: Table still has 1 other owner(s) after pipeline reset!
Executing script file done
$:hsh mem_usage
------------------------------------------
Memory Usage Statistics:
VmSize:	215677472 kB
VmRSS:	67051240 kB
0: MemResourceStatus {MigratedColumnsAggregate,18446744073709551615,12610235929,10275988050,10275988050,0,0,N/A}
MemResourceStatus {NumaMonotonicResource,3,60000000000,0,0,0,1,0}
MemResourceStatus {NumaMonotonicResource,2,60000000000,766,125666096,2528096368,0,2528150712}
MemResourceStatus {NumaMonotonicResource,1,64000000000,1039541809,3750105123,18917318200,0,18917334668}
0: MemResourceStatus {MemManagerAggregate,18446744073709551615,124000000000,1039542575,3875771219,0,0,N/A}
1: MemResourceStatus {MemManagerAggregate,18446744073709551615,60000000000,0,0,0,1,N/A}
MemResourceStatus {DefaultResource,18446744073709551615,18446744073709551615,0,0,0,-1,N/A}
Quick Memory Usage Overview:
Used Capacity: 11315530625, 0
------------------------------------------
Executing script file: /home/umeshsum/tpch_queries/19.sql
[32m(release)[0m> select
[32m(release)[0m> 	sum(l_extendedprice* (1 - l_discount)) as revenue
[32m(release)[0m> from
[32m(release)[0m> 	lineitem,
[32m(release)[0m> 	part
[32m(release)[0m> where
[32m(release)[0m> 	(
[32m(release)[0m> 		p_partkey = l_partkey
[32m(release)[0m> 		and p_brand = 'Brand#12'
[32m(release)[0m> 		and p_container in ('SM CASE', 'SM BOX', 'SM PACK', 'SM PKG')
[32m(release)[0m> 		and l_quantity >= 1 and l_quantity <= 1 + 10
[32m(release)[0m> 		and p_size between 1 and 5
[32m(release)[0m> 		and l_shipmode in ('AIR', 'AIR REG')
[32m(release)[0m> 		and l_shipinstruct = 'DELIVER IN PERSON'
[32m(release)[0m> 	)
[32m(release)[0m> 	or
[32m(release)[0m> 	(
[32m(release)[0m> 		p_partkey = l_partkey
[32m(release)[0m> 		and p_brand = 'Brand#23'
[32m(release)[0m> 		and p_container in ('MED BAG', 'MED BOX', 'MED PKG', 'MED PACK')
[32m(release)[0m> 		and l_quantity >= 10 and l_quantity <= 10 + 10
[32m(release)[0m> 		and p_size between 1 and 10
[32m(release)[0m> 		and l_shipmode in ('AIR', 'AIR REG')
[32m(release)[0m> 		and l_shipinstruct = 'DELIVER IN PERSON'
[32m(release)[0m> 	)
[32m(release)[0m> 	or
[32m(release)[0m> 	(
[32m(release)[0m> 		p_partkey = l_partkey
[32m(release)[0m> 		and p_brand = 'Brand#34'
[32m(release)[0m> 		and p_container in ('LG CASE', 'LG BOX', 'LG PACK', 'LG PKG')
[32m(release)[0m> 		and l_quantity >= 20 and l_quantity <= 20 + 10
[32m(release)[0m> 		and p_size between 1 and 15
[32m(release)[0m> 		and l_shipmode in ('AIR', 'AIR REG')
[32m(release)[0m> 		and l_shipinstruct = 'DELIVER IN PERSON'
[32m(release)[0m> 	);
VmRSS Change: 232 KB
===
1 rows total
Execution info: [PARSE: 87 µs 29 ns, SQL TRANSLATE: 0 ns, OPTIMIZE: 0 ns, LQP TRANSLATE: 87 µs 919 ns, EXECUTE: 46 ms 595 µs (wall time) | QUERY PLAN CACHE HITS: 1/1 statement(s)]
After reset, table use_count: 2
WARNING: Table still has 1 other owner(s) after pipeline reset!
Executing script file done
$:hsh mem_usage
------------------------------------------
Memory Usage Statistics:
VmSize:	215677472 kB
VmRSS:	67051472 kB
0: MemResourceStatus {MigratedColumnsAggregate,18446744073709551615,12610235929,10275988050,10275988050,0,0,N/A}
MemResourceStatus {NumaMonotonicResource,3,60000000000,0,0,0,1,0}
MemResourceStatus {NumaMonotonicResource,2,60000000000,766,125666096,2949472050,0,2949535000}
MemResourceStatus {NumaMonotonicResource,1,64000000000,1039541809,3750105123,18917318200,0,18917334668}
0: MemResourceStatus {MemManagerAggregate,18446744073709551615,124000000000,1039542575,3875771219,0,0,N/A}
1: MemResourceStatus {MemManagerAggregate,18446744073709551615,60000000000,0,0,0,1,N/A}
MemResourceStatus {DefaultResource,18446744073709551615,18446744073709551615,0,0,0,-1,N/A}
Quick Memory Usage Overview:
Used Capacity: 11315530625, 0
------------------------------------------
Executing script file: /home/umeshsum/tpch_queries/19.sql
[32m(release)[0m> select
[32m(release)[0m> 	sum(l_extendedprice* (1 - l_discount)) as revenue
[32m(release)[0m> from
[32m(release)[0m> 	lineitem,
[32m(release)[0m> 	part
[32m(release)[0m> where
[32m(release)[0m> 	(
[32m(release)[0m> 		p_partkey = l_partkey
[32m(release)[0m> 		and p_brand = 'Brand#12'
[32m(release)[0m> 		and p_container in ('SM CASE', 'SM BOX', 'SM PACK', 'SM PKG')
[32m(release)[0m> 		and l_quantity >= 1 and l_quantity <= 1 + 10
[32m(release)[0m> 		and p_size between 1 and 5
[32m(release)[0m> 		and l_shipmode in ('AIR', 'AIR REG')
[32m(release)[0m> 		and l_shipinstruct = 'DELIVER IN PERSON'
[32m(release)[0m> 	)
[32m(release)[0m> 	or
[32m(release)[0m> 	(
[32m(release)[0m> 		p_partkey = l_partkey
[32m(release)[0m> 		and p_brand = 'Brand#23'
[32m(release)[0m> 		and p_container in ('MED BAG', 'MED BOX', 'MED PKG', 'MED PACK')
[32m(release)[0m> 		and l_quantity >= 10 and l_quantity <= 10 + 10
[32m(release)[0m> 		and p_size between 1 and 10
[32m(release)[0m> 		and l_shipmode in ('AIR', 'AIR REG')
[32m(release)[0m> 		and l_shipinstruct = 'DELIVER IN PERSON'
[32m(release)[0m> 	)
[32m(release)[0m> 	or
[32m(release)[0m> 	(
[32m(release)[0m> 		p_partkey = l_partkey
[32m(release)[0m> 		and p_brand = 'Brand#34'
[32m(release)[0m> 		and p_container in ('LG CASE', 'LG BOX', 'LG PACK', 'LG PKG')
[32m(release)[0m> 		and l_quantity >= 20 and l_quantity <= 20 + 10
[32m(release)[0m> 		and p_size between 1 and 15
[32m(release)[0m> 		and l_shipmode in ('AIR', 'AIR REG')
[32m(release)[0m> 		and l_shipinstruct = 'DELIVER IN PERSON'
[32m(release)[0m> 	);
VmRSS Change: 264 KB
===
1 rows total
Execution info: [PARSE: 91 µs 699 ns, SQL TRANSLATE: 0 ns, OPTIMIZE: 0 ns, LQP TRANSLATE: 88 µs 629 ns, EXECUTE: 43 ms 462 µs (wall time) | QUERY PLAN CACHE HITS: 1/1 statement(s)]
After reset, table use_count: 2
WARNING: Table still has 1 other owner(s) after pipeline reset!
Executing script file done
$:hsh mem_usage
------------------------------------------
Memory Usage Statistics:
VmSize:	215677472 kB
VmRSS:	67051736 kB
0: MemResourceStatus {MigratedColumnsAggregate,18446744073709551615,12610235929,10275988050,10275988050,0,0,N/A}
MemResourceStatus {NumaMonotonicResource,3,60000000000,0,0,0,1,0}
MemResourceStatus {NumaMonotonicResource,2,60000000000,766,125666096,3370853516,0,3370925352}
MemResourceStatus {NumaMonotonicResource,1,64000000000,1039541809,3750105123,18917318200,0,18917334668}
0: MemResourceStatus {MemManagerAggregate,18446744073709551615,124000000000,1039542575,3875771219,0,0,N/A}
1: MemResourceStatus {MemManagerAggregate,18446744073709551615,60000000000,0,0,0,1,N/A}
MemResourceStatus {DefaultResource,18446744073709551615,18446744073709551615,0,0,0,-1,N/A}
Quick Memory Usage Overview:
Used Capacity: 11315530625, 0
------------------------------------------
Executing script file: /home/umeshsum/tpch_queries/19.sql
[32m(release)[0m> select
[32m(release)[0m> 	sum(l_extendedprice* (1 - l_discount)) as revenue
[32m(release)[0m> from
[32m(release)[0m> 	lineitem,
[32m(release)[0m> 	part
[32m(release)[0m> where
[32m(release)[0m> 	(
[32m(release)[0m> 		p_partkey = l_partkey
[32m(release)[0m> 		and p_brand = 'Brand#12'
[32m(release)[0m> 		and p_container in ('SM CASE', 'SM BOX', 'SM PACK', 'SM PKG')
[32m(release)[0m> 		and l_quantity >= 1 and l_quantity <= 1 + 10
[32m(release)[0m> 		and p_size between 1 and 5
[32m(release)[0m> 		and l_shipmode in ('AIR', 'AIR REG')
[32m(release)[0m> 		and l_shipinstruct = 'DELIVER IN PERSON'
[32m(release)[0m> 	)
[32m(release)[0m> 	or
[32m(release)[0m> 	(
[32m(release)[0m> 		p_partkey = l_partkey
[32m(release)[0m> 		and p_brand = 'Brand#23'
[32m(release)[0m> 		and p_container in ('MED BAG', 'MED BOX', 'MED PKG', 'MED PACK')
[32m(release)[0m> 		and l_quantity >= 10 and l_quantity <= 10 + 10
[32m(release)[0m> 		and p_size between 1 and 10
[32m(release)[0m> 		and l_shipmode in ('AIR', 'AIR REG')
[32m(release)[0m> 		and l_shipinstruct = 'DELIVER IN PERSON'
[32m(release)[0m> 	)
[32m(release)[0m> 	or
[32m(release)[0m> 	(
[32m(release)[0m> 		p_partkey = l_partkey
[32m(release)[0m> 		and p_brand = 'Brand#34'
[32m(release)[0m> 		and p_container in ('LG CASE', 'LG BOX', 'LG PACK', 'LG PKG')
[32m(release)[0m> 		and l_quantity >= 20 and l_quantity <= 20 + 10
[32m(release)[0m> 		and p_size between 1 and 15
[32m(release)[0m> 		and l_shipmode in ('AIR', 'AIR REG')
[32m(release)[0m> 		and l_shipinstruct = 'DELIVER IN PERSON'
[32m(release)[0m> 	);
VmRSS Change: 68 KB
===
1 rows total
Execution info: [PARSE: 86 µs 480 ns, SQL TRANSLATE: 0 ns, OPTIMIZE: 0 ns, LQP TRANSLATE: 96 µs 269 ns, EXECUTE: 43 ms 670 µs (wall time) | QUERY PLAN CACHE HITS: 1/1 statement(s)]
After reset, table use_count: 2
WARNING: Table still has 1 other owner(s) after pipeline reset!
Executing script file done
$:hsh mem_usage
------------------------------------------
Memory Usage Statistics:
VmSize:	215677472 kB
VmRSS:	67051804 kB
0: MemResourceStatus {MigratedColumnsAggregate,18446744073709551615,12610235929,10275988050,10275988050,0,0,N/A}
MemResourceStatus {NumaMonotonicResource,3,60000000000,0,0,0,1,0}
MemResourceStatus {NumaMonotonicResource,2,60000000000,766,125666096,3792252390,0,3792333096}
MemResourceStatus {NumaMonotonicResource,1,64000000000,1039541809,3750105123,18917318200,0,18917334668}
0: MemResourceStatus {MemManagerAggregate,18446744073709551615,124000000000,1039542575,3875771219,0,0,N/A}
1: MemResourceStatus {MemManagerAggregate,18446744073709551615,60000000000,0,0,0,1,N/A}
MemResourceStatus {DefaultResource,18446744073709551615,18446744073709551615,0,0,0,-1,N/A}
Quick Memory Usage Overview:
Used Capacity: 11315530625, 0
------------------------------------------
Executing script file: /home/umeshsum/tpch_queries/19.sql
[32m(release)[0m> select
[32m(release)[0m> 	sum(l_extendedprice* (1 - l_discount)) as revenue
[32m(release)[0m> from
[32m(release)[0m> 	lineitem,
[32m(release)[0m> 	part
[32m(release)[0m> where
[32m(release)[0m> 	(
[32m(release)[0m> 		p_partkey = l_partkey
[32m(release)[0m> 		and p_brand = 'Brand#12'
[32m(release)[0m> 		and p_container in ('SM CASE', 'SM BOX', 'SM PACK', 'SM PKG')
[32m(release)[0m> 		and l_quantity >= 1 and l_quantity <= 1 + 10
[32m(release)[0m> 		and p_size between 1 and 5
[32m(release)[0m> 		and l_shipmode in ('AIR', 'AIR REG')
[32m(release)[0m> 		and l_shipinstruct = 'DELIVER IN PERSON'
[32m(release)[0m> 	)
[32m(release)[0m> 	or
[32m(release)[0m> 	(
[32m(release)[0m> 		p_partkey = l_partkey
[32m(release)[0m> 		and p_brand = 'Brand#23'
[32m(release)[0m> 		and p_container in ('MED BAG', 'MED BOX', 'MED PKG', 'MED PACK')
[32m(release)[0m> 		and l_quantity >= 10 and l_quantity <= 10 + 10
[32m(release)[0m> 		and p_size between 1 and 10
[32m(release)[0m> 		and l_shipmode in ('AIR', 'AIR REG')
[32m(release)[0m> 		and l_shipinstruct = 'DELIVER IN PERSON'
[32m(release)[0m> 	)
[32m(release)[0m> 	or
[32m(release)[0m> 	(
[32m(release)[0m> 		p_partkey = l_partkey
[32m(release)[0m> 		and p_brand = 'Brand#34'
[32m(release)[0m> 		and p_container in ('LG CASE', 'LG BOX', 'LG PACK', 'LG PKG')
[32m(release)[0m> 		and l_quantity >= 20 and l_quantity <= 20 + 10
[32m(release)[0m> 		and p_size between 1 and 15
[32m(release)[0m> 		and l_shipmode in ('AIR', 'AIR REG')
[32m(release)[0m> 		and l_shipinstruct = 'DELIVER IN PERSON'
[32m(release)[0m> 	);
VmRSS Change: 28 KB
===
1 rows total
Execution info: [PARSE: 82 µs 949 ns, SQL TRANSLATE: 0 ns, OPTIMIZE: 0 ns, LQP TRANSLATE: 87 µs 199 ns, EXECUTE: 44 ms 245 µs (wall time) | QUERY PLAN CACHE HITS: 1/1 statement(s)]
After reset, table use_count: 2
WARNING: Table still has 1 other owner(s) after pipeline reset!
Executing script file done
$:hsh mem_usage
------------------------------------------
Memory Usage Statistics:
VmSize:	215677472 kB
VmRSS:	67051832 kB
0: MemResourceStatus {MigratedColumnsAggregate,18446744073709551615,12610235929,10275988050,10275988050,0,0,N/A}
MemResourceStatus {NumaMonotonicResource,3,60000000000,0,0,0,1,0}
MemResourceStatus {NumaMonotonicResource,2,60000000000,766,125666096,4213627896,0,4213717304}
MemResourceStatus {NumaMonotonicResource,1,64000000000,1039541809,3750105123,18917318200,0,18917334668}
0: MemResourceStatus {MemManagerAggregate,18446744073709551615,124000000000,1039542575,3875771219,0,0,N/A}
1: MemResourceStatus {MemManagerAggregate,18446744073709551615,60000000000,0,0,0,1,N/A}
MemResourceStatus {DefaultResource,18446744073709551615,18446744073709551615,0,0,0,-1,N/A}
Quick Memory Usage Overview:
Used Capacity: 11315530625, 0
------------------------------------------
Label set to d60000000000_tf60000000000_q1
$:hsh clear_plan_caches
Cleared PQP and LQP caches
$:hsh clear_pipeline
Released last SQLPipeline
$:hsh reset_exec_pools
Reset execution pools (2, 3) bump pointers to start
$:hsh mem_usage
------------------------------------------
Memory Usage Statistics:
VmSize:	215677472 kB
VmRSS:	67051832 kB
0: MemResourceStatus {MigratedColumnsAggregate,18446744073709551615,12610235929,10275988050,10275988050,0,0,N/A}
MemResourceStatus {NumaMonotonicResource,3,60000000000,0,0,0,1,0}
MemResourceStatus {NumaMonotonicResource,2,60000000000,0,0,0,0,0}
MemResourceStatus {NumaMonotonicResource,1,64000000000,1039541809,3750105123,18917318200,0,18917334668}
0: MemResourceStatus {MemManagerAggregate,18446744073709551615,124000000000,1039541809,3750105123,0,0,N/A}
1: MemResourceStatus {MemManagerAggregate,18446744073709551615,60000000000,0,0,0,1,N/A}
MemResourceStatus {DefaultResource,18446744073709551615,18446744073709551615,0,0,0,-1,N/A}
Quick Memory Usage Overview:
Used Capacity: 11315529859, 0
------------------------------------------
Executing script file: /home/umeshsum/tpch_queries/1.sql
[32m(release)[0m> select
[32m(release)[0m> 	l_returnflag,
[32m(release)[0m> 	l_linestatus,
[32m(release)[0m> 	sum(l_quantity) as sum_qty,
[32m(release)[0m> 	sum(l_extendedprice) as sum_base_price,
[32m(release)[0m> 	sum(l_extendedprice * (1 - l_discount)) as sum_disc_price,
[32m(release)[0m> 	sum(l_extendedprice * (1 - l_discount) * (1 + l_tax)) as sum_charge,
[32m(release)[0m> 	avg(l_quantity) as avg_qty,
[32m(release)[0m> 	avg(l_extendedprice) as avg_price,
[32m(release)[0m> 	avg(l_discount) as avg_disc,
[32m(release)[0m> 	count(*) as count_order
[32m(release)[0m> from
[32m(release)[0m> 	lineitem
[32m(release)[0m> where
[32m(release)[0m> 	l_shipdate <= date '1998-12-01' - interval '90' day
[32m(release)[0m> group by
[32m(release)[0m> 	l_returnflag,
[32m(release)[0m> 	l_linestatus
[32m(release)[0m> order by
[32m(release)[0m> 	l_returnflag,
[32m(release)[0m> 	l_linestatus;
VmRSS Change: 348 KB
===
4 rows total
Execution info: [PARSE: 63 µs 99 ns, SQL TRANSLATE: 150 µs 698 ns, OPTIMIZE: 2 ms 438 µs, LQP TRANSLATE: 148 µs 389 ns, EXECUTE: 3 s 549 ms (wall time) | QUERY PLAN CACHE HITS: 0/1 statement(s)]
After reset, table use_count: 2
WARNING: Table still has 1 other owner(s) after pipeline reset!
Executing script file done
$:hsh mem_usage
------------------------------------------
Memory Usage Statistics:
VmSize:	215677472 kB
VmRSS:	67052184 kB
0: MemResourceStatus {MigratedColumnsAggregate,18446744073709551615,12610235929,10275988050,10275988050,0,0,N/A}
MemResourceStatus {NumaMonotonicResource,3,60000000000,0,0,0,1,0}
MemResourceStatus {NumaMonotonicResource,2,60000000000,5351104,2855253120,4998071900,0,4998078528}
MemResourceStatus {NumaMonotonicResource,1,64000000000,1039541809,3750105123,18917318200,0,18917334668}
0: MemResourceStatus {MemManagerAggregate,18446744073709551615,124000000000,1044892913,6605358243,0,0,N/A}
1: MemResourceStatus {MemManagerAggregate,18446744073709551615,60000000000,0,0,0,1,N/A}
MemResourceStatus {DefaultResource,18446744073709551615,18446744073709551615,0,0,0,-1,N/A}
Quick Memory Usage Overview:
Used Capacity: 11320880963, 0
------------------------------------------
Executing script file: /home/umeshsum/tpch_queries/1.sql
[32m(release)[0m> select
[32m(release)[0m> 	l_returnflag,
[32m(release)[0m> 	l_linestatus,
[32m(release)[0m> 	sum(l_quantity) as sum_qty,
[32m(release)[0m> 	sum(l_extendedprice) as sum_base_price,
[32m(release)[0m> 	sum(l_extendedprice * (1 - l_discount)) as sum_disc_price,
[32m(release)[0m> 	sum(l_extendedprice * (1 - l_discount) * (1 + l_tax)) as sum_charge,
[32m(release)[0m> 	avg(l_quantity) as avg_qty,
[32m(release)[0m> 	avg(l_extendedprice) as avg_price,
[32m(release)[0m> 	avg(l_discount) as avg_disc,
[32m(release)[0m> 	count(*) as count_order
[32m(release)[0m> from
[32m(release)[0m> 	lineitem
[32m(release)[0m> where
[32m(release)[0m> 	l_shipdate <= date '1998-12-01' - interval '90' day
[32m(release)[0m> group by
[32m(release)[0m> 	l_returnflag,
[32m(release)[0m> 	l_linestatus
[32m(release)[0m> order by
[32m(release)[0m> 	l_returnflag,
[32m(release)[0m> 	l_linestatus;
VmRSS Change: 18446744073709551464 KB
===
4 rows total
Execution info: [PARSE: 78 µs 779 ns, SQL TRANSLATE: 0 ns, OPTIMIZE: 0 ns, LQP TRANSLATE: 51 µs 459 ns, EXECUTE: 3 s 549 ms (wall time) | QUERY PLAN CACHE HITS: 1/1 statement(s)]
After reset, table use_count: 2
WARNING: Table still has 1 other owner(s) after pipeline reset!
Executing script file done
$:hsh mem_usage
------------------------------------------
Memory Usage Statistics:
VmSize:	215677472 kB
VmRSS:	67052028 kB
0: MemResourceStatus {MigratedColumnsAggregate,18446744073709551615,12610235929,10275988050,10275988050,0,0,N/A}
MemResourceStatus {NumaMonotonicResource,3,60000000000,0,0,0,1,0}
MemResourceStatus {NumaMonotonicResource,2,60000000000,5455920,2855357936,9996143800,0,9996157040}
MemResourceStatus {NumaMonotonicResource,1,64000000000,1039541809,3750105123,18917318200,0,18917334668}
0: MemResourceStatus {MemManagerAggregate,18446744073709551615,124000000000,1044997729,6605463059,0,0,N/A}
1: MemResourceStatus {MemManagerAggregate,18446744073709551615,60000000000,0,0,0,1,N/A}
MemResourceStatus {DefaultResource,18446744073709551615,18446744073709551615,0,0,0,-1,N/A}
Quick Memory Usage Overview:
Used Capacity: 11320985779, 0
------------------------------------------
Executing script file: /home/umeshsum/tpch_queries/1.sql
[32m(release)[0m> select
[32m(release)[0m> 	l_returnflag,
[32m(release)[0m> 	l_linestatus,
[32m(release)[0m> 	sum(l_quantity) as sum_qty,
[32m(release)[0m> 	sum(l_extendedprice) as sum_base_price,
[32m(release)[0m> 	sum(l_extendedprice * (1 - l_discount)) as sum_disc_price,
[32m(release)[0m> 	sum(l_extendedprice * (1 - l_discount) * (1 + l_tax)) as sum_charge,
[32m(release)[0m> 	avg(l_quantity) as avg_qty,
[32m(release)[0m> 	avg(l_extendedprice) as avg_price,
[32m(release)[0m> 	avg(l_discount) as avg_disc,
[32m(release)[0m> 	count(*) as count_order
[32m(release)[0m> from
[32m(release)[0m> 	lineitem
[32m(release)[0m> where
[32m(release)[0m> 	l_shipdate <= date '1998-12-01' - interval '90' day
[32m(release)[0m> group by
[32m(release)[0m> 	l_returnflag,
[32m(release)[0m> 	l_linestatus
[32m(release)[0m> order by
[32m(release)[0m> 	l_returnflag,
[32m(release)[0m> 	l_linestatus;
VmRSS Change: 3908 KB
===
4 rows total
Execution info: [PARSE: 72 µs 79 ns, SQL TRANSLATE: 0 ns, OPTIMIZE: 0 ns, LQP TRANSLATE: 47 µs 280 ns, EXECUTE: 3 s 548 ms (wall time) | QUERY PLAN CACHE HITS: 1/1 statement(s)]
After reset, table use_count: 2
WARNING: Table still has 1 other owner(s) after pipeline reset!
Executing script file done
$:hsh mem_usage
------------------------------------------
Memory Usage Statistics:
VmSize:	215677472 kB
VmRSS:	67055936 kB
0: MemResourceStatus {MigratedColumnsAggregate,18446744073709551615,12610235929,10275988050,10275988050,0,0,N/A}
MemResourceStatus {NumaMonotonicResource,3,60000000000,0,0,0,1,0}
MemResourceStatus {NumaMonotonicResource,2,60000000000,5455920,2855357936,14994215700,0,14994235568}
MemResourceStatus {NumaMonotonicResource,1,64000000000,1039541809,3750105123,18917318200,0,18917334668}
0: MemResourceStatus {MemManagerAggregate,18446744073709551615,124000000000,1044997729,6605463059,0,0,N/A}
1: MemResourceStatus {MemManagerAggregate,18446744073709551615,60000000000,0,0,0,1,N/A}
MemResourceStatus {DefaultResource,18446744073709551615,18446744073709551615,0,0,0,-1,N/A}
Quick Memory Usage Overview:
Used Capacity: 11320985779, 0
------------------------------------------
Executing script file: /home/umeshsum/tpch_queries/1.sql
[32m(release)[0m> select
[32m(release)[0m> 	l_returnflag,
[32m(release)[0m> 	l_linestatus,
[32m(release)[0m> 	sum(l_quantity) as sum_qty,
[32m(release)[0m> 	sum(l_extendedprice) as sum_base_price,
[32m(release)[0m> 	sum(l_extendedprice * (1 - l_discount)) as sum_disc_price,
[32m(release)[0m> 	sum(l_extendedprice * (1 - l_discount) * (1 + l_tax)) as sum_charge,
[32m(release)[0m> 	avg(l_quantity) as avg_qty,
[32m(release)[0m> 	avg(l_extendedprice) as avg_price,
[32m(release)[0m> 	avg(l_discount) as avg_disc,
[32m(release)[0m> 	count(*) as count_order
[32m(release)[0m> from
[32m(release)[0m> 	lineitem
[32m(release)[0m> where
[32m(release)[0m> 	l_shipdate <= date '1998-12-01' - interval '90' day
[32m(release)[0m> group by
[32m(release)[0m> 	l_returnflag,
[32m(release)[0m> 	l_linestatus
[32m(release)[0m> order by
[32m(release)[0m> 	l_returnflag,
[32m(release)[0m> 	l_linestatus;
VmRSS Change: 2160 KB
===
4 rows total
Execution info: [PARSE: 79 µs 950 ns, SQL TRANSLATE: 0 ns, OPTIMIZE: 0 ns, LQP TRANSLATE: 57 µs 500 ns, EXECUTE: 3 s 599 ms (wall time) | QUERY PLAN CACHE HITS: 1/1 statement(s)]
After reset, table use_count: 2
WARNING: Table still has 1 other owner(s) after pipeline reset!
Executing script file done
$:hsh mem_usage
------------------------------------------
Memory Usage Statistics:
VmSize:	215677472 kB
VmRSS:	67058096 kB
0: MemResourceStatus {MigratedColumnsAggregate,18446744073709551615,12610235929,10275988050,10275988050,0,0,N/A}
MemResourceStatus {NumaMonotonicResource,3,60000000000,0,0,0,1,0}
MemResourceStatus {NumaMonotonicResource,2,60000000000,5455920,2855357936,19992287600,0,19992313840}
MemResourceStatus {NumaMonotonicResource,1,64000000000,1039541809,3750105123,18917318200,0,18917334668}
0: MemResourceStatus {MemManagerAggregate,18446744073709551615,124000000000,1044997729,6605463059,0,0,N/A}
1: MemResourceStatus {MemManagerAggregate,18446744073709551615,60000000000,0,0,0,1,N/A}
MemResourceStatus {DefaultResource,18446744073709551615,18446744073709551615,0,0,0,-1,N/A}
Quick Memory Usage Overview:
Used Capacity: 11320985779, 0
------------------------------------------
Executing script file: /home/umeshsum/tpch_queries/1.sql
[32m(release)[0m> select
[32m(release)[0m> 	l_returnflag,
[32m(release)[0m> 	l_linestatus,
[32m(release)[0m> 	sum(l_quantity) as sum_qty,
[32m(release)[0m> 	sum(l_extendedprice) as sum_base_price,
[32m(release)[0m> 	sum(l_extendedprice * (1 - l_discount)) as sum_disc_price,
[32m(release)[0m> 	sum(l_extendedprice * (1 - l_discount) * (1 + l_tax)) as sum_charge,
[32m(release)[0m> 	avg(l_quantity) as avg_qty,
[32m(release)[0m> 	avg(l_extendedprice) as avg_price,
[32m(release)[0m> 	avg(l_discount) as avg_disc,
[32m(release)[0m> 	count(*) as count_order
[32m(release)[0m> from
[32m(release)[0m> 	lineitem
[32m(release)[0m> where
[32m(release)[0m> 	l_shipdate <= date '1998-12-01' - interval '90' day
[32m(release)[0m> group by
[32m(release)[0m> 	l_returnflag,
[32m(release)[0m> 	l_linestatus
[32m(release)[0m> order by
[32m(release)[0m> 	l_returnflag,
[32m(release)[0m> 	l_linestatus;
VmRSS Change: 109028 KB
===
4 rows total
Execution info: [PARSE: 75 µs 900 ns, SQL TRANSLATE: 0 ns, OPTIMIZE: 0 ns, LQP TRANSLATE: 48 µs 850 ns, EXECUTE: 3 s 558 ms (wall time) | QUERY PLAN CACHE HITS: 1/1 statement(s)]
After reset, table use_count: 2
WARNING: Table still has 1 other owner(s) after pipeline reset!
Executing script file done
$:hsh mem_usage
------------------------------------------
Memory Usage Statistics:
VmSize:	215677472 kB
VmRSS:	67167088 kB
0: MemResourceStatus {MigratedColumnsAggregate,18446744073709551615,12610235929,10275988050,10275988050,0,0,N/A}
MemResourceStatus {NumaMonotonicResource,3,60000000000,0,0,0,1,0}
MemResourceStatus {NumaMonotonicResource,2,60000000000,5455920,2855357936,24990359500,0,24990392160}
MemResourceStatus {NumaMonotonicResource,1,64000000000,1039541809,3750105123,18917318200,0,18917334668}
0: MemResourceStatus {MemManagerAggregate,18446744073709551615,124000000000,1044997729,6605463059,0,0,N/A}
1: MemResourceStatus {MemManagerAggregate,18446744073709551615,60000000000,0,0,0,1,N/A}
MemResourceStatus {DefaultResource,18446744073709551615,18446744073709551615,0,0,0,-1,N/A}
Quick Memory Usage Overview:
Used Capacity: 11320985779, 0
------------------------------------------
Executing script file: /home/umeshsum/tpch_queries/1.sql
[32m(release)[0m> select
[32m(release)[0m> 	l_returnflag,
[32m(release)[0m> 	l_linestatus,
[32m(release)[0m> 	sum(l_quantity) as sum_qty,
[32m(release)[0m> 	sum(l_extendedprice) as sum_base_price,
[32m(release)[0m> 	sum(l_extendedprice * (1 - l_discount)) as sum_disc_price,
[32m(release)[0m> 	sum(l_extendedprice * (1 - l_discount) * (1 + l_tax)) as sum_charge,
[32m(release)[0m> 	avg(l_quantity) as avg_qty,
[32m(release)[0m> 	avg(l_extendedprice) as avg_price,
[32m(release)[0m> 	avg(l_discount) as avg_disc,
[32m(release)[0m> 	count(*) as count_order
[32m(release)[0m> from
[32m(release)[0m> 	lineitem
[32m(release)[0m> where
[32m(release)[0m> 	l_shipdate <= date '1998-12-01' - interval '90' day
[32m(release)[0m> group by
[32m(release)[0m> 	l_returnflag,
[32m(release)[0m> 	l_linestatus
[32m(release)[0m> order by
[32m(release)[0m> 	l_returnflag,
[32m(release)[0m> 	l_linestatus;
VmRSS Change: 142188 KB
===
4 rows total
Execution info: [PARSE: 102 µs 889 ns, SQL TRANSLATE: 0 ns, OPTIMIZE: 0 ns, LQP TRANSLATE: 45 µs 179 ns, EXECUTE: 3 s 580 ms (wall time) | QUERY PLAN CACHE HITS: 1/1 statement(s)]
After reset, table use_count: 2
WARNING: Table still has 1 other owner(s) after pipeline reset!
Executing script file done
$:hsh mem_usage
------------------------------------------
Memory Usage Statistics:
VmSize:	215677472 kB
VmRSS:	67309148 kB
0: MemResourceStatus {MigratedColumnsAggregate,18446744073709551615,12610235929,10275988050,10275988050,0,0,N/A}
MemResourceStatus {NumaMonotonicResource,3,60000000000,0,0,0,1,0}
MemResourceStatus {NumaMonotonicResource,2,60000000000,5455920,2855357936,29988431400,0,29988470656}
MemResourceStatus {NumaMonotonicResource,1,64000000000,1039541809,3750105123,18917318200,0,18917334668}
0: MemResourceStatus {MemManagerAggregate,18446744073709551615,124000000000,1044997729,6605463059,0,0,N/A}
1: MemResourceStatus {MemManagerAggregate,18446744073709551615,60000000000,0,0,0,1,N/A}
MemResourceStatus {DefaultResource,18446744073709551615,18446744073709551615,0,0,0,-1,N/A}
Quick Memory Usage Overview:
Used Capacity: 11320985779, 0
------------------------------------------
Executing script file: /home/umeshsum/tpch_queries/1.sql
[32m(release)[0m> select
[32m(release)[0m> 	l_returnflag,
[32m(release)[0m> 	l_linestatus,
[32m(release)[0m> 	sum(l_quantity) as sum_qty,
[32m(release)[0m> 	sum(l_extendedprice) as sum_base_price,
[32m(release)[0m> 	sum(l_extendedprice * (1 - l_discount)) as sum_disc_price,
[32m(release)[0m> 	sum(l_extendedprice * (1 - l_discount) * (1 + l_tax)) as sum_charge,
[32m(release)[0m> 	avg(l_quantity) as avg_qty,
[32m(release)[0m> 	avg(l_extendedprice) as avg_price,
[32m(release)[0m> 	avg(l_discount) as avg_disc,
[32m(release)[0m> 	count(*) as count_order
[32m(release)[0m> from
[32m(release)[0m> 	lineitem
[32m(release)[0m> where
[32m(release)[0m> 	l_shipdate <= date '1998-12-01' - interval '90' day
[32m(release)[0m> group by
[32m(release)[0m> 	l_returnflag,
[32m(release)[0m> 	l_linestatus
[32m(release)[0m> order by
[32m(release)[0m> 	l_returnflag,
[32m(release)[0m> 	l_linestatus;
VmRSS Change: 443900 KB
===
4 rows total
Execution info: [PARSE: 69 µs 799 ns, SQL TRANSLATE: 0 ns, OPTIMIZE: 0 ns, LQP TRANSLATE: 45 µs 550 ns, EXECUTE: 3 s 672 ms (wall time) | QUERY PLAN CACHE HITS: 1/1 statement(s)]
After reset, table use_count: 2
WARNING: Table still has 1 other owner(s) after pipeline reset!
Executing script file done
$:hsh mem_usage
------------------------------------------
Memory Usage Statistics:
VmSize:	215677472 kB
VmRSS:	67753048 kB
0: MemResourceStatus {MigratedColumnsAggregate,18446744073709551615,12610235929,10275988050,10275988050,0,0,N/A}
MemResourceStatus {NumaMonotonicResource,3,60000000000,0,0,0,1,0}
MemResourceStatus {NumaMonotonicResource,2,60000000000,5455920,2855357936,34986503300,0,34986549056}
MemResourceStatus {NumaMonotonicResource,1,64000000000,1039541809,3750105123,18917318200,0,18917334668}
0: MemResourceStatus {MemManagerAggregate,18446744073709551615,124000000000,1044997729,6605463059,0,0,N/A}
1: MemResourceStatus {MemManagerAggregate,18446744073709551615,60000000000,0,0,0,1,N/A}
MemResourceStatus {DefaultResource,18446744073709551615,18446744073709551615,0,0,0,-1,N/A}
Quick Memory Usage Overview:
Used Capacity: 11320985779, 0
------------------------------------------
Executing script file: /home/umeshsum/tpch_queries/1.sql
[32m(release)[0m> select
[32m(release)[0m> 	l_returnflag,
[32m(release)[0m> 	l_linestatus,
[32m(release)[0m> 	sum(l_quantity) as sum_qty,
[32m(release)[0m> 	sum(l_extendedprice) as sum_base_price,
[32m(release)[0m> 	sum(l_extendedprice * (1 - l_discount)) as sum_disc_price,
[32m(release)[0m> 	sum(l_extendedprice * (1 - l_discount) * (1 + l_tax)) as sum_charge,
[32m(release)[0m> 	avg(l_quantity) as avg_qty,
[32m(release)[0m> 	avg(l_extendedprice) as avg_price,
[32m(release)[0m> 	avg(l_discount) as avg_disc,
[32m(release)[0m> 	count(*) as count_order
[32m(release)[0m> from
[32m(release)[0m> 	lineitem
[32m(release)[0m> where
[32m(release)[0m> 	l_shipdate <= date '1998-12-01' - interval '90' day
[32m(release)[0m> group by
[32m(release)[0m> 	l_returnflag,
[32m(release)[0m> 	l_linestatus
[32m(release)[0m> order by
[32m(release)[0m> 	l_returnflag,
[32m(release)[0m> 	l_linestatus;
VmRSS Change: 2441136 KB
===
4 rows total
Execution info: [PARSE: 79 µs 929 ns, SQL TRANSLATE: 0 ns, OPTIMIZE: 0 ns, LQP TRANSLATE: 45 µs 680 ns, EXECUTE: 3 s 907 ms (wall time) | QUERY PLAN CACHE HITS: 1/1 statement(s)]
After reset, table use_count: 2
WARNING: Table still has 1 other owner(s) after pipeline reset!
Executing script file done
$:hsh mem_usage
------------------------------------------
Memory Usage Statistics:
VmSize:	215677472 kB
VmRSS:	70194140 kB
0: MemResourceStatus {MigratedColumnsAggregate,18446744073709551615,12610235929,10275988050,10275988050,0,0,N/A}
MemResourceStatus {NumaMonotonicResource,3,60000000000,0,0,0,1,0}
MemResourceStatus {NumaMonotonicResource,2,60000000000,5455920,2855357936,39984575200,0,39984627520}
MemResourceStatus {NumaMonotonicResource,1,64000000000,1039541809,3750105123,18917318200,0,18917334668}
0: MemResourceStatus {MemManagerAggregate,18446744073709551615,124000000000,1044997729,6605463059,0,0,N/A}
1: MemResourceStatus {MemManagerAggregate,18446744073709551615,60000000000,0,0,0,1,N/A}
MemResourceStatus {DefaultResource,18446744073709551615,18446744073709551615,0,0,0,-1,N/A}
Quick Memory Usage Overview:
Used Capacity: 11320985779, 0
------------------------------------------
Executing script file: /home/umeshsum/tpch_queries/1.sql
[32m(release)[0m> select
[32m(release)[0m> 	l_returnflag,
[32m(release)[0m> 	l_linestatus,
[32m(release)[0m> 	sum(l_quantity) as sum_qty,
[32m(release)[0m> 	sum(l_extendedprice) as sum_base_price,
[32m(release)[0m> 	sum(l_extendedprice * (1 - l_discount)) as sum_disc_price,
[32m(release)[0m> 	sum(l_extendedprice * (1 - l_discount) * (1 + l_tax)) as sum_charge,
[32m(release)[0m> 	avg(l_quantity) as avg_qty,
[32m(release)[0m> 	avg(l_extendedprice) as avg_price,
[32m(release)[0m> 	avg(l_discount) as avg_disc,
[32m(release)[0m> 	count(*) as count_order
[32m(release)[0m> from
[32m(release)[0m> 	lineitem
[32m(release)[0m> where
[32m(release)[0m> 	l_shipdate <= date '1998-12-01' - interval '90' day
[32m(release)[0m> group by
[32m(release)[0m> 	l_returnflag,
[32m(release)[0m> 	l_linestatus
[32m(release)[0m> order by
[32m(release)[0m> 	l_returnflag,
[32m(release)[0m> 	l_linestatus;
VmRSS Change: 2429620 KB
===
4 rows total
Execution info: [PARSE: 82 µs 439 ns, SQL TRANSLATE: 0 ns, OPTIMIZE: 0 ns, LQP TRANSLATE: 45 µs 540 ns, EXECUTE: 3 s 904 ms (wall time) | QUERY PLAN CACHE HITS: 1/1 statement(s)]
After reset, table use_count: 2
WARNING: Table still has 1 other owner(s) after pipeline reset!
Executing script file done
$:hsh mem_usage
------------------------------------------
Memory Usage Statistics:
VmSize:	215677472 kB
VmRSS:	72623760 kB
0: MemResourceStatus {MigratedColumnsAggregate,18446744073709551615,12610235929,10275988050,10275988050,0,0,N/A}
MemResourceStatus {NumaMonotonicResource,3,60000000000,0,0,0,1,0}
MemResourceStatus {NumaMonotonicResource,2,60000000000,5455920,2855357936,44982647100,0,44982705968}
MemResourceStatus {NumaMonotonicResource,1,64000000000,1039541809,3750105123,18917318200,0,18917334668}
0: MemResourceStatus {MemManagerAggregate,18446744073709551615,124000000000,1044997729,6605463059,0,0,N/A}
1: MemResourceStatus {MemManagerAggregate,18446744073709551615,60000000000,0,0,0,1,N/A}
MemResourceStatus {DefaultResource,18446744073709551615,18446744073709551615,0,0,0,-1,N/A}
Quick Memory Usage Overview:
Used Capacity: 11320985779, 0
------------------------------------------
Executing script file: /home/umeshsum/tpch_queries/1.sql
[32m(release)[0m> select
[32m(release)[0m> 	l_returnflag,
[32m(release)[0m> 	l_linestatus,
[32m(release)[0m> 	sum(l_quantity) as sum_qty,
[32m(release)[0m> 	sum(l_extendedprice) as sum_base_price,
[32m(release)[0m> 	sum(l_extendedprice * (1 - l_discount)) as sum_disc_price,
[32m(release)[0m> 	sum(l_extendedprice * (1 - l_discount) * (1 + l_tax)) as sum_charge,
[32m(release)[0m> 	avg(l_quantity) as avg_qty,
[32m(release)[0m> 	avg(l_extendedprice) as avg_price,
[32m(release)[0m> 	avg(l_discount) as avg_disc,
[32m(release)[0m> 	count(*) as count_order
[32m(release)[0m> from
[32m(release)[0m> 	lineitem
[32m(release)[0m> where
[32m(release)[0m> 	l_shipdate <= date '1998-12-01' - interval '90' day
[32m(release)[0m> group by
[32m(release)[0m> 	l_returnflag,
[32m(release)[0m> 	l_linestatus
[32m(release)[0m> order by
[32m(release)[0m> 	l_returnflag,
[32m(release)[0m> 	l_linestatus;
VmRSS Change: 4745852 KB
===
4 rows total
Execution info: [PARSE: 76 µs 520 ns, SQL TRANSLATE: 0 ns, OPTIMIZE: 0 ns, LQP TRANSLATE: 42 µs 619 ns, EXECUTE: 4 s 160 ms (wall time) | QUERY PLAN CACHE HITS: 1/1 statement(s)]
After reset, table use_count: 2
WARNING: Table still has 1 other owner(s) after pipeline reset!
Executing script file done
$:hsh mem_usage
------------------------------------------
Memory Usage Statistics:
VmSize:	215677472 kB
VmRSS:	77369612 kB
0: MemResourceStatus {MigratedColumnsAggregate,18446744073709551615,12610235929,10275988050,10275988050,0,0,N/A}
MemResourceStatus {NumaMonotonicResource,3,60000000000,0,0,0,1,0}
MemResourceStatus {NumaMonotonicResource,2,60000000000,5455920,2855357936,49980719000,0,49980784384}
MemResourceStatus {NumaMonotonicResource,1,64000000000,1039541809,3750105123,18917318200,0,18917334668}
0: MemResourceStatus {MemManagerAggregate,18446744073709551615,124000000000,1044997729,6605463059,0,0,N/A}
1: MemResourceStatus {MemManagerAggregate,18446744073709551615,60000000000,0,0,0,1,N/A}
MemResourceStatus {DefaultResource,18446744073709551615,18446744073709551615,0,0,0,-1,N/A}
Quick Memory Usage Overview:
Used Capacity: 11320985779, 0
------------------------------------------
Label set to d60000000000_tf60000000000_q20
$:hsh clear_plan_caches
Cleared PQP and LQP caches
$:hsh clear_pipeline
Released last SQLPipeline
$:hsh reset_exec_pools
Reset execution pools (2, 3) bump pointers to start
$:hsh mem_usage
------------------------------------------
Memory Usage Statistics:
VmSize:	215677472 kB
VmRSS:	77369236 kB
0: MemResourceStatus {MigratedColumnsAggregate,18446744073709551615,12610235929,10275988050,10275988050,0,0,N/A}
MemResourceStatus {NumaMonotonicResource,3,60000000000,0,0,0,1,0}
MemResourceStatus {NumaMonotonicResource,2,60000000000,0,0,0,0,0}
MemResourceStatus {NumaMonotonicResource,1,64000000000,1039541809,3750105123,18917318200,0,18917334668}
0: MemResourceStatus {MemManagerAggregate,18446744073709551615,124000000000,1039541809,3750105123,0,0,N/A}
1: MemResourceStatus {MemManagerAggregate,18446744073709551615,60000000000,0,0,0,1,N/A}
MemResourceStatus {DefaultResource,18446744073709551615,18446744073709551615,0,0,0,-1,N/A}
Quick Memory Usage Overview:
Used Capacity: 11315529859, 0
------------------------------------------
Executing script file: /home/umeshsum/tpch_queries/20.sql
[32m(release)[0m> select
[32m(release)[0m> 	s_name,
[32m(release)[0m> 	s_address
[32m(release)[0m> from
[32m(release)[0m> 	supplier,
[32m(release)[0m> 	nation
[32m(release)[0m> where
[32m(release)[0m> 	s_suppkey in (
[32m(release)[0m> 		select
[32m(release)[0m> 			ps_suppkey
[32m(release)[0m> 		from
[32m(release)[0m> 			partsupp
[32m(release)[0m> 		where
[32m(release)[0m> 			ps_partkey in (
[32m(release)[0m> 				select
[32m(release)[0m> 					p_partkey
[32m(release)[0m> 				from
[32m(release)[0m> 					part
[32m(release)[0m> 				where
[32m(release)[0m> 					p_name like 'forest%'
[32m(release)[0m> 			)
[32m(release)[0m> 			and ps_availqty > (
[32m(release)[0m> 				select
[32m(release)[0m> 					0.5 * sum(l_quantity)
[32m(release)[0m> 				from
[32m(release)[0m> 					lineitem
[32m(release)[0m> 				where
[32m(release)[0m> 					l_partkey = ps_partkey
[32m(release)[0m> 					and l_suppkey = ps_suppkey
[32m(release)[0m> 					and l_shipdate >= date '1994-01-01'
[32m(release)[0m> 					and l_shipdate < date '1994-01-01' + interval '1' year
[32m(release)[0m> 			)
[32m(release)[0m> 	)
[32m(release)[0m> 	and s_nationkey = n_nationkey
[32m(release)[0m> 	and n_name = 'CANADA'
[32m(release)[0m> order by
[32m(release)[0m> 	s_name;
VmRSS Change: 18446744073709551024 KB
===
1804 rows total
Execution info: [PARSE: 80 µs 829 ns, SQL TRANSLATE: 299 µs 777 ns, OPTIMIZE: 12 ms 90 µs, LQP TRANSLATE: 325 µs 546 ns, EXECUTE: 131 ms 35 µs (wall time) | QUERY PLAN CACHE HITS: 0/1 statement(s)]
After reset, table use_count: 2
WARNING: Table still has 1 other owner(s) after pipeline reset!
Executing script file done
$:hsh mem_usage
------------------------------------------
Memory Usage Statistics:
VmSize:	215677472 kB
VmRSS:	77368668 kB
0: MemResourceStatus {MigratedColumnsAggregate,18446744073709551615,12610235929,10275988050,10275988050,0,0,N/A}
MemResourceStatus {NumaMonotonicResource,3,60000000000,0,0,0,1,0}
MemResourceStatus {NumaMonotonicResource,2,60000000000,2519184,291935860,786801612,0,786804536}
MemResourceStatus {NumaMonotonicResource,1,64000000000,1039541809,3750105123,18917318200,0,18917334668}
0: MemResourceStatus {MemManagerAggregate,18446744073709551615,124000000000,1042060993,4042040983,0,0,N/A}
1: MemResourceStatus {MemManagerAggregate,18446744073709551615,60000000000,0,0,0,1,N/A}
MemResourceStatus {DefaultResource,18446744073709551615,18446744073709551615,0,0,0,-1,N/A}
Quick Memory Usage Overview:
Used Capacity: 11318049043, 0
------------------------------------------
Executing script file: /home/umeshsum/tpch_queries/20.sql
[32m(release)[0m> select
[32m(release)[0m> 	s_name,
[32m(release)[0m> 	s_address
[32m(release)[0m> from
[32m(release)[0m> 	supplier,
[32m(release)[0m> 	nation
[32m(release)[0m> where
[32m(release)[0m> 	s_suppkey in (
[32m(release)[0m> 		select
[32m(release)[0m> 			ps_suppkey
[32m(release)[0m> 		from
[32m(release)[0m> 			partsupp
[32m(release)[0m> 		where
[32m(release)[0m> 			ps_partkey in (
[32m(release)[0m> 				select
[32m(release)[0m> 					p_partkey
[32m(release)[0m> 				from
[32m(release)[0m> 					part
[32m(release)[0m> 				where
[32m(release)[0m> 					p_name like 'forest%'
[32m(release)[0m> 			)
[32m(release)[0m> 			and ps_availqty > (
[32m(release)[0m> 				select
[32m(release)[0m> 					0.5 * sum(l_quantity)
[32m(release)[0m> 				from
[32m(release)[0m> 					lineitem
[32m(release)[0m> 				where
[32m(release)[0m> 					l_partkey = ps_partkey
[32m(release)[0m> 					and l_suppkey = ps_suppkey
[32m(release)[0m> 					and l_shipdate >= date '1994-01-01'
[32m(release)[0m> 					and l_shipdate < date '1994-01-01' + interval '1' year
[32m(release)[0m> 			)
[32m(release)[0m> 	)
[32m(release)[0m> 	and s_nationkey = n_nationkey
[32m(release)[0m> 	and n_name = 'CANADA'
[32m(release)[0m> order by
[32m(release)[0m> 	s_name;
VmRSS Change: 520 KB
===
1804 rows total
Execution info: [PARSE: 81 µs 819 ns, SQL TRANSLATE: 0 ns, OPTIMIZE: 0 ns, LQP TRANSLATE: 62 µs 419 ns, EXECUTE: 137 ms 523 µs (wall time) | QUERY PLAN CACHE HITS: 1/1 statement(s)]
After reset, table use_count: 2
WARNING: Table still has 1 other owner(s) after pipeline reset!
Executing script file done
$:hsh mem_usage
------------------------------------------
Memory Usage Statistics:
VmSize:	215677472 kB
VmRSS:	77369184 kB
0: MemResourceStatus {MigratedColumnsAggregate,18446744073709551615,12610235929,10275988050,10275988050,0,0,N/A}
MemResourceStatus {NumaMonotonicResource,3,60000000000,0,0,0,1,0}
MemResourceStatus {NumaMonotonicResource,2,60000000000,3989264,293405940,1573064808,0,1573070616}
MemResourceStatus {NumaMonotonicResource,1,64000000000,1039541809,3750105123,18917318200,0,18917334668}
0: MemResourceStatus {MemManagerAggregate,18446744073709551615,124000000000,1043531073,4043511063,0,0,N/A}
1: MemResourceStatus {MemManagerAggregate,18446744073709551615,60000000000,0,0,0,1,N/A}
MemResourceStatus {DefaultResource,18446744073709551615,18446744073709551615,0,0,0,-1,N/A}
Quick Memory Usage Overview:
Used Capacity: 11319519123, 0
------------------------------------------
Executing script file: /home/umeshsum/tpch_queries/20.sql
[32m(release)[0m> select
[32m(release)[0m> 	s_name,
[32m(release)[0m> 	s_address
[32m(release)[0m> from
[32m(release)[0m> 	supplier,
[32m(release)[0m> 	nation
[32m(release)[0m> where
[32m(release)[0m> 	s_suppkey in (
[32m(release)[0m> 		select
[32m(release)[0m> 			ps_suppkey
[32m(release)[0m> 		from
[32m(release)[0m> 			partsupp
[32m(release)[0m> 		where
[32m(release)[0m> 			ps_partkey in (
[32m(release)[0m> 				select
[32m(release)[0m> 					p_partkey
[32m(release)[0m> 				from
[32m(release)[0m> 					part
[32m(release)[0m> 				where
[32m(release)[0m> 					p_name like 'forest%'
[32m(release)[0m> 			)
[32m(release)[0m> 			and ps_availqty > (
[32m(release)[0m> 				select
[32m(release)[0m> 					0.5 * sum(l_quantity)
[32m(release)[0m> 				from
[32m(release)[0m> 					lineitem
[32m(release)[0m> 				where
[32m(release)[0m> 					l_partkey = ps_partkey
[32m(release)[0m> 					and l_suppkey = ps_suppkey
[32m(release)[0m> 					and l_shipdate >= date '1994-01-01'
[32m(release)[0m> 					and l_shipdate < date '1994-01-01' + interval '1' year
[32m(release)[0m> 			)
[32m(release)[0m> 	)
[32m(release)[0m> 	and s_nationkey = n_nationkey
[32m(release)[0m> 	and n_name = 'CANADA'
[32m(release)[0m> order by
[32m(release)[0m> 	s_name;
VmRSS Change: 248 KB
===
1804 rows total
Execution info: [PARSE: 75 µs 169 ns, SQL TRANSLATE: 0 ns, OPTIMIZE: 0 ns, LQP TRANSLATE: 46 µs 109 ns, EXECUTE: 130 ms 510 µs (wall time) | QUERY PLAN CACHE HITS: 1/1 statement(s)]
After reset, table use_count: 2
WARNING: Table still has 1 other owner(s) after pipeline reset!
Executing script file done
$:hsh mem_usage
------------------------------------------
Memory Usage Statistics:
VmSize:	215677472 kB
VmRSS:	77369432 kB
0: MemResourceStatus {MigratedColumnsAggregate,18446744073709551615,12610235929,10275988050,10275988050,0,0,N/A}
MemResourceStatus {NumaMonotonicResource,3,60000000000,0,0,0,1,0}
MemResourceStatus {NumaMonotonicResource,2,60000000000,3989264,293405940,2359001572,0,2359010296}
MemResourceStatus {NumaMonotonicResource,1,64000000000,1039541809,3750105123,18917318200,0,18917334668}
0: MemResourceStatus {MemManagerAggregate,18446744073709551615,124000000000,1043531073,4043511063,0,0,N/A}
1: MemResourceStatus {MemManagerAggregate,18446744073709551615,60000000000,0,0,0,1,N/A}
MemResourceStatus {DefaultResource,18446744073709551615,18446744073709551615,0,0,0,-1,N/A}
Quick Memory Usage Overview:
Used Capacity: 11319519123, 0
------------------------------------------
Executing script file: /home/umeshsum/tpch_queries/20.sql
[32m(release)[0m> select
[32m(release)[0m> 	s_name,
[32m(release)[0m> 	s_address
[32m(release)[0m> from
[32m(release)[0m> 	supplier,
[32m(release)[0m> 	nation
[32m(release)[0m> where
[32m(release)[0m> 	s_suppkey in (
[32m(release)[0m> 		select
[32m(release)[0m> 			ps_suppkey
[32m(release)[0m> 		from
[32m(release)[0m> 			partsupp
[32m(release)[0m> 		where
[32m(release)[0m> 			ps_partkey in (
[32m(release)[0m> 				select
[32m(release)[0m> 					p_partkey
[32m(release)[0m> 				from
[32m(release)[0m> 					part
[32m(release)[0m> 				where
[32m(release)[0m> 					p_name like 'forest%'
[32m(release)[0m> 			)
[32m(release)[0m> 			and ps_availqty > (
[32m(release)[0m> 				select
[32m(release)[0m> 					0.5 * sum(l_quantity)
[32m(release)[0m> 				from
[32m(release)[0m> 					lineitem
[32m(release)[0m> 				where
[32m(release)[0m> 					l_partkey = ps_partkey
[32m(release)[0m> 					and l_suppkey = ps_suppkey
[32m(release)[0m> 					and l_shipdate >= date '1994-01-01'
[32m(release)[0m> 					and l_shipdate < date '1994-01-01' + interval '1' year
[32m(release)[0m> 			)
[32m(release)[0m> 	)
[32m(release)[0m> 	and s_nationkey = n_nationkey
[32m(release)[0m> 	and n_name = 'CANADA'
[32m(release)[0m> order by
[32m(release)[0m> 	s_name;
VmRSS Change: 32 KB
===
1804 rows total
Execution info: [PARSE: 70 µs 939 ns, SQL TRANSLATE: 0 ns, OPTIMIZE: 0 ns, LQP TRANSLATE: 45 µs 550 ns, EXECUTE: 125 ms 50 µs (wall time) | QUERY PLAN CACHE HITS: 1/1 statement(s)]
After reset, table use_count: 2
WARNING: Table still has 1 other owner(s) after pipeline reset!
Executing script file done
$:hsh mem_usage
------------------------------------------
Memory Usage Statistics:
VmSize:	215677472 kB
VmRSS:	77369464 kB
0: MemResourceStatus {MigratedColumnsAggregate,18446744073709551615,12610235929,10275988050,10275988050,0,0,N/A}
MemResourceStatus {NumaMonotonicResource,3,60000000000,0,0,0,1,0}
MemResourceStatus {NumaMonotonicResource,2,60000000000,3989264,293405940,3144941856,0,3144953512}
MemResourceStatus {NumaMonotonicResource,1,64000000000,1039541809,3750105123,18917318200,0,18917334668}
0: MemResourceStatus {MemManagerAggregate,18446744073709551615,124000000000,1043531073,4043511063,0,0,N/A}
1: MemResourceStatus {MemManagerAggregate,18446744073709551615,60000000000,0,0,0,1,N/A}
MemResourceStatus {DefaultResource,18446744073709551615,18446744073709551615,0,0,0,-1,N/A}
Quick Memory Usage Overview:
Used Capacity: 11319519123, 0
------------------------------------------
Executing script file: /home/umeshsum/tpch_queries/20.sql
[32m(release)[0m> select
[32m(release)[0m> 	s_name,
[32m(release)[0m> 	s_address
[32m(release)[0m> from
[32m(release)[0m> 	supplier,
[32m(release)[0m> 	nation
[32m(release)[0m> where
[32m(release)[0m> 	s_suppkey in (
[32m(release)[0m> 		select
[32m(release)[0m> 			ps_suppkey
[32m(release)[0m> 		from
[32m(release)[0m> 			partsupp
[32m(release)[0m> 		where
[32m(release)[0m> 			ps_partkey in (
[32m(release)[0m> 				select
[32m(release)[0m> 					p_partkey
[32m(release)[0m> 				from
[32m(release)[0m> 					part
[32m(release)[0m> 				where
[32m(release)[0m> 					p_name like 'forest%'
[32m(release)[0m> 			)
[32m(release)[0m> 			and ps_availqty > (
[32m(release)[0m> 				select
[32m(release)[0m> 					0.5 * sum(l_quantity)
[32m(release)[0m> 				from
[32m(release)[0m> 					lineitem
[32m(release)[0m> 				where
[32m(release)[0m> 					l_partkey = ps_partkey
[32m(release)[0m> 					and l_suppkey = ps_suppkey
[32m(release)[0m> 					and l_shipdate >= date '1994-01-01'
[32m(release)[0m> 					and l_shipdate < date '1994-01-01' + interval '1' year
[32m(release)[0m> 			)
[32m(release)[0m> 	)
[32m(release)[0m> 	and s_nationkey = n_nationkey
[32m(release)[0m> 	and n_name = 'CANADA'
[32m(release)[0m> order by
[32m(release)[0m> 	s_name;
VmRSS Change: 84 KB
===
1804 rows total
Execution info: [PARSE: 75 µs 80 ns, SQL TRANSLATE: 0 ns, OPTIMIZE: 0 ns, LQP TRANSLATE: 45 µs 910 ns, EXECUTE: 123 ms 724 µs (wall time) | QUERY PLAN CACHE HITS: 1/1 statement(s)]
After reset, table use_count: 2
WARNING: Table still has 1 other owner(s) after pipeline reset!
Executing script file done
$:hsh mem_usage
------------------------------------------
Memory Usage Statistics:
VmSize:	215677472 kB
VmRSS:	77369548 kB
0: MemResourceStatus {MigratedColumnsAggregate,18446744073709551615,12610235929,10275988050,10275988050,0,0,N/A}
MemResourceStatus {NumaMonotonicResource,3,60000000000,0,0,0,1,0}
MemResourceStatus {NumaMonotonicResource,2,60000000000,3989264,293405940,3930881372,0,3930895960}
MemResourceStatus {NumaMonotonicResource,1,64000000000,1039541809,3750105123,18917318200,0,18917334668}
0: MemResourceStatus {MemManagerAggregate,18446744073709551615,124000000000,1043531073,4043511063,0,0,N/A}
1: MemResourceStatus {MemManagerAggregate,18446744073709551615,60000000000,0,0,0,1,N/A}
MemResourceStatus {DefaultResource,18446744073709551615,18446744073709551615,0,0,0,-1,N/A}
Quick Memory Usage Overview:
Used Capacity: 11319519123, 0
------------------------------------------
Executing script file: /home/umeshsum/tpch_queries/20.sql
[32m(release)[0m> select
[32m(release)[0m> 	s_name,
[32m(release)[0m> 	s_address
[32m(release)[0m> from
[32m(release)[0m> 	supplier,
[32m(release)[0m> 	nation
[32m(release)[0m> where
[32m(release)[0m> 	s_suppkey in (
[32m(release)[0m> 		select
[32m(release)[0m> 			ps_suppkey
[32m(release)[0m> 		from
[32m(release)[0m> 			partsupp
[32m(release)[0m> 		where
[32m(release)[0m> 			ps_partkey in (
[32m(release)[0m> 				select
[32m(release)[0m> 					p_partkey
[32m(release)[0m> 				from
[32m(release)[0m> 					part
[32m(release)[0m> 				where
[32m(release)[0m> 					p_name like 'forest%'
[32m(release)[0m> 			)
[32m(release)[0m> 			and ps_availqty > (
[32m(release)[0m> 				select
[32m(release)[0m> 					0.5 * sum(l_quantity)
[32m(release)[0m> 				from
[32m(release)[0m> 					lineitem
[32m(release)[0m> 				where
[32m(release)[0m> 					l_partkey = ps_partkey
[32m(release)[0m> 					and l_suppkey = ps_suppkey
[32m(release)[0m> 					and l_shipdate >= date '1994-01-01'
[32m(release)[0m> 					and l_shipdate < date '1994-01-01' + interval '1' year
[32m(release)[0m> 			)
[32m(release)[0m> 	)
[32m(release)[0m> 	and s_nationkey = n_nationkey
[32m(release)[0m> 	and n_name = 'CANADA'
[32m(release)[0m> order by
[32m(release)[0m> 	s_name;
VmRSS Change: 372 KB
===
1804 rows total
Execution info: [PARSE: 79 µs 719 ns, SQL TRANSLATE: 0 ns, OPTIMIZE: 0 ns, LQP TRANSLATE: 45 µs 679 ns, EXECUTE: 124 ms 664 µs (wall time) | QUERY PLAN CACHE HITS: 1/1 statement(s)]
After reset, table use_count: 2
WARNING: Table still has 1 other owner(s) after pipeline reset!
Executing script file done
$:hsh mem_usage
------------------------------------------
Memory Usage Statistics:
VmSize:	215677472 kB
VmRSS:	77369920 kB
0: MemResourceStatus {MigratedColumnsAggregate,18446744073709551615,12610235929,10275988050,10275988050,0,0,N/A}
MemResourceStatus {NumaMonotonicResource,3,60000000000,0,0,0,1,0}
MemResourceStatus {NumaMonotonicResource,2,60000000000,3989264,293405940,4717149600,0,4717167112}
MemResourceStatus {NumaMonotonicResource,1,64000000000,1039541809,3750105123,18917318200,0,18917334668}
0: MemResourceStatus {MemManagerAggregate,18446744073709551615,124000000000,1043531073,4043511063,0,0,N/A}
1: MemResourceStatus {MemManagerAggregate,18446744073709551615,60000000000,0,0,0,1,N/A}
MemResourceStatus {DefaultResource,18446744073709551615,18446744073709551615,0,0,0,-1,N/A}
Quick Memory Usage Overview:
Used Capacity: 11319519123, 0
------------------------------------------
Executing script file: /home/umeshsum/tpch_queries/20.sql
[32m(release)[0m> select
[32m(release)[0m> 	s_name,
[32m(release)[0m> 	s_address
[32m(release)[0m> from
[32m(release)[0m> 	supplier,
[32m(release)[0m> 	nation
[32m(release)[0m> where
[32m(release)[0m> 	s_suppkey in (
[32m(release)[0m> 		select
[32m(release)[0m> 			ps_suppkey
[32m(release)[0m> 		from
[32m(release)[0m> 			partsupp
[32m(release)[0m> 		where
[32m(release)[0m> 			ps_partkey in (
[32m(release)[0m> 				select
[32m(release)[0m> 					p_partkey
[32m(release)[0m> 				from
[32m(release)[0m> 					part
[32m(release)[0m> 				where
[32m(release)[0m> 					p_name like 'forest%'
[32m(release)[0m> 			)
[32m(release)[0m> 			and ps_availqty > (
[32m(release)[0m> 				select
[32m(release)[0m> 					0.5 * sum(l_quantity)
[32m(release)[0m> 				from
[32m(release)[0m> 					lineitem
[32m(release)[0m> 				where
[32m(release)[0m> 					l_partkey = ps_partkey
[32m(release)[0m> 					and l_suppkey = ps_suppkey
[32m(release)[0m> 					and l_shipdate >= date '1994-01-01'
[32m(release)[0m> 					and l_shipdate < date '1994-01-01' + interval '1' year
[32m(release)[0m> 			)
[32m(release)[0m> 	)
[32m(release)[0m> 	and s_nationkey = n_nationkey
[32m(release)[0m> 	and n_name = 'CANADA'
[32m(release)[0m> order by
[32m(release)[0m> 	s_name;
VmRSS Change: 40 KB
===
1804 rows total
Execution info: [PARSE: 86 µs 369 ns, SQL TRANSLATE: 0 ns, OPTIMIZE: 0 ns, LQP TRANSLATE: 49 µs 500 ns, EXECUTE: 124 ms 276 µs (wall time) | QUERY PLAN CACHE HITS: 1/1 statement(s)]
After reset, table use_count: 2
WARNING: Table still has 1 other owner(s) after pipeline reset!
Executing script file done
$:hsh mem_usage
------------------------------------------
Memory Usage Statistics:
VmSize:	215677472 kB
VmRSS:	77369960 kB
0: MemResourceStatus {MigratedColumnsAggregate,18446744073709551615,12610235929,10275988050,10275988050,0,0,N/A}
MemResourceStatus {NumaMonotonicResource,3,60000000000,0,0,0,1,0}
MemResourceStatus {NumaMonotonicResource,2,60000000000,3989264,293405940,5503090076,0,5503110584}
MemResourceStatus {NumaMonotonicResource,1,64000000000,1039541809,3750105123,18917318200,0,18917334668}
0: MemResourceStatus {MemManagerAggregate,18446744073709551615,124000000000,1043531073,4043511063,0,0,N/A}
1: MemResourceStatus {MemManagerAggregate,18446744073709551615,60000000000,0,0,0,1,N/A}
MemResourceStatus {DefaultResource,18446744073709551615,18446744073709551615,0,0,0,-1,N/A}
Quick Memory Usage Overview:
Used Capacity: 11319519123, 0
------------------------------------------
Executing script file: /home/umeshsum/tpch_queries/20.sql
[32m(release)[0m> select
[32m(release)[0m> 	s_name,
[32m(release)[0m> 	s_address
[32m(release)[0m> from
[32m(release)[0m> 	supplier,
[32m(release)[0m> 	nation
[32m(release)[0m> where
[32m(release)[0m> 	s_suppkey in (
[32m(release)[0m> 		select
[32m(release)[0m> 			ps_suppkey
[32m(release)[0m> 		from
[32m(release)[0m> 			partsupp
[32m(release)[0m> 		where
[32m(release)[0m> 			ps_partkey in (
[32m(release)[0m> 				select
[32m(release)[0m> 					p_partkey
[32m(release)[0m> 				from
[32m(release)[0m> 					part
[32m(release)[0m> 				where
[32m(release)[0m> 					p_name like 'forest%'
[32m(release)[0m> 			)
[32m(release)[0m> 			and ps_availqty > (
[32m(release)[0m> 				select
[32m(release)[0m> 					0.5 * sum(l_quantity)
[32m(release)[0m> 				from
[32m(release)[0m> 					lineitem
[32m(release)[0m> 				where
[32m(release)[0m> 					l_partkey = ps_partkey
[32m(release)[0m> 					and l_suppkey = ps_suppkey
[32m(release)[0m> 					and l_shipdate >= date '1994-01-01'
[32m(release)[0m> 					and l_shipdate < date '1994-01-01' + interval '1' year
[32m(release)[0m> 			)
[32m(release)[0m> 	)
[32m(release)[0m> 	and s_nationkey = n_nationkey
[32m(release)[0m> 	and n_name = 'CANADA'
[32m(release)[0m> order by
[32m(release)[0m> 	s_name;
VmRSS Change: 168 KB
===
1804 rows total
Execution info: [PARSE: 83 µs 219 ns, SQL TRANSLATE: 0 ns, OPTIMIZE: 0 ns, LQP TRANSLATE: 53 µs 829 ns, EXECUTE: 121 ms 394 µs (wall time) | QUERY PLAN CACHE HITS: 1/1 statement(s)]
After reset, table use_count: 2
WARNING: Table still has 1 other owner(s) after pipeline reset!
Executing script file done
$:hsh mem_usage
------------------------------------------
Memory Usage Statistics:
VmSize:	215677472 kB
VmRSS:	77370128 kB
0: MemResourceStatus {MigratedColumnsAggregate,18446744073709551615,12610235929,10275988050,10275988050,0,0,N/A}
MemResourceStatus {NumaMonotonicResource,3,60000000000,0,0,0,1,0}
MemResourceStatus {NumaMonotonicResource,2,60000000000,3989264,293405940,6289356576,0,6289380008}
MemResourceStatus {NumaMonotonicResource,1,64000000000,1039541809,3750105123,18917318200,0,18917334668}
0: MemResourceStatus {MemManagerAggregate,18446744073709551615,124000000000,1043531073,4043511063,0,0,N/A}
1: MemResourceStatus {MemManagerAggregate,18446744073709551615,60000000000,0,0,0,1,N/A}
MemResourceStatus {DefaultResource,18446744073709551615,18446744073709551615,0,0,0,-1,N/A}
Quick Memory Usage Overview:
Used Capacity: 11319519123, 0
------------------------------------------
Executing script file: /home/umeshsum/tpch_queries/20.sql
[32m(release)[0m> select
[32m(release)[0m> 	s_name,
[32m(release)[0m> 	s_address
[32m(release)[0m> from
[32m(release)[0m> 	supplier,
[32m(release)[0m> 	nation
[32m(release)[0m> where
[32m(release)[0m> 	s_suppkey in (
[32m(release)[0m> 		select
[32m(release)[0m> 			ps_suppkey
[32m(release)[0m> 		from
[32m(release)[0m> 			partsupp
[32m(release)[0m> 		where
[32m(release)[0m> 			ps_partkey in (
[32m(release)[0m> 				select
[32m(release)[0m> 					p_partkey
[32m(release)[0m> 				from
[32m(release)[0m> 					part
[32m(release)[0m> 				where
[32m(release)[0m> 					p_name like 'forest%'
[32m(release)[0m> 			)
[32m(release)[0m> 			and ps_availqty > (
[32m(release)[0m> 				select
[32m(release)[0m> 					0.5 * sum(l_quantity)
[32m(release)[0m> 				from
[32m(release)[0m> 					lineitem
[32m(release)[0m> 				where
[32m(release)[0m> 					l_partkey = ps_partkey
[32m(release)[0m> 					and l_suppkey = ps_suppkey
[32m(release)[0m> 					and l_shipdate >= date '1994-01-01'
[32m(release)[0m> 					and l_shipdate < date '1994-01-01' + interval '1' year
[32m(release)[0m> 			)
[32m(release)[0m> 	)
[32m(release)[0m> 	and s_nationkey = n_nationkey
[32m(release)[0m> 	and n_name = 'CANADA'
[32m(release)[0m> order by
[32m(release)[0m> 	s_name;
VmRSS Change: 352 KB
===
1804 rows total
Execution info: [PARSE: 72 µs 459 ns, SQL TRANSLATE: 0 ns, OPTIMIZE: 0 ns, LQP TRANSLATE: 48 µs 289 ns, EXECUTE: 124 ms 646 µs (wall time) | QUERY PLAN CACHE HITS: 1/1 statement(s)]
After reset, table use_count: 2
WARNING: Table still has 1 other owner(s) after pipeline reset!
Executing script file done
$:hsh mem_usage
------------------------------------------
Memory Usage Statistics:
VmSize:	215677472 kB
VmRSS:	77370480 kB
0: MemResourceStatus {MigratedColumnsAggregate,18446744073709551615,12610235929,10275988050,10275988050,0,0,N/A}
MemResourceStatus {NumaMonotonicResource,3,60000000000,0,0,0,1,0}
MemResourceStatus {NumaMonotonicResource,2,60000000000,3989264,293405940,7075460908,0,7075487240}
MemResourceStatus {NumaMonotonicResource,1,64000000000,1039541809,3750105123,18917318200,0,18917334668}
0: MemResourceStatus {MemManagerAggregate,18446744073709551615,124000000000,1043531073,4043511063,0,0,N/A}
1: MemResourceStatus {MemManagerAggregate,18446744073709551615,60000000000,0,0,0,1,N/A}
MemResourceStatus {DefaultResource,18446744073709551615,18446744073709551615,0,0,0,-1,N/A}
Quick Memory Usage Overview:
Used Capacity: 11319519123, 0
------------------------------------------
Executing script file: /home/umeshsum/tpch_queries/20.sql
[32m(release)[0m> select
[32m(release)[0m> 	s_name,
[32m(release)[0m> 	s_address
[32m(release)[0m> from
[32m(release)[0m> 	supplier,
[32m(release)[0m> 	nation
[32m(release)[0m> where
[32m(release)[0m> 	s_suppkey in (
[32m(release)[0m> 		select
[32m(release)[0m> 			ps_suppkey
[32m(release)[0m> 		from
[32m(release)[0m> 			partsupp
[32m(release)[0m> 		where
[32m(release)[0m> 			ps_partkey in (
[32m(release)[0m> 				select
[32m(release)[0m> 					p_partkey
[32m(release)[0m> 				from
[32m(release)[0m> 					part
[32m(release)[0m> 				where
[32m(release)[0m> 					p_name like 'forest%'
[32m(release)[0m> 			)
[32m(release)[0m> 			and ps_availqty > (
[32m(release)[0m> 				select
[32m(release)[0m> 					0.5 * sum(l_quantity)
[32m(release)[0m> 				from
[32m(release)[0m> 					lineitem
[32m(release)[0m> 				where
[32m(release)[0m> 					l_partkey = ps_partkey
[32m(release)[0m> 					and l_suppkey = ps_suppkey
[32m(release)[0m> 					and l_shipdate >= date '1994-01-01'
[32m(release)[0m> 					and l_shipdate < date '1994-01-01' + interval '1' year
[32m(release)[0m> 			)
[32m(release)[0m> 	)
[32m(release)[0m> 	and s_nationkey = n_nationkey
[32m(release)[0m> 	and n_name = 'CANADA'
[32m(release)[0m> order by
[32m(release)[0m> 	s_name;
VmRSS Change: 248 KB
===
1804 rows total
Execution info: [PARSE: 91 µs 889 ns, SQL TRANSLATE: 0 ns, OPTIMIZE: 0 ns, LQP TRANSLATE: 54 µs 710 ns, EXECUTE: 132 ms 807 µs (wall time) | QUERY PLAN CACHE HITS: 1/1 statement(s)]
After reset, table use_count: 2
WARNING: Table still has 1 other owner(s) after pipeline reset!
Executing script file done
$:hsh mem_usage
------------------------------------------
Memory Usage Statistics:
VmSize:	215677472 kB
VmRSS:	77370728 kB
0: MemResourceStatus {MigratedColumnsAggregate,18446744073709551615,12610235929,10275988050,10275988050,0,0,N/A}
MemResourceStatus {NumaMonotonicResource,3,60000000000,0,0,0,1,0}
MemResourceStatus {NumaMonotonicResource,2,60000000000,3989264,293405940,7861561144,0,7861590392}
MemResourceStatus {NumaMonotonicResource,1,64000000000,1039541809,3750105123,18917318200,0,18917334668}
0: MemResourceStatus {MemManagerAggregate,18446744073709551615,124000000000,1043531073,4043511063,0,0,N/A}
1: MemResourceStatus {MemManagerAggregate,18446744073709551615,60000000000,0,0,0,1,N/A}
MemResourceStatus {DefaultResource,18446744073709551615,18446744073709551615,0,0,0,-1,N/A}
Quick Memory Usage Overview:
Used Capacity: 11319519123, 0
------------------------------------------
Label set to d60000000000_tf60000000000_q21
$:hsh clear_plan_caches
Cleared PQP and LQP caches
$:hsh clear_pipeline
Released last SQLPipeline
$:hsh reset_exec_pools
Reset execution pools (2, 3) bump pointers to start
$:hsh mem_usage
------------------------------------------
Memory Usage Statistics:
VmSize:	215677472 kB
VmRSS:	77370728 kB
0: MemResourceStatus {MigratedColumnsAggregate,18446744073709551615,12610235929,10275988050,10275988050,0,0,N/A}
MemResourceStatus {NumaMonotonicResource,3,60000000000,0,0,0,1,0}
MemResourceStatus {NumaMonotonicResource,2,60000000000,0,0,0,0,0}
MemResourceStatus {NumaMonotonicResource,1,64000000000,1039541809,3750105123,18917318200,0,18917334668}
0: MemResourceStatus {MemManagerAggregate,18446744073709551615,124000000000,1039541809,3750105123,0,0,N/A}
1: MemResourceStatus {MemManagerAggregate,18446744073709551615,60000000000,0,0,0,1,N/A}
MemResourceStatus {DefaultResource,18446744073709551615,18446744073709551615,0,0,0,-1,N/A}
Quick Memory Usage Overview:
Used Capacity: 11315529859, 0
------------------------------------------
Executing script file: /home/umeshsum/tpch_queries/21.sql
[32m(release)[0m> select
[32m(release)[0m> 	s_name,
[32m(release)[0m> 	count(*) as numwait
[32m(release)[0m> from
[32m(release)[0m> 	supplier,
[32m(release)[0m> 	lineitem l1,
[32m(release)[0m> 	orders,
[32m(release)[0m> 	nation
[32m(release)[0m> where
[32m(release)[0m> 	s_suppkey = l1.l_suppkey
[32m(release)[0m> 	and o_orderkey = l1.l_orderkey
[32m(release)[0m> 	and o_orderstatus = 'F'
[32m(release)[0m> 	and l1.l_receiptdate > l1.l_commitdate
[32m(release)[0m> 	and exists (
[32m(release)[0m> 		select
[32m(release)[0m> 			*
[32m(release)[0m> 		from
[32m(release)[0m> 			lineitem l2
[32m(release)[0m> 		where
[32m(release)[0m> 			l2.l_orderkey = l1.l_orderkey
[32m(release)[0m> 			and l2.l_suppkey <> l1.l_suppkey
[32m(release)[0m> 	)
[32m(release)[0m> 	and not exists (
[32m(release)[0m> 		select
[32m(release)[0m> 			*
[32m(release)[0m> 		from
[32m(release)[0m> 			lineitem l3
[32m(release)[0m> 		where
[32m(release)[0m> 			l3.l_orderkey = l1.l_orderkey
[32m(release)[0m> 			and l3.l_suppkey <> l1.l_suppkey
[32m(release)[0m> 			and l3.l_receiptdate > l3.l_commitdate
[32m(release)[0m> 	)
[32m(release)[0m> 	and s_nationkey = n_nationkey
[32m(release)[0m> 	and n_name = 'SAUDI ARABIA'
[32m(release)[0m> group by
[32m(release)[0m> 	s_name
[32m(release)[0m> order by
[32m(release)[0m> 	numwait desc,
[32m(release)[0m> 	s_name;
VmRSS Change: 472 KB
===
4009 rows total
Execution info: [PARSE: 83 µs 189 ns, SQL TRANSLATE: 348 µs 417 ns, OPTIMIZE: 11 ms 229 µs, LQP TRANSLATE: 317 µs 67 ns, EXECUTE: 802 ms 185 µs (wall time) | QUERY PLAN CACHE HITS: 0/1 statement(s)]
After reset, table use_count: 2
WARNING: Table still has 1 other owner(s) after pipeline reset!
Executing script file done
$:hsh mem_usage
------------------------------------------
Memory Usage Statistics:
VmSize:	215677472 kB
VmRSS:	77371220 kB
0: MemResourceStatus {MigratedColumnsAggregate,18446744073709551615,12610235929,10275988050,10275988050,0,0,N/A}
MemResourceStatus {NumaMonotonicResource,3,60000000000,0,0,0,1,0}
MemResourceStatus {NumaMonotonicResource,2,60000000000,1177856,1423052112,4807996676,0,4808006608}
MemResourceStatus {NumaMonotonicResource,1,64000000000,1039541809,3750105123,18917318200,0,18917334668}
0: MemResourceStatus {MemManagerAggregate,18446744073709551615,124000000000,1040719665,5173157235,0,0,N/A}
1: MemResourceStatus {MemManagerAggregate,18446744073709551615,60000000000,0,0,0,1,N/A}
MemResourceStatus {DefaultResource,18446744073709551615,18446744073709551615,0,0,0,-1,N/A}
Quick Memory Usage Overview:
Used Capacity: 11316707715, 0
------------------------------------------
Executing script file: /home/umeshsum/tpch_queries/21.sql
[32m(release)[0m> select
[32m(release)[0m> 	s_name,
[32m(release)[0m> 	count(*) as numwait
[32m(release)[0m> from
[32m(release)[0m> 	supplier,
[32m(release)[0m> 	lineitem l1,
[32m(release)[0m> 	orders,
[32m(release)[0m> 	nation
[32m(release)[0m> where
[32m(release)[0m> 	s_suppkey = l1.l_suppkey
[32m(release)[0m> 	and o_orderkey = l1.l_orderkey
[32m(release)[0m> 	and o_orderstatus = 'F'
[32m(release)[0m> 	and l1.l_receiptdate > l1.l_commitdate
[32m(release)[0m> 	and exists (
[32m(release)[0m> 		select
[32m(release)[0m> 			*
[32m(release)[0m> 		from
[32m(release)[0m> 			lineitem l2
[32m(release)[0m> 		where
[32m(release)[0m> 			l2.l_orderkey = l1.l_orderkey
[32m(release)[0m> 			and l2.l_suppkey <> l1.l_suppkey
[32m(release)[0m> 	)
[32m(release)[0m> 	and not exists (
[32m(release)[0m> 		select
[32m(release)[0m> 			*
[32m(release)[0m> 		from
[32m(release)[0m> 			lineitem l3
[32m(release)[0m> 		where
[32m(release)[0m> 			l3.l_orderkey = l1.l_orderkey
[32m(release)[0m> 			and l3.l_suppkey <> l1.l_suppkey
[32m(release)[0m> 			and l3.l_receiptdate > l3.l_commitdate
[32m(release)[0m> 	)
[32m(release)[0m> 	and s_nationkey = n_nationkey
[32m(release)[0m> 	and n_name = 'SAUDI ARABIA'
[32m(release)[0m> group by
[32m(release)[0m> 	s_name
[32m(release)[0m> order by
[32m(release)[0m> 	numwait desc,
[32m(release)[0m> 	s_name;
VmRSS Change: 376 KB
===
4009 rows total
Execution info: [PARSE: 74 µs 810 ns, SQL TRANSLATE: 0 ns, OPTIMIZE: 0 ns, LQP TRANSLATE: 45 µs 270 ns, EXECUTE: 791 ms 770 µs (wall time) | QUERY PLAN CACHE HITS: 1/1 statement(s)]
After reset, table use_count: 2
WARNING: Table still has 1 other owner(s) after pipeline reset!
Executing script file done
$:hsh mem_usage
------------------------------------------
Memory Usage Statistics:
VmSize:	215677472 kB
VmRSS:	77371596 kB
0: MemResourceStatus {MigratedColumnsAggregate,18446744073709551615,12610235929,10275988050,10275988050,0,0,N/A}
MemResourceStatus {NumaMonotonicResource,3,60000000000,0,0,0,1,0}
MemResourceStatus {NumaMonotonicResource,2,60000000000,1306720,1423180976,9615993352,0,9616013232}
MemResourceStatus {NumaMonotonicResource,1,64000000000,1039541809,3750105123,18917318200,0,18917334668}
0: MemResourceStatus {MemManagerAggregate,18446744073709551615,124000000000,1040848529,5173286099,0,0,N/A}
1: MemResourceStatus {MemManagerAggregate,18446744073709551615,60000000000,0,0,0,1,N/A}
MemResourceStatus {DefaultResource,18446744073709551615,18446744073709551615,0,0,0,-1,N/A}
Quick Memory Usage Overview:
Used Capacity: 11316836579, 0
------------------------------------------
Executing script file: /home/umeshsum/tpch_queries/21.sql
[32m(release)[0m> select
[32m(release)[0m> 	s_name,
[32m(release)[0m> 	count(*) as numwait
[32m(release)[0m> from
[32m(release)[0m> 	supplier,
[32m(release)[0m> 	lineitem l1,
[32m(release)[0m> 	orders,
[32m(release)[0m> 	nation
[32m(release)[0m> where
[32m(release)[0m> 	s_suppkey = l1.l_suppkey
[32m(release)[0m> 	and o_orderkey = l1.l_orderkey
[32m(release)[0m> 	and o_orderstatus = 'F'
[32m(release)[0m> 	and l1.l_receiptdate > l1.l_commitdate
[32m(release)[0m> 	and exists (
[32m(release)[0m> 		select
[32m(release)[0m> 			*
[32m(release)[0m> 		from
[32m(release)[0m> 			lineitem l2
[32m(release)[0m> 		where
[32m(release)[0m> 			l2.l_orderkey = l1.l_orderkey
[32m(release)[0m> 			and l2.l_suppkey <> l1.l_suppkey
[32m(release)[0m> 	)
[32m(release)[0m> 	and not exists (
[32m(release)[0m> 		select
[32m(release)[0m> 			*
[32m(release)[0m> 		from
[32m(release)[0m> 			lineitem l3
[32m(release)[0m> 		where
[32m(release)[0m> 			l3.l_orderkey = l1.l_orderkey
[32m(release)[0m> 			and l3.l_suppkey <> l1.l_suppkey
[32m(release)[0m> 			and l3.l_receiptdate > l3.l_commitdate
[32m(release)[0m> 	)
[32m(release)[0m> 	and s_nationkey = n_nationkey
[32m(release)[0m> 	and n_name = 'SAUDI ARABIA'
[32m(release)[0m> group by
[32m(release)[0m> 	s_name
[32m(release)[0m> order by
[32m(release)[0m> 	numwait desc,
[32m(release)[0m> 	s_name;
VmRSS Change: 12 KB
===
4009 rows total
Execution info: [PARSE: 81 µs 609 ns, SQL TRANSLATE: 0 ns, OPTIMIZE: 0 ns, LQP TRANSLATE: 39 µs 499 ns, EXECUTE: 814 ms 644 µs (wall time) | QUERY PLAN CACHE HITS: 1/1 statement(s)]
After reset, table use_count: 2
WARNING: Table still has 1 other owner(s) after pipeline reset!
Executing script file done
$:hsh mem_usage
------------------------------------------
Memory Usage Statistics:
VmSize:	215677472 kB
VmRSS:	77371608 kB
0: MemResourceStatus {MigratedColumnsAggregate,18446744073709551615,12610235929,10275988050,10275988050,0,0,N/A}
MemResourceStatus {NumaMonotonicResource,3,60000000000,0,0,0,1,0}
MemResourceStatus {NumaMonotonicResource,2,60000000000,1306720,1423180976,14423990028,0,14424019824}
MemResourceStatus {NumaMonotonicResource,1,64000000000,1039541809,3750105123,18917318200,0,18917334668}
0: MemResourceStatus {MemManagerAggregate,18446744073709551615,124000000000,1040848529,5173286099,0,0,N/A}
1: MemResourceStatus {MemManagerAggregate,18446744073709551615,60000000000,0,0,0,1,N/A}
MemResourceStatus {DefaultResource,18446744073709551615,18446744073709551615,0,0,0,-1,N/A}
Quick Memory Usage Overview:
Used Capacity: 11316836579, 0
------------------------------------------
Executing script file: /home/umeshsum/tpch_queries/21.sql
[32m(release)[0m> select
[32m(release)[0m> 	s_name,
[32m(release)[0m> 	count(*) as numwait
[32m(release)[0m> from
[32m(release)[0m> 	supplier,
[32m(release)[0m> 	lineitem l1,
[32m(release)[0m> 	orders,
[32m(release)[0m> 	nation
[32m(release)[0m> where
[32m(release)[0m> 	s_suppkey = l1.l_suppkey
[32m(release)[0m> 	and o_orderkey = l1.l_orderkey
[32m(release)[0m> 	and o_orderstatus = 'F'
[32m(release)[0m> 	and l1.l_receiptdate > l1.l_commitdate
[32m(release)[0m> 	and exists (
[32m(release)[0m> 		select
[32m(release)[0m> 			*
[32m(release)[0m> 		from
[32m(release)[0m> 			lineitem l2
[32m(release)[0m> 		where
[32m(release)[0m> 			l2.l_orderkey = l1.l_orderkey
[32m(release)[0m> 			and l2.l_suppkey <> l1.l_suppkey
[32m(release)[0m> 	)
[32m(release)[0m> 	and not exists (
[32m(release)[0m> 		select
[32m(release)[0m> 			*
[32m(release)[0m> 		from
[32m(release)[0m> 			lineitem l3
[32m(release)[0m> 		where
[32m(release)[0m> 			l3.l_orderkey = l1.l_orderkey
[32m(release)[0m> 			and l3.l_suppkey <> l1.l_suppkey
[32m(release)[0m> 			and l3.l_receiptdate > l3.l_commitdate
[32m(release)[0m> 	)
[32m(release)[0m> 	and s_nationkey = n_nationkey
[32m(release)[0m> 	and n_name = 'SAUDI ARABIA'
[32m(release)[0m> group by
[32m(release)[0m> 	s_name
[32m(release)[0m> order by
[32m(release)[0m> 	numwait desc,
[32m(release)[0m> 	s_name;
VmRSS Change: 124 KB
===
4009 rows total
Execution info: [PARSE: 79 µs 699 ns, SQL TRANSLATE: 0 ns, OPTIMIZE: 0 ns, LQP TRANSLATE: 41 µs 789 ns, EXECUTE: 787 ms 140 µs (wall time) | QUERY PLAN CACHE HITS: 1/1 statement(s)]
After reset, table use_count: 2
WARNING: Table still has 1 other owner(s) after pipeline reset!
Executing script file done
$:hsh mem_usage
------------------------------------------
Memory Usage Statistics:
VmSize:	215677472 kB
VmRSS:	77371732 kB
0: MemResourceStatus {MigratedColumnsAggregate,18446744073709551615,12610235929,10275988050,10275988050,0,0,N/A}
MemResourceStatus {NumaMonotonicResource,3,60000000000,0,0,0,1,0}
MemResourceStatus {NumaMonotonicResource,2,60000000000,1306720,1423180976,19231986704,0,19232026464}
MemResourceStatus {NumaMonotonicResource,1,64000000000,1039541809,3750105123,18917318200,0,18917334668}
0: MemResourceStatus {MemManagerAggregate,18446744073709551615,124000000000,1040848529,5173286099,0,0,N/A}
1: MemResourceStatus {MemManagerAggregate,18446744073709551615,60000000000,0,0,0,1,N/A}
MemResourceStatus {DefaultResource,18446744073709551615,18446744073709551615,0,0,0,-1,N/A}
Quick Memory Usage Overview:
Used Capacity: 11316836579, 0
------------------------------------------
Executing script file: /home/umeshsum/tpch_queries/21.sql
[32m(release)[0m> select
[32m(release)[0m> 	s_name,
[32m(release)[0m> 	count(*) as numwait
[32m(release)[0m> from
[32m(release)[0m> 	supplier,
[32m(release)[0m> 	lineitem l1,
[32m(release)[0m> 	orders,
[32m(release)[0m> 	nation
[32m(release)[0m> where
[32m(release)[0m> 	s_suppkey = l1.l_suppkey
[32m(release)[0m> 	and o_orderkey = l1.l_orderkey
[32m(release)[0m> 	and o_orderstatus = 'F'
[32m(release)[0m> 	and l1.l_receiptdate > l1.l_commitdate
[32m(release)[0m> 	and exists (
[32m(release)[0m> 		select
[32m(release)[0m> 			*
[32m(release)[0m> 		from
[32m(release)[0m> 			lineitem l2
[32m(release)[0m> 		where
[32m(release)[0m> 			l2.l_orderkey = l1.l_orderkey
[32m(release)[0m> 			and l2.l_suppkey <> l1.l_suppkey
[32m(release)[0m> 	)
[32m(release)[0m> 	and not exists (
[32m(release)[0m> 		select
[32m(release)[0m> 			*
[32m(release)[0m> 		from
[32m(release)[0m> 			lineitem l3
[32m(release)[0m> 		where
[32m(release)[0m> 			l3.l_orderkey = l1.l_orderkey
[32m(release)[0m> 			and l3.l_suppkey <> l1.l_suppkey
[32m(release)[0m> 			and l3.l_receiptdate > l3.l_commitdate
[32m(release)[0m> 	)
[32m(release)[0m> 	and s_nationkey = n_nationkey
[32m(release)[0m> 	and n_name = 'SAUDI ARABIA'
[32m(release)[0m> group by
[32m(release)[0m> 	s_name
[32m(release)[0m> order by
[32m(release)[0m> 	numwait desc,
[32m(release)[0m> 	s_name;
VmRSS Change: 18446744073709551472 KB
===
4009 rows total
Execution info: [PARSE: 84 µs 539 ns, SQL TRANSLATE: 0 ns, OPTIMIZE: 0 ns, LQP TRANSLATE: 41 µs 550 ns, EXECUTE: 790 ms 569 µs (wall time) | QUERY PLAN CACHE HITS: 1/1 statement(s)]
After reset, table use_count: 2
WARNING: Table still has 1 other owner(s) after pipeline reset!
Executing script file done
$:hsh mem_usage
------------------------------------------
Memory Usage Statistics:
VmSize:	215677472 kB
VmRSS:	77371576 kB
0: MemResourceStatus {MigratedColumnsAggregate,18446744073709551615,12610235929,10275988050,10275988050,0,0,N/A}
MemResourceStatus {NumaMonotonicResource,3,60000000000,0,0,0,1,0}
MemResourceStatus {NumaMonotonicResource,2,60000000000,1306720,1423180976,24039983380,0,24040033136}
MemResourceStatus {NumaMonotonicResource,1,64000000000,1039541809,3750105123,18917318200,0,18917334668}
0: MemResourceStatus {MemManagerAggregate,18446744073709551615,124000000000,1040848529,5173286099,0,0,N/A}
1: MemResourceStatus {MemManagerAggregate,18446744073709551615,60000000000,0,0,0,1,N/A}
MemResourceStatus {DefaultResource,18446744073709551615,18446744073709551615,0,0,0,-1,N/A}
Quick Memory Usage Overview:
Used Capacity: 11316836579, 0
------------------------------------------
Executing script file: /home/umeshsum/tpch_queries/21.sql
[32m(release)[0m> select
[32m(release)[0m> 	s_name,
[32m(release)[0m> 	count(*) as numwait
[32m(release)[0m> from
[32m(release)[0m> 	supplier,
[32m(release)[0m> 	lineitem l1,
[32m(release)[0m> 	orders,
[32m(release)[0m> 	nation
[32m(release)[0m> where
[32m(release)[0m> 	s_suppkey = l1.l_suppkey
[32m(release)[0m> 	and o_orderkey = l1.l_orderkey
[32m(release)[0m> 	and o_orderstatus = 'F'
[32m(release)[0m> 	and l1.l_receiptdate > l1.l_commitdate
[32m(release)[0m> 	and exists (
[32m(release)[0m> 		select
[32m(release)[0m> 			*
[32m(release)[0m> 		from
[32m(release)[0m> 			lineitem l2
[32m(release)[0m> 		where
[32m(release)[0m> 			l2.l_orderkey = l1.l_orderkey
[32m(release)[0m> 			and l2.l_suppkey <> l1.l_suppkey
[32m(release)[0m> 	)
[32m(release)[0m> 	and not exists (
[32m(release)[0m> 		select
[32m(release)[0m> 			*
[32m(release)[0m> 		from
[32m(release)[0m> 			lineitem l3
[32m(release)[0m> 		where
[32m(release)[0m> 			l3.l_orderkey = l1.l_orderkey
[32m(release)[0m> 			and l3.l_suppkey <> l1.l_suppkey
[32m(release)[0m> 			and l3.l_receiptdate > l3.l_commitdate
[32m(release)[0m> 	)
[32m(release)[0m> 	and s_nationkey = n_nationkey
[32m(release)[0m> 	and n_name = 'SAUDI ARABIA'
[32m(release)[0m> group by
[32m(release)[0m> 	s_name
[32m(release)[0m> order by
[32m(release)[0m> 	numwait desc,
[32m(release)[0m> 	s_name;
VmRSS Change: 18446744073709551596 KB
===
4009 rows total
Execution info: [PARSE: 90 µs 509 ns, SQL TRANSLATE: 0 ns, OPTIMIZE: 0 ns, LQP TRANSLATE: 46 µs 60 ns, EXECUTE: 793 ms 32 µs (wall time) | QUERY PLAN CACHE HITS: 1/1 statement(s)]
After reset, table use_count: 2
WARNING: Table still has 1 other owner(s) after pipeline reset!
Executing script file done
$:hsh mem_usage
------------------------------------------
Memory Usage Statistics:
VmSize:	215677472 kB
VmRSS:	77371556 kB
0: MemResourceStatus {MigratedColumnsAggregate,18446744073709551615,12610235929,10275988050,10275988050,0,0,N/A}
MemResourceStatus {NumaMonotonicResource,3,60000000000,0,0,0,1,0}
MemResourceStatus {NumaMonotonicResource,2,60000000000,1306720,1423180976,28847980056,0,28848039744}
MemResourceStatus {NumaMonotonicResource,1,64000000000,1039541809,3750105123,18917318200,0,18917334668}
0: MemResourceStatus {MemManagerAggregate,18446744073709551615,124000000000,1040848529,5173286099,0,0,N/A}
1: MemResourceStatus {MemManagerAggregate,18446744073709551615,60000000000,0,0,0,1,N/A}
MemResourceStatus {DefaultResource,18446744073709551615,18446744073709551615,0,0,0,-1,N/A}
Quick Memory Usage Overview:
Used Capacity: 11316836579, 0
------------------------------------------
Executing script file: /home/umeshsum/tpch_queries/21.sql
[32m(release)[0m> select
[32m(release)[0m> 	s_name,
[32m(release)[0m> 	count(*) as numwait
[32m(release)[0m> from
[32m(release)[0m> 	supplier,
[32m(release)[0m> 	lineitem l1,
[32m(release)[0m> 	orders,
[32m(release)[0m> 	nation
[32m(release)[0m> where
[32m(release)[0m> 	s_suppkey = l1.l_suppkey
[32m(release)[0m> 	and o_orderkey = l1.l_orderkey
[32m(release)[0m> 	and o_orderstatus = 'F'
[32m(release)[0m> 	and l1.l_receiptdate > l1.l_commitdate
[32m(release)[0m> 	and exists (
[32m(release)[0m> 		select
[32m(release)[0m> 			*
[32m(release)[0m> 		from
[32m(release)[0m> 			lineitem l2
[32m(release)[0m> 		where
[32m(release)[0m> 			l2.l_orderkey = l1.l_orderkey
[32m(release)[0m> 			and l2.l_suppkey <> l1.l_suppkey
[32m(release)[0m> 	)
[32m(release)[0m> 	and not exists (
[32m(release)[0m> 		select
[32m(release)[0m> 			*
[32m(release)[0m> 		from
[32m(release)[0m> 			lineitem l3
[32m(release)[0m> 		where
[32m(release)[0m> 			l3.l_orderkey = l1.l_orderkey
[32m(release)[0m> 			and l3.l_suppkey <> l1.l_suppkey
[32m(release)[0m> 			and l3.l_receiptdate > l3.l_commitdate
[32m(release)[0m> 	)
[32m(release)[0m> 	and s_nationkey = n_nationkey
[32m(release)[0m> 	and n_name = 'SAUDI ARABIA'
[32m(release)[0m> group by
[32m(release)[0m> 	s_name
[32m(release)[0m> order by
[32m(release)[0m> 	numwait desc,
[32m(release)[0m> 	s_name;
VmRSS Change: 18446744073709551364 KB
===
4009 rows total
Execution info: [PARSE: 109 µs 69 ns, SQL TRANSLATE: 0 ns, OPTIMIZE: 0 ns, LQP TRANSLATE: 40 µs 619 ns, EXECUTE: 790 ms 586 µs (wall time) | QUERY PLAN CACHE HITS: 1/1 statement(s)]
After reset, table use_count: 2
WARNING: Table still has 1 other owner(s) after pipeline reset!
Executing script file done
$:hsh mem_usage
------------------------------------------
Memory Usage Statistics:
VmSize:	215677472 kB
VmRSS:	77371304 kB
0: MemResourceStatus {MigratedColumnsAggregate,18446744073709551615,12610235929,10275988050,10275988050,0,0,N/A}
MemResourceStatus {NumaMonotonicResource,3,60000000000,0,0,0,1,0}
MemResourceStatus {NumaMonotonicResource,2,60000000000,1306720,1423180976,33655976732,0,33656046416}
MemResourceStatus {NumaMonotonicResource,1,64000000000,1039541809,3750105123,18917318200,0,18917334668}
0: MemResourceStatus {MemManagerAggregate,18446744073709551615,124000000000,1040848529,5173286099,0,0,N/A}
1: MemResourceStatus {MemManagerAggregate,18446744073709551615,60000000000,0,0,0,1,N/A}
MemResourceStatus {DefaultResource,18446744073709551615,18446744073709551615,0,0,0,-1,N/A}
Quick Memory Usage Overview:
Used Capacity: 11316836579, 0
------------------------------------------
Executing script file: /home/umeshsum/tpch_queries/21.sql
[32m(release)[0m> select
[32m(release)[0m> 	s_name,
[32m(release)[0m> 	count(*) as numwait
[32m(release)[0m> from
[32m(release)[0m> 	supplier,
[32m(release)[0m> 	lineitem l1,
[32m(release)[0m> 	orders,
[32m(release)[0m> 	nation
[32m(release)[0m> where
[32m(release)[0m> 	s_suppkey = l1.l_suppkey
[32m(release)[0m> 	and o_orderkey = l1.l_orderkey
[32m(release)[0m> 	and o_orderstatus = 'F'
[32m(release)[0m> 	and l1.l_receiptdate > l1.l_commitdate
[32m(release)[0m> 	and exists (
[32m(release)[0m> 		select
[32m(release)[0m> 			*
[32m(release)[0m> 		from
[32m(release)[0m> 			lineitem l2
[32m(release)[0m> 		where
[32m(release)[0m> 			l2.l_orderkey = l1.l_orderkey
[32m(release)[0m> 			and l2.l_suppkey <> l1.l_suppkey
[32m(release)[0m> 	)
[32m(release)[0m> 	and not exists (
[32m(release)[0m> 		select
[32m(release)[0m> 			*
[32m(release)[0m> 		from
[32m(release)[0m> 			lineitem l3
[32m(release)[0m> 		where
[32m(release)[0m> 			l3.l_orderkey = l1.l_orderkey
[32m(release)[0m> 			and l3.l_suppkey <> l1.l_suppkey
[32m(release)[0m> 			and l3.l_receiptdate > l3.l_commitdate
[32m(release)[0m> 	)
[32m(release)[0m> 	and s_nationkey = n_nationkey
[32m(release)[0m> 	and n_name = 'SAUDI ARABIA'
[32m(release)[0m> group by
[32m(release)[0m> 	s_name
[32m(release)[0m> order by
[32m(release)[0m> 	numwait desc,
[32m(release)[0m> 	s_name;
VmRSS Change: 18446744073709551396 KB
===
4009 rows total
Execution info: [PARSE: 81 µs 29 ns, SQL TRANSLATE: 0 ns, OPTIMIZE: 0 ns, LQP TRANSLATE: 39 µs 479 ns, EXECUTE: 821 ms 907 µs (wall time) | QUERY PLAN CACHE HITS: 1/1 statement(s)]
After reset, table use_count: 2
WARNING: Table still has 1 other owner(s) after pipeline reset!
Executing script file done
$:hsh mem_usage
------------------------------------------
Memory Usage Statistics:
VmSize:	215677472 kB
VmRSS:	77371084 kB
0: MemResourceStatus {MigratedColumnsAggregate,18446744073709551615,12610235929,10275988050,10275988050,0,0,N/A}
MemResourceStatus {NumaMonotonicResource,3,60000000000,0,0,0,1,0}
MemResourceStatus {NumaMonotonicResource,2,60000000000,1306720,1423180976,38463973408,0,38464053072}
MemResourceStatus {NumaMonotonicResource,1,64000000000,1039541809,3750105123,18917318200,0,18917334668}
0: MemResourceStatus {MemManagerAggregate,18446744073709551615,124000000000,1040848529,5173286099,0,0,N/A}
1: MemResourceStatus {MemManagerAggregate,18446744073709551615,60000000000,0,0,0,1,N/A}
MemResourceStatus {DefaultResource,18446744073709551615,18446744073709551615,0,0,0,-1,N/A}
Quick Memory Usage Overview:
Used Capacity: 11316836579, 0
------------------------------------------
Executing script file: /home/umeshsum/tpch_queries/21.sql
[32m(release)[0m> select
[32m(release)[0m> 	s_name,
[32m(release)[0m> 	count(*) as numwait
[32m(release)[0m> from
[32m(release)[0m> 	supplier,
[32m(release)[0m> 	lineitem l1,
[32m(release)[0m> 	orders,
[32m(release)[0m> 	nation
[32m(release)[0m> where
[32m(release)[0m> 	s_suppkey = l1.l_suppkey
[32m(release)[0m> 	and o_orderkey = l1.l_orderkey
[32m(release)[0m> 	and o_orderstatus = 'F'
[32m(release)[0m> 	and l1.l_receiptdate > l1.l_commitdate
[32m(release)[0m> 	and exists (
[32m(release)[0m> 		select
[32m(release)[0m> 			*
[32m(release)[0m> 		from
[32m(release)[0m> 			lineitem l2
[32m(release)[0m> 		where
[32m(release)[0m> 			l2.l_orderkey = l1.l_orderkey
[32m(release)[0m> 			and l2.l_suppkey <> l1.l_suppkey
[32m(release)[0m> 	)
[32m(release)[0m> 	and not exists (
[32m(release)[0m> 		select
[32m(release)[0m> 			*
[32m(release)[0m> 		from
[32m(release)[0m> 			lineitem l3
[32m(release)[0m> 		where
[32m(release)[0m> 			l3.l_orderkey = l1.l_orderkey
[32m(release)[0m> 			and l3.l_suppkey <> l1.l_suppkey
[32m(release)[0m> 			and l3.l_receiptdate > l3.l_commitdate
[32m(release)[0m> 	)
[32m(release)[0m> 	and s_nationkey = n_nationkey
[32m(release)[0m> 	and n_name = 'SAUDI ARABIA'
[32m(release)[0m> group by
[32m(release)[0m> 	s_name
[32m(release)[0m> order by
[32m(release)[0m> 	numwait desc,
[32m(release)[0m> 	s_name;
VmRSS Change: 3736 KB
===
4009 rows total
Execution info: [PARSE: 76 µs 459 ns, SQL TRANSLATE: 0 ns, OPTIMIZE: 0 ns, LQP TRANSLATE: 40 µs 70 ns, EXECUTE: 792 ms 800 µs (wall time) | QUERY PLAN CACHE HITS: 1/1 statement(s)]
After reset, table use_count: 2
WARNING: Table still has 1 other owner(s) after pipeline reset!
Executing script file done
$:hsh mem_usage
------------------------------------------
Memory Usage Statistics:
VmSize:	215677472 kB
VmRSS:	77374820 kB
0: MemResourceStatus {MigratedColumnsAggregate,18446744073709551615,12610235929,10275988050,10275988050,0,0,N/A}
MemResourceStatus {NumaMonotonicResource,3,60000000000,0,0,0,1,0}
MemResourceStatus {NumaMonotonicResource,2,60000000000,1306720,1423180976,43271970084,0,43272059696}
MemResourceStatus {NumaMonotonicResource,1,64000000000,1039541809,3750105123,18917318200,0,18917334668}
0: MemResourceStatus {MemManagerAggregate,18446744073709551615,124000000000,1040848529,5173286099,0,0,N/A}
1: MemResourceStatus {MemManagerAggregate,18446744073709551615,60000000000,0,0,0,1,N/A}
MemResourceStatus {DefaultResource,18446744073709551615,18446744073709551615,0,0,0,-1,N/A}
Quick Memory Usage Overview:
Used Capacity: 11316836579, 0
------------------------------------------
Executing script file: /home/umeshsum/tpch_queries/21.sql
[32m(release)[0m> select
[32m(release)[0m> 	s_name,
[32m(release)[0m> 	count(*) as numwait
[32m(release)[0m> from
[32m(release)[0m> 	supplier,
[32m(release)[0m> 	lineitem l1,
[32m(release)[0m> 	orders,
[32m(release)[0m> 	nation
[32m(release)[0m> where
[32m(release)[0m> 	s_suppkey = l1.l_suppkey
[32m(release)[0m> 	and o_orderkey = l1.l_orderkey
[32m(release)[0m> 	and o_orderstatus = 'F'
[32m(release)[0m> 	and l1.l_receiptdate > l1.l_commitdate
[32m(release)[0m> 	and exists (
[32m(release)[0m> 		select
[32m(release)[0m> 			*
[32m(release)[0m> 		from
[32m(release)[0m> 			lineitem l2
[32m(release)[0m> 		where
[32m(release)[0m> 			l2.l_orderkey = l1.l_orderkey
[32m(release)[0m> 			and l2.l_suppkey <> l1.l_suppkey
[32m(release)[0m> 	)
[32m(release)[0m> 	and not exists (
[32m(release)[0m> 		select
[32m(release)[0m> 			*
[32m(release)[0m> 		from
[32m(release)[0m> 			lineitem l3
[32m(release)[0m> 		where
[32m(release)[0m> 			l3.l_orderkey = l1.l_orderkey
[32m(release)[0m> 			and l3.l_suppkey <> l1.l_suppkey
[32m(release)[0m> 			and l3.l_receiptdate > l3.l_commitdate
[32m(release)[0m> 	)
[32m(release)[0m> 	and s_nationkey = n_nationkey
[32m(release)[0m> 	and n_name = 'SAUDI ARABIA'
[32m(release)[0m> group by
[32m(release)[0m> 	s_name
[32m(release)[0m> order by
[32m(release)[0m> 	numwait desc,
[32m(release)[0m> 	s_name;
VmRSS Change: 5164 KB
===
4009 rows total
Execution info: [PARSE: 81 µs 709 ns, SQL TRANSLATE: 0 ns, OPTIMIZE: 0 ns, LQP TRANSLATE: 46 µs 539 ns, EXECUTE: 808 ms 298 µs (wall time) | QUERY PLAN CACHE HITS: 1/1 statement(s)]
After reset, table use_count: 2
WARNING: Table still has 1 other owner(s) after pipeline reset!
Executing script file done
$:hsh mem_usage
------------------------------------------
Memory Usage Statistics:
VmSize:	215677472 kB
VmRSS:	77379980 kB
0: MemResourceStatus {MigratedColumnsAggregate,18446744073709551615,12610235929,10275988050,10275988050,0,0,N/A}
MemResourceStatus {NumaMonotonicResource,3,60000000000,0,0,0,1,0}
MemResourceStatus {NumaMonotonicResource,2,60000000000,1306720,1423180976,48079966760,0,48080066352}
MemResourceStatus {NumaMonotonicResource,1,64000000000,1039541809,3750105123,18917318200,0,18917334668}
0: MemResourceStatus {MemManagerAggregate,18446744073709551615,124000000000,1040848529,5173286099,0,0,N/A}
1: MemResourceStatus {MemManagerAggregate,18446744073709551615,60000000000,0,0,0,1,N/A}
MemResourceStatus {DefaultResource,18446744073709551615,18446744073709551615,0,0,0,-1,N/A}
Quick Memory Usage Overview:
Used Capacity: 11316836579, 0
------------------------------------------
Label set to d60000000000_tf60000000000_q22
$:hsh clear_plan_caches
Cleared PQP and LQP caches
$:hsh clear_pipeline
Released last SQLPipeline
$:hsh reset_exec_pools
Reset execution pools (2, 3) bump pointers to start
$:hsh mem_usage
------------------------------------------
Memory Usage Statistics:
VmSize:	215677472 kB
VmRSS:	77379980 kB
0: MemResourceStatus {MigratedColumnsAggregate,18446744073709551615,12610235929,10275988050,10275988050,0,0,N/A}
MemResourceStatus {NumaMonotonicResource,3,60000000000,0,0,0,1,0}
MemResourceStatus {NumaMonotonicResource,2,60000000000,0,0,0,0,0}
MemResourceStatus {NumaMonotonicResource,1,64000000000,1039541809,3750105123,18917318200,0,18917334668}
0: MemResourceStatus {MemManagerAggregate,18446744073709551615,124000000000,1039541809,3750105123,0,0,N/A}
1: MemResourceStatus {MemManagerAggregate,18446744073709551615,60000000000,0,0,0,1,N/A}
MemResourceStatus {DefaultResource,18446744073709551615,18446744073709551615,0,0,0,-1,N/A}
Quick Memory Usage Overview:
Used Capacity: 11315529859, 0
------------------------------------------
Executing script file: /home/umeshsum/tpch_queries/22.sql
[32m(release)[0m> select
[32m(release)[0m> 	cntrycode,
[32m(release)[0m> 	count(*) as numcust,
[32m(release)[0m> 	sum(c_acctbal) as totacctbal
[32m(release)[0m> from
[32m(release)[0m> 	(
[32m(release)[0m> 		select
[32m(release)[0m> 			substring(c_phone, 1, 2) as cntrycode,
[32m(release)[0m> 			c_acctbal
[32m(release)[0m> 		from
[32m(release)[0m> 			customer
[32m(release)[0m> 		where
[32m(release)[0m> 			substring(c_phone, 1, 2) in
[32m(release)[0m> 				('13', '31', '23', '29', '30', '18', '17')
[32m(release)[0m> 			and c_acctbal > (
[32m(release)[0m> 				select
[32m(release)[0m> 					avg(c_acctbal)
[32m(release)[0m> 				from
[32m(release)[0m> 					customer
[32m(release)[0m> 				where
[32m(release)[0m> 					c_acctbal > 0.00
[32m(release)[0m> 					and substring(c_phone, 1, 2) in
[32m(release)[0m> 						('13', '31', '23', '29', '30', '18', '17')
[32m(release)[0m> 			)
[32m(release)[0m> 			and not exists (
[32m(release)[0m> 				select
[32m(release)[0m> 					*
[32m(release)[0m> 				from
[32m(release)[0m> 					orders
[32m(release)[0m> 				where
[32m(release)[0m> 					o_custkey = c_custkey
[32m(release)[0m> 			)
[32m(release)[0m> 	) as custsale
[32m(release)[0m> group by
[32m(release)[0m> 	cntrycode
[32m(release)[0m> order by
[32m(release)[0m> 	cntrycode;
VmRSS Change: 56 KB
===
7 rows total
Execution info: [PARSE: 85 µs 730 ns, SQL TRANSLATE: 264 µs 908 ns, OPTIMIZE: 1 ms 521 µs, LQP TRANSLATE: 131 µs 509 ns, EXECUTE: 81 ms 412 µs (wall time) | QUERY PLAN CACHE HITS: 0/1 statement(s)]
After reset, table use_count: 2
WARNING: Table still has 1 other owner(s) after pipeline reset!
Executing script file done
$:hsh mem_usage
------------------------------------------
Memory Usage Statistics:
VmSize:	215677472 kB
VmRSS:	77380040 kB
0: MemResourceStatus {MigratedColumnsAggregate,18446744073709551615,12610235929,10275988050,10275988050,0,0,N/A}
MemResourceStatus {NumaMonotonicResource,3,60000000000,0,0,0,1,0}
MemResourceStatus {NumaMonotonicResource,2,60000000000,4161120,222124327,636833899,0,636836304}
MemResourceStatus {NumaMonotonicResource,1,64000000000,1039541809,3750105123,18917318200,0,18917334668}
0: MemResourceStatus {MemManagerAggregate,18446744073709551615,124000000000,1043702929,3972229450,0,0,N/A}
1: MemResourceStatus {MemManagerAggregate,18446744073709551615,60000000000,0,0,0,1,N/A}
MemResourceStatus {DefaultResource,18446744073709551615,18446744073709551615,0,0,0,-1,N/A}
Quick Memory Usage Overview:
Used Capacity: 11319690979, 0
------------------------------------------
Executing script file: /home/umeshsum/tpch_queries/22.sql
[32m(release)[0m> select
[32m(release)[0m> 	cntrycode,
[32m(release)[0m> 	count(*) as numcust,
[32m(release)[0m> 	sum(c_acctbal) as totacctbal
[32m(release)[0m> from
[32m(release)[0m> 	(
[32m(release)[0m> 		select
[32m(release)[0m> 			substring(c_phone, 1, 2) as cntrycode,
[32m(release)[0m> 			c_acctbal
[32m(release)[0m> 		from
[32m(release)[0m> 			customer
[32m(release)[0m> 		where
[32m(release)[0m> 			substring(c_phone, 1, 2) in
[32m(release)[0m> 				('13', '31', '23', '29', '30', '18', '17')
[32m(release)[0m> 			and c_acctbal > (
[32m(release)[0m> 				select
[32m(release)[0m> 					avg(c_acctbal)
[32m(release)[0m> 				from
[32m(release)[0m> 					customer
[32m(release)[0m> 				where
[32m(release)[0m> 					c_acctbal > 0.00
[32m(release)[0m> 					and substring(c_phone, 1, 2) in
[32m(release)[0m> 						('13', '31', '23', '29', '30', '18', '17')
[32m(release)[0m> 			)
[32m(release)[0m> 			and not exists (
[32m(release)[0m> 				select
[32m(release)[0m> 					*
[32m(release)[0m> 				from
[32m(release)[0m> 					orders
[32m(release)[0m> 				where
[32m(release)[0m> 					o_custkey = c_custkey
[32m(release)[0m> 			)
[32m(release)[0m> 	) as custsale
[32m(release)[0m> group by
[32m(release)[0m> 	cntrycode
[32m(release)[0m> order by
[32m(release)[0m> 	cntrycode;
VmRSS Change: 4 KB
===
7 rows total
Execution info: [PARSE: 72 µs 99 ns, SQL TRANSLATE: 0 ns, OPTIMIZE: 0 ns, LQP TRANSLATE: 58 µs 159 ns, EXECUTE: 88 ms 855 µs (wall time) | QUERY PLAN CACHE HITS: 1/1 statement(s)]
After reset, table use_count: 2
WARNING: Table still has 1 other owner(s) after pipeline reset!
Executing script file done
$:hsh mem_usage
------------------------------------------
Memory Usage Statistics:
VmSize:	215677472 kB
VmRSS:	77380044 kB
0: MemResourceStatus {MigratedColumnsAggregate,18446744073709551615,12610235929,10275988050,10275988050,0,0,N/A}
MemResourceStatus {NumaMonotonicResource,3,60000000000,0,0,0,1,0}
MemResourceStatus {NumaMonotonicResource,2,60000000000,6748744,224711951,1273667798,0,1273672544}
MemResourceStatus {NumaMonotonicResource,1,64000000000,1039541809,3750105123,18917318200,0,18917334668}
0: MemResourceStatus {MemManagerAggregate,18446744073709551615,124000000000,1046290553,3974817074,0,0,N/A}
1: MemResourceStatus {MemManagerAggregate,18446744073709551615,60000000000,0,0,0,1,N/A}
MemResourceStatus {DefaultResource,18446744073709551615,18446744073709551615,0,0,0,-1,N/A}
Quick Memory Usage Overview:
Used Capacity: 11322278603, 0
------------------------------------------
Executing script file: /home/umeshsum/tpch_queries/22.sql
[32m(release)[0m> select
[32m(release)[0m> 	cntrycode,
[32m(release)[0m> 	count(*) as numcust,
[32m(release)[0m> 	sum(c_acctbal) as totacctbal
[32m(release)[0m> from
[32m(release)[0m> 	(
[32m(release)[0m> 		select
[32m(release)[0m> 			substring(c_phone, 1, 2) as cntrycode,
[32m(release)[0m> 			c_acctbal
[32m(release)[0m> 		from
[32m(release)[0m> 			customer
[32m(release)[0m> 		where
[32m(release)[0m> 			substring(c_phone, 1, 2) in
[32m(release)[0m> 				('13', '31', '23', '29', '30', '18', '17')
[32m(release)[0m> 			and c_acctbal > (
[32m(release)[0m> 				select
[32m(release)[0m> 					avg(c_acctbal)
[32m(release)[0m> 				from
[32m(release)[0m> 					customer
[32m(release)[0m> 				where
[32m(release)[0m> 					c_acctbal > 0.00
[32m(release)[0m> 					and substring(c_phone, 1, 2) in
[32m(release)[0m> 						('13', '31', '23', '29', '30', '18', '17')
[32m(release)[0m> 			)
[32m(release)[0m> 			and not exists (
[32m(release)[0m> 				select
[32m(release)[0m> 					*
[32m(release)[0m> 				from
[32m(release)[0m> 					orders
[32m(release)[0m> 				where
[32m(release)[0m> 					o_custkey = c_custkey
[32m(release)[0m> 			)
[32m(release)[0m> 	) as custsale
[32m(release)[0m> group by
[32m(release)[0m> 	cntrycode
[32m(release)[0m> order by
[32m(release)[0m> 	cntrycode;
VmRSS Change: 0 KB
===
7 rows total
Execution info: [PARSE: 70 µs 279 ns, SQL TRANSLATE: 0 ns, OPTIMIZE: 0 ns, LQP TRANSLATE: 48 µs 470 ns, EXECUTE: 86 ms 189 µs (wall time) | QUERY PLAN CACHE HITS: 1/1 statement(s)]
After reset, table use_count: 2
WARNING: Table still has 1 other owner(s) after pipeline reset!
Executing script file done
$:hsh mem_usage
------------------------------------------
Memory Usage Statistics:
VmSize:	215677472 kB
VmRSS:	77380044 kB
0: MemResourceStatus {MigratedColumnsAggregate,18446744073709551615,12610235929,10275988050,10275988050,0,0,N/A}
MemResourceStatus {NumaMonotonicResource,3,60000000000,0,0,0,1,0}
MemResourceStatus {NumaMonotonicResource,2,60000000000,6748744,224711951,1910501697,0,1910508848}
MemResourceStatus {NumaMonotonicResource,1,64000000000,1039541809,3750105123,18917318200,0,18917334668}
0: MemResourceStatus {MemManagerAggregate,18446744073709551615,124000000000,1046290553,3974817074,0,0,N/A}
1: MemResourceStatus {MemManagerAggregate,18446744073709551615,60000000000,0,0,0,1,N/A}
MemResourceStatus {DefaultResource,18446744073709551615,18446744073709551615,0,0,0,-1,N/A}
Quick Memory Usage Overview:
Used Capacity: 11322278603, 0
------------------------------------------
Executing script file: /home/umeshsum/tpch_queries/22.sql
[32m(release)[0m> select
[32m(release)[0m> 	cntrycode,
[32m(release)[0m> 	count(*) as numcust,
[32m(release)[0m> 	sum(c_acctbal) as totacctbal
[32m(release)[0m> from
[32m(release)[0m> 	(
[32m(release)[0m> 		select
[32m(release)[0m> 			substring(c_phone, 1, 2) as cntrycode,
[32m(release)[0m> 			c_acctbal
[32m(release)[0m> 		from
[32m(release)[0m> 			customer
[32m(release)[0m> 		where
[32m(release)[0m> 			substring(c_phone, 1, 2) in
[32m(release)[0m> 				('13', '31', '23', '29', '30', '18', '17')
[32m(release)[0m> 			and c_acctbal > (
[32m(release)[0m> 				select
[32m(release)[0m> 					avg(c_acctbal)
[32m(release)[0m> 				from
[32m(release)[0m> 					customer
[32m(release)[0m> 				where
[32m(release)[0m> 					c_acctbal > 0.00
[32m(release)[0m> 					and substring(c_phone, 1, 2) in
[32m(release)[0m> 						('13', '31', '23', '29', '30', '18', '17')
[32m(release)[0m> 			)
[32m(release)[0m> 			and not exists (
[32m(release)[0m> 				select
[32m(release)[0m> 					*
[32m(release)[0m> 				from
[32m(release)[0m> 					orders
[32m(release)[0m> 				where
[32m(release)[0m> 					o_custkey = c_custkey
[32m(release)[0m> 			)
[32m(release)[0m> 	) as custsale
[32m(release)[0m> group by
[32m(release)[0m> 	cntrycode
[32m(release)[0m> order by
[32m(release)[0m> 	cntrycode;
VmRSS Change: 18446744073709551552 KB
===
7 rows total
Execution info: [PARSE: 81 µs 119 ns, SQL TRANSLATE: 0 ns, OPTIMIZE: 0 ns, LQP TRANSLATE: 56 µs 240 ns, EXECUTE: 83 ms 267 µs (wall time) | QUERY PLAN CACHE HITS: 1/1 statement(s)]
After reset, table use_count: 2
WARNING: Table still has 1 other owner(s) after pipeline reset!
Executing script file done
$:hsh mem_usage
------------------------------------------
Memory Usage Statistics:
VmSize:	215677472 kB
VmRSS:	77379980 kB
0: MemResourceStatus {MigratedColumnsAggregate,18446744073709551615,12610235929,10275988050,10275988050,0,0,N/A}
MemResourceStatus {NumaMonotonicResource,3,60000000000,0,0,0,1,0}
MemResourceStatus {NumaMonotonicResource,2,60000000000,6748744,224711951,2547335596,0,2547345104}
MemResourceStatus {NumaMonotonicResource,1,64000000000,1039541809,3750105123,18917318200,0,18917334668}
0: MemResourceStatus {MemManagerAggregate,18446744073709551615,124000000000,1046290553,3974817074,0,0,N/A}
1: MemResourceStatus {MemManagerAggregate,18446744073709551615,60000000000,0,0,0,1,N/A}
MemResourceStatus {DefaultResource,18446744073709551615,18446744073709551615,0,0,0,-1,N/A}
Quick Memory Usage Overview:
Used Capacity: 11322278603, 0
------------------------------------------
Executing script file: /home/umeshsum/tpch_queries/22.sql
[32m(release)[0m> select
[32m(release)[0m> 	cntrycode,
[32m(release)[0m> 	count(*) as numcust,
[32m(release)[0m> 	sum(c_acctbal) as totacctbal
[32m(release)[0m> from
[32m(release)[0m> 	(
[32m(release)[0m> 		select
[32m(release)[0m> 			substring(c_phone, 1, 2) as cntrycode,
[32m(release)[0m> 			c_acctbal
[32m(release)[0m> 		from
[32m(release)[0m> 			customer
[32m(release)[0m> 		where
[32m(release)[0m> 			substring(c_phone, 1, 2) in
[32m(release)[0m> 				('13', '31', '23', '29', '30', '18', '17')
[32m(release)[0m> 			and c_acctbal > (
[32m(release)[0m> 				select
[32m(release)[0m> 					avg(c_acctbal)
[32m(release)[0m> 				from
[32m(release)[0m> 					customer
[32m(release)[0m> 				where
[32m(release)[0m> 					c_acctbal > 0.00
[32m(release)[0m> 					and substring(c_phone, 1, 2) in
[32m(release)[0m> 						('13', '31', '23', '29', '30', '18', '17')
[32m(release)[0m> 			)
[32m(release)[0m> 			and not exists (
[32m(release)[0m> 				select
[32m(release)[0m> 					*
[32m(release)[0m> 				from
[32m(release)[0m> 					orders
[32m(release)[0m> 				where
[32m(release)[0m> 					o_custkey = c_custkey
[32m(release)[0m> 			)
[32m(release)[0m> 	) as custsale
[32m(release)[0m> group by
[32m(release)[0m> 	cntrycode
[32m(release)[0m> order by
[32m(release)[0m> 	cntrycode;
VmRSS Change: 18446744073709551572 KB
===
7 rows total
Execution info: [PARSE: 71 µs 209 ns, SQL TRANSLATE: 0 ns, OPTIMIZE: 0 ns, LQP TRANSLATE: 51 µs 210 ns, EXECUTE: 85 ms 892 µs (wall time) | QUERY PLAN CACHE HITS: 1/1 statement(s)]
After reset, table use_count: 2
WARNING: Table still has 1 other owner(s) after pipeline reset!
Executing script file done
$:hsh mem_usage
------------------------------------------
Memory Usage Statistics:
VmSize:	215677472 kB
VmRSS:	77379936 kB
0: MemResourceStatus {MigratedColumnsAggregate,18446744073709551615,12610235929,10275988050,10275988050,0,0,N/A}
MemResourceStatus {NumaMonotonicResource,3,60000000000,0,0,0,1,0}
MemResourceStatus {NumaMonotonicResource,2,60000000000,6748744,224711951,3184169495,0,3184181360}
MemResourceStatus {NumaMonotonicResource,1,64000000000,1039541809,3750105123,18917318200,0,18917334668}
0: MemResourceStatus {MemManagerAggregate,18446744073709551615,124000000000,1046290553,3974817074,0,0,N/A}
1: MemResourceStatus {MemManagerAggregate,18446744073709551615,60000000000,0,0,0,1,N/A}
MemResourceStatus {DefaultResource,18446744073709551615,18446744073709551615,0,0,0,-1,N/A}
Quick Memory Usage Overview:
Used Capacity: 11322278603, 0
------------------------------------------
Executing script file: /home/umeshsum/tpch_queries/22.sql
[32m(release)[0m> select
[32m(release)[0m> 	cntrycode,
[32m(release)[0m> 	count(*) as numcust,
[32m(release)[0m> 	sum(c_acctbal) as totacctbal
[32m(release)[0m> from
[32m(release)[0m> 	(
[32m(release)[0m> 		select
[32m(release)[0m> 			substring(c_phone, 1, 2) as cntrycode,
[32m(release)[0m> 			c_acctbal
[32m(release)[0m> 		from
[32m(release)[0m> 			customer
[32m(release)[0m> 		where
[32m(release)[0m> 			substring(c_phone, 1, 2) in
[32m(release)[0m> 				('13', '31', '23', '29', '30', '18', '17')
[32m(release)[0m> 			and c_acctbal > (
[32m(release)[0m> 				select
[32m(release)[0m> 					avg(c_acctbal)
[32m(release)[0m> 				from
[32m(release)[0m> 					customer
[32m(release)[0m> 				where
[32m(release)[0m> 					c_acctbal > 0.00
[32m(release)[0m> 					and substring(c_phone, 1, 2) in
[32m(release)[0m> 						('13', '31', '23', '29', '30', '18', '17')
[32m(release)[0m> 			)
[32m(release)[0m> 			and not exists (
[32m(release)[0m> 				select
[32m(release)[0m> 					*
[32m(release)[0m> 				from
[32m(release)[0m> 					orders
[32m(release)[0m> 				where
[32m(release)[0m> 					o_custkey = c_custkey
[32m(release)[0m> 			)
[32m(release)[0m> 	) as custsale
[32m(release)[0m> group by
[32m(release)[0m> 	cntrycode
[32m(release)[0m> order by
[32m(release)[0m> 	cntrycode;
VmRSS Change: 18446744073709551560 KB
===
7 rows total
Execution info: [PARSE: 92 µs 119 ns, SQL TRANSLATE: 0 ns, OPTIMIZE: 0 ns, LQP TRANSLATE: 51 µs 170 ns, EXECUTE: 92 ms 18 µs (wall time) | QUERY PLAN CACHE HITS: 1/1 statement(s)]
After reset, table use_count: 2
WARNING: Table still has 1 other owner(s) after pipeline reset!
Executing script file done
$:hsh mem_usage
------------------------------------------
Memory Usage Statistics:
VmSize:	215677472 kB
VmRSS:	77379880 kB
0: MemResourceStatus {MigratedColumnsAggregate,18446744073709551615,12610235929,10275988050,10275988050,0,0,N/A}
MemResourceStatus {NumaMonotonicResource,3,60000000000,0,0,0,1,0}
MemResourceStatus {NumaMonotonicResource,2,60000000000,6748744,224711951,3821003394,0,3821017520}
MemResourceStatus {NumaMonotonicResource,1,64000000000,1039541809,3750105123,18917318200,0,18917334668}
0: MemResourceStatus {MemManagerAggregate,18446744073709551615,124000000000,1046290553,3974817074,0,0,N/A}
1: MemResourceStatus {MemManagerAggregate,18446744073709551615,60000000000,0,0,0,1,N/A}
MemResourceStatus {DefaultResource,18446744073709551615,18446744073709551615,0,0,0,-1,N/A}
Quick Memory Usage Overview:
Used Capacity: 11322278603, 0
------------------------------------------
Executing script file: /home/umeshsum/tpch_queries/22.sql
[32m(release)[0m> select
[32m(release)[0m> 	cntrycode,
[32m(release)[0m> 	count(*) as numcust,
[32m(release)[0m> 	sum(c_acctbal) as totacctbal
[32m(release)[0m> from
[32m(release)[0m> 	(
[32m(release)[0m> 		select
[32m(release)[0m> 			substring(c_phone, 1, 2) as cntrycode,
[32m(release)[0m> 			c_acctbal
[32m(release)[0m> 		from
[32m(release)[0m> 			customer
[32m(release)[0m> 		where
[32m(release)[0m> 			substring(c_phone, 1, 2) in
[32m(release)[0m> 				('13', '31', '23', '29', '30', '18', '17')
[32m(release)[0m> 			and c_acctbal > (
[32m(release)[0m> 				select
[32m(release)[0m> 					avg(c_acctbal)
[32m(release)[0m> 				from
[32m(release)[0m> 					customer
[32m(release)[0m> 				where
[32m(release)[0m> 					c_acctbal > 0.00
[32m(release)[0m> 					and substring(c_phone, 1, 2) in
[32m(release)[0m> 						('13', '31', '23', '29', '30', '18', '17')
[32m(release)[0m> 			)
[32m(release)[0m> 			and not exists (
[32m(release)[0m> 				select
[32m(release)[0m> 					*
[32m(release)[0m> 				from
[32m(release)[0m> 					orders
[32m(release)[0m> 				where
[32m(release)[0m> 					o_custkey = c_custkey
[32m(release)[0m> 			)
[32m(release)[0m> 	) as custsale
[32m(release)[0m> group by
[32m(release)[0m> 	cntrycode
[32m(release)[0m> order by
[32m(release)[0m> 	cntrycode;
VmRSS Change: 0 KB
===
7 rows total
Execution info: [PARSE: 80 µs 369 ns, SQL TRANSLATE: 0 ns, OPTIMIZE: 0 ns, LQP TRANSLATE: 56 µs 539 ns, EXECUTE: 81 ms 601 µs (wall time) | QUERY PLAN CACHE HITS: 1/1 statement(s)]
After reset, table use_count: 2
WARNING: Table still has 1 other owner(s) after pipeline reset!
Executing script file done
$:hsh mem_usage
------------------------------------------
Memory Usage Statistics:
VmSize:	215677472 kB
VmRSS:	77379880 kB
0: MemResourceStatus {MigratedColumnsAggregate,18446744073709551615,12610235929,10275988050,10275988050,0,0,N/A}
MemResourceStatus {NumaMonotonicResource,3,60000000000,0,0,0,1,0}
MemResourceStatus {NumaMonotonicResource,2,60000000000,6748744,224711951,4457837293,0,4457853808}
MemResourceStatus {NumaMonotonicResource,1,64000000000,1039541809,3750105123,18917318200,0,18917334668}
0: MemResourceStatus {MemManagerAggregate,18446744073709551615,124000000000,1046290553,3974817074,0,0,N/A}
1: MemResourceStatus {MemManagerAggregate,18446744073709551615,60000000000,0,0,0,1,N/A}
MemResourceStatus {DefaultResource,18446744073709551615,18446744073709551615,0,0,0,-1,N/A}
Quick Memory Usage Overview:
Used Capacity: 11322278603, 0
------------------------------------------
Executing script file: /home/umeshsum/tpch_queries/22.sql
[32m(release)[0m> select
[32m(release)[0m> 	cntrycode,
[32m(release)[0m> 	count(*) as numcust,
[32m(release)[0m> 	sum(c_acctbal) as totacctbal
[32m(release)[0m> from
[32m(release)[0m> 	(
[32m(release)[0m> 		select
[32m(release)[0m> 			substring(c_phone, 1, 2) as cntrycode,
[32m(release)[0m> 			c_acctbal
[32m(release)[0m> 		from
[32m(release)[0m> 			customer
[32m(release)[0m> 		where
[32m(release)[0m> 			substring(c_phone, 1, 2) in
[32m(release)[0m> 				('13', '31', '23', '29', '30', '18', '17')
[32m(release)[0m> 			and c_acctbal > (
[32m(release)[0m> 				select
[32m(release)[0m> 					avg(c_acctbal)
[32m(release)[0m> 				from
[32m(release)[0m> 					customer
[32m(release)[0m> 				where
[32m(release)[0m> 					c_acctbal > 0.00
[32m(release)[0m> 					and substring(c_phone, 1, 2) in
[32m(release)[0m> 						('13', '31', '23', '29', '30', '18', '17')
[32m(release)[0m> 			)
[32m(release)[0m> 			and not exists (
[32m(release)[0m> 				select
[32m(release)[0m> 					*
[32m(release)[0m> 				from
[32m(release)[0m> 					orders
[32m(release)[0m> 				where
[32m(release)[0m> 					o_custkey = c_custkey
[32m(release)[0m> 			)
[32m(release)[0m> 	) as custsale
[32m(release)[0m> group by
[32m(release)[0m> 	cntrycode
[32m(release)[0m> order by
[32m(release)[0m> 	cntrycode;
VmRSS Change: 18446744073709551496 KB
===
7 rows total
Execution info: [PARSE: 72 µs 729 ns, SQL TRANSLATE: 0 ns, OPTIMIZE: 0 ns, LQP TRANSLATE: 48 µs 30 ns, EXECUTE: 81 ms 674 µs (wall time) | QUERY PLAN CACHE HITS: 1/1 statement(s)]
After reset, table use_count: 2
WARNING: Table still has 1 other owner(s) after pipeline reset!
Executing script file done
$:hsh mem_usage
------------------------------------------
Memory Usage Statistics:
VmSize:	215677472 kB
VmRSS:	77379760 kB
0: MemResourceStatus {MigratedColumnsAggregate,18446744073709551615,12610235929,10275988050,10275988050,0,0,N/A}
MemResourceStatus {NumaMonotonicResource,3,60000000000,0,0,0,1,0}
MemResourceStatus {NumaMonotonicResource,2,60000000000,6748744,224711951,5094671192,0,5094690208}
MemResourceStatus {NumaMonotonicResource,1,64000000000,1039541809,3750105123,18917318200,0,18917334668}
0: MemResourceStatus {MemManagerAggregate,18446744073709551615,124000000000,1046290553,3974817074,0,0,N/A}
1: MemResourceStatus {MemManagerAggregate,18446744073709551615,60000000000,0,0,0,1,N/A}
MemResourceStatus {DefaultResource,18446744073709551615,18446744073709551615,0,0,0,-1,N/A}
Quick Memory Usage Overview:
Used Capacity: 11322278603, 0
------------------------------------------
Executing script file: /home/umeshsum/tpch_queries/22.sql
[32m(release)[0m> select
[32m(release)[0m> 	cntrycode,
[32m(release)[0m> 	count(*) as numcust,
[32m(release)[0m> 	sum(c_acctbal) as totacctbal
[32m(release)[0m> from
[32m(release)[0m> 	(
[32m(release)[0m> 		select
[32m(release)[0m> 			substring(c_phone, 1, 2) as cntrycode,
[32m(release)[0m> 			c_acctbal
[32m(release)[0m> 		from
[32m(release)[0m> 			customer
[32m(release)[0m> 		where
[32m(release)[0m> 			substring(c_phone, 1, 2) in
[32m(release)[0m> 				('13', '31', '23', '29', '30', '18', '17')
[32m(release)[0m> 			and c_acctbal > (
[32m(release)[0m> 				select
[32m(release)[0m> 					avg(c_acctbal)
[32m(release)[0m> 				from
[32m(release)[0m> 					customer
[32m(release)[0m> 				where
[32m(release)[0m> 					c_acctbal > 0.00
[32m(release)[0m> 					and substring(c_phone, 1, 2) in
[32m(release)[0m> 						('13', '31', '23', '29', '30', '18', '17')
[32m(release)[0m> 			)
[32m(release)[0m> 			and not exists (
[32m(release)[0m> 				select
[32m(release)[0m> 					*
[32m(release)[0m> 				from
[32m(release)[0m> 					orders
[32m(release)[0m> 				where
[32m(release)[0m> 					o_custkey = c_custkey
[32m(release)[0m> 			)
[32m(release)[0m> 	) as custsale
[32m(release)[0m> group by
[32m(release)[0m> 	cntrycode
[32m(release)[0m> order by
[32m(release)[0m> 	cntrycode;
VmRSS Change: 18446744073709551592 KB
===
7 rows total
Execution info: [PARSE: 75 µs 739 ns, SQL TRANSLATE: 0 ns, OPTIMIZE: 0 ns, LQP TRANSLATE: 48 µs 800 ns, EXECUTE: 81 ms 789 µs (wall time) | QUERY PLAN CACHE HITS: 1/1 statement(s)]
After reset, table use_count: 2
WARNING: Table still has 1 other owner(s) after pipeline reset!
Executing script file done
$:hsh mem_usage
------------------------------------------
Memory Usage Statistics:
VmSize:	215677472 kB
VmRSS:	77379736 kB
0: MemResourceStatus {MigratedColumnsAggregate,18446744073709551615,12610235929,10275988050,10275988050,0,0,N/A}
MemResourceStatus {NumaMonotonicResource,3,60000000000,0,0,0,1,0}
MemResourceStatus {NumaMonotonicResource,2,60000000000,6748744,224711951,5731505091,0,5731526496}
MemResourceStatus {NumaMonotonicResource,1,64000000000,1039541809,3750105123,18917318200,0,18917334668}
0: MemResourceStatus {MemManagerAggregate,18446744073709551615,124000000000,1046290553,3974817074,0,0,N/A}
1: MemResourceStatus {MemManagerAggregate,18446744073709551615,60000000000,0,0,0,1,N/A}
MemResourceStatus {DefaultResource,18446744073709551615,18446744073709551615,0,0,0,-1,N/A}
Quick Memory Usage Overview:
Used Capacity: 11322278603, 0
------------------------------------------
Executing script file: /home/umeshsum/tpch_queries/22.sql
[32m(release)[0m> select
[32m(release)[0m> 	cntrycode,
[32m(release)[0m> 	count(*) as numcust,
[32m(release)[0m> 	sum(c_acctbal) as totacctbal
[32m(release)[0m> from
[32m(release)[0m> 	(
[32m(release)[0m> 		select
[32m(release)[0m> 			substring(c_phone, 1, 2) as cntrycode,
[32m(release)[0m> 			c_acctbal
[32m(release)[0m> 		from
[32m(release)[0m> 			customer
[32m(release)[0m> 		where
[32m(release)[0m> 			substring(c_phone, 1, 2) in
[32m(release)[0m> 				('13', '31', '23', '29', '30', '18', '17')
[32m(release)[0m> 			and c_acctbal > (
[32m(release)[0m> 				select
[32m(release)[0m> 					avg(c_acctbal)
[32m(release)[0m> 				from
[32m(release)[0m> 					customer
[32m(release)[0m> 				where
[32m(release)[0m> 					c_acctbal > 0.00
[32m(release)[0m> 					and substring(c_phone, 1, 2) in
[32m(release)[0m> 						('13', '31', '23', '29', '30', '18', '17')
[32m(release)[0m> 			)
[32m(release)[0m> 			and not exists (
[32m(release)[0m> 				select
[32m(release)[0m> 					*
[32m(release)[0m> 				from
[32m(release)[0m> 					orders
[32m(release)[0m> 				where
[32m(release)[0m> 					o_custkey = c_custkey
[32m(release)[0m> 			)
[32m(release)[0m> 	) as custsale
[32m(release)[0m> group by
[32m(release)[0m> 	cntrycode
[32m(release)[0m> order by
[32m(release)[0m> 	cntrycode;
VmRSS Change: 4 KB
===
7 rows total
Execution info: [PARSE: 73 µs 409 ns, SQL TRANSLATE: 0 ns, OPTIMIZE: 0 ns, LQP TRANSLATE: 49 µs 649 ns, EXECUTE: 87 ms 896 µs (wall time) | QUERY PLAN CACHE HITS: 1/1 statement(s)]
After reset, table use_count: 2
WARNING: Table still has 1 other owner(s) after pipeline reset!
Executing script file done
$:hsh mem_usage
------------------------------------------
Memory Usage Statistics:
VmSize:	215677472 kB
VmRSS:	77379740 kB
0: MemResourceStatus {MigratedColumnsAggregate,18446744073709551615,12610235929,10275988050,10275988050,0,0,N/A}
MemResourceStatus {NumaMonotonicResource,3,60000000000,0,0,0,1,0}
MemResourceStatus {NumaMonotonicResource,2,60000000000,6748744,224711951,6368338990,0,6368362816}
MemResourceStatus {NumaMonotonicResource,1,64000000000,1039541809,3750105123,18917318200,0,18917334668}
0: MemResourceStatus {MemManagerAggregate,18446744073709551615,124000000000,1046290553,3974817074,0,0,N/A}
1: MemResourceStatus {MemManagerAggregate,18446744073709551615,60000000000,0,0,0,1,N/A}
MemResourceStatus {DefaultResource,18446744073709551615,18446744073709551615,0,0,0,-1,N/A}
Quick Memory Usage Overview:
Used Capacity: 11322278603, 0
------------------------------------------
Label set to d60000000000_tf60000000000_q2
$:hsh clear_plan_caches
Cleared PQP and LQP caches
$:hsh clear_pipeline
Released last SQLPipeline
$:hsh reset_exec_pools
Reset execution pools (2, 3) bump pointers to start
$:hsh mem_usage
------------------------------------------
Memory Usage Statistics:
VmSize:	215677472 kB
VmRSS:	77379740 kB
0: MemResourceStatus {MigratedColumnsAggregate,18446744073709551615,12610235929,10275988050,10275988050,0,0,N/A}
MemResourceStatus {NumaMonotonicResource,3,60000000000,0,0,0,1,0}
MemResourceStatus {NumaMonotonicResource,2,60000000000,0,0,0,0,0}
MemResourceStatus {NumaMonotonicResource,1,64000000000,1039541809,3750105123,18917318200,0,18917334668}
0: MemResourceStatus {MemManagerAggregate,18446744073709551615,124000000000,1039541809,3750105123,0,0,N/A}
1: MemResourceStatus {MemManagerAggregate,18446744073709551615,60000000000,0,0,0,1,N/A}
MemResourceStatus {DefaultResource,18446744073709551615,18446744073709551615,0,0,0,-1,N/A}
Quick Memory Usage Overview:
Used Capacity: 11315529859, 0
------------------------------------------
Executing script file: /home/umeshsum/tpch_queries/2.sql
[32m(release)[0m> select
[32m(release)[0m> 	s_acctbal,
[32m(release)[0m> 	s_name,
[32m(release)[0m> 	n_name,
[32m(release)[0m> 	p_partkey,
[32m(release)[0m> 	p_mfgr,
[32m(release)[0m> 	s_address,
[32m(release)[0m> 	s_phone,
[32m(release)[0m> 	s_comment
[32m(release)[0m> from
[32m(release)[0m> 	part,
[32m(release)[0m> 	supplier,
[32m(release)[0m> 	partsupp,
[32m(release)[0m> 	nation,
[32m(release)[0m> 	region
[32m(release)[0m> where
[32m(release)[0m> 	p_partkey = ps_partkey
[32m(release)[0m> 	and s_suppkey = ps_suppkey
[32m(release)[0m> 	and p_size = 15
[32m(release)[0m> 	and p_type like '%BRASS'
[32m(release)[0m> 	and s_nationkey = n_nationkey
[32m(release)[0m> 	and n_regionkey = r_regionkey
[32m(release)[0m> 	and r_name = 'EUROPE'
[32m(release)[0m> 	and ps_supplycost = (
[32m(release)[0m> 		select
[32m(release)[0m> 			min(ps_supplycost)
[32m(release)[0m> 		from
[32m(release)[0m> 			partsupp,
[32m(release)[0m> 			supplier,
[32m(release)[0m> 			nation,
[32m(release)[0m> 			region
[32m(release)[0m> 		where
[32m(release)[0m> 			p_partkey = ps_partkey
[32m(release)[0m> 			and s_suppkey = ps_suppkey
[32m(release)[0m> 			and s_nationkey = n_nationkey
[32m(release)[0m> 			and n_regionkey = r_regionkey
[32m(release)[0m> 			and r_name = 'EUROPE'
[32m(release)[0m> 	)
[32m(release)[0m> order by
[32m(release)[0m> 	s_acctbal desc,
[32m(release)[0m> 	n_name,
[32m(release)[0m> 	s_name,
[32m(release)[0m> 	p_partkey;
VmRSS Change: 560 KB
===
4667 rows total
Execution info: [PARSE: 67 µs 429 ns, SQL TRANSLATE: 287 µs 367 ns, OPTIMIZE: 11 ms 230 µs, LQP TRANSLATE: 339 µs 887 ns, EXECUTE: 13 ms 776 µs (wall time) | QUERY PLAN CACHE HITS: 0/1 statement(s)]
After reset, table use_count: 2
WARNING: Table still has 1 other owner(s) after pipeline reset!
Executing script file done
$:hsh mem_usage
------------------------------------------
Memory Usage Statistics:
VmSize:	215677472 kB
VmRSS:	77380336 kB
0: MemResourceStatus {MigratedColumnsAggregate,18446744073709551615,12610235929,10275988050,10275988050,0,0,N/A}
MemResourceStatus {NumaMonotonicResource,3,60000000000,0,0,0,1,0}
MemResourceStatus {NumaMonotonicResource,2,60000000000,4260324,161047472,233433154,0,233433904}
MemResourceStatus {NumaMonotonicResource,1,64000000000,1039541809,3750105123,18917318200,0,18917334668}
0: MemResourceStatus {MemManagerAggregate,18446744073709551615,124000000000,1043802133,3911152595,0,0,N/A}
1: MemResourceStatus {MemManagerAggregate,18446744073709551615,60000000000,0,0,0,1,N/A}
MemResourceStatus {DefaultResource,18446744073709551615,18446744073709551615,0,0,0,-1,N/A}
Quick Memory Usage Overview:
Used Capacity: 11319790183, 0
------------------------------------------
Executing script file: /home/umeshsum/tpch_queries/2.sql
[32m(release)[0m> select
[32m(release)[0m> 	s_acctbal,
[32m(release)[0m> 	s_name,
[32m(release)[0m> 	n_name,
[32m(release)[0m> 	p_partkey,
[32m(release)[0m> 	p_mfgr,
[32m(release)[0m> 	s_address,
[32m(release)[0m> 	s_phone,
[32m(release)[0m> 	s_comment
[32m(release)[0m> from
[32m(release)[0m> 	part,
[32m(release)[0m> 	supplier,
[32m(release)[0m> 	partsupp,
[32m(release)[0m> 	nation,
[32m(release)[0m> 	region
[32m(release)[0m> where
[32m(release)[0m> 	p_partkey = ps_partkey
[32m(release)[0m> 	and s_suppkey = ps_suppkey
[32m(release)[0m> 	and p_size = 15
[32m(release)[0m> 	and p_type like '%BRASS'
[32m(release)[0m> 	and s_nationkey = n_nationkey
[32m(release)[0m> 	and n_regionkey = r_regionkey
[32m(release)[0m> 	and r_name = 'EUROPE'
[32m(release)[0m> 	and ps_supplycost = (
[32m(release)[0m> 		select
[32m(release)[0m> 			min(ps_supplycost)
[32m(release)[0m> 		from
[32m(release)[0m> 			partsupp,
[32m(release)[0m> 			supplier,
[32m(release)[0m> 			nation,
[32m(release)[0m> 			region
[32m(release)[0m> 		where
[32m(release)[0m> 			p_partkey = ps_partkey
[32m(release)[0m> 			and s_suppkey = ps_suppkey
[32m(release)[0m> 			and s_nationkey = n_nationkey
[32m(release)[0m> 			and n_regionkey = r_regionkey
[32m(release)[0m> 			and r_name = 'EUROPE'
[32m(release)[0m> 	)
[32m(release)[0m> order by
[32m(release)[0m> 	s_acctbal desc,
[32m(release)[0m> 	n_name,
[32m(release)[0m> 	s_name,
[32m(release)[0m> 	p_partkey;
VmRSS Change: 8 KB
===
4667 rows total
Execution info: [PARSE: 74 µs 270 ns, SQL TRANSLATE: 0 ns, OPTIMIZE: 0 ns, LQP TRANSLATE: 57 µs 359 ns, EXECUTE: 17 ms 637 µs (wall time) | QUERY PLAN CACHE HITS: 1/1 statement(s)]
After reset, table use_count: 2
WARNING: Table still has 1 other owner(s) after pipeline reset!
Executing script file done
$:hsh mem_usage
------------------------------------------
Memory Usage Statistics:
VmSize:	215677472 kB
VmRSS:	77380352 kB
0: MemResourceStatus {MigratedColumnsAggregate,18446744073709551615,12610235929,10275988050,10275988050,0,0,N/A}
MemResourceStatus {NumaMonotonicResource,3,60000000000,0,0,0,1,0}
MemResourceStatus {NumaMonotonicResource,2,60000000000,4322712,161109860,467032420,0,467033984}
MemResourceStatus {NumaMonotonicResource,1,64000000000,1039541809,3750105123,18917318200,0,18917334668}
0: MemResourceStatus {MemManagerAggregate,18446744073709551615,124000000000,1043864521,3911214983,0,0,N/A}
1: MemResourceStatus {MemManagerAggregate,18446744073709551615,60000000000,0,0,0,1,N/A}
MemResourceStatus {DefaultResource,18446744073709551615,18446744073709551615,0,0,0,-1,N/A}
Quick Memory Usage Overview:
Used Capacity: 11319852571, 0
------------------------------------------
Executing script file: /home/umeshsum/tpch_queries/2.sql
[32m(release)[0m> select
[32m(release)[0m> 	s_acctbal,
[32m(release)[0m> 	s_name,
[32m(release)[0m> 	n_name,
[32m(release)[0m> 	p_partkey,
[32m(release)[0m> 	p_mfgr,
[32m(release)[0m> 	s_address,
[32m(release)[0m> 	s_phone,
[32m(release)[0m> 	s_comment
[32m(release)[0m> from
[32m(release)[0m> 	part,
[32m(release)[0m> 	supplier,
[32m(release)[0m> 	partsupp,
[32m(release)[0m> 	nation,
[32m(release)[0m> 	region
[32m(release)[0m> where
[32m(release)[0m> 	p_partkey = ps_partkey
[32m(release)[0m> 	and s_suppkey = ps_suppkey
[32m(release)[0m> 	and p_size = 15
[32m(release)[0m> 	and p_type like '%BRASS'
[32m(release)[0m> 	and s_nationkey = n_nationkey
[32m(release)[0m> 	and n_regionkey = r_regionkey
[32m(release)[0m> 	and r_name = 'EUROPE'
[32m(release)[0m> 	and ps_supplycost = (
[32m(release)[0m> 		select
[32m(release)[0m> 			min(ps_supplycost)
[32m(release)[0m> 		from
[32m(release)[0m> 			partsupp,
[32m(release)[0m> 			supplier,
[32m(release)[0m> 			nation,
[32m(release)[0m> 			region
[32m(release)[0m> 		where
[32m(release)[0m> 			p_partkey = ps_partkey
[32m(release)[0m> 			and s_suppkey = ps_suppkey
[32m(release)[0m> 			and s_nationkey = n_nationkey
[32m(release)[0m> 			and n_regionkey = r_regionkey
[32m(release)[0m> 			and r_name = 'EUROPE'
[32m(release)[0m> 	)
[32m(release)[0m> order by
[32m(release)[0m> 	s_acctbal desc,
[32m(release)[0m> 	n_name,
[32m(release)[0m> 	s_name,
[32m(release)[0m> 	p_partkey;
VmRSS Change: 18446744073709551480 KB
===
4667 rows total
Execution info: [PARSE: 73 µs 859 ns, SQL TRANSLATE: 0 ns, OPTIMIZE: 0 ns, LQP TRANSLATE: 48 µs 330 ns, EXECUTE: 17 ms 783 µs (wall time) | QUERY PLAN CACHE HITS: 1/1 statement(s)]
After reset, table use_count: 2
WARNING: Table still has 1 other owner(s) after pipeline reset!
Executing script file done
$:hsh mem_usage
------------------------------------------
Memory Usage Statistics:
VmSize:	215677472 kB
VmRSS:	77380216 kB
0: MemResourceStatus {MigratedColumnsAggregate,18446744073709551615,12610235929,10275988050,10275988050,0,0,N/A}
MemResourceStatus {NumaMonotonicResource,3,60000000000,0,0,0,1,0}
MemResourceStatus {NumaMonotonicResource,2,60000000000,4322712,161109860,700631686,0,700634048}
MemResourceStatus {NumaMonotonicResource,1,64000000000,1039541809,3750105123,18917318200,0,18917334668}
0: MemResourceStatus {MemManagerAggregate,18446744073709551615,124000000000,1043864521,3911214983,0,0,N/A}
1: MemResourceStatus {MemManagerAggregate,18446744073709551615,60000000000,0,0,0,1,N/A}
MemResourceStatus {DefaultResource,18446744073709551615,18446744073709551615,0,0,0,-1,N/A}
Quick Memory Usage Overview:
Used Capacity: 11319852571, 0
------------------------------------------
Executing script file: /home/umeshsum/tpch_queries/2.sql
[32m(release)[0m> select
[32m(release)[0m> 	s_acctbal,
[32m(release)[0m> 	s_name,
[32m(release)[0m> 	n_name,
[32m(release)[0m> 	p_partkey,
[32m(release)[0m> 	p_mfgr,
[32m(release)[0m> 	s_address,
[32m(release)[0m> 	s_phone,
[32m(release)[0m> 	s_comment
[32m(release)[0m> from
[32m(release)[0m> 	part,
[32m(release)[0m> 	supplier,
[32m(release)[0m> 	partsupp,
[32m(release)[0m> 	nation,
[32m(release)[0m> 	region
[32m(release)[0m> where
[32m(release)[0m> 	p_partkey = ps_partkey
[32m(release)[0m> 	and s_suppkey = ps_suppkey
[32m(release)[0m> 	and p_size = 15
[32m(release)[0m> 	and p_type like '%BRASS'
[32m(release)[0m> 	and s_nationkey = n_nationkey
[32m(release)[0m> 	and n_regionkey = r_regionkey
[32m(release)[0m> 	and r_name = 'EUROPE'
[32m(release)[0m> 	and ps_supplycost = (
[32m(release)[0m> 		select
[32m(release)[0m> 			min(ps_supplycost)
[32m(release)[0m> 		from
[32m(release)[0m> 			partsupp,
[32m(release)[0m> 			supplier,
[32m(release)[0m> 			nation,
[32m(release)[0m> 			region
[32m(release)[0m> 		where
[32m(release)[0m> 			p_partkey = ps_partkey
[32m(release)[0m> 			and s_suppkey = ps_suppkey
[32m(release)[0m> 			and s_nationkey = n_nationkey
[32m(release)[0m> 			and n_regionkey = r_regionkey
[32m(release)[0m> 			and r_name = 'EUROPE'
[32m(release)[0m> 	)
[32m(release)[0m> order by
[32m(release)[0m> 	s_acctbal desc,
[32m(release)[0m> 	n_name,
[32m(release)[0m> 	s_name,
[32m(release)[0m> 	p_partkey;
VmRSS Change: 0 KB
===
4667 rows total
Execution info: [PARSE: 65 µs 469 ns, SQL TRANSLATE: 0 ns, OPTIMIZE: 0 ns, LQP TRANSLATE: 38 µs 590 ns, EXECUTE: 22 ms 99 µs (wall time) | QUERY PLAN CACHE HITS: 1/1 statement(s)]
After reset, table use_count: 2
WARNING: Table still has 1 other owner(s) after pipeline reset!
Executing script file done
$:hsh mem_usage
------------------------------------------
Memory Usage Statistics:
VmSize:	215677472 kB
VmRSS:	77380216 kB
0: MemResourceStatus {MigratedColumnsAggregate,18446744073709551615,12610235929,10275988050,10275988050,0,0,N/A}
MemResourceStatus {NumaMonotonicResource,3,60000000000,0,0,0,1,0}
MemResourceStatus {NumaMonotonicResource,2,60000000000,4322712,161109860,934230952,0,934234128}
MemResourceStatus {NumaMonotonicResource,1,64000000000,1039541809,3750105123,18917318200,0,18917334668}
0: MemResourceStatus {MemManagerAggregate,18446744073709551615,124000000000,1043864521,3911214983,0,0,N/A}
1: MemResourceStatus {MemManagerAggregate,18446744073709551615,60000000000,0,0,0,1,N/A}
MemResourceStatus {DefaultResource,18446744073709551615,18446744073709551615,0,0,0,-1,N/A}
Quick Memory Usage Overview:
Used Capacity: 11319852571, 0
------------------------------------------
Executing script file: /home/umeshsum/tpch_queries/2.sql
[32m(release)[0m> select
[32m(release)[0m> 	s_acctbal,
[32m(release)[0m> 	s_name,
[32m(release)[0m> 	n_name,
[32m(release)[0m> 	p_partkey,
[32m(release)[0m> 	p_mfgr,
[32m(release)[0m> 	s_address,
[32m(release)[0m> 	s_phone,
[32m(release)[0m> 	s_comment
[32m(release)[0m> from
[32m(release)[0m> 	part,
[32m(release)[0m> 	supplier,
[32m(release)[0m> 	partsupp,
[32m(release)[0m> 	nation,
[32m(release)[0m> 	region
[32m(release)[0m> where
[32m(release)[0m> 	p_partkey = ps_partkey
[32m(release)[0m> 	and s_suppkey = ps_suppkey
[32m(release)[0m> 	and p_size = 15
[32m(release)[0m> 	and p_type like '%BRASS'
[32m(release)[0m> 	and s_nationkey = n_nationkey
[32m(release)[0m> 	and n_regionkey = r_regionkey
[32m(release)[0m> 	and r_name = 'EUROPE'
[32m(release)[0m> 	and ps_supplycost = (
[32m(release)[0m> 		select
[32m(release)[0m> 			min(ps_supplycost)
[32m(release)[0m> 		from
[32m(release)[0m> 			partsupp,
[32m(release)[0m> 			supplier,
[32m(release)[0m> 			nation,
[32m(release)[0m> 			region
[32m(release)[0m> 		where
[32m(release)[0m> 			p_partkey = ps_partkey
[32m(release)[0m> 			and s_suppkey = ps_suppkey
[32m(release)[0m> 			and s_nationkey = n_nationkey
[32m(release)[0m> 			and n_regionkey = r_regionkey
[32m(release)[0m> 			and r_name = 'EUROPE'
[32m(release)[0m> 	)
[32m(release)[0m> order by
[32m(release)[0m> 	s_acctbal desc,
[32m(release)[0m> 	n_name,
[32m(release)[0m> 	s_name,
[32m(release)[0m> 	p_partkey;
VmRSS Change: 0 KB
===
4667 rows total
Execution info: [PARSE: 63 µs 659 ns, SQL TRANSLATE: 0 ns, OPTIMIZE: 0 ns, LQP TRANSLATE: 40 µs 240 ns, EXECUTE: 21 ms 98 µs (wall time) | QUERY PLAN CACHE HITS: 1/1 statement(s)]
After reset, table use_count: 2
WARNING: Table still has 1 other owner(s) after pipeline reset!
Executing script file done
$:hsh mem_usage
------------------------------------------
Memory Usage Statistics:
VmSize:	215677472 kB
VmRSS:	77380216 kB
0: MemResourceStatus {MigratedColumnsAggregate,18446744073709551615,12610235929,10275988050,10275988050,0,0,N/A}
MemResourceStatus {NumaMonotonicResource,3,60000000000,0,0,0,1,0}
MemResourceStatus {NumaMonotonicResource,2,60000000000,4322712,161109860,1167830218,0,1167834192}
MemResourceStatus {NumaMonotonicResource,1,64000000000,1039541809,3750105123,18917318200,0,18917334668}
0: MemResourceStatus {MemManagerAggregate,18446744073709551615,124000000000,1043864521,3911214983,0,0,N/A}
1: MemResourceStatus {MemManagerAggregate,18446744073709551615,60000000000,0,0,0,1,N/A}
MemResourceStatus {DefaultResource,18446744073709551615,18446744073709551615,0,0,0,-1,N/A}
Quick Memory Usage Overview:
Used Capacity: 11319852571, 0
------------------------------------------
Executing script file: /home/umeshsum/tpch_queries/2.sql
[32m(release)[0m> select
[32m(release)[0m> 	s_acctbal,
[32m(release)[0m> 	s_name,
[32m(release)[0m> 	n_name,
[32m(release)[0m> 	p_partkey,
[32m(release)[0m> 	p_mfgr,
[32m(release)[0m> 	s_address,
[32m(release)[0m> 	s_phone,
[32m(release)[0m> 	s_comment
[32m(release)[0m> from
[32m(release)[0m> 	part,
[32m(release)[0m> 	supplier,
[32m(release)[0m> 	partsupp,
[32m(release)[0m> 	nation,
[32m(release)[0m> 	region
[32m(release)[0m> where
[32m(release)[0m> 	p_partkey = ps_partkey
[32m(release)[0m> 	and s_suppkey = ps_suppkey
[32m(release)[0m> 	and p_size = 15
[32m(release)[0m> 	and p_type like '%BRASS'
[32m(release)[0m> 	and s_nationkey = n_nationkey
[32m(release)[0m> 	and n_regionkey = r_regionkey
[32m(release)[0m> 	and r_name = 'EUROPE'
[32m(release)[0m> 	and ps_supplycost = (
[32m(release)[0m> 		select
[32m(release)[0m> 			min(ps_supplycost)
[32m(release)[0m> 		from
[32m(release)[0m> 			partsupp,
[32m(release)[0m> 			supplier,
[32m(release)[0m> 			nation,
[32m(release)[0m> 			region
[32m(release)[0m> 		where
[32m(release)[0m> 			p_partkey = ps_partkey
[32m(release)[0m> 			and s_suppkey = ps_suppkey
[32m(release)[0m> 			and s_nationkey = n_nationkey
[32m(release)[0m> 			and n_regionkey = r_regionkey
[32m(release)[0m> 			and r_name = 'EUROPE'
[32m(release)[0m> 	)
[32m(release)[0m> order by
[32m(release)[0m> 	s_acctbal desc,
[32m(release)[0m> 	n_name,
[32m(release)[0m> 	s_name,
[32m(release)[0m> 	p_partkey;
VmRSS Change: 0 KB
===
4667 rows total
Execution info: [PARSE: 60 µs 939 ns, SQL TRANSLATE: 0 ns, OPTIMIZE: 0 ns, LQP TRANSLATE: 39 µs 20 ns, EXECUTE: 22 ms 428 µs (wall time) | QUERY PLAN CACHE HITS: 1/1 statement(s)]
After reset, table use_count: 2
WARNING: Table still has 1 other owner(s) after pipeline reset!
Executing script file done
$:hsh mem_usage
------------------------------------------
Memory Usage Statistics:
VmSize:	215677472 kB
VmRSS:	77380216 kB
0: MemResourceStatus {MigratedColumnsAggregate,18446744073709551615,12610235929,10275988050,10275988050,0,0,N/A}
MemResourceStatus {NumaMonotonicResource,3,60000000000,0,0,0,1,0}
MemResourceStatus {NumaMonotonicResource,2,60000000000,4322712,161109860,1401429484,0,1401434224}
MemResourceStatus {NumaMonotonicResource,1,64000000000,1039541809,3750105123,18917318200,0,18917334668}
0: MemResourceStatus {MemManagerAggregate,18446744073709551615,124000000000,1043864521,3911214983,0,0,N/A}
1: MemResourceStatus {MemManagerAggregate,18446744073709551615,60000000000,0,0,0,1,N/A}
MemResourceStatus {DefaultResource,18446744073709551615,18446744073709551615,0,0,0,-1,N/A}
Quick Memory Usage Overview:
Used Capacity: 11319852571, 0
------------------------------------------
Executing script file: /home/umeshsum/tpch_queries/2.sql
[32m(release)[0m> select
[32m(release)[0m> 	s_acctbal,
[32m(release)[0m> 	s_name,
[32m(release)[0m> 	n_name,
[32m(release)[0m> 	p_partkey,
[32m(release)[0m> 	p_mfgr,
[32m(release)[0m> 	s_address,
[32m(release)[0m> 	s_phone,
[32m(release)[0m> 	s_comment
[32m(release)[0m> from
[32m(release)[0m> 	part,
[32m(release)[0m> 	supplier,
[32m(release)[0m> 	partsupp,
[32m(release)[0m> 	nation,
[32m(release)[0m> 	region
[32m(release)[0m> where
[32m(release)[0m> 	p_partkey = ps_partkey
[32m(release)[0m> 	and s_suppkey = ps_suppkey
[32m(release)[0m> 	and p_size = 15
[32m(release)[0m> 	and p_type like '%BRASS'
[32m(release)[0m> 	and s_nationkey = n_nationkey
[32m(release)[0m> 	and n_regionkey = r_regionkey
[32m(release)[0m> 	and r_name = 'EUROPE'
[32m(release)[0m> 	and ps_supplycost = (
[32m(release)[0m> 		select
[32m(release)[0m> 			min(ps_supplycost)
[32m(release)[0m> 		from
[32m(release)[0m> 			partsupp,
[32m(release)[0m> 			supplier,
[32m(release)[0m> 			nation,
[32m(release)[0m> 			region
[32m(release)[0m> 		where
[32m(release)[0m> 			p_partkey = ps_partkey
[32m(release)[0m> 			and s_suppkey = ps_suppkey
[32m(release)[0m> 			and s_nationkey = n_nationkey
[32m(release)[0m> 			and n_regionkey = r_regionkey
[32m(release)[0m> 			and r_name = 'EUROPE'
[32m(release)[0m> 	)
[32m(release)[0m> order by
[32m(release)[0m> 	s_acctbal desc,
[32m(release)[0m> 	n_name,
[32m(release)[0m> 	s_name,
[32m(release)[0m> 	p_partkey;
VmRSS Change: 0 KB
===
4667 rows total
Execution info: [PARSE: 63 µs 800 ns, SQL TRANSLATE: 0 ns, OPTIMIZE: 0 ns, LQP TRANSLATE: 36 µs 989 ns, EXECUTE: 21 ms 248 µs (wall time) | QUERY PLAN CACHE HITS: 1/1 statement(s)]
After reset, table use_count: 2
WARNING: Table still has 1 other owner(s) after pipeline reset!
Executing script file done
$:hsh mem_usage
------------------------------------------
Memory Usage Statistics:
VmSize:	215677472 kB
VmRSS:	77380216 kB
0: MemResourceStatus {MigratedColumnsAggregate,18446744073709551615,12610235929,10275988050,10275988050,0,0,N/A}
MemResourceStatus {NumaMonotonicResource,3,60000000000,0,0,0,1,0}
MemResourceStatus {NumaMonotonicResource,2,60000000000,4322712,161109860,1634854446,0,1634859952}
MemResourceStatus {NumaMonotonicResource,1,64000000000,1039541809,3750105123,18917318200,0,18917334668}
0: MemResourceStatus {MemManagerAggregate,18446744073709551615,124000000000,1043864521,3911214983,0,0,N/A}
1: MemResourceStatus {MemManagerAggregate,18446744073709551615,60000000000,0,0,0,1,N/A}
MemResourceStatus {DefaultResource,18446744073709551615,18446744073709551615,0,0,0,-1,N/A}
Quick Memory Usage Overview:
Used Capacity: 11319852571, 0
------------------------------------------
Executing script file: /home/umeshsum/tpch_queries/2.sql
[32m(release)[0m> select
[32m(release)[0m> 	s_acctbal,
[32m(release)[0m> 	s_name,
[32m(release)[0m> 	n_name,
[32m(release)[0m> 	p_partkey,
[32m(release)[0m> 	p_mfgr,
[32m(release)[0m> 	s_address,
[32m(release)[0m> 	s_phone,
[32m(release)[0m> 	s_comment
[32m(release)[0m> from
[32m(release)[0m> 	part,
[32m(release)[0m> 	supplier,
[32m(release)[0m> 	partsupp,
[32m(release)[0m> 	nation,
[32m(release)[0m> 	region
[32m(release)[0m> where
[32m(release)[0m> 	p_partkey = ps_partkey
[32m(release)[0m> 	and s_suppkey = ps_suppkey
[32m(release)[0m> 	and p_size = 15
[32m(release)[0m> 	and p_type like '%BRASS'
[32m(release)[0m> 	and s_nationkey = n_nationkey
[32m(release)[0m> 	and n_regionkey = r_regionkey
[32m(release)[0m> 	and r_name = 'EUROPE'
[32m(release)[0m> 	and ps_supplycost = (
[32m(release)[0m> 		select
[32m(release)[0m> 			min(ps_supplycost)
[32m(release)[0m> 		from
[32m(release)[0m> 			partsupp,
[32m(release)[0m> 			supplier,
[32m(release)[0m> 			nation,
[32m(release)[0m> 			region
[32m(release)[0m> 		where
[32m(release)[0m> 			p_partkey = ps_partkey
[32m(release)[0m> 			and s_suppkey = ps_suppkey
[32m(release)[0m> 			and s_nationkey = n_nationkey
[32m(release)[0m> 			and n_regionkey = r_regionkey
[32m(release)[0m> 			and r_name = 'EUROPE'
[32m(release)[0m> 	)
[32m(release)[0m> order by
[32m(release)[0m> 	s_acctbal desc,
[32m(release)[0m> 	n_name,
[32m(release)[0m> 	s_name,
[32m(release)[0m> 	p_partkey;
VmRSS Change: 116 KB
===
4667 rows total
Execution info: [PARSE: 58 µs 379 ns, SQL TRANSLATE: 0 ns, OPTIMIZE: 0 ns, LQP TRANSLATE: 36 µs 499 ns, EXECUTE: 21 ms 503 µs (wall time) | QUERY PLAN CACHE HITS: 1/1 statement(s)]
After reset, table use_count: 2
WARNING: Table still has 1 other owner(s) after pipeline reset!
Executing script file done
$:hsh mem_usage
------------------------------------------
Memory Usage Statistics:
VmSize:	215677472 kB
VmRSS:	77380312 kB
0: MemResourceStatus {MigratedColumnsAggregate,18446744073709551615,12610235929,10275988050,10275988050,0,0,N/A}
MemResourceStatus {NumaMonotonicResource,3,60000000000,0,0,0,1,0}
MemResourceStatus {NumaMonotonicResource,2,60000000000,4322712,161109860,1868453712,0,1868460016}
MemResourceStatus {NumaMonotonicResource,1,64000000000,1039541809,3750105123,18917318200,0,18917334668}
0: MemResourceStatus {MemManagerAggregate,18446744073709551615,124000000000,1043864521,3911214983,0,0,N/A}
1: MemResourceStatus {MemManagerAggregate,18446744073709551615,60000000000,0,0,0,1,N/A}
MemResourceStatus {DefaultResource,18446744073709551615,18446744073709551615,0,0,0,-1,N/A}
Quick Memory Usage Overview:
Used Capacity: 11319852571, 0
------------------------------------------
Executing script file: /home/umeshsum/tpch_queries/2.sql
[32m(release)[0m> select
[32m(release)[0m> 	s_acctbal,
[32m(release)[0m> 	s_name,
[32m(release)[0m> 	n_name,
[32m(release)[0m> 	p_partkey,
[32m(release)[0m> 	p_mfgr,
[32m(release)[0m> 	s_address,
[32m(release)[0m> 	s_phone,
[32m(release)[0m> 	s_comment
[32m(release)[0m> from
[32m(release)[0m> 	part,
[32m(release)[0m> 	supplier,
[32m(release)[0m> 	partsupp,
[32m(release)[0m> 	nation,
[32m(release)[0m> 	region
[32m(release)[0m> where
[32m(release)[0m> 	p_partkey = ps_partkey
[32m(release)[0m> 	and s_suppkey = ps_suppkey
[32m(release)[0m> 	and p_size = 15
[32m(release)[0m> 	and p_type like '%BRASS'
[32m(release)[0m> 	and s_nationkey = n_nationkey
[32m(release)[0m> 	and n_regionkey = r_regionkey
[32m(release)[0m> 	and r_name = 'EUROPE'
[32m(release)[0m> 	and ps_supplycost = (
[32m(release)[0m> 		select
[32m(release)[0m> 			min(ps_supplycost)
[32m(release)[0m> 		from
[32m(release)[0m> 			partsupp,
[32m(release)[0m> 			supplier,
[32m(release)[0m> 			nation,
[32m(release)[0m> 			region
[32m(release)[0m> 		where
[32m(release)[0m> 			p_partkey = ps_partkey
[32m(release)[0m> 			and s_suppkey = ps_suppkey
[32m(release)[0m> 			and s_nationkey = n_nationkey
[32m(release)[0m> 			and n_regionkey = r_regionkey
[32m(release)[0m> 			and r_name = 'EUROPE'
[32m(release)[0m> 	)
[32m(release)[0m> order by
[32m(release)[0m> 	s_acctbal desc,
[32m(release)[0m> 	n_name,
[32m(release)[0m> 	s_name,
[32m(release)[0m> 	p_partkey;
VmRSS Change: 0 KB
===
4667 rows total
Execution info: [PARSE: 60 µs 780 ns, SQL TRANSLATE: 0 ns, OPTIMIZE: 0 ns, LQP TRANSLATE: 37 µs 730 ns, EXECUTE: 21 ms 542 µs (wall time) | QUERY PLAN CACHE HITS: 1/1 statement(s)]
After reset, table use_count: 2
WARNING: Table still has 1 other owner(s) after pipeline reset!
Executing script file done
$:hsh mem_usage
------------------------------------------
Memory Usage Statistics:
VmSize:	215677472 kB
VmRSS:	77380312 kB
0: MemResourceStatus {MigratedColumnsAggregate,18446744073709551615,12610235929,10275988050,10275988050,0,0,N/A}
MemResourceStatus {NumaMonotonicResource,3,60000000000,0,0,0,1,0}
MemResourceStatus {NumaMonotonicResource,2,60000000000,4322712,161109860,2102052978,0,2102060064}
MemResourceStatus {NumaMonotonicResource,1,64000000000,1039541809,3750105123,18917318200,0,18917334668}
0: MemResourceStatus {MemManagerAggregate,18446744073709551615,124000000000,1043864521,3911214983,0,0,N/A}
1: MemResourceStatus {MemManagerAggregate,18446744073709551615,60000000000,0,0,0,1,N/A}
MemResourceStatus {DefaultResource,18446744073709551615,18446744073709551615,0,0,0,-1,N/A}
Quick Memory Usage Overview:
Used Capacity: 11319852571, 0
------------------------------------------
Executing script file: /home/umeshsum/tpch_queries/2.sql
[32m(release)[0m> select
[32m(release)[0m> 	s_acctbal,
[32m(release)[0m> 	s_name,
[32m(release)[0m> 	n_name,
[32m(release)[0m> 	p_partkey,
[32m(release)[0m> 	p_mfgr,
[32m(release)[0m> 	s_address,
[32m(release)[0m> 	s_phone,
[32m(release)[0m> 	s_comment
[32m(release)[0m> from
[32m(release)[0m> 	part,
[32m(release)[0m> 	supplier,
[32m(release)[0m> 	partsupp,
[32m(release)[0m> 	nation,
[32m(release)[0m> 	region
[32m(release)[0m> where
[32m(release)[0m> 	p_partkey = ps_partkey
[32m(release)[0m> 	and s_suppkey = ps_suppkey
[32m(release)[0m> 	and p_size = 15
[32m(release)[0m> 	and p_type like '%BRASS'
[32m(release)[0m> 	and s_nationkey = n_nationkey
[32m(release)[0m> 	and n_regionkey = r_regionkey
[32m(release)[0m> 	and r_name = 'EUROPE'
[32m(release)[0m> 	and ps_supplycost = (
[32m(release)[0m> 		select
[32m(release)[0m> 			min(ps_supplycost)
[32m(release)[0m> 		from
[32m(release)[0m> 			partsupp,
[32m(release)[0m> 			supplier,
[32m(release)[0m> 			nation,
[32m(release)[0m> 			region
[32m(release)[0m> 		where
[32m(release)[0m> 			p_partkey = ps_partkey
[32m(release)[0m> 			and s_suppkey = ps_suppkey
[32m(release)[0m> 			and s_nationkey = n_nationkey
[32m(release)[0m> 			and n_regionkey = r_regionkey
[32m(release)[0m> 			and r_name = 'EUROPE'
[32m(release)[0m> 	)
[32m(release)[0m> order by
[32m(release)[0m> 	s_acctbal desc,
[32m(release)[0m> 	n_name,
[32m(release)[0m> 	s_name,
[32m(release)[0m> 	p_partkey;
VmRSS Change: 0 KB
===
4667 rows total
Execution info: [PARSE: 72 µs 399 ns, SQL TRANSLATE: 0 ns, OPTIMIZE: 0 ns, LQP TRANSLATE: 38 µs 610 ns, EXECUTE: 21 ms 555 µs (wall time) | QUERY PLAN CACHE HITS: 1/1 statement(s)]
After reset, table use_count: 2
WARNING: Table still has 1 other owner(s) after pipeline reset!
Executing script file done
$:hsh mem_usage
------------------------------------------
Memory Usage Statistics:
VmSize:	215677472 kB
VmRSS:	77380312 kB
0: MemResourceStatus {MigratedColumnsAggregate,18446744073709551615,12610235929,10275988050,10275988050,0,0,N/A}
MemResourceStatus {NumaMonotonicResource,3,60000000000,0,0,0,1,0}
MemResourceStatus {NumaMonotonicResource,2,60000000000,4322712,161109860,2335497420,0,2335505272}
MemResourceStatus {NumaMonotonicResource,1,64000000000,1039541809,3750105123,18917318200,0,18917334668}
0: MemResourceStatus {MemManagerAggregate,18446744073709551615,124000000000,1043864521,3911214983,0,0,N/A}
1: MemResourceStatus {MemManagerAggregate,18446744073709551615,60000000000,0,0,0,1,N/A}
MemResourceStatus {DefaultResource,18446744073709551615,18446744073709551615,0,0,0,-1,N/A}
Quick Memory Usage Overview:
Used Capacity: 11319852571, 0
------------------------------------------
Label set to d60000000000_tf60000000000_q3
$:hsh clear_plan_caches
Cleared PQP and LQP caches
$:hsh clear_pipeline
Released last SQLPipeline
$:hsh reset_exec_pools
Reset execution pools (2, 3) bump pointers to start
$:hsh mem_usage
------------------------------------------
Memory Usage Statistics:
VmSize:	215677472 kB
VmRSS:	77380312 kB
0: MemResourceStatus {MigratedColumnsAggregate,18446744073709551615,12610235929,10275988050,10275988050,0,0,N/A}
MemResourceStatus {NumaMonotonicResource,3,60000000000,0,0,0,1,0}
MemResourceStatus {NumaMonotonicResource,2,60000000000,0,0,0,0,0}
MemResourceStatus {NumaMonotonicResource,1,64000000000,1039541809,3750105123,18917318200,0,18917334668}
0: MemResourceStatus {MemManagerAggregate,18446744073709551615,124000000000,1039541809,3750105123,0,0,N/A}
1: MemResourceStatus {MemManagerAggregate,18446744073709551615,60000000000,0,0,0,1,N/A}
MemResourceStatus {DefaultResource,18446744073709551615,18446744073709551615,0,0,0,-1,N/A}
Quick Memory Usage Overview:
Used Capacity: 11315529859, 0
------------------------------------------
Executing script file: /home/umeshsum/tpch_queries/3.sql
[32m(release)[0m> select
[32m(release)[0m> 	l_orderkey,
[32m(release)[0m> 	sum(l_extendedprice * (1 - l_discount)) as revenue,
[32m(release)[0m> 	o_orderdate,
[32m(release)[0m> 	o_shippriority
[32m(release)[0m> from
[32m(release)[0m> 	customer,
[32m(release)[0m> 	orders,
[32m(release)[0m> 	lineitem
[32m(release)[0m> where
[32m(release)[0m> 	c_mktsegment = 'BUILDING'
[32m(release)[0m> 	and c_custkey = o_custkey
[32m(release)[0m> 	and l_orderkey = o_orderkey
[32m(release)[0m> 	and o_orderdate < date '1995-03-15'
[32m(release)[0m> 	and l_shipdate > date '1995-03-15'
[32m(release)[0m> group by
[32m(release)[0m> 	l_orderkey,
[32m(release)[0m> 	o_orderdate,
[32m(release)[0m> 	o_shippriority
[32m(release)[0m> order by
[32m(release)[0m> 	revenue desc,
[32m(release)[0m> 	o_orderdate;
VmRSS Change: 2856 KB
===
114003 rows total
Execution info: [PARSE: 49 µs 240 ns, SQL TRANSLATE: 193 µs 368 ns, OPTIMIZE: 7 ms 860 µs, LQP TRANSLATE: 180 µs 629 ns, EXECUTE: 389 ms 101 µs (wall time) | QUERY PLAN CACHE HITS: 0/1 statement(s)]
After reset, table use_count: 2
WARNING: Table still has 1 other owner(s) after pipeline reset!
Executing script file done
$:hsh mem_usage
------------------------------------------
Memory Usage Statistics:
VmSize:	215677472 kB
VmRSS:	77383180 kB
0: MemResourceStatus {MigratedColumnsAggregate,18446744073709551615,12610235929,10275988050,10275988050,0,0,N/A}
MemResourceStatus {NumaMonotonicResource,3,60000000000,0,0,0,1,0}
MemResourceStatus {NumaMonotonicResource,2,60000000000,7922928,1143039060,2294409444,0,2294411824}
MemResourceStatus {NumaMonotonicResource,1,64000000000,1039541809,3750105123,18917318200,0,18917334668}
0: MemResourceStatus {MemManagerAggregate,18446744073709551615,124000000000,1047464737,4893144183,0,0,N/A}
1: MemResourceStatus {MemManagerAggregate,18446744073709551615,60000000000,0,0,0,1,N/A}
MemResourceStatus {DefaultResource,18446744073709551615,18446744073709551615,0,0,0,-1,N/A}
Quick Memory Usage Overview:
Used Capacity: 11323452787, 0
------------------------------------------
Executing script file: /home/umeshsum/tpch_queries/3.sql
[32m(release)[0m> select
[32m(release)[0m> 	l_orderkey,
[32m(release)[0m> 	sum(l_extendedprice * (1 - l_discount)) as revenue,
[32m(release)[0m> 	o_orderdate,
[32m(release)[0m> 	o_shippriority
[32m(release)[0m> from
[32m(release)[0m> 	customer,
[32m(release)[0m> 	orders,
[32m(release)[0m> 	lineitem
[32m(release)[0m> where
[32m(release)[0m> 	c_mktsegment = 'BUILDING'
[32m(release)[0m> 	and c_custkey = o_custkey
[32m(release)[0m> 	and l_orderkey = o_orderkey
[32m(release)[0m> 	and o_orderdate < date '1995-03-15'
[32m(release)[0m> 	and l_shipdate > date '1995-03-15'
[32m(release)[0m> group by
[32m(release)[0m> 	l_orderkey,
[32m(release)[0m> 	o_orderdate,
[32m(release)[0m> 	o_shippriority
[32m(release)[0m> order by
[32m(release)[0m> 	revenue desc,
[32m(release)[0m> 	o_orderdate;
VmRSS Change: 18446744073709551420 KB
===
114003 rows total
Execution info: [PARSE: 66 µs 649 ns, SQL TRANSLATE: 0 ns, OPTIMIZE: 0 ns, LQP TRANSLATE: 54 µs 679 ns, EXECUTE: 382 ms 423 µs (wall time) | QUERY PLAN CACHE HITS: 1/1 statement(s)]
After reset, table use_count: 2
WARNING: Table still has 1 other owner(s) after pipeline reset!
Executing script file done
$:hsh mem_usage
------------------------------------------
Memory Usage Statistics:
VmSize:	215677472 kB
VmRSS:	77382984 kB
0: MemResourceStatus {MigratedColumnsAggregate,18446744073709551615,12610235929,10275988050,10275988050,0,0,N/A}
MemResourceStatus {NumaMonotonicResource,3,60000000000,0,0,0,1,0}
MemResourceStatus {NumaMonotonicResource,2,60000000000,11649920,1146766052,4588818888,0,4588823632}
MemResourceStatus {NumaMonotonicResource,1,64000000000,1039541809,3750105123,18917318200,0,18917334668}
0: MemResourceStatus {MemManagerAggregate,18446744073709551615,124000000000,1051191729,4896871175,0,0,N/A}
1: MemResourceStatus {MemManagerAggregate,18446744073709551615,60000000000,0,0,0,1,N/A}
MemResourceStatus {DefaultResource,18446744073709551615,18446744073709551615,0,0,0,-1,N/A}
Quick Memory Usage Overview:
Used Capacity: 11327179779, 0
------------------------------------------
Executing script file: /home/umeshsum/tpch_queries/3.sql
[32m(release)[0m> select
[32m(release)[0m> 	l_orderkey,
[32m(release)[0m> 	sum(l_extendedprice * (1 - l_discount)) as revenue,
[32m(release)[0m> 	o_orderdate,
[32m(release)[0m> 	o_shippriority
[32m(release)[0m> from
[32m(release)[0m> 	customer,
[32m(release)[0m> 	orders,
[32m(release)[0m> 	lineitem
[32m(release)[0m> where
[32m(release)[0m> 	c_mktsegment = 'BUILDING'
[32m(release)[0m> 	and c_custkey = o_custkey
[32m(release)[0m> 	and l_orderkey = o_orderkey
[32m(release)[0m> 	and o_orderdate < date '1995-03-15'
[32m(release)[0m> 	and l_shipdate > date '1995-03-15'
[32m(release)[0m> group by
[32m(release)[0m> 	l_orderkey,
[32m(release)[0m> 	o_orderdate,
[32m(release)[0m> 	o_shippriority
[32m(release)[0m> order by
[32m(release)[0m> 	revenue desc,
[32m(release)[0m> 	o_orderdate;
VmRSS Change: 108 KB
===
114003 rows total
Execution info: [PARSE: 64 µs 530 ns, SQL TRANSLATE: 0 ns, OPTIMIZE: 0 ns, LQP TRANSLATE: 43 µs 230 ns, EXECUTE: 389 ms 584 µs (wall time) | QUERY PLAN CACHE HITS: 1/1 statement(s)]
After reset, table use_count: 2
WARNING: Table still has 1 other owner(s) after pipeline reset!
Executing script file done
$:hsh mem_usage
------------------------------------------
Memory Usage Statistics:
VmSize:	215677472 kB
VmRSS:	77383092 kB
0: MemResourceStatus {MigratedColumnsAggregate,18446744073709551615,12610235929,10275988050,10275988050,0,0,N/A}
MemResourceStatus {NumaMonotonicResource,3,60000000000,0,0,0,1,0}
MemResourceStatus {NumaMonotonicResource,2,60000000000,11649920,1146766052,6883228332,0,6883235472}
MemResourceStatus {NumaMonotonicResource,1,64000000000,1039541809,3750105123,18917318200,0,18917334668}
0: MemResourceStatus {MemManagerAggregate,18446744073709551615,124000000000,1051191729,4896871175,0,0,N/A}
1: MemResourceStatus {MemManagerAggregate,18446744073709551615,60000000000,0,0,0,1,N/A}
MemResourceStatus {DefaultResource,18446744073709551615,18446744073709551615,0,0,0,-1,N/A}
Quick Memory Usage Overview:
Used Capacity: 11327179779, 0
------------------------------------------
Executing script file: /home/umeshsum/tpch_queries/3.sql
[32m(release)[0m> select
[32m(release)[0m> 	l_orderkey,
[32m(release)[0m> 	sum(l_extendedprice * (1 - l_discount)) as revenue,
[32m(release)[0m> 	o_orderdate,
[32m(release)[0m> 	o_shippriority
[32m(release)[0m> from
[32m(release)[0m> 	customer,
[32m(release)[0m> 	orders,
[32m(release)[0m> 	lineitem
[32m(release)[0m> where
[32m(release)[0m> 	c_mktsegment = 'BUILDING'
[32m(release)[0m> 	and c_custkey = o_custkey
[32m(release)[0m> 	and l_orderkey = o_orderkey
[32m(release)[0m> 	and o_orderdate < date '1995-03-15'
[32m(release)[0m> 	and l_shipdate > date '1995-03-15'
[32m(release)[0m> group by
[32m(release)[0m> 	l_orderkey,
[32m(release)[0m> 	o_orderdate,
[32m(release)[0m> 	o_shippriority
[32m(release)[0m> order by
[32m(release)[0m> 	revenue desc,
[32m(release)[0m> 	o_orderdate;
VmRSS Change: 18446744073709551488 KB
===
114003 rows total
Execution info: [PARSE: 58 µs 309 ns, SQL TRANSLATE: 0 ns, OPTIMIZE: 0 ns, LQP TRANSLATE: 54 µs 890 ns, EXECUTE: 365 ms 218 µs (wall time) | QUERY PLAN CACHE HITS: 1/1 statement(s)]
After reset, table use_count: 2
WARNING: Table still has 1 other owner(s) after pipeline reset!
Executing script file done
$:hsh mem_usage
------------------------------------------
Memory Usage Statistics:
VmSize:	215677472 kB
VmRSS:	77382964 kB
0: MemResourceStatus {MigratedColumnsAggregate,18446744073709551615,12610235929,10275988050,10275988050,0,0,N/A}
MemResourceStatus {NumaMonotonicResource,3,60000000000,0,0,0,1,0}
MemResourceStatus {NumaMonotonicResource,2,60000000000,11649920,1146766052,9177637776,0,9177647312}
MemResourceStatus {NumaMonotonicResource,1,64000000000,1039541809,3750105123,18917318200,0,18917334668}
0: MemResourceStatus {MemManagerAggregate,18446744073709551615,124000000000,1051191729,4896871175,0,0,N/A}
1: MemResourceStatus {MemManagerAggregate,18446744073709551615,60000000000,0,0,0,1,N/A}
MemResourceStatus {DefaultResource,18446744073709551615,18446744073709551615,0,0,0,-1,N/A}
Quick Memory Usage Overview:
Used Capacity: 11327179779, 0
------------------------------------------
Executing script file: /home/umeshsum/tpch_queries/3.sql
[32m(release)[0m> select
[32m(release)[0m> 	l_orderkey,
[32m(release)[0m> 	sum(l_extendedprice * (1 - l_discount)) as revenue,
[32m(release)[0m> 	o_orderdate,
[32m(release)[0m> 	o_shippriority
[32m(release)[0m> from
[32m(release)[0m> 	customer,
[32m(release)[0m> 	orders,
[32m(release)[0m> 	lineitem
[32m(release)[0m> where
[32m(release)[0m> 	c_mktsegment = 'BUILDING'
[32m(release)[0m> 	and c_custkey = o_custkey
[32m(release)[0m> 	and l_orderkey = o_orderkey
[32m(release)[0m> 	and o_orderdate < date '1995-03-15'
[32m(release)[0m> 	and l_shipdate > date '1995-03-15'
[32m(release)[0m> group by
[32m(release)[0m> 	l_orderkey,
[32m(release)[0m> 	o_orderdate,
[32m(release)[0m> 	o_shippriority
[32m(release)[0m> order by
[32m(release)[0m> 	revenue desc,
[32m(release)[0m> 	o_orderdate;
VmRSS Change: 18446744073709551544 KB
===
114003 rows total
Execution info: [PARSE: 65 µs 79 ns, SQL TRANSLATE: 0 ns, OPTIMIZE: 0 ns, LQP TRANSLATE: 44 µs 609 ns, EXECUTE: 382 ms 234 µs (wall time) | QUERY PLAN CACHE HITS: 1/1 statement(s)]
After reset, table use_count: 2
WARNING: Table still has 1 other owner(s) after pipeline reset!
Executing script file done
$:hsh mem_usage
------------------------------------------
Memory Usage Statistics:
VmSize:	215677472 kB
VmRSS:	77382888 kB
0: MemResourceStatus {MigratedColumnsAggregate,18446744073709551615,12610235929,10275988050,10275988050,0,0,N/A}
MemResourceStatus {NumaMonotonicResource,3,60000000000,0,0,0,1,0}
MemResourceStatus {NumaMonotonicResource,2,60000000000,11649920,1146766052,11472047220,0,11472059168}
MemResourceStatus {NumaMonotonicResource,1,64000000000,1039541809,3750105123,18917318200,0,18917334668}
0: MemResourceStatus {MemManagerAggregate,18446744073709551615,124000000000,1051191729,4896871175,0,0,N/A}
1: MemResourceStatus {MemManagerAggregate,18446744073709551615,60000000000,0,0,0,1,N/A}
MemResourceStatus {DefaultResource,18446744073709551615,18446744073709551615,0,0,0,-1,N/A}
Quick Memory Usage Overview:
Used Capacity: 11327179779, 0
------------------------------------------
Executing script file: /home/umeshsum/tpch_queries/3.sql
[32m(release)[0m> select
[32m(release)[0m> 	l_orderkey,
[32m(release)[0m> 	sum(l_extendedprice * (1 - l_discount)) as revenue,
[32m(release)[0m> 	o_orderdate,
[32m(release)[0m> 	o_shippriority
[32m(release)[0m> from
[32m(release)[0m> 	customer,
[32m(release)[0m> 	orders,
[32m(release)[0m> 	lineitem
[32m(release)[0m> where
[32m(release)[0m> 	c_mktsegment = 'BUILDING'
[32m(release)[0m> 	and c_custkey = o_custkey
[32m(release)[0m> 	and l_orderkey = o_orderkey
[32m(release)[0m> 	and o_orderdate < date '1995-03-15'
[32m(release)[0m> 	and l_shipdate > date '1995-03-15'
[32m(release)[0m> group by
[32m(release)[0m> 	l_orderkey,
[32m(release)[0m> 	o_orderdate,
[32m(release)[0m> 	o_shippriority
[32m(release)[0m> order by
[32m(release)[0m> 	revenue desc,
[32m(release)[0m> 	o_orderdate;
VmRSS Change: 84 KB
===
114003 rows total
Execution info: [PARSE: 58 µs 540 ns, SQL TRANSLATE: 0 ns, OPTIMIZE: 0 ns, LQP TRANSLATE: 42 µs 939 ns, EXECUTE: 382 ms 233 µs (wall time) | QUERY PLAN CACHE HITS: 1/1 statement(s)]
After reset, table use_count: 2
WARNING: Table still has 1 other owner(s) after pipeline reset!
Executing script file done
$:hsh mem_usage
------------------------------------------
Memory Usage Statistics:
VmSize:	215677472 kB
VmRSS:	77382972 kB
0: MemResourceStatus {MigratedColumnsAggregate,18446744073709551615,12610235929,10275988050,10275988050,0,0,N/A}
MemResourceStatus {NumaMonotonicResource,3,60000000000,0,0,0,1,0}
MemResourceStatus {NumaMonotonicResource,2,60000000000,11649920,1146766052,13766456664,0,13766471008}
MemResourceStatus {NumaMonotonicResource,1,64000000000,1039541809,3750105123,18917318200,0,18917334668}
0: MemResourceStatus {MemManagerAggregate,18446744073709551615,124000000000,1051191729,4896871175,0,0,N/A}
1: MemResourceStatus {MemManagerAggregate,18446744073709551615,60000000000,0,0,0,1,N/A}
MemResourceStatus {DefaultResource,18446744073709551615,18446744073709551615,0,0,0,-1,N/A}
Quick Memory Usage Overview:
Used Capacity: 11327179779, 0
------------------------------------------
Executing script file: /home/umeshsum/tpch_queries/3.sql
[32m(release)[0m> select
[32m(release)[0m> 	l_orderkey,
[32m(release)[0m> 	sum(l_extendedprice * (1 - l_discount)) as revenue,
[32m(release)[0m> 	o_orderdate,
[32m(release)[0m> 	o_shippriority
[32m(release)[0m> from
[32m(release)[0m> 	customer,
[32m(release)[0m> 	orders,
[32m(release)[0m> 	lineitem
[32m(release)[0m> where
[32m(release)[0m> 	c_mktsegment = 'BUILDING'
[32m(release)[0m> 	and c_custkey = o_custkey
[32m(release)[0m> 	and l_orderkey = o_orderkey
[32m(release)[0m> 	and o_orderdate < date '1995-03-15'
[32m(release)[0m> 	and l_shipdate > date '1995-03-15'
[32m(release)[0m> group by
[32m(release)[0m> 	l_orderkey,
[32m(release)[0m> 	o_orderdate,
[32m(release)[0m> 	o_shippriority
[32m(release)[0m> order by
[32m(release)[0m> 	revenue desc,
[32m(release)[0m> 	o_orderdate;
VmRSS Change: 18446744073709551596 KB
===
114003 rows total
Execution info: [PARSE: 67 µs 109 ns, SQL TRANSLATE: 0 ns, OPTIMIZE: 0 ns, LQP TRANSLATE: 47 µs 840 ns, EXECUTE: 387 ms 669 µs (wall time) | QUERY PLAN CACHE HITS: 1/1 statement(s)]
After reset, table use_count: 2
WARNING: Table still has 1 other owner(s) after pipeline reset!
Executing script file done
$:hsh mem_usage
------------------------------------------
Memory Usage Statistics:
VmSize:	215677472 kB
VmRSS:	77382952 kB
0: MemResourceStatus {MigratedColumnsAggregate,18446744073709551615,12610235929,10275988050,10275988050,0,0,N/A}
MemResourceStatus {NumaMonotonicResource,3,60000000000,0,0,0,1,0}
MemResourceStatus {NumaMonotonicResource,2,60000000000,11649920,1146766052,16060866108,0,16060882832}
MemResourceStatus {NumaMonotonicResource,1,64000000000,1039541809,3750105123,18917318200,0,18917334668}
0: MemResourceStatus {MemManagerAggregate,18446744073709551615,124000000000,1051191729,4896871175,0,0,N/A}
1: MemResourceStatus {MemManagerAggregate,18446744073709551615,60000000000,0,0,0,1,N/A}
MemResourceStatus {DefaultResource,18446744073709551615,18446744073709551615,0,0,0,-1,N/A}
Quick Memory Usage Overview:
Used Capacity: 11327179779, 0
------------------------------------------
Executing script file: /home/umeshsum/tpch_queries/3.sql
[32m(release)[0m> select
[32m(release)[0m> 	l_orderkey,
[32m(release)[0m> 	sum(l_extendedprice * (1 - l_discount)) as revenue,
[32m(release)[0m> 	o_orderdate,
[32m(release)[0m> 	o_shippriority
[32m(release)[0m> from
[32m(release)[0m> 	customer,
[32m(release)[0m> 	orders,
[32m(release)[0m> 	lineitem
[32m(release)[0m> where
[32m(release)[0m> 	c_mktsegment = 'BUILDING'
[32m(release)[0m> 	and c_custkey = o_custkey
[32m(release)[0m> 	and l_orderkey = o_orderkey
[32m(release)[0m> 	and o_orderdate < date '1995-03-15'
[32m(release)[0m> 	and l_shipdate > date '1995-03-15'
[32m(release)[0m> group by
[32m(release)[0m> 	l_orderkey,
[32m(release)[0m> 	o_orderdate,
[32m(release)[0m> 	o_shippriority
[32m(release)[0m> order by
[32m(release)[0m> 	revenue desc,
[32m(release)[0m> 	o_orderdate;
VmRSS Change: 76 KB
===
114003 rows total
Execution info: [PARSE: 58 µs 149 ns, SQL TRANSLATE: 0 ns, OPTIMIZE: 0 ns, LQP TRANSLATE: 44 µs 700 ns, EXECUTE: 368 ms 399 µs (wall time) | QUERY PLAN CACHE HITS: 1/1 statement(s)]
After reset, table use_count: 2
WARNING: Table still has 1 other owner(s) after pipeline reset!
Executing script file done
$:hsh mem_usage
------------------------------------------
Memory Usage Statistics:
VmSize:	215677472 kB
VmRSS:	77383020 kB
0: MemResourceStatus {MigratedColumnsAggregate,18446744073709551615,12610235929,10275988050,10275988050,0,0,N/A}
MemResourceStatus {NumaMonotonicResource,3,60000000000,0,0,0,1,0}
MemResourceStatus {NumaMonotonicResource,2,60000000000,11649920,1146766052,18355275552,0,18355294640}
MemResourceStatus {NumaMonotonicResource,1,64000000000,1039541809,3750105123,18917318200,0,18917334668}
0: MemResourceStatus {MemManagerAggregate,18446744073709551615,124000000000,1051191729,4896871175,0,0,N/A}
1: MemResourceStatus {MemManagerAggregate,18446744073709551615,60000000000,0,0,0,1,N/A}
MemResourceStatus {DefaultResource,18446744073709551615,18446744073709551615,0,0,0,-1,N/A}
Quick Memory Usage Overview:
Used Capacity: 11327179779, 0
------------------------------------------
Executing script file: /home/umeshsum/tpch_queries/3.sql
[32m(release)[0m> select
[32m(release)[0m> 	l_orderkey,
[32m(release)[0m> 	sum(l_extendedprice * (1 - l_discount)) as revenue,
[32m(release)[0m> 	o_orderdate,
[32m(release)[0m> 	o_shippriority
[32m(release)[0m> from
[32m(release)[0m> 	customer,
[32m(release)[0m> 	orders,
[32m(release)[0m> 	lineitem
[32m(release)[0m> where
[32m(release)[0m> 	c_mktsegment = 'BUILDING'
[32m(release)[0m> 	and c_custkey = o_custkey
[32m(release)[0m> 	and l_orderkey = o_orderkey
[32m(release)[0m> 	and o_orderdate < date '1995-03-15'
[32m(release)[0m> 	and l_shipdate > date '1995-03-15'
[32m(release)[0m> group by
[32m(release)[0m> 	l_orderkey,
[32m(release)[0m> 	o_orderdate,
[32m(release)[0m> 	o_shippriority
[32m(release)[0m> order by
[32m(release)[0m> 	revenue desc,
[32m(release)[0m> 	o_orderdate;
VmRSS Change: 2596 KB
===
114003 rows total
Execution info: [PARSE: 56 µs 790 ns, SQL TRANSLATE: 0 ns, OPTIMIZE: 0 ns, LQP TRANSLATE: 44 µs 340 ns, EXECUTE: 332 ms 592 µs (wall time) | QUERY PLAN CACHE HITS: 1/1 statement(s)]
After reset, table use_count: 2
WARNING: Table still has 1 other owner(s) after pipeline reset!
Executing script file done
$:hsh mem_usage
------------------------------------------
Memory Usage Statistics:
VmSize:	215677472 kB
VmRSS:	77385616 kB
0: MemResourceStatus {MigratedColumnsAggregate,18446744073709551615,12610235929,10275988050,10275988050,0,0,N/A}
MemResourceStatus {NumaMonotonicResource,3,60000000000,0,0,0,1,0}
MemResourceStatus {NumaMonotonicResource,2,60000000000,11649920,1146766052,20649684996,0,20649706480}
MemResourceStatus {NumaMonotonicResource,1,64000000000,1039541809,3750105123,18917318200,0,18917334668}
0: MemResourceStatus {MemManagerAggregate,18446744073709551615,124000000000,1051191729,4896871175,0,0,N/A}
1: MemResourceStatus {MemManagerAggregate,18446744073709551615,60000000000,0,0,0,1,N/A}
MemResourceStatus {DefaultResource,18446744073709551615,18446744073709551615,0,0,0,-1,N/A}
Quick Memory Usage Overview:
Used Capacity: 11327179779, 0
------------------------------------------
Executing script file: /home/umeshsum/tpch_queries/3.sql
[32m(release)[0m> select
[32m(release)[0m> 	l_orderkey,
[32m(release)[0m> 	sum(l_extendedprice * (1 - l_discount)) as revenue,
[32m(release)[0m> 	o_orderdate,
[32m(release)[0m> 	o_shippriority
[32m(release)[0m> from
[32m(release)[0m> 	customer,
[32m(release)[0m> 	orders,
[32m(release)[0m> 	lineitem
[32m(release)[0m> where
[32m(release)[0m> 	c_mktsegment = 'BUILDING'
[32m(release)[0m> 	and c_custkey = o_custkey
[32m(release)[0m> 	and l_orderkey = o_orderkey
[32m(release)[0m> 	and o_orderdate < date '1995-03-15'
[32m(release)[0m> 	and l_shipdate > date '1995-03-15'
[32m(release)[0m> group by
[32m(release)[0m> 	l_orderkey,
[32m(release)[0m> 	o_orderdate,
[32m(release)[0m> 	o_shippriority
[32m(release)[0m> order by
[32m(release)[0m> 	revenue desc,
[32m(release)[0m> 	o_orderdate;
VmRSS Change: 18446744073709551536 KB
===
114003 rows total
Execution info: [PARSE: 57 µs 479 ns, SQL TRANSLATE: 0 ns, OPTIMIZE: 0 ns, LQP TRANSLATE: 46 µs 20 ns, EXECUTE: 348 ms 660 µs (wall time) | QUERY PLAN CACHE HITS: 1/1 statement(s)]
After reset, table use_count: 2
WARNING: Table still has 1 other owner(s) after pipeline reset!
Executing script file done
$:hsh mem_usage
------------------------------------------
Memory Usage Statistics:
VmSize:	215677472 kB
VmRSS:	77385536 kB
0: MemResourceStatus {MigratedColumnsAggregate,18446744073709551615,12610235929,10275988050,10275988050,0,0,N/A}
MemResourceStatus {NumaMonotonicResource,3,60000000000,0,0,0,1,0}
MemResourceStatus {NumaMonotonicResource,2,60000000000,11649920,1146766052,22944094440,0,22944118304}
MemResourceStatus {NumaMonotonicResource,1,64000000000,1039541809,3750105123,18917318200,0,18917334668}
0: MemResourceStatus {MemManagerAggregate,18446744073709551615,124000000000,1051191729,4896871175,0,0,N/A}
1: MemResourceStatus {MemManagerAggregate,18446744073709551615,60000000000,0,0,0,1,N/A}
MemResourceStatus {DefaultResource,18446744073709551615,18446744073709551615,0,0,0,-1,N/A}
Quick Memory Usage Overview:
Used Capacity: 11327179779, 0
------------------------------------------
Label set to d60000000000_tf60000000000_q4
$:hsh clear_plan_caches
Cleared PQP and LQP caches
$:hsh clear_pipeline
Released last SQLPipeline
$:hsh reset_exec_pools
Reset execution pools (2, 3) bump pointers to start
$:hsh mem_usage
------------------------------------------
Memory Usage Statistics:
VmSize:	215677472 kB
VmRSS:	77385512 kB
0: MemResourceStatus {MigratedColumnsAggregate,18446744073709551615,12610235929,10275988050,10275988050,0,0,N/A}
MemResourceStatus {NumaMonotonicResource,3,60000000000,0,0,0,1,0}
MemResourceStatus {NumaMonotonicResource,2,60000000000,0,0,0,0,0}
MemResourceStatus {NumaMonotonicResource,1,64000000000,1039541809,3750105123,18917318200,0,18917334668}
0: MemResourceStatus {MemManagerAggregate,18446744073709551615,124000000000,1039541809,3750105123,0,0,N/A}
1: MemResourceStatus {MemManagerAggregate,18446744073709551615,60000000000,0,0,0,1,N/A}
MemResourceStatus {DefaultResource,18446744073709551615,18446744073709551615,0,0,0,-1,N/A}
Quick Memory Usage Overview:
Used Capacity: 11315529859, 0
------------------------------------------
Executing script file: /home/umeshsum/tpch_queries/4.sql
[32m(release)[0m> select
[32m(release)[0m> 	o_orderpriority,
[32m(release)[0m> 	count(*) as order_count
[32m(release)[0m> from
[32m(release)[0m> 	orders
[32m(release)[0m> where
[32m(release)[0m> 	o_orderdate >= date '1993-07-01'
[32m(release)[0m> 	and o_orderdate < date '1993-07-01' + interval '3' month
[32m(release)[0m> 	and exists (
[32m(release)[0m> 		select
[32m(release)[0m> 			*
[32m(release)[0m> 		from
[32m(release)[0m> 			lineitem
[32m(release)[0m> 		where
[32m(release)[0m> 			l_orderkey = o_orderkey
[32m(release)[0m> 			and l_commitdate < l_receiptdate
[32m(release)[0m> 	)
[32m(release)[0m> group by
[32m(release)[0m> 	o_orderpriority
[32m(release)[0m> order by
[32m(release)[0m> 	o_orderpriority;
VmRSS Change: 18446744073709551496 KB
===
5 rows total
Execution info: [PARSE: 55 µs 769 ns, SQL TRANSLATE: 183 µs 658 ns, OPTIMIZE: 1 ms 994 µs, LQP TRANSLATE: 81 µs 569 ns, EXECUTE: 321 ms 722 µs (wall time) | QUERY PLAN CACHE HITS: 0/1 statement(s)]
After reset, table use_count: 2
WARNING: Table still has 1 other owner(s) after pipeline reset!
Executing script file done
$:hsh mem_usage
------------------------------------------
Memory Usage Statistics:
VmSize:	215677472 kB
VmRSS:	77385408 kB
0: MemResourceStatus {MigratedColumnsAggregate,18446744073709551615,12610235929,10275988050,10275988050,0,0,N/A}
MemResourceStatus {NumaMonotonicResource,3,60000000000,0,0,0,1,0}
MemResourceStatus {NumaMonotonicResource,2,60000000000,1060624,1385525696,2287623848,0,2287628432}
MemResourceStatus {NumaMonotonicResource,1,64000000000,1039541809,3750105123,18917318200,0,18917334668}
0: MemResourceStatus {MemManagerAggregate,18446744073709551615,124000000000,1040602433,5135630819,0,0,N/A}
1: MemResourceStatus {MemManagerAggregate,18446744073709551615,60000000000,0,0,0,1,N/A}
MemResourceStatus {DefaultResource,18446744073709551615,18446744073709551615,0,0,0,-1,N/A}
Quick Memory Usage Overview:
Used Capacity: 11316590483, 0
------------------------------------------
Executing script file: /home/umeshsum/tpch_queries/4.sql
[32m(release)[0m> select
[32m(release)[0m> 	o_orderpriority,
[32m(release)[0m> 	count(*) as order_count
[32m(release)[0m> from
[32m(release)[0m> 	orders
[32m(release)[0m> where
[32m(release)[0m> 	o_orderdate >= date '1993-07-01'
[32m(release)[0m> 	and o_orderdate < date '1993-07-01' + interval '3' month
[32m(release)[0m> 	and exists (
[32m(release)[0m> 		select
[32m(release)[0m> 			*
[32m(release)[0m> 		from
[32m(release)[0m> 			lineitem
[32m(release)[0m> 		where
[32m(release)[0m> 			l_orderkey = o_orderkey
[32m(release)[0m> 			and l_commitdate < l_receiptdate
[32m(release)[0m> 	)
[32m(release)[0m> group by
[32m(release)[0m> 	o_orderpriority
[32m(release)[0m> order by
[32m(release)[0m> 	o_orderpriority;
VmRSS Change: 18446744073709551372 KB
===
5 rows total
Execution info: [PARSE: 55 µs 659 ns, SQL TRANSLATE: 0 ns, OPTIMIZE: 0 ns, LQP TRANSLATE: 34 µs 969 ns, EXECUTE: 312 ms 498 µs (wall time) | QUERY PLAN CACHE HITS: 1/1 statement(s)]
After reset, table use_count: 2
WARNING: Table still has 1 other owner(s) after pipeline reset!
Executing script file done
$:hsh mem_usage
------------------------------------------
Memory Usage Statistics:
VmSize:	215677472 kB
VmRSS:	77385164 kB
0: MemResourceStatus {MigratedColumnsAggregate,18446744073709551615,12610235929,10275988050,10275988050,0,0,N/A}
MemResourceStatus {NumaMonotonicResource,3,60000000000,0,0,0,1,0}
MemResourceStatus {NumaMonotonicResource,2,60000000000,1072256,1385537328,4575247696,0,4575256864}
MemResourceStatus {NumaMonotonicResource,1,64000000000,1039541809,3750105123,18917318200,0,18917334668}
0: MemResourceStatus {MemManagerAggregate,18446744073709551615,124000000000,1040614065,5135642451,0,0,N/A}
1: MemResourceStatus {MemManagerAggregate,18446744073709551615,60000000000,0,0,0,1,N/A}
MemResourceStatus {DefaultResource,18446744073709551615,18446744073709551615,0,0,0,-1,N/A}
Quick Memory Usage Overview:
Used Capacity: 11316602115, 0
------------------------------------------
Executing script file: /home/umeshsum/tpch_queries/4.sql
[32m(release)[0m> select
[32m(release)[0m> 	o_orderpriority,
[32m(release)[0m> 	count(*) as order_count
[32m(release)[0m> from
[32m(release)[0m> 	orders
[32m(release)[0m> where
[32m(release)[0m> 	o_orderdate >= date '1993-07-01'
[32m(release)[0m> 	and o_orderdate < date '1993-07-01' + interval '3' month
[32m(release)[0m> 	and exists (
[32m(release)[0m> 		select
[32m(release)[0m> 			*
[32m(release)[0m> 		from
[32m(release)[0m> 			lineitem
[32m(release)[0m> 		where
[32m(release)[0m> 			l_orderkey = o_orderkey
[32m(release)[0m> 			and l_commitdate < l_receiptdate
[32m(release)[0m> 	)
[32m(release)[0m> group by
[32m(release)[0m> 	o_orderpriority
[32m(release)[0m> order by
[32m(release)[0m> 	o_orderpriority;
VmRSS Change: 18446744073709551608 KB
===
5 rows total
Execution info: [PARSE: 62 µs 19 ns, SQL TRANSLATE: 0 ns, OPTIMIZE: 0 ns, LQP TRANSLATE: 37 µs 430 ns, EXECUTE: 314 ms 699 µs (wall time) | QUERY PLAN CACHE HITS: 1/1 statement(s)]
After reset, table use_count: 2
WARNING: Table still has 1 other owner(s) after pipeline reset!
Executing script file done
$:hsh mem_usage
------------------------------------------
Memory Usage Statistics:
VmSize:	215677472 kB
VmRSS:	77385156 kB
0: MemResourceStatus {MigratedColumnsAggregate,18446744073709551615,12610235929,10275988050,10275988050,0,0,N/A}
MemResourceStatus {NumaMonotonicResource,3,60000000000,0,0,0,1,0}
MemResourceStatus {NumaMonotonicResource,2,60000000000,1072256,1385537328,6862871544,0,6862885328}
MemResourceStatus {NumaMonotonicResource,1,64000000000,1039541809,3750105123,18917318200,0,18917334668}
0: MemResourceStatus {MemManagerAggregate,18446744073709551615,124000000000,1040614065,5135642451,0,0,N/A}
1: MemResourceStatus {MemManagerAggregate,18446744073709551615,60000000000,0,0,0,1,N/A}
MemResourceStatus {DefaultResource,18446744073709551615,18446744073709551615,0,0,0,-1,N/A}
Quick Memory Usage Overview:
Used Capacity: 11316602115, 0
------------------------------------------
Executing script file: /home/umeshsum/tpch_queries/4.sql
[32m(release)[0m> select
[32m(release)[0m> 	o_orderpriority,
[32m(release)[0m> 	count(*) as order_count
[32m(release)[0m> from
[32m(release)[0m> 	orders
[32m(release)[0m> where
[32m(release)[0m> 	o_orderdate >= date '1993-07-01'
[32m(release)[0m> 	and o_orderdate < date '1993-07-01' + interval '3' month
[32m(release)[0m> 	and exists (
[32m(release)[0m> 		select
[32m(release)[0m> 			*
[32m(release)[0m> 		from
[32m(release)[0m> 			lineitem
[32m(release)[0m> 		where
[32m(release)[0m> 			l_orderkey = o_orderkey
[32m(release)[0m> 			and l_commitdate < l_receiptdate
[32m(release)[0m> 	)
[32m(release)[0m> group by
[32m(release)[0m> 	o_orderpriority
[32m(release)[0m> order by
[32m(release)[0m> 	o_orderpriority;
VmRSS Change: 18446744073709551564 KB
===
5 rows total
Execution info: [PARSE: 62 µs 769 ns, SQL TRANSLATE: 0 ns, OPTIMIZE: 0 ns, LQP TRANSLATE: 34 µs 969 ns, EXECUTE: 323 ms 253 µs (wall time) | QUERY PLAN CACHE HITS: 1/1 statement(s)]
After reset, table use_count: 2
WARNING: Table still has 1 other owner(s) after pipeline reset!
Executing script file done
$:hsh mem_usage
------------------------------------------
Memory Usage Statistics:
VmSize:	215677472 kB
VmRSS:	77385104 kB
0: MemResourceStatus {MigratedColumnsAggregate,18446744073709551615,12610235929,10275988050,10275988050,0,0,N/A}
MemResourceStatus {NumaMonotonicResource,3,60000000000,0,0,0,1,0}
MemResourceStatus {NumaMonotonicResource,2,60000000000,1072256,1385537328,9150495392,0,9150513760}
MemResourceStatus {NumaMonotonicResource,1,64000000000,1039541809,3750105123,18917318200,0,18917334668}
0: MemResourceStatus {MemManagerAggregate,18446744073709551615,124000000000,1040614065,5135642451,0,0,N/A}
1: MemResourceStatus {MemManagerAggregate,18446744073709551615,60000000000,0,0,0,1,N/A}
MemResourceStatus {DefaultResource,18446744073709551615,18446744073709551615,0,0,0,-1,N/A}
Quick Memory Usage Overview:
Used Capacity: 11316602115, 0
------------------------------------------
Executing script file: /home/umeshsum/tpch_queries/4.sql
[32m(release)[0m> select
[32m(release)[0m> 	o_orderpriority,
[32m(release)[0m> 	count(*) as order_count
[32m(release)[0m> from
[32m(release)[0m> 	orders
[32m(release)[0m> where
[32m(release)[0m> 	o_orderdate >= date '1993-07-01'
[32m(release)[0m> 	and o_orderdate < date '1993-07-01' + interval '3' month
[32m(release)[0m> 	and exists (
[32m(release)[0m> 		select
[32m(release)[0m> 			*
[32m(release)[0m> 		from
[32m(release)[0m> 			lineitem
[32m(release)[0m> 		where
[32m(release)[0m> 			l_orderkey = o_orderkey
[32m(release)[0m> 			and l_commitdate < l_receiptdate
[32m(release)[0m> 	)
[32m(release)[0m> group by
[32m(release)[0m> 	o_orderpriority
[32m(release)[0m> order by
[32m(release)[0m> 	o_orderpriority;
VmRSS Change: 18446744073709548984 KB
===
5 rows total
Execution info: [PARSE: 71 µs 140 ns, SQL TRANSLATE: 0 ns, OPTIMIZE: 0 ns, LQP TRANSLATE: 37 µs 570 ns, EXECUTE: 297 ms 944 µs (wall time) | QUERY PLAN CACHE HITS: 1/1 statement(s)]
After reset, table use_count: 2
WARNING: Table still has 1 other owner(s) after pipeline reset!
Executing script file done
$:hsh mem_usage
------------------------------------------
Memory Usage Statistics:
VmSize:	215677472 kB
VmRSS:	77382464 kB
0: MemResourceStatus {MigratedColumnsAggregate,18446744073709551615,12610235929,10275988050,10275988050,0,0,N/A}
MemResourceStatus {NumaMonotonicResource,3,60000000000,0,0,0,1,0}
MemResourceStatus {NumaMonotonicResource,2,60000000000,1072256,1385537328,11438119240,0,11438142208}
MemResourceStatus {NumaMonotonicResource,1,64000000000,1039541809,3750105123,18917318200,0,18917334668}
0: MemResourceStatus {MemManagerAggregate,18446744073709551615,124000000000,1040614065,5135642451,0,0,N/A}
1: MemResourceStatus {MemManagerAggregate,18446744073709551615,60000000000,0,0,0,1,N/A}
MemResourceStatus {DefaultResource,18446744073709551615,18446744073709551615,0,0,0,-1,N/A}
Quick Memory Usage Overview:
Used Capacity: 11316602115, 0
------------------------------------------
Executing script file: /home/umeshsum/tpch_queries/4.sql
[32m(release)[0m> select
[32m(release)[0m> 	o_orderpriority,
[32m(release)[0m> 	count(*) as order_count
[32m(release)[0m> from
[32m(release)[0m> 	orders
[32m(release)[0m> where
[32m(release)[0m> 	o_orderdate >= date '1993-07-01'
[32m(release)[0m> 	and o_orderdate < date '1993-07-01' + interval '3' month
[32m(release)[0m> 	and exists (
[32m(release)[0m> 		select
[32m(release)[0m> 			*
[32m(release)[0m> 		from
[32m(release)[0m> 			lineitem
[32m(release)[0m> 		where
[32m(release)[0m> 			l_orderkey = o_orderkey
[32m(release)[0m> 			and l_commitdate < l_receiptdate
[32m(release)[0m> 	)
[32m(release)[0m> group by
[32m(release)[0m> 	o_orderpriority
[32m(release)[0m> order by
[32m(release)[0m> 	o_orderpriority;
VmRSS Change: 116 KB
===
5 rows total
Execution info: [PARSE: 67 µs 429 ns, SQL TRANSLATE: 0 ns, OPTIMIZE: 0 ns, LQP TRANSLATE: 35 µs 820 ns, EXECUTE: 308 ms 522 µs (wall time) | QUERY PLAN CACHE HITS: 1/1 statement(s)]
After reset, table use_count: 2
WARNING: Table still has 1 other owner(s) after pipeline reset!
Executing script file done
$:hsh mem_usage
------------------------------------------
Memory Usage Statistics:
VmSize:	215677472 kB
VmRSS:	77382580 kB
0: MemResourceStatus {MigratedColumnsAggregate,18446744073709551615,12610235929,10275988050,10275988050,0,0,N/A}
MemResourceStatus {NumaMonotonicResource,3,60000000000,0,0,0,1,0}
MemResourceStatus {NumaMonotonicResource,2,60000000000,1072256,1385537328,13725743088,0,13725770640}
MemResourceStatus {NumaMonotonicResource,1,64000000000,1039541809,3750105123,18917318200,0,18917334668}
0: MemResourceStatus {MemManagerAggregate,18446744073709551615,124000000000,1040614065,5135642451,0,0,N/A}
1: MemResourceStatus {MemManagerAggregate,18446744073709551615,60000000000,0,0,0,1,N/A}
MemResourceStatus {DefaultResource,18446744073709551615,18446744073709551615,0,0,0,-1,N/A}
Quick Memory Usage Overview:
Used Capacity: 11316602115, 0
------------------------------------------
Executing script file: /home/umeshsum/tpch_queries/4.sql
[32m(release)[0m> select
[32m(release)[0m> 	o_orderpriority,
[32m(release)[0m> 	count(*) as order_count
[32m(release)[0m> from
[32m(release)[0m> 	orders
[32m(release)[0m> where
[32m(release)[0m> 	o_orderdate >= date '1993-07-01'
[32m(release)[0m> 	and o_orderdate < date '1993-07-01' + interval '3' month
[32m(release)[0m> 	and exists (
[32m(release)[0m> 		select
[32m(release)[0m> 			*
[32m(release)[0m> 		from
[32m(release)[0m> 			lineitem
[32m(release)[0m> 		where
[32m(release)[0m> 			l_orderkey = o_orderkey
[32m(release)[0m> 			and l_commitdate < l_receiptdate
[32m(release)[0m> 	)
[32m(release)[0m> group by
[32m(release)[0m> 	o_orderpriority
[32m(release)[0m> order by
[32m(release)[0m> 	o_orderpriority;
VmRSS Change: 18446744073709551440 KB
===
5 rows total
Execution info: [PARSE: 64 µs 240 ns, SQL TRANSLATE: 0 ns, OPTIMIZE: 0 ns, LQP TRANSLATE: 36 µs 250 ns, EXECUTE: 327 ms 112 µs (wall time) | QUERY PLAN CACHE HITS: 1/1 statement(s)]
After reset, table use_count: 2
WARNING: Table still has 1 other owner(s) after pipeline reset!
Executing script file done
$:hsh mem_usage
------------------------------------------
Memory Usage Statistics:
VmSize:	215677472 kB
VmRSS:	77382404 kB
0: MemResourceStatus {MigratedColumnsAggregate,18446744073709551615,12610235929,10275988050,10275988050,0,0,N/A}
MemResourceStatus {NumaMonotonicResource,3,60000000000,0,0,0,1,0}
MemResourceStatus {NumaMonotonicResource,2,60000000000,1072256,1385537328,16013366936,0,16013399072}
MemResourceStatus {NumaMonotonicResource,1,64000000000,1039541809,3750105123,18917318200,0,18917334668}
0: MemResourceStatus {MemManagerAggregate,18446744073709551615,124000000000,1040614065,5135642451,0,0,N/A}
1: MemResourceStatus {MemManagerAggregate,18446744073709551615,60000000000,0,0,0,1,N/A}
MemResourceStatus {DefaultResource,18446744073709551615,18446744073709551615,0,0,0,-1,N/A}
Quick Memory Usage Overview:
Used Capacity: 11316602115, 0
------------------------------------------
Executing script file: /home/umeshsum/tpch_queries/4.sql
[32m(release)[0m> select
[32m(release)[0m> 	o_orderpriority,
[32m(release)[0m> 	count(*) as order_count
[32m(release)[0m> from
[32m(release)[0m> 	orders
[32m(release)[0m> where
[32m(release)[0m> 	o_orderdate >= date '1993-07-01'
[32m(release)[0m> 	and o_orderdate < date '1993-07-01' + interval '3' month
[32m(release)[0m> 	and exists (
[32m(release)[0m> 		select
[32m(release)[0m> 			*
[32m(release)[0m> 		from
[32m(release)[0m> 			lineitem
[32m(release)[0m> 		where
[32m(release)[0m> 			l_orderkey = o_orderkey
[32m(release)[0m> 			and l_commitdate < l_receiptdate
[32m(release)[0m> 	)
[32m(release)[0m> group by
[32m(release)[0m> 	o_orderpriority
[32m(release)[0m> order by
[32m(release)[0m> 	o_orderpriority;
VmRSS Change: 18446744073709548928 KB
===
5 rows total
Execution info: [PARSE: 96 µs 539 ns, SQL TRANSLATE: 0 ns, OPTIMIZE: 0 ns, LQP TRANSLATE: 36 µs 990 ns, EXECUTE: 313 ms 201 µs (wall time) | QUERY PLAN CACHE HITS: 1/1 statement(s)]
After reset, table use_count: 2
WARNING: Table still has 1 other owner(s) after pipeline reset!
Executing script file done
$:hsh mem_usage
------------------------------------------
Memory Usage Statistics:
VmSize:	215677472 kB
VmRSS:	77379716 kB
0: MemResourceStatus {MigratedColumnsAggregate,18446744073709551615,12610235929,10275988050,10275988050,0,0,N/A}
MemResourceStatus {NumaMonotonicResource,3,60000000000,0,0,0,1,0}
MemResourceStatus {NumaMonotonicResource,2,60000000000,1072256,1385537328,18300990784,0,18301027504}
MemResourceStatus {NumaMonotonicResource,1,64000000000,1039541809,3750105123,18917318200,0,18917334668}
0: MemResourceStatus {MemManagerAggregate,18446744073709551615,124000000000,1040614065,5135642451,0,0,N/A}
1: MemResourceStatus {MemManagerAggregate,18446744073709551615,60000000000,0,0,0,1,N/A}
MemResourceStatus {DefaultResource,18446744073709551615,18446744073709551615,0,0,0,-1,N/A}
Quick Memory Usage Overview:
Used Capacity: 11316602115, 0
------------------------------------------
Executing script file: /home/umeshsum/tpch_queries/4.sql
[32m(release)[0m> select
[32m(release)[0m> 	o_orderpriority,
[32m(release)[0m> 	count(*) as order_count
[32m(release)[0m> from
[32m(release)[0m> 	orders
[32m(release)[0m> where
[32m(release)[0m> 	o_orderdate >= date '1993-07-01'
[32m(release)[0m> 	and o_orderdate < date '1993-07-01' + interval '3' month
[32m(release)[0m> 	and exists (
[32m(release)[0m> 		select
[32m(release)[0m> 			*
[32m(release)[0m> 		from
[32m(release)[0m> 			lineitem
[32m(release)[0m> 		where
[32m(release)[0m> 			l_orderkey = o_orderkey
[32m(release)[0m> 			and l_commitdate < l_receiptdate
[32m(release)[0m> 	)
[32m(release)[0m> group by
[32m(release)[0m> 	o_orderpriority
[32m(release)[0m> order by
[32m(release)[0m> 	o_orderpriority;
VmRSS Change: 52 KB
===
5 rows total
Execution info: [PARSE: 50 µs 929 ns, SQL TRANSLATE: 0 ns, OPTIMIZE: 0 ns, LQP TRANSLATE: 30 µs 890 ns, EXECUTE: 315 ms 236 µs (wall time) | QUERY PLAN CACHE HITS: 1/1 statement(s)]
After reset, table use_count: 2
WARNING: Table still has 1 other owner(s) after pipeline reset!
Executing script file done
$:hsh mem_usage
------------------------------------------
Memory Usage Statistics:
VmSize:	215677472 kB
VmRSS:	77379768 kB
0: MemResourceStatus {MigratedColumnsAggregate,18446744073709551615,12610235929,10275988050,10275988050,0,0,N/A}
MemResourceStatus {NumaMonotonicResource,3,60000000000,0,0,0,1,0}
MemResourceStatus {NumaMonotonicResource,2,60000000000,1072256,1385537328,20588614632,0,20588655968}
MemResourceStatus {NumaMonotonicResource,1,64000000000,1039541809,3750105123,18917318200,0,18917334668}
0: MemResourceStatus {MemManagerAggregate,18446744073709551615,124000000000,1040614065,5135642451,0,0,N/A}
1: MemResourceStatus {MemManagerAggregate,18446744073709551615,60000000000,0,0,0,1,N/A}
MemResourceStatus {DefaultResource,18446744073709551615,18446744073709551615,0,0,0,-1,N/A}
Quick Memory Usage Overview:
Used Capacity: 11316602115, 0
------------------------------------------
Executing script file: /home/umeshsum/tpch_queries/4.sql
[32m(release)[0m> select
[32m(release)[0m> 	o_orderpriority,
[32m(release)[0m> 	count(*) as order_count
[32m(release)[0m> from
[32m(release)[0m> 	orders
[32m(release)[0m> where
[32m(release)[0m> 	o_orderdate >= date '1993-07-01'
[32m(release)[0m> 	and o_orderdate < date '1993-07-01' + interval '3' month
[32m(release)[0m> 	and exists (
[32m(release)[0m> 		select
[32m(release)[0m> 			*
[32m(release)[0m> 		from
[32m(release)[0m> 			lineitem
[32m(release)[0m> 		where
[32m(release)[0m> 			l_orderkey = o_orderkey
[32m(release)[0m> 			and l_commitdate < l_receiptdate
[32m(release)[0m> 	)
[32m(release)[0m> group by
[32m(release)[0m> 	o_orderpriority
[32m(release)[0m> order by
[32m(release)[0m> 	o_orderpriority;
VmRSS Change: 12 KB
===
5 rows total
Execution info: [PARSE: 56 µs 949 ns, SQL TRANSLATE: 0 ns, OPTIMIZE: 0 ns, LQP TRANSLATE: 44 µs 629 ns, EXECUTE: 298 ms 847 µs (wall time) | QUERY PLAN CACHE HITS: 1/1 statement(s)]
After reset, table use_count: 2
WARNING: Table still has 1 other owner(s) after pipeline reset!
Executing script file done
$:hsh mem_usage
------------------------------------------
Memory Usage Statistics:
VmSize:	215677472 kB
VmRSS:	77379780 kB
0: MemResourceStatus {MigratedColumnsAggregate,18446744073709551615,12610235929,10275988050,10275988050,0,0,N/A}
MemResourceStatus {NumaMonotonicResource,3,60000000000,0,0,0,1,0}
MemResourceStatus {NumaMonotonicResource,2,60000000000,1072256,1385537328,22876238480,0,22876284384}
MemResourceStatus {NumaMonotonicResource,1,64000000000,1039541809,3750105123,18917318200,0,18917334668}
0: MemResourceStatus {MemManagerAggregate,18446744073709551615,124000000000,1040614065,5135642451,0,0,N/A}
1: MemResourceStatus {MemManagerAggregate,18446744073709551615,60000000000,0,0,0,1,N/A}
MemResourceStatus {DefaultResource,18446744073709551615,18446744073709551615,0,0,0,-1,N/A}
Quick Memory Usage Overview:
Used Capacity: 11316602115, 0
------------------------------------------
Label set to d60000000000_tf60000000000_q5
$:hsh clear_plan_caches
Cleared PQP and LQP caches
$:hsh clear_pipeline
Released last SQLPipeline
$:hsh reset_exec_pools
Reset execution pools (2, 3) bump pointers to start
$:hsh mem_usage
------------------------------------------
Memory Usage Statistics:
VmSize:	215677472 kB
VmRSS:	77379780 kB
0: MemResourceStatus {MigratedColumnsAggregate,18446744073709551615,12610235929,10275988050,10275988050,0,0,N/A}
MemResourceStatus {NumaMonotonicResource,3,60000000000,0,0,0,1,0}
MemResourceStatus {NumaMonotonicResource,2,60000000000,0,0,0,0,0}
MemResourceStatus {NumaMonotonicResource,1,64000000000,1039541809,3750105123,18917318200,0,18917334668}
0: MemResourceStatus {MemManagerAggregate,18446744073709551615,124000000000,1039541809,3750105123,0,0,N/A}
1: MemResourceStatus {MemManagerAggregate,18446744073709551615,60000000000,0,0,0,1,N/A}
MemResourceStatus {DefaultResource,18446744073709551615,18446744073709551615,0,0,0,-1,N/A}
Quick Memory Usage Overview:
Used Capacity: 11315529859, 0
------------------------------------------
Executing script file: /home/umeshsum/tpch_queries/5.sql
[32m(release)[0m> select
[32m(release)[0m> 	n_name,
[32m(release)[0m> 	sum(l_extendedprice * (1 - l_discount)) as revenue
[32m(release)[0m> from
[32m(release)[0m> 	customer,
[32m(release)[0m> 	orders,
[32m(release)[0m> 	lineitem,
[32m(release)[0m> 	supplier,
[32m(release)[0m> 	nation,
[32m(release)[0m> 	region
[32m(release)[0m> where
[32m(release)[0m> 	c_custkey = o_custkey
[32m(release)[0m> 	and l_orderkey = o_orderkey
[32m(release)[0m> 	and l_suppkey = s_suppkey
[32m(release)[0m> 	and c_nationkey = s_nationkey
[32m(release)[0m> 	and s_nationkey = n_nationkey
[32m(release)[0m> 	and n_regionkey = r_regionkey
[32m(release)[0m> 	and r_name = 'ASIA'
[32m(release)[0m> 	and o_orderdate >= date '1994-01-01'
[32m(release)[0m> 	and o_orderdate < date '1994-01-01' + interval '1' year
[32m(release)[0m> group by
[32m(release)[0m> 	n_name
[32m(release)[0m> order by
[32m(release)[0m> 	revenue desc;
VmRSS Change: 184 KB
===
5 rows total
Execution info: [PARSE: 69 µs 759 ns, SQL TRANSLATE: 324 µs 637 ns, OPTIMIZE: 18 ms 722 µs, LQP TRANSLATE: 280 µs 417 ns, EXECUTE: 351 ms 886 µs (wall time) | QUERY PLAN CACHE HITS: 0/1 statement(s)]
After reset, table use_count: 2
WARNING: Table still has 1 other owner(s) after pipeline reset!
Executing script file done
$:hsh mem_usage
------------------------------------------
Memory Usage Statistics:
VmSize:	215677472 kB
VmRSS:	77380140 kB
0: MemResourceStatus {MigratedColumnsAggregate,18446744073709551615,12610235929,10275988050,10275988050,0,0,N/A}
MemResourceStatus {NumaMonotonicResource,3,60000000000,0,0,0,1,0}
MemResourceStatus {NumaMonotonicResource,2,60000000000,1049680,1228437880,3204626372,0,3204633192}
MemResourceStatus {NumaMonotonicResource,1,64000000000,1039541809,3750105123,18917318200,0,18917334668}
0: MemResourceStatus {MemManagerAggregate,18446744073709551615,124000000000,1040591489,4978543003,0,0,N/A}
1: MemResourceStatus {MemManagerAggregate,18446744073709551615,60000000000,0,0,0,1,N/A}
MemResourceStatus {DefaultResource,18446744073709551615,18446744073709551615,0,0,0,-1,N/A}
Quick Memory Usage Overview:
Used Capacity: 11316579539, 0
------------------------------------------
Executing script file: /home/umeshsum/tpch_queries/5.sql
[32m(release)[0m> select
[32m(release)[0m> 	n_name,
[32m(release)[0m> 	sum(l_extendedprice * (1 - l_discount)) as revenue
[32m(release)[0m> from
[32m(release)[0m> 	customer,
[32m(release)[0m> 	orders,
[32m(release)[0m> 	lineitem,
[32m(release)[0m> 	supplier,
[32m(release)[0m> 	nation,
[32m(release)[0m> 	region
[32m(release)[0m> where
[32m(release)[0m> 	c_custkey = o_custkey
[32m(release)[0m> 	and l_orderkey = o_orderkey
[32m(release)[0m> 	and l_suppkey = s_suppkey
[32m(release)[0m> 	and c_nationkey = s_nationkey
[32m(release)[0m> 	and s_nationkey = n_nationkey
[32m(release)[0m> 	and n_regionkey = r_regionkey
[32m(release)[0m> 	and r_name = 'ASIA'
[32m(release)[0m> 	and o_orderdate >= date '1994-01-01'
[32m(release)[0m> 	and o_orderdate < date '1994-01-01' + interval '1' year
[32m(release)[0m> group by
[32m(release)[0m> 	n_name
[32m(release)[0m> order by
[32m(release)[0m> 	revenue desc;
VmRSS Change: 60 KB
===
5 rows total
Execution info: [PARSE: 70 µs 669 ns, SQL TRANSLATE: 0 ns, OPTIMIZE: 0 ns, LQP TRANSLATE: 58 µs 139 ns, EXECUTE: 337 ms 564 µs (wall time) | QUERY PLAN CACHE HITS: 1/1 statement(s)]
After reset, table use_count: 2
WARNING: Table still has 1 other owner(s) after pipeline reset!
Executing script file done
$:hsh mem_usage
------------------------------------------
Memory Usage Statistics:
VmSize:	215677472 kB
VmRSS:	77380200 kB
0: MemResourceStatus {MigratedColumnsAggregate,18446744073709551615,12610235929,10275988050,10275988050,0,0,N/A}
MemResourceStatus {NumaMonotonicResource,3,60000000000,0,0,0,1,0}
MemResourceStatus {NumaMonotonicResource,2,60000000000,1050368,1228733480,6409252744,0,6409266360}
MemResourceStatus {NumaMonotonicResource,1,64000000000,1039541809,3750105123,18917318200,0,18917334668}
0: MemResourceStatus {MemManagerAggregate,18446744073709551615,124000000000,1040592177,4978838603,0,0,N/A}
1: MemResourceStatus {MemManagerAggregate,18446744073709551615,60000000000,0,0,0,1,N/A}
MemResourceStatus {DefaultResource,18446744073709551615,18446744073709551615,0,0,0,-1,N/A}
Quick Memory Usage Overview:
Used Capacity: 11316580227, 0
------------------------------------------
Executing script file: /home/umeshsum/tpch_queries/5.sql
[32m(release)[0m> select
[32m(release)[0m> 	n_name,
[32m(release)[0m> 	sum(l_extendedprice * (1 - l_discount)) as revenue
[32m(release)[0m> from
[32m(release)[0m> 	customer,
[32m(release)[0m> 	orders,
[32m(release)[0m> 	lineitem,
[32m(release)[0m> 	supplier,
[32m(release)[0m> 	nation,
[32m(release)[0m> 	region
[32m(release)[0m> where
[32m(release)[0m> 	c_custkey = o_custkey
[32m(release)[0m> 	and l_orderkey = o_orderkey
[32m(release)[0m> 	and l_suppkey = s_suppkey
[32m(release)[0m> 	and c_nationkey = s_nationkey
[32m(release)[0m> 	and s_nationkey = n_nationkey
[32m(release)[0m> 	and n_regionkey = r_regionkey
[32m(release)[0m> 	and r_name = 'ASIA'
[32m(release)[0m> 	and o_orderdate >= date '1994-01-01'
[32m(release)[0m> 	and o_orderdate < date '1994-01-01' + interval '1' year
[32m(release)[0m> group by
[32m(release)[0m> 	n_name
[32m(release)[0m> order by
[32m(release)[0m> 	revenue desc;
VmRSS Change: 376 KB
===
5 rows total
Execution info: [PARSE: 67 µs 449 ns, SQL TRANSLATE: 0 ns, OPTIMIZE: 0 ns, LQP TRANSLATE: 46 µs 850 ns, EXECUTE: 334 ms 77 µs (wall time) | QUERY PLAN CACHE HITS: 1/1 statement(s)]
After reset, table use_count: 2
WARNING: Table still has 1 other owner(s) after pipeline reset!
Executing script file done
$:hsh mem_usage
------------------------------------------
Memory Usage Statistics:
VmSize:	215677472 kB
VmRSS:	77380576 kB
0: MemResourceStatus {MigratedColumnsAggregate,18446744073709551615,12610235929,10275988050,10275988050,0,0,N/A}
MemResourceStatus {NumaMonotonicResource,3,60000000000,0,0,0,1,0}
MemResourceStatus {NumaMonotonicResource,2,60000000000,1050368,1228897320,9613879116,0,9613899528}
MemResourceStatus {NumaMonotonicResource,1,64000000000,1039541809,3750105123,18917318200,0,18917334668}
0: MemResourceStatus {MemManagerAggregate,18446744073709551615,124000000000,1040592177,4979002443,0,0,N/A}
1: MemResourceStatus {MemManagerAggregate,18446744073709551615,60000000000,0,0,0,1,N/A}
MemResourceStatus {DefaultResource,18446744073709551615,18446744073709551615,0,0,0,-1,N/A}
Quick Memory Usage Overview:
Used Capacity: 11316580227, 0
------------------------------------------
Executing script file: /home/umeshsum/tpch_queries/5.sql
[32m(release)[0m> select
[32m(release)[0m> 	n_name,
[32m(release)[0m> 	sum(l_extendedprice * (1 - l_discount)) as revenue
[32m(release)[0m> from
[32m(release)[0m> 	customer,
[32m(release)[0m> 	orders,
[32m(release)[0m> 	lineitem,
[32m(release)[0m> 	supplier,
[32m(release)[0m> 	nation,
[32m(release)[0m> 	region
[32m(release)[0m> where
[32m(release)[0m> 	c_custkey = o_custkey
[32m(release)[0m> 	and l_orderkey = o_orderkey
[32m(release)[0m> 	and l_suppkey = s_suppkey
[32m(release)[0m> 	and c_nationkey = s_nationkey
[32m(release)[0m> 	and s_nationkey = n_nationkey
[32m(release)[0m> 	and n_regionkey = r_regionkey
[32m(release)[0m> 	and r_name = 'ASIA'
[32m(release)[0m> 	and o_orderdate >= date '1994-01-01'
[32m(release)[0m> 	and o_orderdate < date '1994-01-01' + interval '1' year
[32m(release)[0m> group by
[32m(release)[0m> 	n_name
[32m(release)[0m> order by
[32m(release)[0m> 	revenue desc;
VmRSS Change: 84 KB
===
5 rows total
Execution info: [PARSE: 78 µs 669 ns, SQL TRANSLATE: 0 ns, OPTIMIZE: 0 ns, LQP TRANSLATE: 52 µs 880 ns, EXECUTE: 334 ms 314 µs (wall time) | QUERY PLAN CACHE HITS: 1/1 statement(s)]
After reset, table use_count: 2
WARNING: Table still has 1 other owner(s) after pipeline reset!
Executing script file done
$:hsh mem_usage
------------------------------------------
Memory Usage Statistics:
VmSize:	215677472 kB
VmRSS:	77380660 kB
0: MemResourceStatus {MigratedColumnsAggregate,18446744073709551615,12610235929,10275988050,10275988050,0,0,N/A}
MemResourceStatus {NumaMonotonicResource,3,60000000000,0,0,0,1,0}
MemResourceStatus {NumaMonotonicResource,2,60000000000,1050368,1228897320,12818505488,0,12818532648}
MemResourceStatus {NumaMonotonicResource,1,64000000000,1039541809,3750105123,18917318200,0,18917334668}
0: MemResourceStatus {MemManagerAggregate,18446744073709551615,124000000000,1040592177,4979002443,0,0,N/A}
1: MemResourceStatus {MemManagerAggregate,18446744073709551615,60000000000,0,0,0,1,N/A}
MemResourceStatus {DefaultResource,18446744073709551615,18446744073709551615,0,0,0,-1,N/A}
Quick Memory Usage Overview:
Used Capacity: 11316580227, 0
------------------------------------------
Executing script file: /home/umeshsum/tpch_queries/5.sql
[32m(release)[0m> select
[32m(release)[0m> 	n_name,
[32m(release)[0m> 	sum(l_extendedprice * (1 - l_discount)) as revenue
[32m(release)[0m> from
[32m(release)[0m> 	customer,
[32m(release)[0m> 	orders,
[32m(release)[0m> 	lineitem,
[32m(release)[0m> 	supplier,
[32m(release)[0m> 	nation,
[32m(release)[0m> 	region
[32m(release)[0m> where
[32m(release)[0m> 	c_custkey = o_custkey
[32m(release)[0m> 	and l_orderkey = o_orderkey
[32m(release)[0m> 	and l_suppkey = s_suppkey
[32m(release)[0m> 	and c_nationkey = s_nationkey
[32m(release)[0m> 	and s_nationkey = n_nationkey
[32m(release)[0m> 	and n_regionkey = r_regionkey
[32m(release)[0m> 	and r_name = 'ASIA'
[32m(release)[0m> 	and o_orderdate >= date '1994-01-01'
[32m(release)[0m> 	and o_orderdate < date '1994-01-01' + interval '1' year
[32m(release)[0m> group by
[32m(release)[0m> 	n_name
[32m(release)[0m> order by
[32m(release)[0m> 	revenue desc;
VmRSS Change: 36 KB
===
5 rows total
Execution info: [PARSE: 65 µs 149 ns, SQL TRANSLATE: 0 ns, OPTIMIZE: 0 ns, LQP TRANSLATE: 46 µs 979 ns, EXECUTE: 333 ms 619 µs (wall time) | QUERY PLAN CACHE HITS: 1/1 statement(s)]
After reset, table use_count: 2
WARNING: Table still has 1 other owner(s) after pipeline reset!
Executing script file done
$:hsh mem_usage
------------------------------------------
Memory Usage Statistics:
VmSize:	215677472 kB
VmRSS:	77380696 kB
0: MemResourceStatus {MigratedColumnsAggregate,18446744073709551615,12610235929,10275988050,10275988050,0,0,N/A}
MemResourceStatus {NumaMonotonicResource,3,60000000000,0,0,0,1,0}
MemResourceStatus {NumaMonotonicResource,2,60000000000,1050368,1228962856,16023131860,0,16023165800}
MemResourceStatus {NumaMonotonicResource,1,64000000000,1039541809,3750105123,18917318200,0,18917334668}
0: MemResourceStatus {MemManagerAggregate,18446744073709551615,124000000000,1040592177,4979067979,0,0,N/A}
1: MemResourceStatus {MemManagerAggregate,18446744073709551615,60000000000,0,0,0,1,N/A}
MemResourceStatus {DefaultResource,18446744073709551615,18446744073709551615,0,0,0,-1,N/A}
Quick Memory Usage Overview:
Used Capacity: 11316580227, 0
------------------------------------------
Executing script file: /home/umeshsum/tpch_queries/5.sql
[32m(release)[0m> select
[32m(release)[0m> 	n_name,
[32m(release)[0m> 	sum(l_extendedprice * (1 - l_discount)) as revenue
[32m(release)[0m> from
[32m(release)[0m> 	customer,
[32m(release)[0m> 	orders,
[32m(release)[0m> 	lineitem,
[32m(release)[0m> 	supplier,
[32m(release)[0m> 	nation,
[32m(release)[0m> 	region
[32m(release)[0m> where
[32m(release)[0m> 	c_custkey = o_custkey
[32m(release)[0m> 	and l_orderkey = o_orderkey
[32m(release)[0m> 	and l_suppkey = s_suppkey
[32m(release)[0m> 	and c_nationkey = s_nationkey
[32m(release)[0m> 	and s_nationkey = n_nationkey
[32m(release)[0m> 	and n_regionkey = r_regionkey
[32m(release)[0m> 	and r_name = 'ASIA'
[32m(release)[0m> 	and o_orderdate >= date '1994-01-01'
[32m(release)[0m> 	and o_orderdate < date '1994-01-01' + interval '1' year
[32m(release)[0m> group by
[32m(release)[0m> 	n_name
[32m(release)[0m> order by
[32m(release)[0m> 	revenue desc;
VmRSS Change: 18446744073709551612 KB
===
5 rows total
Execution info: [PARSE: 66 µs 669 ns, SQL TRANSLATE: 0 ns, OPTIMIZE: 0 ns, LQP TRANSLATE: 45 µs 269 ns, EXECUTE: 332 ms 968 µs (wall time) | QUERY PLAN CACHE HITS: 1/1 statement(s)]
After reset, table use_count: 2
WARNING: Table still has 1 other owner(s) after pipeline reset!
Executing script file done
$:hsh mem_usage
------------------------------------------
Memory Usage Statistics:
VmSize:	215677472 kB
VmRSS:	77380684 kB
0: MemResourceStatus {MigratedColumnsAggregate,18446744073709551615,12610235929,10275988050,10275988050,0,0,N/A}
MemResourceStatus {NumaMonotonicResource,3,60000000000,0,0,0,1,0}
MemResourceStatus {NumaMonotonicResource,2,60000000000,1050368,1228962856,19227758232,0,19227798936}
MemResourceStatus {NumaMonotonicResource,1,64000000000,1039541809,3750105123,18917318200,0,18917334668}
0: MemResourceStatus {MemManagerAggregate,18446744073709551615,124000000000,1040592177,4979067979,0,0,N/A}
1: MemResourceStatus {MemManagerAggregate,18446744073709551615,60000000000,0,0,0,1,N/A}
MemResourceStatus {DefaultResource,18446744073709551615,18446744073709551615,0,0,0,-1,N/A}
Quick Memory Usage Overview:
Used Capacity: 11316580227, 0
------------------------------------------
Executing script file: /home/umeshsum/tpch_queries/5.sql
[32m(release)[0m> select
[32m(release)[0m> 	n_name,
[32m(release)[0m> 	sum(l_extendedprice * (1 - l_discount)) as revenue
[32m(release)[0m> from
[32m(release)[0m> 	customer,
[32m(release)[0m> 	orders,
[32m(release)[0m> 	lineitem,
[32m(release)[0m> 	supplier,
[32m(release)[0m> 	nation,
[32m(release)[0m> 	region
[32m(release)[0m> where
[32m(release)[0m> 	c_custkey = o_custkey
[32m(release)[0m> 	and l_orderkey = o_orderkey
[32m(release)[0m> 	and l_suppkey = s_suppkey
[32m(release)[0m> 	and c_nationkey = s_nationkey
[32m(release)[0m> 	and s_nationkey = n_nationkey
[32m(release)[0m> 	and n_regionkey = r_regionkey
[32m(release)[0m> 	and r_name = 'ASIA'
[32m(release)[0m> 	and o_orderdate >= date '1994-01-01'
[32m(release)[0m> 	and o_orderdate < date '1994-01-01' + interval '1' year
[32m(release)[0m> group by
[32m(release)[0m> 	n_name
[32m(release)[0m> order by
[32m(release)[0m> 	revenue desc;
VmRSS Change: 18446744073709551580 KB
===
5 rows total
Execution info: [PARSE: 64 µs 900 ns, SQL TRANSLATE: 0 ns, OPTIMIZE: 0 ns, LQP TRANSLATE: 47 µs 409 ns, EXECUTE: 334 ms 639 µs (wall time) | QUERY PLAN CACHE HITS: 1/1 statement(s)]
After reset, table use_count: 2
WARNING: Table still has 1 other owner(s) after pipeline reset!
Executing script file done
$:hsh mem_usage
------------------------------------------
Memory Usage Statistics:
VmSize:	215677472 kB
VmRSS:	77380648 kB
0: MemResourceStatus {MigratedColumnsAggregate,18446744073709551615,12610235929,10275988050,10275988050,0,0,N/A}
MemResourceStatus {NumaMonotonicResource,3,60000000000,0,0,0,1,0}
MemResourceStatus {NumaMonotonicResource,2,60000000000,1050368,1228962856,22432384604,0,22432432072}
MemResourceStatus {NumaMonotonicResource,1,64000000000,1039541809,3750105123,18917318200,0,18917334668}
0: MemResourceStatus {MemManagerAggregate,18446744073709551615,124000000000,1040592177,4979067979,0,0,N/A}
1: MemResourceStatus {MemManagerAggregate,18446744073709551615,60000000000,0,0,0,1,N/A}
MemResourceStatus {DefaultResource,18446744073709551615,18446744073709551615,0,0,0,-1,N/A}
Quick Memory Usage Overview:
Used Capacity: 11316580227, 0
------------------------------------------
Executing script file: /home/umeshsum/tpch_queries/5.sql
[32m(release)[0m> select
[32m(release)[0m> 	n_name,
[32m(release)[0m> 	sum(l_extendedprice * (1 - l_discount)) as revenue
[32m(release)[0m> from
[32m(release)[0m> 	customer,
[32m(release)[0m> 	orders,
[32m(release)[0m> 	lineitem,
[32m(release)[0m> 	supplier,
[32m(release)[0m> 	nation,
[32m(release)[0m> 	region
[32m(release)[0m> where
[32m(release)[0m> 	c_custkey = o_custkey
[32m(release)[0m> 	and l_orderkey = o_orderkey
[32m(release)[0m> 	and l_suppkey = s_suppkey
[32m(release)[0m> 	and c_nationkey = s_nationkey
[32m(release)[0m> 	and s_nationkey = n_nationkey
[32m(release)[0m> 	and n_regionkey = r_regionkey
[32m(release)[0m> 	and r_name = 'ASIA'
[32m(release)[0m> 	and o_orderdate >= date '1994-01-01'
[32m(release)[0m> 	and o_orderdate < date '1994-01-01' + interval '1' year
[32m(release)[0m> group by
[32m(release)[0m> 	n_name
[32m(release)[0m> order by
[32m(release)[0m> 	revenue desc;
VmRSS Change: 48 KB
===
5 rows total
Execution info: [PARSE: 65 µs 629 ns, SQL TRANSLATE: 0 ns, OPTIMIZE: 0 ns, LQP TRANSLATE: 46 µs 569 ns, EXECUTE: 336 ms 433 µs (wall time) | QUERY PLAN CACHE HITS: 1/1 statement(s)]
After reset, table use_count: 2
WARNING: Table still has 1 other owner(s) after pipeline reset!
Executing script file done
$:hsh mem_usage
------------------------------------------
Memory Usage Statistics:
VmSize:	215677472 kB
VmRSS:	77380696 kB
0: MemResourceStatus {MigratedColumnsAggregate,18446744073709551615,12610235929,10275988050,10275988050,0,0,N/A}
MemResourceStatus {NumaMonotonicResource,3,60000000000,0,0,0,1,0}
MemResourceStatus {NumaMonotonicResource,2,60000000000,1050368,1228962856,25637010976,0,25637065288}
MemResourceStatus {NumaMonotonicResource,1,64000000000,1039541809,3750105123,18917318200,0,18917334668}
0: MemResourceStatus {MemManagerAggregate,18446744073709551615,124000000000,1040592177,4979067979,0,0,N/A}
1: MemResourceStatus {MemManagerAggregate,18446744073709551615,60000000000,0,0,0,1,N/A}
MemResourceStatus {DefaultResource,18446744073709551615,18446744073709551615,0,0,0,-1,N/A}
Quick Memory Usage Overview:
Used Capacity: 11316580227, 0
------------------------------------------
Executing script file: /home/umeshsum/tpch_queries/5.sql
[32m(release)[0m> select
[32m(release)[0m> 	n_name,
[32m(release)[0m> 	sum(l_extendedprice * (1 - l_discount)) as revenue
[32m(release)[0m> from
[32m(release)[0m> 	customer,
[32m(release)[0m> 	orders,
[32m(release)[0m> 	lineitem,
[32m(release)[0m> 	supplier,
[32m(release)[0m> 	nation,
[32m(release)[0m> 	region
[32m(release)[0m> where
[32m(release)[0m> 	c_custkey = o_custkey
[32m(release)[0m> 	and l_orderkey = o_orderkey
[32m(release)[0m> 	and l_suppkey = s_suppkey
[32m(release)[0m> 	and c_nationkey = s_nationkey
[32m(release)[0m> 	and s_nationkey = n_nationkey
[32m(release)[0m> 	and n_regionkey = r_regionkey
[32m(release)[0m> 	and r_name = 'ASIA'
[32m(release)[0m> 	and o_orderdate >= date '1994-01-01'
[32m(release)[0m> 	and o_orderdate < date '1994-01-01' + interval '1' year
[32m(release)[0m> group by
[32m(release)[0m> 	n_name
[32m(release)[0m> order by
[32m(release)[0m> 	revenue desc;
VmRSS Change: 212 KB
===
5 rows total
Execution info: [PARSE: 67 µs 39 ns, SQL TRANSLATE: 0 ns, OPTIMIZE: 0 ns, LQP TRANSLATE: 47 µs 520 ns, EXECUTE: 333 ms 343 µs (wall time) | QUERY PLAN CACHE HITS: 1/1 statement(s)]
After reset, table use_count: 2
WARNING: Table still has 1 other owner(s) after pipeline reset!
Executing script file done
$:hsh mem_usage
------------------------------------------
Memory Usage Statistics:
VmSize:	215677472 kB
VmRSS:	77380892 kB
0: MemResourceStatus {MigratedColumnsAggregate,18446744073709551615,12610235929,10275988050,10275988050,0,0,N/A}
MemResourceStatus {NumaMonotonicResource,3,60000000000,0,0,0,1,0}
MemResourceStatus {NumaMonotonicResource,2,60000000000,1050368,1228962856,28841637348,0,28841698472}
MemResourceStatus {NumaMonotonicResource,1,64000000000,1039541809,3750105123,18917318200,0,18917334668}
0: MemResourceStatus {MemManagerAggregate,18446744073709551615,124000000000,1040592177,4979067979,0,0,N/A}
1: MemResourceStatus {MemManagerAggregate,18446744073709551615,60000000000,0,0,0,1,N/A}
MemResourceStatus {DefaultResource,18446744073709551615,18446744073709551615,0,0,0,-1,N/A}
Quick Memory Usage Overview:
Used Capacity: 11316580227, 0
------------------------------------------
Executing script file: /home/umeshsum/tpch_queries/5.sql
[32m(release)[0m> select
[32m(release)[0m> 	n_name,
[32m(release)[0m> 	sum(l_extendedprice * (1 - l_discount)) as revenue
[32m(release)[0m> from
[32m(release)[0m> 	customer,
[32m(release)[0m> 	orders,
[32m(release)[0m> 	lineitem,
[32m(release)[0m> 	supplier,
[32m(release)[0m> 	nation,
[32m(release)[0m> 	region
[32m(release)[0m> where
[32m(release)[0m> 	c_custkey = o_custkey
[32m(release)[0m> 	and l_orderkey = o_orderkey
[32m(release)[0m> 	and l_suppkey = s_suppkey
[32m(release)[0m> 	and c_nationkey = s_nationkey
[32m(release)[0m> 	and s_nationkey = n_nationkey
[32m(release)[0m> 	and n_regionkey = r_regionkey
[32m(release)[0m> 	and r_name = 'ASIA'
[32m(release)[0m> 	and o_orderdate >= date '1994-01-01'
[32m(release)[0m> 	and o_orderdate < date '1994-01-01' + interval '1' year
[32m(release)[0m> group by
[32m(release)[0m> 	n_name
[32m(release)[0m> order by
[32m(release)[0m> 	revenue desc;
VmRSS Change: 24 KB
===
5 rows total
Execution info: [PARSE: 64 µs 980 ns, SQL TRANSLATE: 0 ns, OPTIMIZE: 0 ns, LQP TRANSLATE: 46 µs 749 ns, EXECUTE: 335 ms 791 µs (wall time) | QUERY PLAN CACHE HITS: 1/1 statement(s)]
After reset, table use_count: 2
WARNING: Table still has 1 other owner(s) after pipeline reset!
Executing script file done
$:hsh mem_usage
------------------------------------------
Memory Usage Statistics:
VmSize:	215677472 kB
VmRSS:	77380916 kB
0: MemResourceStatus {MigratedColumnsAggregate,18446744073709551615,12610235929,10275988050,10275988050,0,0,N/A}
MemResourceStatus {NumaMonotonicResource,3,60000000000,0,0,0,1,0}
MemResourceStatus {NumaMonotonicResource,2,60000000000,1050368,1228962856,32046263720,0,32046331624}
MemResourceStatus {NumaMonotonicResource,1,64000000000,1039541809,3750105123,18917318200,0,18917334668}
0: MemResourceStatus {MemManagerAggregate,18446744073709551615,124000000000,1040592177,4979067979,0,0,N/A}
1: MemResourceStatus {MemManagerAggregate,18446744073709551615,60000000000,0,0,0,1,N/A}
MemResourceStatus {DefaultResource,18446744073709551615,18446744073709551615,0,0,0,-1,N/A}
Quick Memory Usage Overview:
Used Capacity: 11316580227, 0
------------------------------------------
Label set to d60000000000_tf60000000000_q6
$:hsh clear_plan_caches
Cleared PQP and LQP caches
$:hsh clear_pipeline
Released last SQLPipeline
$:hsh reset_exec_pools
Reset execution pools (2, 3) bump pointers to start
$:hsh mem_usage
------------------------------------------
Memory Usage Statistics:
VmSize:	215677472 kB
VmRSS:	77380916 kB
0: MemResourceStatus {MigratedColumnsAggregate,18446744073709551615,12610235929,10275988050,10275988050,0,0,N/A}
MemResourceStatus {NumaMonotonicResource,3,60000000000,0,0,0,1,0}
MemResourceStatus {NumaMonotonicResource,2,60000000000,0,0,0,0,0}
MemResourceStatus {NumaMonotonicResource,1,64000000000,1039541809,3750105123,18917318200,0,18917334668}
0: MemResourceStatus {MemManagerAggregate,18446744073709551615,124000000000,1039541809,3750105123,0,0,N/A}
1: MemResourceStatus {MemManagerAggregate,18446744073709551615,60000000000,0,0,0,1,N/A}
MemResourceStatus {DefaultResource,18446744073709551615,18446744073709551615,0,0,0,-1,N/A}
Quick Memory Usage Overview:
Used Capacity: 11315529859, 0
------------------------------------------
Executing script file: /home/umeshsum/tpch_queries/6.sql
[32m(release)[0m> select
[32m(release)[0m> 	sum(l_extendedprice * l_discount) as revenue
[32m(release)[0m> from
[32m(release)[0m> 	lineitem
[32m(release)[0m> where
[32m(release)[0m> 	l_shipdate >= date '1994-01-01'
[32m(release)[0m> 	and l_shipdate < date '1994-01-01' + interval '1' year
[32m(release)[0m> 	and l_discount between .06 - 0.01 and .06 + 0.01
[32m(release)[0m> 	and l_quantity < 24;
VmRSS Change: 164 KB
===
1 rows total
Execution info: [PARSE: 50 µs 499 ns, SQL TRANSLATE: 141 µs 799 ns, OPTIMIZE: 4 ms 54 µs, LQP TRANSLATE: 58 µs 190 ns, EXECUTE: 48 ms 34 µs (wall time) | QUERY PLAN CACHE HITS: 0/1 statement(s)]
After reset, table use_count: 2
WARNING: Table still has 1 other owner(s) after pipeline reset!
Executing script file done
$:hsh mem_usage
------------------------------------------
Memory Usage Statistics:
VmSize:	215677472 kB
VmRSS:	77381136 kB
0: MemResourceStatus {MigratedColumnsAggregate,18446744073709551615,12610235929,10275988050,10275988050,0,0,N/A}
MemResourceStatus {NumaMonotonicResource,3,60000000000,0,0,0,1,0}
MemResourceStatus {NumaMonotonicResource,2,60000000000,432,121130056,264026752,0,264028072}
MemResourceStatus {NumaMonotonicResource,1,64000000000,1039541809,3750105123,18917318200,0,18917334668}
0: MemResourceStatus {MemManagerAggregate,18446744073709551615,124000000000,1039542241,3871235179,0,0,N/A}
1: MemResourceStatus {MemManagerAggregate,18446744073709551615,60000000000,0,0,0,1,N/A}
MemResourceStatus {DefaultResource,18446744073709551615,18446744073709551615,0,0,0,-1,N/A}
Quick Memory Usage Overview:
Used Capacity: 11315530291, 0
------------------------------------------
Executing script file: /home/umeshsum/tpch_queries/6.sql
[32m(release)[0m> select
[32m(release)[0m> 	sum(l_extendedprice * l_discount) as revenue
[32m(release)[0m> from
[32m(release)[0m> 	lineitem
[32m(release)[0m> where
[32m(release)[0m> 	l_shipdate >= date '1994-01-01'
[32m(release)[0m> 	and l_shipdate < date '1994-01-01' + interval '1' year
[32m(release)[0m> 	and l_discount between .06 - 0.01 and .06 + 0.01
[32m(release)[0m> 	and l_quantity < 24;
VmRSS Change: 16 KB
===
1 rows total
Execution info: [PARSE: 47 µs 669 ns, SQL TRANSLATE: 0 ns, OPTIMIZE: 0 ns, LQP TRANSLATE: 32 µs 760 ns, EXECUTE: 47 ms 423 µs (wall time) | QUERY PLAN CACHE HITS: 1/1 statement(s)]
After reset, table use_count: 2
WARNING: Table still has 1 other owner(s) after pipeline reset!
Executing script file done
$:hsh mem_usage
------------------------------------------
Memory Usage Statistics:
VmSize:	215677472 kB
VmRSS:	77381152 kB
0: MemResourceStatus {MigratedColumnsAggregate,18446744073709551615,12610235929,10275988050,10275988050,0,0,N/A}
MemResourceStatus {NumaMonotonicResource,3,60000000000,0,0,0,1,0}
MemResourceStatus {NumaMonotonicResource,2,60000000000,712,121130056,528053456,0,528056120}
MemResourceStatus {NumaMonotonicResource,1,64000000000,1039541809,3750105123,18917318200,0,18917334668}
0: MemResourceStatus {MemManagerAggregate,18446744073709551615,124000000000,1039542521,3871235179,0,0,N/A}
1: MemResourceStatus {MemManagerAggregate,18446744073709551615,60000000000,0,0,0,1,N/A}
MemResourceStatus {DefaultResource,18446744073709551615,18446744073709551615,0,0,0,-1,N/A}
Quick Memory Usage Overview:
Used Capacity: 11315530571, 0
------------------------------------------
Executing script file: /home/umeshsum/tpch_queries/6.sql
[32m(release)[0m> select
[32m(release)[0m> 	sum(l_extendedprice * l_discount) as revenue
[32m(release)[0m> from
[32m(release)[0m> 	lineitem
[32m(release)[0m> where
[32m(release)[0m> 	l_shipdate >= date '1994-01-01'
[32m(release)[0m> 	and l_shipdate < date '1994-01-01' + interval '1' year
[32m(release)[0m> 	and l_discount between .06 - 0.01 and .06 + 0.01
[32m(release)[0m> 	and l_quantity < 24;
VmRSS Change: 44 KB
===
1 rows total
Execution info: [PARSE: 42 µs 0 ns, SQL TRANSLATE: 0 ns, OPTIMIZE: 0 ns, LQP TRANSLATE: 28 µs 450 ns, EXECUTE: 47 ms 333 µs (wall time) | QUERY PLAN CACHE HITS: 1/1 statement(s)]
After reset, table use_count: 2
WARNING: Table still has 1 other owner(s) after pipeline reset!
Executing script file done
$:hsh mem_usage
------------------------------------------
Memory Usage Statistics:
VmSize:	215677472 kB
VmRSS:	77381184 kB
0: MemResourceStatus {MigratedColumnsAggregate,18446744073709551615,12610235929,10275988050,10275988050,0,0,N/A}
MemResourceStatus {NumaMonotonicResource,3,60000000000,0,0,0,1,0}
MemResourceStatus {NumaMonotonicResource,2,60000000000,712,121160120,792080160,0,792084200}
MemResourceStatus {NumaMonotonicResource,1,64000000000,1039541809,3750105123,18917318200,0,18917334668}
0: MemResourceStatus {MemManagerAggregate,18446744073709551615,124000000000,1039542521,3871265243,0,0,N/A}
1: MemResourceStatus {MemManagerAggregate,18446744073709551615,60000000000,0,0,0,1,N/A}
MemResourceStatus {DefaultResource,18446744073709551615,18446744073709551615,0,0,0,-1,N/A}
Quick Memory Usage Overview:
Used Capacity: 11315530571, 0
------------------------------------------
Executing script file: /home/umeshsum/tpch_queries/6.sql
[32m(release)[0m> select
[32m(release)[0m> 	sum(l_extendedprice * l_discount) as revenue
[32m(release)[0m> from
[32m(release)[0m> 	lineitem
[32m(release)[0m> where
[32m(release)[0m> 	l_shipdate >= date '1994-01-01'
[32m(release)[0m> 	and l_shipdate < date '1994-01-01' + interval '1' year
[32m(release)[0m> 	and l_discount between .06 - 0.01 and .06 + 0.01
[32m(release)[0m> 	and l_quantity < 24;
VmRSS Change: 20 KB
===
1 rows total
Execution info: [PARSE: 42 µs 990 ns, SQL TRANSLATE: 0 ns, OPTIMIZE: 0 ns, LQP TRANSLATE: 27 µs 630 ns, EXECUTE: 47 ms 366 µs (wall time) | QUERY PLAN CACHE HITS: 1/1 statement(s)]
After reset, table use_count: 2
WARNING: Table still has 1 other owner(s) after pipeline reset!
Executing script file done
$:hsh mem_usage
------------------------------------------
Memory Usage Statistics:
VmSize:	215677472 kB
VmRSS:	77381204 kB
0: MemResourceStatus {MigratedColumnsAggregate,18446744073709551615,12610235929,10275988050,10275988050,0,0,N/A}
MemResourceStatus {NumaMonotonicResource,3,60000000000,0,0,0,1,0}
MemResourceStatus {NumaMonotonicResource,2,60000000000,712,121160120,1056106864,0,1056112264}
MemResourceStatus {NumaMonotonicResource,1,64000000000,1039541809,3750105123,18917318200,0,18917334668}
0: MemResourceStatus {MemManagerAggregate,18446744073709551615,124000000000,1039542521,3871265243,0,0,N/A}
1: MemResourceStatus {MemManagerAggregate,18446744073709551615,60000000000,0,0,0,1,N/A}
MemResourceStatus {DefaultResource,18446744073709551615,18446744073709551615,0,0,0,-1,N/A}
Quick Memory Usage Overview:
Used Capacity: 11315530571, 0
------------------------------------------
Executing script file: /home/umeshsum/tpch_queries/6.sql
[32m(release)[0m> select
[32m(release)[0m> 	sum(l_extendedprice * l_discount) as revenue
[32m(release)[0m> from
[32m(release)[0m> 	lineitem
[32m(release)[0m> where
[32m(release)[0m> 	l_shipdate >= date '1994-01-01'
[32m(release)[0m> 	and l_shipdate < date '1994-01-01' + interval '1' year
[32m(release)[0m> 	and l_discount between .06 - 0.01 and .06 + 0.01
[32m(release)[0m> 	and l_quantity < 24;
VmRSS Change: 164 KB
===
1 rows total
Execution info: [PARSE: 44 µs 200 ns, SQL TRANSLATE: 0 ns, OPTIMIZE: 0 ns, LQP TRANSLATE: 27 µs 370 ns, EXECUTE: 48 ms 806 µs (wall time) | QUERY PLAN CACHE HITS: 1/1 statement(s)]
After reset, table use_count: 2
WARNING: Table still has 1 other owner(s) after pipeline reset!
Executing script file done
$:hsh mem_usage
------------------------------------------
Memory Usage Statistics:
VmSize:	215677472 kB
VmRSS:	77381368 kB
0: MemResourceStatus {MigratedColumnsAggregate,18446744073709551615,12610235929,10275988050,10275988050,0,0,N/A}
MemResourceStatus {NumaMonotonicResource,3,60000000000,0,0,0,1,0}
MemResourceStatus {NumaMonotonicResource,2,60000000000,712,121160120,1320133568,0,1320140264}
MemResourceStatus {NumaMonotonicResource,1,64000000000,1039541809,3750105123,18917318200,0,18917334668}
0: MemResourceStatus {MemManagerAggregate,18446744073709551615,124000000000,1039542521,3871265243,0,0,N/A}
1: MemResourceStatus {MemManagerAggregate,18446744073709551615,60000000000,0,0,0,1,N/A}
MemResourceStatus {DefaultResource,18446744073709551615,18446744073709551615,0,0,0,-1,N/A}
Quick Memory Usage Overview:
Used Capacity: 11315530571, 0
------------------------------------------
Executing script file: /home/umeshsum/tpch_queries/6.sql
[32m(release)[0m> select
[32m(release)[0m> 	sum(l_extendedprice * l_discount) as revenue
[32m(release)[0m> from
[32m(release)[0m> 	lineitem
[32m(release)[0m> where
[32m(release)[0m> 	l_shipdate >= date '1994-01-01'
[32m(release)[0m> 	and l_shipdate < date '1994-01-01' + interval '1' year
[32m(release)[0m> 	and l_discount between .06 - 0.01 and .06 + 0.01
[32m(release)[0m> 	and l_quantity < 24;
VmRSS Change: 0 KB
===
1 rows total
Execution info: [PARSE: 44 µs 889 ns, SQL TRANSLATE: 0 ns, OPTIMIZE: 0 ns, LQP TRANSLATE: 28 µs 49 ns, EXECUTE: 47 ms 748 µs (wall time) | QUERY PLAN CACHE HITS: 1/1 statement(s)]
After reset, table use_count: 2
WARNING: Table still has 1 other owner(s) after pipeline reset!
Executing script file done
$:hsh mem_usage
------------------------------------------
Memory Usage Statistics:
VmSize:	215677472 kB
VmRSS:	77381368 kB
0: MemResourceStatus {MigratedColumnsAggregate,18446744073709551615,12610235929,10275988050,10275988050,0,0,N/A}
MemResourceStatus {NumaMonotonicResource,3,60000000000,0,0,0,1,0}
MemResourceStatus {NumaMonotonicResource,2,60000000000,712,121160120,1584160272,0,1584168328}
MemResourceStatus {NumaMonotonicResource,1,64000000000,1039541809,3750105123,18917318200,0,18917334668}
0: MemResourceStatus {MemManagerAggregate,18446744073709551615,124000000000,1039542521,3871265243,0,0,N/A}
1: MemResourceStatus {MemManagerAggregate,18446744073709551615,60000000000,0,0,0,1,N/A}
MemResourceStatus {DefaultResource,18446744073709551615,18446744073709551615,0,0,0,-1,N/A}
Quick Memory Usage Overview:
Used Capacity: 11315530571, 0
------------------------------------------
Executing script file: /home/umeshsum/tpch_queries/6.sql
[32m(release)[0m> select
[32m(release)[0m> 	sum(l_extendedprice * l_discount) as revenue
[32m(release)[0m> from
[32m(release)[0m> 	lineitem
[32m(release)[0m> where
[32m(release)[0m> 	l_shipdate >= date '1994-01-01'
[32m(release)[0m> 	and l_shipdate < date '1994-01-01' + interval '1' year
[32m(release)[0m> 	and l_discount between .06 - 0.01 and .06 + 0.01
[32m(release)[0m> 	and l_quantity < 24;
VmRSS Change: 92 KB
===
1 rows total
Execution info: [PARSE: 43 µs 910 ns, SQL TRANSLATE: 0 ns, OPTIMIZE: 0 ns, LQP TRANSLATE: 27 µs 250 ns, EXECUTE: 47 ms 389 µs (wall time) | QUERY PLAN CACHE HITS: 1/1 statement(s)]
After reset, table use_count: 2
WARNING: Table still has 1 other owner(s) after pipeline reset!
Executing script file done
$:hsh mem_usage
------------------------------------------
Memory Usage Statistics:
VmSize:	215677472 kB
VmRSS:	77381460 kB
0: MemResourceStatus {MigratedColumnsAggregate,18446744073709551615,12610235929,10275988050,10275988050,0,0,N/A}
MemResourceStatus {NumaMonotonicResource,3,60000000000,0,0,0,1,0}
MemResourceStatus {NumaMonotonicResource,2,60000000000,712,121160120,1848186976,0,1848196264}
MemResourceStatus {NumaMonotonicResource,1,64000000000,1039541809,3750105123,18917318200,0,18917334668}
0: MemResourceStatus {MemManagerAggregate,18446744073709551615,124000000000,1039542521,3871265243,0,0,N/A}
1: MemResourceStatus {MemManagerAggregate,18446744073709551615,60000000000,0,0,0,1,N/A}
MemResourceStatus {DefaultResource,18446744073709551615,18446744073709551615,0,0,0,-1,N/A}
Quick Memory Usage Overview:
Used Capacity: 11315530571, 0
------------------------------------------
Executing script file: /home/umeshsum/tpch_queries/6.sql
[32m(release)[0m> select
[32m(release)[0m> 	sum(l_extendedprice * l_discount) as revenue
[32m(release)[0m> from
[32m(release)[0m> 	lineitem
[32m(release)[0m> where
[32m(release)[0m> 	l_shipdate >= date '1994-01-01'
[32m(release)[0m> 	and l_shipdate < date '1994-01-01' + interval '1' year
[32m(release)[0m> 	and l_discount between .06 - 0.01 and .06 + 0.01
[32m(release)[0m> 	and l_quantity < 24;
VmRSS Change: 4 KB
===
1 rows total
Execution info: [PARSE: 42 µs 520 ns, SQL TRANSLATE: 0 ns, OPTIMIZE: 0 ns, LQP TRANSLATE: 28 µs 259 ns, EXECUTE: 48 ms 442 µs (wall time) | QUERY PLAN CACHE HITS: 1/1 statement(s)]
After reset, table use_count: 2
WARNING: Table still has 1 other owner(s) after pipeline reset!
Executing script file done
$:hsh mem_usage
------------------------------------------
Memory Usage Statistics:
VmSize:	215677472 kB
VmRSS:	77381464 kB
0: MemResourceStatus {MigratedColumnsAggregate,18446744073709551615,12610235929,10275988050,10275988050,0,0,N/A}
MemResourceStatus {NumaMonotonicResource,3,60000000000,0,0,0,1,0}
MemResourceStatus {NumaMonotonicResource,2,60000000000,712,121160120,2112213680,0,2112224232}
MemResourceStatus {NumaMonotonicResource,1,64000000000,1039541809,3750105123,18917318200,0,18917334668}
0: MemResourceStatus {MemManagerAggregate,18446744073709551615,124000000000,1039542521,3871265243,0,0,N/A}
1: MemResourceStatus {MemManagerAggregate,18446744073709551615,60000000000,0,0,0,1,N/A}
MemResourceStatus {DefaultResource,18446744073709551615,18446744073709551615,0,0,0,-1,N/A}
Quick Memory Usage Overview:
Used Capacity: 11315530571, 0
------------------------------------------
Executing script file: /home/umeshsum/tpch_queries/6.sql
[32m(release)[0m> select
[32m(release)[0m> 	sum(l_extendedprice * l_discount) as revenue
[32m(release)[0m> from
[32m(release)[0m> 	lineitem
[32m(release)[0m> where
[32m(release)[0m> 	l_shipdate >= date '1994-01-01'
[32m(release)[0m> 	and l_shipdate < date '1994-01-01' + interval '1' year
[32m(release)[0m> 	and l_discount between .06 - 0.01 and .06 + 0.01
[32m(release)[0m> 	and l_quantity < 24;
VmRSS Change: 112 KB
===
1 rows total
Execution info: [PARSE: 41 µs 199 ns, SQL TRANSLATE: 0 ns, OPTIMIZE: 0 ns, LQP TRANSLATE: 27 µs 510 ns, EXECUTE: 48 ms 306 µs (wall time) | QUERY PLAN CACHE HITS: 1/1 statement(s)]
After reset, table use_count: 2
WARNING: Table still has 1 other owner(s) after pipeline reset!
Executing script file done
$:hsh mem_usage
------------------------------------------
Memory Usage Statistics:
VmSize:	215677472 kB
VmRSS:	77381576 kB
0: MemResourceStatus {MigratedColumnsAggregate,18446744073709551615,12610235929,10275988050,10275988050,0,0,N/A}
MemResourceStatus {NumaMonotonicResource,3,60000000000,0,0,0,1,0}
MemResourceStatus {NumaMonotonicResource,2,60000000000,712,121160120,2376240384,0,2376252312}
MemResourceStatus {NumaMonotonicResource,1,64000000000,1039541809,3750105123,18917318200,0,18917334668}
0: MemResourceStatus {MemManagerAggregate,18446744073709551615,124000000000,1039542521,3871265243,0,0,N/A}
1: MemResourceStatus {MemManagerAggregate,18446744073709551615,60000000000,0,0,0,1,N/A}
MemResourceStatus {DefaultResource,18446744073709551615,18446744073709551615,0,0,0,-1,N/A}
Quick Memory Usage Overview:
Used Capacity: 11315530571, 0
------------------------------------------
Executing script file: /home/umeshsum/tpch_queries/6.sql
[32m(release)[0m> select
[32m(release)[0m> 	sum(l_extendedprice * l_discount) as revenue
[32m(release)[0m> from
[32m(release)[0m> 	lineitem
[32m(release)[0m> where
[32m(release)[0m> 	l_shipdate >= date '1994-01-01'
[32m(release)[0m> 	and l_shipdate < date '1994-01-01' + interval '1' year
[32m(release)[0m> 	and l_discount between .06 - 0.01 and .06 + 0.01
[32m(release)[0m> 	and l_quantity < 24;
VmRSS Change: 100 KB
===
1 rows total
Execution info: [PARSE: 42 µs 669 ns, SQL TRANSLATE: 0 ns, OPTIMIZE: 0 ns, LQP TRANSLATE: 26 µs 230 ns, EXECUTE: 48 ms 371 µs (wall time) | QUERY PLAN CACHE HITS: 1/1 statement(s)]
After reset, table use_count: 2
WARNING: Table still has 1 other owner(s) after pipeline reset!
Executing script file done
$:hsh mem_usage
------------------------------------------
Memory Usage Statistics:
VmSize:	215677472 kB
VmRSS:	77381676 kB
0: MemResourceStatus {MigratedColumnsAggregate,18446744073709551615,12610235929,10275988050,10275988050,0,0,N/A}
MemResourceStatus {NumaMonotonicResource,3,60000000000,0,0,0,1,0}
MemResourceStatus {NumaMonotonicResource,2,60000000000,712,121160120,2640267088,0,2640280424}
MemResourceStatus {NumaMonotonicResource,1,64000000000,1039541809,3750105123,18917318200,0,18917334668}
0: MemResourceStatus {MemManagerAggregate,18446744073709551615,124000000000,1039542521,3871265243,0,0,N/A}
1: MemResourceStatus {MemManagerAggregate,18446744073709551615,60000000000,0,0,0,1,N/A}
MemResourceStatus {DefaultResource,18446744073709551615,18446744073709551615,0,0,0,-1,N/A}
Quick Memory Usage Overview:
Used Capacity: 11315530571, 0
------------------------------------------
Label set to d60000000000_tf60000000000_q7
$:hsh clear_plan_caches
Cleared PQP and LQP caches
$:hsh clear_pipeline
Released last SQLPipeline
$:hsh reset_exec_pools
Reset execution pools (2, 3) bump pointers to start
$:hsh mem_usage
------------------------------------------
Memory Usage Statistics:
VmSize:	215677472 kB
VmRSS:	77381676 kB
0: MemResourceStatus {MigratedColumnsAggregate,18446744073709551615,12610235929,10275988050,10275988050,0,0,N/A}
MemResourceStatus {NumaMonotonicResource,3,60000000000,0,0,0,1,0}
MemResourceStatus {NumaMonotonicResource,2,60000000000,0,0,0,0,0}
MemResourceStatus {NumaMonotonicResource,1,64000000000,1039541809,3750105123,18917318200,0,18917334668}
0: MemResourceStatus {MemManagerAggregate,18446744073709551615,124000000000,1039541809,3750105123,0,0,N/A}
1: MemResourceStatus {MemManagerAggregate,18446744073709551615,60000000000,0,0,0,1,N/A}
MemResourceStatus {DefaultResource,18446744073709551615,18446744073709551615,0,0,0,-1,N/A}
Quick Memory Usage Overview:
Used Capacity: 11315529859, 0
------------------------------------------
Executing script file: /home/umeshsum/tpch_queries/7.sql
[32m(release)[0m> select
[32m(release)[0m> 	supp_nation,
[32m(release)[0m> 	cust_nation,
[32m(release)[0m> 	l_year,
[32m(release)[0m> 	sum(volume) as revenue
[32m(release)[0m> from
[32m(release)[0m> 	(
[32m(release)[0m> 		select
[32m(release)[0m> 			n1.n_name as supp_nation,
[32m(release)[0m> 			n2.n_name as cust_nation,
[32m(release)[0m> 			extract(year from l_shipdate) as l_year,
[32m(release)[0m> 			l_extendedprice * (1 - l_discount) as volume
[32m(release)[0m> 		from
[32m(release)[0m> 			supplier,
[32m(release)[0m> 			lineitem,
[32m(release)[0m> 			orders,
[32m(release)[0m> 			customer,
[32m(release)[0m> 			nation n1,
[32m(release)[0m> 			nation n2
[32m(release)[0m> 		where
[32m(release)[0m> 			s_suppkey = l_suppkey
[32m(release)[0m> 			and o_orderkey = l_orderkey
[32m(release)[0m> 			and c_custkey = o_custkey
[32m(release)[0m> 			and s_nationkey = n1.n_nationkey
[32m(release)[0m> 			and c_nationkey = n2.n_nationkey
[32m(release)[0m> 			and (
[32m(release)[0m> 				(n1.n_name = 'FRANCE' and n2.n_name = 'GERMANY')
[32m(release)[0m> 				or (n1.n_name = 'GERMANY' and n2.n_name = 'FRANCE')
[32m(release)[0m> 			)
[32m(release)[0m> 			and l_shipdate between date '1995-01-01' and date '1996-12-31'
[32m(release)[0m> 	) as shipping
[32m(release)[0m> group by
[32m(release)[0m> 	supp_nation,
[32m(release)[0m> 	cust_nation,
[32m(release)[0m> 	l_year
[32m(release)[0m> order by
[32m(release)[0m> 	supp_nation,
[32m(release)[0m> 	cust_nation,
[32m(release)[0m> 	l_year;
VmRSS Change: 592 KB
===
4 rows total
Execution info: [PARSE: 92 µs 99 ns, SQL TRANSLATE: 294 µs 827 ns, OPTIMIZE: 22 ms 509 µs, LQP TRANSLATE: 495 µs 825 ns, EXECUTE: 165 ms 658 µs (wall time) | QUERY PLAN CACHE HITS: 0/1 statement(s)]
After reset, table use_count: 2
WARNING: Table still has 1 other owner(s) after pipeline reset!
Executing script file done
$:hsh mem_usage
------------------------------------------
Memory Usage Statistics:
VmSize:	215677472 kB
VmRSS:	77382332 kB
0: MemResourceStatus {MigratedColumnsAggregate,18446744073709551615,12610235929,10275988050,10275988050,0,0,N/A}
MemResourceStatus {NumaMonotonicResource,3,60000000000,0,0,0,1,0}
MemResourceStatus {NumaMonotonicResource,2,60000000000,2566456,719870760,1975015164,0,1975021856}
MemResourceStatus {NumaMonotonicResource,1,64000000000,1039541809,3750105123,18917318200,0,18917334668}
0: MemResourceStatus {MemManagerAggregate,18446744073709551615,124000000000,1042108265,4469975883,0,0,N/A}
1: MemResourceStatus {MemManagerAggregate,18446744073709551615,60000000000,0,0,0,1,N/A}
MemResourceStatus {DefaultResource,18446744073709551615,18446744073709551615,0,0,0,-1,N/A}
Quick Memory Usage Overview:
Used Capacity: 11318096315, 0
------------------------------------------
Executing script file: /home/umeshsum/tpch_queries/7.sql
[32m(release)[0m> select
[32m(release)[0m> 	supp_nation,
[32m(release)[0m> 	cust_nation,
[32m(release)[0m> 	l_year,
[32m(release)[0m> 	sum(volume) as revenue
[32m(release)[0m> from
[32m(release)[0m> 	(
[32m(release)[0m> 		select
[32m(release)[0m> 			n1.n_name as supp_nation,
[32m(release)[0m> 			n2.n_name as cust_nation,
[32m(release)[0m> 			extract(year from l_shipdate) as l_year,
[32m(release)[0m> 			l_extendedprice * (1 - l_discount) as volume
[32m(release)[0m> 		from
[32m(release)[0m> 			supplier,
[32m(release)[0m> 			lineitem,
[32m(release)[0m> 			orders,
[32m(release)[0m> 			customer,
[32m(release)[0m> 			nation n1,
[32m(release)[0m> 			nation n2
[32m(release)[0m> 		where
[32m(release)[0m> 			s_suppkey = l_suppkey
[32m(release)[0m> 			and o_orderkey = l_orderkey
[32m(release)[0m> 			and c_custkey = o_custkey
[32m(release)[0m> 			and s_nationkey = n1.n_nationkey
[32m(release)[0m> 			and c_nationkey = n2.n_nationkey
[32m(release)[0m> 			and (
[32m(release)[0m> 				(n1.n_name = 'FRANCE' and n2.n_name = 'GERMANY')
[32m(release)[0m> 				or (n1.n_name = 'GERMANY' and n2.n_name = 'FRANCE')
[32m(release)[0m> 			)
[32m(release)[0m> 			and l_shipdate between date '1995-01-01' and date '1996-12-31'
[32m(release)[0m> 	) as shipping
[32m(release)[0m> group by
[32m(release)[0m> 	supp_nation,
[32m(release)[0m> 	cust_nation,
[32m(release)[0m> 	l_year
[32m(release)[0m> order by
[32m(release)[0m> 	supp_nation,
[32m(release)[0m> 	cust_nation,
[32m(release)[0m> 	l_year;
VmRSS Change: 416 KB
===
4 rows total
Execution info: [PARSE: 94 µs 239 ns, SQL TRANSLATE: 0 ns, OPTIMIZE: 0 ns, LQP TRANSLATE: 69 µs 349 ns, EXECUTE: 161 ms 472 µs (wall time) | QUERY PLAN CACHE HITS: 1/1 statement(s)]
After reset, table use_count: 2
WARNING: Table still has 1 other owner(s) after pipeline reset!
Executing script file done
$:hsh mem_usage
------------------------------------------
Memory Usage Statistics:
VmSize:	215677472 kB
VmRSS:	77382748 kB
0: MemResourceStatus {MigratedColumnsAggregate,18446744073709551615,12610235929,10275988050,10275988050,0,0,N/A}
MemResourceStatus {NumaMonotonicResource,3,60000000000,0,0,0,1,0}
MemResourceStatus {NumaMonotonicResource,2,60000000000,3034944,750395120,3949499152,0,3949512560}
MemResourceStatus {NumaMonotonicResource,1,64000000000,1039541809,3750105123,18917318200,0,18917334668}
0: MemResourceStatus {MemManagerAggregate,18446744073709551615,124000000000,1042576753,4500500243,0,0,N/A}
1: MemResourceStatus {MemManagerAggregate,18446744073709551615,60000000000,0,0,0,1,N/A}
MemResourceStatus {DefaultResource,18446744073709551615,18446744073709551615,0,0,0,-1,N/A}
Quick Memory Usage Overview:
Used Capacity: 11318564803, 0
------------------------------------------
Executing script file: /home/umeshsum/tpch_queries/7.sql
[32m(release)[0m> select
[32m(release)[0m> 	supp_nation,
[32m(release)[0m> 	cust_nation,
[32m(release)[0m> 	l_year,
[32m(release)[0m> 	sum(volume) as revenue
[32m(release)[0m> from
[32m(release)[0m> 	(
[32m(release)[0m> 		select
[32m(release)[0m> 			n1.n_name as supp_nation,
[32m(release)[0m> 			n2.n_name as cust_nation,
[32m(release)[0m> 			extract(year from l_shipdate) as l_year,
[32m(release)[0m> 			l_extendedprice * (1 - l_discount) as volume
[32m(release)[0m> 		from
[32m(release)[0m> 			supplier,
[32m(release)[0m> 			lineitem,
[32m(release)[0m> 			orders,
[32m(release)[0m> 			customer,
[32m(release)[0m> 			nation n1,
[32m(release)[0m> 			nation n2
[32m(release)[0m> 		where
[32m(release)[0m> 			s_suppkey = l_suppkey
[32m(release)[0m> 			and o_orderkey = l_orderkey
[32m(release)[0m> 			and c_custkey = o_custkey
[32m(release)[0m> 			and s_nationkey = n1.n_nationkey
[32m(release)[0m> 			and c_nationkey = n2.n_nationkey
[32m(release)[0m> 			and (
[32m(release)[0m> 				(n1.n_name = 'FRANCE' and n2.n_name = 'GERMANY')
[32m(release)[0m> 				or (n1.n_name = 'GERMANY' and n2.n_name = 'FRANCE')
[32m(release)[0m> 			)
[32m(release)[0m> 			and l_shipdate between date '1995-01-01' and date '1996-12-31'
[32m(release)[0m> 	) as shipping
[32m(release)[0m> group by
[32m(release)[0m> 	supp_nation,
[32m(release)[0m> 	cust_nation,
[32m(release)[0m> 	l_year
[32m(release)[0m> order by
[32m(release)[0m> 	supp_nation,
[32m(release)[0m> 	cust_nation,
[32m(release)[0m> 	l_year;
VmRSS Change: 416 KB
===
4 rows total
Execution info: [PARSE: 100 µs 39 ns, SQL TRANSLATE: 0 ns, OPTIMIZE: 0 ns, LQP TRANSLATE: 67 µs 940 ns, EXECUTE: 164 ms 40 µs (wall time) | QUERY PLAN CACHE HITS: 1/1 statement(s)]
After reset, table use_count: 2
WARNING: Table still has 1 other owner(s) after pipeline reset!
Executing script file done
$:hsh mem_usage
------------------------------------------
Memory Usage Statistics:
VmSize:	215677472 kB
VmRSS:	77383164 kB
0: MemResourceStatus {MigratedColumnsAggregate,18446744073709551615,12610235929,10275988050,10275988050,0,0,N/A}
MemResourceStatus {NumaMonotonicResource,3,60000000000,0,0,0,1,0}
MemResourceStatus {NumaMonotonicResource,2,60000000000,3034944,750395120,5924117020,0,5924137136}
MemResourceStatus {NumaMonotonicResource,1,64000000000,1039541809,3750105123,18917318200,0,18917334668}
0: MemResourceStatus {MemManagerAggregate,18446744073709551615,124000000000,1042576753,4500500243,0,0,N/A}
1: MemResourceStatus {MemManagerAggregate,18446744073709551615,60000000000,0,0,0,1,N/A}
MemResourceStatus {DefaultResource,18446744073709551615,18446744073709551615,0,0,0,-1,N/A}
Quick Memory Usage Overview:
Used Capacity: 11318564803, 0
------------------------------------------
Executing script file: /home/umeshsum/tpch_queries/7.sql
[32m(release)[0m> select
[32m(release)[0m> 	supp_nation,
[32m(release)[0m> 	cust_nation,
[32m(release)[0m> 	l_year,
[32m(release)[0m> 	sum(volume) as revenue
[32m(release)[0m> from
[32m(release)[0m> 	(
[32m(release)[0m> 		select
[32m(release)[0m> 			n1.n_name as supp_nation,
[32m(release)[0m> 			n2.n_name as cust_nation,
[32m(release)[0m> 			extract(year from l_shipdate) as l_year,
[32m(release)[0m> 			l_extendedprice * (1 - l_discount) as volume
[32m(release)[0m> 		from
[32m(release)[0m> 			supplier,
[32m(release)[0m> 			lineitem,
[32m(release)[0m> 			orders,
[32m(release)[0m> 			customer,
[32m(release)[0m> 			nation n1,
[32m(release)[0m> 			nation n2
[32m(release)[0m> 		where
[32m(release)[0m> 			s_suppkey = l_suppkey
[32m(release)[0m> 			and o_orderkey = l_orderkey
[32m(release)[0m> 			and c_custkey = o_custkey
[32m(release)[0m> 			and s_nationkey = n1.n_nationkey
[32m(release)[0m> 			and c_nationkey = n2.n_nationkey
[32m(release)[0m> 			and (
[32m(release)[0m> 				(n1.n_name = 'FRANCE' and n2.n_name = 'GERMANY')
[32m(release)[0m> 				or (n1.n_name = 'GERMANY' and n2.n_name = 'FRANCE')
[32m(release)[0m> 			)
[32m(release)[0m> 			and l_shipdate between date '1995-01-01' and date '1996-12-31'
[32m(release)[0m> 	) as shipping
[32m(release)[0m> group by
[32m(release)[0m> 	supp_nation,
[32m(release)[0m> 	cust_nation,
[32m(release)[0m> 	l_year
[32m(release)[0m> order by
[32m(release)[0m> 	supp_nation,
[32m(release)[0m> 	cust_nation,
[32m(release)[0m> 	l_year;
VmRSS Change: 444 KB
===
4 rows total
Execution info: [PARSE: 87 µs 849 ns, SQL TRANSLATE: 0 ns, OPTIMIZE: 0 ns, LQP TRANSLATE: 59 µs 9 ns, EXECUTE: 166 ms 119 µs (wall time) | QUERY PLAN CACHE HITS: 1/1 statement(s)]
After reset, table use_count: 2
WARNING: Table still has 1 other owner(s) after pipeline reset!
Executing script file done
$:hsh mem_usage
------------------------------------------
Memory Usage Statistics:
VmSize:	215677472 kB
VmRSS:	77383608 kB
0: MemResourceStatus {MigratedColumnsAggregate,18446744073709551615,12610235929,10275988050,10275988050,0,0,N/A}
MemResourceStatus {NumaMonotonicResource,3,60000000000,0,0,0,1,0}
MemResourceStatus {NumaMonotonicResource,2,60000000000,3034944,750517796,7898734888,0,7898761712}
MemResourceStatus {NumaMonotonicResource,1,64000000000,1039541809,3750105123,18917318200,0,18917334668}
0: MemResourceStatus {MemManagerAggregate,18446744073709551615,124000000000,1042576753,4500622919,0,0,N/A}
1: MemResourceStatus {MemManagerAggregate,18446744073709551615,60000000000,0,0,0,1,N/A}
MemResourceStatus {DefaultResource,18446744073709551615,18446744073709551615,0,0,0,-1,N/A}
Quick Memory Usage Overview:
Used Capacity: 11318564803, 0
------------------------------------------
Executing script file: /home/umeshsum/tpch_queries/7.sql
[32m(release)[0m> select
[32m(release)[0m> 	supp_nation,
[32m(release)[0m> 	cust_nation,
[32m(release)[0m> 	l_year,
[32m(release)[0m> 	sum(volume) as revenue
[32m(release)[0m> from
[32m(release)[0m> 	(
[32m(release)[0m> 		select
[32m(release)[0m> 			n1.n_name as supp_nation,
[32m(release)[0m> 			n2.n_name as cust_nation,
[32m(release)[0m> 			extract(year from l_shipdate) as l_year,
[32m(release)[0m> 			l_extendedprice * (1 - l_discount) as volume
[32m(release)[0m> 		from
[32m(release)[0m> 			supplier,
[32m(release)[0m> 			lineitem,
[32m(release)[0m> 			orders,
[32m(release)[0m> 			customer,
[32m(release)[0m> 			nation n1,
[32m(release)[0m> 			nation n2
[32m(release)[0m> 		where
[32m(release)[0m> 			s_suppkey = l_suppkey
[32m(release)[0m> 			and o_orderkey = l_orderkey
[32m(release)[0m> 			and c_custkey = o_custkey
[32m(release)[0m> 			and s_nationkey = n1.n_nationkey
[32m(release)[0m> 			and c_nationkey = n2.n_nationkey
[32m(release)[0m> 			and (
[32m(release)[0m> 				(n1.n_name = 'FRANCE' and n2.n_name = 'GERMANY')
[32m(release)[0m> 				or (n1.n_name = 'GERMANY' and n2.n_name = 'FRANCE')
[32m(release)[0m> 			)
[32m(release)[0m> 			and l_shipdate between date '1995-01-01' and date '1996-12-31'
[32m(release)[0m> 	) as shipping
[32m(release)[0m> group by
[32m(release)[0m> 	supp_nation,
[32m(release)[0m> 	cust_nation,
[32m(release)[0m> 	l_year
[32m(release)[0m> order by
[32m(release)[0m> 	supp_nation,
[32m(release)[0m> 	cust_nation,
[32m(release)[0m> 	l_year;
VmRSS Change: 440 KB
===
4 rows total
Execution info: [PARSE: 89 µs 439 ns, SQL TRANSLATE: 0 ns, OPTIMIZE: 0 ns, LQP TRANSLATE: 59 µs 649 ns, EXECUTE: 161 ms 955 µs (wall time) | QUERY PLAN CACHE HITS: 1/1 statement(s)]
After reset, table use_count: 2
WARNING: Table still has 1 other owner(s) after pipeline reset!
Executing script file done
$:hsh mem_usage
------------------------------------------
Memory Usage Statistics:
VmSize:	215677472 kB
VmRSS:	77384048 kB
0: MemResourceStatus {MigratedColumnsAggregate,18446744073709551615,12610235929,10275988050,10275988050,0,0,N/A}
MemResourceStatus {NumaMonotonicResource,3,60000000000,0,0,0,1,0}
MemResourceStatus {NumaMonotonicResource,2,60000000000,3034944,752218128,9873587452,0,9873620992}
MemResourceStatus {NumaMonotonicResource,1,64000000000,1039541809,3750105123,18917318200,0,18917334668}
0: MemResourceStatus {MemManagerAggregate,18446744073709551615,124000000000,1042576753,4502323251,0,0,N/A}
1: MemResourceStatus {MemManagerAggregate,18446744073709551615,60000000000,0,0,0,1,N/A}
MemResourceStatus {DefaultResource,18446744073709551615,18446744073709551615,0,0,0,-1,N/A}
Quick Memory Usage Overview:
Used Capacity: 11318564803, 0
------------------------------------------
Executing script file: /home/umeshsum/tpch_queries/7.sql
[32m(release)[0m> select
[32m(release)[0m> 	supp_nation,
[32m(release)[0m> 	cust_nation,
[32m(release)[0m> 	l_year,
[32m(release)[0m> 	sum(volume) as revenue
[32m(release)[0m> from
[32m(release)[0m> 	(
[32m(release)[0m> 		select
[32m(release)[0m> 			n1.n_name as supp_nation,
[32m(release)[0m> 			n2.n_name as cust_nation,
[32m(release)[0m> 			extract(year from l_shipdate) as l_year,
[32m(release)[0m> 			l_extendedprice * (1 - l_discount) as volume
[32m(release)[0m> 		from
[32m(release)[0m> 			supplier,
[32m(release)[0m> 			lineitem,
[32m(release)[0m> 			orders,
[32m(release)[0m> 			customer,
[32m(release)[0m> 			nation n1,
[32m(release)[0m> 			nation n2
[32m(release)[0m> 		where
[32m(release)[0m> 			s_suppkey = l_suppkey
[32m(release)[0m> 			and o_orderkey = l_orderkey
[32m(release)[0m> 			and c_custkey = o_custkey
[32m(release)[0m> 			and s_nationkey = n1.n_nationkey
[32m(release)[0m> 			and c_nationkey = n2.n_nationkey
[32m(release)[0m> 			and (
[32m(release)[0m> 				(n1.n_name = 'FRANCE' and n2.n_name = 'GERMANY')
[32m(release)[0m> 				or (n1.n_name = 'GERMANY' and n2.n_name = 'FRANCE')
[32m(release)[0m> 			)
[32m(release)[0m> 			and l_shipdate between date '1995-01-01' and date '1996-12-31'
[32m(release)[0m> 	) as shipping
[32m(release)[0m> group by
[32m(release)[0m> 	supp_nation,
[32m(release)[0m> 	cust_nation,
[32m(release)[0m> 	l_year
[32m(release)[0m> order by
[32m(release)[0m> 	supp_nation,
[32m(release)[0m> 	cust_nation,
[32m(release)[0m> 	l_year;
VmRSS Change: 276 KB
===
4 rows total
Execution info: [PARSE: 93 µs 49 ns, SQL TRANSLATE: 0 ns, OPTIMIZE: 0 ns, LQP TRANSLATE: 60 µs 499 ns, EXECUTE: 162 ms 455 µs (wall time) | QUERY PLAN CACHE HITS: 1/1 statement(s)]
After reset, table use_count: 2
WARNING: Table still has 1 other owner(s) after pipeline reset!
Executing script file done
$:hsh mem_usage
------------------------------------------
Memory Usage Statistics:
VmSize:	215677472 kB
VmRSS:	77384324 kB
0: MemResourceStatus {MigratedColumnsAggregate,18446744073709551615,12610235929,10275988050,10275988050,0,0,N/A}
MemResourceStatus {NumaMonotonicResource,3,60000000000,0,0,0,1,0}
MemResourceStatus {NumaMonotonicResource,2,60000000000,3034944,752218128,11848205320,0,11848245584}
MemResourceStatus {NumaMonotonicResource,1,64000000000,1039541809,3750105123,18917318200,0,18917334668}
0: MemResourceStatus {MemManagerAggregate,18446744073709551615,124000000000,1042576753,4502323251,0,0,N/A}
1: MemResourceStatus {MemManagerAggregate,18446744073709551615,60000000000,0,0,0,1,N/A}
MemResourceStatus {DefaultResource,18446744073709551615,18446744073709551615,0,0,0,-1,N/A}
Quick Memory Usage Overview:
Used Capacity: 11318564803, 0
------------------------------------------
Executing script file: /home/umeshsum/tpch_queries/7.sql
[32m(release)[0m> select
[32m(release)[0m> 	supp_nation,
[32m(release)[0m> 	cust_nation,
[32m(release)[0m> 	l_year,
[32m(release)[0m> 	sum(volume) as revenue
[32m(release)[0m> from
[32m(release)[0m> 	(
[32m(release)[0m> 		select
[32m(release)[0m> 			n1.n_name as supp_nation,
[32m(release)[0m> 			n2.n_name as cust_nation,
[32m(release)[0m> 			extract(year from l_shipdate) as l_year,
[32m(release)[0m> 			l_extendedprice * (1 - l_discount) as volume
[32m(release)[0m> 		from
[32m(release)[0m> 			supplier,
[32m(release)[0m> 			lineitem,
[32m(release)[0m> 			orders,
[32m(release)[0m> 			customer,
[32m(release)[0m> 			nation n1,
[32m(release)[0m> 			nation n2
[32m(release)[0m> 		where
[32m(release)[0m> 			s_suppkey = l_suppkey
[32m(release)[0m> 			and o_orderkey = l_orderkey
[32m(release)[0m> 			and c_custkey = o_custkey
[32m(release)[0m> 			and s_nationkey = n1.n_nationkey
[32m(release)[0m> 			and c_nationkey = n2.n_nationkey
[32m(release)[0m> 			and (
[32m(release)[0m> 				(n1.n_name = 'FRANCE' and n2.n_name = 'GERMANY')
[32m(release)[0m> 				or (n1.n_name = 'GERMANY' and n2.n_name = 'FRANCE')
[32m(release)[0m> 			)
[32m(release)[0m> 			and l_shipdate between date '1995-01-01' and date '1996-12-31'
[32m(release)[0m> 	) as shipping
[32m(release)[0m> group by
[32m(release)[0m> 	supp_nation,
[32m(release)[0m> 	cust_nation,
[32m(release)[0m> 	l_year
[32m(release)[0m> order by
[32m(release)[0m> 	supp_nation,
[32m(release)[0m> 	cust_nation,
[32m(release)[0m> 	l_year;
VmRSS Change: 148 KB
===
4 rows total
Execution info: [PARSE: 89 µs 649 ns, SQL TRANSLATE: 0 ns, OPTIMIZE: 0 ns, LQP TRANSLATE: 58 µs 999 ns, EXECUTE: 158 ms 603 µs (wall time) | QUERY PLAN CACHE HITS: 1/1 statement(s)]
After reset, table use_count: 2
WARNING: Table still has 1 other owner(s) after pipeline reset!
Executing script file done
$:hsh mem_usage
------------------------------------------
Memory Usage Statistics:
VmSize:	215677472 kB
VmRSS:	77384472 kB
0: MemResourceStatus {MigratedColumnsAggregate,18446744073709551615,12610235929,10275988050,10275988050,0,0,N/A}
MemResourceStatus {NumaMonotonicResource,3,60000000000,0,0,0,1,0}
MemResourceStatus {NumaMonotonicResource,2,60000000000,3034944,758909264,13823006876,0,13823053888}
MemResourceStatus {NumaMonotonicResource,1,64000000000,1039541809,3750105123,18917318200,0,18917334668}
0: MemResourceStatus {MemManagerAggregate,18446744073709551615,124000000000,1042576753,4509014387,0,0,N/A}
1: MemResourceStatus {MemManagerAggregate,18446744073709551615,60000000000,0,0,0,1,N/A}
MemResourceStatus {DefaultResource,18446744073709551615,18446744073709551615,0,0,0,-1,N/A}
Quick Memory Usage Overview:
Used Capacity: 11318564803, 0
------------------------------------------
Executing script file: /home/umeshsum/tpch_queries/7.sql
[32m(release)[0m> select
[32m(release)[0m> 	supp_nation,
[32m(release)[0m> 	cust_nation,
[32m(release)[0m> 	l_year,
[32m(release)[0m> 	sum(volume) as revenue
[32m(release)[0m> from
[32m(release)[0m> 	(
[32m(release)[0m> 		select
[32m(release)[0m> 			n1.n_name as supp_nation,
[32m(release)[0m> 			n2.n_name as cust_nation,
[32m(release)[0m> 			extract(year from l_shipdate) as l_year,
[32m(release)[0m> 			l_extendedprice * (1 - l_discount) as volume
[32m(release)[0m> 		from
[32m(release)[0m> 			supplier,
[32m(release)[0m> 			lineitem,
[32m(release)[0m> 			orders,
[32m(release)[0m> 			customer,
[32m(release)[0m> 			nation n1,
[32m(release)[0m> 			nation n2
[32m(release)[0m> 		where
[32m(release)[0m> 			s_suppkey = l_suppkey
[32m(release)[0m> 			and o_orderkey = l_orderkey
[32m(release)[0m> 			and c_custkey = o_custkey
[32m(release)[0m> 			and s_nationkey = n1.n_nationkey
[32m(release)[0m> 			and c_nationkey = n2.n_nationkey
[32m(release)[0m> 			and (
[32m(release)[0m> 				(n1.n_name = 'FRANCE' and n2.n_name = 'GERMANY')
[32m(release)[0m> 				or (n1.n_name = 'GERMANY' and n2.n_name = 'FRANCE')
[32m(release)[0m> 			)
[32m(release)[0m> 			and l_shipdate between date '1995-01-01' and date '1996-12-31'
[32m(release)[0m> 	) as shipping
[32m(release)[0m> group by
[32m(release)[0m> 	supp_nation,
[32m(release)[0m> 	cust_nation,
[32m(release)[0m> 	l_year
[32m(release)[0m> order by
[32m(release)[0m> 	supp_nation,
[32m(release)[0m> 	cust_nation,
[32m(release)[0m> 	l_year;
VmRSS Change: 440 KB
===
4 rows total
Execution info: [PARSE: 88 µs 49 ns, SQL TRANSLATE: 0 ns, OPTIMIZE: 0 ns, LQP TRANSLATE: 62 µs 70 ns, EXECUTE: 168 ms 30 µs (wall time) | QUERY PLAN CACHE HITS: 1/1 statement(s)]
After reset, table use_count: 2
WARNING: Table still has 1 other owner(s) after pipeline reset!
Executing script file done
$:hsh mem_usage
------------------------------------------
Memory Usage Statistics:
VmSize:	215677472 kB
VmRSS:	77384912 kB
0: MemResourceStatus {MigratedColumnsAggregate,18446744073709551615,12610235929,10275988050,10275988050,0,0,N/A}
MemResourceStatus {NumaMonotonicResource,3,60000000000,0,0,0,1,0}
MemResourceStatus {NumaMonotonicResource,2,60000000000,3034944,758909264,15798208224,0,15798261952}
MemResourceStatus {NumaMonotonicResource,1,64000000000,1039541809,3750105123,18917318200,0,18917334668}
0: MemResourceStatus {MemManagerAggregate,18446744073709551615,124000000000,1042576753,4509014387,0,0,N/A}
1: MemResourceStatus {MemManagerAggregate,18446744073709551615,60000000000,0,0,0,1,N/A}
MemResourceStatus {DefaultResource,18446744073709551615,18446744073709551615,0,0,0,-1,N/A}
Quick Memory Usage Overview:
Used Capacity: 11318564803, 0
------------------------------------------
Executing script file: /home/umeshsum/tpch_queries/7.sql
[32m(release)[0m> select
[32m(release)[0m> 	supp_nation,
[32m(release)[0m> 	cust_nation,
[32m(release)[0m> 	l_year,
[32m(release)[0m> 	sum(volume) as revenue
[32m(release)[0m> from
[32m(release)[0m> 	(
[32m(release)[0m> 		select
[32m(release)[0m> 			n1.n_name as supp_nation,
[32m(release)[0m> 			n2.n_name as cust_nation,
[32m(release)[0m> 			extract(year from l_shipdate) as l_year,
[32m(release)[0m> 			l_extendedprice * (1 - l_discount) as volume
[32m(release)[0m> 		from
[32m(release)[0m> 			supplier,
[32m(release)[0m> 			lineitem,
[32m(release)[0m> 			orders,
[32m(release)[0m> 			customer,
[32m(release)[0m> 			nation n1,
[32m(release)[0m> 			nation n2
[32m(release)[0m> 		where
[32m(release)[0m> 			s_suppkey = l_suppkey
[32m(release)[0m> 			and o_orderkey = l_orderkey
[32m(release)[0m> 			and c_custkey = o_custkey
[32m(release)[0m> 			and s_nationkey = n1.n_nationkey
[32m(release)[0m> 			and c_nationkey = n2.n_nationkey
[32m(release)[0m> 			and (
[32m(release)[0m> 				(n1.n_name = 'FRANCE' and n2.n_name = 'GERMANY')
[32m(release)[0m> 				or (n1.n_name = 'GERMANY' and n2.n_name = 'FRANCE')
[32m(release)[0m> 			)
[32m(release)[0m> 			and l_shipdate between date '1995-01-01' and date '1996-12-31'
[32m(release)[0m> 	) as shipping
[32m(release)[0m> group by
[32m(release)[0m> 	supp_nation,
[32m(release)[0m> 	cust_nation,
[32m(release)[0m> 	l_year
[32m(release)[0m> order by
[32m(release)[0m> 	supp_nation,
[32m(release)[0m> 	cust_nation,
[32m(release)[0m> 	l_year;
VmRSS Change: 18446744073709551552 KB
===
4 rows total
Execution info: [PARSE: 99 µs 939 ns, SQL TRANSLATE: 0 ns, OPTIMIZE: 0 ns, LQP TRANSLATE: 73 µs 960 ns, EXECUTE: 160 ms 46 µs (wall time) | QUERY PLAN CACHE HITS: 1/1 statement(s)]
After reset, table use_count: 2
WARNING: Table still has 1 other owner(s) after pipeline reset!
Executing script file done
$:hsh mem_usage
------------------------------------------
Memory Usage Statistics:
VmSize:	215677472 kB
VmRSS:	77384848 kB
0: MemResourceStatus {MigratedColumnsAggregate,18446744073709551615,12610235929,10275988050,10275988050,0,0,N/A}
MemResourceStatus {NumaMonotonicResource,3,60000000000,0,0,0,1,0}
MemResourceStatus {NumaMonotonicResource,2,60000000000,3034944,758909264,17771773980,0,17771834432}
MemResourceStatus {NumaMonotonicResource,1,64000000000,1039541809,3750105123,18917318200,0,18917334668}
0: MemResourceStatus {MemManagerAggregate,18446744073709551615,124000000000,1042576753,4509014387,0,0,N/A}
1: MemResourceStatus {MemManagerAggregate,18446744073709551615,60000000000,0,0,0,1,N/A}
MemResourceStatus {DefaultResource,18446744073709551615,18446744073709551615,0,0,0,-1,N/A}
Quick Memory Usage Overview:
Used Capacity: 11318564803, 0
------------------------------------------
Executing script file: /home/umeshsum/tpch_queries/7.sql
[32m(release)[0m> select
[32m(release)[0m> 	supp_nation,
[32m(release)[0m> 	cust_nation,
[32m(release)[0m> 	l_year,
[32m(release)[0m> 	sum(volume) as revenue
[32m(release)[0m> from
[32m(release)[0m> 	(
[32m(release)[0m> 		select
[32m(release)[0m> 			n1.n_name as supp_nation,
[32m(release)[0m> 			n2.n_name as cust_nation,
[32m(release)[0m> 			extract(year from l_shipdate) as l_year,
[32m(release)[0m> 			l_extendedprice * (1 - l_discount) as volume
[32m(release)[0m> 		from
[32m(release)[0m> 			supplier,
[32m(release)[0m> 			lineitem,
[32m(release)[0m> 			orders,
[32m(release)[0m> 			customer,
[32m(release)[0m> 			nation n1,
[32m(release)[0m> 			nation n2
[32m(release)[0m> 		where
[32m(release)[0m> 			s_suppkey = l_suppkey
[32m(release)[0m> 			and o_orderkey = l_orderkey
[32m(release)[0m> 			and c_custkey = o_custkey
[32m(release)[0m> 			and s_nationkey = n1.n_nationkey
[32m(release)[0m> 			and c_nationkey = n2.n_nationkey
[32m(release)[0m> 			and (
[32m(release)[0m> 				(n1.n_name = 'FRANCE' and n2.n_name = 'GERMANY')
[32m(release)[0m> 				or (n1.n_name = 'GERMANY' and n2.n_name = 'FRANCE')
[32m(release)[0m> 			)
[32m(release)[0m> 			and l_shipdate between date '1995-01-01' and date '1996-12-31'
[32m(release)[0m> 	) as shipping
[32m(release)[0m> group by
[32m(release)[0m> 	supp_nation,
[32m(release)[0m> 	cust_nation,
[32m(release)[0m> 	l_year
[32m(release)[0m> order by
[32m(release)[0m> 	supp_nation,
[32m(release)[0m> 	cust_nation,
[32m(release)[0m> 	l_year;
VmRSS Change: 456 KB
===
4 rows total
Execution info: [PARSE: 89 µs 339 ns, SQL TRANSLATE: 0 ns, OPTIMIZE: 0 ns, LQP TRANSLATE: 60 µs 579 ns, EXECUTE: 161 ms 267 µs (wall time) | QUERY PLAN CACHE HITS: 1/1 statement(s)]
After reset, table use_count: 2
WARNING: Table still has 1 other owner(s) after pipeline reset!
Executing script file done
$:hsh mem_usage
------------------------------------------
Memory Usage Statistics:
VmSize:	215677472 kB
VmRSS:	77385304 kB
0: MemResourceStatus {MigratedColumnsAggregate,18446744073709551615,12610235929,10275988050,10275988050,0,0,N/A}
MemResourceStatus {NumaMonotonicResource,3,60000000000,0,0,0,1,0}
MemResourceStatus {NumaMonotonicResource,2,60000000000,3034944,758909264,19746391848,0,19746459008}
MemResourceStatus {NumaMonotonicResource,1,64000000000,1039541809,3750105123,18917318200,0,18917334668}
0: MemResourceStatus {MemManagerAggregate,18446744073709551615,124000000000,1042576753,4509014387,0,0,N/A}
1: MemResourceStatus {MemManagerAggregate,18446744073709551615,60000000000,0,0,0,1,N/A}
MemResourceStatus {DefaultResource,18446744073709551615,18446744073709551615,0,0,0,-1,N/A}
Quick Memory Usage Overview:
Used Capacity: 11318564803, 0
------------------------------------------
Label set to d60000000000_tf60000000000_q8
$:hsh clear_plan_caches
Cleared PQP and LQP caches
$:hsh clear_pipeline
Released last SQLPipeline
$:hsh reset_exec_pools
Reset execution pools (2, 3) bump pointers to start
$:hsh mem_usage
------------------------------------------
Memory Usage Statistics:
VmSize:	215677472 kB
VmRSS:	77385304 kB
0: MemResourceStatus {MigratedColumnsAggregate,18446744073709551615,12610235929,10275988050,10275988050,0,0,N/A}
MemResourceStatus {NumaMonotonicResource,3,60000000000,0,0,0,1,0}
MemResourceStatus {NumaMonotonicResource,2,60000000000,0,0,0,0,0}
MemResourceStatus {NumaMonotonicResource,1,64000000000,1039541809,3750105123,18917318200,0,18917334668}
0: MemResourceStatus {MemManagerAggregate,18446744073709551615,124000000000,1039541809,3750105123,0,0,N/A}
1: MemResourceStatus {MemManagerAggregate,18446744073709551615,60000000000,0,0,0,1,N/A}
MemResourceStatus {DefaultResource,18446744073709551615,18446744073709551615,0,0,0,-1,N/A}
Quick Memory Usage Overview:
Used Capacity: 11315529859, 0
------------------------------------------
Executing script file: /home/umeshsum/tpch_queries/8.sql
[32m(release)[0m> select
[32m(release)[0m> 	o_year,
[32m(release)[0m> 	sum(case
[32m(release)[0m> 		when nation = 'BRAZIL' then volume
[32m(release)[0m> 		else 0
[32m(release)[0m> 	end) / sum(volume) as mkt_share
[32m(release)[0m> from
[32m(release)[0m> 	(
[32m(release)[0m> 		select
[32m(release)[0m> 			extract(year from o_orderdate) as o_year,
[32m(release)[0m> 			l_extendedprice * (1 - l_discount) as volume,
[32m(release)[0m> 			n2.n_name as nation
[32m(release)[0m> 		from
[32m(release)[0m> 			part,
[32m(release)[0m> 			supplier,
[32m(release)[0m> 			lineitem,
[32m(release)[0m> 			orders,
[32m(release)[0m> 			customer,
[32m(release)[0m> 			nation n1,
[32m(release)[0m> 			nation n2,
[32m(release)[0m> 			region
[32m(release)[0m> 		where
[32m(release)[0m> 			p_partkey = l_partkey
[32m(release)[0m> 			and s_suppkey = l_suppkey
[32m(release)[0m> 			and l_orderkey = o_orderkey
[32m(release)[0m> 			and o_custkey = c_custkey
[32m(release)[0m> 			and c_nationkey = n1.n_nationkey
[32m(release)[0m> 			and n1.n_regionkey = r_regionkey
[32m(release)[0m> 			and r_name = 'AMERICA'
[32m(release)[0m> 			and s_nationkey = n2.n_nationkey
[32m(release)[0m> 			and o_orderdate between date '1995-01-01' and date '1996-12-31'
[32m(release)[0m> 			and p_type = 'ECONOMY ANODIZED STEEL'
[32m(release)[0m> 	) as all_nations
[32m(release)[0m> group by
[32m(release)[0m> 	o_year
[32m(release)[0m> order by
[32m(release)[0m> 	o_year;
VmRSS Change: 0 KB
===
2 rows total
Execution info: [PARSE: 86 µs 429 ns, SQL TRANSLATE: 410 µs 746 ns, OPTIMIZE: 11 ms 88 µs, LQP TRANSLATE: 368 µs 457 ns, EXECUTE: 106 ms 60 µs (wall time) | QUERY PLAN CACHE HITS: 0/1 statement(s)]
After reset, table use_count: 2
WARNING: Table still has 1 other owner(s) after pipeline reset!
Executing script file done
$:hsh mem_usage
------------------------------------------
Memory Usage Statistics:
VmSize:	215677472 kB
VmRSS:	77385316 kB
0: MemResourceStatus {MigratedColumnsAggregate,18446744073709551615,12610235929,10275988050,10275988050,0,0,N/A}
MemResourceStatus {NumaMonotonicResource,3,60000000000,0,0,0,1,0}
MemResourceStatus {NumaMonotonicResource,2,60000000000,721534,1326025114,1936031350,0,1936037808}
MemResourceStatus {NumaMonotonicResource,1,64000000000,1039541809,3750105123,18917318200,0,18917334668}
0: MemResourceStatus {MemManagerAggregate,18446744073709551615,124000000000,1040263343,5076130237,0,0,N/A}
1: MemResourceStatus {MemManagerAggregate,18446744073709551615,60000000000,0,0,0,1,N/A}
MemResourceStatus {DefaultResource,18446744073709551615,18446744073709551615,0,0,0,-1,N/A}
Quick Memory Usage Overview:
Used Capacity: 11316251393, 0
------------------------------------------
Executing script file: /home/umeshsum/tpch_queries/8.sql
[32m(release)[0m> select
[32m(release)[0m> 	o_year,
[32m(release)[0m> 	sum(case
[32m(release)[0m> 		when nation = 'BRAZIL' then volume
[32m(release)[0m> 		else 0
[32m(release)[0m> 	end) / sum(volume) as mkt_share
[32m(release)[0m> from
[32m(release)[0m> 	(
[32m(release)[0m> 		select
[32m(release)[0m> 			extract(year from o_orderdate) as o_year,
[32m(release)[0m> 			l_extendedprice * (1 - l_discount) as volume,
[32m(release)[0m> 			n2.n_name as nation
[32m(release)[0m> 		from
[32m(release)[0m> 			part,
[32m(release)[0m> 			supplier,
[32m(release)[0m> 			lineitem,
[32m(release)[0m> 			orders,
[32m(release)[0m> 			customer,
[32m(release)[0m> 			nation n1,
[32m(release)[0m> 			nation n2,
[32m(release)[0m> 			region
[32m(release)[0m> 		where
[32m(release)[0m> 			p_partkey = l_partkey
[32m(release)[0m> 			and s_suppkey = l_suppkey
[32m(release)[0m> 			and l_orderkey = o_orderkey
[32m(release)[0m> 			and o_custkey = c_custkey
[32m(release)[0m> 			and c_nationkey = n1.n_nationkey
[32m(release)[0m> 			and n1.n_regionkey = r_regionkey
[32m(release)[0m> 			and r_name = 'AMERICA'
[32m(release)[0m> 			and s_nationkey = n2.n_nationkey
[32m(release)[0m> 			and o_orderdate between date '1995-01-01' and date '1996-12-31'
[32m(release)[0m> 			and p_type = 'ECONOMY ANODIZED STEEL'
[32m(release)[0m> 	) as all_nations
[32m(release)[0m> group by
[32m(release)[0m> 	o_year
[32m(release)[0m> order by
[32m(release)[0m> 	o_year;
VmRSS Change: 18446744073709551604 KB
===
2 rows total
Execution info: [PARSE: 88 µs 729 ns, SQL TRANSLATE: 0 ns, OPTIMIZE: 0 ns, LQP TRANSLATE: 64 µs 690 ns, EXECUTE: 95 ms 777 µs (wall time) | QUERY PLAN CACHE HITS: 1/1 statement(s)]
After reset, table use_count: 2
WARNING: Table still has 1 other owner(s) after pipeline reset!
Executing script file done
$:hsh mem_usage
------------------------------------------
Memory Usage Statistics:
VmSize:	215677472 kB
VmRSS:	77385304 kB
0: MemResourceStatus {MigratedColumnsAggregate,18446744073709551615,12610235929,10275988050,10275988050,0,0,N/A}
MemResourceStatus {NumaMonotonicResource,3,60000000000,0,0,0,1,0}
MemResourceStatus {NumaMonotonicResource,2,60000000000,918173,1360500185,3871923522,0,3871936464}
MemResourceStatus {NumaMonotonicResource,1,64000000000,1039541809,3750105123,18917318200,0,18917334668}
0: MemResourceStatus {MemManagerAggregate,18446744073709551615,124000000000,1040459982,5110605308,0,0,N/A}
1: MemResourceStatus {MemManagerAggregate,18446744073709551615,60000000000,0,0,0,1,N/A}
MemResourceStatus {DefaultResource,18446744073709551615,18446744073709551615,0,0,0,-1,N/A}
Quick Memory Usage Overview:
Used Capacity: 11316448032, 0
------------------------------------------
Executing script file: /home/umeshsum/tpch_queries/8.sql
[32m(release)[0m> select
[32m(release)[0m> 	o_year,
[32m(release)[0m> 	sum(case
[32m(release)[0m> 		when nation = 'BRAZIL' then volume
[32m(release)[0m> 		else 0
[32m(release)[0m> 	end) / sum(volume) as mkt_share
[32m(release)[0m> from
[32m(release)[0m> 	(
[32m(release)[0m> 		select
[32m(release)[0m> 			extract(year from o_orderdate) as o_year,
[32m(release)[0m> 			l_extendedprice * (1 - l_discount) as volume,
[32m(release)[0m> 			n2.n_name as nation
[32m(release)[0m> 		from
[32m(release)[0m> 			part,
[32m(release)[0m> 			supplier,
[32m(release)[0m> 			lineitem,
[32m(release)[0m> 			orders,
[32m(release)[0m> 			customer,
[32m(release)[0m> 			nation n1,
[32m(release)[0m> 			nation n2,
[32m(release)[0m> 			region
[32m(release)[0m> 		where
[32m(release)[0m> 			p_partkey = l_partkey
[32m(release)[0m> 			and s_suppkey = l_suppkey
[32m(release)[0m> 			and l_orderkey = o_orderkey
[32m(release)[0m> 			and o_custkey = c_custkey
[32m(release)[0m> 			and c_nationkey = n1.n_nationkey
[32m(release)[0m> 			and n1.n_regionkey = r_regionkey
[32m(release)[0m> 			and r_name = 'AMERICA'
[32m(release)[0m> 			and s_nationkey = n2.n_nationkey
[32m(release)[0m> 			and o_orderdate between date '1995-01-01' and date '1996-12-31'
[32m(release)[0m> 			and p_type = 'ECONOMY ANODIZED STEEL'
[32m(release)[0m> 	) as all_nations
[32m(release)[0m> group by
[32m(release)[0m> 	o_year
[32m(release)[0m> order by
[32m(release)[0m> 	o_year;
VmRSS Change: 18446744073709551384 KB
===
2 rows total
Execution info: [PARSE: 95 µs 679 ns, SQL TRANSLATE: 0 ns, OPTIMIZE: 0 ns, LQP TRANSLATE: 55 µs 880 ns, EXECUTE: 99 ms 378 µs (wall time) | QUERY PLAN CACHE HITS: 1/1 statement(s)]
After reset, table use_count: 2
WARNING: Table still has 1 other owner(s) after pipeline reset!
Executing script file done
$:hsh mem_usage
------------------------------------------
Memory Usage Statistics:
VmSize:	215677472 kB
VmRSS:	77385072 kB
0: MemResourceStatus {MigratedColumnsAggregate,18446744073709551615,12610235929,10275988050,10275988050,0,0,N/A}
MemResourceStatus {NumaMonotonicResource,3,60000000000,0,0,0,1,0}
MemResourceStatus {NumaMonotonicResource,2,60000000000,918173,1360500185,5807949030,0,5807968448}
MemResourceStatus {NumaMonotonicResource,1,64000000000,1039541809,3750105123,18917318200,0,18917334668}
0: MemResourceStatus {MemManagerAggregate,18446744073709551615,124000000000,1040459982,5110605308,0,0,N/A}
1: MemResourceStatus {MemManagerAggregate,18446744073709551615,60000000000,0,0,0,1,N/A}
MemResourceStatus {DefaultResource,18446744073709551615,18446744073709551615,0,0,0,-1,N/A}
Quick Memory Usage Overview:
Used Capacity: 11316448032, 0
------------------------------------------
Executing script file: /home/umeshsum/tpch_queries/8.sql
[32m(release)[0m> select
[32m(release)[0m> 	o_year,
[32m(release)[0m> 	sum(case
[32m(release)[0m> 		when nation = 'BRAZIL' then volume
[32m(release)[0m> 		else 0
[32m(release)[0m> 	end) / sum(volume) as mkt_share
[32m(release)[0m> from
[32m(release)[0m> 	(
[32m(release)[0m> 		select
[32m(release)[0m> 			extract(year from o_orderdate) as o_year,
[32m(release)[0m> 			l_extendedprice * (1 - l_discount) as volume,
[32m(release)[0m> 			n2.n_name as nation
[32m(release)[0m> 		from
[32m(release)[0m> 			part,
[32m(release)[0m> 			supplier,
[32m(release)[0m> 			lineitem,
[32m(release)[0m> 			orders,
[32m(release)[0m> 			customer,
[32m(release)[0m> 			nation n1,
[32m(release)[0m> 			nation n2,
[32m(release)[0m> 			region
[32m(release)[0m> 		where
[32m(release)[0m> 			p_partkey = l_partkey
[32m(release)[0m> 			and s_suppkey = l_suppkey
[32m(release)[0m> 			and l_orderkey = o_orderkey
[32m(release)[0m> 			and o_custkey = c_custkey
[32m(release)[0m> 			and c_nationkey = n1.n_nationkey
[32m(release)[0m> 			and n1.n_regionkey = r_regionkey
[32m(release)[0m> 			and r_name = 'AMERICA'
[32m(release)[0m> 			and s_nationkey = n2.n_nationkey
[32m(release)[0m> 			and o_orderdate between date '1995-01-01' and date '1996-12-31'
[32m(release)[0m> 			and p_type = 'ECONOMY ANODIZED STEEL'
[32m(release)[0m> 	) as all_nations
[32m(release)[0m> group by
[32m(release)[0m> 	o_year
[32m(release)[0m> order by
[32m(release)[0m> 	o_year;
VmRSS Change: 18446744073709551612 KB
===
2 rows total
Execution info: [PARSE: 89 µs 79 ns, SQL TRANSLATE: 0 ns, OPTIMIZE: 0 ns, LQP TRANSLATE: 59 µs 819 ns, EXECUTE: 101 ms 336 µs (wall time) | QUERY PLAN CACHE HITS: 1/1 statement(s)]
After reset, table use_count: 2
WARNING: Table still has 1 other owner(s) after pipeline reset!
Executing script file done
$:hsh mem_usage
------------------------------------------
Memory Usage Statistics:
VmSize:	215677472 kB
VmRSS:	77385068 kB
0: MemResourceStatus {MigratedColumnsAggregate,18446744073709551615,12610235929,10275988050,10275988050,0,0,N/A}
MemResourceStatus {NumaMonotonicResource,3,60000000000,0,0,0,1,0}
MemResourceStatus {NumaMonotonicResource,2,60000000000,918173,1360500185,7743974538,0,7744000416}
MemResourceStatus {NumaMonotonicResource,1,64000000000,1039541809,3750105123,18917318200,0,18917334668}
0: MemResourceStatus {MemManagerAggregate,18446744073709551615,124000000000,1040459982,5110605308,0,0,N/A}
1: MemResourceStatus {MemManagerAggregate,18446744073709551615,60000000000,0,0,0,1,N/A}
MemResourceStatus {DefaultResource,18446744073709551615,18446744073709551615,0,0,0,-1,N/A}
Quick Memory Usage Overview:
Used Capacity: 11316448032, 0
------------------------------------------
Executing script file: /home/umeshsum/tpch_queries/8.sql
[32m(release)[0m> select
[32m(release)[0m> 	o_year,
[32m(release)[0m> 	sum(case
[32m(release)[0m> 		when nation = 'BRAZIL' then volume
[32m(release)[0m> 		else 0
[32m(release)[0m> 	end) / sum(volume) as mkt_share
[32m(release)[0m> from
[32m(release)[0m> 	(
[32m(release)[0m> 		select
[32m(release)[0m> 			extract(year from o_orderdate) as o_year,
[32m(release)[0m> 			l_extendedprice * (1 - l_discount) as volume,
[32m(release)[0m> 			n2.n_name as nation
[32m(release)[0m> 		from
[32m(release)[0m> 			part,
[32m(release)[0m> 			supplier,
[32m(release)[0m> 			lineitem,
[32m(release)[0m> 			orders,
[32m(release)[0m> 			customer,
[32m(release)[0m> 			nation n1,
[32m(release)[0m> 			nation n2,
[32m(release)[0m> 			region
[32m(release)[0m> 		where
[32m(release)[0m> 			p_partkey = l_partkey
[32m(release)[0m> 			and s_suppkey = l_suppkey
[32m(release)[0m> 			and l_orderkey = o_orderkey
[32m(release)[0m> 			and o_custkey = c_custkey
[32m(release)[0m> 			and c_nationkey = n1.n_nationkey
[32m(release)[0m> 			and n1.n_regionkey = r_regionkey
[32m(release)[0m> 			and r_name = 'AMERICA'
[32m(release)[0m> 			and s_nationkey = n2.n_nationkey
[32m(release)[0m> 			and o_orderdate between date '1995-01-01' and date '1996-12-31'
[32m(release)[0m> 			and p_type = 'ECONOMY ANODIZED STEEL'
[32m(release)[0m> 	) as all_nations
[32m(release)[0m> group by
[32m(release)[0m> 	o_year
[32m(release)[0m> order by
[32m(release)[0m> 	o_year;
VmRSS Change: 18446744073709551488 KB
===
2 rows total
Execution info: [PARSE: 81 µs 339 ns, SQL TRANSLATE: 0 ns, OPTIMIZE: 0 ns, LQP TRANSLATE: 52 µs 760 ns, EXECUTE: 97 ms 492 µs (wall time) | QUERY PLAN CACHE HITS: 1/1 statement(s)]
After reset, table use_count: 2
WARNING: Table still has 1 other owner(s) after pipeline reset!
Executing script file done
$:hsh mem_usage
------------------------------------------
Memory Usage Statistics:
VmSize:	215677472 kB
VmRSS:	77384940 kB
0: MemResourceStatus {MigratedColumnsAggregate,18446744073709551615,12610235929,10275988050,10275988050,0,0,N/A}
MemResourceStatus {NumaMonotonicResource,3,60000000000,0,0,0,1,0}
MemResourceStatus {NumaMonotonicResource,2,60000000000,918173,1360500185,9680000046,0,9680032400}
MemResourceStatus {NumaMonotonicResource,1,64000000000,1039541809,3750105123,18917318200,0,18917334668}
0: MemResourceStatus {MemManagerAggregate,18446744073709551615,124000000000,1040459982,5110605308,0,0,N/A}
1: MemResourceStatus {MemManagerAggregate,18446744073709551615,60000000000,0,0,0,1,N/A}
MemResourceStatus {DefaultResource,18446744073709551615,18446744073709551615,0,0,0,-1,N/A}
Quick Memory Usage Overview:
Used Capacity: 11316448032, 0
------------------------------------------
Executing script file: /home/umeshsum/tpch_queries/8.sql
[32m(release)[0m> select
[32m(release)[0m> 	o_year,
[32m(release)[0m> 	sum(case
[32m(release)[0m> 		when nation = 'BRAZIL' then volume
[32m(release)[0m> 		else 0
[32m(release)[0m> 	end) / sum(volume) as mkt_share
[32m(release)[0m> from
[32m(release)[0m> 	(
[32m(release)[0m> 		select
[32m(release)[0m> 			extract(year from o_orderdate) as o_year,
[32m(release)[0m> 			l_extendedprice * (1 - l_discount) as volume,
[32m(release)[0m> 			n2.n_name as nation
[32m(release)[0m> 		from
[32m(release)[0m> 			part,
[32m(release)[0m> 			supplier,
[32m(release)[0m> 			lineitem,
[32m(release)[0m> 			orders,
[32m(release)[0m> 			customer,
[32m(release)[0m> 			nation n1,
[32m(release)[0m> 			nation n2,
[32m(release)[0m> 			region
[32m(release)[0m> 		where
[32m(release)[0m> 			p_partkey = l_partkey
[32m(release)[0m> 			and s_suppkey = l_suppkey
[32m(release)[0m> 			and l_orderkey = o_orderkey
[32m(release)[0m> 			and o_custkey = c_custkey
[32m(release)[0m> 			and c_nationkey = n1.n_nationkey
[32m(release)[0m> 			and n1.n_regionkey = r_regionkey
[32m(release)[0m> 			and r_name = 'AMERICA'
[32m(release)[0m> 			and s_nationkey = n2.n_nationkey
[32m(release)[0m> 			and o_orderdate between date '1995-01-01' and date '1996-12-31'
[32m(release)[0m> 			and p_type = 'ECONOMY ANODIZED STEEL'
[32m(release)[0m> 	) as all_nations
[32m(release)[0m> group by
[32m(release)[0m> 	o_year
[32m(release)[0m> order by
[32m(release)[0m> 	o_year;
VmRSS Change: 0 KB
===
2 rows total
Execution info: [PARSE: 86 µs 389 ns, SQL TRANSLATE: 0 ns, OPTIMIZE: 0 ns, LQP TRANSLATE: 66 µs 419 ns, EXECUTE: 97 ms 276 µs (wall time) | QUERY PLAN CACHE HITS: 1/1 statement(s)]
After reset, table use_count: 2
WARNING: Table still has 1 other owner(s) after pipeline reset!
Executing script file done
$:hsh mem_usage
------------------------------------------
Memory Usage Statistics:
VmSize:	215677472 kB
VmRSS:	77384940 kB
0: MemResourceStatus {MigratedColumnsAggregate,18446744073709551615,12610235929,10275988050,10275988050,0,0,N/A}
MemResourceStatus {NumaMonotonicResource,3,60000000000,0,0,0,1,0}
MemResourceStatus {NumaMonotonicResource,2,60000000000,918173,1360500185,11616025554,0,11616064368}
MemResourceStatus {NumaMonotonicResource,1,64000000000,1039541809,3750105123,18917318200,0,18917334668}
0: MemResourceStatus {MemManagerAggregate,18446744073709551615,124000000000,1040459982,5110605308,0,0,N/A}
1: MemResourceStatus {MemManagerAggregate,18446744073709551615,60000000000,0,0,0,1,N/A}
MemResourceStatus {DefaultResource,18446744073709551615,18446744073709551615,0,0,0,-1,N/A}
Quick Memory Usage Overview:
Used Capacity: 11316448032, 0
------------------------------------------
Executing script file: /home/umeshsum/tpch_queries/8.sql
[32m(release)[0m> select
[32m(release)[0m> 	o_year,
[32m(release)[0m> 	sum(case
[32m(release)[0m> 		when nation = 'BRAZIL' then volume
[32m(release)[0m> 		else 0
[32m(release)[0m> 	end) / sum(volume) as mkt_share
[32m(release)[0m> from
[32m(release)[0m> 	(
[32m(release)[0m> 		select
[32m(release)[0m> 			extract(year from o_orderdate) as o_year,
[32m(release)[0m> 			l_extendedprice * (1 - l_discount) as volume,
[32m(release)[0m> 			n2.n_name as nation
[32m(release)[0m> 		from
[32m(release)[0m> 			part,
[32m(release)[0m> 			supplier,
[32m(release)[0m> 			lineitem,
[32m(release)[0m> 			orders,
[32m(release)[0m> 			customer,
[32m(release)[0m> 			nation n1,
[32m(release)[0m> 			nation n2,
[32m(release)[0m> 			region
[32m(release)[0m> 		where
[32m(release)[0m> 			p_partkey = l_partkey
[32m(release)[0m> 			and s_suppkey = l_suppkey
[32m(release)[0m> 			and l_orderkey = o_orderkey
[32m(release)[0m> 			and o_custkey = c_custkey
[32m(release)[0m> 			and c_nationkey = n1.n_nationkey
[32m(release)[0m> 			and n1.n_regionkey = r_regionkey
[32m(release)[0m> 			and r_name = 'AMERICA'
[32m(release)[0m> 			and s_nationkey = n2.n_nationkey
[32m(release)[0m> 			and o_orderdate between date '1995-01-01' and date '1996-12-31'
[32m(release)[0m> 			and p_type = 'ECONOMY ANODIZED STEEL'
[32m(release)[0m> 	) as all_nations
[32m(release)[0m> group by
[32m(release)[0m> 	o_year
[32m(release)[0m> order by
[32m(release)[0m> 	o_year;
VmRSS Change: 18446744073709551600 KB
===
2 rows total
Execution info: [PARSE: 79 µs 629 ns, SQL TRANSLATE: 0 ns, OPTIMIZE: 0 ns, LQP TRANSLATE: 57 µs 409 ns, EXECUTE: 118 ms 595 µs (wall time) | QUERY PLAN CACHE HITS: 1/1 statement(s)]
After reset, table use_count: 2
WARNING: Table still has 1 other owner(s) after pipeline reset!
Executing script file done
$:hsh mem_usage
------------------------------------------
Memory Usage Statistics:
VmSize:	215677472 kB
VmRSS:	77384924 kB
0: MemResourceStatus {MigratedColumnsAggregate,18446744073709551615,12610235929,10275988050,10275988050,0,0,N/A}
MemResourceStatus {NumaMonotonicResource,3,60000000000,0,0,0,1,0}
MemResourceStatus {NumaMonotonicResource,2,60000000000,918173,1360500185,13552051062,0,13552096352}
MemResourceStatus {NumaMonotonicResource,1,64000000000,1039541809,3750105123,18917318200,0,18917334668}
0: MemResourceStatus {MemManagerAggregate,18446744073709551615,124000000000,1040459982,5110605308,0,0,N/A}
1: MemResourceStatus {MemManagerAggregate,18446744073709551615,60000000000,0,0,0,1,N/A}
MemResourceStatus {DefaultResource,18446744073709551615,18446744073709551615,0,0,0,-1,N/A}
Quick Memory Usage Overview:
Used Capacity: 11316448032, 0
------------------------------------------
Executing script file: /home/umeshsum/tpch_queries/8.sql
[32m(release)[0m> select
[32m(release)[0m> 	o_year,
[32m(release)[0m> 	sum(case
[32m(release)[0m> 		when nation = 'BRAZIL' then volume
[32m(release)[0m> 		else 0
[32m(release)[0m> 	end) / sum(volume) as mkt_share
[32m(release)[0m> from
[32m(release)[0m> 	(
[32m(release)[0m> 		select
[32m(release)[0m> 			extract(year from o_orderdate) as o_year,
[32m(release)[0m> 			l_extendedprice * (1 - l_discount) as volume,
[32m(release)[0m> 			n2.n_name as nation
[32m(release)[0m> 		from
[32m(release)[0m> 			part,
[32m(release)[0m> 			supplier,
[32m(release)[0m> 			lineitem,
[32m(release)[0m> 			orders,
[32m(release)[0m> 			customer,
[32m(release)[0m> 			nation n1,
[32m(release)[0m> 			nation n2,
[32m(release)[0m> 			region
[32m(release)[0m> 		where
[32m(release)[0m> 			p_partkey = l_partkey
[32m(release)[0m> 			and s_suppkey = l_suppkey
[32m(release)[0m> 			and l_orderkey = o_orderkey
[32m(release)[0m> 			and o_custkey = c_custkey
[32m(release)[0m> 			and c_nationkey = n1.n_nationkey
[32m(release)[0m> 			and n1.n_regionkey = r_regionkey
[32m(release)[0m> 			and r_name = 'AMERICA'
[32m(release)[0m> 			and s_nationkey = n2.n_nationkey
[32m(release)[0m> 			and o_orderdate between date '1995-01-01' and date '1996-12-31'
[32m(release)[0m> 			and p_type = 'ECONOMY ANODIZED STEEL'
[32m(release)[0m> 	) as all_nations
[32m(release)[0m> group by
[32m(release)[0m> 	o_year
[32m(release)[0m> order by
[32m(release)[0m> 	o_year;
VmRSS Change: 24 KB
===
2 rows total
Execution info: [PARSE: 77 µs 999 ns, SQL TRANSLATE: 0 ns, OPTIMIZE: 0 ns, LQP TRANSLATE: 52 µs 999 ns, EXECUTE: 98 ms 725 µs (wall time) | QUERY PLAN CACHE HITS: 1/1 statement(s)]
After reset, table use_count: 2
WARNING: Table still has 1 other owner(s) after pipeline reset!
Executing script file done
$:hsh mem_usage
------------------------------------------
Memory Usage Statistics:
VmSize:	215677472 kB
VmRSS:	77384948 kB
0: MemResourceStatus {MigratedColumnsAggregate,18446744073709551615,12610235929,10275988050,10275988050,0,0,N/A}
MemResourceStatus {NumaMonotonicResource,3,60000000000,0,0,0,1,0}
MemResourceStatus {NumaMonotonicResource,2,60000000000,918173,1360500185,15487927234,0,15487978976}
MemResourceStatus {NumaMonotonicResource,1,64000000000,1039541809,3750105123,18917318200,0,18917334668}
0: MemResourceStatus {MemManagerAggregate,18446744073709551615,124000000000,1040459982,5110605308,0,0,N/A}
1: MemResourceStatus {MemManagerAggregate,18446744073709551615,60000000000,0,0,0,1,N/A}
MemResourceStatus {DefaultResource,18446744073709551615,18446744073709551615,0,0,0,-1,N/A}
Quick Memory Usage Overview:
Used Capacity: 11316448032, 0
------------------------------------------
Executing script file: /home/umeshsum/tpch_queries/8.sql
[32m(release)[0m> select
[32m(release)[0m> 	o_year,
[32m(release)[0m> 	sum(case
[32m(release)[0m> 		when nation = 'BRAZIL' then volume
[32m(release)[0m> 		else 0
[32m(release)[0m> 	end) / sum(volume) as mkt_share
[32m(release)[0m> from
[32m(release)[0m> 	(
[32m(release)[0m> 		select
[32m(release)[0m> 			extract(year from o_orderdate) as o_year,
[32m(release)[0m> 			l_extendedprice * (1 - l_discount) as volume,
[32m(release)[0m> 			n2.n_name as nation
[32m(release)[0m> 		from
[32m(release)[0m> 			part,
[32m(release)[0m> 			supplier,
[32m(release)[0m> 			lineitem,
[32m(release)[0m> 			orders,
[32m(release)[0m> 			customer,
[32m(release)[0m> 			nation n1,
[32m(release)[0m> 			nation n2,
[32m(release)[0m> 			region
[32m(release)[0m> 		where
[32m(release)[0m> 			p_partkey = l_partkey
[32m(release)[0m> 			and s_suppkey = l_suppkey
[32m(release)[0m> 			and l_orderkey = o_orderkey
[32m(release)[0m> 			and o_custkey = c_custkey
[32m(release)[0m> 			and c_nationkey = n1.n_nationkey
[32m(release)[0m> 			and n1.n_regionkey = r_regionkey
[32m(release)[0m> 			and r_name = 'AMERICA'
[32m(release)[0m> 			and s_nationkey = n2.n_nationkey
[32m(release)[0m> 			and o_orderdate between date '1995-01-01' and date '1996-12-31'
[32m(release)[0m> 			and p_type = 'ECONOMY ANODIZED STEEL'
[32m(release)[0m> 	) as all_nations
[32m(release)[0m> group by
[32m(release)[0m> 	o_year
[32m(release)[0m> order by
[32m(release)[0m> 	o_year;
VmRSS Change: 0 KB
===
2 rows total
Execution info: [PARSE: 83 µs 439 ns, SQL TRANSLATE: 0 ns, OPTIMIZE: 0 ns, LQP TRANSLATE: 57 µs 949 ns, EXECUTE: 98 ms 794 µs (wall time) | QUERY PLAN CACHE HITS: 1/1 statement(s)]
After reset, table use_count: 2
WARNING: Table still has 1 other owner(s) after pipeline reset!
Executing script file done
$:hsh mem_usage
------------------------------------------
Memory Usage Statistics:
VmSize:	215677472 kB
VmRSS:	77384948 kB
0: MemResourceStatus {MigratedColumnsAggregate,18446744073709551615,12610235929,10275988050,10275988050,0,0,N/A}
MemResourceStatus {NumaMonotonicResource,3,60000000000,0,0,0,1,0}
MemResourceStatus {NumaMonotonicResource,2,60000000000,918173,1360500185,17423952742,0,17424010960}
MemResourceStatus {NumaMonotonicResource,1,64000000000,1039541809,3750105123,18917318200,0,18917334668}
0: MemResourceStatus {MemManagerAggregate,18446744073709551615,124000000000,1040459982,5110605308,0,0,N/A}
1: MemResourceStatus {MemManagerAggregate,18446744073709551615,60000000000,0,0,0,1,N/A}
MemResourceStatus {DefaultResource,18446744073709551615,18446744073709551615,0,0,0,-1,N/A}
Quick Memory Usage Overview:
Used Capacity: 11316448032, 0
------------------------------------------
Executing script file: /home/umeshsum/tpch_queries/8.sql
[32m(release)[0m> select
[32m(release)[0m> 	o_year,
[32m(release)[0m> 	sum(case
[32m(release)[0m> 		when nation = 'BRAZIL' then volume
[32m(release)[0m> 		else 0
[32m(release)[0m> 	end) / sum(volume) as mkt_share
[32m(release)[0m> from
[32m(release)[0m> 	(
[32m(release)[0m> 		select
[32m(release)[0m> 			extract(year from o_orderdate) as o_year,
[32m(release)[0m> 			l_extendedprice * (1 - l_discount) as volume,
[32m(release)[0m> 			n2.n_name as nation
[32m(release)[0m> 		from
[32m(release)[0m> 			part,
[32m(release)[0m> 			supplier,
[32m(release)[0m> 			lineitem,
[32m(release)[0m> 			orders,
[32m(release)[0m> 			customer,
[32m(release)[0m> 			nation n1,
[32m(release)[0m> 			nation n2,
[32m(release)[0m> 			region
[32m(release)[0m> 		where
[32m(release)[0m> 			p_partkey = l_partkey
[32m(release)[0m> 			and s_suppkey = l_suppkey
[32m(release)[0m> 			and l_orderkey = o_orderkey
[32m(release)[0m> 			and o_custkey = c_custkey
[32m(release)[0m> 			and c_nationkey = n1.n_nationkey
[32m(release)[0m> 			and n1.n_regionkey = r_regionkey
[32m(release)[0m> 			and r_name = 'AMERICA'
[32m(release)[0m> 			and s_nationkey = n2.n_nationkey
[32m(release)[0m> 			and o_orderdate between date '1995-01-01' and date '1996-12-31'
[32m(release)[0m> 			and p_type = 'ECONOMY ANODIZED STEEL'
[32m(release)[0m> 	) as all_nations
[32m(release)[0m> group by
[32m(release)[0m> 	o_year
[32m(release)[0m> order by
[32m(release)[0m> 	o_year;
VmRSS Change: 0 KB
===
2 rows total
Execution info: [PARSE: 82 µs 849 ns, SQL TRANSLATE: 0 ns, OPTIMIZE: 0 ns, LQP TRANSLATE: 54 µs 190 ns, EXECUTE: 101 ms 819 µs (wall time) | QUERY PLAN CACHE HITS: 1/1 statement(s)]
After reset, table use_count: 2
WARNING: Table still has 1 other owner(s) after pipeline reset!
Executing script file done
$:hsh mem_usage
------------------------------------------
Memory Usage Statistics:
VmSize:	215677472 kB
VmRSS:	77384948 kB
0: MemResourceStatus {MigratedColumnsAggregate,18446744073709551615,12610235929,10275988050,10275988050,0,0,N/A}
MemResourceStatus {NumaMonotonicResource,3,60000000000,0,0,0,1,0}
MemResourceStatus {NumaMonotonicResource,2,60000000000,918173,1360500185,19359978250,0,19360042944}
MemResourceStatus {NumaMonotonicResource,1,64000000000,1039541809,3750105123,18917318200,0,18917334668}
0: MemResourceStatus {MemManagerAggregate,18446744073709551615,124000000000,1040459982,5110605308,0,0,N/A}
1: MemResourceStatus {MemManagerAggregate,18446744073709551615,60000000000,0,0,0,1,N/A}
MemResourceStatus {DefaultResource,18446744073709551615,18446744073709551615,0,0,0,-1,N/A}
Quick Memory Usage Overview:
Used Capacity: 11316448032, 0
------------------------------------------
Label set to d60000000000_tf60000000000_q9
$:hsh clear_plan_caches
Cleared PQP and LQP caches
$:hsh clear_pipeline
Released last SQLPipeline
$:hsh reset_exec_pools
Reset execution pools (2, 3) bump pointers to start
$:hsh mem_usage
------------------------------------------
Memory Usage Statistics:
VmSize:	215677472 kB
VmRSS:	77384948 kB
0: MemResourceStatus {MigratedColumnsAggregate,18446744073709551615,12610235929,10275988050,10275988050,0,0,N/A}
MemResourceStatus {NumaMonotonicResource,3,60000000000,0,0,0,1,0}
MemResourceStatus {NumaMonotonicResource,2,60000000000,0,0,0,0,0}
MemResourceStatus {NumaMonotonicResource,1,64000000000,1039541809,3750105123,18917318200,0,18917334668}
0: MemResourceStatus {MemManagerAggregate,18446744073709551615,124000000000,1039541809,3750105123,0,0,N/A}
1: MemResourceStatus {MemManagerAggregate,18446744073709551615,60000000000,0,0,0,1,N/A}
MemResourceStatus {DefaultResource,18446744073709551615,18446744073709551615,0,0,0,-1,N/A}
Quick Memory Usage Overview:
Used Capacity: 11315529859, 0
------------------------------------------
Executing script file: /home/umeshsum/tpch_queries/9.sql
[32m(release)[0m> select
[32m(release)[0m> 	nation,
[32m(release)[0m> 	o_year,
[32m(release)[0m> 	sum(amount) as sum_profit
[32m(release)[0m> from
[32m(release)[0m> 	(
[32m(release)[0m> 		select
[32m(release)[0m> 			n_name as nation,
[32m(release)[0m> 			extract(year from o_orderdate) as o_year,
[32m(release)[0m> 			l_extendedprice * (1 - l_discount) - ps_supplycost * l_quantity as amount
[32m(release)[0m> 		from
[32m(release)[0m> 			part,
[32m(release)[0m> 			supplier,
[32m(release)[0m> 			lineitem,
[32m(release)[0m> 			partsupp,
[32m(release)[0m> 			orders,
[32m(release)[0m> 			nation
[32m(release)[0m> 		where
[32m(release)[0m> 			s_suppkey = l_suppkey
[32m(release)[0m> 			and ps_suppkey = l_suppkey
[32m(release)[0m> 			and ps_partkey = l_partkey
[32m(release)[0m> 			and p_partkey = l_partkey
[32m(release)[0m> 			and o_orderkey = l_orderkey
[32m(release)[0m> 			and s_nationkey = n_nationkey
[32m(release)[0m> 			and p_name like '%green%'
[32m(release)[0m> 	) as profit
[32m(release)[0m> group by
[32m(release)[0m> 	nation,
[32m(release)[0m> 	o_year
[32m(release)[0m> order by
[32m(release)[0m> 	nation,
[32m(release)[0m> 	o_year desc;
VmRSS Change: 18446744073709551316 KB
===
175 rows total
Execution info: [PARSE: 65 µs 829 ns, SQL TRANSLATE: 328 µs 187 ns, OPTIMIZE: 18 ms 254 µs, LQP TRANSLATE: 233 µs 137 ns, EXECUTE: 1 s 309 ms (wall time) | QUERY PLAN CACHE HITS: 0/1 statement(s)]
After reset, table use_count: 2
WARNING: Table still has 1 other owner(s) after pipeline reset!
Executing script file done
$:hsh mem_usage
------------------------------------------
Memory Usage Statistics:
VmSize:	215677472 kB
VmRSS:	77384728 kB
0: MemResourceStatus {MigratedColumnsAggregate,18446744073709551615,12610235929,10275988050,10275988050,0,0,N/A}
MemResourceStatus {NumaMonotonicResource,3,60000000000,0,0,0,1,0}
MemResourceStatus {NumaMonotonicResource,2,60000000000,27673624,1205665520,5146231564,0,5146240968}
MemResourceStatus {NumaMonotonicResource,1,64000000000,1039541809,3750105123,18917318200,0,18917334668}
0: MemResourceStatus {MemManagerAggregate,18446744073709551615,124000000000,1067215433,4955770643,0,0,N/A}
1: MemResourceStatus {MemManagerAggregate,18446744073709551615,60000000000,0,0,0,1,N/A}
MemResourceStatus {DefaultResource,18446744073709551615,18446744073709551615,0,0,0,-1,N/A}
Quick Memory Usage Overview:
Used Capacity: 11343203483, 0
------------------------------------------
Executing script file: /home/umeshsum/tpch_queries/9.sql
[32m(release)[0m> select
[32m(release)[0m> 	nation,
[32m(release)[0m> 	o_year,
[32m(release)[0m> 	sum(amount) as sum_profit
[32m(release)[0m> from
[32m(release)[0m> 	(
[32m(release)[0m> 		select
[32m(release)[0m> 			n_name as nation,
[32m(release)[0m> 			extract(year from o_orderdate) as o_year,
[32m(release)[0m> 			l_extendedprice * (1 - l_discount) - ps_supplycost * l_quantity as amount
[32m(release)[0m> 		from
[32m(release)[0m> 			part,
[32m(release)[0m> 			supplier,
[32m(release)[0m> 			lineitem,
[32m(release)[0m> 			partsupp,
[32m(release)[0m> 			orders,
[32m(release)[0m> 			nation
[32m(release)[0m> 		where
[32m(release)[0m> 			s_suppkey = l_suppkey
[32m(release)[0m> 			and ps_suppkey = l_suppkey
[32m(release)[0m> 			and ps_partkey = l_partkey
[32m(release)[0m> 			and p_partkey = l_partkey
[32m(release)[0m> 			and o_orderkey = l_orderkey
[32m(release)[0m> 			and s_nationkey = n_nationkey
[32m(release)[0m> 			and p_name like '%green%'
[32m(release)[0m> 	) as profit
[32m(release)[0m> group by
[32m(release)[0m> 	nation,
[32m(release)[0m> 	o_year
[32m(release)[0m> order by
[32m(release)[0m> 	nation,
[32m(release)[0m> 	o_year desc;
VmRSS Change: 18446744073709549572 KB
===
175 rows total
Execution info: [PARSE: 83 µs 959 ns, SQL TRANSLATE: 0 ns, OPTIMIZE: 0 ns, LQP TRANSLATE: 73 µs 29 ns, EXECUTE: 1 s 344 ms (wall time) | QUERY PLAN CACHE HITS: 1/1 statement(s)]
After reset, table use_count: 2
WARNING: Table still has 1 other owner(s) after pipeline reset!
Executing script file done
$:hsh mem_usage
------------------------------------------
Memory Usage Statistics:
VmSize:	215677472 kB
VmRSS:	77382684 kB
0: MemResourceStatus {MigratedColumnsAggregate,18446744073709551615,12610235929,10275988050,10275988050,0,0,N/A}
MemResourceStatus {NumaMonotonicResource,3,60000000000,0,0,0,1,0}
MemResourceStatus {NumaMonotonicResource,2,60000000000,53773768,1231716512,10292463128,0,10292481992}
MemResourceStatus {NumaMonotonicResource,1,64000000000,1039541809,3750105123,18917318200,0,18917334668}
0: MemResourceStatus {MemManagerAggregate,18446744073709551615,124000000000,1093315577,4981821635,0,0,N/A}
1: MemResourceStatus {MemManagerAggregate,18446744073709551615,60000000000,0,0,0,1,N/A}
MemResourceStatus {DefaultResource,18446744073709551615,18446744073709551615,0,0,0,-1,N/A}
Quick Memory Usage Overview:
Used Capacity: 11369303627, 0
------------------------------------------
Executing script file: /home/umeshsum/tpch_queries/9.sql
[32m(release)[0m> select
[32m(release)[0m> 	nation,
[32m(release)[0m> 	o_year,
[32m(release)[0m> 	sum(amount) as sum_profit
[32m(release)[0m> from
[32m(release)[0m> 	(
[32m(release)[0m> 		select
[32m(release)[0m> 			n_name as nation,
[32m(release)[0m> 			extract(year from o_orderdate) as o_year,
[32m(release)[0m> 			l_extendedprice * (1 - l_discount) - ps_supplycost * l_quantity as amount
[32m(release)[0m> 		from
[32m(release)[0m> 			part,
[32m(release)[0m> 			supplier,
[32m(release)[0m> 			lineitem,
[32m(release)[0m> 			partsupp,
[32m(release)[0m> 			orders,
[32m(release)[0m> 			nation
[32m(release)[0m> 		where
[32m(release)[0m> 			s_suppkey = l_suppkey
[32m(release)[0m> 			and ps_suppkey = l_suppkey
[32m(release)[0m> 			and ps_partkey = l_partkey
[32m(release)[0m> 			and p_partkey = l_partkey
[32m(release)[0m> 			and o_orderkey = l_orderkey
[32m(release)[0m> 			and s_nationkey = n_nationkey
[32m(release)[0m> 			and p_name like '%green%'
[32m(release)[0m> 	) as profit
[32m(release)[0m> group by
[32m(release)[0m> 	nation,
[32m(release)[0m> 	o_year
[32m(release)[0m> order by
[32m(release)[0m> 	nation,
[32m(release)[0m> 	o_year desc;
VmRSS Change: 18446744073709550924 KB
===
175 rows total
Execution info: [PARSE: 79 µs 530 ns, SQL TRANSLATE: 0 ns, OPTIMIZE: 0 ns, LQP TRANSLATE: 51 µs 269 ns, EXECUTE: 1 s 337 ms (wall time) | QUERY PLAN CACHE HITS: 1/1 statement(s)]
After reset, table use_count: 2
WARNING: Table still has 1 other owner(s) after pipeline reset!
Executing script file done
$:hsh mem_usage
------------------------------------------
Memory Usage Statistics:
VmSize:	215677472 kB
VmRSS:	77381992 kB
0: MemResourceStatus {MigratedColumnsAggregate,18446744073709551615,12610235929,10275988050,10275988050,0,0,N/A}
MemResourceStatus {NumaMonotonicResource,3,60000000000,0,0,0,1,0}
MemResourceStatus {NumaMonotonicResource,2,60000000000,53773768,1231716512,15438694692,0,15438722904}
MemResourceStatus {NumaMonotonicResource,1,64000000000,1039541809,3750105123,18917318200,0,18917334668}
0: MemResourceStatus {MemManagerAggregate,18446744073709551615,124000000000,1093315577,4981821635,0,0,N/A}
1: MemResourceStatus {MemManagerAggregate,18446744073709551615,60000000000,0,0,0,1,N/A}
MemResourceStatus {DefaultResource,18446744073709551615,18446744073709551615,0,0,0,-1,N/A}
Quick Memory Usage Overview:
Used Capacity: 11369303627, 0
------------------------------------------
Executing script file: /home/umeshsum/tpch_queries/9.sql
[32m(release)[0m> select
[32m(release)[0m> 	nation,
[32m(release)[0m> 	o_year,
[32m(release)[0m> 	sum(amount) as sum_profit
[32m(release)[0m> from
[32m(release)[0m> 	(
[32m(release)[0m> 		select
[32m(release)[0m> 			n_name as nation,
[32m(release)[0m> 			extract(year from o_orderdate) as o_year,
[32m(release)[0m> 			l_extendedprice * (1 - l_discount) - ps_supplycost * l_quantity as amount
[32m(release)[0m> 		from
[32m(release)[0m> 			part,
[32m(release)[0m> 			supplier,
[32m(release)[0m> 			lineitem,
[32m(release)[0m> 			partsupp,
[32m(release)[0m> 			orders,
[32m(release)[0m> 			nation
[32m(release)[0m> 		where
[32m(release)[0m> 			s_suppkey = l_suppkey
[32m(release)[0m> 			and ps_suppkey = l_suppkey
[32m(release)[0m> 			and ps_partkey = l_partkey
[32m(release)[0m> 			and p_partkey = l_partkey
[32m(release)[0m> 			and o_orderkey = l_orderkey
[32m(release)[0m> 			and s_nationkey = n_nationkey
[32m(release)[0m> 			and p_name like '%green%'
[32m(release)[0m> 	) as profit
[32m(release)[0m> group by
[32m(release)[0m> 	nation,
[32m(release)[0m> 	o_year
[32m(release)[0m> order by
[32m(release)[0m> 	nation,
[32m(release)[0m> 	o_year desc;
VmRSS Change: 18446744073709549952 KB
===
175 rows total
Execution info: [PARSE: 199 µs 768 ns, SQL TRANSLATE: 0 ns, OPTIMIZE: 0 ns, LQP TRANSLATE: 47 µs 750 ns, EXECUTE: 1 s 335 ms (wall time) | QUERY PLAN CACHE HITS: 1/1 statement(s)]
After reset, table use_count: 2
WARNING: Table still has 1 other owner(s) after pipeline reset!
Executing script file done
$:hsh mem_usage
------------------------------------------
Memory Usage Statistics:
VmSize:	215677472 kB
VmRSS:	77380268 kB
0: MemResourceStatus {MigratedColumnsAggregate,18446744073709551615,12610235929,10275988050,10275988050,0,0,N/A}
MemResourceStatus {NumaMonotonicResource,3,60000000000,0,0,0,1,0}
MemResourceStatus {NumaMonotonicResource,2,60000000000,53773768,1231716512,20584926256,0,20584963752}
MemResourceStatus {NumaMonotonicResource,1,64000000000,1039541809,3750105123,18917318200,0,18917334668}
0: MemResourceStatus {MemManagerAggregate,18446744073709551615,124000000000,1093315577,4981821635,0,0,N/A}
1: MemResourceStatus {MemManagerAggregate,18446744073709551615,60000000000,0,0,0,1,N/A}
MemResourceStatus {DefaultResource,18446744073709551615,18446744073709551615,0,0,0,-1,N/A}
Quick Memory Usage Overview:
Used Capacity: 11369303627, 0
------------------------------------------
Executing script file: /home/umeshsum/tpch_queries/9.sql
[32m(release)[0m> select
[32m(release)[0m> 	nation,
[32m(release)[0m> 	o_year,
[32m(release)[0m> 	sum(amount) as sum_profit
[32m(release)[0m> from
[32m(release)[0m> 	(
[32m(release)[0m> 		select
[32m(release)[0m> 			n_name as nation,
[32m(release)[0m> 			extract(year from o_orderdate) as o_year,
[32m(release)[0m> 			l_extendedprice * (1 - l_discount) - ps_supplycost * l_quantity as amount
[32m(release)[0m> 		from
[32m(release)[0m> 			part,
[32m(release)[0m> 			supplier,
[32m(release)[0m> 			lineitem,
[32m(release)[0m> 			partsupp,
[32m(release)[0m> 			orders,
[32m(release)[0m> 			nation
[32m(release)[0m> 		where
[32m(release)[0m> 			s_suppkey = l_suppkey
[32m(release)[0m> 			and ps_suppkey = l_suppkey
[32m(release)[0m> 			and ps_partkey = l_partkey
[32m(release)[0m> 			and p_partkey = l_partkey
[32m(release)[0m> 			and o_orderkey = l_orderkey
[32m(release)[0m> 			and s_nationkey = n_nationkey
[32m(release)[0m> 			and p_name like '%green%'
[32m(release)[0m> 	) as profit
[32m(release)[0m> group by
[32m(release)[0m> 	nation,
[32m(release)[0m> 	o_year
[32m(release)[0m> order by
[32m(release)[0m> 	nation,
[32m(release)[0m> 	o_year desc;
VmRSS Change: 18446744073709551212 KB
===
175 rows total
Execution info: [PARSE: 77 µs 269 ns, SQL TRANSLATE: 0 ns, OPTIMIZE: 0 ns, LQP TRANSLATE: 52 µs 979 ns, EXECUTE: 1 s 399 ms (wall time) | QUERY PLAN CACHE HITS: 1/1 statement(s)]
After reset, table use_count: 2
WARNING: Table still has 1 other owner(s) after pipeline reset!
Executing script file done
$:hsh mem_usage
------------------------------------------
Memory Usage Statistics:
VmSize:	215677472 kB
VmRSS:	77379864 kB
0: MemResourceStatus {MigratedColumnsAggregate,18446744073709551615,12610235929,10275988050,10275988050,0,0,N/A}
MemResourceStatus {NumaMonotonicResource,3,60000000000,0,0,0,1,0}
MemResourceStatus {NumaMonotonicResource,2,60000000000,53773768,1231716512,25731157820,0,25731204664}
MemResourceStatus {NumaMonotonicResource,1,64000000000,1039541809,3750105123,18917318200,0,18917334668}
0: MemResourceStatus {MemManagerAggregate,18446744073709551615,124000000000,1093315577,4981821635,0,0,N/A}
1: MemResourceStatus {MemManagerAggregate,18446744073709551615,60000000000,0,0,0,1,N/A}
MemResourceStatus {DefaultResource,18446744073709551615,18446744073709551615,0,0,0,-1,N/A}
Quick Memory Usage Overview:
Used Capacity: 11369303627, 0
------------------------------------------
Executing script file: /home/umeshsum/tpch_queries/9.sql
[32m(release)[0m> select
[32m(release)[0m> 	nation,
[32m(release)[0m> 	o_year,
[32m(release)[0m> 	sum(amount) as sum_profit
[32m(release)[0m> from
[32m(release)[0m> 	(
[32m(release)[0m> 		select
[32m(release)[0m> 			n_name as nation,
[32m(release)[0m> 			extract(year from o_orderdate) as o_year,
[32m(release)[0m> 			l_extendedprice * (1 - l_discount) - ps_supplycost * l_quantity as amount
[32m(release)[0m> 		from
[32m(release)[0m> 			part,
[32m(release)[0m> 			supplier,
[32m(release)[0m> 			lineitem,
[32m(release)[0m> 			partsupp,
[32m(release)[0m> 			orders,
[32m(release)[0m> 			nation
[32m(release)[0m> 		where
[32m(release)[0m> 			s_suppkey = l_suppkey
[32m(release)[0m> 			and ps_suppkey = l_suppkey
[32m(release)[0m> 			and ps_partkey = l_partkey
[32m(release)[0m> 			and p_partkey = l_partkey
[32m(release)[0m> 			and o_orderkey = l_orderkey
[32m(release)[0m> 			and s_nationkey = n_nationkey
[32m(release)[0m> 			and p_name like '%green%'
[32m(release)[0m> 	) as profit
[32m(release)[0m> group by
[32m(release)[0m> 	nation,
[32m(release)[0m> 	o_year
[32m(release)[0m> order by
[32m(release)[0m> 	nation,
[32m(release)[0m> 	o_year desc;
VmRSS Change: 18446744073709551324 KB
===
175 rows total
Execution info: [PARSE: 101 µs 259 ns, SQL TRANSLATE: 0 ns, OPTIMIZE: 0 ns, LQP TRANSLATE: 67 µs 449 ns, EXECUTE: 1 s 432 ms (wall time) | QUERY PLAN CACHE HITS: 1/1 statement(s)]
After reset, table use_count: 2
WARNING: Table still has 1 other owner(s) after pipeline reset!
Executing script file done
$:hsh mem_usage
------------------------------------------
Memory Usage Statistics:
VmSize:	215677472 kB
VmRSS:	77379572 kB
0: MemResourceStatus {MigratedColumnsAggregate,18446744073709551615,12610235929,10275988050,10275988050,0,0,N/A}
MemResourceStatus {NumaMonotonicResource,3,60000000000,0,0,0,1,0}
MemResourceStatus {NumaMonotonicResource,2,60000000000,53773768,1231814816,30877389384,0,30877445560}
MemResourceStatus {NumaMonotonicResource,1,64000000000,1039541809,3750105123,18917318200,0,18917334668}
0: MemResourceStatus {MemManagerAggregate,18446744073709551615,124000000000,1093315577,4981919939,0,0,N/A}
1: MemResourceStatus {MemManagerAggregate,18446744073709551615,60000000000,0,0,0,1,N/A}
MemResourceStatus {DefaultResource,18446744073709551615,18446744073709551615,0,0,0,-1,N/A}
Quick Memory Usage Overview:
Used Capacity: 11369303627, 0
------------------------------------------
Executing script file: /home/umeshsum/tpch_queries/9.sql
[32m(release)[0m> select
[32m(release)[0m> 	nation,
[32m(release)[0m> 	o_year,
[32m(release)[0m> 	sum(amount) as sum_profit
[32m(release)[0m> from
[32m(release)[0m> 	(
[32m(release)[0m> 		select
[32m(release)[0m> 			n_name as nation,
[32m(release)[0m> 			extract(year from o_orderdate) as o_year,
[32m(release)[0m> 			l_extendedprice * (1 - l_discount) - ps_supplycost * l_quantity as amount
[32m(release)[0m> 		from
[32m(release)[0m> 			part,
[32m(release)[0m> 			supplier,
[32m(release)[0m> 			lineitem,
[32m(release)[0m> 			partsupp,
[32m(release)[0m> 			orders,
[32m(release)[0m> 			nation
[32m(release)[0m> 		where
[32m(release)[0m> 			s_suppkey = l_suppkey
[32m(release)[0m> 			and ps_suppkey = l_suppkey
[32m(release)[0m> 			and ps_partkey = l_partkey
[32m(release)[0m> 			and p_partkey = l_partkey
[32m(release)[0m> 			and o_orderkey = l_orderkey
[32m(release)[0m> 			and s_nationkey = n_nationkey
[32m(release)[0m> 			and p_name like '%green%'
[32m(release)[0m> 	) as profit
[32m(release)[0m> group by
[32m(release)[0m> 	nation,
[32m(release)[0m> 	o_year
[32m(release)[0m> order by
[32m(release)[0m> 	nation,
[32m(release)[0m> 	o_year desc;
VmRSS Change: 3496 KB
===
175 rows total
Execution info: [PARSE: 70 µs 399 ns, SQL TRANSLATE: 0 ns, OPTIMIZE: 0 ns, LQP TRANSLATE: 49 µs 39 ns, EXECUTE: 1 s 352 ms (wall time) | QUERY PLAN CACHE HITS: 1/1 statement(s)]
After reset, table use_count: 2
WARNING: Table still has 1 other owner(s) after pipeline reset!
Executing script file done
$:hsh mem_usage
------------------------------------------
Memory Usage Statistics:
VmSize:	215677472 kB
VmRSS:	77382948 kB
0: MemResourceStatus {MigratedColumnsAggregate,18446744073709551615,12610235929,10275988050,10275988050,0,0,N/A}
MemResourceStatus {NumaMonotonicResource,3,60000000000,0,0,0,1,0}
MemResourceStatus {NumaMonotonicResource,2,60000000000,53773768,1231814816,36023620948,0,36023686552}
MemResourceStatus {NumaMonotonicResource,1,64000000000,1039541809,3750105123,18917318200,0,18917334668}
0: MemResourceStatus {MemManagerAggregate,18446744073709551615,124000000000,1093315577,4981919939,0,0,N/A}
1: MemResourceStatus {MemManagerAggregate,18446744073709551615,60000000000,0,0,0,1,N/A}
MemResourceStatus {DefaultResource,18446744073709551615,18446744073709551615,0,0,0,-1,N/A}
Quick Memory Usage Overview:
Used Capacity: 11369303627, 0
------------------------------------------
Executing script file: /home/umeshsum/tpch_queries/9.sql
[32m(release)[0m> select
[32m(release)[0m> 	nation,
[32m(release)[0m> 	o_year,
[32m(release)[0m> 	sum(amount) as sum_profit
[32m(release)[0m> from
[32m(release)[0m> 	(
[32m(release)[0m> 		select
[32m(release)[0m> 			n_name as nation,
[32m(release)[0m> 			extract(year from o_orderdate) as o_year,
[32m(release)[0m> 			l_extendedprice * (1 - l_discount) - ps_supplycost * l_quantity as amount
[32m(release)[0m> 		from
[32m(release)[0m> 			part,
[32m(release)[0m> 			supplier,
[32m(release)[0m> 			lineitem,
[32m(release)[0m> 			partsupp,
[32m(release)[0m> 			orders,
[32m(release)[0m> 			nation
[32m(release)[0m> 		where
[32m(release)[0m> 			s_suppkey = l_suppkey
[32m(release)[0m> 			and ps_suppkey = l_suppkey
[32m(release)[0m> 			and ps_partkey = l_partkey
[32m(release)[0m> 			and p_partkey = l_partkey
[32m(release)[0m> 			and o_orderkey = l_orderkey
[32m(release)[0m> 			and s_nationkey = n_nationkey
[32m(release)[0m> 			and p_name like '%green%'
[32m(release)[0m> 	) as profit
[32m(release)[0m> group by
[32m(release)[0m> 	nation,
[32m(release)[0m> 	o_year
[32m(release)[0m> order by
[32m(release)[0m> 	nation,
[32m(release)[0m> 	o_year desc;
VmRSS Change: 18446744073709551432 KB
===
175 rows total
Execution info: [PARSE: 87 µs 849 ns, SQL TRANSLATE: 0 ns, OPTIMIZE: 0 ns, LQP TRANSLATE: 60 µs 260 ns, EXECUTE: 1 s 421 ms (wall time) | QUERY PLAN CACHE HITS: 1/1 statement(s)]
After reset, table use_count: 2
WARNING: Table still has 1 other owner(s) after pipeline reset!
Executing script file done
$:hsh mem_usage
------------------------------------------
Memory Usage Statistics:
VmSize:	215677472 kB
VmRSS:	77382764 kB
0: MemResourceStatus {MigratedColumnsAggregate,18446744073709551615,12610235929,10275988050,10275988050,0,0,N/A}
MemResourceStatus {NumaMonotonicResource,3,60000000000,0,0,0,1,0}
MemResourceStatus {NumaMonotonicResource,2,60000000000,53773768,1231814816,41169852512,0,41169927576}
MemResourceStatus {NumaMonotonicResource,1,64000000000,1039541809,3750105123,18917318200,0,18917334668}
0: MemResourceStatus {MemManagerAggregate,18446744073709551615,124000000000,1093315577,4981919939,0,0,N/A}
1: MemResourceStatus {MemManagerAggregate,18446744073709551615,60000000000,0,0,0,1,N/A}
MemResourceStatus {DefaultResource,18446744073709551615,18446744073709551615,0,0,0,-1,N/A}
Quick Memory Usage Overview:
Used Capacity: 11369303627, 0
------------------------------------------
Executing script file: /home/umeshsum/tpch_queries/9.sql
[32m(release)[0m> select
[32m(release)[0m> 	nation,
[32m(release)[0m> 	o_year,
[32m(release)[0m> 	sum(amount) as sum_profit
[32m(release)[0m> from
[32m(release)[0m> 	(
[32m(release)[0m> 		select
[32m(release)[0m> 			n_name as nation,
[32m(release)[0m> 			extract(year from o_orderdate) as o_year,
[32m(release)[0m> 			l_extendedprice * (1 - l_discount) - ps_supplycost * l_quantity as amount
[32m(release)[0m> 		from
[32m(release)[0m> 			part,
[32m(release)[0m> 			supplier,
[32m(release)[0m> 			lineitem,
[32m(release)[0m> 			partsupp,
[32m(release)[0m> 			orders,
[32m(release)[0m> 			nation
[32m(release)[0m> 		where
[32m(release)[0m> 			s_suppkey = l_suppkey
[32m(release)[0m> 			and ps_suppkey = l_suppkey
[32m(release)[0m> 			and ps_partkey = l_partkey
[32m(release)[0m> 			and p_partkey = l_partkey
[32m(release)[0m> 			and o_orderkey = l_orderkey
[32m(release)[0m> 			and s_nationkey = n_nationkey
[32m(release)[0m> 			and p_name like '%green%'
[32m(release)[0m> 	) as profit
[32m(release)[0m> group by
[32m(release)[0m> 	nation,
[32m(release)[0m> 	o_year
[32m(release)[0m> order by
[32m(release)[0m> 	nation,
[32m(release)[0m> 	o_year desc;
VmRSS Change: 276 KB
===
175 rows total
Execution info: [PARSE: 74 µs 149 ns, SQL TRANSLATE: 0 ns, OPTIMIZE: 0 ns, LQP TRANSLATE: 50 µs 520 ns, EXECUTE: 1 s 355 ms (wall time) | QUERY PLAN CACHE HITS: 1/1 statement(s)]
After reset, table use_count: 2
WARNING: Table still has 1 other owner(s) after pipeline reset!
Executing script file done
$:hsh mem_usage
------------------------------------------
Memory Usage Statistics:
VmSize:	215677472 kB
VmRSS:	77383040 kB
0: MemResourceStatus {MigratedColumnsAggregate,18446744073709551615,12610235929,10275988050,10275988050,0,0,N/A}
MemResourceStatus {NumaMonotonicResource,3,60000000000,0,0,0,1,0}
MemResourceStatus {NumaMonotonicResource,2,60000000000,53773768,1231831200,46316084076,0,46316168504}
MemResourceStatus {NumaMonotonicResource,1,64000000000,1039541809,3750105123,18917318200,0,18917334668}
0: MemResourceStatus {MemManagerAggregate,18446744073709551615,124000000000,1093315577,4981936323,0,0,N/A}
1: MemResourceStatus {MemManagerAggregate,18446744073709551615,60000000000,0,0,0,1,N/A}
MemResourceStatus {DefaultResource,18446744073709551615,18446744073709551615,0,0,0,-1,N/A}
Quick Memory Usage Overview:
Used Capacity: 11369303627, 0
------------------------------------------
Executing script file: /home/umeshsum/tpch_queries/9.sql
[32m(release)[0m> select
[32m(release)[0m> 	nation,
[32m(release)[0m> 	o_year,
[32m(release)[0m> 	sum(amount) as sum_profit
[32m(release)[0m> from
[32m(release)[0m> 	(
[32m(release)[0m> 		select
[32m(release)[0m> 			n_name as nation,
[32m(release)[0m> 			extract(year from o_orderdate) as o_year,
[32m(release)[0m> 			l_extendedprice * (1 - l_discount) - ps_supplycost * l_quantity as amount
[32m(release)[0m> 		from
[32m(release)[0m> 			part,
[32m(release)[0m> 			supplier,
[32m(release)[0m> 			lineitem,
[32m(release)[0m> 			partsupp,
[32m(release)[0m> 			orders,
[32m(release)[0m> 			nation
[32m(release)[0m> 		where
[32m(release)[0m> 			s_suppkey = l_suppkey
[32m(release)[0m> 			and ps_suppkey = l_suppkey
[32m(release)[0m> 			and ps_partkey = l_partkey
[32m(release)[0m> 			and p_partkey = l_partkey
[32m(release)[0m> 			and o_orderkey = l_orderkey
[32m(release)[0m> 			and s_nationkey = n_nationkey
[32m(release)[0m> 			and p_name like '%green%'
[32m(release)[0m> 	) as profit
[32m(release)[0m> group by
[32m(release)[0m> 	nation,
[32m(release)[0m> 	o_year
[32m(release)[0m> order by
[32m(release)[0m> 	nation,
[32m(release)[0m> 	o_year desc;
VmRSS Change: 1288572 KB
===
175 rows total
Execution info: [PARSE: 84 µs 219 ns, SQL TRANSLATE: 0 ns, OPTIMIZE: 0 ns, LQP TRANSLATE: 59 µs 619 ns, EXECUTE: 1 s 563 ms (wall time) | QUERY PLAN CACHE HITS: 1/1 statement(s)]
After reset, table use_count: 2
WARNING: Table still has 1 other owner(s) after pipeline reset!
Executing script file done
$:hsh mem_usage
------------------------------------------
Memory Usage Statistics:
VmSize:	215677472 kB
VmRSS:	78671524 kB
0: MemResourceStatus {MigratedColumnsAggregate,18446744073709551615,12610235929,10275988050,10275988050,0,0,N/A}
MemResourceStatus {NumaMonotonicResource,3,60000000000,0,0,0,1,0}
MemResourceStatus {NumaMonotonicResource,2,60000000000,53773768,1231831200,51462315640,0,51462409528}
MemResourceStatus {NumaMonotonicResource,1,64000000000,1039541809,3750105123,18917318200,0,18917334668}
0: MemResourceStatus {MemManagerAggregate,18446744073709551615,124000000000,1093315577,4981936323,0,0,N/A}
1: MemResourceStatus {MemManagerAggregate,18446744073709551615,60000000000,0,0,0,1,N/A}
MemResourceStatus {DefaultResource,18446744073709551615,18446744073709551615,0,0,0,-1,N/A}
Quick Memory Usage Overview:
Used Capacity: 11369303627, 0
------------------------------------------
$:Quit
Executing script file done
Bye.
Backtrace:
 0# print_backtrace[abi:cxx11]() in /home/umeshsum/hyrise_pmr/build/lib/libhyrise_impl.so
 1# segfault_handler(int) in ./hyriseConsole
 2# 0x000076E437A45330 in /lib/x86_64-linux-gnu/libc.so.6
 3# std::vector<std::shared_ptr<hyrise::AbstractSegment>, std::pmr::polymorphic_allocator<std::shared_ptr<hyrise::AbstractSegment> > >::~vector() in ./hyriseConsole
 4# tbb::detail::d1::concurrent_vector<std::shared_ptr<hyrise::Chunk>, hyrise::ZeroAllocator<std::shared_ptr<hyrise::Chunk> > >::destroy_segment(std::shared_ptr<hyrise::Chunk>*, unsigned long) in ./hyriseConsole
 5# tbb::detail::d1::segment_table<std::shared_ptr<hyrise::Chunk>, hyrise::ZeroAllocator<std::shared_ptr<hyrise::Chunk> >, tbb::detail::d1::concurrent_vector<std::shared_ptr<hyrise::Chunk>, hyrise::ZeroAllocator<std::shared_ptr<hyrise::Chunk> > >, 3ul>::clear() in ./hyriseConsole
 6# hyrise::Table::~Table() in ./hyriseConsole
 7# hyrise::SQLPipelineStatement::~SQLPipelineStatement() in /home/umeshsum/hyrise_pmr/build/lib/libhyrise_impl.so
 8# hyrise::SQLPipeline::~SQLPipeline() in ./hyriseConsole
 9# hyrise::Console::~Console() in ./hyriseConsole
10# 0x000076E437A47A76 in /lib/x86_64-linux-gnu/libc.so.6
11# 0x000076E437A47BBE in /lib/x86_64-linux-gnu/libc.so.6
12# 0x000076E437A2A1D1 in /lib/x86_64-linux-gnu/libc.so.6
13# __libc_start_main in /lib/x86_64-linux-gnu/libc.so.6
14# _start in ./hyriseConsole

