Number of CPUs: 48
Node #0 - Number of Node CPUs: 48, CPUIDs: [0, 1, 2, 3, 4, 5, 6, 7, 8, 9, 10, 11, 12, 13, 14, 15, 16, 17, 18, 19, 20, 21, 22, 23, 24, 25, 26, 27, 28, 29, 30, 31, 32, 33, 34, 35, 36, 37, 38, 39, 40, 41, 42, 43, 44, 45, 46, 47]

Executing script file: /home/umeshsum/hyrise_pmr/myscripts/mapping/sf50_scripts/sf50_e2e_heap_heap.sql
Worker 0 pinned to CPU 0on node [32m(release)[0m> setting print off
Print output turned off
0
[32m(release)[0m> setting binary_caching on
Binary caching turned on
[32m(release)[0m> setting workers 16
Number of CPUs: 48
Node #0 - Number of Node CPUs: 48, CPUIDs: [0, 1, 2, 3, 4, 5, 6, 7, 8, 9, 10, 11, 12, 13, 14, 15, 16, 17, 18, 19, 20, 21, 22, 23, 24, 25, 26, 27, 28, 29, 30, 31, 32, 33, 34, 35, 36, 37, 38, 39, 40, 41, 42, 43, 44, 45, 46, 47]

Worker 0 pinned to CPU 0on node 0
Worker 2 pinned to CPU 2on node 0
Worker 4 pinned to CPU 4on node 0
Worker 3 pinned to CPU 3on node 0
Worker 10 pinned to CPU 10on node Scheduler set to use 16 workers
0
Worker 12 pinned to CPU 12on node [32m(release)[0m> generate_tpch 50
0
Generating all TPCH tables (this might take a while) ...
Worker 13 pinned to CPU 13on node 0
Worker 15 pinned to CPU 15on node Worker 9 pinned to CPU 9on node Worker 8 pinned to CPU 8on node 0
0
Worker 5 pinned to CPU 5on node 0
Worker 11 pinned to CPU 11on node 0
Worker 1 pinned to CPU 1on node Worker 14 pinned to CPU 14on node 0
0
Worker 0
7 pinned to CPU 7on node Worker 6 pinned to CPU 6on node 0
0
Number of CPUs: 48
Node #0 - Number of Node CPUs: 48, CPUIDs: [0, 1, 2, 3, 4, 5, 6, 7, 8, 9, 10, 11, 12, 13, 14, 15, 16, 17, 18, 19, 20, 21, 22, 23, 24, 25, 26, 27, 28, 29, 30, 31, 32, 33, 34, 35, 36, 37, 38, 39, 40, 41, 42, 43, 44, 45, 46, 47]

Worker 1 pinned to CPU 1on node 0
Worker 0 pinned to CPU 0on node 0
Worker 3 pinned to CPU 3on node Worker 0Worker 2 pinned to CPU 
24on node  pinned to CPU 4on node 0
Worker 5 pinned to CPU 5on node Worker 7 pinned to CPU 7on node 0
0
Worker 9 pinned to CPU 9on node Worker 0
Worker 8 pinned to CPU 8on node 6 pinned to CPU 6on node 0
0
0
Worker 10 pinned to CPU 10on node Worker 11 pinned to CPU 11on node 0
0
- Loading/Generating tables
Worker 14 pinned to CPU 14on node Worker 13 pinned to CPU 13on node Worker 12 pinned to CPU 12on node 0
00

Worker 15 pinned to CPU 15on node 0
-  Loaded table 'nation' from cached binary "tpch_cached_tables/sf-50.000000/nation.bin" (310 µs 976 ns)
-  Loaded table 'region' from cached binary "tpch_cached_tables/sf-50.000000/region.bin" (306 µs 446 ns)
-  Loaded table 'supplier' from cached binary "tpch_cached_tables/sf-50.000000/supplier.bin" (311 ms 603 µs)
-  Loaded table 'part' from cached binary "tpch_cached_tables/sf-50.000000/part.bin" (2 s 461 ms)
-  Loaded table 'customer' from cached binary "tpch_cached_tables/sf-50.000000/customer.bin" (3 s 505 ms)
-  Loaded table 'partsupp' from cached binary "tpch_cached_tables/sf-50.000000/partsupp.bin" (8 s 417 ms)
-  Loaded table 'orders' from cached binary "tpch_cached_tables/sf-50.000000/orders.bin" (11 s 197 ms)
-  Loaded table 'lineitem' from cached binary "tpch_cached_tables/sf-50.000000/lineitem.bin" (28 s 950 ms)
- Loading/Generating tables done (28 s 961 ms)
- Encoding tables (if necessary) and generating pruning statistics
-  Processing 'region' - no encoding necessary (316 µs 467 ns)
-  Processing 'nation' - no encoding necessary (388 µs 166 ns)
-  Processing 'supplier' - no encoding necessary (20 ms 47 µs)
-  Processing 'part' - no encoding necessary (184 ms 681 µs)
-  Processing 'customer' - no encoding necessary (255 ms 10 µs)
-  Processing 'partsupp' - no encoding necessary (1 s 79 ms)
-  Processing 'orders' - no encoding necessary (1 s 852 ms)
-  Processing 'lineitem' - no encoding necessary (4 s 319 ms)
- Encoding tables and generating pruning statistic done (4 s 321 ms)
- Writing tables into binary files if necessary
- Writing tables into binary files done (102 µs 159 ns)
- Adding tables to StorageManager and generating table statistics
-  Added 'nation' (243 µs 598 ns)
-  Added 'region' (341 ms 866 µs)
-  Added 'supplier' (19 s 264 ms)
-  Added 'part' (26 s 764 ms)
-  Added 'partsupp' (2 min 25 s)
-  Added 'customer' (2 min 25 s)
-  Added 'orders' (3 min 34 s)
-  Added 'lineitem' (6 min 51 s)
- Adding tables to StorageManager and generating table statistics done (6 min 51 s)
- No chunk indexes created as --chunk_indexes was not specified or set to false
- No table indexes created as --table_indexes was not specified or set to false
Number of CPUs: 48
Node #0 - Number of Node CPUs: 48, CPUIDs: [0, 1, 2, 3, 4, 5, 6, 7, 8, 9, 10, 11, 12, 13, 14, 15, 16, 17, 18, 19, 20, 21, 22, 23, 24, 25, 26, 27, 28, 29, 30, 31, 32, 33, 34, 35, 36, 37, 38, 39, 40, 41, 42, 43, 44, 45, 46, 47]

Worker 17 pinned to CPU 1on node Worker 16 pinned to CPU 0on node 0
Worker 18 pinned to CPU 2on node Worker 20 pinned to CPU 4on node 0
Worker 22 pinned to CPU 6on node 0Worker 
21 pinned to CPU 5on node 0
Worker 23 pinned to CPU 7on node Worker 25 pinned to CPU 9on node Worker 24 pinned to CPU 8on node 0
Worker 27 pinned to CPU 11on node 0
Worker 28 pinned to CPU 12on node 0
Worker 29 pinned to CPU 13on node Worker 26 pinned to CPU 10on node Worker 30 pinned to CPU 14on node [32m(release)[0m> hsh mem_usage
0
Worker 31 pinned to CPU 15on node $:hsh mem_usage
------------------------------------------
Memory Usage Statistics:
VmSize:	160850892 kB
VmRSS:	62035136 kB
MemResourceStatus {DefaultResource,18446744073709551615,18446744073709551615,47686559455,59909521290,0,-1,N/A}
Quick Memory Usage Overview:
Used Capacity: 0, 0
------------------------------------------
[32m(release)[0m> script /home/umeshsum/hyrise_pmr/myscripts/all_cols_to_remote.sql
Executing script file: /home/umeshsum/hyrise_pmr/myscripts/all_cols_to_remote.sql
[32m(release)[0m> move2cxl supplier s_comment 1
0
0
0
0
0
[32m(release)[0m> move2cxl supplier s_acctbal 1
[32m(release)[0m> move2cxl orders o_orderkey 1
[32m(release)[0m> move2cxl customer c_acctbal 1
[32m(release)[0m> move2cxl nation n_regionkey 1
[32m(release)[0m> move2cxl lineitem l_comment 1
0
0
Worker 19 pinned to CPU 3on node 0
[32m(release)[0m> move2cxl nation n_name 1
[32m(release)[0m> move2cxl lineitem l_shipmode 1
[32m(release)[0m> move2cxl supplier s_phone 1
[32m(release)[0m> move2cxl nation n_nationkey 1
[32m(release)[0m> move2cxl lineitem l_shipinstruct 1
[32m(release)[0m> move2cxl part p_comment 1
[32m(release)[0m> move2cxl supplier s_nationkey 1
[32m(release)[0m> move2cxl lineitem l_receiptdate 1
[32m(release)[0m> move2cxl part p_retailprice 1
[32m(release)[0m> move2cxl supplier s_address 1
[32m(release)[0m> move2cxl lineitem l_commitdate 1
[32m(release)[0m> move2cxl part p_container 1
[32m(release)[0m> move2cxl supplier s_name 1
[32m(release)[0m> move2cxl lineitem l_shipdate 1
[32m(release)[0m> move2cxl part p_size 1
[32m(release)[0m> move2cxl supplier s_suppkey 1
[32m(release)[0m> move2cxl lineitem l_linestatus 1
[32m(release)[0m> move2cxl part p_type 1
[32m(release)[0m> move2cxl lineitem l_returnflag 1
[32m(release)[0m> move2cxl part p_brand 1
[32m(release)[0m> move2cxl lineitem l_tax 1
[32m(release)[0m> move2cxl part p_mfgr 1
[32m(release)[0m> move2cxl lineitem l_discount 1
[32m(release)[0m> move2cxl part p_name 1
[32m(release)[0m> move2cxl lineitem l_extendedprice 1
[32m(release)[0m> move2cxl part p_partkey 1
[32m(release)[0m> move2cxl nation n_comment 1
[32m(release)[0m> move2cxl customer c_custkey 1
[32m(release)[0m> move2cxl lineitem l_quantity 1
[32m(release)[0m> move2cxl customer c_name 1
[32m(release)[0m> move2cxl customer c_address 1
[32m(release)[0m> move2cxl customer c_nationkey 1
[32m(release)[0m> move2cxl customer c_phone 1
[32m(release)[0m> move2cxl customer c_mktsegment 1
[32m(release)[0m> move2cxl orders o_custkey 1
[32m(release)[0m> move2cxl customer c_comment 1
[32m(release)[0m> move2cxl orders o_orderstatus 1
[32m(release)[0m> move2cxl lineitem l_orderkey 1
[32m(release)[0m> move2cxl lineitem l_partkey 1
[32m(release)[0m> move2cxl lineitem l_suppkey 1
[32m(release)[0m> move2cxl lineitem l_linenumber 1
[32m(release)[0m> move2cxl orders o_totalprice 1
[32m(release)[0m> move2cxl orders o_orderdate 1
[32m(release)[0m> move2cxl orders o_orderpriority 1
[32m(release)[0m> move2cxl region r_regionkey 1
[32m(release)[0m> move2cxl orders o_clerk 1
[32m(release)[0m> move2cxl region r_name 1
[32m(release)[0m> move2cxl orders o_shippriority 1
[32m(release)[0m> move2cxl region r_comment 1
[32m(release)[0m> move2cxl orders o_comment 1
[32m(release)[0m> move2cxl partsupp ps_partkey 1
[32m(release)[0m> move2cxl partsupp ps_suppkey 1
[32m(release)[0m> move2cxl partsupp ps_availqty 1
[32m(release)[0m> move2cxl partsupp ps_supplycost 1
[32m(release)[0m> move2cxl partsupp ps_comment 1
Executing script file done
$:hsh mem_usage
------------------------------------------
Memory Usage Statistics:
VmSize:	223000028 kB
VmRSS:	87086724 kB
1: MemResourceStatus {MigratedColumnsAggregate,18446744073709551615,63541608448,52888587462,0,0,1,N/A}
MemResourceStatus {DefaultResource,18446744073709551615,18446744073709551615,18446744070007173758,59909521290,0,-1,N/A}
Quick Memory Usage Overview:
Used Capacity: 0, 52888587462
------------------------------------------
Number of CPUs: 48
Node #0 - Number of Node CPUs: 48, CPUIDs: [0, 1, 2, 3, 4, 5, 6, 7, 8, 9, 10, 11, 12, 13, 14, 15, 16, 17, 18, 19, 20, 21, 22, 23, 24, 25, 26, 27, 28, 29, 30, 31, 32, 33, 34, 35, 36, 37, 38, 39, 40, 41, 42, 43, 44, 45, 46, 47]

Worker 2 pinned to CPU 2on node 0Worker 
3 pinned to CPU 3on node Scheduler set to use 8 workers
Worker 1 pinned to CPU 1on node Worker 6 pinned to CPU 6on node 0
Worker 7 pinned to CPU 7on node Worker 4 pinned to CPU 4on node Worker 5 pinned to CPU 5on node 0
0
0
Label set to d0_tf0_q10
0
$:hsh clear_plan_caches
0
Cleared PQP and LQP caches
$:hsh clear_pipeline
Released last SQLPipeline
$:hsh reset_exec_pools
Reset execution pools (2, 3) bump pointers to start
$:hsh mem_usage
------------------------------------------
Memory Usage Statistics:
Worker 0 pinned to CPU 0on node 0
VmSize:	222901676 kB
VmRSS:	68581688 kB
1: MemResourceStatus {MigratedColumnsAggregate,18446744073709551615,63541608448,52888587462,0,0,1,N/A}
MemResourceStatus {DefaultResource,18446744073709551615,18446744073709551615,18446744070007173758,59909521290,0,-1,N/A}
Quick Memory Usage Overview:
Used Capacity: 0, 52888587462
------------------------------------------
Executing script file: /home/umeshsum/tpch_queries/10.sql
[32m(release)[0m> select
[32m(release)[0m> 	c_custkey,
[32m(release)[0m> 	c_name,
[32m(release)[0m> 	sum(l_extendedprice * (1 - l_discount)) as revenue,
[32m(release)[0m> 	c_acctbal,
[32m(release)[0m> 	n_name,
[32m(release)[0m> 	c_address,
[32m(release)[0m> 	c_phone,
[32m(release)[0m> 	c_comment
[32m(release)[0m> from
[32m(release)[0m> 	customer,
[32m(release)[0m> 	orders,
[32m(release)[0m> 	lineitem,
[32m(release)[0m> 	nation
[32m(release)[0m> where
[32m(release)[0m> 	c_custkey = o_custkey
[32m(release)[0m> 	and l_orderkey = o_orderkey
[32m(release)[0m> 	and o_orderdate >= date '1993-10-01'
[32m(release)[0m> 	and o_orderdate < date '1993-10-01' + interval '3' month
[32m(release)[0m> 	and l_returnflag = 'R'
[32m(release)[0m> 	and c_nationkey = n_nationkey
[32m(release)[0m> group by
[32m(release)[0m> 	c_custkey,
[32m(release)[0m> 	c_name,
[32m(release)[0m> 	c_acctbal,
[32m(release)[0m> 	c_phone,
[32m(release)[0m> 	n_name,
[32m(release)[0m> 	c_address,
[32m(release)[0m> 	c_comment
[32m(release)[0m> order by
[32m(release)[0m> 	revenue desc;
[PERF] Unresolved iterator created for AbstractPosList at src/lib/storage/pos_lists/abstract_pos_list.cpp:10
	Performance can be affected. This warning is only shown once.
VmRSS Change: 4228796 KB
===
1922903 rows total
Execution info: [PARSE: 74 µs 919 ns, SQL TRANSLATE: 369 µs 136 ns, OPTIMIZE: 8 ms 886 µs, LQP TRANSLATE: 139 µs 799 ns, EXECUTE: 2 s 262 ms (wall time) | QUERY PLAN CACHE HITS: 0/1 statement(s)]
After reset, table use_count: 2
WARNING: Table still has 1 other owner(s) after pipeline reset!
Executing script file done
$:hsh clear_plan_caches
Cleared PQP and LQP caches
$:hsh clear_pipeline
Released last SQLPipeline
$:hsh reset_exec_pools
Reset execution pools (2, 3) bump pointers to start
$:hsh mem_usage
------------------------------------------
Memory Usage Statistics:
VmSize:	224062380 kB
VmRSS:	72810948 kB
1: MemResourceStatus {MigratedColumnsAggregate,18446744073709551615,63541608448,52888587462,0,0,1,N/A}
MemResourceStatus {DefaultResource,18446744073709551615,18446744073709551615,18446744069848860366,18446744073709105478,0,-1,N/A}
Quick Memory Usage Overview:
Used Capacity: 0, 52888587462
------------------------------------------
Executing script file: /home/umeshsum/tpch_queries/10.sql
[32m(release)[0m> select
[32m(release)[0m> 	c_custkey,
[32m(release)[0m> 	c_name,
[32m(release)[0m> 	sum(l_extendedprice * (1 - l_discount)) as revenue,
[32m(release)[0m> 	c_acctbal,
[32m(release)[0m> 	n_name,
[32m(release)[0m> 	c_address,
[32m(release)[0m> 	c_phone,
[32m(release)[0m> 	c_comment
[32m(release)[0m> from
[32m(release)[0m> 	customer,
[32m(release)[0m> 	orders,
[32m(release)[0m> 	lineitem,
[32m(release)[0m> 	nation
[32m(release)[0m> where
[32m(release)[0m> 	c_custkey = o_custkey
[32m(release)[0m> 	and l_orderkey = o_orderkey
[32m(release)[0m> 	and o_orderdate >= date '1993-10-01'
[32m(release)[0m> 	and o_orderdate < date '1993-10-01' + interval '3' month
[32m(release)[0m> 	and l_returnflag = 'R'
[32m(release)[0m> 	and c_nationkey = n_nationkey
[32m(release)[0m> group by
[32m(release)[0m> 	c_custkey,
[32m(release)[0m> 	c_name,
[32m(release)[0m> 	c_acctbal,
[32m(release)[0m> 	c_phone,
[32m(release)[0m> 	n_name,
[32m(release)[0m> 	c_address,
[32m(release)[0m> 	c_comment
[32m(release)[0m> order by
[32m(release)[0m> 	revenue desc;
VmRSS Change: 2009452 KB
===
1922903 rows total
Execution info: [PARSE: 71 µs 0 ns, SQL TRANSLATE: 260 µs 778 ns, OPTIMIZE: 7 ms 954 µs, LQP TRANSLATE: 224 µs 37 ns, EXECUTE: 2 s 113 ms (wall time) | QUERY PLAN CACHE HITS: 0/1 statement(s)]
After reset, table use_count: 2
WARNING: Table still has 1 other owner(s) after pipeline reset!
Executing script file done
$:hsh clear_plan_caches
Cleared PQP and LQP caches
$:hsh clear_pipeline
Released last SQLPipeline
$:hsh reset_exec_pools
Reset execution pools (2, 3) bump pointers to start
$:hsh mem_usage
------------------------------------------
Memory Usage Statistics:
VmSize:	224062380 kB
VmRSS:	74815780 kB
1: MemResourceStatus {MigratedColumnsAggregate,18446744073709551615,63541608448,52888587462,0,0,1,N/A}
MemResourceStatus {DefaultResource,18446744073709551615,18446744073709551615,18446744069647340838,18446744073709105478,0,-1,N/A}
Quick Memory Usage Overview:
Used Capacity: 0, 52888587462
------------------------------------------
Executing script file: /home/umeshsum/tpch_queries/10.sql
[32m(release)[0m> select
[32m(release)[0m> 	c_custkey,
[32m(release)[0m> 	c_name,
[32m(release)[0m> 	sum(l_extendedprice * (1 - l_discount)) as revenue,
[32m(release)[0m> 	c_acctbal,
[32m(release)[0m> 	n_name,
[32m(release)[0m> 	c_address,
[32m(release)[0m> 	c_phone,
[32m(release)[0m> 	c_comment
[32m(release)[0m> from
[32m(release)[0m> 	customer,
[32m(release)[0m> 	orders,
[32m(release)[0m> 	lineitem,
[32m(release)[0m> 	nation
[32m(release)[0m> where
[32m(release)[0m> 	c_custkey = o_custkey
[32m(release)[0m> 	and l_orderkey = o_orderkey
[32m(release)[0m> 	and o_orderdate >= date '1993-10-01'
[32m(release)[0m> 	and o_orderdate < date '1993-10-01' + interval '3' month
[32m(release)[0m> 	and l_returnflag = 'R'
[32m(release)[0m> 	and c_nationkey = n_nationkey
[32m(release)[0m> group by
[32m(release)[0m> 	c_custkey,
[32m(release)[0m> 	c_name,
[32m(release)[0m> 	c_acctbal,
[32m(release)[0m> 	c_phone,
[32m(release)[0m> 	n_name,
[32m(release)[0m> 	c_address,
[32m(release)[0m> 	c_comment
[32m(release)[0m> order by
[32m(release)[0m> 	revenue desc;
VmRSS Change: 18446744073709424408 KB
===
1922903 rows total
Execution info: [PARSE: 59 µs 570 ns, SQL TRANSLATE: 188 µs 919 ns, OPTIMIZE: 4 ms 120 µs, LQP TRANSLATE: 101 µs 859 ns, EXECUTE: 2 s 315 ms (wall time) | QUERY PLAN CACHE HITS: 0/1 statement(s)]
After reset, table use_count: 2
WARNING: Table still has 1 other owner(s) after pipeline reset!
Executing script file done
$:hsh clear_plan_caches
Cleared PQP and LQP caches
$:hsh clear_pipeline
Released last SQLPipeline
$:hsh reset_exec_pools
Reset execution pools (2, 3) bump pointers to start
$:hsh mem_usage
------------------------------------------
Memory Usage Statistics:
VmSize:	224062380 kB
VmRSS:	74688572 kB
1: MemResourceStatus {MigratedColumnsAggregate,18446744073709551615,63541608448,52888587462,0,0,1,N/A}
MemResourceStatus {DefaultResource,18446744073709551615,18446744073709551615,18446744069428845486,18446744073709105478,0,-1,N/A}
Quick Memory Usage Overview:
Used Capacity: 0, 52888587462
------------------------------------------
Executing script file: /home/umeshsum/tpch_queries/10.sql
[32m(release)[0m> select
[32m(release)[0m> 	c_custkey,
[32m(release)[0m> 	c_name,
[32m(release)[0m> 	sum(l_extendedprice * (1 - l_discount)) as revenue,
[32m(release)[0m> 	c_acctbal,
[32m(release)[0m> 	n_name,
[32m(release)[0m> 	c_address,
[32m(release)[0m> 	c_phone,
[32m(release)[0m> 	c_comment
[32m(release)[0m> from
[32m(release)[0m> 	customer,
[32m(release)[0m> 	orders,
[32m(release)[0m> 	lineitem,
[32m(release)[0m> 	nation
[32m(release)[0m> where
[32m(release)[0m> 	c_custkey = o_custkey
[32m(release)[0m> 	and l_orderkey = o_orderkey
[32m(release)[0m> 	and o_orderdate >= date '1993-10-01'
[32m(release)[0m> 	and o_orderdate < date '1993-10-01' + interval '3' month
[32m(release)[0m> 	and l_returnflag = 'R'
[32m(release)[0m> 	and c_nationkey = n_nationkey
[32m(release)[0m> group by
[32m(release)[0m> 	c_custkey,
[32m(release)[0m> 	c_name,
[32m(release)[0m> 	c_acctbal,
[32m(release)[0m> 	c_phone,
[32m(release)[0m> 	n_name,
[32m(release)[0m> 	c_address,
[32m(release)[0m> 	c_comment
[32m(release)[0m> order by
[32m(release)[0m> 	revenue desc;
VmRSS Change: 459748 KB
===
1922903 rows total
Execution info: [PARSE: 72 µs 529 ns, SQL TRANSLATE: 248 µs 448 ns, OPTIMIZE: 8 ms 33 µs, LQP TRANSLATE: 232 µs 827 ns, EXECUTE: 2 s 102 ms (wall time) | QUERY PLAN CACHE HITS: 0/1 statement(s)]
After reset, table use_count: 2
WARNING: Table still has 1 other owner(s) after pipeline reset!
Executing script file done
$:hsh clear_plan_caches
Cleared PQP and LQP caches
$:hsh clear_pipeline
Released last SQLPipeline
$:hsh reset_exec_pools
Reset execution pools (2, 3) bump pointers to start
$:hsh mem_usage
------------------------------------------
Memory Usage Statistics:
VmSize:	224586668 kB
VmRSS:	75039040 kB
1: MemResourceStatus {MigratedColumnsAggregate,18446744073709551615,63541608448,52888587462,0,0,1,N/A}
MemResourceStatus {DefaultResource,18446744073709551615,18446744073709551615,18446744069265261998,18446744073709105478,0,-1,N/A}
Quick Memory Usage Overview:
Used Capacity: 0, 52888587462
------------------------------------------
Executing script file: /home/umeshsum/tpch_queries/10.sql
[32m(release)[0m> select
[32m(release)[0m> 	c_custkey,
[32m(release)[0m> 	c_name,
[32m(release)[0m> 	sum(l_extendedprice * (1 - l_discount)) as revenue,
[32m(release)[0m> 	c_acctbal,
[32m(release)[0m> 	n_name,
[32m(release)[0m> 	c_address,
[32m(release)[0m> 	c_phone,
[32m(release)[0m> 	c_comment
[32m(release)[0m> from
[32m(release)[0m> 	customer,
[32m(release)[0m> 	orders,
[32m(release)[0m> 	lineitem,
[32m(release)[0m> 	nation
[32m(release)[0m> where
[32m(release)[0m> 	c_custkey = o_custkey
[32m(release)[0m> 	and l_orderkey = o_orderkey
[32m(release)[0m> 	and o_orderdate >= date '1993-10-01'
[32m(release)[0m> 	and o_orderdate < date '1993-10-01' + interval '3' month
[32m(release)[0m> 	and l_returnflag = 'R'
[32m(release)[0m> 	and c_nationkey = n_nationkey
[32m(release)[0m> group by
[32m(release)[0m> 	c_custkey,
[32m(release)[0m> 	c_name,
[32m(release)[0m> 	c_acctbal,
[32m(release)[0m> 	c_phone,
[32m(release)[0m> 	n_name,
[32m(release)[0m> 	c_address,
[32m(release)[0m> 	c_comment
[32m(release)[0m> order by
[32m(release)[0m> 	revenue desc;
VmRSS Change: 277040 KB
===
1922903 rows total
Execution info: [PARSE: 38 µs 939 ns, SQL TRANSLATE: 121 µs 589 ns, OPTIMIZE: 4 ms 240 µs, LQP TRANSLATE: 101 µs 919 ns, EXECUTE: 2 s 39 ms (wall time) | QUERY PLAN CACHE HITS: 0/1 statement(s)]
After reset, table use_count: 2
WARNING: Table still has 1 other owner(s) after pipeline reset!
Executing script file done
$:hsh clear_plan_caches
Cleared PQP and LQP caches
$:hsh clear_pipeline
Released last SQLPipeline
$:hsh reset_exec_pools
Reset execution pools (2, 3) bump pointers to start
$:hsh mem_usage
------------------------------------------
Memory Usage Statistics:
VmSize:	224586668 kB
VmRSS:	75316108 kB
1: MemResourceStatus {MigratedColumnsAggregate,18446744073709551615,63541608448,52888587462,0,0,1,N/A}
MemResourceStatus {DefaultResource,18446744073709551615,18446744073709551615,18446744069051843930,18446744073709105478,0,-1,N/A}
Quick Memory Usage Overview:
Used Capacity: 0, 52888587462
------------------------------------------
Executing script file: /home/umeshsum/tpch_queries/10.sql
[32m(release)[0m> select
[32m(release)[0m> 	c_custkey,
[32m(release)[0m> 	c_name,
[32m(release)[0m> 	sum(l_extendedprice * (1 - l_discount)) as revenue,
[32m(release)[0m> 	c_acctbal,
[32m(release)[0m> 	n_name,
[32m(release)[0m> 	c_address,
[32m(release)[0m> 	c_phone,
[32m(release)[0m> 	c_comment
[32m(release)[0m> from
[32m(release)[0m> 	customer,
[32m(release)[0m> 	orders,
[32m(release)[0m> 	lineitem,
[32m(release)[0m> 	nation
[32m(release)[0m> where
[32m(release)[0m> 	c_custkey = o_custkey
[32m(release)[0m> 	and l_orderkey = o_orderkey
[32m(release)[0m> 	and o_orderdate >= date '1993-10-01'
[32m(release)[0m> 	and o_orderdate < date '1993-10-01' + interval '3' month
[32m(release)[0m> 	and l_returnflag = 'R'
[32m(release)[0m> 	and c_nationkey = n_nationkey
[32m(release)[0m> group by
[32m(release)[0m> 	c_custkey,
[32m(release)[0m> 	c_name,
[32m(release)[0m> 	c_acctbal,
[32m(release)[0m> 	c_phone,
[32m(release)[0m> 	n_name,
[32m(release)[0m> 	c_address,
[32m(release)[0m> 	c_comment
[32m(release)[0m> order by
[32m(release)[0m> 	revenue desc;
VmRSS Change: 18446744073709417312 KB
===
1922903 rows total
Execution info: [PARSE: 70 µs 579 ns, SQL TRANSLATE: 229 µs 278 ns, OPTIMIZE: 7 ms 933 µs, LQP TRANSLATE: 235 µs 797 ns, EXECUTE: 2 s 155 ms (wall time) | QUERY PLAN CACHE HITS: 0/1 statement(s)]
After reset, table use_count: 2
WARNING: Table still has 1 other owner(s) after pipeline reset!
Executing script file done
$:hsh clear_plan_caches
Cleared PQP and LQP caches
$:hsh clear_pipeline
Released last SQLPipeline
$:hsh reset_exec_pools
Reset execution pools (2, 3) bump pointers to start
$:hsh mem_usage
------------------------------------------
Memory Usage Statistics:
VmSize:	225897388 kB
VmRSS:	75094440 kB
1: MemResourceStatus {MigratedColumnsAggregate,18446744073709551615,63541608448,52888587462,0,0,1,N/A}
MemResourceStatus {DefaultResource,18446744073709551615,18446744073709551615,18446744068894296238,18446744073709105478,0,-1,N/A}
Quick Memory Usage Overview:
Used Capacity: 0, 52888587462
------------------------------------------
Executing script file: /home/umeshsum/tpch_queries/10.sql
[32m(release)[0m> select
[32m(release)[0m> 	c_custkey,
[32m(release)[0m> 	c_name,
[32m(release)[0m> 	sum(l_extendedprice * (1 - l_discount)) as revenue,
[32m(release)[0m> 	c_acctbal,
[32m(release)[0m> 	n_name,
[32m(release)[0m> 	c_address,
[32m(release)[0m> 	c_phone,
[32m(release)[0m> 	c_comment
[32m(release)[0m> from
[32m(release)[0m> 	customer,
[32m(release)[0m> 	orders,
[32m(release)[0m> 	lineitem,
[32m(release)[0m> 	nation
[32m(release)[0m> where
[32m(release)[0m> 	c_custkey = o_custkey
[32m(release)[0m> 	and l_orderkey = o_orderkey
[32m(release)[0m> 	and o_orderdate >= date '1993-10-01'
[32m(release)[0m> 	and o_orderdate < date '1993-10-01' + interval '3' month
[32m(release)[0m> 	and l_returnflag = 'R'
[32m(release)[0m> 	and c_nationkey = n_nationkey
[32m(release)[0m> group by
[32m(release)[0m> 	c_custkey,
[32m(release)[0m> 	c_name,
[32m(release)[0m> 	c_acctbal,
[32m(release)[0m> 	c_phone,
[32m(release)[0m> 	n_name,
[32m(release)[0m> 	c_address,
[32m(release)[0m> 	c_comment
[32m(release)[0m> order by
[32m(release)[0m> 	revenue desc;
VmRSS Change: 18446744073708761424 KB
===
1922903 rows total
Execution info: [PARSE: 73 µs 459 ns, SQL TRANSLATE: 227 µs 658 ns, OPTIMIZE: 8 ms 44 µs, LQP TRANSLATE: 227 µs 128 ns, EXECUTE: 2 s 180 ms (wall time) | QUERY PLAN CACHE HITS: 0/1 statement(s)]
After reset, table use_count: 2
WARNING: Table still has 1 other owner(s) after pipeline reset!
Executing script file done
$:hsh clear_plan_caches
Cleared PQP and LQP caches
$:hsh clear_pipeline
Released last SQLPipeline
$:hsh reset_exec_pools
Reset execution pools (2, 3) bump pointers to start
$:hsh mem_usage
------------------------------------------
Memory Usage Statistics:
VmSize:	225897388 kB
VmRSS:	74304252 kB
1: MemResourceStatus {MigratedColumnsAggregate,18446744073709551615,63541608448,52888587462,0,0,1,N/A}
MemResourceStatus {DefaultResource,18446744073709551615,18446744073709551615,18446744068664537070,18446744073709105478,0,-1,N/A}
Quick Memory Usage Overview:
Used Capacity: 0, 52888587462
------------------------------------------
Executing script file: /home/umeshsum/tpch_queries/10.sql
[32m(release)[0m> select
[32m(release)[0m> 	c_custkey,
[32m(release)[0m> 	c_name,
[32m(release)[0m> 	sum(l_extendedprice * (1 - l_discount)) as revenue,
[32m(release)[0m> 	c_acctbal,
[32m(release)[0m> 	n_name,
[32m(release)[0m> 	c_address,
[32m(release)[0m> 	c_phone,
[32m(release)[0m> 	c_comment
[32m(release)[0m> from
[32m(release)[0m> 	customer,
[32m(release)[0m> 	orders,
[32m(release)[0m> 	lineitem,
[32m(release)[0m> 	nation
[32m(release)[0m> where
[32m(release)[0m> 	c_custkey = o_custkey
[32m(release)[0m> 	and l_orderkey = o_orderkey
[32m(release)[0m> 	and o_orderdate >= date '1993-10-01'
[32m(release)[0m> 	and o_orderdate < date '1993-10-01' + interval '3' month
[32m(release)[0m> 	and l_returnflag = 'R'
[32m(release)[0m> 	and c_nationkey = n_nationkey
[32m(release)[0m> group by
[32m(release)[0m> 	c_custkey,
[32m(release)[0m> 	c_name,
[32m(release)[0m> 	c_acctbal,
[32m(release)[0m> 	c_phone,
[32m(release)[0m> 	n_name,
[32m(release)[0m> 	c_address,
[32m(release)[0m> 	c_comment
[32m(release)[0m> order by
[32m(release)[0m> 	revenue desc;
VmRSS Change: 500612 KB
===
1922903 rows total
Execution info: [PARSE: 72 µs 50 ns, SQL TRANSLATE: 232 µs 877 ns, OPTIMIZE: 7 ms 851 µs, LQP TRANSLATE: 223 µs 238 ns, EXECUTE: 2 s 107 ms (wall time) | QUERY PLAN CACHE HITS: 0/1 statement(s)]
After reset, table use_count: 2
WARNING: Table still has 1 other owner(s) after pipeline reset!
Executing script file done
$:hsh clear_plan_caches
Cleared PQP and LQP caches
$:hsh clear_pipeline
Released last SQLPipeline
$:hsh reset_exec_pools
Reset execution pools (2, 3) bump pointers to start
$:hsh mem_usage
------------------------------------------
Memory Usage Statistics:
VmSize:	225897388 kB
VmRSS:	74804848 kB
1: MemResourceStatus {MigratedColumnsAggregate,18446744073709551615,63541608448,52888587462,0,0,1,N/A}
MemResourceStatus {DefaultResource,18446744073709551615,18446744073709551615,18446744068413318110,18446744073709105478,0,-1,N/A}
Quick Memory Usage Overview:
Used Capacity: 0, 52888587462
------------------------------------------
Executing script file: /home/umeshsum/tpch_queries/10.sql
[32m(release)[0m> select
[32m(release)[0m> 	c_custkey,
[32m(release)[0m> 	c_name,
[32m(release)[0m> 	sum(l_extendedprice * (1 - l_discount)) as revenue,
[32m(release)[0m> 	c_acctbal,
[32m(release)[0m> 	n_name,
[32m(release)[0m> 	c_address,
[32m(release)[0m> 	c_phone,
[32m(release)[0m> 	c_comment
[32m(release)[0m> from
[32m(release)[0m> 	customer,
[32m(release)[0m> 	orders,
[32m(release)[0m> 	lineitem,
[32m(release)[0m> 	nation
[32m(release)[0m> where
[32m(release)[0m> 	c_custkey = o_custkey
[32m(release)[0m> 	and l_orderkey = o_orderkey
[32m(release)[0m> 	and o_orderdate >= date '1993-10-01'
[32m(release)[0m> 	and o_orderdate < date '1993-10-01' + interval '3' month
[32m(release)[0m> 	and l_returnflag = 'R'
[32m(release)[0m> 	and c_nationkey = n_nationkey
[32m(release)[0m> group by
[32m(release)[0m> 	c_custkey,
[32m(release)[0m> 	c_name,
[32m(release)[0m> 	c_acctbal,
[32m(release)[0m> 	c_phone,
[32m(release)[0m> 	n_name,
[32m(release)[0m> 	c_address,
[32m(release)[0m> 	c_comment
[32m(release)[0m> order by
[32m(release)[0m> 	revenue desc;
VmRSS Change: 200588 KB
===
1922903 rows total
Execution info: [PARSE: 117 µs 779 ns, SQL TRANSLATE: 232 µs 617 ns, OPTIMIZE: 7 ms 174 µs, LQP TRANSLATE: 169 µs 668 ns, EXECUTE: 2 s 145 ms (wall time) | QUERY PLAN CACHE HITS: 0/1 statement(s)]
After reset, table use_count: 2
WARNING: Table still has 1 other owner(s) after pipeline reset!
Executing script file done
$:hsh clear_plan_caches
Cleared PQP and LQP caches
$:hsh clear_pipeline
Released last SQLPipeline
$:hsh reset_exec_pools
Reset execution pools (2, 3) bump pointers to start
$:hsh mem_usage
------------------------------------------
Memory Usage Statistics:
VmSize:	226356140 kB
VmRSS:	74944188 kB
1: MemResourceStatus {MigratedColumnsAggregate,18446744073709551615,63541608448,52888587462,0,0,1,N/A}
MemResourceStatus {DefaultResource,18446744073709551615,18446744073709551615,18446744068168166906,18446744073709105478,0,-1,N/A}
Quick Memory Usage Overview:
Used Capacity: 0, 52888587462
------------------------------------------
Executing script file: /home/umeshsum/tpch_queries/10.sql
[32m(release)[0m> select
[32m(release)[0m> 	c_custkey,
[32m(release)[0m> 	c_name,
[32m(release)[0m> 	sum(l_extendedprice * (1 - l_discount)) as revenue,
[32m(release)[0m> 	c_acctbal,
[32m(release)[0m> 	n_name,
[32m(release)[0m> 	c_address,
[32m(release)[0m> 	c_phone,
[32m(release)[0m> 	c_comment
[32m(release)[0m> from
[32m(release)[0m> 	customer,
[32m(release)[0m> 	orders,
[32m(release)[0m> 	lineitem,
[32m(release)[0m> 	nation
[32m(release)[0m> where
[32m(release)[0m> 	c_custkey = o_custkey
[32m(release)[0m> 	and l_orderkey = o_orderkey
[32m(release)[0m> 	and o_orderdate >= date '1993-10-01'
[32m(release)[0m> 	and o_orderdate < date '1993-10-01' + interval '3' month
[32m(release)[0m> 	and l_returnflag = 'R'
[32m(release)[0m> 	and c_nationkey = n_nationkey
[32m(release)[0m> group by
[32m(release)[0m> 	c_custkey,
[32m(release)[0m> 	c_name,
[32m(release)[0m> 	c_acctbal,
[32m(release)[0m> 	c_phone,
[32m(release)[0m> 	n_name,
[32m(release)[0m> 	c_address,
[32m(release)[0m> 	c_comment
[32m(release)[0m> order by
[32m(release)[0m> 	revenue desc;
VmRSS Change: 29372 KB
===
1922903 rows total
Execution info: [PARSE: 74 µs 439 ns, SQL TRANSLATE: 245 µs 18 ns, OPTIMIZE: 7 ms 997 µs, LQP TRANSLATE: 238 µs 318 ns, EXECUTE: 2 s 168 ms (wall time) | QUERY PLAN CACHE HITS: 0/1 statement(s)]
After reset, table use_count: 2
WARNING: Table still has 1 other owner(s) after pipeline reset!
Executing script file done
$:hsh clear_plan_caches
Cleared PQP and LQP caches
$:hsh clear_pipeline
Released last SQLPipeline
$:hsh reset_exec_pools
Reset execution pools (2, 3) bump pointers to start
$:hsh mem_usage
------------------------------------------
Memory Usage Statistics:
VmSize:	226356140 kB
VmRSS:	74951352 kB
1: MemResourceStatus {MigratedColumnsAggregate,18446744073709551615,63541608448,52888587462,0,0,1,N/A}
MemResourceStatus {DefaultResource,18446744073709551615,18446744073709551615,18446744068022193346,18446744073709105478,0,-1,N/A}
Quick Memory Usage Overview:
Used Capacity: 0, 52888587462
------------------------------------------
Label set to d0_tf0_q11
$:hsh clear_plan_caches
Cleared PQP and LQP caches
$:hsh clear_pipeline
Released last SQLPipeline
$:hsh reset_exec_pools
Reset execution pools (2, 3) bump pointers to start
$:hsh mem_usage
------------------------------------------
Memory Usage Statistics:
VmSize:	226356140 kB
VmRSS:	74951344 kB
1: MemResourceStatus {MigratedColumnsAggregate,18446744073709551615,63541608448,52888587462,0,0,1,N/A}
MemResourceStatus {DefaultResource,18446744073709551615,18446744073709551615,18446744068022193346,18446744073709105478,0,-1,N/A}
Quick Memory Usage Overview:
Used Capacity: 0, 52888587462
------------------------------------------
Executing script file: /home/umeshsum/tpch_queries/11.sql
[32m(release)[0m> select
[32m(release)[0m> 	ps_partkey,
[32m(release)[0m> 	sum(ps_supplycost * ps_availqty) as value
[32m(release)[0m> from
[32m(release)[0m> 	partsupp,
[32m(release)[0m> 	supplier,
[32m(release)[0m> 	nation
[32m(release)[0m> where
[32m(release)[0m> 	ps_suppkey = s_suppkey
[32m(release)[0m> 	and s_nationkey = n_nationkey
[32m(release)[0m> 	and n_name = 'GERMANY'
[32m(release)[0m> group by
[32m(release)[0m> 	ps_partkey having
[32m(release)[0m> 		sum(ps_supplycost * ps_availqty) > (
[32m(release)[0m> 			select
[32m(release)[0m> 				sum(ps_supplycost * ps_availqty) * 0.0001000000
[32m(release)[0m> 			from
[32m(release)[0m> 				partsupp,
[32m(release)[0m> 				supplier,
[32m(release)[0m> 				nation
[32m(release)[0m> 			where
[32m(release)[0m> 				ps_suppkey = s_suppkey
[32m(release)[0m> 				and s_nationkey = n_nationkey
[32m(release)[0m> 				and n_name = 'GERMANY'
[32m(release)[0m> 		)
[32m(release)[0m> order by
[32m(release)[0m> 	value desc;
VmRSS Change: 18446744073709137704 KB
===
0 rows total
Execution info: [PARSE: 76 µs 720 ns, SQL TRANSLATE: 210 µs 578 ns, OPTIMIZE: 4 ms 694 µs, LQP TRANSLATE: 193 µs 828 ns, EXECUTE: 174 ms 965 µs (wall time) | QUERY PLAN CACHE HITS: 0/1 statement(s)]
After reset, table use_count: 2
WARNING: Table still has 1 other owner(s) after pipeline reset!
Executing script file done
$:hsh clear_plan_caches
Cleared PQP and LQP caches
$:hsh clear_pipeline
Released last SQLPipeline
$:hsh reset_exec_pools
Reset execution pools (2, 3) bump pointers to start
$:hsh mem_usage
------------------------------------------
Memory Usage Statistics:
VmSize:	226356140 kB
VmRSS:	74537432 kB
1: MemResourceStatus {MigratedColumnsAggregate,18446744073709551615,63541608448,52888587462,0,0,1,N/A}
MemResourceStatus {DefaultResource,18446744073709551615,18446744073709551615,18446744068034446850,18446744073709105478,0,-1,N/A}
Quick Memory Usage Overview:
Used Capacity: 0, 52888587462
------------------------------------------
Executing script file: /home/umeshsum/tpch_queries/11.sql
[32m(release)[0m> select
[32m(release)[0m> 	ps_partkey,
[32m(release)[0m> 	sum(ps_supplycost * ps_availqty) as value
[32m(release)[0m> from
[32m(release)[0m> 	partsupp,
[32m(release)[0m> 	supplier,
[32m(release)[0m> 	nation
[32m(release)[0m> where
[32m(release)[0m> 	ps_suppkey = s_suppkey
[32m(release)[0m> 	and s_nationkey = n_nationkey
[32m(release)[0m> 	and n_name = 'GERMANY'
[32m(release)[0m> group by
[32m(release)[0m> 	ps_partkey having
[32m(release)[0m> 		sum(ps_supplycost * ps_availqty) > (
[32m(release)[0m> 			select
[32m(release)[0m> 				sum(ps_supplycost * ps_availqty) * 0.0001000000
[32m(release)[0m> 			from
[32m(release)[0m> 				partsupp,
[32m(release)[0m> 				supplier,
[32m(release)[0m> 				nation
[32m(release)[0m> 			where
[32m(release)[0m> 				ps_suppkey = s_suppkey
[32m(release)[0m> 				and s_nationkey = n_nationkey
[32m(release)[0m> 				and n_name = 'GERMANY'
[32m(release)[0m> 		)
[32m(release)[0m> order by
[32m(release)[0m> 	value desc;
VmRSS Change: 18446744073709408740 KB
===
0 rows total
Execution info: [PARSE: 63 µs 880 ns, SQL TRANSLATE: 199 µs 278 ns, OPTIMIZE: 4 ms 440 µs, LQP TRANSLATE: 183 µs 789 ns, EXECUTE: 244 ms 402 µs (wall time) | QUERY PLAN CACHE HITS: 0/1 statement(s)]
After reset, table use_count: 2
WARNING: Table still has 1 other owner(s) after pipeline reset!
Executing script file done
$:hsh clear_plan_caches
Cleared PQP and LQP caches
$:hsh clear_pipeline
Released last SQLPipeline
$:hsh reset_exec_pools
Reset execution pools (2, 3) bump pointers to start
$:hsh mem_usage
------------------------------------------
Memory Usage Statistics:
VmSize:	226356140 kB
VmRSS:	74394556 kB
1: MemResourceStatus {MigratedColumnsAggregate,18446744073709551615,63541608448,52888587462,0,0,1,N/A}
MemResourceStatus {DefaultResource,18446744073709551615,18446744073709551615,18446744068052675834,18446744073709105478,0,-1,N/A}
Quick Memory Usage Overview:
Used Capacity: 0, 52888587462
------------------------------------------
Executing script file: /home/umeshsum/tpch_queries/11.sql
[32m(release)[0m> select
[32m(release)[0m> 	ps_partkey,
[32m(release)[0m> 	sum(ps_supplycost * ps_availqty) as value
[32m(release)[0m> from
[32m(release)[0m> 	partsupp,
[32m(release)[0m> 	supplier,
[32m(release)[0m> 	nation
[32m(release)[0m> where
[32m(release)[0m> 	ps_suppkey = s_suppkey
[32m(release)[0m> 	and s_nationkey = n_nationkey
[32m(release)[0m> 	and n_name = 'GERMANY'
[32m(release)[0m> group by
[32m(release)[0m> 	ps_partkey having
[32m(release)[0m> 		sum(ps_supplycost * ps_availqty) > (
[32m(release)[0m> 			select
[32m(release)[0m> 				sum(ps_supplycost * ps_availqty) * 0.0001000000
[32m(release)[0m> 			from
[32m(release)[0m> 				partsupp,
[32m(release)[0m> 				supplier,
[32m(release)[0m> 				nation
[32m(release)[0m> 			where
[32m(release)[0m> 				ps_suppkey = s_suppkey
[32m(release)[0m> 				and s_nationkey = n_nationkey
[32m(release)[0m> 				and n_name = 'GERMANY'
[32m(release)[0m> 		)
[32m(release)[0m> order by
[32m(release)[0m> 	value desc;
VmRSS Change: 18446744073709419068 KB
===
0 rows total
Execution info: [PARSE: 64 µs 840 ns, SQL TRANSLATE: 200 µs 608 ns, OPTIMIZE: 4 ms 478 µs, LQP TRANSLATE: 179 µs 968 ns, EXECUTE: 196 ms 422 µs (wall time) | QUERY PLAN CACHE HITS: 0/1 statement(s)]
After reset, table use_count: 2
WARNING: Table still has 1 other owner(s) after pipeline reset!
Executing script file done
$:hsh clear_plan_caches
Cleared PQP and LQP caches
$:hsh clear_pipeline
Released last SQLPipeline
$:hsh reset_exec_pools
Reset execution pools (2, 3) bump pointers to start
$:hsh mem_usage
------------------------------------------
Memory Usage Statistics:
VmSize:	226356140 kB
VmRSS:	74262008 kB
1: MemResourceStatus {MigratedColumnsAggregate,18446744073709551615,63541608448,52888587462,0,0,1,N/A}
MemResourceStatus {DefaultResource,18446744073709551615,18446744073709551615,18446744068068979410,18446744073709105478,0,-1,N/A}
Quick Memory Usage Overview:
Used Capacity: 0, 52888587462
------------------------------------------
Executing script file: /home/umeshsum/tpch_queries/11.sql
[32m(release)[0m> select
[32m(release)[0m> 	ps_partkey,
[32m(release)[0m> 	sum(ps_supplycost * ps_availqty) as value
[32m(release)[0m> from
[32m(release)[0m> 	partsupp,
[32m(release)[0m> 	supplier,
[32m(release)[0m> 	nation
[32m(release)[0m> where
[32m(release)[0m> 	ps_suppkey = s_suppkey
[32m(release)[0m> 	and s_nationkey = n_nationkey
[32m(release)[0m> 	and n_name = 'GERMANY'
[32m(release)[0m> group by
[32m(release)[0m> 	ps_partkey having
[32m(release)[0m> 		sum(ps_supplycost * ps_availqty) > (
[32m(release)[0m> 			select
[32m(release)[0m> 				sum(ps_supplycost * ps_availqty) * 0.0001000000
[32m(release)[0m> 			from
[32m(release)[0m> 				partsupp,
[32m(release)[0m> 				supplier,
[32m(release)[0m> 				nation
[32m(release)[0m> 			where
[32m(release)[0m> 				ps_suppkey = s_suppkey
[32m(release)[0m> 				and s_nationkey = n_nationkey
[32m(release)[0m> 				and n_name = 'GERMANY'
[32m(release)[0m> 		)
[32m(release)[0m> order by
[32m(release)[0m> 	value desc;
VmRSS Change: 76968 KB
===
0 rows total
Execution info: [PARSE: 65 µs 729 ns, SQL TRANSLATE: 202 µs 428 ns, OPTIMIZE: 4 ms 477 µs, LQP TRANSLATE: 182 µs 669 ns, EXECUTE: 208 ms 743 µs (wall time) | QUERY PLAN CACHE HITS: 0/1 statement(s)]
After reset, table use_count: 2
WARNING: Table still has 1 other owner(s) after pipeline reset!
Executing script file done
$:hsh clear_plan_caches
Cleared PQP and LQP caches
$:hsh clear_pipeline
Released last SQLPipeline
$:hsh reset_exec_pools
Reset execution pools (2, 3) bump pointers to start
$:hsh mem_usage
------------------------------------------
Memory Usage Statistics:
VmSize:	226356140 kB
VmRSS:	74338976 kB
1: MemResourceStatus {MigratedColumnsAggregate,18446744073709551615,63541608448,52888587462,0,0,1,N/A}
MemResourceStatus {DefaultResource,18446744073709551615,18446744073709551615,18446744068092919646,18446744073709105478,0,-1,N/A}
Quick Memory Usage Overview:
Used Capacity: 0, 52888587462
------------------------------------------
Executing script file: /home/umeshsum/tpch_queries/11.sql
[32m(release)[0m> select
[32m(release)[0m> 	ps_partkey,
[32m(release)[0m> 	sum(ps_supplycost * ps_availqty) as value
[32m(release)[0m> from
[32m(release)[0m> 	partsupp,
[32m(release)[0m> 	supplier,
[32m(release)[0m> 	nation
[32m(release)[0m> where
[32m(release)[0m> 	ps_suppkey = s_suppkey
[32m(release)[0m> 	and s_nationkey = n_nationkey
[32m(release)[0m> 	and n_name = 'GERMANY'
[32m(release)[0m> group by
[32m(release)[0m> 	ps_partkey having
[32m(release)[0m> 		sum(ps_supplycost * ps_availqty) > (
[32m(release)[0m> 			select
[32m(release)[0m> 				sum(ps_supplycost * ps_availqty) * 0.0001000000
[32m(release)[0m> 			from
[32m(release)[0m> 				partsupp,
[32m(release)[0m> 				supplier,
[32m(release)[0m> 				nation
[32m(release)[0m> 			where
[32m(release)[0m> 				ps_suppkey = s_suppkey
[32m(release)[0m> 				and s_nationkey = n_nationkey
[32m(release)[0m> 				and n_name = 'GERMANY'
[32m(release)[0m> 		)
[32m(release)[0m> order by
[32m(release)[0m> 	value desc;
VmRSS Change: 18446744073709493272 KB
===
0 rows total
Execution info: [PARSE: 65 µs 760 ns, SQL TRANSLATE: 200 µs 848 ns, OPTIMIZE: 4 ms 515 µs, LQP TRANSLATE: 179 µs 198 ns, EXECUTE: 206 ms 632 µs (wall time) | QUERY PLAN CACHE HITS: 0/1 statement(s)]
After reset, table use_count: 2
WARNING: Table still has 1 other owner(s) after pipeline reset!
Executing script file done
$:hsh clear_plan_caches
Cleared PQP and LQP caches
$:hsh clear_pipeline
Released last SQLPipeline
$:hsh reset_exec_pools
Reset execution pools (2, 3) bump pointers to start
$:hsh mem_usage
------------------------------------------
Memory Usage Statistics:
VmSize:	226356140 kB
VmRSS:	74280632 kB
1: MemResourceStatus {MigratedColumnsAggregate,18446744073709551615,63541608448,52888587462,0,0,1,N/A}
MemResourceStatus {DefaultResource,18446744073709551615,18446744073709551615,18446744068115386030,18446744073709105478,0,-1,N/A}
Quick Memory Usage Overview:
Used Capacity: 0, 52888587462
------------------------------------------
Executing script file: /home/umeshsum/tpch_queries/11.sql
[32m(release)[0m> select
[32m(release)[0m> 	ps_partkey,
[32m(release)[0m> 	sum(ps_supplycost * ps_availqty) as value
[32m(release)[0m> from
[32m(release)[0m> 	partsupp,
[32m(release)[0m> 	supplier,
[32m(release)[0m> 	nation
[32m(release)[0m> where
[32m(release)[0m> 	ps_suppkey = s_suppkey
[32m(release)[0m> 	and s_nationkey = n_nationkey
[32m(release)[0m> 	and n_name = 'GERMANY'
[32m(release)[0m> group by
[32m(release)[0m> 	ps_partkey having
[32m(release)[0m> 		sum(ps_supplycost * ps_availqty) > (
[32m(release)[0m> 			select
[32m(release)[0m> 				sum(ps_supplycost * ps_availqty) * 0.0001000000
[32m(release)[0m> 			from
[32m(release)[0m> 				partsupp,
[32m(release)[0m> 				supplier,
[32m(release)[0m> 				nation
[32m(release)[0m> 			where
[32m(release)[0m> 				ps_suppkey = s_suppkey
[32m(release)[0m> 				and s_nationkey = n_nationkey
[32m(release)[0m> 				and n_name = 'GERMANY'
[32m(release)[0m> 		)
[32m(release)[0m> order by
[32m(release)[0m> 	value desc;
VmRSS Change: 18446744073709204712 KB
===
0 rows total
Execution info: [PARSE: 64 µs 869 ns, SQL TRANSLATE: 209 µs 108 ns, OPTIMIZE: 4 ms 554 µs, LQP TRANSLATE: 180 µs 808 ns, EXECUTE: 221 ms 901 µs (wall time) | QUERY PLAN CACHE HITS: 0/1 statement(s)]
After reset, table use_count: 2
WARNING: Table still has 1 other owner(s) after pipeline reset!
Executing script file done
$:hsh clear_plan_caches
Cleared PQP and LQP caches
$:hsh clear_pipeline
Released last SQLPipeline
$:hsh reset_exec_pools
Reset execution pools (2, 3) bump pointers to start
$:hsh mem_usage
------------------------------------------
Memory Usage Statistics:
VmSize:	226356140 kB
VmRSS:	73933728 kB
1: MemResourceStatus {MigratedColumnsAggregate,18446744073709551615,63541608448,52888587462,0,0,1,N/A}
MemResourceStatus {DefaultResource,18446744073709551615,18446744073709551615,18446744068134033702,18446744073709105478,0,-1,N/A}
Quick Memory Usage Overview:
Used Capacity: 0, 52888587462
------------------------------------------
Executing script file: /home/umeshsum/tpch_queries/11.sql
[32m(release)[0m> select
[32m(release)[0m> 	ps_partkey,
[32m(release)[0m> 	sum(ps_supplycost * ps_availqty) as value
[32m(release)[0m> from
[32m(release)[0m> 	partsupp,
[32m(release)[0m> 	supplier,
[32m(release)[0m> 	nation
[32m(release)[0m> where
[32m(release)[0m> 	ps_suppkey = s_suppkey
[32m(release)[0m> 	and s_nationkey = n_nationkey
[32m(release)[0m> 	and n_name = 'GERMANY'
[32m(release)[0m> group by
[32m(release)[0m> 	ps_partkey having
[32m(release)[0m> 		sum(ps_supplycost * ps_availqty) > (
[32m(release)[0m> 			select
[32m(release)[0m> 				sum(ps_supplycost * ps_availqty) * 0.0001000000
[32m(release)[0m> 			from
[32m(release)[0m> 				partsupp,
[32m(release)[0m> 				supplier,
[32m(release)[0m> 				nation
[32m(release)[0m> 			where
[32m(release)[0m> 				ps_suppkey = s_suppkey
[32m(release)[0m> 				and s_nationkey = n_nationkey
[32m(release)[0m> 				and n_name = 'GERMANY'
[32m(release)[0m> 		)
[32m(release)[0m> order by
[32m(release)[0m> 	value desc;
VmRSS Change: 18446744073709216604 KB
===
0 rows total
Execution info: [PARSE: 64 µs 759 ns, SQL TRANSLATE: 201 µs 758 ns, OPTIMIZE: 4 ms 542 µs, LQP TRANSLATE: 177 µs 398 ns, EXECUTE: 260 ms 285 µs (wall time) | QUERY PLAN CACHE HITS: 0/1 statement(s)]
After reset, table use_count: 2
WARNING: Table still has 1 other owner(s) after pipeline reset!
Executing script file done
$:hsh clear_plan_caches
Cleared PQP and LQP caches
$:hsh clear_pipeline
Released last SQLPipeline
$:hsh reset_exec_pools
Reset execution pools (2, 3) bump pointers to start
$:hsh mem_usage
------------------------------------------
Memory Usage Statistics:
VmSize:	226356140 kB
VmRSS:	73598716 kB
1: MemResourceStatus {MigratedColumnsAggregate,18446744073709551615,63541608448,52888587462,0,0,1,N/A}
MemResourceStatus {DefaultResource,18446744073709551615,18446744073709551615,18446744068149931010,18446744073709105478,0,-1,N/A}
Quick Memory Usage Overview:
Used Capacity: 0, 52888587462
------------------------------------------
Executing script file: /home/umeshsum/tpch_queries/11.sql
[32m(release)[0m> select
[32m(release)[0m> 	ps_partkey,
[32m(release)[0m> 	sum(ps_supplycost * ps_availqty) as value
[32m(release)[0m> from
[32m(release)[0m> 	partsupp,
[32m(release)[0m> 	supplier,
[32m(release)[0m> 	nation
[32m(release)[0m> where
[32m(release)[0m> 	ps_suppkey = s_suppkey
[32m(release)[0m> 	and s_nationkey = n_nationkey
[32m(release)[0m> 	and n_name = 'GERMANY'
[32m(release)[0m> group by
[32m(release)[0m> 	ps_partkey having
[32m(release)[0m> 		sum(ps_supplycost * ps_availqty) > (
[32m(release)[0m> 			select
[32m(release)[0m> 				sum(ps_supplycost * ps_availqty) * 0.0001000000
[32m(release)[0m> 			from
[32m(release)[0m> 				partsupp,
[32m(release)[0m> 				supplier,
[32m(release)[0m> 				nation
[32m(release)[0m> 			where
[32m(release)[0m> 				ps_suppkey = s_suppkey
[32m(release)[0m> 				and s_nationkey = n_nationkey
[32m(release)[0m> 				and n_name = 'GERMANY'
[32m(release)[0m> 		)
[32m(release)[0m> order by
[32m(release)[0m> 	value desc;
VmRSS Change: 18446744073709491852 KB
===
0 rows total
Execution info: [PARSE: 65 µs 420 ns, SQL TRANSLATE: 196 µs 338 ns, OPTIMIZE: 4 ms 534 µs, LQP TRANSLATE: 176 µs 978 ns, EXECUTE: 211 ms 817 µs (wall time) | QUERY PLAN CACHE HITS: 0/1 statement(s)]
After reset, table use_count: 2
WARNING: Table still has 1 other owner(s) after pipeline reset!
Executing script file done
$:hsh clear_plan_caches
Cleared PQP and LQP caches
$:hsh clear_pipeline
Released last SQLPipeline
$:hsh reset_exec_pools
Reset execution pools (2, 3) bump pointers to start
$:hsh mem_usage
------------------------------------------
Memory Usage Statistics:
VmSize:	226356140 kB
VmRSS:	73538952 kB
1: MemResourceStatus {MigratedColumnsAggregate,18446744073709551615,63541608448,52888587462,0,0,1,N/A}
MemResourceStatus {DefaultResource,18446744073709551615,18446744073709551615,18446744068169333454,18446744073709105478,0,-1,N/A}
Quick Memory Usage Overview:
Used Capacity: 0, 52888587462
------------------------------------------
Executing script file: /home/umeshsum/tpch_queries/11.sql
[32m(release)[0m> select
[32m(release)[0m> 	ps_partkey,
[32m(release)[0m> 	sum(ps_supplycost * ps_availqty) as value
[32m(release)[0m> from
[32m(release)[0m> 	partsupp,
[32m(release)[0m> 	supplier,
[32m(release)[0m> 	nation
[32m(release)[0m> where
[32m(release)[0m> 	ps_suppkey = s_suppkey
[32m(release)[0m> 	and s_nationkey = n_nationkey
[32m(release)[0m> 	and n_name = 'GERMANY'
[32m(release)[0m> group by
[32m(release)[0m> 	ps_partkey having
[32m(release)[0m> 		sum(ps_supplycost * ps_availqty) > (
[32m(release)[0m> 			select
[32m(release)[0m> 				sum(ps_supplycost * ps_availqty) * 0.0001000000
[32m(release)[0m> 			from
[32m(release)[0m> 				partsupp,
[32m(release)[0m> 				supplier,
[32m(release)[0m> 				nation
[32m(release)[0m> 			where
[32m(release)[0m> 				ps_suppkey = s_suppkey
[32m(release)[0m> 				and s_nationkey = n_nationkey
[32m(release)[0m> 				and n_name = 'GERMANY'
[32m(release)[0m> 		)
[32m(release)[0m> order by
[32m(release)[0m> 	value desc;
VmRSS Change: 18446744073709548480 KB
===
0 rows total
Execution info: [PARSE: 68 µs 179 ns, SQL TRANSLATE: 218 µs 938 ns, OPTIMIZE: 4 ms 522 µs, LQP TRANSLATE: 178 µs 768 ns, EXECUTE: 171 ms 161 µs (wall time) | QUERY PLAN CACHE HITS: 0/1 statement(s)]
After reset, table use_count: 2
WARNING: Table still has 1 other owner(s) after pipeline reset!
Executing script file done
$:hsh clear_plan_caches
Cleared PQP and LQP caches
$:hsh clear_pipeline
Released last SQLPipeline
$:hsh reset_exec_pools
Reset execution pools (2, 3) bump pointers to start
$:hsh mem_usage
------------------------------------------
Memory Usage Statistics:
VmSize:	226356140 kB
VmRSS:	73535816 kB
1: MemResourceStatus {MigratedColumnsAggregate,18446744073709551615,63541608448,52888587462,0,0,1,N/A}
MemResourceStatus {DefaultResource,18446744073709551615,18446744073709551615,18446744068191182790,18446744073709105478,0,-1,N/A}
Quick Memory Usage Overview:
Used Capacity: 0, 52888587462
------------------------------------------
Executing script file: /home/umeshsum/tpch_queries/11.sql
[32m(release)[0m> select
[32m(release)[0m> 	ps_partkey,
[32m(release)[0m> 	sum(ps_supplycost * ps_availqty) as value
[32m(release)[0m> from
[32m(release)[0m> 	partsupp,
[32m(release)[0m> 	supplier,
[32m(release)[0m> 	nation
[32m(release)[0m> where
[32m(release)[0m> 	ps_suppkey = s_suppkey
[32m(release)[0m> 	and s_nationkey = n_nationkey
[32m(release)[0m> 	and n_name = 'GERMANY'
[32m(release)[0m> group by
[32m(release)[0m> 	ps_partkey having
[32m(release)[0m> 		sum(ps_supplycost * ps_availqty) > (
[32m(release)[0m> 			select
[32m(release)[0m> 				sum(ps_supplycost * ps_availqty) * 0.0001000000
[32m(release)[0m> 			from
[32m(release)[0m> 				partsupp,
[32m(release)[0m> 				supplier,
[32m(release)[0m> 				nation
[32m(release)[0m> 			where
[32m(release)[0m> 				ps_suppkey = s_suppkey
[32m(release)[0m> 				and s_nationkey = n_nationkey
[32m(release)[0m> 				and n_name = 'GERMANY'
[32m(release)[0m> 		)
[32m(release)[0m> order by
[32m(release)[0m> 	value desc;
VmRSS Change: 18446744073709267732 KB
===
0 rows total
Execution info: [PARSE: 93 µs 599 ns, SQL TRANSLATE: 199 µs 408 ns, OPTIMIZE: 4 ms 542 µs, LQP TRANSLATE: 181 µs 198 ns, EXECUTE: 188 ms 219 µs (wall time) | QUERY PLAN CACHE HITS: 0/1 statement(s)]
After reset, table use_count: 2
WARNING: Table still has 1 other owner(s) after pipeline reset!
Executing script file done
$:hsh clear_plan_caches
Cleared PQP and LQP caches
$:hsh clear_pipeline
Released last SQLPipeline
$:hsh reset_exec_pools
Reset execution pools (2, 3) bump pointers to start
$:hsh mem_usage
------------------------------------------
Memory Usage Statistics:
VmSize:	226356140 kB
VmRSS:	73251932 kB
1: MemResourceStatus {MigratedColumnsAggregate,18446744073709551615,63541608448,52888587462,0,0,1,N/A}
MemResourceStatus {DefaultResource,18446744073709551615,18446744073709551615,18446744068209497374,18446744073709105478,0,-1,N/A}
Quick Memory Usage Overview:
Used Capacity: 0, 52888587462
------------------------------------------
Executing script file: /home/umeshsum/tpch_queries/11.sql
[32m(release)[0m> select
[32m(release)[0m> 	ps_partkey,
[32m(release)[0m> 	sum(ps_supplycost * ps_availqty) as value
[32m(release)[0m> from
[32m(release)[0m> 	partsupp,
[32m(release)[0m> 	supplier,
[32m(release)[0m> 	nation
[32m(release)[0m> where
[32m(release)[0m> 	ps_suppkey = s_suppkey
[32m(release)[0m> 	and s_nationkey = n_nationkey
[32m(release)[0m> 	and n_name = 'GERMANY'
[32m(release)[0m> group by
[32m(release)[0m> 	ps_partkey having
[32m(release)[0m> 		sum(ps_supplycost * ps_availqty) > (
[32m(release)[0m> 			select
[32m(release)[0m> 				sum(ps_supplycost * ps_availqty) * 0.0001000000
[32m(release)[0m> 			from
[32m(release)[0m> 				partsupp,
[32m(release)[0m> 				supplier,
[32m(release)[0m> 				nation
[32m(release)[0m> 			where
[32m(release)[0m> 				ps_suppkey = s_suppkey
[32m(release)[0m> 				and s_nationkey = n_nationkey
[32m(release)[0m> 				and n_name = 'GERMANY'
[32m(release)[0m> 		)
[32m(release)[0m> order by
[32m(release)[0m> 	value desc;
VmRSS Change: 18446744073709506972 KB
===
0 rows total
Execution info: [PARSE: 64 µs 980 ns, SQL TRANSLATE: 203 µs 598 ns, OPTIMIZE: 4 ms 558 µs, LQP TRANSLATE: 177 µs 238 ns, EXECUTE: 200 ms 644 µs (wall time) | QUERY PLAN CACHE HITS: 0/1 statement(s)]
After reset, table use_count: 2
WARNING: Table still has 1 other owner(s) after pipeline reset!
Executing script file done
$:hsh clear_plan_caches
Cleared PQP and LQP caches
$:hsh clear_pipeline
Released last SQLPipeline
$:hsh reset_exec_pools
Reset execution pools (2, 3) bump pointers to start
$:hsh mem_usage
------------------------------------------
Memory Usage Statistics:
VmSize:	226356140 kB
VmRSS:	73207288 kB
1: MemResourceStatus {MigratedColumnsAggregate,18446744073709551615,63541608448,52888587462,0,0,1,N/A}
MemResourceStatus {DefaultResource,18446744073709551615,18446744073709551615,18446744068227075038,18446744073709105478,0,-1,N/A}
Quick Memory Usage Overview:
Used Capacity: 0, 52888587462
------------------------------------------
Label set to d0_tf0_q12
$:hsh clear_plan_caches
Cleared PQP and LQP caches
$:hsh clear_pipeline
Released last SQLPipeline
$:hsh reset_exec_pools
Reset execution pools (2, 3) bump pointers to start
$:hsh mem_usage
------------------------------------------
Memory Usage Statistics:
VmSize:	226356140 kB
VmRSS:	73207288 kB
1: MemResourceStatus {MigratedColumnsAggregate,18446744073709551615,63541608448,52888587462,0,0,1,N/A}
MemResourceStatus {DefaultResource,18446744073709551615,18446744073709551615,18446744068227075038,18446744073709105478,0,-1,N/A}
Quick Memory Usage Overview:
Used Capacity: 0, 52888587462
------------------------------------------
Executing script file: /home/umeshsum/tpch_queries/12.sql
[32m(release)[0m> select
[32m(release)[0m> 	l_shipmode,
[32m(release)[0m> 	sum(case
[32m(release)[0m> 		when o_orderpriority = '1-URGENT'
[32m(release)[0m> 			or o_orderpriority = '2-HIGH'
[32m(release)[0m> 			then 1
[32m(release)[0m> 		else 0
[32m(release)[0m> 	end) as high_line_count,
[32m(release)[0m> 	sum(case
[32m(release)[0m> 		when o_orderpriority <> '1-URGENT'
[32m(release)[0m> 			and o_orderpriority <> '2-HIGH'
[32m(release)[0m> 			then 1
[32m(release)[0m> 		else 0
[32m(release)[0m> 	end) as low_line_count
[32m(release)[0m> from
[32m(release)[0m> 	orders,
[32m(release)[0m> 	lineitem
[32m(release)[0m> where
[32m(release)[0m> 	o_orderkey = l_orderkey
[32m(release)[0m> 	and l_shipmode in ('MAIL', 'SHIP')
[32m(release)[0m> 	and l_commitdate < l_receiptdate
[32m(release)[0m> 	and l_shipdate < l_commitdate
[32m(release)[0m> 	and l_receiptdate >= date '1994-01-01'
[32m(release)[0m> 	and l_receiptdate < date '1994-01-01' + interval '1' year
[32m(release)[0m> group by
[32m(release)[0m> 	l_shipmode
[32m(release)[0m> order by
[32m(release)[0m> 	l_shipmode;
VmRSS Change: 18446744073709265108 KB
===
2 rows total
Execution info: [PARSE: 84 µs 360 ns, SQL TRANSLATE: 262 µs 538 ns, OPTIMIZE: 7 ms 783 µs, LQP TRANSLATE: 213 µs 908 ns, EXECUTE: 2 s 72 ms (wall time) | QUERY PLAN CACHE HITS: 0/1 statement(s)]
After reset, table use_count: 2
WARNING: Table still has 1 other owner(s) after pipeline reset!
Executing script file done
$:hsh clear_plan_caches
Cleared PQP and LQP caches
$:hsh clear_pipeline
Released last SQLPipeline
$:hsh reset_exec_pools
Reset execution pools (2, 3) bump pointers to start
$:hsh mem_usage
------------------------------------------
Memory Usage Statistics:
VmSize:	226356140 kB
VmRSS:	72920788 kB
1: MemResourceStatus {MigratedColumnsAggregate,18446744073709551615,63541608448,52888587462,0,0,1,N/A}
MemResourceStatus {DefaultResource,18446744073709551615,18446744073709551615,18446744068109937410,18446744073709105478,0,-1,N/A}
Quick Memory Usage Overview:
Used Capacity: 0, 52888587462
------------------------------------------
Executing script file: /home/umeshsum/tpch_queries/12.sql
[32m(release)[0m> select
[32m(release)[0m> 	l_shipmode,
[32m(release)[0m> 	sum(case
[32m(release)[0m> 		when o_orderpriority = '1-URGENT'
[32m(release)[0m> 			or o_orderpriority = '2-HIGH'
[32m(release)[0m> 			then 1
[32m(release)[0m> 		else 0
[32m(release)[0m> 	end) as high_line_count,
[32m(release)[0m> 	sum(case
[32m(release)[0m> 		when o_orderpriority <> '1-URGENT'
[32m(release)[0m> 			and o_orderpriority <> '2-HIGH'
[32m(release)[0m> 			then 1
[32m(release)[0m> 		else 0
[32m(release)[0m> 	end) as low_line_count
[32m(release)[0m> from
[32m(release)[0m> 	orders,
[32m(release)[0m> 	lineitem
[32m(release)[0m> where
[32m(release)[0m> 	o_orderkey = l_orderkey
[32m(release)[0m> 	and l_shipmode in ('MAIL', 'SHIP')
[32m(release)[0m> 	and l_commitdate < l_receiptdate
[32m(release)[0m> 	and l_shipdate < l_commitdate
[32m(release)[0m> 	and l_receiptdate >= date '1994-01-01'
[32m(release)[0m> 	and l_receiptdate < date '1994-01-01' + interval '1' year
[32m(release)[0m> group by
[32m(release)[0m> 	l_shipmode
[32m(release)[0m> order by
[32m(release)[0m> 	l_shipmode;
VmRSS Change: 216696 KB
===
2 rows total
Execution info: [PARSE: 76 µs 999 ns, SQL TRANSLATE: 182 µs 908 ns, OPTIMIZE: 4 ms 307 µs, LQP TRANSLATE: 206 µs 308 ns, EXECUTE: 1 s 990 ms (wall time) | QUERY PLAN CACHE HITS: 0/1 statement(s)]
After reset, table use_count: 2
WARNING: Table still has 1 other owner(s) after pipeline reset!
Executing script file done
$:hsh clear_plan_caches
Cleared PQP and LQP caches
$:hsh clear_pipeline
Released last SQLPipeline
$:hsh reset_exec_pools
Reset execution pools (2, 3) bump pointers to start
$:hsh mem_usage
------------------------------------------
Memory Usage Statistics:
VmSize:	226358192 kB
VmRSS:	73137480 kB
1: MemResourceStatus {MigratedColumnsAggregate,18446744073709551615,63541608448,52888587462,0,0,1,N/A}
MemResourceStatus {DefaultResource,18446744073709551615,18446744073709551615,18446744067623695482,18446744073709105478,0,-1,N/A}
Quick Memory Usage Overview:
Used Capacity: 0, 52888587462
------------------------------------------
Executing script file: /home/umeshsum/tpch_queries/12.sql
[32m(release)[0m> select
[32m(release)[0m> 	l_shipmode,
[32m(release)[0m> 	sum(case
[32m(release)[0m> 		when o_orderpriority = '1-URGENT'
[32m(release)[0m> 			or o_orderpriority = '2-HIGH'
[32m(release)[0m> 			then 1
[32m(release)[0m> 		else 0
[32m(release)[0m> 	end) as high_line_count,
[32m(release)[0m> 	sum(case
[32m(release)[0m> 		when o_orderpriority <> '1-URGENT'
[32m(release)[0m> 			and o_orderpriority <> '2-HIGH'
[32m(release)[0m> 			then 1
[32m(release)[0m> 		else 0
[32m(release)[0m> 	end) as low_line_count
[32m(release)[0m> from
[32m(release)[0m> 	orders,
[32m(release)[0m> 	lineitem
[32m(release)[0m> where
[32m(release)[0m> 	o_orderkey = l_orderkey
[32m(release)[0m> 	and l_shipmode in ('MAIL', 'SHIP')
[32m(release)[0m> 	and l_commitdate < l_receiptdate
[32m(release)[0m> 	and l_shipdate < l_commitdate
[32m(release)[0m> 	and l_receiptdate >= date '1994-01-01'
[32m(release)[0m> 	and l_receiptdate < date '1994-01-01' + interval '1' year
[32m(release)[0m> group by
[32m(release)[0m> 	l_shipmode
[32m(release)[0m> order by
[32m(release)[0m> 	l_shipmode;
VmRSS Change: 45220 KB
===
2 rows total
Execution info: [PARSE: 74 µs 440 ns, SQL TRANSLATE: 183 µs 219 ns, OPTIMIZE: 4 ms 222 µs, LQP TRANSLATE: 211 µs 118 ns, EXECUTE: 2 s 31 ms (wall time) | QUERY PLAN CACHE HITS: 0/1 statement(s)]
After reset, table use_count: 2
WARNING: Table still has 1 other owner(s) after pipeline reset!
Executing script file done
$:hsh clear_plan_caches
Cleared PQP and LQP caches
$:hsh clear_pipeline
Released last SQLPipeline
$:hsh reset_exec_pools
Reset execution pools (2, 3) bump pointers to start
$:hsh mem_usage
------------------------------------------
Memory Usage Statistics:
VmSize:	226358192 kB
VmRSS:	72954692 kB
1: MemResourceStatus {MigratedColumnsAggregate,18446744073709551615,63541608448,52888587462,0,0,1,N/A}
MemResourceStatus {DefaultResource,18446744073709551615,18446744073709551615,18446744067371308650,18446744073709105478,0,-1,N/A}
Quick Memory Usage Overview:
Used Capacity: 0, 52888587462
------------------------------------------
Executing script file: /home/umeshsum/tpch_queries/12.sql
[32m(release)[0m> select
[32m(release)[0m> 	l_shipmode,
[32m(release)[0m> 	sum(case
[32m(release)[0m> 		when o_orderpriority = '1-URGENT'
[32m(release)[0m> 			or o_orderpriority = '2-HIGH'
[32m(release)[0m> 			then 1
[32m(release)[0m> 		else 0
[32m(release)[0m> 	end) as high_line_count,
[32m(release)[0m> 	sum(case
[32m(release)[0m> 		when o_orderpriority <> '1-URGENT'
[32m(release)[0m> 			and o_orderpriority <> '2-HIGH'
[32m(release)[0m> 			then 1
[32m(release)[0m> 		else 0
[32m(release)[0m> 	end) as low_line_count
[32m(release)[0m> from
[32m(release)[0m> 	orders,
[32m(release)[0m> 	lineitem
[32m(release)[0m> where
[32m(release)[0m> 	o_orderkey = l_orderkey
[32m(release)[0m> 	and l_shipmode in ('MAIL', 'SHIP')
[32m(release)[0m> 	and l_commitdate < l_receiptdate
[32m(release)[0m> 	and l_shipdate < l_commitdate
[32m(release)[0m> 	and l_receiptdate >= date '1994-01-01'
[32m(release)[0m> 	and l_receiptdate < date '1994-01-01' + interval '1' year
[32m(release)[0m> group by
[32m(release)[0m> 	l_shipmode
[32m(release)[0m> order by
[32m(release)[0m> 	l_shipmode;
VmRSS Change: 18446744073708089680 KB
===
2 rows total
Execution info: [PARSE: 67 µs 149 ns, SQL TRANSLATE: 158 µs 779 ns, OPTIMIZE: 3 ms 808 µs, LQP TRANSLATE: 170 µs 308 ns, EXECUTE: 2 s 52 ms (wall time) | QUERY PLAN CACHE HITS: 0/1 statement(s)]
After reset, table use_count: 2
WARNING: Table still has 1 other owner(s) after pipeline reset!
Executing script file done
$:hsh clear_plan_caches
Cleared PQP and LQP caches
$:hsh clear_pipeline
Released last SQLPipeline
$:hsh reset_exec_pools
Reset execution pools (2, 3) bump pointers to start
$:hsh mem_usage
------------------------------------------
Memory Usage Statistics:
VmSize:	226360244 kB
VmRSS:	71492732 kB
1: MemResourceStatus {MigratedColumnsAggregate,18446744073709551615,63541608448,52888587462,0,0,1,N/A}
MemResourceStatus {DefaultResource,18446744073709551615,18446744073709551615,18446744067115054974,18446744073709105478,0,-1,N/A}
Quick Memory Usage Overview:
Used Capacity: 0, 52888587462
------------------------------------------
Executing script file: /home/umeshsum/tpch_queries/12.sql
[32m(release)[0m> select
[32m(release)[0m> 	l_shipmode,
[32m(release)[0m> 	sum(case
[32m(release)[0m> 		when o_orderpriority = '1-URGENT'
[32m(release)[0m> 			or o_orderpriority = '2-HIGH'
[32m(release)[0m> 			then 1
[32m(release)[0m> 		else 0
[32m(release)[0m> 	end) as high_line_count,
[32m(release)[0m> 	sum(case
[32m(release)[0m> 		when o_orderpriority <> '1-URGENT'
[32m(release)[0m> 			and o_orderpriority <> '2-HIGH'
[32m(release)[0m> 			then 1
[32m(release)[0m> 		else 0
[32m(release)[0m> 	end) as low_line_count
[32m(release)[0m> from
[32m(release)[0m> 	orders,
[32m(release)[0m> 	lineitem
[32m(release)[0m> where
[32m(release)[0m> 	o_orderkey = l_orderkey
[32m(release)[0m> 	and l_shipmode in ('MAIL', 'SHIP')
[32m(release)[0m> 	and l_commitdate < l_receiptdate
[32m(release)[0m> 	and l_shipdate < l_commitdate
[32m(release)[0m> 	and l_receiptdate >= date '1994-01-01'
[32m(release)[0m> 	and l_receiptdate < date '1994-01-01' + interval '1' year
[32m(release)[0m> group by
[32m(release)[0m> 	l_shipmode
[32m(release)[0m> order by
[32m(release)[0m> 	l_shipmode;
VmRSS Change: 51632 KB
===
2 rows total
Execution info: [PARSE: 116 µs 99 ns, SQL TRANSLATE: 186 µs 608 ns, OPTIMIZE: 4 ms 330 µs, LQP TRANSLATE: 215 µs 298 ns, EXECUTE: 2 s 6 ms (wall time) | QUERY PLAN CACHE HITS: 0/1 statement(s)]
After reset, table use_count: 2
WARNING: Table still has 1 other owner(s) after pipeline reset!
Executing script file done
$:hsh clear_plan_caches
Cleared PQP and LQP caches
$:hsh clear_pipeline
Released last SQLPipeline
$:hsh reset_exec_pools
Reset execution pools (2, 3) bump pointers to start
$:hsh mem_usage
------------------------------------------
Memory Usage Statistics:
VmSize:	226360244 kB
VmRSS:	71539792 kB
1: MemResourceStatus {MigratedColumnsAggregate,18446744073709551615,63541608448,52888587462,0,0,1,N/A}
MemResourceStatus {DefaultResource,18446744073709551615,18446744073709551615,18446744066739766842,18446744073709105478,0,-1,N/A}
Quick Memory Usage Overview:
Used Capacity: 0, 52888587462
------------------------------------------
Executing script file: /home/umeshsum/tpch_queries/12.sql
[32m(release)[0m> select
[32m(release)[0m> 	l_shipmode,
[32m(release)[0m> 	sum(case
[32m(release)[0m> 		when o_orderpriority = '1-URGENT'
[32m(release)[0m> 			or o_orderpriority = '2-HIGH'
[32m(release)[0m> 			then 1
[32m(release)[0m> 		else 0
[32m(release)[0m> 	end) as high_line_count,
[32m(release)[0m> 	sum(case
[32m(release)[0m> 		when o_orderpriority <> '1-URGENT'
[32m(release)[0m> 			and o_orderpriority <> '2-HIGH'
[32m(release)[0m> 			then 1
[32m(release)[0m> 		else 0
[32m(release)[0m> 	end) as low_line_count
[32m(release)[0m> from
[32m(release)[0m> 	orders,
[32m(release)[0m> 	lineitem
[32m(release)[0m> where
[32m(release)[0m> 	o_orderkey = l_orderkey
[32m(release)[0m> 	and l_shipmode in ('MAIL', 'SHIP')
[32m(release)[0m> 	and l_commitdate < l_receiptdate
[32m(release)[0m> 	and l_shipdate < l_commitdate
[32m(release)[0m> 	and l_receiptdate >= date '1994-01-01'
[32m(release)[0m> 	and l_receiptdate < date '1994-01-01' + interval '1' year
[32m(release)[0m> group by
[32m(release)[0m> 	l_shipmode
[32m(release)[0m> order by
[32m(release)[0m> 	l_shipmode;
VmRSS Change: 577244 KB
===
2 rows total
Execution info: [PARSE: 75 µs 640 ns, SQL TRANSLATE: 182 µs 379 ns, OPTIMIZE: 4 ms 298 µs, LQP TRANSLATE: 216 µs 578 ns, EXECUTE: 2 s 44 ms (wall time) | QUERY PLAN CACHE HITS: 0/1 statement(s)]
After reset, table use_count: 2
WARNING: Table still has 1 other owner(s) after pipeline reset!
Executing script file done
$:hsh clear_plan_caches
Cleared PQP and LQP caches
$:hsh clear_pipeline
Released last SQLPipeline
$:hsh reset_exec_pools
Reset execution pools (2, 3) bump pointers to start
$:hsh mem_usage
------------------------------------------
Memory Usage Statistics:
VmSize:	226360244 kB
VmRSS:	72117052 kB
1: MemResourceStatus {MigratedColumnsAggregate,18446744073709551615,63541608448,52888587462,0,0,1,N/A}
MemResourceStatus {DefaultResource,18446744073709551615,18446744073709551615,18446744066516618226,18446744073709105478,0,-1,N/A}
Quick Memory Usage Overview:
Used Capacity: 0, 52888587462
------------------------------------------
Executing script file: /home/umeshsum/tpch_queries/12.sql
[32m(release)[0m> select
[32m(release)[0m> 	l_shipmode,
[32m(release)[0m> 	sum(case
[32m(release)[0m> 		when o_orderpriority = '1-URGENT'
[32m(release)[0m> 			or o_orderpriority = '2-HIGH'
[32m(release)[0m> 			then 1
[32m(release)[0m> 		else 0
[32m(release)[0m> 	end) as high_line_count,
[32m(release)[0m> 	sum(case
[32m(release)[0m> 		when o_orderpriority <> '1-URGENT'
[32m(release)[0m> 			and o_orderpriority <> '2-HIGH'
[32m(release)[0m> 			then 1
[32m(release)[0m> 		else 0
[32m(release)[0m> 	end) as low_line_count
[32m(release)[0m> from
[32m(release)[0m> 	orders,
[32m(release)[0m> 	lineitem
[32m(release)[0m> where
[32m(release)[0m> 	o_orderkey = l_orderkey
[32m(release)[0m> 	and l_shipmode in ('MAIL', 'SHIP')
[32m(release)[0m> 	and l_commitdate < l_receiptdate
[32m(release)[0m> 	and l_shipdate < l_commitdate
[32m(release)[0m> 	and l_receiptdate >= date '1994-01-01'
[32m(release)[0m> 	and l_receiptdate < date '1994-01-01' + interval '1' year
[32m(release)[0m> group by
[32m(release)[0m> 	l_shipmode
[32m(release)[0m> order by
[32m(release)[0m> 	l_shipmode;
VmRSS Change: 18446744073708754912 KB
===
2 rows total
Execution info: [PARSE: 76 µs 240 ns, SQL TRANSLATE: 199 µs 78 ns, OPTIMIZE: 4 ms 347 µs, LQP TRANSLATE: 206 µs 138 ns, EXECUTE: 2 s 123 ms (wall time) | QUERY PLAN CACHE HITS: 0/1 statement(s)]
After reset, table use_count: 2
WARNING: Table still has 1 other owner(s) after pipeline reset!
Executing script file done
$:hsh clear_plan_caches
Cleared PQP and LQP caches
$:hsh clear_pipeline
Released last SQLPipeline
$:hsh reset_exec_pools
Reset execution pools (2, 3) bump pointers to start
$:hsh mem_usage
------------------------------------------
Memory Usage Statistics:
VmSize:	226362296 kB
VmRSS:	71318300 kB
1: MemResourceStatus {MigratedColumnsAggregate,18446744073709551615,63541608448,52888587462,0,0,1,N/A}
MemResourceStatus {DefaultResource,18446744073709551615,18446744073709551615,18446744066140031786,18446744073709105478,0,-1,N/A}
Quick Memory Usage Overview:
Used Capacity: 0, 52888587462
------------------------------------------
Executing script file: /home/umeshsum/tpch_queries/12.sql
[32m(release)[0m> select
[32m(release)[0m> 	l_shipmode,
[32m(release)[0m> 	sum(case
[32m(release)[0m> 		when o_orderpriority = '1-URGENT'
[32m(release)[0m> 			or o_orderpriority = '2-HIGH'
[32m(release)[0m> 			then 1
[32m(release)[0m> 		else 0
[32m(release)[0m> 	end) as high_line_count,
[32m(release)[0m> 	sum(case
[32m(release)[0m> 		when o_orderpriority <> '1-URGENT'
[32m(release)[0m> 			and o_orderpriority <> '2-HIGH'
[32m(release)[0m> 			then 1
[32m(release)[0m> 		else 0
[32m(release)[0m> 	end) as low_line_count
[32m(release)[0m> from
[32m(release)[0m> 	orders,
[32m(release)[0m> 	lineitem
[32m(release)[0m> where
[32m(release)[0m> 	o_orderkey = l_orderkey
[32m(release)[0m> 	and l_shipmode in ('MAIL', 'SHIP')
[32m(release)[0m> 	and l_commitdate < l_receiptdate
[32m(release)[0m> 	and l_shipdate < l_commitdate
[32m(release)[0m> 	and l_receiptdate >= date '1994-01-01'
[32m(release)[0m> 	and l_receiptdate < date '1994-01-01' + interval '1' year
[32m(release)[0m> group by
[32m(release)[0m> 	l_shipmode
[32m(release)[0m> order by
[32m(release)[0m> 	l_shipmode;
VmRSS Change: 18446744073709544168 KB
===
2 rows total
Execution info: [PARSE: 73 µs 359 ns, SQL TRANSLATE: 185 µs 588 ns, OPTIMIZE: 4 ms 271 µs, LQP TRANSLATE: 208 µs 398 ns, EXECUTE: 2 s 54 ms (wall time) | QUERY PLAN CACHE HITS: 0/1 statement(s)]
After reset, table use_count: 2
WARNING: Table still has 1 other owner(s) after pipeline reset!
Executing script file done
$:hsh clear_plan_caches
Cleared PQP and LQP caches
$:hsh clear_pipeline
Released last SQLPipeline
$:hsh reset_exec_pools
Reset execution pools (2, 3) bump pointers to start
$:hsh mem_usage
------------------------------------------
Memory Usage Statistics:
VmSize:	226362296 kB
VmRSS:	71310852 kB
1: MemResourceStatus {MigratedColumnsAggregate,18446744073709551615,63541608448,52888587462,0,0,1,N/A}
MemResourceStatus {DefaultResource,18446744073709551615,18446744073709551615,18446744065556908962,18446744073709105478,0,-1,N/A}
Quick Memory Usage Overview:
Used Capacity: 0, 52888587462
------------------------------------------
Executing script file: /home/umeshsum/tpch_queries/12.sql
[32m(release)[0m> select
[32m(release)[0m> 	l_shipmode,
[32m(release)[0m> 	sum(case
[32m(release)[0m> 		when o_orderpriority = '1-URGENT'
[32m(release)[0m> 			or o_orderpriority = '2-HIGH'
[32m(release)[0m> 			then 1
[32m(release)[0m> 		else 0
[32m(release)[0m> 	end) as high_line_count,
[32m(release)[0m> 	sum(case
[32m(release)[0m> 		when o_orderpriority <> '1-URGENT'
[32m(release)[0m> 			and o_orderpriority <> '2-HIGH'
[32m(release)[0m> 			then 1
[32m(release)[0m> 		else 0
[32m(release)[0m> 	end) as low_line_count
[32m(release)[0m> from
[32m(release)[0m> 	orders,
[32m(release)[0m> 	lineitem
[32m(release)[0m> where
[32m(release)[0m> 	o_orderkey = l_orderkey
[32m(release)[0m> 	and l_shipmode in ('MAIL', 'SHIP')
[32m(release)[0m> 	and l_commitdate < l_receiptdate
[32m(release)[0m> 	and l_shipdate < l_commitdate
[32m(release)[0m> 	and l_receiptdate >= date '1994-01-01'
[32m(release)[0m> 	and l_receiptdate < date '1994-01-01' + interval '1' year
[32m(release)[0m> group by
[32m(release)[0m> 	l_shipmode
[32m(release)[0m> order by
[32m(release)[0m> 	l_shipmode;
VmRSS Change: 569672 KB
===
2 rows total
Execution info: [PARSE: 74 µs 880 ns, SQL TRANSLATE: 179 µs 379 ns, OPTIMIZE: 4 ms 338 µs, LQP TRANSLATE: 216 µs 68 ns, EXECUTE: 2 s 82 ms (wall time) | QUERY PLAN CACHE HITS: 0/1 statement(s)]
After reset, table use_count: 2
WARNING: Table still has 1 other owner(s) after pipeline reset!
Executing script file done
$:hsh clear_plan_caches
Cleared PQP and LQP caches
$:hsh clear_pipeline
Released last SQLPipeline
$:hsh reset_exec_pools
Reset execution pools (2, 3) bump pointers to start
$:hsh mem_usage
------------------------------------------
Memory Usage Statistics:
VmSize:	226362296 kB
VmRSS:	71880524 kB
1: MemResourceStatus {MigratedColumnsAggregate,18446744073709551615,63541608448,52888587462,0,0,1,N/A}
MemResourceStatus {DefaultResource,18446744073709551615,18446744073709551615,18446744065248764378,18446744073709105478,0,-1,N/A}
Quick Memory Usage Overview:
Used Capacity: 0, 52888587462
------------------------------------------
Executing script file: /home/umeshsum/tpch_queries/12.sql
[32m(release)[0m> select
[32m(release)[0m> 	l_shipmode,
[32m(release)[0m> 	sum(case
[32m(release)[0m> 		when o_orderpriority = '1-URGENT'
[32m(release)[0m> 			or o_orderpriority = '2-HIGH'
[32m(release)[0m> 			then 1
[32m(release)[0m> 		else 0
[32m(release)[0m> 	end) as high_line_count,
[32m(release)[0m> 	sum(case
[32m(release)[0m> 		when o_orderpriority <> '1-URGENT'
[32m(release)[0m> 			and o_orderpriority <> '2-HIGH'
[32m(release)[0m> 			then 1
[32m(release)[0m> 		else 0
[32m(release)[0m> 	end) as low_line_count
[32m(release)[0m> from
[32m(release)[0m> 	orders,
[32m(release)[0m> 	lineitem
[32m(release)[0m> where
[32m(release)[0m> 	o_orderkey = l_orderkey
[32m(release)[0m> 	and l_shipmode in ('MAIL', 'SHIP')
[32m(release)[0m> 	and l_commitdate < l_receiptdate
[32m(release)[0m> 	and l_shipdate < l_commitdate
[32m(release)[0m> 	and l_receiptdate >= date '1994-01-01'
[32m(release)[0m> 	and l_receiptdate < date '1994-01-01' + interval '1' year
[32m(release)[0m> group by
[32m(release)[0m> 	l_shipmode
[32m(release)[0m> order by
[32m(release)[0m> 	l_shipmode;
VmRSS Change: 18446744073708250364 KB
===
2 rows total
Execution info: [PARSE: 75 µs 280 ns, SQL TRANSLATE: 236 µs 727 ns, OPTIMIZE: 4 ms 344 µs, LQP TRANSLATE: 212 µs 608 ns, EXECUTE: 2 s 294 ms (wall time) | QUERY PLAN CACHE HITS: 0/1 statement(s)]
After reset, table use_count: 2
WARNING: Table still has 1 other owner(s) after pipeline reset!
Executing script file done
$:hsh clear_plan_caches
Cleared PQP and LQP caches
$:hsh clear_pipeline
Released last SQLPipeline
$:hsh reset_exec_pools
Reset execution pools (2, 3) bump pointers to start
$:hsh mem_usage
------------------------------------------
Memory Usage Statistics:
VmSize:	226362296 kB
VmRSS:	70579268 kB
1: MemResourceStatus {MigratedColumnsAggregate,18446744073709551615,63541608448,52888587462,0,0,1,N/A}
MemResourceStatus {DefaultResource,18446744073709551615,18446744073709551615,18446744064914811470,18446744073709105478,0,-1,N/A}
Quick Memory Usage Overview:
Used Capacity: 0, 52888587462
------------------------------------------
Executing script file: /home/umeshsum/tpch_queries/12.sql
[32m(release)[0m> select
[32m(release)[0m> 	l_shipmode,
[32m(release)[0m> 	sum(case
[32m(release)[0m> 		when o_orderpriority = '1-URGENT'
[32m(release)[0m> 			or o_orderpriority = '2-HIGH'
[32m(release)[0m> 			then 1
[32m(release)[0m> 		else 0
[32m(release)[0m> 	end) as high_line_count,
[32m(release)[0m> 	sum(case
[32m(release)[0m> 		when o_orderpriority <> '1-URGENT'
[32m(release)[0m> 			and o_orderpriority <> '2-HIGH'
[32m(release)[0m> 			then 1
[32m(release)[0m> 		else 0
[32m(release)[0m> 	end) as low_line_count
[32m(release)[0m> from
[32m(release)[0m> 	orders,
[32m(release)[0m> 	lineitem
[32m(release)[0m> where
[32m(release)[0m> 	o_orderkey = l_orderkey
[32m(release)[0m> 	and l_shipmode in ('MAIL', 'SHIP')
[32m(release)[0m> 	and l_commitdate < l_receiptdate
[32m(release)[0m> 	and l_shipdate < l_commitdate
[32m(release)[0m> 	and l_receiptdate >= date '1994-01-01'
[32m(release)[0m> 	and l_receiptdate < date '1994-01-01' + interval '1' year
[32m(release)[0m> group by
[32m(release)[0m> 	l_shipmode
[32m(release)[0m> order by
[32m(release)[0m> 	l_shipmode;
VmRSS Change: 720740 KB
===
2 rows total
Execution info: [PARSE: 76 µs 619 ns, SQL TRANSLATE: 209 µs 568 ns, OPTIMIZE: 4 ms 311 µs, LQP TRANSLATE: 204 µs 678 ns, EXECUTE: 2 s 68 ms (wall time) | QUERY PLAN CACHE HITS: 0/1 statement(s)]
After reset, table use_count: 2
WARNING: Table still has 1 other owner(s) after pipeline reset!
Executing script file done
$:hsh mem_usage
------------------------------------------
Memory Usage Statistics:
VmSize:	226362296 kB
VmRSS:	71299972 kB
1: MemResourceStatus {MigratedColumnsAggregate,18446744073709551615,63541608448,52888587462,0,0,1,N/A}
MemResourceStatus {DefaultResource,18446744073709551615,18446744073709551615,18446744064594188386,18446744073709105478,0,-1,N/A}
Quick Memory Usage Overview:
Used Capacity: 0, 52888587462
------------------------------------------
Label set to d0_tf0_q13
$:hsh clear_plan_caches
Cleared PQP and LQP caches
$:hsh clear_pipeline
Released last SQLPipeline
$:hsh reset_exec_pools
Reset execution pools (2, 3) bump pointers to start
$:hsh mem_usage
------------------------------------------
Memory Usage Statistics:
VmSize:	226362296 kB
VmRSS:	71299972 kB
1: MemResourceStatus {MigratedColumnsAggregate,18446744073709551615,63541608448,52888587462,0,0,1,N/A}
MemResourceStatus {DefaultResource,18446744073709551615,18446744073709551615,18446744064592247874,18446744073709105478,0,-1,N/A}
Quick Memory Usage Overview:
Used Capacity: 0, 52888587462
------------------------------------------
Executing script file: /home/umeshsum/tpch_queries/13.sql
[32m(release)[0m> select
[32m(release)[0m> 	c_count,
[32m(release)[0m> 	count(*) as custdist
[32m(release)[0m> from
[32m(release)[0m> 	(
[32m(release)[0m> 		select
[32m(release)[0m> 			c_custkey,
[32m(release)[0m> 			count(o_orderkey)
[32m(release)[0m> 		from
[32m(release)[0m> 			customer left outer join orders on
[32m(release)[0m> 				c_custkey = o_custkey
[32m(release)[0m> 				and o_comment not like '%special%requests%'
[32m(release)[0m> 		group by
[32m(release)[0m> 			c_custkey
[32m(release)[0m> 	) as c_orders (c_custkey, c_count)
[32m(release)[0m> group by
[32m(release)[0m> 	c_count
[32m(release)[0m> order by
[32m(release)[0m> 	custdist desc,
[32m(release)[0m> 	c_count desc;
[PERF] Build side larger than probe side in hash join at src/lib/operators/join_hash.cpp:97
	Performance can be affected. This warning is only shown once.
VmRSS Change: 2286508 KB
===
46 rows total
Execution info: [PARSE: 30 µs 440 ns, SQL TRANSLATE: 136 µs 69 ns, OPTIMIZE: 886 µs 931 ns, LQP TRANSLATE: 35 µs 299 ns, EXECUTE: 13 s 983 ms (wall time) | QUERY PLAN CACHE HITS: 0/1 statement(s)]
After reset, table use_count: 2
WARNING: Table still has 1 other owner(s) after pipeline reset!
Executing script file done
$:hsh clear_plan_caches
Cleared PQP and LQP caches
$:hsh clear_pipeline
Released last SQLPipeline
$:hsh reset_exec_pools
Reset execution pools (2, 3) bump pointers to start
$:hsh mem_usage
------------------------------------------
Memory Usage Statistics:
VmSize:	226370504 kB
VmRSS:	73586468 kB
1: MemResourceStatus {MigratedColumnsAggregate,18446744073709551615,63541608448,52888587462,0,0,1,N/A}
MemResourceStatus {DefaultResource,18446744073709551615,18446744073709551615,18446744063572178881,18446744073709105478,0,-1,N/A}
Quick Memory Usage Overview:
Used Capacity: 0, 52888587462
------------------------------------------
Executing script file: /home/umeshsum/tpch_queries/13.sql
[32m(release)[0m> select
[32m(release)[0m> 	c_count,
[32m(release)[0m> 	count(*) as custdist
[32m(release)[0m> from
[32m(release)[0m> 	(
[32m(release)[0m> 		select
[32m(release)[0m> 			c_custkey,
[32m(release)[0m> 			count(o_orderkey)
[32m(release)[0m> 		from
[32m(release)[0m> 			customer left outer join orders on
[32m(release)[0m> 				c_custkey = o_custkey
[32m(release)[0m> 				and o_comment not like '%special%requests%'
[32m(release)[0m> 		group by
[32m(release)[0m> 			c_custkey
[32m(release)[0m> 	) as c_orders (c_custkey, c_count)
[32m(release)[0m> group by
[32m(release)[0m> 	c_count
[32m(release)[0m> order by
[32m(release)[0m> 	custdist desc,
[32m(release)[0m> 	c_count desc;
VmRSS Change: 750320 KB
===
46 rows total
Execution info: [PARSE: 40 µs 279 ns, SQL TRANSLATE: 126 µs 379 ns, OPTIMIZE: 1 ms 438 µs, LQP TRANSLATE: 55 µs 79 ns, EXECUTE: 14 s 59 ms (wall time) | QUERY PLAN CACHE HITS: 0/1 statement(s)]
After reset, table use_count: 2
WARNING: Table still has 1 other owner(s) after pipeline reset!
Executing script file done
$:hsh clear_plan_caches
Cleared PQP and LQP caches
$:hsh clear_pipeline
Released last SQLPipeline
$:hsh reset_exec_pools
Reset execution pools (2, 3) bump pointers to start
$:hsh mem_usage
------------------------------------------
Memory Usage Statistics:
VmSize:	226370504 kB
VmRSS:	74336772 kB
1: MemResourceStatus {MigratedColumnsAggregate,18446744073709551615,63541608448,52888587462,0,0,1,N/A}
MemResourceStatus {DefaultResource,18446744073709551615,18446744073709551615,18446744062341229921,18446744073709105478,0,-1,N/A}
Quick Memory Usage Overview:
Used Capacity: 0, 52888587462
------------------------------------------
Executing script file: /home/umeshsum/tpch_queries/13.sql
[32m(release)[0m> select
[32m(release)[0m> 	c_count,
[32m(release)[0m> 	count(*) as custdist
[32m(release)[0m> from
[32m(release)[0m> 	(
[32m(release)[0m> 		select
[32m(release)[0m> 			c_custkey,
[32m(release)[0m> 			count(o_orderkey)
[32m(release)[0m> 		from
[32m(release)[0m> 			customer left outer join orders on
[32m(release)[0m> 				c_custkey = o_custkey
[32m(release)[0m> 				and o_comment not like '%special%requests%'
[32m(release)[0m> 		group by
[32m(release)[0m> 			c_custkey
[32m(release)[0m> 	) as c_orders (c_custkey, c_count)
[32m(release)[0m> group by
[32m(release)[0m> 	c_count
[32m(release)[0m> order by
[32m(release)[0m> 	custdist desc,
[32m(release)[0m> 	c_count desc;
VmRSS Change: 125948 KB
===
46 rows total
Execution info: [PARSE: 26 µs 9 ns, SQL TRANSLATE: 81 µs 279 ns, OPTIMIZE: 915 µs 861 ns, LQP TRANSLATE: 32 µs 150 ns, EXECUTE: 13 s 899 ms (wall time) | QUERY PLAN CACHE HITS: 0/1 statement(s)]
After reset, table use_count: 2
WARNING: Table still has 1 other owner(s) after pipeline reset!
Executing script file done
$:hsh clear_plan_caches
Cleared PQP and LQP caches
$:hsh clear_pipeline
Released last SQLPipeline
$:hsh reset_exec_pools
Reset execution pools (2, 3) bump pointers to start
$:hsh mem_usage
------------------------------------------
Memory Usage Statistics:
VmSize:	226370504 kB
VmRSS:	74454640 kB
1: MemResourceStatus {MigratedColumnsAggregate,18446744073709551615,63541608448,52888587462,0,0,1,N/A}
MemResourceStatus {DefaultResource,18446744073709551615,18446744073709551615,18446744061084580486,18446744073709105478,0,-1,N/A}
Quick Memory Usage Overview:
Used Capacity: 0, 52888587462
------------------------------------------
Executing script file: /home/umeshsum/tpch_queries/13.sql
[32m(release)[0m> select
[32m(release)[0m> 	c_count,
[32m(release)[0m> 	count(*) as custdist
[32m(release)[0m> from
[32m(release)[0m> 	(
[32m(release)[0m> 		select
[32m(release)[0m> 			c_custkey,
[32m(release)[0m> 			count(o_orderkey)
[32m(release)[0m> 		from
[32m(release)[0m> 			customer left outer join orders on
[32m(release)[0m> 				c_custkey = o_custkey
[32m(release)[0m> 				and o_comment not like '%special%requests%'
[32m(release)[0m> 		group by
[32m(release)[0m> 			c_custkey
[32m(release)[0m> 	) as c_orders (c_custkey, c_count)
[32m(release)[0m> group by
[32m(release)[0m> 	c_count
[32m(release)[0m> order by
[32m(release)[0m> 	custdist desc,
[32m(release)[0m> 	c_count desc;
VmRSS Change: 18446744073709526408 KB
===
46 rows total
Execution info: [PARSE: 30 µs 699 ns, SQL TRANSLATE: 95 µs 979 ns, OPTIMIZE: 1 ms 44 µs, LQP TRANSLATE: 32 µs 60 ns, EXECUTE: 14 s 175 ms (wall time) | QUERY PLAN CACHE HITS: 0/1 statement(s)]
After reset, table use_count: 2
WARNING: Table still has 1 other owner(s) after pipeline reset!
Executing script file done
$:hsh clear_plan_caches
Cleared PQP and LQP caches
$:hsh clear_pipeline
Released last SQLPipeline
$:hsh reset_exec_pools
Reset execution pools (2, 3) bump pointers to start
$:hsh mem_usage
------------------------------------------
Memory Usage Statistics:
VmSize:	226370504 kB
VmRSS:	74429436 kB
1: MemResourceStatus {MigratedColumnsAggregate,18446744073709551615,63541608448,52888587462,0,0,1,N/A}
MemResourceStatus {DefaultResource,18446744073709551615,18446744073709551615,18446744060019269480,18446744073709105478,0,-1,N/A}
Quick Memory Usage Overview:
Used Capacity: 0, 52888587462
------------------------------------------
Executing script file: /home/umeshsum/tpch_queries/13.sql
[32m(release)[0m> select
[32m(release)[0m> 	c_count,
[32m(release)[0m> 	count(*) as custdist
[32m(release)[0m> from
[32m(release)[0m> 	(
[32m(release)[0m> 		select
[32m(release)[0m> 			c_custkey,
[32m(release)[0m> 			count(o_orderkey)
[32m(release)[0m> 		from
[32m(release)[0m> 			customer left outer join orders on
[32m(release)[0m> 				c_custkey = o_custkey
[32m(release)[0m> 				and o_comment not like '%special%requests%'
[32m(release)[0m> 		group by
[32m(release)[0m> 			c_custkey
[32m(release)[0m> 	) as c_orders (c_custkey, c_count)
[32m(release)[0m> group by
[32m(release)[0m> 	c_count
[32m(release)[0m> order by
[32m(release)[0m> 	custdist desc,
[32m(release)[0m> 	c_count desc;
VmRSS Change: 326512 KB
===
46 rows total
Execution info: [PARSE: 25 µs 400 ns, SQL TRANSLATE: 81 µs 639 ns, OPTIMIZE: 747 µs 243 ns, LQP TRANSLATE: 31 µs 839 ns, EXECUTE: 14 s 64 ms (wall time) | QUERY PLAN CACHE HITS: 0/1 statement(s)]
After reset, table use_count: 2
WARNING: Table still has 1 other owner(s) after pipeline reset!
Executing script file done
$:hsh clear_plan_caches
Cleared PQP and LQP caches
$:hsh clear_pipeline
Released last SQLPipeline
$:hsh reset_exec_pools
Reset execution pools (2, 3) bump pointers to start
$:hsh mem_usage
------------------------------------------
Memory Usage Statistics:
VmSize:	226370504 kB
VmRSS:	74755948 kB
1: MemResourceStatus {MigratedColumnsAggregate,18446744073709551615,63541608448,52888587462,0,0,1,N/A}
MemResourceStatus {DefaultResource,18446744073709551615,18446744073709551615,18446744058809334098,18446744073709105478,0,-1,N/A}
Quick Memory Usage Overview:
Used Capacity: 0, 52888587462
------------------------------------------
Executing script file: /home/umeshsum/tpch_queries/13.sql
[32m(release)[0m> select
[32m(release)[0m> 	c_count,
[32m(release)[0m> 	count(*) as custdist
[32m(release)[0m> from
[32m(release)[0m> 	(
[32m(release)[0m> 		select
[32m(release)[0m> 			c_custkey,
[32m(release)[0m> 			count(o_orderkey)
[32m(release)[0m> 		from
[32m(release)[0m> 			customer left outer join orders on
[32m(release)[0m> 				c_custkey = o_custkey
[32m(release)[0m> 				and o_comment not like '%special%requests%'
[32m(release)[0m> 		group by
[32m(release)[0m> 			c_custkey
[32m(release)[0m> 	) as c_orders (c_custkey, c_count)
[32m(release)[0m> group by
[32m(release)[0m> 	c_count
[32m(release)[0m> order by
[32m(release)[0m> 	custdist desc,
[32m(release)[0m> 	c_count desc;
VmRSS Change: 18446744073709290948 KB
===
46 rows total
Execution info: [PARSE: 33 µs 10 ns, SQL TRANSLATE: 89 µs 719 ns, OPTIMIZE: 821 µs 531 ns, LQP TRANSLATE: 35 µs 290 ns, EXECUTE: 14 s 145 ms (wall time) | QUERY PLAN CACHE HITS: 0/1 statement(s)]
After reset, table use_count: 2
WARNING: Table still has 1 other owner(s) after pipeline reset!
Executing script file done
$:hsh clear_plan_caches
Cleared PQP and LQP caches
$:hsh clear_pipeline
Released last SQLPipeline
$:hsh reset_exec_pools
Reset execution pools (2, 3) bump pointers to start
$:hsh mem_usage
------------------------------------------
Memory Usage Statistics:
VmSize:	226370504 kB
VmRSS:	74141332 kB
1: MemResourceStatus {MigratedColumnsAggregate,18446744073709551615,63541608448,52888587462,0,0,1,N/A}
MemResourceStatus {DefaultResource,18446744073709551615,18446744073709551615,18446744057629187185,18446744073709105478,0,-1,N/A}
Quick Memory Usage Overview:
Used Capacity: 0, 52888587462
------------------------------------------
Executing script file: /home/umeshsum/tpch_queries/13.sql
[32m(release)[0m> select
[32m(release)[0m> 	c_count,
[32m(release)[0m> 	count(*) as custdist
[32m(release)[0m> from
[32m(release)[0m> 	(
[32m(release)[0m> 		select
[32m(release)[0m> 			c_custkey,
[32m(release)[0m> 			count(o_orderkey)
[32m(release)[0m> 		from
[32m(release)[0m> 			customer left outer join orders on
[32m(release)[0m> 				c_custkey = o_custkey
[32m(release)[0m> 				and o_comment not like '%special%requests%'
[32m(release)[0m> 		group by
[32m(release)[0m> 			c_custkey
[32m(release)[0m> 	) as c_orders (c_custkey, c_count)
[32m(release)[0m> group by
[32m(release)[0m> 	c_count
[32m(release)[0m> order by
[32m(release)[0m> 	custdist desc,
[32m(release)[0m> 	c_count desc;
VmRSS Change: 642652 KB
===
46 rows total
Execution info: [PARSE: 134 µs 778 ns, SQL TRANSLATE: 146 µs 469 ns, OPTIMIZE: 1 ms 711 µs, LQP TRANSLATE: 68 µs 219 ns, EXECUTE: 13 s 953 ms (wall time) | QUERY PLAN CACHE HITS: 0/1 statement(s)]
After reset, table use_count: 2
WARNING: Table still has 1 other owner(s) after pipeline reset!
Executing script file done
$:hsh clear_plan_caches
Cleared PQP and LQP caches
$:hsh clear_pipeline
Released last SQLPipeline
$:hsh reset_exec_pools
Reset execution pools (2, 3) bump pointers to start
$:hsh mem_usage
------------------------------------------
Memory Usage Statistics:
VmSize:	226370504 kB
VmRSS:	74758668 kB
1: MemResourceStatus {MigratedColumnsAggregate,18446744073709551615,63541608448,52888587462,0,0,1,N/A}
MemResourceStatus {DefaultResource,18446744073709551615,18446744073709551615,18446744056438167504,18446744073709105478,0,-1,N/A}
Quick Memory Usage Overview:
Used Capacity: 0, 52888587462
------------------------------------------
Executing script file: /home/umeshsum/tpch_queries/13.sql
[32m(release)[0m> select
[32m(release)[0m> 	c_count,
[32m(release)[0m> 	count(*) as custdist
[32m(release)[0m> from
[32m(release)[0m> 	(
[32m(release)[0m> 		select
[32m(release)[0m> 			c_custkey,
[32m(release)[0m> 			count(o_orderkey)
[32m(release)[0m> 		from
[32m(release)[0m> 			customer left outer join orders on
[32m(release)[0m> 				c_custkey = o_custkey
[32m(release)[0m> 				and o_comment not like '%special%requests%'
[32m(release)[0m> 		group by
[32m(release)[0m> 			c_custkey
[32m(release)[0m> 	) as c_orders (c_custkey, c_count)
[32m(release)[0m> group by
[32m(release)[0m> 	c_count
[32m(release)[0m> order by
[32m(release)[0m> 	custdist desc,
[32m(release)[0m> 	c_count desc;
VmRSS Change: 18446744073709069064 KB
===
46 rows total
Execution info: [PARSE: 48 µs 770 ns, SQL TRANSLATE: 146 µs 478 ns, OPTIMIZE: 1 ms 625 µs, LQP TRANSLATE: 76 µs 839 ns, EXECUTE: 14 s 178 ms (wall time) | QUERY PLAN CACHE HITS: 0/1 statement(s)]
After reset, table use_count: 2
WARNING: Table still has 1 other owner(s) after pipeline reset!
Executing script file done
$:hsh clear_plan_caches
Cleared PQP and LQP caches
$:hsh clear_pipeline
Released last SQLPipeline
$:hsh reset_exec_pools
Reset execution pools (2, 3) bump pointers to start
$:hsh mem_usage
------------------------------------------
Memory Usage Statistics:
VmSize:	226370504 kB
VmRSS:	74243076 kB
1: MemResourceStatus {MigratedColumnsAggregate,18446744073709551615,63541608448,52888587462,0,0,1,N/A}
MemResourceStatus {DefaultResource,18446744073709551615,18446744073709551615,18446744055105870356,18446744073709105478,0,-1,N/A}
Quick Memory Usage Overview:
Used Capacity: 0, 52888587462
------------------------------------------
Executing script file: /home/umeshsum/tpch_queries/13.sql
[32m(release)[0m> select
[32m(release)[0m> 	c_count,
[32m(release)[0m> 	count(*) as custdist
[32m(release)[0m> from
[32m(release)[0m> 	(
[32m(release)[0m> 		select
[32m(release)[0m> 			c_custkey,
[32m(release)[0m> 			count(o_orderkey)
[32m(release)[0m> 		from
[32m(release)[0m> 			customer left outer join orders on
[32m(release)[0m> 				c_custkey = o_custkey
[32m(release)[0m> 				and o_comment not like '%special%requests%'
[32m(release)[0m> 		group by
[32m(release)[0m> 			c_custkey
[32m(release)[0m> 	) as c_orders (c_custkey, c_count)
[32m(release)[0m> group by
[32m(release)[0m> 	c_count
[32m(release)[0m> order by
[32m(release)[0m> 	custdist desc,
[32m(release)[0m> 	c_count desc;
VmRSS Change: 504704 KB
===
46 rows total
Execution info: [PARSE: 56 µs 409 ns, SQL TRANSLATE: 178 µs 118 ns, OPTIMIZE: 1 ms 994 µs, LQP TRANSLATE: 68 µs 309 ns, EXECUTE: 13 s 769 ms (wall time) | QUERY PLAN CACHE HITS: 0/1 statement(s)]
After reset, table use_count: 2
WARNING: Table still has 1 other owner(s) after pipeline reset!
Executing script file done
$:hsh clear_plan_caches
Cleared PQP and LQP caches
$:hsh clear_pipeline
Released last SQLPipeline
$:hsh reset_exec_pools
Reset execution pools (2, 3) bump pointers to start
$:hsh mem_usage
------------------------------------------
Memory Usage Statistics:
VmSize:	226370504 kB
VmRSS:	74747784 kB
1: MemResourceStatus {MigratedColumnsAggregate,18446744073709551615,63541608448,52888587462,0,0,1,N/A}
MemResourceStatus {DefaultResource,18446744073709551615,18446744073709551615,18446744053659318341,18446744073709105478,0,-1,N/A}
Quick Memory Usage Overview:
Used Capacity: 0, 52888587462
------------------------------------------
Executing script file: /home/umeshsum/tpch_queries/13.sql
[32m(release)[0m> select
[32m(release)[0m> 	c_count,
[32m(release)[0m> 	count(*) as custdist
[32m(release)[0m> from
[32m(release)[0m> 	(
[32m(release)[0m> 		select
[32m(release)[0m> 			c_custkey,
[32m(release)[0m> 			count(o_orderkey)
[32m(release)[0m> 		from
[32m(release)[0m> 			customer left outer join orders on
[32m(release)[0m> 				c_custkey = o_custkey
[32m(release)[0m> 				and o_comment not like '%special%requests%'
[32m(release)[0m> 		group by
[32m(release)[0m> 			c_custkey
[32m(release)[0m> 	) as c_orders (c_custkey, c_count)
[32m(release)[0m> group by
[32m(release)[0m> 	c_count
[32m(release)[0m> order by
[32m(release)[0m> 	custdist desc,
[32m(release)[0m> 	c_count desc;
VmRSS Change: 18446744073708919036 KB
===
46 rows total
Execution info: [PARSE: 44 µs 319 ns, SQL TRANSLATE: 142 µs 699 ns, OPTIMIZE: 1 ms 114 µs, LQP TRANSLATE: 57 µs 49 ns, EXECUTE: 13 s 731 ms (wall time) | QUERY PLAN CACHE HITS: 0/1 statement(s)]
After reset, table use_count: 2
WARNING: Table still has 1 other owner(s) after pipeline reset!
Executing script file done
$:hsh clear_plan_caches
Cleared PQP and LQP caches
$:hsh clear_pipeline
Released last SQLPipeline
$:hsh reset_exec_pools
Reset execution pools (2, 3) bump pointers to start
$:hsh mem_usage
------------------------------------------
Memory Usage Statistics:
VmSize:	226370504 kB
VmRSS:	73915236 kB
1: MemResourceStatus {MigratedColumnsAggregate,18446744073709551615,63541608448,52888587462,0,0,1,N/A}
MemResourceStatus {DefaultResource,18446744073709551615,18446744073709551615,18446744052085603004,18446744073709105478,0,-1,N/A}
Quick Memory Usage Overview:
Used Capacity: 0, 52888587462
------------------------------------------
Label set to d0_tf0_q14
$:hsh clear_plan_caches
Cleared PQP and LQP caches
$:hsh clear_pipeline
Released last SQLPipeline
$:hsh reset_exec_pools
Reset execution pools (2, 3) bump pointers to start
$:hsh mem_usage
------------------------------------------
Memory Usage Statistics:
VmSize:	226370504 kB
VmRSS:	73915236 kB
1: MemResourceStatus {MigratedColumnsAggregate,18446744073709551615,63541608448,52888587462,0,0,1,N/A}
MemResourceStatus {DefaultResource,18446744073709551615,18446744073709551615,18446744052085603004,18446744073709105478,0,-1,N/A}
Quick Memory Usage Overview:
Used Capacity: 0, 52888587462
------------------------------------------
Executing script file: /home/umeshsum/tpch_queries/14.sql
[32m(release)[0m> select
[32m(release)[0m> 	100.00 * sum(case
[32m(release)[0m> 		when p_type like 'PROMO%'
[32m(release)[0m> 			then l_extendedprice * (1 - l_discount)
[32m(release)[0m> 		else 0
[32m(release)[0m> 	end) / sum(l_extendedprice * (1 - l_discount)) as promo_revenue
[32m(release)[0m> from
[32m(release)[0m> 	lineitem,
[32m(release)[0m> 	part
[32m(release)[0m> where
[32m(release)[0m> 	l_partkey = p_partkey
[32m(release)[0m> 	and l_shipdate >= date '1995-09-01'
[32m(release)[0m> 	and l_shipdate < date '1995-09-01' + interval '1' month;
VmRSS Change: 18446744073708581216 KB
===
1 rows total
Execution info: [PARSE: 34 µs 470 ns, SQL TRANSLATE: 132 µs 58 ns, OPTIMIZE: 6 ms 74 µs, LQP TRANSLATE: 60 µs 439 ns, EXECUTE: 901 ms 596 µs (wall time) | QUERY PLAN CACHE HITS: 0/1 statement(s)]
After reset, table use_count: 2
WARNING: Table still has 1 other owner(s) after pipeline reset!
Executing script file done
$:hsh clear_plan_caches
Cleared PQP and LQP caches
$:hsh clear_pipeline
Released last SQLPipeline
$:hsh reset_exec_pools
Reset execution pools (2, 3) bump pointers to start
$:hsh mem_usage
------------------------------------------
Memory Usage Statistics:
VmSize:	226370504 kB
VmRSS:	72944856 kB
1: MemResourceStatus {MigratedColumnsAggregate,18446744073709551615,63541608448,52888587462,0,0,1,N/A}
MemResourceStatus {DefaultResource,18446744073709551615,18446744073709551615,18446744052055072501,18446744073709105478,0,-1,N/A}
Quick Memory Usage Overview:
Used Capacity: 0, 52888587462
------------------------------------------
Executing script file: /home/umeshsum/tpch_queries/14.sql
[32m(release)[0m> select
[32m(release)[0m> 	100.00 * sum(case
[32m(release)[0m> 		when p_type like 'PROMO%'
[32m(release)[0m> 			then l_extendedprice * (1 - l_discount)
[32m(release)[0m> 		else 0
[32m(release)[0m> 	end) / sum(l_extendedprice * (1 - l_discount)) as promo_revenue
[32m(release)[0m> from
[32m(release)[0m> 	lineitem,
[32m(release)[0m> 	part
[32m(release)[0m> where
[32m(release)[0m> 	l_partkey = p_partkey
[32m(release)[0m> 	and l_shipdate >= date '1995-09-01'
[32m(release)[0m> 	and l_shipdate < date '1995-09-01' + interval '1' month;
VmRSS Change: 18446744073709549444 KB
===
1 rows total
Execution info: [PARSE: 62 µs 20 ns, SQL TRANSLATE: 180 µs 918 ns, OPTIMIZE: 3 ms 322 µs, LQP TRANSLATE: 109 µs 58 ns, EXECUTE: 785 ms 170 µs (wall time) | QUERY PLAN CACHE HITS: 0/1 statement(s)]
After reset, table use_count: 2
WARNING: Table still has 1 other owner(s) after pipeline reset!
Executing script file done
$:hsh clear_plan_caches
Cleared PQP and LQP caches
$:hsh clear_pipeline
Released last SQLPipeline
$:hsh reset_exec_pools
Reset execution pools (2, 3) bump pointers to start
$:hsh mem_usage
------------------------------------------
Memory Usage Statistics:
VmSize:	226370504 kB
VmRSS:	72942700 kB
1: MemResourceStatus {MigratedColumnsAggregate,18446744073709551615,63541608448,52888587462,0,0,1,N/A}
MemResourceStatus {DefaultResource,18446744073709551615,18446744073709551615,18446744051993263022,18446744073709105478,0,-1,N/A}
Quick Memory Usage Overview:
Used Capacity: 0, 52888587462
------------------------------------------
Executing script file: /home/umeshsum/tpch_queries/14.sql
[32m(release)[0m> select
[32m(release)[0m> 	100.00 * sum(case
[32m(release)[0m> 		when p_type like 'PROMO%'
[32m(release)[0m> 			then l_extendedprice * (1 - l_discount)
[32m(release)[0m> 		else 0
[32m(release)[0m> 	end) / sum(l_extendedprice * (1 - l_discount)) as promo_revenue
[32m(release)[0m> from
[32m(release)[0m> 	lineitem,
[32m(release)[0m> 	part
[32m(release)[0m> where
[32m(release)[0m> 	l_partkey = p_partkey
[32m(release)[0m> 	and l_shipdate >= date '1995-09-01'
[32m(release)[0m> 	and l_shipdate < date '1995-09-01' + interval '1' month;
VmRSS Change: 18446744073709399388 KB
===
1 rows total
Execution info: [PARSE: 75 µs 620 ns, SQL TRANSLATE: 205 µs 967 ns, OPTIMIZE: 3 ms 333 µs, LQP TRANSLATE: 113 µs 329 ns, EXECUTE: 837 ms 485 µs (wall time) | QUERY PLAN CACHE HITS: 0/1 statement(s)]
After reset, table use_count: 2
WARNING: Table still has 1 other owner(s) after pipeline reset!
Executing script file done
$:hsh clear_plan_caches
Cleared PQP and LQP caches
$:hsh clear_pipeline
Released last SQLPipeline
$:hsh reset_exec_pools
Reset execution pools (2, 3) bump pointers to start
$:hsh mem_usage
------------------------------------------
Memory Usage Statistics:
VmSize:	226370504 kB
VmRSS:	72790472 kB
1: MemResourceStatus {MigratedColumnsAggregate,18446744073709551615,63541608448,52888587462,0,0,1,N/A}
MemResourceStatus {DefaultResource,18446744073709551615,18446744073709551615,18446744051964666385,18446744073709105478,0,-1,N/A}
Quick Memory Usage Overview:
Used Capacity: 0, 52888587462
------------------------------------------
Executing script file: /home/umeshsum/tpch_queries/14.sql
[32m(release)[0m> select
[32m(release)[0m> 	100.00 * sum(case
[32m(release)[0m> 		when p_type like 'PROMO%'
[32m(release)[0m> 			then l_extendedprice * (1 - l_discount)
[32m(release)[0m> 		else 0
[32m(release)[0m> 	end) / sum(l_extendedprice * (1 - l_discount)) as promo_revenue
[32m(release)[0m> from
[32m(release)[0m> 	lineitem,
[32m(release)[0m> 	part
[32m(release)[0m> where
[32m(release)[0m> 	l_partkey = p_partkey
[32m(release)[0m> 	and l_shipdate >= date '1995-09-01'
[32m(release)[0m> 	and l_shipdate < date '1995-09-01' + interval '1' month;
VmRSS Change: 18446744073709277652 KB
===
1 rows total
Execution info: [PARSE: 58 µs 849 ns, SQL TRANSLATE: 181 µs 909 ns, OPTIMIZE: 3 ms 298 µs, LQP TRANSLATE: 113 µs 659 ns, EXECUTE: 817 ms 954 µs (wall time) | QUERY PLAN CACHE HITS: 0/1 statement(s)]
After reset, table use_count: 2
WARNING: Table still has 1 other owner(s) after pipeline reset!
Executing script file done
$:hsh clear_plan_caches
Cleared PQP and LQP caches
$:hsh clear_pipeline
Released last SQLPipeline
$:hsh reset_exec_pools
Reset execution pools (2, 3) bump pointers to start
$:hsh mem_usage
------------------------------------------
Memory Usage Statistics:
VmSize:	226370504 kB
VmRSS:	72516508 kB
1: MemResourceStatus {MigratedColumnsAggregate,18446744073709551615,63541608448,52888587462,0,0,1,N/A}
MemResourceStatus {DefaultResource,18446744073709551615,18446744073709551615,18446744051872410987,18446744073709105478,0,-1,N/A}
Quick Memory Usage Overview:
Used Capacity: 0, 52888587462
------------------------------------------
Executing script file: /home/umeshsum/tpch_queries/14.sql
[32m(release)[0m> select
[32m(release)[0m> 	100.00 * sum(case
[32m(release)[0m> 		when p_type like 'PROMO%'
[32m(release)[0m> 			then l_extendedprice * (1 - l_discount)
[32m(release)[0m> 		else 0
[32m(release)[0m> 	end) / sum(l_extendedprice * (1 - l_discount)) as promo_revenue
[32m(release)[0m> from
[32m(release)[0m> 	lineitem,
[32m(release)[0m> 	part
[32m(release)[0m> where
[32m(release)[0m> 	l_partkey = p_partkey
[32m(release)[0m> 	and l_shipdate >= date '1995-09-01'
[32m(release)[0m> 	and l_shipdate < date '1995-09-01' + interval '1' month;
VmRSS Change: 18446744073709085264 KB
===
1 rows total
Execution info: [PARSE: 60 µs 19 ns, SQL TRANSLATE: 214 µs 138 ns, OPTIMIZE: 3 ms 257 µs, LQP TRANSLATE: 112 µs 19 ns, EXECUTE: 837 ms 251 µs (wall time) | QUERY PLAN CACHE HITS: 0/1 statement(s)]
After reset, table use_count: 2
WARNING: Table still has 1 other owner(s) after pipeline reset!
Executing script file done
$:hsh clear_plan_caches
Cleared PQP and LQP caches
$:hsh clear_pipeline
Released last SQLPipeline
$:hsh reset_exec_pools
Reset execution pools (2, 3) bump pointers to start
$:hsh mem_usage
------------------------------------------
Memory Usage Statistics:
VmSize:	226370504 kB
VmRSS:	72050156 kB
1: MemResourceStatus {MigratedColumnsAggregate,18446744073709551615,63541608448,52888587462,0,0,1,N/A}
MemResourceStatus {DefaultResource,18446744073709551615,18446744073709551615,18446744051747336529,18446744073709105478,0,-1,N/A}
Quick Memory Usage Overview:
Used Capacity: 0, 52888587462
------------------------------------------
Executing script file: /home/umeshsum/tpch_queries/14.sql
[32m(release)[0m> select
[32m(release)[0m> 	100.00 * sum(case
[32m(release)[0m> 		when p_type like 'PROMO%'
[32m(release)[0m> 			then l_extendedprice * (1 - l_discount)
[32m(release)[0m> 		else 0
[32m(release)[0m> 	end) / sum(l_extendedprice * (1 - l_discount)) as promo_revenue
[32m(release)[0m> from
[32m(release)[0m> 	lineitem,
[32m(release)[0m> 	part
[32m(release)[0m> where
[32m(release)[0m> 	l_partkey = p_partkey
[32m(release)[0m> 	and l_shipdate >= date '1995-09-01'
[32m(release)[0m> 	and l_shipdate < date '1995-09-01' + interval '1' month;
VmRSS Change: 18446744073709046972 KB
===
1 rows total
Execution info: [PARSE: 60 µs 120 ns, SQL TRANSLATE: 193 µs 668 ns, OPTIMIZE: 3 ms 311 µs, LQP TRANSLATE: 110 µs 998 ns, EXECUTE: 851 ms 158 µs (wall time) | QUERY PLAN CACHE HITS: 0/1 statement(s)]
After reset, table use_count: 2
WARNING: Table still has 1 other owner(s) after pipeline reset!
Executing script file done
$:hsh clear_plan_caches
Cleared PQP and LQP caches
$:hsh clear_pipeline
Released last SQLPipeline
$:hsh reset_exec_pools
Reset execution pools (2, 3) bump pointers to start
$:hsh mem_usage
------------------------------------------
Memory Usage Statistics:
VmSize:	226370504 kB
VmRSS:	71545512 kB
1: MemResourceStatus {MigratedColumnsAggregate,18446744073709551615,63541608448,52888587462,0,0,1,N/A}
MemResourceStatus {DefaultResource,18446744073709551615,18446744073709551615,18446744051633225474,18446744073709105478,0,-1,N/A}
Quick Memory Usage Overview:
Used Capacity: 0, 52888587462
------------------------------------------
Executing script file: /home/umeshsum/tpch_queries/14.sql
[32m(release)[0m> select
[32m(release)[0m> 	100.00 * sum(case
[32m(release)[0m> 		when p_type like 'PROMO%'
[32m(release)[0m> 			then l_extendedprice * (1 - l_discount)
[32m(release)[0m> 		else 0
[32m(release)[0m> 	end) / sum(l_extendedprice * (1 - l_discount)) as promo_revenue
[32m(release)[0m> from
[32m(release)[0m> 	lineitem,
[32m(release)[0m> 	part
[32m(release)[0m> where
[32m(release)[0m> 	l_partkey = p_partkey
[32m(release)[0m> 	and l_shipdate >= date '1995-09-01'
[32m(release)[0m> 	and l_shipdate < date '1995-09-01' + interval '1' month;
VmRSS Change: 18446744073708728456 KB
===
1 rows total
Execution info: [PARSE: 60 µs 690 ns, SQL TRANSLATE: 185 µs 58 ns, OPTIMIZE: 3 ms 245 µs, LQP TRANSLATE: 111 µs 279 ns, EXECUTE: 821 ms 661 µs (wall time) | QUERY PLAN CACHE HITS: 0/1 statement(s)]
After reset, table use_count: 2
WARNING: Table still has 1 other owner(s) after pipeline reset!
Executing script file done
$:hsh clear_plan_caches
Cleared PQP and LQP caches
$:hsh clear_pipeline
Released last SQLPipeline
$:hsh reset_exec_pools
Reset execution pools (2, 3) bump pointers to start
$:hsh mem_usage
------------------------------------------
Memory Usage Statistics:
VmSize:	226370504 kB
VmRSS:	70722352 kB
1: MemResourceStatus {MigratedColumnsAggregate,18446744073709551615,63541608448,52888587462,0,0,1,N/A}
MemResourceStatus {DefaultResource,18446744073709551615,18446744073709551615,18446744051564866420,18446744073709105478,0,-1,N/A}
Quick Memory Usage Overview:
Used Capacity: 0, 52888587462
------------------------------------------
Executing script file: /home/umeshsum/tpch_queries/14.sql
[32m(release)[0m> select
[32m(release)[0m> 	100.00 * sum(case
[32m(release)[0m> 		when p_type like 'PROMO%'
[32m(release)[0m> 			then l_extendedprice * (1 - l_discount)
[32m(release)[0m> 		else 0
[32m(release)[0m> 	end) / sum(l_extendedprice * (1 - l_discount)) as promo_revenue
[32m(release)[0m> from
[32m(release)[0m> 	lineitem,
[32m(release)[0m> 	part
[32m(release)[0m> where
[32m(release)[0m> 	l_partkey = p_partkey
[32m(release)[0m> 	and l_shipdate >= date '1995-09-01'
[32m(release)[0m> 	and l_shipdate < date '1995-09-01' + interval '1' month;
VmRSS Change: 18446744073709171232 KB
===
1 rows total
Execution info: [PARSE: 60 µs 480 ns, SQL TRANSLATE: 183 µs 778 ns, OPTIMIZE: 3 ms 292 µs, LQP TRANSLATE: 115 µs 449 ns, EXECUTE: 836 ms 703 µs (wall time) | QUERY PLAN CACHE HITS: 0/1 statement(s)]
After reset, table use_count: 2
WARNING: Table still has 1 other owner(s) after pipeline reset!
Executing script file done
$:hsh clear_plan_caches
Cleared PQP and LQP caches
$:hsh clear_pipeline
Released last SQLPipeline
$:hsh reset_exec_pools
Reset execution pools (2, 3) bump pointers to start
$:hsh mem_usage
------------------------------------------
Memory Usage Statistics:
VmSize:	226370504 kB
VmRSS:	70341968 kB
1: MemResourceStatus {MigratedColumnsAggregate,18446744073709551615,63541608448,52888587462,0,0,1,N/A}
MemResourceStatus {DefaultResource,18446744073709551615,18446744073709551615,18446744051491937776,18446744073709105478,0,-1,N/A}
Quick Memory Usage Overview:
Used Capacity: 0, 52888587462
------------------------------------------
Executing script file: /home/umeshsum/tpch_queries/14.sql
[32m(release)[0m> select
[32m(release)[0m> 	100.00 * sum(case
[32m(release)[0m> 		when p_type like 'PROMO%'
[32m(release)[0m> 			then l_extendedprice * (1 - l_discount)
[32m(release)[0m> 		else 0
[32m(release)[0m> 	end) / sum(l_extendedprice * (1 - l_discount)) as promo_revenue
[32m(release)[0m> from
[32m(release)[0m> 	lineitem,
[32m(release)[0m> 	part
[32m(release)[0m> where
[32m(release)[0m> 	l_partkey = p_partkey
[32m(release)[0m> 	and l_shipdate >= date '1995-09-01'
[32m(release)[0m> 	and l_shipdate < date '1995-09-01' + interval '1' month;
VmRSS Change: 18446744073709420440 KB
===
1 rows total
Execution info: [PARSE: 34 µs 689 ns, SQL TRANSLATE: 151 µs 529 ns, OPTIMIZE: 2 ms 145 µs, LQP TRANSLATE: 51 µs 890 ns, EXECUTE: 831 ms 508 µs (wall time) | QUERY PLAN CACHE HITS: 0/1 statement(s)]
After reset, table use_count: 2
WARNING: Table still has 1 other owner(s) after pipeline reset!
Executing script file done
$:hsh clear_plan_caches
Cleared PQP and LQP caches
$:hsh clear_pipeline
Released last SQLPipeline
$:hsh reset_exec_pools
Reset execution pools (2, 3) bump pointers to start
$:hsh mem_usage
------------------------------------------
Memory Usage Statistics:
VmSize:	226370504 kB
VmRSS:	70210780 kB
1: MemResourceStatus {MigratedColumnsAggregate,18446744073709551615,63541608448,52888587462,0,0,1,N/A}
MemResourceStatus {DefaultResource,18446744073709551615,18446744073709551615,18446744051465423331,18446744073709105478,0,-1,N/A}
Quick Memory Usage Overview:
Used Capacity: 0, 52888587462
------------------------------------------
Executing script file: /home/umeshsum/tpch_queries/14.sql
[32m(release)[0m> select
[32m(release)[0m> 	100.00 * sum(case
[32m(release)[0m> 		when p_type like 'PROMO%'
[32m(release)[0m> 			then l_extendedprice * (1 - l_discount)
[32m(release)[0m> 		else 0
[32m(release)[0m> 	end) / sum(l_extendedprice * (1 - l_discount)) as promo_revenue
[32m(release)[0m> from
[32m(release)[0m> 	lineitem,
[32m(release)[0m> 	part
[32m(release)[0m> where
[32m(release)[0m> 	l_partkey = p_partkey
[32m(release)[0m> 	and l_shipdate >= date '1995-09-01'
[32m(release)[0m> 	and l_shipdate < date '1995-09-01' + interval '1' month;
VmRSS Change: 18446744073709095944 KB
===
1 rows total
Execution info: [PARSE: 34 µs 659 ns, SQL TRANSLATE: 97 µs 469 ns, OPTIMIZE: 2 ms 110 µs, LQP TRANSLATE: 49 µs 639 ns, EXECUTE: 819 ms 897 µs (wall time) | QUERY PLAN CACHE HITS: 0/1 statement(s)]
After reset, table use_count: 2
WARNING: Table still has 1 other owner(s) after pipeline reset!
Executing script file done
$:hsh clear_plan_caches
Cleared PQP and LQP caches
$:hsh clear_pipeline
Released last SQLPipeline
$:hsh reset_exec_pools
Reset execution pools (2, 3) bump pointers to start
$:hsh mem_usage
------------------------------------------
Memory Usage Statistics:
VmSize:	226370504 kB
VmRSS:	69755112 kB
1: MemResourceStatus {MigratedColumnsAggregate,18446744073709551615,63541608448,52888587462,0,0,1,N/A}
MemResourceStatus {DefaultResource,18446744073709551615,18446744073709551615,18446744051422860519,18446744073709105478,0,-1,N/A}
Quick Memory Usage Overview:
Used Capacity: 0, 52888587462
------------------------------------------
Label set to d0_tf0_q16
$:hsh clear_plan_caches
Cleared PQP and LQP caches
$:hsh clear_pipeline
Released last SQLPipeline
$:hsh reset_exec_pools
Reset execution pools (2, 3) bump pointers to start
$:hsh mem_usage
------------------------------------------
Memory Usage Statistics:
VmSize:	226370504 kB
VmRSS:	69755112 kB
1: MemResourceStatus {MigratedColumnsAggregate,18446744073709551615,63541608448,52888587462,0,0,1,N/A}
MemResourceStatus {DefaultResource,18446744073709551615,18446744073709551615,18446744051422860519,18446744073709105478,0,-1,N/A}
Quick Memory Usage Overview:
Used Capacity: 0, 52888587462
------------------------------------------
Executing script file: /home/umeshsum/tpch_queries/16.sql
[32m(release)[0m> select
[32m(release)[0m> 	p_brand,
[32m(release)[0m> 	p_type,
[32m(release)[0m> 	p_size,
[32m(release)[0m> 	count(distinct ps_suppkey) as supplier_cnt
[32m(release)[0m> from
[32m(release)[0m> 	partsupp,
[32m(release)[0m> 	part
[32m(release)[0m> where
[32m(release)[0m> 	p_partkey = ps_partkey
[32m(release)[0m> 	and p_brand <> 'Brand#45'
[32m(release)[0m> 	and p_type not like 'MEDIUM POLISHED%'
[32m(release)[0m> 	and p_size in (49, 14, 23, 45, 19, 3, 36, 9)
[32m(release)[0m> 	and ps_suppkey not in (
[32m(release)[0m> 		select
[32m(release)[0m> 			s_suppkey
[32m(release)[0m> 		from
[32m(release)[0m> 			supplier
[32m(release)[0m> 		where
[32m(release)[0m> 			s_comment like '%Customer%Complaints%'
[32m(release)[0m> 	)
[32m(release)[0m> group by
[32m(release)[0m> 	p_brand,
[32m(release)[0m> 	p_type,
[32m(release)[0m> 	p_size
[32m(release)[0m> order by
[32m(release)[0m> 	supplier_cnt desc,
[32m(release)[0m> 	p_brand,
[32m(release)[0m> 	p_type,
[32m(release)[0m> 	p_size;
VmRSS Change: 805856 KB
===
27840 rows total
Execution info: [PARSE: 39 µs 249 ns, SQL TRANSLATE: 100 µs 969 ns, OPTIMIZE: 1 ms 362 µs, LQP TRANSLATE: 157 µs 648 ns, EXECUTE: 2 s 425 ms (wall time) | QUERY PLAN CACHE HITS: 0/1 statement(s)]
After reset, table use_count: 2
WARNING: Table still has 1 other owner(s) after pipeline reset!
Executing script file done
$:hsh clear_plan_caches
Cleared PQP and LQP caches
$:hsh clear_pipeline
Released last SQLPipeline
$:hsh reset_exec_pools
Reset execution pools (2, 3) bump pointers to start
$:hsh mem_usage
------------------------------------------
Memory Usage Statistics:
VmSize:	226370504 kB
VmRSS:	70560972 kB
1: MemResourceStatus {MigratedColumnsAggregate,18446744073709551615,63541608448,52888587462,0,0,1,N/A}
MemResourceStatus {DefaultResource,18446744073709551615,18446744073709551615,18446744051172791635,18446744073709105478,0,-1,N/A}
Quick Memory Usage Overview:
Used Capacity: 0, 52888587462
------------------------------------------
Executing script file: /home/umeshsum/tpch_queries/16.sql
[32m(release)[0m> select
[32m(release)[0m> 	p_brand,
[32m(release)[0m> 	p_type,
[32m(release)[0m> 	p_size,
[32m(release)[0m> 	count(distinct ps_suppkey) as supplier_cnt
[32m(release)[0m> from
[32m(release)[0m> 	partsupp,
[32m(release)[0m> 	part
[32m(release)[0m> where
[32m(release)[0m> 	p_partkey = ps_partkey
[32m(release)[0m> 	and p_brand <> 'Brand#45'
[32m(release)[0m> 	and p_type not like 'MEDIUM POLISHED%'
[32m(release)[0m> 	and p_size in (49, 14, 23, 45, 19, 3, 36, 9)
[32m(release)[0m> 	and ps_suppkey not in (
[32m(release)[0m> 		select
[32m(release)[0m> 			s_suppkey
[32m(release)[0m> 		from
[32m(release)[0m> 			supplier
[32m(release)[0m> 		where
[32m(release)[0m> 			s_comment like '%Customer%Complaints%'
[32m(release)[0m> 	)
[32m(release)[0m> group by
[32m(release)[0m> 	p_brand,
[32m(release)[0m> 	p_type,
[32m(release)[0m> 	p_size
[32m(release)[0m> order by
[32m(release)[0m> 	supplier_cnt desc,
[32m(release)[0m> 	p_brand,
[32m(release)[0m> 	p_type,
[32m(release)[0m> 	p_size;
VmRSS Change: 552888 KB
===
27840 rows total
Execution info: [PARSE: 66 µs 340 ns, SQL TRANSLATE: 152 µs 108 ns, OPTIMIZE: 3 ms 28 µs, LQP TRANSLATE: 374 µs 326 ns, EXECUTE: 2 s 531 ms (wall time) | QUERY PLAN CACHE HITS: 0/1 statement(s)]
After reset, table use_count: 2
WARNING: Table still has 1 other owner(s) after pipeline reset!
Executing script file done
$:hsh clear_plan_caches
Cleared PQP and LQP caches
$:hsh clear_pipeline
Released last SQLPipeline
$:hsh reset_exec_pools
Reset execution pools (2, 3) bump pointers to start
$:hsh mem_usage
------------------------------------------
Memory Usage Statistics:
VmSize:	226370504 kB
VmRSS:	71113860 kB
1: MemResourceStatus {MigratedColumnsAggregate,18446744073709551615,63541608448,52888587462,0,0,1,N/A}
MemResourceStatus {DefaultResource,18446744073709551615,18446744073709551615,18446744051073777819,18446744073709105478,0,-1,N/A}
Quick Memory Usage Overview:
Used Capacity: 0, 52888587462
------------------------------------------
Executing script file: /home/umeshsum/tpch_queries/16.sql
[32m(release)[0m> select
[32m(release)[0m> 	p_brand,
[32m(release)[0m> 	p_type,
[32m(release)[0m> 	p_size,
[32m(release)[0m> 	count(distinct ps_suppkey) as supplier_cnt
[32m(release)[0m> from
[32m(release)[0m> 	partsupp,
[32m(release)[0m> 	part
[32m(release)[0m> where
[32m(release)[0m> 	p_partkey = ps_partkey
[32m(release)[0m> 	and p_brand <> 'Brand#45'
[32m(release)[0m> 	and p_type not like 'MEDIUM POLISHED%'
[32m(release)[0m> 	and p_size in (49, 14, 23, 45, 19, 3, 36, 9)
[32m(release)[0m> 	and ps_suppkey not in (
[32m(release)[0m> 		select
[32m(release)[0m> 			s_suppkey
[32m(release)[0m> 		from
[32m(release)[0m> 			supplier
[32m(release)[0m> 		where
[32m(release)[0m> 			s_comment like '%Customer%Complaints%'
[32m(release)[0m> 	)
[32m(release)[0m> group by
[32m(release)[0m> 	p_brand,
[32m(release)[0m> 	p_type,
[32m(release)[0m> 	p_size
[32m(release)[0m> order by
[32m(release)[0m> 	supplier_cnt desc,
[32m(release)[0m> 	p_brand,
[32m(release)[0m> 	p_type,
[32m(release)[0m> 	p_size;
VmRSS Change: 372616 KB
===
27840 rows total
Execution info: [PARSE: 116 µs 619 ns, SQL TRANSLATE: 155 µs 649 ns, OPTIMIZE: 3 ms 141 µs, LQP TRANSLATE: 374 µs 756 ns, EXECUTE: 2 s 484 ms (wall time) | QUERY PLAN CACHE HITS: 0/1 statement(s)]
After reset, table use_count: 2
WARNING: Table still has 1 other owner(s) after pipeline reset!
Executing script file done
$:hsh clear_plan_caches
Cleared PQP and LQP caches
$:hsh clear_pipeline
Released last SQLPipeline
$:hsh reset_exec_pools
Reset execution pools (2, 3) bump pointers to start
$:hsh mem_usage
------------------------------------------
Memory Usage Statistics:
VmSize:	226370504 kB
VmRSS:	71447924 kB
1: MemResourceStatus {MigratedColumnsAggregate,18446744073709551615,63541608448,52888587462,0,0,1,N/A}
MemResourceStatus {DefaultResource,18446744073709551615,18446744073709551615,18446744051021601335,18446744073709105478,0,-1,N/A}
Quick Memory Usage Overview:
Used Capacity: 0, 52888587462
------------------------------------------
Executing script file: /home/umeshsum/tpch_queries/16.sql
[32m(release)[0m> select
[32m(release)[0m> 	p_brand,
[32m(release)[0m> 	p_type,
[32m(release)[0m> 	p_size,
[32m(release)[0m> 	count(distinct ps_suppkey) as supplier_cnt
[32m(release)[0m> from
[32m(release)[0m> 	partsupp,
[32m(release)[0m> 	part
[32m(release)[0m> where
[32m(release)[0m> 	p_partkey = ps_partkey
[32m(release)[0m> 	and p_brand <> 'Brand#45'
[32m(release)[0m> 	and p_type not like 'MEDIUM POLISHED%'
[32m(release)[0m> 	and p_size in (49, 14, 23, 45, 19, 3, 36, 9)
[32m(release)[0m> 	and ps_suppkey not in (
[32m(release)[0m> 		select
[32m(release)[0m> 			s_suppkey
[32m(release)[0m> 		from
[32m(release)[0m> 			supplier
[32m(release)[0m> 		where
[32m(release)[0m> 			s_comment like '%Customer%Complaints%'
[32m(release)[0m> 	)
[32m(release)[0m> group by
[32m(release)[0m> 	p_brand,
[32m(release)[0m> 	p_type,
[32m(release)[0m> 	p_size
[32m(release)[0m> order by
[32m(release)[0m> 	supplier_cnt desc,
[32m(release)[0m> 	p_brand,
[32m(release)[0m> 	p_type,
[32m(release)[0m> 	p_size;
VmRSS Change: 245796 KB
===
27840 rows total
Execution info: [PARSE: 66 µs 959 ns, SQL TRANSLATE: 155 µs 589 ns, OPTIMIZE: 3 ms 108 µs, LQP TRANSLATE: 375 µs 827 ns, EXECUTE: 2 s 497 ms (wall time) | QUERY PLAN CACHE HITS: 0/1 statement(s)]
After reset, table use_count: 2
WARNING: Table still has 1 other owner(s) after pipeline reset!
Executing script file done
$:hsh clear_plan_caches
Cleared PQP and LQP caches
$:hsh clear_pipeline
Released last SQLPipeline
$:hsh reset_exec_pools
Reset execution pools (2, 3) bump pointers to start
$:hsh mem_usage
------------------------------------------
Memory Usage Statistics:
VmSize:	226370504 kB
VmRSS:	71693720 kB
1: MemResourceStatus {MigratedColumnsAggregate,18446744073709551615,63541608448,52888587462,0,0,1,N/A}
MemResourceStatus {DefaultResource,18446744073709551615,18446744073709551615,18446744050967079815,18446744073709105478,0,-1,N/A}
Quick Memory Usage Overview:
Used Capacity: 0, 52888587462
------------------------------------------
Executing script file: /home/umeshsum/tpch_queries/16.sql
[32m(release)[0m> select
[32m(release)[0m> 	p_brand,
[32m(release)[0m> 	p_type,
[32m(release)[0m> 	p_size,
[32m(release)[0m> 	count(distinct ps_suppkey) as supplier_cnt
[32m(release)[0m> from
[32m(release)[0m> 	partsupp,
[32m(release)[0m> 	part
[32m(release)[0m> where
[32m(release)[0m> 	p_partkey = ps_partkey
[32m(release)[0m> 	and p_brand <> 'Brand#45'
[32m(release)[0m> 	and p_type not like 'MEDIUM POLISHED%'
[32m(release)[0m> 	and p_size in (49, 14, 23, 45, 19, 3, 36, 9)
[32m(release)[0m> 	and ps_suppkey not in (
[32m(release)[0m> 		select
[32m(release)[0m> 			s_suppkey
[32m(release)[0m> 		from
[32m(release)[0m> 			supplier
[32m(release)[0m> 		where
[32m(release)[0m> 			s_comment like '%Customer%Complaints%'
[32m(release)[0m> 	)
[32m(release)[0m> group by
[32m(release)[0m> 	p_brand,
[32m(release)[0m> 	p_type,
[32m(release)[0m> 	p_size
[32m(release)[0m> order by
[32m(release)[0m> 	supplier_cnt desc,
[32m(release)[0m> 	p_brand,
[32m(release)[0m> 	p_type,
[32m(release)[0m> 	p_size;
VmRSS Change: 18446744073709296040 KB
===
27840 rows total
Execution info: [PARSE: 123 µs 269 ns, SQL TRANSLATE: 188 µs 208 ns, OPTIMIZE: 3 ms 107 µs, LQP TRANSLATE: 374 µs 576 ns, EXECUTE: 2 s 414 ms (wall time) | QUERY PLAN CACHE HITS: 0/1 statement(s)]
After reset, table use_count: 2
WARNING: Table still has 1 other owner(s) after pipeline reset!
Executing script file done
$:hsh clear_plan_caches
Cleared PQP and LQP caches
$:hsh clear_pipeline
Released last SQLPipeline
$:hsh reset_exec_pools
Reset execution pools (2, 3) bump pointers to start
$:hsh mem_usage
------------------------------------------
Memory Usage Statistics:
VmSize:	226370504 kB
VmRSS:	71438144 kB
1: MemResourceStatus {MigratedColumnsAggregate,18446744073709551615,63541608448,52888587462,0,0,1,N/A}
MemResourceStatus {DefaultResource,18446744073709551615,18446744073709551615,18446744050858111459,18446744073709105478,0,-1,N/A}
Quick Memory Usage Overview:
Used Capacity: 0, 52888587462
------------------------------------------
Executing script file: /home/umeshsum/tpch_queries/16.sql
[32m(release)[0m> select
[32m(release)[0m> 	p_brand,
[32m(release)[0m> 	p_type,
[32m(release)[0m> 	p_size,
[32m(release)[0m> 	count(distinct ps_suppkey) as supplier_cnt
[32m(release)[0m> from
[32m(release)[0m> 	partsupp,
[32m(release)[0m> 	part
[32m(release)[0m> where
[32m(release)[0m> 	p_partkey = ps_partkey
[32m(release)[0m> 	and p_brand <> 'Brand#45'
[32m(release)[0m> 	and p_type not like 'MEDIUM POLISHED%'
[32m(release)[0m> 	and p_size in (49, 14, 23, 45, 19, 3, 36, 9)
[32m(release)[0m> 	and ps_suppkey not in (
[32m(release)[0m> 		select
[32m(release)[0m> 			s_suppkey
[32m(release)[0m> 		from
[32m(release)[0m> 			supplier
[32m(release)[0m> 		where
[32m(release)[0m> 			s_comment like '%Customer%Complaints%'
[32m(release)[0m> 	)
[32m(release)[0m> group by
[32m(release)[0m> 	p_brand,
[32m(release)[0m> 	p_type,
[32m(release)[0m> 	p_size
[32m(release)[0m> order by
[32m(release)[0m> 	supplier_cnt desc,
[32m(release)[0m> 	p_brand,
[32m(release)[0m> 	p_type,
[32m(release)[0m> 	p_size;
VmRSS Change: 18446744073709237220 KB
===
27840 rows total
Execution info: [PARSE: 67 µs 779 ns, SQL TRANSLATE: 163 µs 599 ns, OPTIMIZE: 3 ms 87 µs, LQP TRANSLATE: 379 µs 486 ns, EXECUTE: 2 s 515 ms (wall time) | QUERY PLAN CACHE HITS: 0/1 statement(s)]
After reset, table use_count: 2
WARNING: Table still has 1 other owner(s) after pipeline reset!
Executing script file done
$:hsh clear_plan_caches
Cleared PQP and LQP caches
$:hsh clear_pipeline
Released last SQLPipeline
$:hsh reset_exec_pools
Reset execution pools (2, 3) bump pointers to start
$:hsh mem_usage
------------------------------------------
Memory Usage Statistics:
VmSize:	226370504 kB
VmRSS:	71123748 kB
1: MemResourceStatus {MigratedColumnsAggregate,18446744073709551615,63541608448,52888587462,0,0,1,N/A}
MemResourceStatus {DefaultResource,18446744073709551615,18446744073709551615,18446744050608176211,18446744073709105478,0,-1,N/A}
Quick Memory Usage Overview:
Used Capacity: 0, 52888587462
------------------------------------------
Executing script file: /home/umeshsum/tpch_queries/16.sql
[32m(release)[0m> select
[32m(release)[0m> 	p_brand,
[32m(release)[0m> 	p_type,
[32m(release)[0m> 	p_size,
[32m(release)[0m> 	count(distinct ps_suppkey) as supplier_cnt
[32m(release)[0m> from
[32m(release)[0m> 	partsupp,
[32m(release)[0m> 	part
[32m(release)[0m> where
[32m(release)[0m> 	p_partkey = ps_partkey
[32m(release)[0m> 	and p_brand <> 'Brand#45'
[32m(release)[0m> 	and p_type not like 'MEDIUM POLISHED%'
[32m(release)[0m> 	and p_size in (49, 14, 23, 45, 19, 3, 36, 9)
[32m(release)[0m> 	and ps_suppkey not in (
[32m(release)[0m> 		select
[32m(release)[0m> 			s_suppkey
[32m(release)[0m> 		from
[32m(release)[0m> 			supplier
[32m(release)[0m> 		where
[32m(release)[0m> 			s_comment like '%Customer%Complaints%'
[32m(release)[0m> 	)
[32m(release)[0m> group by
[32m(release)[0m> 	p_brand,
[32m(release)[0m> 	p_type,
[32m(release)[0m> 	p_size
[32m(release)[0m> order by
[32m(release)[0m> 	supplier_cnt desc,
[32m(release)[0m> 	p_brand,
[32m(release)[0m> 	p_type,
[32m(release)[0m> 	p_size;
VmRSS Change: 18446744073709471776 KB
===
27840 rows total
Execution info: [PARSE: 67 µs 249 ns, SQL TRANSLATE: 158 µs 288 ns, OPTIMIZE: 3 ms 25 µs, LQP TRANSLATE: 390 µs 576 ns, EXECUTE: 2 s 504 ms (wall time) | QUERY PLAN CACHE HITS: 0/1 statement(s)]
After reset, table use_count: 2
WARNING: Table still has 1 other owner(s) after pipeline reset!
Executing script file done
$:hsh clear_plan_caches
Cleared PQP and LQP caches
$:hsh clear_pipeline
Released last SQLPipeline
$:hsh reset_exec_pools
Reset execution pools (2, 3) bump pointers to start
$:hsh mem_usage
------------------------------------------
Memory Usage Statistics:
VmSize:	226370504 kB
VmRSS:	71043912 kB
1: MemResourceStatus {MigratedColumnsAggregate,18446744073709551615,63541608448,52888587462,0,0,1,N/A}
MemResourceStatus {DefaultResource,18446744073709551615,18446744073709551615,18446744050563817623,18446744073709105478,0,-1,N/A}
Quick Memory Usage Overview:
Used Capacity: 0, 52888587462
------------------------------------------
Executing script file: /home/umeshsum/tpch_queries/16.sql
[32m(release)[0m> select
[32m(release)[0m> 	p_brand,
[32m(release)[0m> 	p_type,
[32m(release)[0m> 	p_size,
[32m(release)[0m> 	count(distinct ps_suppkey) as supplier_cnt
[32m(release)[0m> from
[32m(release)[0m> 	partsupp,
[32m(release)[0m> 	part
[32m(release)[0m> where
[32m(release)[0m> 	p_partkey = ps_partkey
[32m(release)[0m> 	and p_brand <> 'Brand#45'
[32m(release)[0m> 	and p_type not like 'MEDIUM POLISHED%'
[32m(release)[0m> 	and p_size in (49, 14, 23, 45, 19, 3, 36, 9)
[32m(release)[0m> 	and ps_suppkey not in (
[32m(release)[0m> 		select
[32m(release)[0m> 			s_suppkey
[32m(release)[0m> 		from
[32m(release)[0m> 			supplier
[32m(release)[0m> 		where
[32m(release)[0m> 			s_comment like '%Customer%Complaints%'
[32m(release)[0m> 	)
[32m(release)[0m> group by
[32m(release)[0m> 	p_brand,
[32m(release)[0m> 	p_type,
[32m(release)[0m> 	p_size
[32m(release)[0m> order by
[32m(release)[0m> 	supplier_cnt desc,
[32m(release)[0m> 	p_brand,
[32m(release)[0m> 	p_type,
[32m(release)[0m> 	p_size;
VmRSS Change: 528512 KB
===
27840 rows total
Execution info: [PARSE: 71 µs 989 ns, SQL TRANSLATE: 163 µs 958 ns, OPTIMIZE: 3 ms 55 µs, LQP TRANSLATE: 385 µs 296 ns, EXECUTE: 2 s 475 ms (wall time) | QUERY PLAN CACHE HITS: 0/1 statement(s)]
After reset, table use_count: 2
WARNING: Table still has 1 other owner(s) after pipeline reset!
Executing script file done
$:hsh clear_plan_caches
Cleared PQP and LQP caches
$:hsh clear_pipeline
Released last SQLPipeline
$:hsh reset_exec_pools
Reset execution pools (2, 3) bump pointers to start
$:hsh mem_usage
------------------------------------------
Memory Usage Statistics:
VmSize:	226370504 kB
VmRSS:	71445900 kB
1: MemResourceStatus {MigratedColumnsAggregate,18446744073709551615,63541608448,52888587462,0,0,1,N/A}
MemResourceStatus {DefaultResource,18446744073709551615,18446744073709551615,18446744050425583323,18446744073709105478,0,-1,N/A}
Quick Memory Usage Overview:
Used Capacity: 0, 52888587462
------------------------------------------
Executing script file: /home/umeshsum/tpch_queries/16.sql
[32m(release)[0m> select
[32m(release)[0m> 	p_brand,
[32m(release)[0m> 	p_type,
[32m(release)[0m> 	p_size,
[32m(release)[0m> 	count(distinct ps_suppkey) as supplier_cnt
[32m(release)[0m> from
[32m(release)[0m> 	partsupp,
[32m(release)[0m> 	part
[32m(release)[0m> where
[32m(release)[0m> 	p_partkey = ps_partkey
[32m(release)[0m> 	and p_brand <> 'Brand#45'
[32m(release)[0m> 	and p_type not like 'MEDIUM POLISHED%'
[32m(release)[0m> 	and p_size in (49, 14, 23, 45, 19, 3, 36, 9)
[32m(release)[0m> 	and ps_suppkey not in (
[32m(release)[0m> 		select
[32m(release)[0m> 			s_suppkey
[32m(release)[0m> 		from
[32m(release)[0m> 			supplier
[32m(release)[0m> 		where
[32m(release)[0m> 			s_comment like '%Customer%Complaints%'
[32m(release)[0m> 	)
[32m(release)[0m> group by
[32m(release)[0m> 	p_brand,
[32m(release)[0m> 	p_type,
[32m(release)[0m> 	p_size
[32m(release)[0m> order by
[32m(release)[0m> 	supplier_cnt desc,
[32m(release)[0m> 	p_brand,
[32m(release)[0m> 	p_type,
[32m(release)[0m> 	p_size;
VmRSS Change: 18446744073709290632 KB
===
27840 rows total
Execution info: [PARSE: 68 µs 369 ns, SQL TRANSLATE: 161 µs 229 ns, OPTIMIZE: 3 ms 77 µs, LQP TRANSLATE: 388 µs 136 ns, EXECUTE: 2 s 542 ms (wall time) | QUERY PLAN CACHE HITS: 0/1 statement(s)]
After reset, table use_count: 2
WARNING: Table still has 1 other owner(s) after pipeline reset!
Executing script file done
$:hsh clear_plan_caches
Cleared PQP and LQP caches
$:hsh clear_pipeline
Released last SQLPipeline
$:hsh reset_exec_pools
Reset execution pools (2, 3) bump pointers to start
$:hsh mem_usage
------------------------------------------
Memory Usage Statistics:
VmSize:	226370504 kB
VmRSS:	71184912 kB
1: MemResourceStatus {MigratedColumnsAggregate,18446744073709551615,63541608448,52888587462,0,0,1,N/A}
MemResourceStatus {DefaultResource,18446744073709551615,18446744073709551615,18446744050239718591,18446744073709105478,0,-1,N/A}
Quick Memory Usage Overview:
Used Capacity: 0, 52888587462
------------------------------------------
Executing script file: /home/umeshsum/tpch_queries/16.sql
[32m(release)[0m> select
[32m(release)[0m> 	p_brand,
[32m(release)[0m> 	p_type,
[32m(release)[0m> 	p_size,
[32m(release)[0m> 	count(distinct ps_suppkey) as supplier_cnt
[32m(release)[0m> from
[32m(release)[0m> 	partsupp,
[32m(release)[0m> 	part
[32m(release)[0m> where
[32m(release)[0m> 	p_partkey = ps_partkey
[32m(release)[0m> 	and p_brand <> 'Brand#45'
[32m(release)[0m> 	and p_type not like 'MEDIUM POLISHED%'
[32m(release)[0m> 	and p_size in (49, 14, 23, 45, 19, 3, 36, 9)
[32m(release)[0m> 	and ps_suppkey not in (
[32m(release)[0m> 		select
[32m(release)[0m> 			s_suppkey
[32m(release)[0m> 		from
[32m(release)[0m> 			supplier
[32m(release)[0m> 		where
[32m(release)[0m> 			s_comment like '%Customer%Complaints%'
[32m(release)[0m> 	)
[32m(release)[0m> group by
[32m(release)[0m> 	p_brand,
[32m(release)[0m> 	p_type,
[32m(release)[0m> 	p_size
[32m(release)[0m> order by
[32m(release)[0m> 	supplier_cnt desc,
[32m(release)[0m> 	p_brand,
[32m(release)[0m> 	p_type,
[32m(release)[0m> 	p_size;
VmRSS Change: 18446744073709512372 KB
===
27840 rows total
Execution info: [PARSE: 65 µs 760 ns, SQL TRANSLATE: 225 µs 307 ns, OPTIMIZE: 3 ms 50 µs, LQP TRANSLATE: 371 µs 876 ns, EXECUTE: 2 s 589 ms (wall time) | QUERY PLAN CACHE HITS: 0/1 statement(s)]
After reset, table use_count: 2
WARNING: Table still has 1 other owner(s) after pipeline reset!
Executing script file done
$:hsh clear_plan_caches
Cleared PQP and LQP caches
$:hsh clear_pipeline
Released last SQLPipeline
$:hsh reset_exec_pools
Reset execution pools (2, 3) bump pointers to start
$:hsh mem_usage
------------------------------------------
Memory Usage Statistics:
VmSize:	226370504 kB
VmRSS:	71145664 kB
1: MemResourceStatus {MigratedColumnsAggregate,18446744073709551615,63541608448,52888587462,0,0,1,N/A}
MemResourceStatus {DefaultResource,18446744073709551615,18446744073709551615,18446744050158795043,18446744073709105478,0,-1,N/A}
Quick Memory Usage Overview:
Used Capacity: 0, 52888587462
------------------------------------------
Label set to d0_tf0_q17
$:hsh clear_plan_caches
Cleared PQP and LQP caches
$:hsh clear_pipeline
Released last SQLPipeline
$:hsh reset_exec_pools
Reset execution pools (2, 3) bump pointers to start
$:hsh mem_usage
------------------------------------------
Memory Usage Statistics:
VmSize:	226370504 kB
VmRSS:	71145664 kB
1: MemResourceStatus {MigratedColumnsAggregate,18446744073709551615,63541608448,52888587462,0,0,1,N/A}
MemResourceStatus {DefaultResource,18446744073709551615,18446744073709551615,18446744050158795043,18446744073709105478,0,-1,N/A}
Quick Memory Usage Overview:
Used Capacity: 0, 52888587462
------------------------------------------
Executing script file: /home/umeshsum/tpch_queries/17.sql
[32m(release)[0m> select
[32m(release)[0m> 	sum(l_extendedprice) / 7.0 as avg_yearly
[32m(release)[0m> from
[32m(release)[0m> 	lineitem,
[32m(release)[0m> 	part
[32m(release)[0m> where
[32m(release)[0m> 	p_partkey = l_partkey
[32m(release)[0m> 	and p_brand = 'Brand#23'
[32m(release)[0m> 	and p_container = 'MED BOX'
[32m(release)[0m> 	and l_quantity < (
[32m(release)[0m> 		select
[32m(release)[0m> 			0.2 * avg(l_quantity)
[32m(release)[0m> 		from
[32m(release)[0m> 			lineitem
[32m(release)[0m> 		where
[32m(release)[0m> 			l_partkey = p_partkey
[32m(release)[0m> 	);
VmRSS Change: 18446744073709298900 KB
===
1 rows total
Execution info: [PARSE: 45 µs 939 ns, SQL TRANSLATE: 237 µs 8 ns, OPTIMIZE: 3 ms 304 µs, LQP TRANSLATE: 141 µs 128 ns, EXECUTE: 451 ms 285 µs (wall time) | QUERY PLAN CACHE HITS: 0/1 statement(s)]
After reset, table use_count: 2
WARNING: Table still has 1 other owner(s) after pipeline reset!
Executing script file done
$:hsh clear_plan_caches
Cleared PQP and LQP caches
$:hsh clear_pipeline
Released last SQLPipeline
$:hsh reset_exec_pools
Reset execution pools (2, 3) bump pointers to start
$:hsh mem_usage
------------------------------------------
Memory Usage Statistics:
VmSize:	226894792 kB
VmRSS:	70892952 kB
1: MemResourceStatus {MigratedColumnsAggregate,18446744073709551615,63541608448,52888587462,0,0,1,N/A}
MemResourceStatus {DefaultResource,18446744073709551615,18446744073709551615,18446744050404379555,18446744073709105478,0,-1,N/A}
Quick Memory Usage Overview:
Used Capacity: 0, 52888587462
------------------------------------------
Executing script file: /home/umeshsum/tpch_queries/17.sql
[32m(release)[0m> select
[32m(release)[0m> 	sum(l_extendedprice) / 7.0 as avg_yearly
[32m(release)[0m> from
[32m(release)[0m> 	lineitem,
[32m(release)[0m> 	part
[32m(release)[0m> where
[32m(release)[0m> 	p_partkey = l_partkey
[32m(release)[0m> 	and p_brand = 'Brand#23'
[32m(release)[0m> 	and p_container = 'MED BOX'
[32m(release)[0m> 	and l_quantity < (
[32m(release)[0m> 		select
[32m(release)[0m> 			0.2 * avg(l_quantity)
[32m(release)[0m> 		from
[32m(release)[0m> 			lineitem
[32m(release)[0m> 		where
[32m(release)[0m> 			l_partkey = p_partkey
[32m(release)[0m> 	);
VmRSS Change: 31528 KB
===
1 rows total
Execution info: [PARSE: 43 µs 570 ns, SQL TRANSLATE: 186 µs 448 ns, OPTIMIZE: 3 ms 102 µs, LQP TRANSLATE: 154 µs 968 ns, EXECUTE: 406 ms 131 µs (wall time) | QUERY PLAN CACHE HITS: 0/1 statement(s)]
After reset, table use_count: 2
WARNING: Table still has 1 other owner(s) after pipeline reset!
Executing script file done
$:hsh clear_plan_caches
Cleared PQP and LQP caches
$:hsh clear_pipeline
Released last SQLPipeline
$:hsh reset_exec_pools
Reset execution pools (2, 3) bump pointers to start
$:hsh mem_usage
------------------------------------------
Memory Usage Statistics:
VmSize:	228926408 kB
VmRSS:	70924488 kB
1: MemResourceStatus {MigratedColumnsAggregate,18446744073709551615,63541608448,52888587462,0,0,1,N/A}
MemResourceStatus {DefaultResource,18446744073709551615,18446744073709551615,18446744050641010079,18446744073709105478,0,-1,N/A}
Quick Memory Usage Overview:
Used Capacity: 0, 52888587462
------------------------------------------
Executing script file: /home/umeshsum/tpch_queries/17.sql
[32m(release)[0m> select
[32m(release)[0m> 	sum(l_extendedprice) / 7.0 as avg_yearly
[32m(release)[0m> from
[32m(release)[0m> 	lineitem,
[32m(release)[0m> 	part
[32m(release)[0m> where
[32m(release)[0m> 	p_partkey = l_partkey
[32m(release)[0m> 	and p_brand = 'Brand#23'
[32m(release)[0m> 	and p_container = 'MED BOX'
[32m(release)[0m> 	and l_quantity < (
[32m(release)[0m> 		select
[32m(release)[0m> 			0.2 * avg(l_quantity)
[32m(release)[0m> 		from
[32m(release)[0m> 			lineitem
[32m(release)[0m> 		where
[32m(release)[0m> 			l_partkey = p_partkey
[32m(release)[0m> 	);
VmRSS Change: 18446744073709233896 KB
===
1 rows total
Execution info: [PARSE: 44 µs 659 ns, SQL TRANSLATE: 233 µs 198 ns, OPTIMIZE: 3 ms 52 µs, LQP TRANSLATE: 141 µs 469 ns, EXECUTE: 412 ms 960 µs (wall time) | QUERY PLAN CACHE HITS: 0/1 statement(s)]
After reset, table use_count: 2
WARNING: Table still has 1 other owner(s) after pipeline reset!
Executing script file done
$:hsh clear_plan_caches
Cleared PQP and LQP caches
$:hsh clear_pipeline
Released last SQLPipeline
$:hsh reset_exec_pools
Reset execution pools (2, 3) bump pointers to start
$:hsh mem_usage
------------------------------------------
Memory Usage Statistics:
VmSize:	228926408 kB
VmRSS:	70606768 kB
1: MemResourceStatus {MigratedColumnsAggregate,18446744073709551615,63541608448,52888587462,0,0,1,N/A}
MemResourceStatus {DefaultResource,18446744073709551615,18446744073709551615,18446744050873782987,18446744073709105478,0,-1,N/A}
Quick Memory Usage Overview:
Used Capacity: 0, 52888587462
------------------------------------------
Executing script file: /home/umeshsum/tpch_queries/17.sql
[32m(release)[0m> select
[32m(release)[0m> 	sum(l_extendedprice) / 7.0 as avg_yearly
[32m(release)[0m> from
[32m(release)[0m> 	lineitem,
[32m(release)[0m> 	part
[32m(release)[0m> where
[32m(release)[0m> 	p_partkey = l_partkey
[32m(release)[0m> 	and p_brand = 'Brand#23'
[32m(release)[0m> 	and p_container = 'MED BOX'
[32m(release)[0m> 	and l_quantity < (
[32m(release)[0m> 		select
[32m(release)[0m> 			0.2 * avg(l_quantity)
[32m(release)[0m> 		from
[32m(release)[0m> 			lineitem
[32m(release)[0m> 		where
[32m(release)[0m> 			l_partkey = p_partkey
[32m(release)[0m> 	);
VmRSS Change: 18446744073709375000 KB
===
1 rows total
Execution info: [PARSE: 44 µs 20 ns, SQL TRANSLATE: 190 µs 38 ns, OPTIMIZE: 3 ms 62 µs, LQP TRANSLATE: 140 µs 139 ns, EXECUTE: 416 ms 54 µs (wall time) | QUERY PLAN CACHE HITS: 0/1 statement(s)]
After reset, table use_count: 2
WARNING: Table still has 1 other owner(s) after pipeline reset!
Executing script file done
$:hsh clear_plan_caches
Cleared PQP and LQP caches
$:hsh clear_pipeline
Released last SQLPipeline
$:hsh reset_exec_pools
Reset execution pools (2, 3) bump pointers to start
$:hsh mem_usage
------------------------------------------
Memory Usage Statistics:
VmSize:	228926408 kB
VmRSS:	70430156 kB
1: MemResourceStatus {MigratedColumnsAggregate,18446744073709551615,63541608448,52888587462,0,0,1,N/A}
MemResourceStatus {DefaultResource,18446744073709551615,18446744073709551615,18446744051085558103,18446744073709105478,0,-1,N/A}
Quick Memory Usage Overview:
Used Capacity: 0, 52888587462
------------------------------------------
Executing script file: /home/umeshsum/tpch_queries/17.sql
[32m(release)[0m> select
[32m(release)[0m> 	sum(l_extendedprice) / 7.0 as avg_yearly
[32m(release)[0m> from
[32m(release)[0m> 	lineitem,
[32m(release)[0m> 	part
[32m(release)[0m> where
[32m(release)[0m> 	p_partkey = l_partkey
[32m(release)[0m> 	and p_brand = 'Brand#23'
[32m(release)[0m> 	and p_container = 'MED BOX'
[32m(release)[0m> 	and l_quantity < (
[32m(release)[0m> 		select
[32m(release)[0m> 			0.2 * avg(l_quantity)
[32m(release)[0m> 		from
[32m(release)[0m> 			lineitem
[32m(release)[0m> 		where
[32m(release)[0m> 			l_partkey = p_partkey
[32m(release)[0m> 	);
VmRSS Change: 18446744073709493596 KB
===
1 rows total
Execution info: [PARSE: 43 µs 570 ns, SQL TRANSLATE: 225 µs 498 ns, OPTIMIZE: 3 ms 78 µs, LQP TRANSLATE: 149 µs 508 ns, EXECUTE: 407 ms 852 µs (wall time) | QUERY PLAN CACHE HITS: 0/1 statement(s)]
After reset, table use_count: 2
WARNING: Table still has 1 other owner(s) after pipeline reset!
Executing script file done
$:hsh clear_plan_caches
Cleared PQP and LQP caches
$:hsh clear_pipeline
Released last SQLPipeline
$:hsh reset_exec_pools
Reset execution pools (2, 3) bump pointers to start
$:hsh mem_usage
------------------------------------------
Memory Usage Statistics:
VmSize:	228926408 kB
VmRSS:	70372136 kB
1: MemResourceStatus {MigratedColumnsAggregate,18446744073709551615,63541608448,52888587462,0,0,1,N/A}
MemResourceStatus {DefaultResource,18446744073709551615,18446744073709551615,18446744051321975315,18446744073709105478,0,-1,N/A}
Quick Memory Usage Overview:
Used Capacity: 0, 52888587462
------------------------------------------
Executing script file: /home/umeshsum/tpch_queries/17.sql
[32m(release)[0m> select
[32m(release)[0m> 	sum(l_extendedprice) / 7.0 as avg_yearly
[32m(release)[0m> from
[32m(release)[0m> 	lineitem,
[32m(release)[0m> 	part
[32m(release)[0m> where
[32m(release)[0m> 	p_partkey = l_partkey
[32m(release)[0m> 	and p_brand = 'Brand#23'
[32m(release)[0m> 	and p_container = 'MED BOX'
[32m(release)[0m> 	and l_quantity < (
[32m(release)[0m> 		select
[32m(release)[0m> 			0.2 * avg(l_quantity)
[32m(release)[0m> 		from
[32m(release)[0m> 			lineitem
[32m(release)[0m> 		where
[32m(release)[0m> 			l_partkey = p_partkey
[32m(release)[0m> 	);
VmRSS Change: 18446744073709482076 KB
===
1 rows total
Execution info: [PARSE: 44 µs 780 ns, SQL TRANSLATE: 188 µs 368 ns, OPTIMIZE: 3 ms 108 µs, LQP TRANSLATE: 140 µs 698 ns, EXECUTE: 402 ms 821 µs (wall time) | QUERY PLAN CACHE HITS: 0/1 statement(s)]
After reset, table use_count: 2
WARNING: Table still has 1 other owner(s) after pipeline reset!
Executing script file done
$:hsh clear_plan_caches
Cleared PQP and LQP caches
$:hsh clear_pipeline
Released last SQLPipeline
$:hsh reset_exec_pools
Reset execution pools (2, 3) bump pointers to start
$:hsh mem_usage
------------------------------------------
Memory Usage Statistics:
VmSize:	228926408 kB
VmRSS:	70302596 kB
1: MemResourceStatus {MigratedColumnsAggregate,18446744073709551615,63541608448,52888587462,0,0,1,N/A}
MemResourceStatus {DefaultResource,18446744073709551615,18446744073709551615,18446744051548278331,18446744073709105478,0,-1,N/A}
Quick Memory Usage Overview:
Used Capacity: 0, 52888587462
------------------------------------------
Executing script file: /home/umeshsum/tpch_queries/17.sql
[32m(release)[0m> select
[32m(release)[0m> 	sum(l_extendedprice) / 7.0 as avg_yearly
[32m(release)[0m> from
[32m(release)[0m> 	lineitem,
[32m(release)[0m> 	part
[32m(release)[0m> where
[32m(release)[0m> 	p_partkey = l_partkey
[32m(release)[0m> 	and p_brand = 'Brand#23'
[32m(release)[0m> 	and p_container = 'MED BOX'
[32m(release)[0m> 	and l_quantity < (
[32m(release)[0m> 		select
[32m(release)[0m> 			0.2 * avg(l_quantity)
[32m(release)[0m> 		from
[32m(release)[0m> 			lineitem
[32m(release)[0m> 		where
[32m(release)[0m> 			l_partkey = p_partkey
[32m(release)[0m> 	);
VmRSS Change: 14420 KB
===
1 rows total
Execution info: [PARSE: 44 µs 549 ns, SQL TRANSLATE: 222 µs 138 ns, OPTIMIZE: 3 ms 96 µs, LQP TRANSLATE: 141 µs 659 ns, EXECUTE: 400 ms 344 µs (wall time) | QUERY PLAN CACHE HITS: 0/1 statement(s)]
After reset, table use_count: 2
WARNING: Table still has 1 other owner(s) after pipeline reset!
Executing script file done
$:hsh clear_plan_caches
Cleared PQP and LQP caches
$:hsh clear_pipeline
Released last SQLPipeline
$:hsh reset_exec_pools
Reset execution pools (2, 3) bump pointers to start
$:hsh mem_usage
------------------------------------------
Memory Usage Statistics:
VmSize:	232203208 kB
VmRSS:	70317012 kB
1: MemResourceStatus {MigratedColumnsAggregate,18446744073709551615,63541608448,52888587462,0,0,1,N/A}
MemResourceStatus {DefaultResource,18446744073709551615,18446744073709551615,18446744051777619259,18446744073709105478,0,-1,N/A}
Quick Memory Usage Overview:
Used Capacity: 0, 52888587462
------------------------------------------
Executing script file: /home/umeshsum/tpch_queries/17.sql
[32m(release)[0m> select
[32m(release)[0m> 	sum(l_extendedprice) / 7.0 as avg_yearly
[32m(release)[0m> from
[32m(release)[0m> 	lineitem,
[32m(release)[0m> 	part
[32m(release)[0m> where
[32m(release)[0m> 	p_partkey = l_partkey
[32m(release)[0m> 	and p_brand = 'Brand#23'
[32m(release)[0m> 	and p_container = 'MED BOX'
[32m(release)[0m> 	and l_quantity < (
[32m(release)[0m> 		select
[32m(release)[0m> 			0.2 * avg(l_quantity)
[32m(release)[0m> 		from
[32m(release)[0m> 			lineitem
[32m(release)[0m> 		where
[32m(release)[0m> 			l_partkey = p_partkey
[32m(release)[0m> 	);
VmRSS Change: 16312 KB
===
1 rows total
Execution info: [PARSE: 58 µs 189 ns, SQL TRANSLATE: 191 µs 848 ns, OPTIMIZE: 3 ms 41 µs, LQP TRANSLATE: 147 µs 118 ns, EXECUTE: 401 ms 766 µs (wall time) | QUERY PLAN CACHE HITS: 0/1 statement(s)]
After reset, table use_count: 2
WARNING: Table still has 1 other owner(s) after pipeline reset!
Executing script file done
$:hsh clear_plan_caches
Cleared PQP and LQP caches
$:hsh clear_pipeline
Released last SQLPipeline
$:hsh reset_exec_pools
Reset execution pools (2, 3) bump pointers to start
$:hsh mem_usage
------------------------------------------
Memory Usage Statistics:
VmSize:	234562504 kB
VmRSS:	70333324 kB
1: MemResourceStatus {MigratedColumnsAggregate,18446744073709551615,63541608448,52888587462,0,0,1,N/A}
MemResourceStatus {DefaultResource,18446744073709551615,18446744073709551615,18446744052003030683,18446744073709105478,0,-1,N/A}
Quick Memory Usage Overview:
Used Capacity: 0, 52888587462
------------------------------------------
Executing script file: /home/umeshsum/tpch_queries/17.sql
[32m(release)[0m> select
[32m(release)[0m> 	sum(l_extendedprice) / 7.0 as avg_yearly
[32m(release)[0m> from
[32m(release)[0m> 	lineitem,
[32m(release)[0m> 	part
[32m(release)[0m> where
[32m(release)[0m> 	p_partkey = l_partkey
[32m(release)[0m> 	and p_brand = 'Brand#23'
[32m(release)[0m> 	and p_container = 'MED BOX'
[32m(release)[0m> 	and l_quantity < (
[32m(release)[0m> 		select
[32m(release)[0m> 			0.2 * avg(l_quantity)
[32m(release)[0m> 		from
[32m(release)[0m> 			lineitem
[32m(release)[0m> 		where
[32m(release)[0m> 			l_partkey = p_partkey
[32m(release)[0m> 	);
VmRSS Change: 18446744073709309656 KB
===
1 rows total
Execution info: [PARSE: 47 µs 759 ns, SQL TRANSLATE: 211 µs 798 ns, OPTIMIZE: 3 ms 104 µs, LQP TRANSLATE: 141 µs 149 ns, EXECUTE: 421 ms 504 µs (wall time) | QUERY PLAN CACHE HITS: 0/1 statement(s)]
After reset, table use_count: 2
WARNING: Table still has 1 other owner(s) after pipeline reset!
Executing script file done
$:hsh clear_plan_caches
Cleared PQP and LQP caches
$:hsh clear_pipeline
Released last SQLPipeline
$:hsh reset_exec_pools
Reset execution pools (2, 3) bump pointers to start
$:hsh mem_usage
------------------------------------------
Memory Usage Statistics:
VmSize:	236921800 kB
VmRSS:	70091364 kB
1: MemResourceStatus {MigratedColumnsAggregate,18446744073709551615,63541608448,52888587462,0,0,1,N/A}
MemResourceStatus {DefaultResource,18446744073709551615,18446744073709551615,18446744052257331531,18446744073709105478,0,-1,N/A}
Quick Memory Usage Overview:
Used Capacity: 0, 52888587462
------------------------------------------
Executing script file: /home/umeshsum/tpch_queries/17.sql
[32m(release)[0m> select
[32m(release)[0m> 	sum(l_extendedprice) / 7.0 as avg_yearly
[32m(release)[0m> from
[32m(release)[0m> 	lineitem,
[32m(release)[0m> 	part
[32m(release)[0m> where
[32m(release)[0m> 	p_partkey = l_partkey
[32m(release)[0m> 	and p_brand = 'Brand#23'
[32m(release)[0m> 	and p_container = 'MED BOX'
[32m(release)[0m> 	and l_quantity < (
[32m(release)[0m> 		select
[32m(release)[0m> 			0.2 * avg(l_quantity)
[32m(release)[0m> 		from
[32m(release)[0m> 			lineitem
[32m(release)[0m> 		where
[32m(release)[0m> 			l_partkey = p_partkey
[32m(release)[0m> 	);
VmRSS Change: 18446744073709455256 KB
===
1 rows total
Execution info: [PARSE: 46 µs 659 ns, SQL TRANSLATE: 196 µs 108 ns, OPTIMIZE: 3 ms 51 µs, LQP TRANSLATE: 142 µs 149 ns, EXECUTE: 402 ms 965 µs (wall time) | QUERY PLAN CACHE HITS: 0/1 statement(s)]
After reset, table use_count: 2
WARNING: Table still has 1 other owner(s) after pipeline reset!
Executing script file done
$:hsh clear_plan_caches
Cleared PQP and LQP caches
$:hsh clear_pipeline
Released last SQLPipeline
$:hsh reset_exec_pools
Reset execution pools (2, 3) bump pointers to start
$:hsh mem_usage
------------------------------------------
Memory Usage Statistics:
VmSize:	236921800 kB
VmRSS:	69995004 kB
1: MemResourceStatus {MigratedColumnsAggregate,18446744073709551615,63541608448,52888587462,0,0,1,N/A}
MemResourceStatus {DefaultResource,18446744073709551615,18446744073709551615,18446744052496688599,18446744073709105478,0,-1,N/A}
Quick Memory Usage Overview:
Used Capacity: 0, 52888587462
------------------------------------------
Label set to d0_tf0_q18
$:hsh clear_plan_caches
Cleared PQP and LQP caches
$:hsh clear_pipeline
Released last SQLPipeline
$:hsh reset_exec_pools
Reset execution pools (2, 3) bump pointers to start
$:hsh mem_usage
------------------------------------------
Memory Usage Statistics:
VmSize:	236921800 kB
VmRSS:	69995004 kB
1: MemResourceStatus {MigratedColumnsAggregate,18446744073709551615,63541608448,52888587462,0,0,1,N/A}
MemResourceStatus {DefaultResource,18446744073709551615,18446744073709551615,18446744052496688599,18446744073709105478,0,-1,N/A}
Quick Memory Usage Overview:
Used Capacity: 0, 52888587462
------------------------------------------
Executing script file: /home/umeshsum/tpch_queries/18.sql
[32m(release)[0m> select
[32m(release)[0m> 	c_name,
[32m(release)[0m> 	c_custkey,
[32m(release)[0m> 	o_orderkey,
[32m(release)[0m> 	o_orderdate,
[32m(release)[0m> 	o_totalprice,
[32m(release)[0m> 	sum(l_quantity)
[32m(release)[0m> from
[32m(release)[0m> 	customer,
[32m(release)[0m> 	orders,
[32m(release)[0m> 	lineitem
[32m(release)[0m> where
[32m(release)[0m> 	o_orderkey in (
[32m(release)[0m> 		select
[32m(release)[0m> 			l_orderkey
[32m(release)[0m> 		from
[32m(release)[0m> 			lineitem
[32m(release)[0m> 		group by
[32m(release)[0m> 			l_orderkey having
[32m(release)[0m> 				sum(l_quantity) > 300
[32m(release)[0m> 	)
[32m(release)[0m> 	and c_custkey = o_custkey
[32m(release)[0m> 	and o_orderkey = l_orderkey
[32m(release)[0m> group by
[32m(release)[0m> 	c_name,
[32m(release)[0m> 	c_custkey,
[32m(release)[0m> 	o_orderkey,
[32m(release)[0m> 	o_orderdate,
[32m(release)[0m> 	o_totalprice
[32m(release)[0m> order by
[32m(release)[0m> 	o_totalprice desc,
[32m(release)[0m> 	o_orderdate;
VmRSS Change: 10086628 KB
===
3182 rows total
Execution info: [PARSE: 53 µs 559 ns, SQL TRANSLATE: 245 µs 898 ns, OPTIMIZE: 4 ms 86 µs, LQP TRANSLATE: 146 µs 318 ns, EXECUTE: 8 s 442 ms (wall time) | QUERY PLAN CACHE HITS: 0/1 statement(s)]
After reset, table use_count: 2
WARNING: Table still has 1 other owner(s) after pipeline reset!
Executing script file done
$:hsh clear_plan_caches
Cleared PQP and LQP caches
$:hsh clear_pipeline
Released last SQLPipeline
$:hsh reset_exec_pools
Reset execution pools (2, 3) bump pointers to start
$:hsh mem_usage
------------------------------------------
Memory Usage Statistics:
VmSize:	245408712 kB
VmRSS:	80081644 kB
1: MemResourceStatus {MigratedColumnsAggregate,18446744073709551615,63541608448,52888587462,0,0,1,N/A}
MemResourceStatus {DefaultResource,18446744073709551615,18446744073709551615,18446744052566320267,18446744073709105478,0,-1,N/A}
Quick Memory Usage Overview:
Used Capacity: 0, 52888587462
------------------------------------------
Executing script file: /home/umeshsum/tpch_queries/18.sql
[32m(release)[0m> select
[32m(release)[0m> 	c_name,
[32m(release)[0m> 	c_custkey,
[32m(release)[0m> 	o_orderkey,
[32m(release)[0m> 	o_orderdate,
[32m(release)[0m> 	o_totalprice,
[32m(release)[0m> 	sum(l_quantity)
[32m(release)[0m> from
[32m(release)[0m> 	customer,
[32m(release)[0m> 	orders,
[32m(release)[0m> 	lineitem
[32m(release)[0m> where
[32m(release)[0m> 	o_orderkey in (
[32m(release)[0m> 		select
[32m(release)[0m> 			l_orderkey
[32m(release)[0m> 		from
[32m(release)[0m> 			lineitem
[32m(release)[0m> 		group by
[32m(release)[0m> 			l_orderkey having
[32m(release)[0m> 				sum(l_quantity) > 300
[32m(release)[0m> 	)
[32m(release)[0m> 	and c_custkey = o_custkey
[32m(release)[0m> 	and o_orderkey = l_orderkey
[32m(release)[0m> group by
[32m(release)[0m> 	c_name,
[32m(release)[0m> 	c_custkey,
[32m(release)[0m> 	o_orderkey,
[32m(release)[0m> 	o_orderdate,
[32m(release)[0m> 	o_totalprice
[32m(release)[0m> order by
[32m(release)[0m> 	o_totalprice desc,
[32m(release)[0m> 	o_orderdate;
VmRSS Change: 18446744073708711532 KB
===
3182 rows total
Execution info: [PARSE: 55 µs 159 ns, SQL TRANSLATE: 214 µs 148 ns, OPTIMIZE: 4 ms 81 µs, LQP TRANSLATE: 146 µs 968 ns, EXECUTE: 8 s 680 ms (wall time) | QUERY PLAN CACHE HITS: 0/1 statement(s)]
After reset, table use_count: 2
WARNING: Table still has 1 other owner(s) after pipeline reset!
Executing script file done
$:hsh clear_plan_caches
Cleared PQP and LQP caches
$:hsh clear_pipeline
Released last SQLPipeline
$:hsh reset_exec_pools
Reset execution pools (2, 3) bump pointers to start
$:hsh mem_usage
------------------------------------------
Memory Usage Statistics:
VmSize:	253797320 kB
VmRSS:	72206376 kB
1: MemResourceStatus {MigratedColumnsAggregate,18446744073709551615,63541608448,52888587462,0,0,1,N/A}
MemResourceStatus {DefaultResource,18446744073709551615,18446744073709551615,18446744052623649623,18446744073709105478,0,-1,N/A}
Quick Memory Usage Overview:
Used Capacity: 0, 52888587462
------------------------------------------
Executing script file: /home/umeshsum/tpch_queries/18.sql
[32m(release)[0m> select
[32m(release)[0m> 	c_name,
[32m(release)[0m> 	c_custkey,
[32m(release)[0m> 	o_orderkey,
[32m(release)[0m> 	o_orderdate,
[32m(release)[0m> 	o_totalprice,
[32m(release)[0m> 	sum(l_quantity)
[32m(release)[0m> from
[32m(release)[0m> 	customer,
[32m(release)[0m> 	orders,
[32m(release)[0m> 	lineitem
[32m(release)[0m> where
[32m(release)[0m> 	o_orderkey in (
[32m(release)[0m> 		select
[32m(release)[0m> 			l_orderkey
[32m(release)[0m> 		from
[32m(release)[0m> 			lineitem
[32m(release)[0m> 		group by
[32m(release)[0m> 			l_orderkey having
[32m(release)[0m> 				sum(l_quantity) > 300
[32m(release)[0m> 	)
[32m(release)[0m> 	and c_custkey = o_custkey
[32m(release)[0m> 	and o_orderkey = l_orderkey
[32m(release)[0m> group by
[32m(release)[0m> 	c_name,
[32m(release)[0m> 	c_custkey,
[32m(release)[0m> 	o_orderkey,
[32m(release)[0m> 	o_orderdate,
[32m(release)[0m> 	o_totalprice
[32m(release)[0m> order by
[32m(release)[0m> 	o_totalprice desc,
[32m(release)[0m> 	o_orderdate;
VmRSS Change: 7838812 KB
===
3182 rows total
Execution info: [PARSE: 30 µs 999 ns, SQL TRANSLATE: 130 µs 219 ns, OPTIMIZE: 1 ms 722 µs, LQP TRANSLATE: 63 µs 89 ns, EXECUTE: 8 s 109 ms (wall time) | QUERY PLAN CACHE HITS: 0/1 statement(s)]
After reset, table use_count: 2
WARNING: Table still has 1 other owner(s) after pipeline reset!
Executing script file done
$:hsh clear_plan_caches
Cleared PQP and LQP caches
$:hsh clear_pipeline
Released last SQLPipeline
$:hsh reset_exec_pools
Reset execution pools (2, 3) bump pointers to start
$:hsh mem_usage
------------------------------------------
Memory Usage Statistics:
VmSize:	264283080 kB
VmRSS:	79994916 kB
1: MemResourceStatus {MigratedColumnsAggregate,18446744073709551615,63541608448,52888587462,0,0,1,N/A}
MemResourceStatus {DefaultResource,18446744073709551615,18446744073709551615,18446744052680561883,18446744073709105478,0,-1,N/A}
Quick Memory Usage Overview:
Used Capacity: 0, 52888587462
------------------------------------------
Executing script file: /home/umeshsum/tpch_queries/18.sql
[32m(release)[0m> select
[32m(release)[0m> 	c_name,
[32m(release)[0m> 	c_custkey,
[32m(release)[0m> 	o_orderkey,
[32m(release)[0m> 	o_orderdate,
[32m(release)[0m> 	o_totalprice,
[32m(release)[0m> 	sum(l_quantity)
[32m(release)[0m> from
[32m(release)[0m> 	customer,
[32m(release)[0m> 	orders,
[32m(release)[0m> 	lineitem
[32m(release)[0m> where
[32m(release)[0m> 	o_orderkey in (
[32m(release)[0m> 		select
[32m(release)[0m> 			l_orderkey
[32m(release)[0m> 		from
[32m(release)[0m> 			lineitem
[32m(release)[0m> 		group by
[32m(release)[0m> 			l_orderkey having
[32m(release)[0m> 				sum(l_quantity) > 300
[32m(release)[0m> 	)
[32m(release)[0m> 	and c_custkey = o_custkey
[32m(release)[0m> 	and o_orderkey = l_orderkey
[32m(release)[0m> group by
[32m(release)[0m> 	c_name,
[32m(release)[0m> 	c_custkey,
[32m(release)[0m> 	o_orderkey,
[32m(release)[0m> 	o_orderdate,
[32m(release)[0m> 	o_totalprice
[32m(release)[0m> order by
[32m(release)[0m> 	o_totalprice desc,
[32m(release)[0m> 	o_orderdate;
VmRSS Change: 1867384 KB
===
3182 rows total
Execution info: [PARSE: 54 µs 700 ns, SQL TRANSLATE: 218 µs 948 ns, OPTIMIZE: 4 ms 71 µs, LQP TRANSLATE: 154 µs 688 ns, EXECUTE: 8 s 160 ms (wall time) | QUERY PLAN CACHE HITS: 0/1 statement(s)]
After reset, table use_count: 2
WARNING: Table still has 1 other owner(s) after pipeline reset!
Executing script file done
$:hsh clear_plan_caches
Cleared PQP and LQP caches
$:hsh clear_pipeline
Released last SQLPipeline
$:hsh reset_exec_pools
Reset execution pools (2, 3) bump pointers to start
$:hsh mem_usage
------------------------------------------
Memory Usage Statistics:
VmSize:	272671688 kB
VmRSS:	81862308 kB
1: MemResourceStatus {MigratedColumnsAggregate,18446744073709551615,63541608448,52888587462,0,0,1,N/A}
MemResourceStatus {DefaultResource,18446744073709551615,18446744073709551615,18446744052745094011,18446744073709105478,0,-1,N/A}
Quick Memory Usage Overview:
Used Capacity: 0, 52888587462
------------------------------------------
Executing script file: /home/umeshsum/tpch_queries/18.sql
[32m(release)[0m> select
[32m(release)[0m> 	c_name,
[32m(release)[0m> 	c_custkey,
[32m(release)[0m> 	o_orderkey,
[32m(release)[0m> 	o_orderdate,
[32m(release)[0m> 	o_totalprice,
[32m(release)[0m> 	sum(l_quantity)
[32m(release)[0m> from
[32m(release)[0m> 	customer,
[32m(release)[0m> 	orders,
[32m(release)[0m> 	lineitem
[32m(release)[0m> where
[32m(release)[0m> 	o_orderkey in (
[32m(release)[0m> 		select
[32m(release)[0m> 			l_orderkey
[32m(release)[0m> 		from
[32m(release)[0m> 			lineitem
[32m(release)[0m> 		group by
[32m(release)[0m> 			l_orderkey having
[32m(release)[0m> 				sum(l_quantity) > 300
[32m(release)[0m> 	)
[32m(release)[0m> 	and c_custkey = o_custkey
[32m(release)[0m> 	and o_orderkey = l_orderkey
[32m(release)[0m> group by
[32m(release)[0m> 	c_name,
[32m(release)[0m> 	c_custkey,
[32m(release)[0m> 	o_orderkey,
[32m(release)[0m> 	o_orderdate,
[32m(release)[0m> 	o_totalprice
[32m(release)[0m> order by
[32m(release)[0m> 	o_totalprice desc,
[32m(release)[0m> 	o_orderdate;
VmRSS Change: 18446744073700483064 KB
===
3182 rows total
Execution info: [PARSE: 54 µs 990 ns, SQL TRANSLATE: 234 µs 697 ns, OPTIMIZE: 4 ms 149 µs, LQP TRANSLATE: 144 µs 218 ns, EXECUTE: 9 s 857 ms (wall time) | QUERY PLAN CACHE HITS: 0/1 statement(s)]
After reset, table use_count: 2
WARNING: Table still has 1 other owner(s) after pipeline reset!
Executing script file done
$:hsh clear_plan_caches
Cleared PQP and LQP caches
$:hsh clear_pipeline
Released last SQLPipeline
$:hsh reset_exec_pools
Reset execution pools (2, 3) bump pointers to start
$:hsh mem_usage
------------------------------------------
Memory Usage Statistics:
VmSize:	281060296 kB
VmRSS:	72783860 kB
1: MemResourceStatus {MigratedColumnsAggregate,18446744073709551615,63541608448,52888587462,0,0,1,N/A}
MemResourceStatus {DefaultResource,18446744073709551615,18446744073709551615,18446744052782278851,18446744073709105478,0,-1,N/A}
Quick Memory Usage Overview:
Used Capacity: 0, 52888587462
------------------------------------------
Executing script file: /home/umeshsum/tpch_queries/18.sql
[32m(release)[0m> select
[32m(release)[0m> 	c_name,
[32m(release)[0m> 	c_custkey,
[32m(release)[0m> 	o_orderkey,
[32m(release)[0m> 	o_orderdate,
[32m(release)[0m> 	o_totalprice,
[32m(release)[0m> 	sum(l_quantity)
[32m(release)[0m> from
[32m(release)[0m> 	customer,
[32m(release)[0m> 	orders,
[32m(release)[0m> 	lineitem
[32m(release)[0m> where
[32m(release)[0m> 	o_orderkey in (
[32m(release)[0m> 		select
[32m(release)[0m> 			l_orderkey
[32m(release)[0m> 		from
[32m(release)[0m> 			lineitem
[32m(release)[0m> 		group by
[32m(release)[0m> 			l_orderkey having
[32m(release)[0m> 				sum(l_quantity) > 300
[32m(release)[0m> 	)
[32m(release)[0m> 	and c_custkey = o_custkey
[32m(release)[0m> 	and o_orderkey = l_orderkey
[32m(release)[0m> group by
[32m(release)[0m> 	c_name,
[32m(release)[0m> 	c_custkey,
[32m(release)[0m> 	o_orderkey,
[32m(release)[0m> 	o_orderdate,
[32m(release)[0m> 	o_totalprice
[32m(release)[0m> order by
[32m(release)[0m> 	o_totalprice desc,
[32m(release)[0m> 	o_orderdate;
VmRSS Change: 7750944 KB
===
3182 rows total
Execution info: [PARSE: 54 µs 40 ns, SQL TRANSLATE: 249 µs 248 ns, OPTIMIZE: 4 ms 195 µs, LQP TRANSLATE: 144 µs 98 ns, EXECUTE: 7 s 514 ms (wall time) | QUERY PLAN CACHE HITS: 0/1 statement(s)]
After reset, table use_count: 2
WARNING: Table still has 1 other owner(s) after pipeline reset!
Executing script file done
$:hsh clear_plan_caches
Cleared PQP and LQP caches
$:hsh clear_pipeline
Released last SQLPipeline
$:hsh reset_exec_pools
Reset execution pools (2, 3) bump pointers to start
$:hsh mem_usage
------------------------------------------
Memory Usage Statistics:
VmSize:	281060296 kB
VmRSS:	80534836 kB
1: MemResourceStatus {MigratedColumnsAggregate,18446744073709551615,63541608448,52888587462,0,0,1,N/A}
MemResourceStatus {DefaultResource,18446744073709551615,18446744073709551615,18446744052833242395,18446744073709105478,0,-1,N/A}
Quick Memory Usage Overview:
Used Capacity: 0, 52888587462
------------------------------------------
Executing script file: /home/umeshsum/tpch_queries/18.sql
[32m(release)[0m> select
[32m(release)[0m> 	c_name,
[32m(release)[0m> 	c_custkey,
[32m(release)[0m> 	o_orderkey,
[32m(release)[0m> 	o_orderdate,
[32m(release)[0m> 	o_totalprice,
[32m(release)[0m> 	sum(l_quantity)
[32m(release)[0m> from
[32m(release)[0m> 	customer,
[32m(release)[0m> 	orders,
[32m(release)[0m> 	lineitem
[32m(release)[0m> where
[32m(release)[0m> 	o_orderkey in (
[32m(release)[0m> 		select
[32m(release)[0m> 			l_orderkey
[32m(release)[0m> 		from
[32m(release)[0m> 			lineitem
[32m(release)[0m> 		group by
[32m(release)[0m> 			l_orderkey having
[32m(release)[0m> 				sum(l_quantity) > 300
[32m(release)[0m> 	)
[32m(release)[0m> 	and c_custkey = o_custkey
[32m(release)[0m> 	and o_orderkey = l_orderkey
[32m(release)[0m> group by
[32m(release)[0m> 	c_name,
[32m(release)[0m> 	c_custkey,
[32m(release)[0m> 	o_orderkey,
[32m(release)[0m> 	o_orderdate,
[32m(release)[0m> 	o_totalprice
[32m(release)[0m> order by
[32m(release)[0m> 	o_totalprice desc,
[32m(release)[0m> 	o_orderdate;
VmRSS Change: 18446744073709346324 KB
===
3182 rows total
Execution info: [PARSE: 51 µs 909 ns, SQL TRANSLATE: 212 µs 898 ns, OPTIMIZE: 4 ms 109 µs, LQP TRANSLATE: 145 µs 368 ns, EXECUTE: 8 s 590 ms (wall time) | QUERY PLAN CACHE HITS: 0/1 statement(s)]
After reset, table use_count: 2
WARNING: Table still has 1 other owner(s) after pipeline reset!
Executing script file done
$:hsh clear_plan_caches
Cleared PQP and LQP caches
$:hsh clear_pipeline
Released last SQLPipeline
$:hsh reset_exec_pools
Reset execution pools (2, 3) bump pointers to start
$:hsh mem_usage
------------------------------------------
Memory Usage Statistics:
VmSize:	290104264 kB
VmRSS:	80329564 kB
1: MemResourceStatus {MigratedColumnsAggregate,18446744073709551615,63541608448,52888587462,0,0,1,N/A}
MemResourceStatus {DefaultResource,18446744073709551615,18446744073709551615,18446744052897023595,18446744073709105478,0,-1,N/A}
Quick Memory Usage Overview:
Used Capacity: 0, 52888587462
------------------------------------------
Executing script file: /home/umeshsum/tpch_queries/18.sql
[32m(release)[0m> select
[32m(release)[0m> 	c_name,
[32m(release)[0m> 	c_custkey,
[32m(release)[0m> 	o_orderkey,
[32m(release)[0m> 	o_orderdate,
[32m(release)[0m> 	o_totalprice,
[32m(release)[0m> 	sum(l_quantity)
[32m(release)[0m> from
[32m(release)[0m> 	customer,
[32m(release)[0m> 	orders,
[32m(release)[0m> 	lineitem
[32m(release)[0m> where
[32m(release)[0m> 	o_orderkey in (
[32m(release)[0m> 		select
[32m(release)[0m> 			l_orderkey
[32m(release)[0m> 		from
[32m(release)[0m> 			lineitem
[32m(release)[0m> 		group by
[32m(release)[0m> 			l_orderkey having
[32m(release)[0m> 				sum(l_quantity) > 300
[32m(release)[0m> 	)
[32m(release)[0m> 	and c_custkey = o_custkey
[32m(release)[0m> 	and o_orderkey = l_orderkey
[32m(release)[0m> group by
[32m(release)[0m> 	c_name,
[32m(release)[0m> 	c_custkey,
[32m(release)[0m> 	o_orderkey,
[32m(release)[0m> 	o_orderdate,
[32m(release)[0m> 	o_totalprice
[32m(release)[0m> order by
[32m(release)[0m> 	o_totalprice desc,
[32m(release)[0m> 	o_orderdate;
VmRSS Change: 18446744073701414140 KB
===
3182 rows total
Execution info: [PARSE: 56 µs 929 ns, SQL TRANSLATE: 221 µs 748 ns, OPTIMIZE: 3 ms 186 µs, LQP TRANSLATE: 109 µs 89 ns, EXECUTE: 9 s 183 ms (wall time) | QUERY PLAN CACHE HITS: 0/1 statement(s)]
After reset, table use_count: 2
WARNING: Table still has 1 other owner(s) after pipeline reset!
Executing script file done
$:hsh clear_plan_caches
Cleared PQP and LQP caches
$:hsh clear_pipeline
Released last SQLPipeline
$:hsh reset_exec_pools
Reset execution pools (2, 3) bump pointers to start
$:hsh mem_usage
------------------------------------------
Memory Usage Statistics:
VmSize:	290104264 kB
VmRSS:	72192092 kB
1: MemResourceStatus {MigratedColumnsAggregate,18446744073709551615,63541608448,52888587462,0,0,1,N/A}
MemResourceStatus {DefaultResource,18446744073709551615,18446744073709551615,18446744052943970635,18446744073709105478,0,-1,N/A}
Quick Memory Usage Overview:
Used Capacity: 0, 52888587462
------------------------------------------
Executing script file: /home/umeshsum/tpch_queries/18.sql
[32m(release)[0m> select
[32m(release)[0m> 	c_name,
[32m(release)[0m> 	c_custkey,
[32m(release)[0m> 	o_orderkey,
[32m(release)[0m> 	o_orderdate,
[32m(release)[0m> 	o_totalprice,
[32m(release)[0m> 	sum(l_quantity)
[32m(release)[0m> from
[32m(release)[0m> 	customer,
[32m(release)[0m> 	orders,
[32m(release)[0m> 	lineitem
[32m(release)[0m> where
[32m(release)[0m> 	o_orderkey in (
[32m(release)[0m> 		select
[32m(release)[0m> 			l_orderkey
[32m(release)[0m> 		from
[32m(release)[0m> 			lineitem
[32m(release)[0m> 		group by
[32m(release)[0m> 			l_orderkey having
[32m(release)[0m> 				sum(l_quantity) > 300
[32m(release)[0m> 	)
[32m(release)[0m> 	and c_custkey = o_custkey
[32m(release)[0m> 	and o_orderkey = l_orderkey
[32m(release)[0m> group by
[32m(release)[0m> 	c_name,
[32m(release)[0m> 	c_custkey,
[32m(release)[0m> 	o_orderkey,
[32m(release)[0m> 	o_orderdate,
[32m(release)[0m> 	o_totalprice
[32m(release)[0m> order by
[32m(release)[0m> 	o_totalprice desc,
[32m(release)[0m> 	o_orderdate;
VmRSS Change: 6022392 KB
===
3182 rows total
Execution info: [PARSE: 55 µs 599 ns, SQL TRANSLATE: 229 µs 538 ns, OPTIMIZE: 4 ms 36 µs, LQP TRANSLATE: 142 µs 489 ns, EXECUTE: 8 s 526 ms (wall time) | QUERY PLAN CACHE HITS: 0/1 statement(s)]
After reset, table use_count: 2
WARNING: Table still has 1 other owner(s) after pipeline reset!
Executing script file done
$:hsh clear_plan_caches
Cleared PQP and LQP caches
$:hsh clear_pipeline
Released last SQLPipeline
$:hsh reset_exec_pools
Reset execution pools (2, 3) bump pointers to start
$:hsh mem_usage
------------------------------------------
Memory Usage Statistics:
VmSize:	290104264 kB
VmRSS:	78214484 kB
1: MemResourceStatus {MigratedColumnsAggregate,18446744073709551615,63541608448,52888587462,0,0,1,N/A}
MemResourceStatus {DefaultResource,18446744073709551615,18446744073709551615,18446744052982004223,18446744073709105478,0,-1,N/A}
Quick Memory Usage Overview:
Used Capacity: 0, 52888587462
------------------------------------------
Executing script file: /home/umeshsum/tpch_queries/18.sql
[32m(release)[0m> select
[32m(release)[0m> 	c_name,
[32m(release)[0m> 	c_custkey,
[32m(release)[0m> 	o_orderkey,
[32m(release)[0m> 	o_orderdate,
[32m(release)[0m> 	o_totalprice,
[32m(release)[0m> 	sum(l_quantity)
[32m(release)[0m> from
[32m(release)[0m> 	customer,
[32m(release)[0m> 	orders,
[32m(release)[0m> 	lineitem
[32m(release)[0m> where
[32m(release)[0m> 	o_orderkey in (
[32m(release)[0m> 		select
[32m(release)[0m> 			l_orderkey
[32m(release)[0m> 		from
[32m(release)[0m> 			lineitem
[32m(release)[0m> 		group by
[32m(release)[0m> 			l_orderkey having
[32m(release)[0m> 				sum(l_quantity) > 300
[32m(release)[0m> 	)
[32m(release)[0m> 	and c_custkey = o_custkey
[32m(release)[0m> 	and o_orderkey = l_orderkey
[32m(release)[0m> group by
[32m(release)[0m> 	c_name,
[32m(release)[0m> 	c_custkey,
[32m(release)[0m> 	o_orderkey,
[32m(release)[0m> 	o_orderdate,
[32m(release)[0m> 	o_totalprice
[32m(release)[0m> order by
[32m(release)[0m> 	o_totalprice desc,
[32m(release)[0m> 	o_orderdate;
VmRSS Change: 1462932 KB
===
3182 rows total
Execution info: [PARSE: 53 µs 749 ns, SQL TRANSLATE: 229 µs 28 ns, OPTIMIZE: 4 ms 102 µs, LQP TRANSLATE: 150 µs 758 ns, EXECUTE: 7 s 993 ms (wall time) | QUERY PLAN CACHE HITS: 0/1 statement(s)]
After reset, table use_count: 2
WARNING: Table still has 1 other owner(s) after pipeline reset!
Executing script file done
$:hsh clear_plan_caches
Cleared PQP and LQP caches
$:hsh clear_pipeline
Released last SQLPipeline
$:hsh reset_exec_pools
Reset execution pools (2, 3) bump pointers to start
$:hsh mem_usage
------------------------------------------
Memory Usage Statistics:
VmSize:	300590024 kB
VmRSS:	79677424 kB
1: MemResourceStatus {MigratedColumnsAggregate,18446744073709551615,63541608448,52888587462,0,0,1,N/A}
MemResourceStatus {DefaultResource,18446744073709551615,18446744073709551615,18446744053057978563,18446744073709105478,0,-1,N/A}
Quick Memory Usage Overview:
Used Capacity: 0, 52888587462
------------------------------------------
Label set to d0_tf0_q19
$:hsh clear_plan_caches
Cleared PQP and LQP caches
$:hsh clear_pipeline
Released last SQLPipeline
$:hsh reset_exec_pools
Reset execution pools (2, 3) bump pointers to start
$:hsh mem_usage
------------------------------------------
Memory Usage Statistics:
VmSize:	300590024 kB
VmRSS:	79677348 kB
1: MemResourceStatus {MigratedColumnsAggregate,18446744073709551615,63541608448,52888587462,0,0,1,N/A}
MemResourceStatus {DefaultResource,18446744073709551615,18446744073709551615,18446744053057978563,18446744073709105478,0,-1,N/A}
Quick Memory Usage Overview:
Used Capacity: 0, 52888587462
------------------------------------------
Executing script file: /home/umeshsum/tpch_queries/19.sql
[32m(release)[0m> select
[32m(release)[0m> 	sum(l_extendedprice* (1 - l_discount)) as revenue
[32m(release)[0m> from
[32m(release)[0m> 	lineitem,
[32m(release)[0m> 	part
[32m(release)[0m> where
[32m(release)[0m> 	(
[32m(release)[0m> 		p_partkey = l_partkey
[32m(release)[0m> 		and p_brand = 'Brand#12'
[32m(release)[0m> 		and p_container in ('SM CASE', 'SM BOX', 'SM PACK', 'SM PKG')
[32m(release)[0m> 		and l_quantity >= 1 and l_quantity <= 1 + 10
[32m(release)[0m> 		and p_size between 1 and 5
[32m(release)[0m> 		and l_shipmode in ('AIR', 'AIR REG')
[32m(release)[0m> 		and l_shipinstruct = 'DELIVER IN PERSON'
[32m(release)[0m> 	)
[32m(release)[0m> 	or
[32m(release)[0m> 	(
[32m(release)[0m> 		p_partkey = l_partkey
[32m(release)[0m> 		and p_brand = 'Brand#23'
[32m(release)[0m> 		and p_container in ('MED BAG', 'MED BOX', 'MED PKG', 'MED PACK')
[32m(release)[0m> 		and l_quantity >= 10 and l_quantity <= 10 + 10
[32m(release)[0m> 		and p_size between 1 and 10
[32m(release)[0m> 		and l_shipmode in ('AIR', 'AIR REG')
[32m(release)[0m> 		and l_shipinstruct = 'DELIVER IN PERSON'
[32m(release)[0m> 	)
[32m(release)[0m> 	or
[32m(release)[0m> 	(
[32m(release)[0m> 		p_partkey = l_partkey
[32m(release)[0m> 		and p_brand = 'Brand#34'
[32m(release)[0m> 		and p_container in ('LG CASE', 'LG BOX', 'LG PACK', 'LG PKG')
[32m(release)[0m> 		and l_quantity >= 20 and l_quantity <= 20 + 10
[32m(release)[0m> 		and p_size between 1 and 15
[32m(release)[0m> 		and l_shipmode in ('AIR', 'AIR REG')
[32m(release)[0m> 		and l_shipinstruct = 'DELIVER IN PERSON'
[32m(release)[0m> 	);
VmRSS Change: 264548 KB
===
1 rows total
Execution info: [PARSE: 110 µs 29 ns, SQL TRANSLATE: 193 µs 878 ns, OPTIMIZE: 7 ms 561 µs, LQP TRANSLATE: 577 µs 694 ns, EXECUTE: 319 ms 425 µs (wall time) | QUERY PLAN CACHE HITS: 0/1 statement(s)]
After reset, table use_count: 2
WARNING: Table still has 1 other owner(s) after pipeline reset!
Executing script file done
$:hsh clear_plan_caches
Cleared PQP and LQP caches
$:hsh clear_pipeline
Released last SQLPipeline
$:hsh reset_exec_pools
Reset execution pools (2, 3) bump pointers to start
$:hsh mem_usage
------------------------------------------
Memory Usage Statistics:
VmSize:	300590024 kB
VmRSS:	79941964 kB
1: MemResourceStatus {MigratedColumnsAggregate,18446744073709551615,63541608448,52888587462,0,0,1,N/A}
MemResourceStatus {DefaultResource,18446744073709551615,18446744073709551615,18446744053001958501,18446744073709105478,0,-1,N/A}
Quick Memory Usage Overview:
Used Capacity: 0, 52888587462
------------------------------------------
Executing script file: /home/umeshsum/tpch_queries/19.sql
[32m(release)[0m> select
[32m(release)[0m> 	sum(l_extendedprice* (1 - l_discount)) as revenue
[32m(release)[0m> from
[32m(release)[0m> 	lineitem,
[32m(release)[0m> 	part
[32m(release)[0m> where
[32m(release)[0m> 	(
[32m(release)[0m> 		p_partkey = l_partkey
[32m(release)[0m> 		and p_brand = 'Brand#12'
[32m(release)[0m> 		and p_container in ('SM CASE', 'SM BOX', 'SM PACK', 'SM PKG')
[32m(release)[0m> 		and l_quantity >= 1 and l_quantity <= 1 + 10
[32m(release)[0m> 		and p_size between 1 and 5
[32m(release)[0m> 		and l_shipmode in ('AIR', 'AIR REG')
[32m(release)[0m> 		and l_shipinstruct = 'DELIVER IN PERSON'
[32m(release)[0m> 	)
[32m(release)[0m> 	or
[32m(release)[0m> 	(
[32m(release)[0m> 		p_partkey = l_partkey
[32m(release)[0m> 		and p_brand = 'Brand#23'
[32m(release)[0m> 		and p_container in ('MED BAG', 'MED BOX', 'MED PKG', 'MED PACK')
[32m(release)[0m> 		and l_quantity >= 10 and l_quantity <= 10 + 10
[32m(release)[0m> 		and p_size between 1 and 10
[32m(release)[0m> 		and l_shipmode in ('AIR', 'AIR REG')
[32m(release)[0m> 		and l_shipinstruct = 'DELIVER IN PERSON'
[32m(release)[0m> 	)
[32m(release)[0m> 	or
[32m(release)[0m> 	(
[32m(release)[0m> 		p_partkey = l_partkey
[32m(release)[0m> 		and p_brand = 'Brand#34'
[32m(release)[0m> 		and p_container in ('LG CASE', 'LG BOX', 'LG PACK', 'LG PKG')
[32m(release)[0m> 		and l_quantity >= 20 and l_quantity <= 20 + 10
[32m(release)[0m> 		and p_size between 1 and 15
[32m(release)[0m> 		and l_shipmode in ('AIR', 'AIR REG')
[32m(release)[0m> 		and l_shipinstruct = 'DELIVER IN PERSON'
[32m(release)[0m> 	);
VmRSS Change: 173048 KB
===
1 rows total
Execution info: [PARSE: 94 µs 419 ns, SQL TRANSLATE: 167 µs 648 ns, OPTIMIZE: 7 ms 78 µs, LQP TRANSLATE: 700 µs 753 ns, EXECUTE: 282 ms 817 µs (wall time) | QUERY PLAN CACHE HITS: 0/1 statement(s)]
After reset, table use_count: 2
WARNING: Table still has 1 other owner(s) after pipeline reset!
Executing script file done
$:hsh clear_plan_caches
Cleared PQP and LQP caches
$:hsh clear_pipeline
Released last SQLPipeline
$:hsh reset_exec_pools
Reset execution pools (2, 3) bump pointers to start
$:hsh mem_usage
------------------------------------------
Memory Usage Statistics:
VmSize:	300590024 kB
VmRSS:	80115008 kB
1: MemResourceStatus {MigratedColumnsAggregate,18446744073709551615,63541608448,52888587462,0,0,1,N/A}
MemResourceStatus {DefaultResource,18446744073709551615,18446744073709551615,18446744052949137383,18446744073709105478,0,-1,N/A}
Quick Memory Usage Overview:
Used Capacity: 0, 52888587462
------------------------------------------
Executing script file: /home/umeshsum/tpch_queries/19.sql
[32m(release)[0m> select
[32m(release)[0m> 	sum(l_extendedprice* (1 - l_discount)) as revenue
[32m(release)[0m> from
[32m(release)[0m> 	lineitem,
[32m(release)[0m> 	part
[32m(release)[0m> where
[32m(release)[0m> 	(
[32m(release)[0m> 		p_partkey = l_partkey
[32m(release)[0m> 		and p_brand = 'Brand#12'
[32m(release)[0m> 		and p_container in ('SM CASE', 'SM BOX', 'SM PACK', 'SM PKG')
[32m(release)[0m> 		and l_quantity >= 1 and l_quantity <= 1 + 10
[32m(release)[0m> 		and p_size between 1 and 5
[32m(release)[0m> 		and l_shipmode in ('AIR', 'AIR REG')
[32m(release)[0m> 		and l_shipinstruct = 'DELIVER IN PERSON'
[32m(release)[0m> 	)
[32m(release)[0m> 	or
[32m(release)[0m> 	(
[32m(release)[0m> 		p_partkey = l_partkey
[32m(release)[0m> 		and p_brand = 'Brand#23'
[32m(release)[0m> 		and p_container in ('MED BAG', 'MED BOX', 'MED PKG', 'MED PACK')
[32m(release)[0m> 		and l_quantity >= 10 and l_quantity <= 10 + 10
[32m(release)[0m> 		and p_size between 1 and 10
[32m(release)[0m> 		and l_shipmode in ('AIR', 'AIR REG')
[32m(release)[0m> 		and l_shipinstruct = 'DELIVER IN PERSON'
[32m(release)[0m> 	)
[32m(release)[0m> 	or
[32m(release)[0m> 	(
[32m(release)[0m> 		p_partkey = l_partkey
[32m(release)[0m> 		and p_brand = 'Brand#34'
[32m(release)[0m> 		and p_container in ('LG CASE', 'LG BOX', 'LG PACK', 'LG PKG')
[32m(release)[0m> 		and l_quantity >= 20 and l_quantity <= 20 + 10
[32m(release)[0m> 		and p_size between 1 and 15
[32m(release)[0m> 		and l_shipmode in ('AIR', 'AIR REG')
[32m(release)[0m> 		and l_shipinstruct = 'DELIVER IN PERSON'
[32m(release)[0m> 	);
VmRSS Change: 133472 KB
===
1 rows total
Execution info: [PARSE: 92 µs 289 ns, SQL TRANSLATE: 165 µs 608 ns, OPTIMIZE: 7 ms 114 µs, LQP TRANSLATE: 701 µs 273 ns, EXECUTE: 289 ms 705 µs (wall time) | QUERY PLAN CACHE HITS: 0/1 statement(s)]
After reset, table use_count: 2
WARNING: Table still has 1 other owner(s) after pipeline reset!
Executing script file done
$:hsh clear_plan_caches
Cleared PQP and LQP caches
$:hsh clear_pipeline
Released last SQLPipeline
$:hsh reset_exec_pools
Reset execution pools (2, 3) bump pointers to start
$:hsh mem_usage
------------------------------------------
Memory Usage Statistics:
VmSize:	300590024 kB
VmRSS:	80248480 kB
1: MemResourceStatus {MigratedColumnsAggregate,18446744073709551615,63541608448,52888587462,0,0,1,N/A}
MemResourceStatus {DefaultResource,18446744073709551615,18446744073709551615,18446744052891820681,18446744073709105478,0,-1,N/A}
Quick Memory Usage Overview:
Used Capacity: 0, 52888587462
------------------------------------------
Executing script file: /home/umeshsum/tpch_queries/19.sql
[32m(release)[0m> select
[32m(release)[0m> 	sum(l_extendedprice* (1 - l_discount)) as revenue
[32m(release)[0m> from
[32m(release)[0m> 	lineitem,
[32m(release)[0m> 	part
[32m(release)[0m> where
[32m(release)[0m> 	(
[32m(release)[0m> 		p_partkey = l_partkey
[32m(release)[0m> 		and p_brand = 'Brand#12'
[32m(release)[0m> 		and p_container in ('SM CASE', 'SM BOX', 'SM PACK', 'SM PKG')
[32m(release)[0m> 		and l_quantity >= 1 and l_quantity <= 1 + 10
[32m(release)[0m> 		and p_size between 1 and 5
[32m(release)[0m> 		and l_shipmode in ('AIR', 'AIR REG')
[32m(release)[0m> 		and l_shipinstruct = 'DELIVER IN PERSON'
[32m(release)[0m> 	)
[32m(release)[0m> 	or
[32m(release)[0m> 	(
[32m(release)[0m> 		p_partkey = l_partkey
[32m(release)[0m> 		and p_brand = 'Brand#23'
[32m(release)[0m> 		and p_container in ('MED BAG', 'MED BOX', 'MED PKG', 'MED PACK')
[32m(release)[0m> 		and l_quantity >= 10 and l_quantity <= 10 + 10
[32m(release)[0m> 		and p_size between 1 and 10
[32m(release)[0m> 		and l_shipmode in ('AIR', 'AIR REG')
[32m(release)[0m> 		and l_shipinstruct = 'DELIVER IN PERSON'
[32m(release)[0m> 	)
[32m(release)[0m> 	or
[32m(release)[0m> 	(
[32m(release)[0m> 		p_partkey = l_partkey
[32m(release)[0m> 		and p_brand = 'Brand#34'
[32m(release)[0m> 		and p_container in ('LG CASE', 'LG BOX', 'LG PACK', 'LG PKG')
[32m(release)[0m> 		and l_quantity >= 20 and l_quantity <= 20 + 10
[32m(release)[0m> 		and p_size between 1 and 15
[32m(release)[0m> 		and l_shipmode in ('AIR', 'AIR REG')
[32m(release)[0m> 		and l_shipinstruct = 'DELIVER IN PERSON'
[32m(release)[0m> 	);
VmRSS Change: 106816 KB
===
1 rows total
Execution info: [PARSE: 95 µs 399 ns, SQL TRANSLATE: 167 µs 119 ns, OPTIMIZE: 7 ms 131 µs, LQP TRANSLATE: 716 µs 753 ns, EXECUTE: 283 ms 420 µs (wall time) | QUERY PLAN CACHE HITS: 0/1 statement(s)]
After reset, table use_count: 2
WARNING: Table still has 1 other owner(s) after pipeline reset!
Executing script file done
$:hsh clear_plan_caches
Cleared PQP and LQP caches
$:hsh clear_pipeline
Released last SQLPipeline
$:hsh reset_exec_pools
Reset execution pools (2, 3) bump pointers to start
$:hsh mem_usage
------------------------------------------
Memory Usage Statistics:
VmSize:	300590024 kB
VmRSS:	80355296 kB
1: MemResourceStatus {MigratedColumnsAggregate,18446744073709551615,63541608448,52888587462,0,0,1,N/A}
MemResourceStatus {DefaultResource,18446744073709551615,18446744073709551615,18446744052836770317,18446744073709105478,0,-1,N/A}
Quick Memory Usage Overview:
Used Capacity: 0, 52888587462
------------------------------------------
Executing script file: /home/umeshsum/tpch_queries/19.sql
[32m(release)[0m> select
[32m(release)[0m> 	sum(l_extendedprice* (1 - l_discount)) as revenue
[32m(release)[0m> from
[32m(release)[0m> 	lineitem,
[32m(release)[0m> 	part
[32m(release)[0m> where
[32m(release)[0m> 	(
[32m(release)[0m> 		p_partkey = l_partkey
[32m(release)[0m> 		and p_brand = 'Brand#12'
[32m(release)[0m> 		and p_container in ('SM CASE', 'SM BOX', 'SM PACK', 'SM PKG')
[32m(release)[0m> 		and l_quantity >= 1 and l_quantity <= 1 + 10
[32m(release)[0m> 		and p_size between 1 and 5
[32m(release)[0m> 		and l_shipmode in ('AIR', 'AIR REG')
[32m(release)[0m> 		and l_shipinstruct = 'DELIVER IN PERSON'
[32m(release)[0m> 	)
[32m(release)[0m> 	or
[32m(release)[0m> 	(
[32m(release)[0m> 		p_partkey = l_partkey
[32m(release)[0m> 		and p_brand = 'Brand#23'
[32m(release)[0m> 		and p_container in ('MED BAG', 'MED BOX', 'MED PKG', 'MED PACK')
[32m(release)[0m> 		and l_quantity >= 10 and l_quantity <= 10 + 10
[32m(release)[0m> 		and p_size between 1 and 10
[32m(release)[0m> 		and l_shipmode in ('AIR', 'AIR REG')
[32m(release)[0m> 		and l_shipinstruct = 'DELIVER IN PERSON'
[32m(release)[0m> 	)
[32m(release)[0m> 	or
[32m(release)[0m> 	(
[32m(release)[0m> 		p_partkey = l_partkey
[32m(release)[0m> 		and p_brand = 'Brand#34'
[32m(release)[0m> 		and p_container in ('LG CASE', 'LG BOX', 'LG PACK', 'LG PKG')
[32m(release)[0m> 		and l_quantity >= 20 and l_quantity <= 20 + 10
[32m(release)[0m> 		and p_size between 1 and 15
[32m(release)[0m> 		and l_shipmode in ('AIR', 'AIR REG')
[32m(release)[0m> 		and l_shipinstruct = 'DELIVER IN PERSON'
[32m(release)[0m> 	);
VmRSS Change: 101496 KB
===
1 rows total
Execution info: [PARSE: 93 µs 829 ns, SQL TRANSLATE: 174 µs 568 ns, OPTIMIZE: 7 ms 263 µs, LQP TRANSLATE: 701 µs 873 ns, EXECUTE: 277 ms 349 µs (wall time) | QUERY PLAN CACHE HITS: 0/1 statement(s)]
After reset, table use_count: 2
WARNING: Table still has 1 other owner(s) after pipeline reset!
Executing script file done
$:hsh clear_plan_caches
Cleared PQP and LQP caches
$:hsh clear_pipeline
Released last SQLPipeline
$:hsh reset_exec_pools
Reset execution pools (2, 3) bump pointers to start
$:hsh mem_usage
------------------------------------------
Memory Usage Statistics:
VmSize:	300590024 kB
VmRSS:	80456792 kB
1: MemResourceStatus {MigratedColumnsAggregate,18446744073709551615,63541608448,52888587462,0,0,1,N/A}
MemResourceStatus {DefaultResource,18446744073709551615,18446744073709551615,18446744052778636763,18446744073709105478,0,-1,N/A}
Quick Memory Usage Overview:
Used Capacity: 0, 52888587462
------------------------------------------
Executing script file: /home/umeshsum/tpch_queries/19.sql
[32m(release)[0m> select
[32m(release)[0m> 	sum(l_extendedprice* (1 - l_discount)) as revenue
[32m(release)[0m> from
[32m(release)[0m> 	lineitem,
[32m(release)[0m> 	part
[32m(release)[0m> where
[32m(release)[0m> 	(
[32m(release)[0m> 		p_partkey = l_partkey
[32m(release)[0m> 		and p_brand = 'Brand#12'
[32m(release)[0m> 		and p_container in ('SM CASE', 'SM BOX', 'SM PACK', 'SM PKG')
[32m(release)[0m> 		and l_quantity >= 1 and l_quantity <= 1 + 10
[32m(release)[0m> 		and p_size between 1 and 5
[32m(release)[0m> 		and l_shipmode in ('AIR', 'AIR REG')
[32m(release)[0m> 		and l_shipinstruct = 'DELIVER IN PERSON'
[32m(release)[0m> 	)
[32m(release)[0m> 	or
[32m(release)[0m> 	(
[32m(release)[0m> 		p_partkey = l_partkey
[32m(release)[0m> 		and p_brand = 'Brand#23'
[32m(release)[0m> 		and p_container in ('MED BAG', 'MED BOX', 'MED PKG', 'MED PACK')
[32m(release)[0m> 		and l_quantity >= 10 and l_quantity <= 10 + 10
[32m(release)[0m> 		and p_size between 1 and 10
[32m(release)[0m> 		and l_shipmode in ('AIR', 'AIR REG')
[32m(release)[0m> 		and l_shipinstruct = 'DELIVER IN PERSON'
[32m(release)[0m> 	)
[32m(release)[0m> 	or
[32m(release)[0m> 	(
[32m(release)[0m> 		p_partkey = l_partkey
[32m(release)[0m> 		and p_brand = 'Brand#34'
[32m(release)[0m> 		and p_container in ('LG CASE', 'LG BOX', 'LG PACK', 'LG PKG')
[32m(release)[0m> 		and l_quantity >= 20 and l_quantity <= 20 + 10
[32m(release)[0m> 		and p_size between 1 and 15
[32m(release)[0m> 		and l_shipmode in ('AIR', 'AIR REG')
[32m(release)[0m> 		and l_shipinstruct = 'DELIVER IN PERSON'
[32m(release)[0m> 	);
VmRSS Change: 39848 KB
===
1 rows total
Execution info: [PARSE: 100 µs 719 ns, SQL TRANSLATE: 207 µs 608 ns, OPTIMIZE: 7 ms 252 µs, LQP TRANSLATE: 694 µs 853 ns, EXECUTE: 274 ms 648 µs (wall time) | QUERY PLAN CACHE HITS: 0/1 statement(s)]
After reset, table use_count: 2
WARNING: Table still has 1 other owner(s) after pipeline reset!
Executing script file done
$:hsh clear_plan_caches
Cleared PQP and LQP caches
$:hsh clear_pipeline
Released last SQLPipeline
$:hsh reset_exec_pools
Reset execution pools (2, 3) bump pointers to start
$:hsh mem_usage
------------------------------------------
Memory Usage Statistics:
VmSize:	300590024 kB
VmRSS:	80496652 kB
1: MemResourceStatus {MigratedColumnsAggregate,18446744073709551615,63541608448,52888587462,0,0,1,N/A}
MemResourceStatus {DefaultResource,18446744073709551615,18446744073709551615,18446744052718871423,18446744073709105478,0,-1,N/A}
Quick Memory Usage Overview:
Used Capacity: 0, 52888587462
------------------------------------------
Executing script file: /home/umeshsum/tpch_queries/19.sql
[32m(release)[0m> select
[32m(release)[0m> 	sum(l_extendedprice* (1 - l_discount)) as revenue
[32m(release)[0m> from
[32m(release)[0m> 	lineitem,
[32m(release)[0m> 	part
[32m(release)[0m> where
[32m(release)[0m> 	(
[32m(release)[0m> 		p_partkey = l_partkey
[32m(release)[0m> 		and p_brand = 'Brand#12'
[32m(release)[0m> 		and p_container in ('SM CASE', 'SM BOX', 'SM PACK', 'SM PKG')
[32m(release)[0m> 		and l_quantity >= 1 and l_quantity <= 1 + 10
[32m(release)[0m> 		and p_size between 1 and 5
[32m(release)[0m> 		and l_shipmode in ('AIR', 'AIR REG')
[32m(release)[0m> 		and l_shipinstruct = 'DELIVER IN PERSON'
[32m(release)[0m> 	)
[32m(release)[0m> 	or
[32m(release)[0m> 	(
[32m(release)[0m> 		p_partkey = l_partkey
[32m(release)[0m> 		and p_brand = 'Brand#23'
[32m(release)[0m> 		and p_container in ('MED BAG', 'MED BOX', 'MED PKG', 'MED PACK')
[32m(release)[0m> 		and l_quantity >= 10 and l_quantity <= 10 + 10
[32m(release)[0m> 		and p_size between 1 and 10
[32m(release)[0m> 		and l_shipmode in ('AIR', 'AIR REG')
[32m(release)[0m> 		and l_shipinstruct = 'DELIVER IN PERSON'
[32m(release)[0m> 	)
[32m(release)[0m> 	or
[32m(release)[0m> 	(
[32m(release)[0m> 		p_partkey = l_partkey
[32m(release)[0m> 		and p_brand = 'Brand#34'
[32m(release)[0m> 		and p_container in ('LG CASE', 'LG BOX', 'LG PACK', 'LG PKG')
[32m(release)[0m> 		and l_quantity >= 20 and l_quantity <= 20 + 10
[32m(release)[0m> 		and p_size between 1 and 15
[32m(release)[0m> 		and l_shipmode in ('AIR', 'AIR REG')
[32m(release)[0m> 		and l_shipinstruct = 'DELIVER IN PERSON'
[32m(release)[0m> 	);
VmRSS Change: 86964 KB
===
1 rows total
Execution info: [PARSE: 97 µs 139 ns, SQL TRANSLATE: 164 µs 179 ns, OPTIMIZE: 7 ms 183 µs, LQP TRANSLATE: 763 µs 143 ns, EXECUTE: 277 ms 91 µs (wall time) | QUERY PLAN CACHE HITS: 0/1 statement(s)]
After reset, table use_count: 2
WARNING: Table still has 1 other owner(s) after pipeline reset!
Executing script file done
$:hsh clear_plan_caches
Cleared PQP and LQP caches
$:hsh clear_pipeline
Released last SQLPipeline
$:hsh reset_exec_pools
Reset execution pools (2, 3) bump pointers to start
$:hsh mem_usage
------------------------------------------
Memory Usage Statistics:
VmSize:	300590024 kB
VmRSS:	80583616 kB
1: MemResourceStatus {MigratedColumnsAggregate,18446744073709551615,63541608448,52888587462,0,0,1,N/A}
MemResourceStatus {DefaultResource,18446744073709551615,18446744073709551615,18446744052657373031,18446744073709105478,0,-1,N/A}
Quick Memory Usage Overview:
Used Capacity: 0, 52888587462
------------------------------------------
Executing script file: /home/umeshsum/tpch_queries/19.sql
[32m(release)[0m> select
[32m(release)[0m> 	sum(l_extendedprice* (1 - l_discount)) as revenue
[32m(release)[0m> from
[32m(release)[0m> 	lineitem,
[32m(release)[0m> 	part
[32m(release)[0m> where
[32m(release)[0m> 	(
[32m(release)[0m> 		p_partkey = l_partkey
[32m(release)[0m> 		and p_brand = 'Brand#12'
[32m(release)[0m> 		and p_container in ('SM CASE', 'SM BOX', 'SM PACK', 'SM PKG')
[32m(release)[0m> 		and l_quantity >= 1 and l_quantity <= 1 + 10
[32m(release)[0m> 		and p_size between 1 and 5
[32m(release)[0m> 		and l_shipmode in ('AIR', 'AIR REG')
[32m(release)[0m> 		and l_shipinstruct = 'DELIVER IN PERSON'
[32m(release)[0m> 	)
[32m(release)[0m> 	or
[32m(release)[0m> 	(
[32m(release)[0m> 		p_partkey = l_partkey
[32m(release)[0m> 		and p_brand = 'Brand#23'
[32m(release)[0m> 		and p_container in ('MED BAG', 'MED BOX', 'MED PKG', 'MED PACK')
[32m(release)[0m> 		and l_quantity >= 10 and l_quantity <= 10 + 10
[32m(release)[0m> 		and p_size between 1 and 10
[32m(release)[0m> 		and l_shipmode in ('AIR', 'AIR REG')
[32m(release)[0m> 		and l_shipinstruct = 'DELIVER IN PERSON'
[32m(release)[0m> 	)
[32m(release)[0m> 	or
[32m(release)[0m> 	(
[32m(release)[0m> 		p_partkey = l_partkey
[32m(release)[0m> 		and p_brand = 'Brand#34'
[32m(release)[0m> 		and p_container in ('LG CASE', 'LG BOX', 'LG PACK', 'LG PKG')
[32m(release)[0m> 		and l_quantity >= 20 and l_quantity <= 20 + 10
[32m(release)[0m> 		and p_size between 1 and 15
[32m(release)[0m> 		and l_shipmode in ('AIR', 'AIR REG')
[32m(release)[0m> 		and l_shipinstruct = 'DELIVER IN PERSON'
[32m(release)[0m> 	);
VmRSS Change: 70320 KB
===
1 rows total
Execution info: [PARSE: 94 µs 99 ns, SQL TRANSLATE: 178 µs 398 ns, OPTIMIZE: 7 ms 114 µs, LQP TRANSLATE: 700 µs 313 ns, EXECUTE: 273 ms 352 µs (wall time) | QUERY PLAN CACHE HITS: 0/1 statement(s)]
After reset, table use_count: 2
WARNING: Table still has 1 other owner(s) after pipeline reset!
Executing script file done
$:hsh clear_plan_caches
Cleared PQP and LQP caches
$:hsh clear_pipeline
Released last SQLPipeline
$:hsh reset_exec_pools
Reset execution pools (2, 3) bump pointers to start
$:hsh mem_usage
------------------------------------------
Memory Usage Statistics:
VmSize:	300590024 kB
VmRSS:	80653936 kB
1: MemResourceStatus {MigratedColumnsAggregate,18446744073709551615,63541608448,52888587462,0,0,1,N/A}
MemResourceStatus {DefaultResource,18446744073709551615,18446744073709551615,18446744052600947949,18446744073709105478,0,-1,N/A}
Quick Memory Usage Overview:
Used Capacity: 0, 52888587462
------------------------------------------
Executing script file: /home/umeshsum/tpch_queries/19.sql
[32m(release)[0m> select
[32m(release)[0m> 	sum(l_extendedprice* (1 - l_discount)) as revenue
[32m(release)[0m> from
[32m(release)[0m> 	lineitem,
[32m(release)[0m> 	part
[32m(release)[0m> where
[32m(release)[0m> 	(
[32m(release)[0m> 		p_partkey = l_partkey
[32m(release)[0m> 		and p_brand = 'Brand#12'
[32m(release)[0m> 		and p_container in ('SM CASE', 'SM BOX', 'SM PACK', 'SM PKG')
[32m(release)[0m> 		and l_quantity >= 1 and l_quantity <= 1 + 10
[32m(release)[0m> 		and p_size between 1 and 5
[32m(release)[0m> 		and l_shipmode in ('AIR', 'AIR REG')
[32m(release)[0m> 		and l_shipinstruct = 'DELIVER IN PERSON'
[32m(release)[0m> 	)
[32m(release)[0m> 	or
[32m(release)[0m> 	(
[32m(release)[0m> 		p_partkey = l_partkey
[32m(release)[0m> 		and p_brand = 'Brand#23'
[32m(release)[0m> 		and p_container in ('MED BAG', 'MED BOX', 'MED PKG', 'MED PACK')
[32m(release)[0m> 		and l_quantity >= 10 and l_quantity <= 10 + 10
[32m(release)[0m> 		and p_size between 1 and 10
[32m(release)[0m> 		and l_shipmode in ('AIR', 'AIR REG')
[32m(release)[0m> 		and l_shipinstruct = 'DELIVER IN PERSON'
[32m(release)[0m> 	)
[32m(release)[0m> 	or
[32m(release)[0m> 	(
[32m(release)[0m> 		p_partkey = l_partkey
[32m(release)[0m> 		and p_brand = 'Brand#34'
[32m(release)[0m> 		and p_container in ('LG CASE', 'LG BOX', 'LG PACK', 'LG PKG')
[32m(release)[0m> 		and l_quantity >= 20 and l_quantity <= 20 + 10
[32m(release)[0m> 		and p_size between 1 and 15
[32m(release)[0m> 		and l_shipmode in ('AIR', 'AIR REG')
[32m(release)[0m> 		and l_shipinstruct = 'DELIVER IN PERSON'
[32m(release)[0m> 	);
VmRSS Change: 96824 KB
===
1 rows total
Execution info: [PARSE: 96 µs 519 ns, SQL TRANSLATE: 167 µs 308 ns, OPTIMIZE: 7 ms 64 µs, LQP TRANSLATE: 704 µs 483 ns, EXECUTE: 275 ms 114 µs (wall time) | QUERY PLAN CACHE HITS: 0/1 statement(s)]
After reset, table use_count: 2
WARNING: Table still has 1 other owner(s) after pipeline reset!
Executing script file done
$:hsh clear_plan_caches
Cleared PQP and LQP caches
$:hsh clear_pipeline
Released last SQLPipeline
$:hsh reset_exec_pools
Reset execution pools (2, 3) bump pointers to start
$:hsh mem_usage
------------------------------------------
Memory Usage Statistics:
VmSize:	300590024 kB
VmRSS:	80750760 kB
1: MemResourceStatus {MigratedColumnsAggregate,18446744073709551615,63541608448,52888587462,0,0,1,N/A}
MemResourceStatus {DefaultResource,18446744073709551615,18446744073709551615,18446744052538911523,18446744073709105478,0,-1,N/A}
Quick Memory Usage Overview:
Used Capacity: 0, 52888587462
------------------------------------------
Executing script file: /home/umeshsum/tpch_queries/19.sql
[32m(release)[0m> select
[32m(release)[0m> 	sum(l_extendedprice* (1 - l_discount)) as revenue
[32m(release)[0m> from
[32m(release)[0m> 	lineitem,
[32m(release)[0m> 	part
[32m(release)[0m> where
[32m(release)[0m> 	(
[32m(release)[0m> 		p_partkey = l_partkey
[32m(release)[0m> 		and p_brand = 'Brand#12'
[32m(release)[0m> 		and p_container in ('SM CASE', 'SM BOX', 'SM PACK', 'SM PKG')
[32m(release)[0m> 		and l_quantity >= 1 and l_quantity <= 1 + 10
[32m(release)[0m> 		and p_size between 1 and 5
[32m(release)[0m> 		and l_shipmode in ('AIR', 'AIR REG')
[32m(release)[0m> 		and l_shipinstruct = 'DELIVER IN PERSON'
[32m(release)[0m> 	)
[32m(release)[0m> 	or
[32m(release)[0m> 	(
[32m(release)[0m> 		p_partkey = l_partkey
[32m(release)[0m> 		and p_brand = 'Brand#23'
[32m(release)[0m> 		and p_container in ('MED BAG', 'MED BOX', 'MED PKG', 'MED PACK')
[32m(release)[0m> 		and l_quantity >= 10 and l_quantity <= 10 + 10
[32m(release)[0m> 		and p_size between 1 and 10
[32m(release)[0m> 		and l_shipmode in ('AIR', 'AIR REG')
[32m(release)[0m> 		and l_shipinstruct = 'DELIVER IN PERSON'
[32m(release)[0m> 	)
[32m(release)[0m> 	or
[32m(release)[0m> 	(
[32m(release)[0m> 		p_partkey = l_partkey
[32m(release)[0m> 		and p_brand = 'Brand#34'
[32m(release)[0m> 		and p_container in ('LG CASE', 'LG BOX', 'LG PACK', 'LG PKG')
[32m(release)[0m> 		and l_quantity >= 20 and l_quantity <= 20 + 10
[32m(release)[0m> 		and p_size between 1 and 15
[32m(release)[0m> 		and l_shipmode in ('AIR', 'AIR REG')
[32m(release)[0m> 		and l_shipinstruct = 'DELIVER IN PERSON'
[32m(release)[0m> 	);
VmRSS Change: 71792 KB
===
1 rows total
Execution info: [PARSE: 91 µs 859 ns, SQL TRANSLATE: 165 µs 868 ns, OPTIMIZE: 7 ms 94 µs, LQP TRANSLATE: 708 µs 982 ns, EXECUTE: 281 ms 214 µs (wall time) | QUERY PLAN CACHE HITS: 0/1 statement(s)]
After reset, table use_count: 2
WARNING: Table still has 1 other owner(s) after pipeline reset!
Executing script file done
$:hsh clear_plan_caches
Cleared PQP and LQP caches
$:hsh clear_pipeline
Released last SQLPipeline
$:hsh reset_exec_pools
Reset execution pools (2, 3) bump pointers to start
$:hsh mem_usage
------------------------------------------
Memory Usage Statistics:
VmSize:	300590024 kB
VmRSS:	80822552 kB
1: MemResourceStatus {MigratedColumnsAggregate,18446744073709551615,63541608448,52888587462,0,0,1,N/A}
MemResourceStatus {DefaultResource,18446744073709551615,18446744073709551615,18446744052484497285,18446744073709105478,0,-1,N/A}
Quick Memory Usage Overview:
Used Capacity: 0, 52888587462
------------------------------------------
Label set to d0_tf0_q1
$:hsh clear_plan_caches
Cleared PQP and LQP caches
$:hsh clear_pipeline
Released last SQLPipeline
$:hsh reset_exec_pools
Reset execution pools (2, 3) bump pointers to start
$:hsh mem_usage
------------------------------------------
Memory Usage Statistics:
VmSize:	300590024 kB
VmRSS:	80822552 kB
1: MemResourceStatus {MigratedColumnsAggregate,18446744073709551615,63541608448,52888587462,0,0,1,N/A}
MemResourceStatus {DefaultResource,18446744073709551615,18446744073709551615,18446744052484497285,18446744073709105478,0,-1,N/A}
Quick Memory Usage Overview:
Used Capacity: 0, 52888587462
------------------------------------------
Executing script file: /home/umeshsum/tpch_queries/1.sql
[32m(release)[0m> select
[32m(release)[0m> 	l_returnflag,
[32m(release)[0m> 	l_linestatus,
[32m(release)[0m> 	sum(l_quantity) as sum_qty,
[32m(release)[0m> 	sum(l_extendedprice) as sum_base_price,
[32m(release)[0m> 	sum(l_extendedprice * (1 - l_discount)) as sum_disc_price,
[32m(release)[0m> 	sum(l_extendedprice * (1 - l_discount) * (1 + l_tax)) as sum_charge,
[32m(release)[0m> 	avg(l_quantity) as avg_qty,
[32m(release)[0m> 	avg(l_extendedprice) as avg_price,
[32m(release)[0m> 	avg(l_discount) as avg_disc,
[32m(release)[0m> 	count(*) as count_order
[32m(release)[0m> from
[32m(release)[0m> 	lineitem
[32m(release)[0m> where
[32m(release)[0m> 	l_shipdate <= date '1998-12-01' - interval '90' day
[32m(release)[0m> group by
[32m(release)[0m> 	l_returnflag,
[32m(release)[0m> 	l_linestatus
[32m(release)[0m> order by
[32m(release)[0m> 	l_returnflag,
[32m(release)[0m> 	l_linestatus;
VmRSS Change: 595032 KB
===
4 rows total
Execution info: [PARSE: 65 µs 259 ns, SQL TRANSLATE: 152 µs 568 ns, OPTIMIZE: 8 ms 804 µs, LQP TRANSLATE: 153 µs 118 ns, EXECUTE: 21 s 252 ms (wall time) | QUERY PLAN CACHE HITS: 0/1 statement(s)]
After reset, table use_count: 2
WARNING: Table still has 1 other owner(s) after pipeline reset!
Executing script file done
$:hsh clear_plan_caches
Cleared PQP and LQP caches
$:hsh clear_pipeline
Released last SQLPipeline
$:hsh reset_exec_pools
Reset execution pools (2, 3) bump pointers to start
$:hsh mem_usage
------------------------------------------
Memory Usage Statistics:
VmSize:	300590024 kB
VmRSS:	81417584 kB
1: MemResourceStatus {MigratedColumnsAggregate,18446744073709551615,63541608448,52888587462,0,0,1,N/A}
MemResourceStatus {DefaultResource,18446744073709551615,18446744073709551615,18446744052417278013,18446744073709105478,0,-1,N/A}
Quick Memory Usage Overview:
Used Capacity: 0, 52888587462
------------------------------------------
Executing script file: /home/umeshsum/tpch_queries/1.sql
[32m(release)[0m> select
[32m(release)[0m> 	l_returnflag,
[32m(release)[0m> 	l_linestatus,
[32m(release)[0m> 	sum(l_quantity) as sum_qty,
[32m(release)[0m> 	sum(l_extendedprice) as sum_base_price,
[32m(release)[0m> 	sum(l_extendedprice * (1 - l_discount)) as sum_disc_price,
[32m(release)[0m> 	sum(l_extendedprice * (1 - l_discount) * (1 + l_tax)) as sum_charge,
[32m(release)[0m> 	avg(l_quantity) as avg_qty,
[32m(release)[0m> 	avg(l_extendedprice) as avg_price,
[32m(release)[0m> 	avg(l_discount) as avg_disc,
[32m(release)[0m> 	count(*) as count_order
[32m(release)[0m> from
[32m(release)[0m> 	lineitem
[32m(release)[0m> where
[32m(release)[0m> 	l_shipdate <= date '1998-12-01' - interval '90' day
[32m(release)[0m> group by
[32m(release)[0m> 	l_returnflag,
[32m(release)[0m> 	l_linestatus
[32m(release)[0m> order by
[32m(release)[0m> 	l_returnflag,
[32m(release)[0m> 	l_linestatus;
VmRSS Change: 1833388 KB
===
4 rows total
Execution info: [PARSE: 70 µs 969 ns, SQL TRANSLATE: 155 µs 268 ns, OPTIMIZE: 5 ms 769 µs, LQP TRANSLATE: 228 µs 138 ns, EXECUTE: 20 s 564 ms (wall time) | QUERY PLAN CACHE HITS: 0/1 statement(s)]
After reset, table use_count: 2
WARNING: Table still has 1 other owner(s) after pipeline reset!
Executing script file done
$:hsh clear_plan_caches
Cleared PQP and LQP caches
$:hsh clear_pipeline
Released last SQLPipeline
$:hsh reset_exec_pools
Reset execution pools (2, 3) bump pointers to start
$:hsh mem_usage
------------------------------------------
Memory Usage Statistics:
VmSize:	300590024 kB
VmRSS:	83250960 kB
1: MemResourceStatus {MigratedColumnsAggregate,18446744073709551615,63541608448,52888587462,0,0,1,N/A}
MemResourceStatus {DefaultResource,18446744073709551615,18446744073709551615,18446744052328993757,18446744073709105478,0,-1,N/A}
Quick Memory Usage Overview:
Used Capacity: 0, 52888587462
------------------------------------------
Executing script file: /home/umeshsum/tpch_queries/1.sql
[32m(release)[0m> select
[32m(release)[0m> 	l_returnflag,
[32m(release)[0m> 	l_linestatus,
[32m(release)[0m> 	sum(l_quantity) as sum_qty,
[32m(release)[0m> 	sum(l_extendedprice) as sum_base_price,
[32m(release)[0m> 	sum(l_extendedprice * (1 - l_discount)) as sum_disc_price,
[32m(release)[0m> 	sum(l_extendedprice * (1 - l_discount) * (1 + l_tax)) as sum_charge,
[32m(release)[0m> 	avg(l_quantity) as avg_qty,
[32m(release)[0m> 	avg(l_extendedprice) as avg_price,
[32m(release)[0m> 	avg(l_discount) as avg_disc,
[32m(release)[0m> 	count(*) as count_order
[32m(release)[0m> from
[32m(release)[0m> 	lineitem
[32m(release)[0m> where
[32m(release)[0m> 	l_shipdate <= date '1998-12-01' - interval '90' day
[32m(release)[0m> group by
[32m(release)[0m> 	l_returnflag,
[32m(release)[0m> 	l_linestatus
[32m(release)[0m> order by
[32m(release)[0m> 	l_returnflag,
[32m(release)[0m> 	l_linestatus;
VmRSS Change: 18446744073706711676 KB
===
4 rows total
Execution info: [PARSE: 67 µs 719 ns, SQL TRANSLATE: 151 µs 569 ns, OPTIMIZE: 4 ms 10 µs, LQP TRANSLATE: 153 µs 79 ns, EXECUTE: 21 s 301 ms (wall time) | QUERY PLAN CACHE HITS: 0/1 statement(s)]
After reset, table use_count: 2
WARNING: Table still has 1 other owner(s) after pipeline reset!
Executing script file done
$:hsh clear_plan_caches
Cleared PQP and LQP caches
$:hsh clear_pipeline
Released last SQLPipeline
$:hsh reset_exec_pools
Reset execution pools (2, 3) bump pointers to start
$:hsh mem_usage
------------------------------------------
Memory Usage Statistics:
VmSize:	300590024 kB
VmRSS:	80410984 kB
1: MemResourceStatus {MigratedColumnsAggregate,18446744073709551615,63541608448,52888587462,0,0,1,N/A}
MemResourceStatus {DefaultResource,18446744073709551615,18446744073709551615,18446744052244101137,18446744073709105478,0,-1,N/A}
Quick Memory Usage Overview:
Used Capacity: 0, 52888587462
------------------------------------------
Executing script file: /home/umeshsum/tpch_queries/1.sql
[32m(release)[0m> select
[32m(release)[0m> 	l_returnflag,
[32m(release)[0m> 	l_linestatus,
[32m(release)[0m> 	sum(l_quantity) as sum_qty,
[32m(release)[0m> 	sum(l_extendedprice) as sum_base_price,
[32m(release)[0m> 	sum(l_extendedprice * (1 - l_discount)) as sum_disc_price,
[32m(release)[0m> 	sum(l_extendedprice * (1 - l_discount) * (1 + l_tax)) as sum_charge,
[32m(release)[0m> 	avg(l_quantity) as avg_qty,
[32m(release)[0m> 	avg(l_extendedprice) as avg_price,
[32m(release)[0m> 	avg(l_discount) as avg_disc,
[32m(release)[0m> 	count(*) as count_order
[32m(release)[0m> from
[32m(release)[0m> 	lineitem
[32m(release)[0m> where
[32m(release)[0m> 	l_shipdate <= date '1998-12-01' - interval '90' day
[32m(release)[0m> group by
[32m(release)[0m> 	l_returnflag,
[32m(release)[0m> 	l_linestatus
[32m(release)[0m> order by
[32m(release)[0m> 	l_returnflag,
[32m(release)[0m> 	l_linestatus;
VmRSS Change: 4327260 KB
===
4 rows total
Execution info: [PARSE: 67 µs 590 ns, SQL TRANSLATE: 151 µs 398 ns, OPTIMIZE: 3 ms 347 µs, LQP TRANSLATE: 152 µs 759 ns, EXECUTE: 20 s 576 ms (wall time) | QUERY PLAN CACHE HITS: 0/1 statement(s)]
After reset, table use_count: 2
WARNING: Table still has 1 other owner(s) after pipeline reset!
Executing script file done
$:hsh clear_plan_caches
Cleared PQP and LQP caches
$:hsh clear_pipeline
Released last SQLPipeline
$:hsh reset_exec_pools
Reset execution pools (2, 3) bump pointers to start
$:hsh mem_usage
------------------------------------------
Memory Usage Statistics:
VmSize:	303342536 kB
VmRSS:	84738060 kB
1: MemResourceStatus {MigratedColumnsAggregate,18446744073709551615,63541608448,52888587462,0,0,1,N/A}
MemResourceStatus {DefaultResource,18446744073709551615,18446744073709551615,18446744052185451493,18446744073709105478,0,-1,N/A}
Quick Memory Usage Overview:
Used Capacity: 0, 52888587462
------------------------------------------
Executing script file: /home/umeshsum/tpch_queries/1.sql
[32m(release)[0m> select
[32m(release)[0m> 	l_returnflag,
[32m(release)[0m> 	l_linestatus,
[32m(release)[0m> 	sum(l_quantity) as sum_qty,
[32m(release)[0m> 	sum(l_extendedprice) as sum_base_price,
[32m(release)[0m> 	sum(l_extendedprice * (1 - l_discount)) as sum_disc_price,
[32m(release)[0m> 	sum(l_extendedprice * (1 - l_discount) * (1 + l_tax)) as sum_charge,
[32m(release)[0m> 	avg(l_quantity) as avg_qty,
[32m(release)[0m> 	avg(l_extendedprice) as avg_price,
[32m(release)[0m> 	avg(l_discount) as avg_disc,
[32m(release)[0m> 	count(*) as count_order
[32m(release)[0m> from
[32m(release)[0m> 	lineitem
[32m(release)[0m> where
[32m(release)[0m> 	l_shipdate <= date '1998-12-01' - interval '90' day
[32m(release)[0m> group by
[32m(release)[0m> 	l_returnflag,
[32m(release)[0m> 	l_linestatus
[32m(release)[0m> order by
[32m(release)[0m> 	l_returnflag,
[32m(release)[0m> 	l_linestatus;
VmRSS Change: 18446744073708309888 KB
===
4 rows total
Execution info: [PARSE: 73 µs 219 ns, SQL TRANSLATE: 185 µs 788 ns, OPTIMIZE: 5 ms 107 µs, LQP TRANSLATE: 165 µs 328 ns, EXECUTE: 21 s 287 ms (wall time) | QUERY PLAN CACHE HITS: 0/1 statement(s)]
After reset, table use_count: 2
WARNING: Table still has 1 other owner(s) after pipeline reset!
Executing script file done
$:hsh clear_plan_caches
Cleared PQP and LQP caches
$:hsh clear_pipeline
Released last SQLPipeline
$:hsh reset_exec_pools
Reset execution pools (2, 3) bump pointers to start
$:hsh mem_usage
------------------------------------------
Memory Usage Statistics:
VmSize:	303342536 kB
VmRSS:	83496332 kB
1: MemResourceStatus {MigratedColumnsAggregate,18446744073709551615,63541608448,52888587462,0,0,1,N/A}
MemResourceStatus {DefaultResource,18446744073709551615,18446744073709551615,18446744052112158549,18446744073709105478,0,-1,N/A}
Quick Memory Usage Overview:
Used Capacity: 0, 52888587462
------------------------------------------
Executing script file: /home/umeshsum/tpch_queries/1.sql
[32m(release)[0m> select
[32m(release)[0m> 	l_returnflag,
[32m(release)[0m> 	l_linestatus,
[32m(release)[0m> 	sum(l_quantity) as sum_qty,
[32m(release)[0m> 	sum(l_extendedprice) as sum_base_price,
[32m(release)[0m> 	sum(l_extendedprice * (1 - l_discount)) as sum_disc_price,
[32m(release)[0m> 	sum(l_extendedprice * (1 - l_discount) * (1 + l_tax)) as sum_charge,
[32m(release)[0m> 	avg(l_quantity) as avg_qty,
[32m(release)[0m> 	avg(l_extendedprice) as avg_price,
[32m(release)[0m> 	avg(l_discount) as avg_disc,
[32m(release)[0m> 	count(*) as count_order
[32m(release)[0m> from
[32m(release)[0m> 	lineitem
[32m(release)[0m> where
[32m(release)[0m> 	l_shipdate <= date '1998-12-01' - interval '90' day
[32m(release)[0m> group by
[32m(release)[0m> 	l_returnflag,
[32m(release)[0m> 	l_linestatus
[32m(release)[0m> order by
[32m(release)[0m> 	l_returnflag,
[32m(release)[0m> 	l_linestatus;
VmRSS Change: 18446744073708010164 KB
===
4 rows total
Execution info: [PARSE: 64 µs 69 ns, SQL TRANSLATE: 244 µs 778 ns, OPTIMIZE: 6 ms 347 µs, LQP TRANSLATE: 159 µs 528 ns, EXECUTE: 19 s 861 ms (wall time) | QUERY PLAN CACHE HITS: 0/1 statement(s)]
After reset, table use_count: 2
WARNING: Table still has 1 other owner(s) after pipeline reset!
Executing script file done
$:hsh clear_plan_caches
Cleared PQP and LQP caches
$:hsh clear_pipeline
Released last SQLPipeline
$:hsh reset_exec_pools
Reset execution pools (2, 3) bump pointers to start
$:hsh mem_usage
------------------------------------------
Memory Usage Statistics:
VmSize:	303342536 kB
VmRSS:	81954872 kB
1: MemResourceStatus {MigratedColumnsAggregate,18446744073709551615,63541608448,52888587462,0,0,1,N/A}
MemResourceStatus {DefaultResource,18446744073709551615,18446744073709551615,18446744052029281545,18446744073709105478,0,-1,N/A}
Quick Memory Usage Overview:
Used Capacity: 0, 52888587462
------------------------------------------
Executing script file: /home/umeshsum/tpch_queries/1.sql
[32m(release)[0m> select
[32m(release)[0m> 	l_returnflag,
[32m(release)[0m> 	l_linestatus,
[32m(release)[0m> 	sum(l_quantity) as sum_qty,
[32m(release)[0m> 	sum(l_extendedprice) as sum_base_price,
[32m(release)[0m> 	sum(l_extendedprice * (1 - l_discount)) as sum_disc_price,
[32m(release)[0m> 	sum(l_extendedprice * (1 - l_discount) * (1 + l_tax)) as sum_charge,
[32m(release)[0m> 	avg(l_quantity) as avg_qty,
[32m(release)[0m> 	avg(l_extendedprice) as avg_price,
[32m(release)[0m> 	avg(l_discount) as avg_disc,
[32m(release)[0m> 	count(*) as count_order
[32m(release)[0m> from
[32m(release)[0m> 	lineitem
[32m(release)[0m> where
[32m(release)[0m> 	l_shipdate <= date '1998-12-01' - interval '90' day
[32m(release)[0m> group by
[32m(release)[0m> 	l_returnflag,
[32m(release)[0m> 	l_linestatus
[32m(release)[0m> order by
[32m(release)[0m> 	l_returnflag,
[32m(release)[0m> 	l_linestatus;
VmRSS Change: 18446744073706723140 KB
===
4 rows total
Execution info: [PARSE: 65 µs 19 ns, SQL TRANSLATE: 254 µs 177 ns, OPTIMIZE: 4 ms 136 µs, LQP TRANSLATE: 160 µs 949 ns, EXECUTE: 21 s 776 ms (wall time) | QUERY PLAN CACHE HITS: 0/1 statement(s)]
After reset, table use_count: 2
WARNING: Table still has 1 other owner(s) after pipeline reset!
Executing script file done
$:hsh clear_plan_caches
Cleared PQP and LQP caches
$:hsh clear_pipeline
Released last SQLPipeline
$:hsh reset_exec_pools
Reset execution pools (2, 3) bump pointers to start
$:hsh mem_usage
------------------------------------------
Memory Usage Statistics:
VmSize:	303342536 kB
VmRSS:	79126392 kB
1: MemResourceStatus {MigratedColumnsAggregate,18446744073709551615,63541608448,52888587462,0,0,1,N/A}
MemResourceStatus {DefaultResource,18446744073709551615,18446744073709551615,18446744051962122945,18446744073709105478,0,-1,N/A}
Quick Memory Usage Overview:
Used Capacity: 0, 52888587462
------------------------------------------
Executing script file: /home/umeshsum/tpch_queries/1.sql
[32m(release)[0m> select
[32m(release)[0m> 	l_returnflag,
[32m(release)[0m> 	l_linestatus,
[32m(release)[0m> 	sum(l_quantity) as sum_qty,
[32m(release)[0m> 	sum(l_extendedprice) as sum_base_price,
[32m(release)[0m> 	sum(l_extendedprice * (1 - l_discount)) as sum_disc_price,
[32m(release)[0m> 	sum(l_extendedprice * (1 - l_discount) * (1 + l_tax)) as sum_charge,
[32m(release)[0m> 	avg(l_quantity) as avg_qty,
[32m(release)[0m> 	avg(l_extendedprice) as avg_price,
[32m(release)[0m> 	avg(l_discount) as avg_disc,
[32m(release)[0m> 	count(*) as count_order
[32m(release)[0m> from
[32m(release)[0m> 	lineitem
[32m(release)[0m> where
[32m(release)[0m> 	l_shipdate <= date '1998-12-01' - interval '90' day
[32m(release)[0m> group by
[32m(release)[0m> 	l_returnflag,
[32m(release)[0m> 	l_linestatus
[32m(release)[0m> order by
[32m(release)[0m> 	l_returnflag,
[32m(release)[0m> 	l_linestatus;
VmRSS Change: 18446744073709244648 KB
===
4 rows total
Execution info: [PARSE: 73 µs 919 ns, SQL TRANSLATE: 253 µs 538 ns, OPTIMIZE: 5 ms 159 µs, LQP TRANSLATE: 161 µs 888 ns, EXECUTE: 20 s 706 ms (wall time) | QUERY PLAN CACHE HITS: 0/1 statement(s)]
After reset, table use_count: 2
WARNING: Table still has 1 other owner(s) after pipeline reset!
Executing script file done
$:hsh clear_plan_caches
Cleared PQP and LQP caches
$:hsh clear_pipeline
Released last SQLPipeline
$:hsh reset_exec_pools
Reset execution pools (2, 3) bump pointers to start
$:hsh mem_usage
------------------------------------------
Memory Usage Statistics:
VmSize:	303342536 kB
VmRSS:	78819424 kB
1: MemResourceStatus {MigratedColumnsAggregate,18446744073709551615,63541608448,52888587462,0,0,1,N/A}
MemResourceStatus {DefaultResource,18446744073709551615,18446744073709551615,18446744051890465313,18446744073709105478,0,-1,N/A}
Quick Memory Usage Overview:
Used Capacity: 0, 52888587462
------------------------------------------
Executing script file: /home/umeshsum/tpch_queries/1.sql
[32m(release)[0m> select
[32m(release)[0m> 	l_returnflag,
[32m(release)[0m> 	l_linestatus,
[32m(release)[0m> 	sum(l_quantity) as sum_qty,
[32m(release)[0m> 	sum(l_extendedprice) as sum_base_price,
[32m(release)[0m> 	sum(l_extendedprice * (1 - l_discount)) as sum_disc_price,
[32m(release)[0m> 	sum(l_extendedprice * (1 - l_discount) * (1 + l_tax)) as sum_charge,
[32m(release)[0m> 	avg(l_quantity) as avg_qty,
[32m(release)[0m> 	avg(l_extendedprice) as avg_price,
[32m(release)[0m> 	avg(l_discount) as avg_disc,
[32m(release)[0m> 	count(*) as count_order
[32m(release)[0m> from
[32m(release)[0m> 	lineitem
[32m(release)[0m> where
[32m(release)[0m> 	l_shipdate <= date '1998-12-01' - interval '90' day
[32m(release)[0m> group by
[32m(release)[0m> 	l_returnflag,
[32m(release)[0m> 	l_linestatus
[32m(release)[0m> order by
[32m(release)[0m> 	l_returnflag,
[32m(release)[0m> 	l_linestatus;
VmRSS Change: 3298596 KB
===
4 rows total
Execution info: [PARSE: 63 µs 970 ns, SQL TRANSLATE: 252 µs 887 ns, OPTIMIZE: 6 ms 269 µs, LQP TRANSLATE: 159 µs 48 ns, EXECUTE: 20 s 637 ms (wall time) | QUERY PLAN CACHE HITS: 0/1 statement(s)]
After reset, table use_count: 2
WARNING: Table still has 1 other owner(s) after pipeline reset!
Executing script file done
$:hsh clear_plan_caches
Cleared PQP and LQP caches
$:hsh clear_pipeline
Released last SQLPipeline
$:hsh reset_exec_pools
Reset execution pools (2, 3) bump pointers to start
$:hsh mem_usage
------------------------------------------
Memory Usage Statistics:
VmSize:	303342536 kB
VmRSS:	82118016 kB
1: MemResourceStatus {MigratedColumnsAggregate,18446744073709551615,63541608448,52888587462,0,0,1,N/A}
MemResourceStatus {DefaultResource,18446744073709551615,18446744073709551615,18446744051828777817,18446744073709105478,0,-1,N/A}
Quick Memory Usage Overview:
Used Capacity: 0, 52888587462
------------------------------------------
Executing script file: /home/umeshsum/tpch_queries/1.sql
[32m(release)[0m> select
[32m(release)[0m> 	l_returnflag,
[32m(release)[0m> 	l_linestatus,
[32m(release)[0m> 	sum(l_quantity) as sum_qty,
[32m(release)[0m> 	sum(l_extendedprice) as sum_base_price,
[32m(release)[0m> 	sum(l_extendedprice * (1 - l_discount)) as sum_disc_price,
[32m(release)[0m> 	sum(l_extendedprice * (1 - l_discount) * (1 + l_tax)) as sum_charge,
[32m(release)[0m> 	avg(l_quantity) as avg_qty,
[32m(release)[0m> 	avg(l_extendedprice) as avg_price,
[32m(release)[0m> 	avg(l_discount) as avg_disc,
[32m(release)[0m> 	count(*) as count_order
[32m(release)[0m> from
[32m(release)[0m> 	lineitem
[32m(release)[0m> where
[32m(release)[0m> 	l_shipdate <= date '1998-12-01' - interval '90' day
[32m(release)[0m> group by
[32m(release)[0m> 	l_returnflag,
[32m(release)[0m> 	l_linestatus
[32m(release)[0m> order by
[32m(release)[0m> 	l_returnflag,
[32m(release)[0m> 	l_linestatus;
VmRSS Change: 18446744073705462768 KB
===
4 rows total
Execution info: [PARSE: 134 µs 799 ns, SQL TRANSLATE: 152 µs 779 ns, OPTIMIZE: 3 ms 767 µs, LQP TRANSLATE: 158 µs 398 ns, EXECUTE: 21 s 811 ms (wall time) | QUERY PLAN CACHE HITS: 0/1 statement(s)]
After reset, table use_count: 2
WARNING: Table still has 1 other owner(s) after pipeline reset!
Executing script file done
$:hsh clear_plan_caches
Cleared PQP and LQP caches
$:hsh clear_pipeline
Released last SQLPipeline
$:hsh reset_exec_pools
Reset execution pools (2, 3) bump pointers to start
$:hsh mem_usage
------------------------------------------
Memory Usage Statistics:
VmSize:	303342536 kB
VmRSS:	78029156 kB
1: MemResourceStatus {MigratedColumnsAggregate,18446744073709551615,63541608448,52888587462,0,0,1,N/A}
MemResourceStatus {DefaultResource,18446744073709551615,18446744073709551615,18446744051716138429,18446744073709105478,0,-1,N/A}
Quick Memory Usage Overview:
Used Capacity: 0, 52888587462
------------------------------------------
Label set to d0_tf0_q20
$:hsh clear_plan_caches
Cleared PQP and LQP caches
$:hsh clear_pipeline
Released last SQLPipeline
$:hsh reset_exec_pools
Reset execution pools (2, 3) bump pointers to start
$:hsh mem_usage
------------------------------------------
Memory Usage Statistics:
VmSize:	303342536 kB
VmRSS:	78029156 kB
1: MemResourceStatus {MigratedColumnsAggregate,18446744073709551615,63541608448,52888587462,0,0,1,N/A}
MemResourceStatus {DefaultResource,18446744073709551615,18446744073709551615,18446744051716138429,18446744073709105478,0,-1,N/A}
Quick Memory Usage Overview:
Used Capacity: 0, 52888587462
------------------------------------------
Executing script file: /home/umeshsum/tpch_queries/20.sql
[32m(release)[0m> select
[32m(release)[0m> 	s_name,
[32m(release)[0m> 	s_address
[32m(release)[0m> from
[32m(release)[0m> 	supplier,
[32m(release)[0m> 	nation
[32m(release)[0m> where
[32m(release)[0m> 	s_suppkey in (
[32m(release)[0m> 		select
[32m(release)[0m> 			ps_suppkey
[32m(release)[0m> 		from
[32m(release)[0m> 			partsupp
[32m(release)[0m> 		where
[32m(release)[0m> 			ps_partkey in (
[32m(release)[0m> 				select
[32m(release)[0m> 					p_partkey
[32m(release)[0m> 				from
[32m(release)[0m> 					part
[32m(release)[0m> 				where
[32m(release)[0m> 					p_name like 'forest%'
[32m(release)[0m> 			)
[32m(release)[0m> 			and ps_availqty > (
[32m(release)[0m> 				select
[32m(release)[0m> 					0.5 * sum(l_quantity)
[32m(release)[0m> 				from
[32m(release)[0m> 					lineitem
[32m(release)[0m> 				where
[32m(release)[0m> 					l_partkey = ps_partkey
[32m(release)[0m> 					and l_suppkey = ps_suppkey
[32m(release)[0m> 					and l_shipdate >= date '1994-01-01'
[32m(release)[0m> 					and l_shipdate < date '1994-01-01' + interval '1' year
[32m(release)[0m> 			)
[32m(release)[0m> 	)
[32m(release)[0m> 	and s_nationkey = n_nationkey
[32m(release)[0m> 	and n_name = 'CANADA'
[32m(release)[0m> order by
[32m(release)[0m> 	s_name;
VmRSS Change: 18446744073709457272 KB
===
8890 rows total
Execution info: [PARSE: 173 µs 889 ns, SQL TRANSLATE: 267 µs 748 ns, OPTIMIZE: 14 ms 334 µs, LQP TRANSLATE: 358 µs 846 ns, EXECUTE: 1 s 36 ms (wall time) | QUERY PLAN CACHE HITS: 0/1 statement(s)]
After reset, table use_count: 2
WARNING: Table still has 1 other owner(s) after pipeline reset!
Executing script file done
$:hsh clear_plan_caches
Cleared PQP and LQP caches
$:hsh clear_pipeline
Released last SQLPipeline
$:hsh reset_exec_pools
Reset execution pools (2, 3) bump pointers to start
$:hsh mem_usage
------------------------------------------
Memory Usage Statistics:
VmSize:	303342536 kB
VmRSS:	77934824 kB
1: MemResourceStatus {MigratedColumnsAggregate,18446744073709551615,63541608448,52888587462,0,0,1,N/A}
MemResourceStatus {DefaultResource,18446744073709551615,18446744073709551615,18446744051701125629,18446744073709105478,0,-1,N/A}
Quick Memory Usage Overview:
Used Capacity: 0, 52888587462
------------------------------------------
Executing script file: /home/umeshsum/tpch_queries/20.sql
[32m(release)[0m> select
[32m(release)[0m> 	s_name,
[32m(release)[0m> 	s_address
[32m(release)[0m> from
[32m(release)[0m> 	supplier,
[32m(release)[0m> 	nation
[32m(release)[0m> where
[32m(release)[0m> 	s_suppkey in (
[32m(release)[0m> 		select
[32m(release)[0m> 			ps_suppkey
[32m(release)[0m> 		from
[32m(release)[0m> 			partsupp
[32m(release)[0m> 		where
[32m(release)[0m> 			ps_partkey in (
[32m(release)[0m> 				select
[32m(release)[0m> 					p_partkey
[32m(release)[0m> 				from
[32m(release)[0m> 					part
[32m(release)[0m> 				where
[32m(release)[0m> 					p_name like 'forest%'
[32m(release)[0m> 			)
[32m(release)[0m> 			and ps_availqty > (
[32m(release)[0m> 				select
[32m(release)[0m> 					0.5 * sum(l_quantity)
[32m(release)[0m> 				from
[32m(release)[0m> 					lineitem
[32m(release)[0m> 				where
[32m(release)[0m> 					l_partkey = ps_partkey
[32m(release)[0m> 					and l_suppkey = ps_suppkey
[32m(release)[0m> 					and l_shipdate >= date '1994-01-01'
[32m(release)[0m> 					and l_shipdate < date '1994-01-01' + interval '1' year
[32m(release)[0m> 			)
[32m(release)[0m> 	)
[32m(release)[0m> 	and s_nationkey = n_nationkey
[32m(release)[0m> 	and n_name = 'CANADA'
[32m(release)[0m> order by
[32m(release)[0m> 	s_name;
VmRSS Change: 18446744073709272944 KB
===
8890 rows total
Execution info: [PARSE: 171 µs 838 ns, SQL TRANSLATE: 229 µs 808 ns, OPTIMIZE: 11 ms 882 µs, LQP TRANSLATE: 341 µs 766 ns, EXECUTE: 1 s 45 ms (wall time) | QUERY PLAN CACHE HITS: 0/1 statement(s)]
After reset, table use_count: 2
WARNING: Table still has 1 other owner(s) after pipeline reset!
Executing script file done
$:hsh clear_plan_caches
Cleared PQP and LQP caches
$:hsh clear_pipeline
Released last SQLPipeline
$:hsh reset_exec_pools
Reset execution pools (2, 3) bump pointers to start
$:hsh mem_usage
------------------------------------------
Memory Usage Statistics:
VmSize:	303342536 kB
VmRSS:	77629804 kB
1: MemResourceStatus {MigratedColumnsAggregate,18446744073709551615,63541608448,52888587462,0,0,1,N/A}
MemResourceStatus {DefaultResource,18446744073709551615,18446744073709551615,18446744051687920021,18446744073709105478,0,-1,N/A}
Quick Memory Usage Overview:
Used Capacity: 0, 52888587462
------------------------------------------
Executing script file: /home/umeshsum/tpch_queries/20.sql
[32m(release)[0m> select
[32m(release)[0m> 	s_name,
[32m(release)[0m> 	s_address
[32m(release)[0m> from
[32m(release)[0m> 	supplier,
[32m(release)[0m> 	nation
[32m(release)[0m> where
[32m(release)[0m> 	s_suppkey in (
[32m(release)[0m> 		select
[32m(release)[0m> 			ps_suppkey
[32m(release)[0m> 		from
[32m(release)[0m> 			partsupp
[32m(release)[0m> 		where
[32m(release)[0m> 			ps_partkey in (
[32m(release)[0m> 				select
[32m(release)[0m> 					p_partkey
[32m(release)[0m> 				from
[32m(release)[0m> 					part
[32m(release)[0m> 				where
[32m(release)[0m> 					p_name like 'forest%'
[32m(release)[0m> 			)
[32m(release)[0m> 			and ps_availqty > (
[32m(release)[0m> 				select
[32m(release)[0m> 					0.5 * sum(l_quantity)
[32m(release)[0m> 				from
[32m(release)[0m> 					lineitem
[32m(release)[0m> 				where
[32m(release)[0m> 					l_partkey = ps_partkey
[32m(release)[0m> 					and l_suppkey = ps_suppkey
[32m(release)[0m> 					and l_shipdate >= date '1994-01-01'
[32m(release)[0m> 					and l_shipdate < date '1994-01-01' + interval '1' year
[32m(release)[0m> 			)
[32m(release)[0m> 	)
[32m(release)[0m> 	and s_nationkey = n_nationkey
[32m(release)[0m> 	and n_name = 'CANADA'
[32m(release)[0m> order by
[32m(release)[0m> 	s_name;
VmRSS Change: 18446744073709154292 KB
===
8890 rows total
Execution info: [PARSE: 74 µs 919 ns, SQL TRANSLATE: 296 µs 17 ns, OPTIMIZE: 11 ms 954 µs, LQP TRANSLATE: 340 µs 227 ns, EXECUTE: 1 s 73 ms (wall time) | QUERY PLAN CACHE HITS: 0/1 statement(s)]
After reset, table use_count: 2
WARNING: Table still has 1 other owner(s) after pipeline reset!
Executing script file done
$:hsh clear_plan_caches
Cleared PQP and LQP caches
$:hsh clear_pipeline
Released last SQLPipeline
$:hsh reset_exec_pools
Reset execution pools (2, 3) bump pointers to start
$:hsh mem_usage
------------------------------------------
Memory Usage Statistics:
VmSize:	303342536 kB
VmRSS:	77232468 kB
1: MemResourceStatus {MigratedColumnsAggregate,18446744073709551615,63541608448,52888587462,0,0,1,N/A}
MemResourceStatus {DefaultResource,18446744073709551615,18446744073709551615,18446744051674574833,18446744073709105478,0,-1,N/A}
Quick Memory Usage Overview:
Used Capacity: 0, 52888587462
------------------------------------------
Executing script file: /home/umeshsum/tpch_queries/20.sql
[32m(release)[0m> select
[32m(release)[0m> 	s_name,
[32m(release)[0m> 	s_address
[32m(release)[0m> from
[32m(release)[0m> 	supplier,
[32m(release)[0m> 	nation
[32m(release)[0m> where
[32m(release)[0m> 	s_suppkey in (
[32m(release)[0m> 		select
[32m(release)[0m> 			ps_suppkey
[32m(release)[0m> 		from
[32m(release)[0m> 			partsupp
[32m(release)[0m> 		where
[32m(release)[0m> 			ps_partkey in (
[32m(release)[0m> 				select
[32m(release)[0m> 					p_partkey
[32m(release)[0m> 				from
[32m(release)[0m> 					part
[32m(release)[0m> 				where
[32m(release)[0m> 					p_name like 'forest%'
[32m(release)[0m> 			)
[32m(release)[0m> 			and ps_availqty > (
[32m(release)[0m> 				select
[32m(release)[0m> 					0.5 * sum(l_quantity)
[32m(release)[0m> 				from
[32m(release)[0m> 					lineitem
[32m(release)[0m> 				where
[32m(release)[0m> 					l_partkey = ps_partkey
[32m(release)[0m> 					and l_suppkey = ps_suppkey
[32m(release)[0m> 					and l_shipdate >= date '1994-01-01'
[32m(release)[0m> 					and l_shipdate < date '1994-01-01' + interval '1' year
[32m(release)[0m> 			)
[32m(release)[0m> 	)
[32m(release)[0m> 	and s_nationkey = n_nationkey
[32m(release)[0m> 	and n_name = 'CANADA'
[32m(release)[0m> order by
[32m(release)[0m> 	s_name;
VmRSS Change: 18446744073708890964 KB
===
8890 rows total
Execution info: [PARSE: 73 µs 689 ns, SQL TRANSLATE: 300 µs 187 ns, OPTIMIZE: 11 ms 814 µs, LQP TRANSLATE: 329 µs 407 ns, EXECUTE: 1 s 150 ms (wall time) | QUERY PLAN CACHE HITS: 0/1 statement(s)]
After reset, table use_count: 2
WARNING: Table still has 1 other owner(s) after pipeline reset!
Executing script file done
$:hsh clear_plan_caches
Cleared PQP and LQP caches
$:hsh clear_pipeline
Released last SQLPipeline
$:hsh reset_exec_pools
Reset execution pools (2, 3) bump pointers to start
$:hsh mem_usage
------------------------------------------
Memory Usage Statistics:
VmSize:	303342536 kB
VmRSS:	76522856 kB
1: MemResourceStatus {MigratedColumnsAggregate,18446744073709551615,63541608448,52888587462,0,0,1,N/A}
MemResourceStatus {DefaultResource,18446744073709551615,18446744073709551615,18446744051661946633,18446744073709105478,0,-1,N/A}
Quick Memory Usage Overview:
Used Capacity: 0, 52888587462
------------------------------------------
Executing script file: /home/umeshsum/tpch_queries/20.sql
[32m(release)[0m> select
[32m(release)[0m> 	s_name,
[32m(release)[0m> 	s_address
[32m(release)[0m> from
[32m(release)[0m> 	supplier,
[32m(release)[0m> 	nation
[32m(release)[0m> where
[32m(release)[0m> 	s_suppkey in (
[32m(release)[0m> 		select
[32m(release)[0m> 			ps_suppkey
[32m(release)[0m> 		from
[32m(release)[0m> 			partsupp
[32m(release)[0m> 		where
[32m(release)[0m> 			ps_partkey in (
[32m(release)[0m> 				select
[32m(release)[0m> 					p_partkey
[32m(release)[0m> 				from
[32m(release)[0m> 					part
[32m(release)[0m> 				where
[32m(release)[0m> 					p_name like 'forest%'
[32m(release)[0m> 			)
[32m(release)[0m> 			and ps_availqty > (
[32m(release)[0m> 				select
[32m(release)[0m> 					0.5 * sum(l_quantity)
[32m(release)[0m> 				from
[32m(release)[0m> 					lineitem
[32m(release)[0m> 				where
[32m(release)[0m> 					l_partkey = ps_partkey
[32m(release)[0m> 					and l_suppkey = ps_suppkey
[32m(release)[0m> 					and l_shipdate >= date '1994-01-01'
[32m(release)[0m> 					and l_shipdate < date '1994-01-01' + interval '1' year
[32m(release)[0m> 			)
[32m(release)[0m> 	)
[32m(release)[0m> 	and s_nationkey = n_nationkey
[32m(release)[0m> 	and n_name = 'CANADA'
[32m(release)[0m> order by
[32m(release)[0m> 	s_name;
VmRSS Change: 18446744073708597560 KB
===
8890 rows total
Execution info: [PARSE: 141 µs 549 ns, SQL TRANSLATE: 213 µs 248 ns, OPTIMIZE: 11 ms 823 µs, LQP TRANSLATE: 345 µs 206 ns, EXECUTE: 1 s 121 ms (wall time) | QUERY PLAN CACHE HITS: 0/1 statement(s)]
After reset, table use_count: 2
WARNING: Table still has 1 other owner(s) after pipeline reset!
Executing script file done
$:hsh clear_plan_caches
Cleared PQP and LQP caches
$:hsh clear_pipeline
Released last SQLPipeline
$:hsh reset_exec_pools
Reset execution pools (2, 3) bump pointers to start
$:hsh mem_usage
------------------------------------------
Memory Usage Statistics:
VmSize:	303342536 kB
VmRSS:	75562572 kB
1: MemResourceStatus {MigratedColumnsAggregate,18446744073709551615,63541608448,52888587462,0,0,1,N/A}
MemResourceStatus {DefaultResource,18446744073709551615,18446744073709551615,18446744051649936985,18446744073709105478,0,-1,N/A}
Quick Memory Usage Overview:
Used Capacity: 0, 52888587462
------------------------------------------
Executing script file: /home/umeshsum/tpch_queries/20.sql
[32m(release)[0m> select
[32m(release)[0m> 	s_name,
[32m(release)[0m> 	s_address
[32m(release)[0m> from
[32m(release)[0m> 	supplier,
[32m(release)[0m> 	nation
[32m(release)[0m> where
[32m(release)[0m> 	s_suppkey in (
[32m(release)[0m> 		select
[32m(release)[0m> 			ps_suppkey
[32m(release)[0m> 		from
[32m(release)[0m> 			partsupp
[32m(release)[0m> 		where
[32m(release)[0m> 			ps_partkey in (
[32m(release)[0m> 				select
[32m(release)[0m> 					p_partkey
[32m(release)[0m> 				from
[32m(release)[0m> 					part
[32m(release)[0m> 				where
[32m(release)[0m> 					p_name like 'forest%'
[32m(release)[0m> 			)
[32m(release)[0m> 			and ps_availqty > (
[32m(release)[0m> 				select
[32m(release)[0m> 					0.5 * sum(l_quantity)
[32m(release)[0m> 				from
[32m(release)[0m> 					lineitem
[32m(release)[0m> 				where
[32m(release)[0m> 					l_partkey = ps_partkey
[32m(release)[0m> 					and l_suppkey = ps_suppkey
[32m(release)[0m> 					and l_shipdate >= date '1994-01-01'
[32m(release)[0m> 					and l_shipdate < date '1994-01-01' + interval '1' year
[32m(release)[0m> 			)
[32m(release)[0m> 	)
[32m(release)[0m> 	and s_nationkey = n_nationkey
[32m(release)[0m> 	and n_name = 'CANADA'
[32m(release)[0m> order by
[32m(release)[0m> 	s_name;
VmRSS Change: 18446744073708972292 KB
===
8890 rows total
Execution info: [PARSE: 122 µs 859 ns, SQL TRANSLATE: 208 µs 28 ns, OPTIMIZE: 11 ms 853 µs, LQP TRANSLATE: 353 µs 46 ns, EXECUTE: 1 s 33 ms (wall time) | QUERY PLAN CACHE HITS: 0/1 statement(s)]
After reset, table use_count: 2
WARNING: Table still has 1 other owner(s) after pipeline reset!
Executing script file done
$:hsh clear_plan_caches
Cleared PQP and LQP caches
$:hsh clear_pipeline
Released last SQLPipeline
$:hsh reset_exec_pools
Reset execution pools (2, 3) bump pointers to start
$:hsh mem_usage
------------------------------------------
Memory Usage Statistics:
VmSize:	303342536 kB
VmRSS:	74983272 kB
1: MemResourceStatus {MigratedColumnsAggregate,18446744073709551615,63541608448,52888587462,0,0,1,N/A}
MemResourceStatus {DefaultResource,18446744073709551615,18446744073709551615,18446744051646844045,18446744073709105478,0,-1,N/A}
Quick Memory Usage Overview:
Used Capacity: 0, 52888587462
------------------------------------------
Executing script file: /home/umeshsum/tpch_queries/20.sql
[32m(release)[0m> select
[32m(release)[0m> 	s_name,
[32m(release)[0m> 	s_address
[32m(release)[0m> from
[32m(release)[0m> 	supplier,
[32m(release)[0m> 	nation
[32m(release)[0m> where
[32m(release)[0m> 	s_suppkey in (
[32m(release)[0m> 		select
[32m(release)[0m> 			ps_suppkey
[32m(release)[0m> 		from
[32m(release)[0m> 			partsupp
[32m(release)[0m> 		where
[32m(release)[0m> 			ps_partkey in (
[32m(release)[0m> 				select
[32m(release)[0m> 					p_partkey
[32m(release)[0m> 				from
[32m(release)[0m> 					part
[32m(release)[0m> 				where
[32m(release)[0m> 					p_name like 'forest%'
[32m(release)[0m> 			)
[32m(release)[0m> 			and ps_availqty > (
[32m(release)[0m> 				select
[32m(release)[0m> 					0.5 * sum(l_quantity)
[32m(release)[0m> 				from
[32m(release)[0m> 					lineitem
[32m(release)[0m> 				where
[32m(release)[0m> 					l_partkey = ps_partkey
[32m(release)[0m> 					and l_suppkey = ps_suppkey
[32m(release)[0m> 					and l_shipdate >= date '1994-01-01'
[32m(release)[0m> 					and l_shipdate < date '1994-01-01' + interval '1' year
[32m(release)[0m> 			)
[32m(release)[0m> 	)
[32m(release)[0m> 	and s_nationkey = n_nationkey
[32m(release)[0m> 	and n_name = 'CANADA'
[32m(release)[0m> order by
[32m(release)[0m> 	s_name;
VmRSS Change: 18446744073708494312 KB
===
8890 rows total
Execution info: [PARSE: 122 µs 269 ns, SQL TRANSLATE: 222 µs 638 ns, OPTIMIZE: 11 ms 821 µs, LQP TRANSLATE: 340 µs 776 ns, EXECUTE: 1 s 75 ms (wall time) | QUERY PLAN CACHE HITS: 0/1 statement(s)]
After reset, table use_count: 2
WARNING: Table still has 1 other owner(s) after pipeline reset!
Executing script file done
$:hsh clear_plan_caches
Cleared PQP and LQP caches
$:hsh clear_pipeline
Released last SQLPipeline
$:hsh reset_exec_pools
Reset execution pools (2, 3) bump pointers to start
$:hsh mem_usage
------------------------------------------
Memory Usage Statistics:
VmSize:	303342536 kB
VmRSS:	73923752 kB
1: MemResourceStatus {MigratedColumnsAggregate,18446744073709551615,63541608448,52888587462,0,0,1,N/A}
MemResourceStatus {DefaultResource,18446744073709551615,18446744073709551615,18446744051637790089,18446744073709105478,0,-1,N/A}
Quick Memory Usage Overview:
Used Capacity: 0, 52888587462
------------------------------------------
Executing script file: /home/umeshsum/tpch_queries/20.sql
[32m(release)[0m> select
[32m(release)[0m> 	s_name,
[32m(release)[0m> 	s_address
[32m(release)[0m> from
[32m(release)[0m> 	supplier,
[32m(release)[0m> 	nation
[32m(release)[0m> where
[32m(release)[0m> 	s_suppkey in (
[32m(release)[0m> 		select
[32m(release)[0m> 			ps_suppkey
[32m(release)[0m> 		from
[32m(release)[0m> 			partsupp
[32m(release)[0m> 		where
[32m(release)[0m> 			ps_partkey in (
[32m(release)[0m> 				select
[32m(release)[0m> 					p_partkey
[32m(release)[0m> 				from
[32m(release)[0m> 					part
[32m(release)[0m> 				where
[32m(release)[0m> 					p_name like 'forest%'
[32m(release)[0m> 			)
[32m(release)[0m> 			and ps_availqty > (
[32m(release)[0m> 				select
[32m(release)[0m> 					0.5 * sum(l_quantity)
[32m(release)[0m> 				from
[32m(release)[0m> 					lineitem
[32m(release)[0m> 				where
[32m(release)[0m> 					l_partkey = ps_partkey
[32m(release)[0m> 					and l_suppkey = ps_suppkey
[32m(release)[0m> 					and l_shipdate >= date '1994-01-01'
[32m(release)[0m> 					and l_shipdate < date '1994-01-01' + interval '1' year
[32m(release)[0m> 			)
[32m(release)[0m> 	)
[32m(release)[0m> 	and s_nationkey = n_nationkey
[32m(release)[0m> 	and n_name = 'CANADA'
[32m(release)[0m> order by
[32m(release)[0m> 	s_name;
VmRSS Change: 18446744073709062608 KB
===
8890 rows total
Execution info: [PARSE: 130 µs 499 ns, SQL TRANSLATE: 206 µs 18 ns, OPTIMIZE: 11 ms 942 µs, LQP TRANSLATE: 329 µs 837 ns, EXECUTE: 1 s 37 ms (wall time) | QUERY PLAN CACHE HITS: 0/1 statement(s)]
After reset, table use_count: 2
WARNING: Table still has 1 other owner(s) after pipeline reset!
Executing script file done
$:hsh clear_plan_caches
Cleared PQP and LQP caches
$:hsh clear_pipeline
Released last SQLPipeline
$:hsh reset_exec_pools
Reset execution pools (2, 3) bump pointers to start
$:hsh mem_usage
------------------------------------------
Memory Usage Statistics:
VmSize:	303342536 kB
VmRSS:	73387036 kB
1: MemResourceStatus {MigratedColumnsAggregate,18446744073709551615,63541608448,52888587462,0,0,1,N/A}
MemResourceStatus {DefaultResource,18446744073709551615,18446744073709551615,18446744051631678661,18446744073709105478,0,-1,N/A}
Quick Memory Usage Overview:
Used Capacity: 0, 52888587462
------------------------------------------
Executing script file: /home/umeshsum/tpch_queries/20.sql
[32m(release)[0m> select
[32m(release)[0m> 	s_name,
[32m(release)[0m> 	s_address
[32m(release)[0m> from
[32m(release)[0m> 	supplier,
[32m(release)[0m> 	nation
[32m(release)[0m> where
[32m(release)[0m> 	s_suppkey in (
[32m(release)[0m> 		select
[32m(release)[0m> 			ps_suppkey
[32m(release)[0m> 		from
[32m(release)[0m> 			partsupp
[32m(release)[0m> 		where
[32m(release)[0m> 			ps_partkey in (
[32m(release)[0m> 				select
[32m(release)[0m> 					p_partkey
[32m(release)[0m> 				from
[32m(release)[0m> 					part
[32m(release)[0m> 				where
[32m(release)[0m> 					p_name like 'forest%'
[32m(release)[0m> 			)
[32m(release)[0m> 			and ps_availqty > (
[32m(release)[0m> 				select
[32m(release)[0m> 					0.5 * sum(l_quantity)
[32m(release)[0m> 				from
[32m(release)[0m> 					lineitem
[32m(release)[0m> 				where
[32m(release)[0m> 					l_partkey = ps_partkey
[32m(release)[0m> 					and l_suppkey = ps_suppkey
[32m(release)[0m> 					and l_shipdate >= date '1994-01-01'
[32m(release)[0m> 					and l_shipdate < date '1994-01-01' + interval '1' year
[32m(release)[0m> 			)
[32m(release)[0m> 	)
[32m(release)[0m> 	and s_nationkey = n_nationkey
[32m(release)[0m> 	and n_name = 'CANADA'
[32m(release)[0m> order by
[32m(release)[0m> 	s_name;
VmRSS Change: 18446744073709061084 KB
===
8890 rows total
Execution info: [PARSE: 75 µs 640 ns, SQL TRANSLATE: 238 µs 608 ns, OPTIMIZE: 11 ms 848 µs, LQP TRANSLATE: 343 µs 287 ns, EXECUTE: 1 s 50 ms (wall time) | QUERY PLAN CACHE HITS: 0/1 statement(s)]
After reset, table use_count: 2
WARNING: Table still has 1 other owner(s) after pipeline reset!
Executing script file done
$:hsh clear_plan_caches
Cleared PQP and LQP caches
$:hsh clear_pipeline
Released last SQLPipeline
$:hsh reset_exec_pools
Reset execution pools (2, 3) bump pointers to start
$:hsh mem_usage
------------------------------------------
Memory Usage Statistics:
VmSize:	303342536 kB
VmRSS:	72896468 kB
1: MemResourceStatus {MigratedColumnsAggregate,18446744073709551615,63541608448,52888587462,0,0,1,N/A}
MemResourceStatus {DefaultResource,18446744073709551615,18446744073709551615,18446744051618746357,18446744073709105478,0,-1,N/A}
Quick Memory Usage Overview:
Used Capacity: 0, 52888587462
------------------------------------------
Executing script file: /home/umeshsum/tpch_queries/20.sql
[32m(release)[0m> select
[32m(release)[0m> 	s_name,
[32m(release)[0m> 	s_address
[32m(release)[0m> from
[32m(release)[0m> 	supplier,
[32m(release)[0m> 	nation
[32m(release)[0m> where
[32m(release)[0m> 	s_suppkey in (
[32m(release)[0m> 		select
[32m(release)[0m> 			ps_suppkey
[32m(release)[0m> 		from
[32m(release)[0m> 			partsupp
[32m(release)[0m> 		where
[32m(release)[0m> 			ps_partkey in (
[32m(release)[0m> 				select
[32m(release)[0m> 					p_partkey
[32m(release)[0m> 				from
[32m(release)[0m> 					part
[32m(release)[0m> 				where
[32m(release)[0m> 					p_name like 'forest%'
[32m(release)[0m> 			)
[32m(release)[0m> 			and ps_availqty > (
[32m(release)[0m> 				select
[32m(release)[0m> 					0.5 * sum(l_quantity)
[32m(release)[0m> 				from
[32m(release)[0m> 					lineitem
[32m(release)[0m> 				where
[32m(release)[0m> 					l_partkey = ps_partkey
[32m(release)[0m> 					and l_suppkey = ps_suppkey
[32m(release)[0m> 					and l_shipdate >= date '1994-01-01'
[32m(release)[0m> 					and l_shipdate < date '1994-01-01' + interval '1' year
[32m(release)[0m> 			)
[32m(release)[0m> 	)
[32m(release)[0m> 	and s_nationkey = n_nationkey
[32m(release)[0m> 	and n_name = 'CANADA'
[32m(release)[0m> order by
[32m(release)[0m> 	s_name;
VmRSS Change: 18446744073709146968 KB
===
8890 rows total
Execution info: [PARSE: 159 µs 99 ns, SQL TRANSLATE: 216 µs 518 ns, OPTIMIZE: 12 ms 60 µs, LQP TRANSLATE: 348 µs 316 ns, EXECUTE: 1 s 19 ms (wall time) | QUERY PLAN CACHE HITS: 0/1 statement(s)]
After reset, table use_count: 2
WARNING: Table still has 1 other owner(s) after pipeline reset!
Executing script file done
$:hsh clear_plan_caches
Cleared PQP and LQP caches
$:hsh clear_pipeline
Released last SQLPipeline
$:hsh reset_exec_pools
Reset execution pools (2, 3) bump pointers to start
$:hsh mem_usage
------------------------------------------
Memory Usage Statistics:
VmSize:	303342536 kB
VmRSS:	72491828 kB
1: MemResourceStatus {MigratedColumnsAggregate,18446744073709551615,63541608448,52888587462,0,0,1,N/A}
MemResourceStatus {DefaultResource,18446744073709551615,18446744073709551615,18446744051606298361,18446744073709105478,0,-1,N/A}
Quick Memory Usage Overview:
Used Capacity: 0, 52888587462
------------------------------------------
Label set to d0_tf0_q21
$:hsh clear_plan_caches
Cleared PQP and LQP caches
$:hsh clear_pipeline
Released last SQLPipeline
$:hsh reset_exec_pools
Reset execution pools (2, 3) bump pointers to start
$:hsh mem_usage
------------------------------------------
Memory Usage Statistics:
VmSize:	303342536 kB
VmRSS:	72491828 kB
1: MemResourceStatus {MigratedColumnsAggregate,18446744073709551615,63541608448,52888587462,0,0,1,N/A}
MemResourceStatus {DefaultResource,18446744073709551615,18446744073709551615,18446744051606298361,18446744073709105478,0,-1,N/A}
Quick Memory Usage Overview:
Used Capacity: 0, 52888587462
------------------------------------------
Executing script file: /home/umeshsum/tpch_queries/21.sql
[32m(release)[0m> select
[32m(release)[0m> 	s_name,
[32m(release)[0m> 	count(*) as numwait
[32m(release)[0m> from
[32m(release)[0m> 	supplier,
[32m(release)[0m> 	lineitem l1,
[32m(release)[0m> 	orders,
[32m(release)[0m> 	nation
[32m(release)[0m> where
[32m(release)[0m> 	s_suppkey = l1.l_suppkey
[32m(release)[0m> 	and o_orderkey = l1.l_orderkey
[32m(release)[0m> 	and o_orderstatus = 'F'
[32m(release)[0m> 	and l1.l_receiptdate > l1.l_commitdate
[32m(release)[0m> 	and exists (
[32m(release)[0m> 		select
[32m(release)[0m> 			*
[32m(release)[0m> 		from
[32m(release)[0m> 			lineitem l2
[32m(release)[0m> 		where
[32m(release)[0m> 			l2.l_orderkey = l1.l_orderkey
[32m(release)[0m> 			and l2.l_suppkey <> l1.l_suppkey
[32m(release)[0m> 	)
[32m(release)[0m> 	and not exists (
[32m(release)[0m> 		select
[32m(release)[0m> 			*
[32m(release)[0m> 		from
[32m(release)[0m> 			lineitem l3
[32m(release)[0m> 		where
[32m(release)[0m> 			l3.l_orderkey = l1.l_orderkey
[32m(release)[0m> 			and l3.l_suppkey <> l1.l_suppkey
[32m(release)[0m> 			and l3.l_receiptdate > l3.l_commitdate
[32m(release)[0m> 	)
[32m(release)[0m> 	and s_nationkey = n_nationkey
[32m(release)[0m> 	and n_name = 'SAUDI ARABIA'
[32m(release)[0m> group by
[32m(release)[0m> 	s_name
[32m(release)[0m> order by
[32m(release)[0m> 	numwait desc,
[32m(release)[0m> 	s_name;
VmRSS Change: 3836588 KB
===
19930 rows total
Execution info: [PARSE: 77 µs 319 ns, SQL TRANSLATE: 332 µs 166 ns, OPTIMIZE: 11 ms 656 µs, LQP TRANSLATE: 294 µs 437 ns, EXECUTE: 5 s 237 ms (wall time) | QUERY PLAN CACHE HITS: 0/1 statement(s)]
After reset, table use_count: 2
WARNING: Table still has 1 other owner(s) after pipeline reset!
Executing script file done
$:hsh clear_plan_caches
Cleared PQP and LQP caches
$:hsh clear_pipeline
Released last SQLPipeline
$:hsh reset_exec_pools
Reset execution pools (2, 3) bump pointers to start
$:hsh mem_usage
------------------------------------------
Memory Usage Statistics:
VmSize:	303457224 kB
VmRSS:	76328424 kB
1: MemResourceStatus {MigratedColumnsAggregate,18446744073709551615,63541608448,52888587462,0,0,1,N/A}
MemResourceStatus {DefaultResource,18446744073709551615,18446744073709551615,18446744051406205917,18446744073709105478,0,-1,N/A}
Quick Memory Usage Overview:
Used Capacity: 0, 52888587462
------------------------------------------
Executing script file: /home/umeshsum/tpch_queries/21.sql
[32m(release)[0m> select
[32m(release)[0m> 	s_name,
[32m(release)[0m> 	count(*) as numwait
[32m(release)[0m> from
[32m(release)[0m> 	supplier,
[32m(release)[0m> 	lineitem l1,
[32m(release)[0m> 	orders,
[32m(release)[0m> 	nation
[32m(release)[0m> where
[32m(release)[0m> 	s_suppkey = l1.l_suppkey
[32m(release)[0m> 	and o_orderkey = l1.l_orderkey
[32m(release)[0m> 	and o_orderstatus = 'F'
[32m(release)[0m> 	and l1.l_receiptdate > l1.l_commitdate
[32m(release)[0m> 	and exists (
[32m(release)[0m> 		select
[32m(release)[0m> 			*
[32m(release)[0m> 		from
[32m(release)[0m> 			lineitem l2
[32m(release)[0m> 		where
[32m(release)[0m> 			l2.l_orderkey = l1.l_orderkey
[32m(release)[0m> 			and l2.l_suppkey <> l1.l_suppkey
[32m(release)[0m> 	)
[32m(release)[0m> 	and not exists (
[32m(release)[0m> 		select
[32m(release)[0m> 			*
[32m(release)[0m> 		from
[32m(release)[0m> 			lineitem l3
[32m(release)[0m> 		where
[32m(release)[0m> 			l3.l_orderkey = l1.l_orderkey
[32m(release)[0m> 			and l3.l_suppkey <> l1.l_suppkey
[32m(release)[0m> 			and l3.l_receiptdate > l3.l_commitdate
[32m(release)[0m> 	)
[32m(release)[0m> 	and s_nationkey = n_nationkey
[32m(release)[0m> 	and n_name = 'SAUDI ARABIA'
[32m(release)[0m> group by
[32m(release)[0m> 	s_name
[32m(release)[0m> order by
[32m(release)[0m> 	numwait desc,
[32m(release)[0m> 	s_name;
VmRSS Change: 926784 KB
===
19930 rows total
Execution info: [PARSE: 72 µs 39 ns, SQL TRANSLATE: 397 µs 256 ns, OPTIMIZE: 10 ms 344 µs, LQP TRANSLATE: 282 µs 567 ns, EXECUTE: 5 s 368 ms (wall time) | QUERY PLAN CACHE HITS: 0/1 statement(s)]
After reset, table use_count: 2
WARNING: Table still has 1 other owner(s) after pipeline reset!
Executing script file done
$:hsh clear_plan_caches
Cleared PQP and LQP caches
$:hsh clear_pipeline
Released last SQLPipeline
$:hsh reset_exec_pools
Reset execution pools (2, 3) bump pointers to start
$:hsh mem_usage
------------------------------------------
Memory Usage Statistics:
VmSize:	303457224 kB
VmRSS:	77255180 kB
1: MemResourceStatus {MigratedColumnsAggregate,18446744073709551615,63541608448,52888587462,0,0,1,N/A}
MemResourceStatus {DefaultResource,18446744073709551615,18446744073709551615,18446744051186314165,18446744073709105478,0,-1,N/A}
Quick Memory Usage Overview:
Used Capacity: 0, 52888587462
------------------------------------------
Executing script file: /home/umeshsum/tpch_queries/21.sql
[32m(release)[0m> select
[32m(release)[0m> 	s_name,
[32m(release)[0m> 	count(*) as numwait
[32m(release)[0m> from
[32m(release)[0m> 	supplier,
[32m(release)[0m> 	lineitem l1,
[32m(release)[0m> 	orders,
[32m(release)[0m> 	nation
[32m(release)[0m> where
[32m(release)[0m> 	s_suppkey = l1.l_suppkey
[32m(release)[0m> 	and o_orderkey = l1.l_orderkey
[32m(release)[0m> 	and o_orderstatus = 'F'
[32m(release)[0m> 	and l1.l_receiptdate > l1.l_commitdate
[32m(release)[0m> 	and exists (
[32m(release)[0m> 		select
[32m(release)[0m> 			*
[32m(release)[0m> 		from
[32m(release)[0m> 			lineitem l2
[32m(release)[0m> 		where
[32m(release)[0m> 			l2.l_orderkey = l1.l_orderkey
[32m(release)[0m> 			and l2.l_suppkey <> l1.l_suppkey
[32m(release)[0m> 	)
[32m(release)[0m> 	and not exists (
[32m(release)[0m> 		select
[32m(release)[0m> 			*
[32m(release)[0m> 		from
[32m(release)[0m> 			lineitem l3
[32m(release)[0m> 		where
[32m(release)[0m> 			l3.l_orderkey = l1.l_orderkey
[32m(release)[0m> 			and l3.l_suppkey <> l1.l_suppkey
[32m(release)[0m> 			and l3.l_receiptdate > l3.l_commitdate
[32m(release)[0m> 	)
[32m(release)[0m> 	and s_nationkey = n_nationkey
[32m(release)[0m> 	and n_name = 'SAUDI ARABIA'
[32m(release)[0m> group by
[32m(release)[0m> 	s_name
[32m(release)[0m> order by
[32m(release)[0m> 	numwait desc,
[32m(release)[0m> 	s_name;
VmRSS Change: 1072480 KB
===
19930 rows total
Execution info: [PARSE: 71 µs 599 ns, SQL TRANSLATE: 271 µs 607 ns, OPTIMIZE: 10 ms 701 µs, LQP TRANSLATE: 276 µs 558 ns, EXECUTE: 5 s 866 ms (wall time) | QUERY PLAN CACHE HITS: 0/1 statement(s)]
After reset, table use_count: 2
WARNING: Table still has 1 other owner(s) after pipeline reset!
Executing script file done
$:hsh clear_plan_caches
Cleared PQP and LQP caches
$:hsh clear_pipeline
Released last SQLPipeline
$:hsh reset_exec_pools
Reset execution pools (2, 3) bump pointers to start
$:hsh mem_usage
------------------------------------------
Memory Usage Statistics:
VmSize:	303457224 kB
VmRSS:	78327680 kB
1: MemResourceStatus {MigratedColumnsAggregate,18446744073709551615,63541608448,52888587462,0,0,1,N/A}
MemResourceStatus {DefaultResource,18446744073709551615,18446744073709551615,18446744050902684177,18446744073709105478,0,-1,N/A}
Quick Memory Usage Overview:
Used Capacity: 0, 52888587462
------------------------------------------
Executing script file: /home/umeshsum/tpch_queries/21.sql
[32m(release)[0m> select
[32m(release)[0m> 	s_name,
[32m(release)[0m> 	count(*) as numwait
[32m(release)[0m> from
[32m(release)[0m> 	supplier,
[32m(release)[0m> 	lineitem l1,
[32m(release)[0m> 	orders,
[32m(release)[0m> 	nation
[32m(release)[0m> where
[32m(release)[0m> 	s_suppkey = l1.l_suppkey
[32m(release)[0m> 	and o_orderkey = l1.l_orderkey
[32m(release)[0m> 	and o_orderstatus = 'F'
[32m(release)[0m> 	and l1.l_receiptdate > l1.l_commitdate
[32m(release)[0m> 	and exists (
[32m(release)[0m> 		select
[32m(release)[0m> 			*
[32m(release)[0m> 		from
[32m(release)[0m> 			lineitem l2
[32m(release)[0m> 		where
[32m(release)[0m> 			l2.l_orderkey = l1.l_orderkey
[32m(release)[0m> 			and l2.l_suppkey <> l1.l_suppkey
[32m(release)[0m> 	)
[32m(release)[0m> 	and not exists (
[32m(release)[0m> 		select
[32m(release)[0m> 			*
[32m(release)[0m> 		from
[32m(release)[0m> 			lineitem l3
[32m(release)[0m> 		where
[32m(release)[0m> 			l3.l_orderkey = l1.l_orderkey
[32m(release)[0m> 			and l3.l_suppkey <> l1.l_suppkey
[32m(release)[0m> 			and l3.l_receiptdate > l3.l_commitdate
[32m(release)[0m> 	)
[32m(release)[0m> 	and s_nationkey = n_nationkey
[32m(release)[0m> 	and n_name = 'SAUDI ARABIA'
[32m(release)[0m> group by
[32m(release)[0m> 	s_name
[32m(release)[0m> order by
[32m(release)[0m> 	numwait desc,
[32m(release)[0m> 	s_name;
VmRSS Change: 18446744073708591304 KB
===
19930 rows total
Execution info: [PARSE: 70 µs 459 ns, SQL TRANSLATE: 280 µs 507 ns, OPTIMIZE: 9 ms 895 µs, LQP TRANSLATE: 282 µs 807 ns, EXECUTE: 5 s 530 ms (wall time) | QUERY PLAN CACHE HITS: 0/1 statement(s)]
After reset, table use_count: 2
WARNING: Table still has 1 other owner(s) after pipeline reset!
Executing script file done
$:hsh clear_plan_caches
Cleared PQP and LQP caches
$:hsh clear_pipeline
Released last SQLPipeline
$:hsh reset_exec_pools
Reset execution pools (2, 3) bump pointers to start
$:hsh mem_usage
------------------------------------------
Memory Usage Statistics:
VmSize:	303457224 kB
VmRSS:	77367372 kB
1: MemResourceStatus {MigratedColumnsAggregate,18446744073709551615,63541608448,52888587462,0,0,1,N/A}
MemResourceStatus {DefaultResource,18446744073709551615,18446744073709551615,18446744050676468645,18446744073709105478,0,-1,N/A}
Quick Memory Usage Overview:
Used Capacity: 0, 52888587462
------------------------------------------
Executing script file: /home/umeshsum/tpch_queries/21.sql
[32m(release)[0m> select
[32m(release)[0m> 	s_name,
[32m(release)[0m> 	count(*) as numwait
[32m(release)[0m> from
[32m(release)[0m> 	supplier,
[32m(release)[0m> 	lineitem l1,
[32m(release)[0m> 	orders,
[32m(release)[0m> 	nation
[32m(release)[0m> where
[32m(release)[0m> 	s_suppkey = l1.l_suppkey
[32m(release)[0m> 	and o_orderkey = l1.l_orderkey
[32m(release)[0m> 	and o_orderstatus = 'F'
[32m(release)[0m> 	and l1.l_receiptdate > l1.l_commitdate
[32m(release)[0m> 	and exists (
[32m(release)[0m> 		select
[32m(release)[0m> 			*
[32m(release)[0m> 		from
[32m(release)[0m> 			lineitem l2
[32m(release)[0m> 		where
[32m(release)[0m> 			l2.l_orderkey = l1.l_orderkey
[32m(release)[0m> 			and l2.l_suppkey <> l1.l_suppkey
[32m(release)[0m> 	)
[32m(release)[0m> 	and not exists (
[32m(release)[0m> 		select
[32m(release)[0m> 			*
[32m(release)[0m> 		from
[32m(release)[0m> 			lineitem l3
[32m(release)[0m> 		where
[32m(release)[0m> 			l3.l_orderkey = l1.l_orderkey
[32m(release)[0m> 			and l3.l_suppkey <> l1.l_suppkey
[32m(release)[0m> 			and l3.l_receiptdate > l3.l_commitdate
[32m(release)[0m> 	)
[32m(release)[0m> 	and s_nationkey = n_nationkey
[32m(release)[0m> 	and n_name = 'SAUDI ARABIA'
[32m(release)[0m> group by
[32m(release)[0m> 	s_name
[32m(release)[0m> order by
[32m(release)[0m> 	numwait desc,
[32m(release)[0m> 	s_name;
VmRSS Change: 571432 KB
===
19930 rows total
Execution info: [PARSE: 72 µs 760 ns, SQL TRANSLATE: 278 µs 387 ns, OPTIMIZE: 10 ms 382 µs, LQP TRANSLATE: 286 µs 677 ns, EXECUTE: 5 s 583 ms (wall time) | QUERY PLAN CACHE HITS: 0/1 statement(s)]
After reset, table use_count: 2
WARNING: Table still has 1 other owner(s) after pipeline reset!
Executing script file done
$:hsh clear_plan_caches
Cleared PQP and LQP caches
$:hsh clear_pipeline
Released last SQLPipeline
$:hsh reset_exec_pools
Reset execution pools (2, 3) bump pointers to start
$:hsh mem_usage
------------------------------------------
Memory Usage Statistics:
VmSize:	303457224 kB
VmRSS:	77938800 kB
1: MemResourceStatus {MigratedColumnsAggregate,18446744073709551615,63541608448,52888587462,0,0,1,N/A}
MemResourceStatus {DefaultResource,18446744073709551615,18446744073709551615,18446744050522912757,18446744073709105478,0,-1,N/A}
Quick Memory Usage Overview:
Used Capacity: 0, 52888587462
------------------------------------------
Executing script file: /home/umeshsum/tpch_queries/21.sql
[32m(release)[0m> select
[32m(release)[0m> 	s_name,
[32m(release)[0m> 	count(*) as numwait
[32m(release)[0m> from
[32m(release)[0m> 	supplier,
[32m(release)[0m> 	lineitem l1,
[32m(release)[0m> 	orders,
[32m(release)[0m> 	nation
[32m(release)[0m> where
[32m(release)[0m> 	s_suppkey = l1.l_suppkey
[32m(release)[0m> 	and o_orderkey = l1.l_orderkey
[32m(release)[0m> 	and o_orderstatus = 'F'
[32m(release)[0m> 	and l1.l_receiptdate > l1.l_commitdate
[32m(release)[0m> 	and exists (
[32m(release)[0m> 		select
[32m(release)[0m> 			*
[32m(release)[0m> 		from
[32m(release)[0m> 			lineitem l2
[32m(release)[0m> 		where
[32m(release)[0m> 			l2.l_orderkey = l1.l_orderkey
[32m(release)[0m> 			and l2.l_suppkey <> l1.l_suppkey
[32m(release)[0m> 	)
[32m(release)[0m> 	and not exists (
[32m(release)[0m> 		select
[32m(release)[0m> 			*
[32m(release)[0m> 		from
[32m(release)[0m> 			lineitem l3
[32m(release)[0m> 		where
[32m(release)[0m> 			l3.l_orderkey = l1.l_orderkey
[32m(release)[0m> 			and l3.l_suppkey <> l1.l_suppkey
[32m(release)[0m> 			and l3.l_receiptdate > l3.l_commitdate
[32m(release)[0m> 	)
[32m(release)[0m> 	and s_nationkey = n_nationkey
[32m(release)[0m> 	and n_name = 'SAUDI ARABIA'
[32m(release)[0m> group by
[32m(release)[0m> 	s_name
[32m(release)[0m> order by
[32m(release)[0m> 	numwait desc,
[32m(release)[0m> 	s_name;
VmRSS Change: 18446744073707976840 KB
===
19930 rows total
Execution info: [PARSE: 138 µs 759 ns, SQL TRANSLATE: 272 µs 537 ns, OPTIMIZE: 10 ms 512 µs, LQP TRANSLATE: 299 µs 27 ns, EXECUTE: 5 s 548 ms (wall time) | QUERY PLAN CACHE HITS: 0/1 statement(s)]
After reset, table use_count: 2
WARNING: Table still has 1 other owner(s) after pipeline reset!
Executing script file done
$:hsh clear_plan_caches
Cleared PQP and LQP caches
$:hsh clear_pipeline
Released last SQLPipeline
$:hsh reset_exec_pools
Reset execution pools (2, 3) bump pointers to start
$:hsh mem_usage
------------------------------------------
Memory Usage Statistics:
VmSize:	303457224 kB
VmRSS:	76364040 kB
1: MemResourceStatus {MigratedColumnsAggregate,18446744073709551615,63541608448,52888587462,0,0,1,N/A}
MemResourceStatus {DefaultResource,18446744073709551615,18446744073709551615,18446744050488102189,18446744073709105478,0,-1,N/A}
Quick Memory Usage Overview:
Used Capacity: 0, 52888587462
------------------------------------------
Executing script file: /home/umeshsum/tpch_queries/21.sql
[32m(release)[0m> select
[32m(release)[0m> 	s_name,
[32m(release)[0m> 	count(*) as numwait
[32m(release)[0m> from
[32m(release)[0m> 	supplier,
[32m(release)[0m> 	lineitem l1,
[32m(release)[0m> 	orders,
[32m(release)[0m> 	nation
[32m(release)[0m> where
[32m(release)[0m> 	s_suppkey = l1.l_suppkey
[32m(release)[0m> 	and o_orderkey = l1.l_orderkey
[32m(release)[0m> 	and o_orderstatus = 'F'
[32m(release)[0m> 	and l1.l_receiptdate > l1.l_commitdate
[32m(release)[0m> 	and exists (
[32m(release)[0m> 		select
[32m(release)[0m> 			*
[32m(release)[0m> 		from
[32m(release)[0m> 			lineitem l2
[32m(release)[0m> 		where
[32m(release)[0m> 			l2.l_orderkey = l1.l_orderkey
[32m(release)[0m> 			and l2.l_suppkey <> l1.l_suppkey
[32m(release)[0m> 	)
[32m(release)[0m> 	and not exists (
[32m(release)[0m> 		select
[32m(release)[0m> 			*
[32m(release)[0m> 		from
[32m(release)[0m> 			lineitem l3
[32m(release)[0m> 		where
[32m(release)[0m> 			l3.l_orderkey = l1.l_orderkey
[32m(release)[0m> 			and l3.l_suppkey <> l1.l_suppkey
[32m(release)[0m> 			and l3.l_receiptdate > l3.l_commitdate
[32m(release)[0m> 	)
[32m(release)[0m> 	and s_nationkey = n_nationkey
[32m(release)[0m> 	and n_name = 'SAUDI ARABIA'
[32m(release)[0m> group by
[32m(release)[0m> 	s_name
[32m(release)[0m> order by
[32m(release)[0m> 	numwait desc,
[32m(release)[0m> 	s_name;
VmRSS Change: 125368 KB
===
19930 rows total
Execution info: [PARSE: 35 µs 520 ns, SQL TRANSLATE: 130 µs 848 ns, OPTIMIZE: 4 ms 384 µs, LQP TRANSLATE: 119 µs 529 ns, EXECUTE: 5 s 932 ms (wall time) | QUERY PLAN CACHE HITS: 0/1 statement(s)]
After reset, table use_count: 2
WARNING: Table still has 1 other owner(s) after pipeline reset!
Executing script file done
$:hsh clear_plan_caches
Cleared PQP and LQP caches
$:hsh clear_pipeline
Released last SQLPipeline
$:hsh reset_exec_pools
Reset execution pools (2, 3) bump pointers to start
$:hsh mem_usage
------------------------------------------
Memory Usage Statistics:
VmSize:	303457224 kB
VmRSS:	76489400 kB
1: MemResourceStatus {MigratedColumnsAggregate,18446744073709551615,63541608448,52888587462,0,0,1,N/A}
MemResourceStatus {DefaultResource,18446744073709551615,18446744073709551615,18446744050398171505,18446744073709105478,0,-1,N/A}
Quick Memory Usage Overview:
Used Capacity: 0, 52888587462
------------------------------------------
Executing script file: /home/umeshsum/tpch_queries/21.sql
[32m(release)[0m> select
[32m(release)[0m> 	s_name,
[32m(release)[0m> 	count(*) as numwait
[32m(release)[0m> from
[32m(release)[0m> 	supplier,
[32m(release)[0m> 	lineitem l1,
[32m(release)[0m> 	orders,
[32m(release)[0m> 	nation
[32m(release)[0m> where
[32m(release)[0m> 	s_suppkey = l1.l_suppkey
[32m(release)[0m> 	and o_orderkey = l1.l_orderkey
[32m(release)[0m> 	and o_orderstatus = 'F'
[32m(release)[0m> 	and l1.l_receiptdate > l1.l_commitdate
[32m(release)[0m> 	and exists (
[32m(release)[0m> 		select
[32m(release)[0m> 			*
[32m(release)[0m> 		from
[32m(release)[0m> 			lineitem l2
[32m(release)[0m> 		where
[32m(release)[0m> 			l2.l_orderkey = l1.l_orderkey
[32m(release)[0m> 			and l2.l_suppkey <> l1.l_suppkey
[32m(release)[0m> 	)
[32m(release)[0m> 	and not exists (
[32m(release)[0m> 		select
[32m(release)[0m> 			*
[32m(release)[0m> 		from
[32m(release)[0m> 			lineitem l3
[32m(release)[0m> 		where
[32m(release)[0m> 			l3.l_orderkey = l1.l_orderkey
[32m(release)[0m> 			and l3.l_suppkey <> l1.l_suppkey
[32m(release)[0m> 			and l3.l_receiptdate > l3.l_commitdate
[32m(release)[0m> 	)
[32m(release)[0m> 	and s_nationkey = n_nationkey
[32m(release)[0m> 	and n_name = 'SAUDI ARABIA'
[32m(release)[0m> group by
[32m(release)[0m> 	s_name
[32m(release)[0m> order by
[32m(release)[0m> 	numwait desc,
[32m(release)[0m> 	s_name;
VmRSS Change: 18446744073709145524 KB
===
19930 rows total
Execution info: [PARSE: 35 µs 970 ns, SQL TRANSLATE: 132 µs 979 ns, OPTIMIZE: 4 ms 352 µs, LQP TRANSLATE: 124 µs 298 ns, EXECUTE: 5 s 876 ms (wall time) | QUERY PLAN CACHE HITS: 0/1 statement(s)]
After reset, table use_count: 2
WARNING: Table still has 1 other owner(s) after pipeline reset!
Executing script file done
$:hsh clear_plan_caches
Cleared PQP and LQP caches
$:hsh clear_pipeline
Released last SQLPipeline
$:hsh reset_exec_pools
Reset execution pools (2, 3) bump pointers to start
$:hsh mem_usage
------------------------------------------
Memory Usage Statistics:
VmSize:	303457224 kB
VmRSS:	76083304 kB
1: MemResourceStatus {MigratedColumnsAggregate,18446744073709551615,63541608448,52888587462,0,0,1,N/A}
MemResourceStatus {DefaultResource,18446744073709551615,18446744073709551615,18446744050104695001,18446744073709105478,0,-1,N/A}
Quick Memory Usage Overview:
Used Capacity: 0, 52888587462
------------------------------------------
Executing script file: /home/umeshsum/tpch_queries/21.sql
[32m(release)[0m> select
[32m(release)[0m> 	s_name,
[32m(release)[0m> 	count(*) as numwait
[32m(release)[0m> from
[32m(release)[0m> 	supplier,
[32m(release)[0m> 	lineitem l1,
[32m(release)[0m> 	orders,
[32m(release)[0m> 	nation
[32m(release)[0m> where
[32m(release)[0m> 	s_suppkey = l1.l_suppkey
[32m(release)[0m> 	and o_orderkey = l1.l_orderkey
[32m(release)[0m> 	and o_orderstatus = 'F'
[32m(release)[0m> 	and l1.l_receiptdate > l1.l_commitdate
[32m(release)[0m> 	and exists (
[32m(release)[0m> 		select
[32m(release)[0m> 			*
[32m(release)[0m> 		from
[32m(release)[0m> 			lineitem l2
[32m(release)[0m> 		where
[32m(release)[0m> 			l2.l_orderkey = l1.l_orderkey
[32m(release)[0m> 			and l2.l_suppkey <> l1.l_suppkey
[32m(release)[0m> 	)
[32m(release)[0m> 	and not exists (
[32m(release)[0m> 		select
[32m(release)[0m> 			*
[32m(release)[0m> 		from
[32m(release)[0m> 			lineitem l3
[32m(release)[0m> 		where
[32m(release)[0m> 			l3.l_orderkey = l1.l_orderkey
[32m(release)[0m> 			and l3.l_suppkey <> l1.l_suppkey
[32m(release)[0m> 			and l3.l_receiptdate > l3.l_commitdate
[32m(release)[0m> 	)
[32m(release)[0m> 	and s_nationkey = n_nationkey
[32m(release)[0m> 	and n_name = 'SAUDI ARABIA'
[32m(release)[0m> group by
[32m(release)[0m> 	s_name
[32m(release)[0m> order by
[32m(release)[0m> 	numwait desc,
[32m(release)[0m> 	s_name;
VmRSS Change: 18446744073709404472 KB
===
19930 rows total
Execution info: [PARSE: 35 µs 889 ns, SQL TRANSLATE: 184 µs 309 ns, OPTIMIZE: 4 ms 401 µs, LQP TRANSLATE: 119 µs 999 ns, EXECUTE: 5 s 703 ms (wall time) | QUERY PLAN CACHE HITS: 0/1 statement(s)]
After reset, table use_count: 2
WARNING: Table still has 1 other owner(s) after pipeline reset!
Executing script file done
$:hsh clear_plan_caches
Cleared PQP and LQP caches
$:hsh clear_pipeline
Released last SQLPipeline
$:hsh reset_exec_pools
Reset execution pools (2, 3) bump pointers to start
$:hsh mem_usage
------------------------------------------
Memory Usage Statistics:
VmSize:	303457224 kB
VmRSS:	75936152 kB
1: MemResourceStatus {MigratedColumnsAggregate,18446744073709551615,63541608448,52888587462,0,0,1,N/A}
MemResourceStatus {DefaultResource,18446744073709551615,18446744073709551615,18446744049973890493,18446744073709105478,0,-1,N/A}
Quick Memory Usage Overview:
Used Capacity: 0, 52888587462
------------------------------------------
Executing script file: /home/umeshsum/tpch_queries/21.sql
[32m(release)[0m> select
[32m(release)[0m> 	s_name,
[32m(release)[0m> 	count(*) as numwait
[32m(release)[0m> from
[32m(release)[0m> 	supplier,
[32m(release)[0m> 	lineitem l1,
[32m(release)[0m> 	orders,
[32m(release)[0m> 	nation
[32m(release)[0m> where
[32m(release)[0m> 	s_suppkey = l1.l_suppkey
[32m(release)[0m> 	and o_orderkey = l1.l_orderkey
[32m(release)[0m> 	and o_orderstatus = 'F'
[32m(release)[0m> 	and l1.l_receiptdate > l1.l_commitdate
[32m(release)[0m> 	and exists (
[32m(release)[0m> 		select
[32m(release)[0m> 			*
[32m(release)[0m> 		from
[32m(release)[0m> 			lineitem l2
[32m(release)[0m> 		where
[32m(release)[0m> 			l2.l_orderkey = l1.l_orderkey
[32m(release)[0m> 			and l2.l_suppkey <> l1.l_suppkey
[32m(release)[0m> 	)
[32m(release)[0m> 	and not exists (
[32m(release)[0m> 		select
[32m(release)[0m> 			*
[32m(release)[0m> 		from
[32m(release)[0m> 			lineitem l3
[32m(release)[0m> 		where
[32m(release)[0m> 			l3.l_orderkey = l1.l_orderkey
[32m(release)[0m> 			and l3.l_suppkey <> l1.l_suppkey
[32m(release)[0m> 			and l3.l_receiptdate > l3.l_commitdate
[32m(release)[0m> 	)
[32m(release)[0m> 	and s_nationkey = n_nationkey
[32m(release)[0m> 	and n_name = 'SAUDI ARABIA'
[32m(release)[0m> group by
[32m(release)[0m> 	s_name
[32m(release)[0m> order by
[32m(release)[0m> 	numwait desc,
[32m(release)[0m> 	s_name;
VmRSS Change: 862952 KB
===
19930 rows total
Execution info: [PARSE: 36 µs 890 ns, SQL TRANSLATE: 134 µs 769 ns, OPTIMIZE: 4 ms 489 µs, LQP TRANSLATE: 116 µs 519 ns, EXECUTE: 6 s 180 ms (wall time) | QUERY PLAN CACHE HITS: 0/1 statement(s)]
After reset, table use_count: 2
WARNING: Table still has 1 other owner(s) after pipeline reset!
Executing script file done
$:hsh clear_plan_caches
Cleared PQP and LQP caches
$:hsh clear_pipeline
Released last SQLPipeline
$:hsh reset_exec_pools
Reset execution pools (2, 3) bump pointers to start
$:hsh mem_usage
------------------------------------------
Memory Usage Statistics:
VmSize:	303457224 kB
VmRSS:	76791392 kB
1: MemResourceStatus {MigratedColumnsAggregate,18446744073709551615,63541608448,52888587462,0,0,1,N/A}
MemResourceStatus {DefaultResource,18446744073709551615,18446744073709551615,18446744049595585837,18446744073709105478,0,-1,N/A}
Quick Memory Usage Overview:
Used Capacity: 0, 52888587462
------------------------------------------
Label set to d0_tf0_q22
$:hsh clear_plan_caches
Cleared PQP and LQP caches
$:hsh clear_pipeline
Released last SQLPipeline
$:hsh reset_exec_pools
Reset execution pools (2, 3) bump pointers to start
$:hsh mem_usage
------------------------------------------
Memory Usage Statistics:
VmSize:	303457224 kB
VmRSS:	76791368 kB
1: MemResourceStatus {MigratedColumnsAggregate,18446744073709551615,63541608448,52888587462,0,0,1,N/A}
MemResourceStatus {DefaultResource,18446744073709551615,18446744073709551615,18446744049595585837,18446744073709105478,0,-1,N/A}
Quick Memory Usage Overview:
Used Capacity: 0, 52888587462
------------------------------------------
Executing script file: /home/umeshsum/tpch_queries/22.sql
[32m(release)[0m> select
[32m(release)[0m> 	cntrycode,
[32m(release)[0m> 	count(*) as numcust,
[32m(release)[0m> 	sum(c_acctbal) as totacctbal
[32m(release)[0m> from
[32m(release)[0m> 	(
[32m(release)[0m> 		select
[32m(release)[0m> 			substring(c_phone, 1, 2) as cntrycode,
[32m(release)[0m> 			c_acctbal
[32m(release)[0m> 		from
[32m(release)[0m> 			customer
[32m(release)[0m> 		where
[32m(release)[0m> 			substring(c_phone, 1, 2) in
[32m(release)[0m> 				('13', '31', '23', '29', '30', '18', '17')
[32m(release)[0m> 			and c_acctbal > (
[32m(release)[0m> 				select
[32m(release)[0m> 					avg(c_acctbal)
[32m(release)[0m> 				from
[32m(release)[0m> 					customer
[32m(release)[0m> 				where
[32m(release)[0m> 					c_acctbal > 0.00
[32m(release)[0m> 					and substring(c_phone, 1, 2) in
[32m(release)[0m> 						('13', '31', '23', '29', '30', '18', '17')
[32m(release)[0m> 			)
[32m(release)[0m> 			and not exists (
[32m(release)[0m> 				select
[32m(release)[0m> 					*
[32m(release)[0m> 				from
[32m(release)[0m> 					orders
[32m(release)[0m> 				where
[32m(release)[0m> 					o_custkey = c_custkey
[32m(release)[0m> 			)
[32m(release)[0m> 	) as custsale
[32m(release)[0m> group by
[32m(release)[0m> 	cntrycode
[32m(release)[0m> order by
[32m(release)[0m> 	cntrycode;
VmRSS Change: 18446744073708768904 KB
===
7 rows total
Execution info: [PARSE: 41 µs 9 ns, SQL TRANSLATE: 117 µs 189 ns, OPTIMIZE: 760 µs 912 ns, LQP TRANSLATE: 60 µs 440 ns, EXECUTE: 885 ms 60 µs (wall time) | QUERY PLAN CACHE HITS: 0/1 statement(s)]
After reset, table use_count: 2
WARNING: Table still has 1 other owner(s) after pipeline reset!
Executing script file done
$:hsh clear_plan_caches
Cleared PQP and LQP caches
$:hsh clear_pipeline
Released last SQLPipeline
$:hsh reset_exec_pools
Reset execution pools (2, 3) bump pointers to start
$:hsh mem_usage
------------------------------------------
Memory Usage Statistics:
VmSize:	303457224 kB
VmRSS:	76008672 kB
1: MemResourceStatus {MigratedColumnsAggregate,18446744073709551615,63541608448,52888587462,0,0,1,N/A}
MemResourceStatus {DefaultResource,18446744073709551615,18446744073709551615,18446744049589130061,18446744073709105478,0,-1,N/A}
Quick Memory Usage Overview:
Used Capacity: 0, 52888587462
------------------------------------------
Executing script file: /home/umeshsum/tpch_queries/22.sql
[32m(release)[0m> select
[32m(release)[0m> 	cntrycode,
[32m(release)[0m> 	count(*) as numcust,
[32m(release)[0m> 	sum(c_acctbal) as totacctbal
[32m(release)[0m> from
[32m(release)[0m> 	(
[32m(release)[0m> 		select
[32m(release)[0m> 			substring(c_phone, 1, 2) as cntrycode,
[32m(release)[0m> 			c_acctbal
[32m(release)[0m> 		from
[32m(release)[0m> 			customer
[32m(release)[0m> 		where
[32m(release)[0m> 			substring(c_phone, 1, 2) in
[32m(release)[0m> 				('13', '31', '23', '29', '30', '18', '17')
[32m(release)[0m> 			and c_acctbal > (
[32m(release)[0m> 				select
[32m(release)[0m> 					avg(c_acctbal)
[32m(release)[0m> 				from
[32m(release)[0m> 					customer
[32m(release)[0m> 				where
[32m(release)[0m> 					c_acctbal > 0.00
[32m(release)[0m> 					and substring(c_phone, 1, 2) in
[32m(release)[0m> 						('13', '31', '23', '29', '30', '18', '17')
[32m(release)[0m> 			)
[32m(release)[0m> 			and not exists (
[32m(release)[0m> 				select
[32m(release)[0m> 					*
[32m(release)[0m> 				from
[32m(release)[0m> 					orders
[32m(release)[0m> 				where
[32m(release)[0m> 					o_custkey = c_custkey
[32m(release)[0m> 			)
[32m(release)[0m> 	) as custsale
[32m(release)[0m> group by
[32m(release)[0m> 	cntrycode
[32m(release)[0m> order by
[32m(release)[0m> 	cntrycode;
VmRSS Change: 18446744073709312620 KB
===
7 rows total
Execution info: [PARSE: 43 µs 179 ns, SQL TRANSLATE: 133 µs 729 ns, OPTIMIZE: 676 µs 793 ns, LQP TRANSLATE: 58 µs 829 ns, EXECUTE: 772 ms 333 µs (wall time) | QUERY PLAN CACHE HITS: 0/1 statement(s)]
After reset, table use_count: 2
WARNING: Table still has 1 other owner(s) after pipeline reset!
Executing script file done
$:hsh clear_plan_caches
Cleared PQP and LQP caches
$:hsh clear_pipeline
Released last SQLPipeline
$:hsh reset_exec_pools
Reset execution pools (2, 3) bump pointers to start
$:hsh mem_usage
------------------------------------------
Memory Usage Statistics:
VmSize:	303457224 kB
VmRSS:	75769680 kB
1: MemResourceStatus {MigratedColumnsAggregate,18446744073709551615,63541608448,52888587462,0,0,1,N/A}
MemResourceStatus {DefaultResource,18446744073709551615,18446744073709551615,18446744049570784391,18446744073709105478,0,-1,N/A}
Quick Memory Usage Overview:
Used Capacity: 0, 52888587462
------------------------------------------
Executing script file: /home/umeshsum/tpch_queries/22.sql
[32m(release)[0m> select
[32m(release)[0m> 	cntrycode,
[32m(release)[0m> 	count(*) as numcust,
[32m(release)[0m> 	sum(c_acctbal) as totacctbal
[32m(release)[0m> from
[32m(release)[0m> 	(
[32m(release)[0m> 		select
[32m(release)[0m> 			substring(c_phone, 1, 2) as cntrycode,
[32m(release)[0m> 			c_acctbal
[32m(release)[0m> 		from
[32m(release)[0m> 			customer
[32m(release)[0m> 		where
[32m(release)[0m> 			substring(c_phone, 1, 2) in
[32m(release)[0m> 				('13', '31', '23', '29', '30', '18', '17')
[32m(release)[0m> 			and c_acctbal > (
[32m(release)[0m> 				select
[32m(release)[0m> 					avg(c_acctbal)
[32m(release)[0m> 				from
[32m(release)[0m> 					customer
[32m(release)[0m> 				where
[32m(release)[0m> 					c_acctbal > 0.00
[32m(release)[0m> 					and substring(c_phone, 1, 2) in
[32m(release)[0m> 						('13', '31', '23', '29', '30', '18', '17')
[32m(release)[0m> 			)
[32m(release)[0m> 			and not exists (
[32m(release)[0m> 				select
[32m(release)[0m> 					*
[32m(release)[0m> 				from
[32m(release)[0m> 					orders
[32m(release)[0m> 				where
[32m(release)[0m> 					o_custkey = c_custkey
[32m(release)[0m> 			)
[32m(release)[0m> 	) as custsale
[32m(release)[0m> group by
[32m(release)[0m> 	cntrycode
[32m(release)[0m> order by
[32m(release)[0m> 	cntrycode;
VmRSS Change: 18446744073708126120 KB
===
7 rows total
Execution info: [PARSE: 79 µs 999 ns, SQL TRANSLATE: 187 µs 68 ns, OPTIMIZE: 1 ms 455 µs, LQP TRANSLATE: 136 µs 148 ns, EXECUTE: 1 s 195 ms (wall time) | QUERY PLAN CACHE HITS: 0/1 statement(s)]
After reset, table use_count: 2
WARNING: Table still has 1 other owner(s) after pipeline reset!
Executing script file done
$:hsh clear_plan_caches
Cleared PQP and LQP caches
$:hsh clear_pipeline
Released last SQLPipeline
$:hsh reset_exec_pools
Reset execution pools (2, 3) bump pointers to start
$:hsh mem_usage
------------------------------------------
Memory Usage Statistics:
VmSize:	303457224 kB
VmRSS:	74327204 kB
1: MemResourceStatus {MigratedColumnsAggregate,18446744073709551615,63541608448,52888587462,0,0,1,N/A}
MemResourceStatus {DefaultResource,18446744073709551615,18446744073709551615,18446744049558813083,18446744073709105478,0,-1,N/A}
Quick Memory Usage Overview:
Used Capacity: 0, 52888587462
------------------------------------------
Executing script file: /home/umeshsum/tpch_queries/22.sql
[32m(release)[0m> select
[32m(release)[0m> 	cntrycode,
[32m(release)[0m> 	count(*) as numcust,
[32m(release)[0m> 	sum(c_acctbal) as totacctbal
[32m(release)[0m> from
[32m(release)[0m> 	(
[32m(release)[0m> 		select
[32m(release)[0m> 			substring(c_phone, 1, 2) as cntrycode,
[32m(release)[0m> 			c_acctbal
[32m(release)[0m> 		from
[32m(release)[0m> 			customer
[32m(release)[0m> 		where
[32m(release)[0m> 			substring(c_phone, 1, 2) in
[32m(release)[0m> 				('13', '31', '23', '29', '30', '18', '17')
[32m(release)[0m> 			and c_acctbal > (
[32m(release)[0m> 				select
[32m(release)[0m> 					avg(c_acctbal)
[32m(release)[0m> 				from
[32m(release)[0m> 					customer
[32m(release)[0m> 				where
[32m(release)[0m> 					c_acctbal > 0.00
[32m(release)[0m> 					and substring(c_phone, 1, 2) in
[32m(release)[0m> 						('13', '31', '23', '29', '30', '18', '17')
[32m(release)[0m> 			)
[32m(release)[0m> 			and not exists (
[32m(release)[0m> 				select
[32m(release)[0m> 					*
[32m(release)[0m> 				from
[32m(release)[0m> 					orders
[32m(release)[0m> 				where
[32m(release)[0m> 					o_custkey = c_custkey
[32m(release)[0m> 			)
[32m(release)[0m> 	) as custsale
[32m(release)[0m> group by
[32m(release)[0m> 	cntrycode
[32m(release)[0m> order by
[32m(release)[0m> 	cntrycode;
VmRSS Change: 18446744073709500536 KB
===
7 rows total
Execution info: [PARSE: 148 µs 188 ns, SQL TRANSLATE: 190 µs 228 ns, OPTIMIZE: 1 ms 444 µs, LQP TRANSLATE: 131 µs 98 ns, EXECUTE: 734 ms 820 µs (wall time) | QUERY PLAN CACHE HITS: 0/1 statement(s)]
After reset, table use_count: 2
WARNING: Table still has 1 other owner(s) after pipeline reset!
Executing script file done
$:hsh clear_plan_caches
Cleared PQP and LQP caches
$:hsh clear_pipeline
Released last SQLPipeline
$:hsh reset_exec_pools
Reset execution pools (2, 3) bump pointers to start
$:hsh mem_usage
------------------------------------------
Memory Usage Statistics:
VmSize:	303457224 kB
VmRSS:	74276116 kB
1: MemResourceStatus {MigratedColumnsAggregate,18446744073709551615,63541608448,52888587462,0,0,1,N/A}
MemResourceStatus {DefaultResource,18446744073709551615,18446744073709551615,18446744049551893378,18446744073709105478,0,-1,N/A}
Quick Memory Usage Overview:
Used Capacity: 0, 52888587462
------------------------------------------
Executing script file: /home/umeshsum/tpch_queries/22.sql
[32m(release)[0m> select
[32m(release)[0m> 	cntrycode,
[32m(release)[0m> 	count(*) as numcust,
[32m(release)[0m> 	sum(c_acctbal) as totacctbal
[32m(release)[0m> from
[32m(release)[0m> 	(
[32m(release)[0m> 		select
[32m(release)[0m> 			substring(c_phone, 1, 2) as cntrycode,
[32m(release)[0m> 			c_acctbal
[32m(release)[0m> 		from
[32m(release)[0m> 			customer
[32m(release)[0m> 		where
[32m(release)[0m> 			substring(c_phone, 1, 2) in
[32m(release)[0m> 				('13', '31', '23', '29', '30', '18', '17')
[32m(release)[0m> 			and c_acctbal > (
[32m(release)[0m> 				select
[32m(release)[0m> 					avg(c_acctbal)
[32m(release)[0m> 				from
[32m(release)[0m> 					customer
[32m(release)[0m> 				where
[32m(release)[0m> 					c_acctbal > 0.00
[32m(release)[0m> 					and substring(c_phone, 1, 2) in
[32m(release)[0m> 						('13', '31', '23', '29', '30', '18', '17')
[32m(release)[0m> 			)
[32m(release)[0m> 			and not exists (
[32m(release)[0m> 				select
[32m(release)[0m> 					*
[32m(release)[0m> 				from
[32m(release)[0m> 					orders
[32m(release)[0m> 				where
[32m(release)[0m> 					o_custkey = c_custkey
[32m(release)[0m> 			)
[32m(release)[0m> 	) as custsale
[32m(release)[0m> group by
[32m(release)[0m> 	cntrycode
[32m(release)[0m> order by
[32m(release)[0m> 	cntrycode;
VmRSS Change: 18446744073709527440 KB
===
7 rows total
Execution info: [PARSE: 39 µs 290 ns, SQL TRANSLATE: 104 µs 739 ns, OPTIMIZE: 660 µs 33 ns, LQP TRANSLATE: 56 µs 420 ns, EXECUTE: 748 ms 157 µs (wall time) | QUERY PLAN CACHE HITS: 0/1 statement(s)]
After reset, table use_count: 2
WARNING: Table still has 1 other owner(s) after pipeline reset!
Executing script file done
$:hsh clear_plan_caches
Cleared PQP and LQP caches
$:hsh clear_pipeline
Released last SQLPipeline
$:hsh reset_exec_pools
Reset execution pools (2, 3) bump pointers to start
$:hsh mem_usage
------------------------------------------
Memory Usage Statistics:
VmSize:	303457224 kB
VmRSS:	74251940 kB
1: MemResourceStatus {MigratedColumnsAggregate,18446744073709551615,63541608448,52888587462,0,0,1,N/A}
MemResourceStatus {DefaultResource,18446744073709551615,18446744073709551615,18446744049534321032,18446744073709105478,0,-1,N/A}
Quick Memory Usage Overview:
Used Capacity: 0, 52888587462
------------------------------------------
Executing script file: /home/umeshsum/tpch_queries/22.sql
[32m(release)[0m> select
[32m(release)[0m> 	cntrycode,
[32m(release)[0m> 	count(*) as numcust,
[32m(release)[0m> 	sum(c_acctbal) as totacctbal
[32m(release)[0m> from
[32m(release)[0m> 	(
[32m(release)[0m> 		select
[32m(release)[0m> 			substring(c_phone, 1, 2) as cntrycode,
[32m(release)[0m> 			c_acctbal
[32m(release)[0m> 		from
[32m(release)[0m> 			customer
[32m(release)[0m> 		where
[32m(release)[0m> 			substring(c_phone, 1, 2) in
[32m(release)[0m> 				('13', '31', '23', '29', '30', '18', '17')
[32m(release)[0m> 			and c_acctbal > (
[32m(release)[0m> 				select
[32m(release)[0m> 					avg(c_acctbal)
[32m(release)[0m> 				from
[32m(release)[0m> 					customer
[32m(release)[0m> 				where
[32m(release)[0m> 					c_acctbal > 0.00
[32m(release)[0m> 					and substring(c_phone, 1, 2) in
[32m(release)[0m> 						('13', '31', '23', '29', '30', '18', '17')
[32m(release)[0m> 			)
[32m(release)[0m> 			and not exists (
[32m(release)[0m> 				select
[32m(release)[0m> 					*
[32m(release)[0m> 				from
[32m(release)[0m> 					orders
[32m(release)[0m> 				where
[32m(release)[0m> 					o_custkey = c_custkey
[32m(release)[0m> 			)
[32m(release)[0m> 	) as custsale
[32m(release)[0m> group by
[32m(release)[0m> 	cntrycode
[32m(release)[0m> order by
[32m(release)[0m> 	cntrycode;
VmRSS Change: 267780 KB
===
7 rows total
Execution info: [PARSE: 39 µs 610 ns, SQL TRANSLATE: 104 µs 189 ns, OPTIMIZE: 670 µs 893 ns, LQP TRANSLATE: 57 µs 769 ns, EXECUTE: 778 ms 748 µs (wall time) | QUERY PLAN CACHE HITS: 0/1 statement(s)]
After reset, table use_count: 2
WARNING: Table still has 1 other owner(s) after pipeline reset!
Executing script file done
$:hsh clear_plan_caches
Cleared PQP and LQP caches
$:hsh clear_pipeline
Released last SQLPipeline
$:hsh reset_exec_pools
Reset execution pools (2, 3) bump pointers to start
$:hsh mem_usage
------------------------------------------
Memory Usage Statistics:
VmSize:	303457224 kB
VmRSS:	74519720 kB
1: MemResourceStatus {MigratedColumnsAggregate,18446744073709551615,63541608448,52888587462,0,0,1,N/A}
MemResourceStatus {DefaultResource,18446744073709551615,18446744073709551615,18446744049512980270,18446744073709105478,0,-1,N/A}
Quick Memory Usage Overview:
Used Capacity: 0, 52888587462
------------------------------------------
Executing script file: /home/umeshsum/tpch_queries/22.sql
[32m(release)[0m> select
[32m(release)[0m> 	cntrycode,
[32m(release)[0m> 	count(*) as numcust,
[32m(release)[0m> 	sum(c_acctbal) as totacctbal
[32m(release)[0m> from
[32m(release)[0m> 	(
[32m(release)[0m> 		select
[32m(release)[0m> 			substring(c_phone, 1, 2) as cntrycode,
[32m(release)[0m> 			c_acctbal
[32m(release)[0m> 		from
[32m(release)[0m> 			customer
[32m(release)[0m> 		where
[32m(release)[0m> 			substring(c_phone, 1, 2) in
[32m(release)[0m> 				('13', '31', '23', '29', '30', '18', '17')
[32m(release)[0m> 			and c_acctbal > (
[32m(release)[0m> 				select
[32m(release)[0m> 					avg(c_acctbal)
[32m(release)[0m> 				from
[32m(release)[0m> 					customer
[32m(release)[0m> 				where
[32m(release)[0m> 					c_acctbal > 0.00
[32m(release)[0m> 					and substring(c_phone, 1, 2) in
[32m(release)[0m> 						('13', '31', '23', '29', '30', '18', '17')
[32m(release)[0m> 			)
[32m(release)[0m> 			and not exists (
[32m(release)[0m> 				select
[32m(release)[0m> 					*
[32m(release)[0m> 				from
[32m(release)[0m> 					orders
[32m(release)[0m> 				where
[32m(release)[0m> 					o_custkey = c_custkey
[32m(release)[0m> 			)
[32m(release)[0m> 	) as custsale
[32m(release)[0m> group by
[32m(release)[0m> 	cntrycode
[32m(release)[0m> order by
[32m(release)[0m> 	cntrycode;
VmRSS Change: 18446744073707678564 KB
===
7 rows total
Execution info: [PARSE: 40 µs 620 ns, SQL TRANSLATE: 111 µs 109 ns, OPTIMIZE: 688 µs 13 ns, LQP TRANSLATE: 67 µs 329 ns, EXECUTE: 1 s 1 ms (wall time) | QUERY PLAN CACHE HITS: 0/1 statement(s)]
After reset, table use_count: 2
WARNING: Table still has 1 other owner(s) after pipeline reset!
Executing script file done
$:hsh clear_plan_caches
Cleared PQP and LQP caches
$:hsh clear_pipeline
Released last SQLPipeline
$:hsh reset_exec_pools
Reset execution pools (2, 3) bump pointers to start
$:hsh mem_usage
------------------------------------------
Memory Usage Statistics:
VmSize:	303457224 kB
VmRSS:	72646668 kB
1: MemResourceStatus {MigratedColumnsAggregate,18446744073709551615,63541608448,52888587462,0,0,1,N/A}
MemResourceStatus {DefaultResource,18446744073709551615,18446744073709551615,18446744049488651290,18446744073709105478,0,-1,N/A}
Quick Memory Usage Overview:
Used Capacity: 0, 52888587462
------------------------------------------
Executing script file: /home/umeshsum/tpch_queries/22.sql
[32m(release)[0m> select
[32m(release)[0m> 	cntrycode,
[32m(release)[0m> 	count(*) as numcust,
[32m(release)[0m> 	sum(c_acctbal) as totacctbal
[32m(release)[0m> from
[32m(release)[0m> 	(
[32m(release)[0m> 		select
[32m(release)[0m> 			substring(c_phone, 1, 2) as cntrycode,
[32m(release)[0m> 			c_acctbal
[32m(release)[0m> 		from
[32m(release)[0m> 			customer
[32m(release)[0m> 		where
[32m(release)[0m> 			substring(c_phone, 1, 2) in
[32m(release)[0m> 				('13', '31', '23', '29', '30', '18', '17')
[32m(release)[0m> 			and c_acctbal > (
[32m(release)[0m> 				select
[32m(release)[0m> 					avg(c_acctbal)
[32m(release)[0m> 				from
[32m(release)[0m> 					customer
[32m(release)[0m> 				where
[32m(release)[0m> 					c_acctbal > 0.00
[32m(release)[0m> 					and substring(c_phone, 1, 2) in
[32m(release)[0m> 						('13', '31', '23', '29', '30', '18', '17')
[32m(release)[0m> 			)
[32m(release)[0m> 			and not exists (
[32m(release)[0m> 				select
[32m(release)[0m> 					*
[32m(release)[0m> 				from
[32m(release)[0m> 					orders
[32m(release)[0m> 				where
[32m(release)[0m> 					o_custkey = c_custkey
[32m(release)[0m> 			)
[32m(release)[0m> 	) as custsale
[32m(release)[0m> group by
[32m(release)[0m> 	cntrycode
[32m(release)[0m> order by
[32m(release)[0m> 	cntrycode;
VmRSS Change: 65164 KB
===
7 rows total
Execution info: [PARSE: 73 µs 870 ns, SQL TRANSLATE: 159 µs 559 ns, OPTIMIZE: 1 ms 176 µs, LQP TRANSLATE: 102 µs 559 ns, EXECUTE: 830 ms 738 µs (wall time) | QUERY PLAN CACHE HITS: 0/1 statement(s)]
After reset, table use_count: 2
WARNING: Table still has 1 other owner(s) after pipeline reset!
Executing script file done
$:hsh clear_plan_caches
Cleared PQP and LQP caches
$:hsh clear_pipeline
Released last SQLPipeline
$:hsh reset_exec_pools
Reset execution pools (2, 3) bump pointers to start
$:hsh mem_usage
------------------------------------------
Memory Usage Statistics:
VmSize:	303457224 kB
VmRSS:	72711832 kB
1: MemResourceStatus {MigratedColumnsAggregate,18446744073709551615,63541608448,52888587462,0,0,1,N/A}
MemResourceStatus {DefaultResource,18446744073709551615,18446744073709551615,18446744049468362515,18446744073709105478,0,-1,N/A}
Quick Memory Usage Overview:
Used Capacity: 0, 52888587462
------------------------------------------
Executing script file: /home/umeshsum/tpch_queries/22.sql
[32m(release)[0m> select
[32m(release)[0m> 	cntrycode,
[32m(release)[0m> 	count(*) as numcust,
[32m(release)[0m> 	sum(c_acctbal) as totacctbal
[32m(release)[0m> from
[32m(release)[0m> 	(
[32m(release)[0m> 		select
[32m(release)[0m> 			substring(c_phone, 1, 2) as cntrycode,
[32m(release)[0m> 			c_acctbal
[32m(release)[0m> 		from
[32m(release)[0m> 			customer
[32m(release)[0m> 		where
[32m(release)[0m> 			substring(c_phone, 1, 2) in
[32m(release)[0m> 				('13', '31', '23', '29', '30', '18', '17')
[32m(release)[0m> 			and c_acctbal > (
[32m(release)[0m> 				select
[32m(release)[0m> 					avg(c_acctbal)
[32m(release)[0m> 				from
[32m(release)[0m> 					customer
[32m(release)[0m> 				where
[32m(release)[0m> 					c_acctbal > 0.00
[32m(release)[0m> 					and substring(c_phone, 1, 2) in
[32m(release)[0m> 						('13', '31', '23', '29', '30', '18', '17')
[32m(release)[0m> 			)
[32m(release)[0m> 			and not exists (
[32m(release)[0m> 				select
[32m(release)[0m> 					*
[32m(release)[0m> 				from
[32m(release)[0m> 					orders
[32m(release)[0m> 				where
[32m(release)[0m> 					o_custkey = c_custkey
[32m(release)[0m> 			)
[32m(release)[0m> 	) as custsale
[32m(release)[0m> group by
[32m(release)[0m> 	cntrycode
[32m(release)[0m> order by
[32m(release)[0m> 	cntrycode;
VmRSS Change: 18446744073709428564 KB
===
7 rows total
Execution info: [PARSE: 72 µs 659 ns, SQL TRANSLATE: 101 µs 279 ns, OPTIMIZE: 676 µs 803 ns, LQP TRANSLATE: 56 µs 640 ns, EXECUTE: 730 ms 628 µs (wall time) | QUERY PLAN CACHE HITS: 0/1 statement(s)]
After reset, table use_count: 2
WARNING: Table still has 1 other owner(s) after pipeline reset!
Executing script file done
$:hsh clear_plan_caches
Cleared PQP and LQP caches
$:hsh clear_pipeline
Released last SQLPipeline
$:hsh reset_exec_pools
Reset execution pools (2, 3) bump pointers to start
$:hsh mem_usage
------------------------------------------
Memory Usage Statistics:
VmSize:	303457224 kB
VmRSS:	72565656 kB
1: MemResourceStatus {MigratedColumnsAggregate,18446744073709551615,63541608448,52888587462,0,0,1,N/A}
MemResourceStatus {DefaultResource,18446744073709551615,18446744073709551615,18446744049455827951,18446744073709105478,0,-1,N/A}
Quick Memory Usage Overview:
Used Capacity: 0, 52888587462
------------------------------------------
Executing script file: /home/umeshsum/tpch_queries/22.sql
[32m(release)[0m> select
[32m(release)[0m> 	cntrycode,
[32m(release)[0m> 	count(*) as numcust,
[32m(release)[0m> 	sum(c_acctbal) as totacctbal
[32m(release)[0m> from
[32m(release)[0m> 	(
[32m(release)[0m> 		select
[32m(release)[0m> 			substring(c_phone, 1, 2) as cntrycode,
[32m(release)[0m> 			c_acctbal
[32m(release)[0m> 		from
[32m(release)[0m> 			customer
[32m(release)[0m> 		where
[32m(release)[0m> 			substring(c_phone, 1, 2) in
[32m(release)[0m> 				('13', '31', '23', '29', '30', '18', '17')
[32m(release)[0m> 			and c_acctbal > (
[32m(release)[0m> 				select
[32m(release)[0m> 					avg(c_acctbal)
[32m(release)[0m> 				from
[32m(release)[0m> 					customer
[32m(release)[0m> 				where
[32m(release)[0m> 					c_acctbal > 0.00
[32m(release)[0m> 					and substring(c_phone, 1, 2) in
[32m(release)[0m> 						('13', '31', '23', '29', '30', '18', '17')
[32m(release)[0m> 			)
[32m(release)[0m> 			and not exists (
[32m(release)[0m> 				select
[32m(release)[0m> 					*
[32m(release)[0m> 				from
[32m(release)[0m> 					orders
[32m(release)[0m> 				where
[32m(release)[0m> 					o_custkey = c_custkey
[32m(release)[0m> 			)
[32m(release)[0m> 	) as custsale
[32m(release)[0m> group by
[32m(release)[0m> 	cntrycode
[32m(release)[0m> order by
[32m(release)[0m> 	cntrycode;
VmRSS Change: 18446744073709447368 KB
===
7 rows total
Execution info: [PARSE: 39 µs 170 ns, SQL TRANSLATE: 98 µs 629 ns, OPTIMIZE: 662 µs 923 ns, LQP TRANSLATE: 56 µs 350 ns, EXECUTE: 719 ms 141 µs (wall time) | QUERY PLAN CACHE HITS: 0/1 statement(s)]
After reset, table use_count: 2
WARNING: Table still has 1 other owner(s) after pipeline reset!
Executing script file done
$:hsh clear_plan_caches
Cleared PQP and LQP caches
$:hsh clear_pipeline
Released last SQLPipeline
$:hsh reset_exec_pools
Reset execution pools (2, 3) bump pointers to start
$:hsh mem_usage
------------------------------------------
Memory Usage Statistics:
VmSize:	303457224 kB
VmRSS:	72461408 kB
1: MemResourceStatus {MigratedColumnsAggregate,18446744073709551615,63541608448,52888587462,0,0,1,N/A}
MemResourceStatus {DefaultResource,18446744073709551615,18446744073709551615,18446744049431176107,18446744073709105478,0,-1,N/A}
Quick Memory Usage Overview:
Used Capacity: 0, 52888587462
------------------------------------------
Label set to d0_tf0_q2
$:hsh clear_plan_caches
Cleared PQP and LQP caches
$:hsh clear_pipeline
Released last SQLPipeline
$:hsh reset_exec_pools
Reset execution pools (2, 3) bump pointers to start
$:hsh mem_usage
------------------------------------------
Memory Usage Statistics:
VmSize:	303457224 kB
VmRSS:	72461404 kB
1: MemResourceStatus {MigratedColumnsAggregate,18446744073709551615,63541608448,52888587462,0,0,1,N/A}
MemResourceStatus {DefaultResource,18446744073709551615,18446744073709551615,18446744049431176107,18446744073709105478,0,-1,N/A}
Quick Memory Usage Overview:
Used Capacity: 0, 52888587462
------------------------------------------
Executing script file: /home/umeshsum/tpch_queries/2.sql
[32m(release)[0m> select
[32m(release)[0m> 	s_acctbal,
[32m(release)[0m> 	s_name,
[32m(release)[0m> 	n_name,
[32m(release)[0m> 	p_partkey,
[32m(release)[0m> 	p_mfgr,
[32m(release)[0m> 	s_address,
[32m(release)[0m> 	s_phone,
[32m(release)[0m> 	s_comment
[32m(release)[0m> from
[32m(release)[0m> 	part,
[32m(release)[0m> 	supplier,
[32m(release)[0m> 	partsupp,
[32m(release)[0m> 	nation,
[32m(release)[0m> 	region
[32m(release)[0m> where
[32m(release)[0m> 	p_partkey = ps_partkey
[32m(release)[0m> 	and s_suppkey = ps_suppkey
[32m(release)[0m> 	and p_size = 15
[32m(release)[0m> 	and p_type like '%BRASS'
[32m(release)[0m> 	and s_nationkey = n_nationkey
[32m(release)[0m> 	and n_regionkey = r_regionkey
[32m(release)[0m> 	and r_name = 'EUROPE'
[32m(release)[0m> 	and ps_supplycost = (
[32m(release)[0m> 		select
[32m(release)[0m> 			min(ps_supplycost)
[32m(release)[0m> 		from
[32m(release)[0m> 			partsupp,
[32m(release)[0m> 			supplier,
[32m(release)[0m> 			nation,
[32m(release)[0m> 			region
[32m(release)[0m> 		where
[32m(release)[0m> 			p_partkey = ps_partkey
[32m(release)[0m> 			and s_suppkey = ps_suppkey
[32m(release)[0m> 			and s_nationkey = n_nationkey
[32m(release)[0m> 			and n_regionkey = r_regionkey
[32m(release)[0m> 			and r_name = 'EUROPE'
[32m(release)[0m> 	)
[32m(release)[0m> order by
[32m(release)[0m> 	s_acctbal desc,
[32m(release)[0m> 	n_name,
[32m(release)[0m> 	s_name,
[32m(release)[0m> 	p_partkey;
VmRSS Change: 18446744073709533588 KB
===
23639 rows total
Execution info: [PARSE: 39 µs 330 ns, SQL TRANSLATE: 133 µs 288 ns, OPTIMIZE: 4 ms 624 µs, LQP TRANSLATE: 145 µs 648 ns, EXECUTE: 104 ms 358 µs (wall time) | QUERY PLAN CACHE HITS: 0/1 statement(s)]
After reset, table use_count: 2
WARNING: Table still has 1 other owner(s) after pipeline reset!
Executing script file done
$:hsh clear_plan_caches
Cleared PQP and LQP caches
$:hsh clear_pipeline
Released last SQLPipeline
$:hsh reset_exec_pools
Reset execution pools (2, 3) bump pointers to start
$:hsh mem_usage
------------------------------------------
Memory Usage Statistics:
VmSize:	303457224 kB
VmRSS:	72443412 kB
1: MemResourceStatus {MigratedColumnsAggregate,18446744073709551615,63541608448,52888587462,0,0,1,N/A}
MemResourceStatus {DefaultResource,18446744073709551615,18446744073709551615,18446744049453436599,18446744073709105478,0,-1,N/A}
Quick Memory Usage Overview:
Used Capacity: 0, 52888587462
------------------------------------------
Executing script file: /home/umeshsum/tpch_queries/2.sql
[32m(release)[0m> select
[32m(release)[0m> 	s_acctbal,
[32m(release)[0m> 	s_name,
[32m(release)[0m> 	n_name,
[32m(release)[0m> 	p_partkey,
[32m(release)[0m> 	p_mfgr,
[32m(release)[0m> 	s_address,
[32m(release)[0m> 	s_phone,
[32m(release)[0m> 	s_comment
[32m(release)[0m> from
[32m(release)[0m> 	part,
[32m(release)[0m> 	supplier,
[32m(release)[0m> 	partsupp,
[32m(release)[0m> 	nation,
[32m(release)[0m> 	region
[32m(release)[0m> where
[32m(release)[0m> 	p_partkey = ps_partkey
[32m(release)[0m> 	and s_suppkey = ps_suppkey
[32m(release)[0m> 	and p_size = 15
[32m(release)[0m> 	and p_type like '%BRASS'
[32m(release)[0m> 	and s_nationkey = n_nationkey
[32m(release)[0m> 	and n_regionkey = r_regionkey
[32m(release)[0m> 	and r_name = 'EUROPE'
[32m(release)[0m> 	and ps_supplycost = (
[32m(release)[0m> 		select
[32m(release)[0m> 			min(ps_supplycost)
[32m(release)[0m> 		from
[32m(release)[0m> 			partsupp,
[32m(release)[0m> 			supplier,
[32m(release)[0m> 			nation,
[32m(release)[0m> 			region
[32m(release)[0m> 		where
[32m(release)[0m> 			p_partkey = ps_partkey
[32m(release)[0m> 			and s_suppkey = ps_suppkey
[32m(release)[0m> 			and s_nationkey = n_nationkey
[32m(release)[0m> 			and n_regionkey = r_regionkey
[32m(release)[0m> 			and r_name = 'EUROPE'
[32m(release)[0m> 	)
[32m(release)[0m> order by
[32m(release)[0m> 	s_acctbal desc,
[32m(release)[0m> 	n_name,
[32m(release)[0m> 	s_name,
[32m(release)[0m> 	p_partkey;
VmRSS Change: 18446744073709533172 KB
===
23639 rows total
Execution info: [PARSE: 69 µs 480 ns, SQL TRANSLATE: 232 µs 327 ns, OPTIMIZE: 10 ms 852 µs, LQP TRANSLATE: 339 µs 686 ns, EXECUTE: 107 ms 159 µs (wall time) | QUERY PLAN CACHE HITS: 0/1 statement(s)]
After reset, table use_count: 2
WARNING: Table still has 1 other owner(s) after pipeline reset!
Executing script file done
$:hsh clear_plan_caches
Cleared PQP and LQP caches
$:hsh clear_pipeline
Released last SQLPipeline
$:hsh reset_exec_pools
Reset execution pools (2, 3) bump pointers to start
$:hsh mem_usage
------------------------------------------
Memory Usage Statistics:
VmSize:	303457224 kB
VmRSS:	72424976 kB
1: MemResourceStatus {MigratedColumnsAggregate,18446744073709551615,63541608448,52888587462,0,0,1,N/A}
MemResourceStatus {DefaultResource,18446744073709551615,18446744073709551615,18446744049481035571,18446744073709105478,0,-1,N/A}
Quick Memory Usage Overview:
Used Capacity: 0, 52888587462
------------------------------------------
Executing script file: /home/umeshsum/tpch_queries/2.sql
[32m(release)[0m> select
[32m(release)[0m> 	s_acctbal,
[32m(release)[0m> 	s_name,
[32m(release)[0m> 	n_name,
[32m(release)[0m> 	p_partkey,
[32m(release)[0m> 	p_mfgr,
[32m(release)[0m> 	s_address,
[32m(release)[0m> 	s_phone,
[32m(release)[0m> 	s_comment
[32m(release)[0m> from
[32m(release)[0m> 	part,
[32m(release)[0m> 	supplier,
[32m(release)[0m> 	partsupp,
[32m(release)[0m> 	nation,
[32m(release)[0m> 	region
[32m(release)[0m> where
[32m(release)[0m> 	p_partkey = ps_partkey
[32m(release)[0m> 	and s_suppkey = ps_suppkey
[32m(release)[0m> 	and p_size = 15
[32m(release)[0m> 	and p_type like '%BRASS'
[32m(release)[0m> 	and s_nationkey = n_nationkey
[32m(release)[0m> 	and n_regionkey = r_regionkey
[32m(release)[0m> 	and r_name = 'EUROPE'
[32m(release)[0m> 	and ps_supplycost = (
[32m(release)[0m> 		select
[32m(release)[0m> 			min(ps_supplycost)
[32m(release)[0m> 		from
[32m(release)[0m> 			partsupp,
[32m(release)[0m> 			supplier,
[32m(release)[0m> 			nation,
[32m(release)[0m> 			region
[32m(release)[0m> 		where
[32m(release)[0m> 			p_partkey = ps_partkey
[32m(release)[0m> 			and s_suppkey = ps_suppkey
[32m(release)[0m> 			and s_nationkey = n_nationkey
[32m(release)[0m> 			and n_regionkey = r_regionkey
[32m(release)[0m> 			and r_name = 'EUROPE'
[32m(release)[0m> 	)
[32m(release)[0m> order by
[32m(release)[0m> 	s_acctbal desc,
[32m(release)[0m> 	n_name,
[32m(release)[0m> 	s_name,
[32m(release)[0m> 	p_partkey;
VmRSS Change: 18446744073709539388 KB
===
23639 rows total
Execution info: [PARSE: 33 µs 679 ns, SQL TRANSLATE: 120 µs 589 ns, OPTIMIZE: 4 ms 450 µs, LQP TRANSLATE: 140 µs 389 ns, EXECUTE: 108 ms 103 µs (wall time) | QUERY PLAN CACHE HITS: 0/1 statement(s)]
After reset, table use_count: 2
WARNING: Table still has 1 other owner(s) after pipeline reset!
Executing script file done
$:hsh clear_plan_caches
Cleared PQP and LQP caches
$:hsh clear_pipeline
Released last SQLPipeline
$:hsh reset_exec_pools
Reset execution pools (2, 3) bump pointers to start
$:hsh mem_usage
------------------------------------------
Memory Usage Statistics:
VmSize:	303457224 kB
VmRSS:	72412760 kB
1: MemResourceStatus {MigratedColumnsAggregate,18446744073709551615,63541608448,52888587462,0,0,1,N/A}
MemResourceStatus {DefaultResource,18446744073709551615,18446744073709551615,18446744049502285279,18446744073709105478,0,-1,N/A}
Quick Memory Usage Overview:
Used Capacity: 0, 52888587462
------------------------------------------
Executing script file: /home/umeshsum/tpch_queries/2.sql
[32m(release)[0m> select
[32m(release)[0m> 	s_acctbal,
[32m(release)[0m> 	s_name,
[32m(release)[0m> 	n_name,
[32m(release)[0m> 	p_partkey,
[32m(release)[0m> 	p_mfgr,
[32m(release)[0m> 	s_address,
[32m(release)[0m> 	s_phone,
[32m(release)[0m> 	s_comment
[32m(release)[0m> from
[32m(release)[0m> 	part,
[32m(release)[0m> 	supplier,
[32m(release)[0m> 	partsupp,
[32m(release)[0m> 	nation,
[32m(release)[0m> 	region
[32m(release)[0m> where
[32m(release)[0m> 	p_partkey = ps_partkey
[32m(release)[0m> 	and s_suppkey = ps_suppkey
[32m(release)[0m> 	and p_size = 15
[32m(release)[0m> 	and p_type like '%BRASS'
[32m(release)[0m> 	and s_nationkey = n_nationkey
[32m(release)[0m> 	and n_regionkey = r_regionkey
[32m(release)[0m> 	and r_name = 'EUROPE'
[32m(release)[0m> 	and ps_supplycost = (
[32m(release)[0m> 		select
[32m(release)[0m> 			min(ps_supplycost)
[32m(release)[0m> 		from
[32m(release)[0m> 			partsupp,
[32m(release)[0m> 			supplier,
[32m(release)[0m> 			nation,
[32m(release)[0m> 			region
[32m(release)[0m> 		where
[32m(release)[0m> 			p_partkey = ps_partkey
[32m(release)[0m> 			and s_suppkey = ps_suppkey
[32m(release)[0m> 			and s_nationkey = n_nationkey
[32m(release)[0m> 			and n_regionkey = r_regionkey
[32m(release)[0m> 			and r_name = 'EUROPE'
[32m(release)[0m> 	)
[32m(release)[0m> order by
[32m(release)[0m> 	s_acctbal desc,
[32m(release)[0m> 	n_name,
[32m(release)[0m> 	s_name,
[32m(release)[0m> 	p_partkey;
VmRSS Change: 18446744073709361040 KB
===
23639 rows total
Execution info: [PARSE: 56 µs 700 ns, SQL TRANSLATE: 187 µs 348 ns, OPTIMIZE: 8 ms 376 µs, LQP TRANSLATE: 255 µs 397 ns, EXECUTE: 139 ms 823 µs (wall time) | QUERY PLAN CACHE HITS: 0/1 statement(s)]
After reset, table use_count: 2
WARNING: Table still has 1 other owner(s) after pipeline reset!
Executing script file done
$:hsh clear_plan_caches
Cleared PQP and LQP caches
$:hsh clear_pipeline
Released last SQLPipeline
$:hsh reset_exec_pools
Reset execution pools (2, 3) bump pointers to start
$:hsh mem_usage
------------------------------------------
Memory Usage Statistics:
VmSize:	303457224 kB
VmRSS:	72211936 kB
1: MemResourceStatus {MigratedColumnsAggregate,18446744073709551615,63541608448,52888587462,0,0,1,N/A}
MemResourceStatus {DefaultResource,18446744073709551615,18446744073709551615,18446744049524823279,18446744073709105478,0,-1,N/A}
Quick Memory Usage Overview:
Used Capacity: 0, 52888587462
------------------------------------------
Executing script file: /home/umeshsum/tpch_queries/2.sql
[32m(release)[0m> select
[32m(release)[0m> 	s_acctbal,
[32m(release)[0m> 	s_name,
[32m(release)[0m> 	n_name,
[32m(release)[0m> 	p_partkey,
[32m(release)[0m> 	p_mfgr,
[32m(release)[0m> 	s_address,
[32m(release)[0m> 	s_phone,
[32m(release)[0m> 	s_comment
[32m(release)[0m> from
[32m(release)[0m> 	part,
[32m(release)[0m> 	supplier,
[32m(release)[0m> 	partsupp,
[32m(release)[0m> 	nation,
[32m(release)[0m> 	region
[32m(release)[0m> where
[32m(release)[0m> 	p_partkey = ps_partkey
[32m(release)[0m> 	and s_suppkey = ps_suppkey
[32m(release)[0m> 	and p_size = 15
[32m(release)[0m> 	and p_type like '%BRASS'
[32m(release)[0m> 	and s_nationkey = n_nationkey
[32m(release)[0m> 	and n_regionkey = r_regionkey
[32m(release)[0m> 	and r_name = 'EUROPE'
[32m(release)[0m> 	and ps_supplycost = (
[32m(release)[0m> 		select
[32m(release)[0m> 			min(ps_supplycost)
[32m(release)[0m> 		from
[32m(release)[0m> 			partsupp,
[32m(release)[0m> 			supplier,
[32m(release)[0m> 			nation,
[32m(release)[0m> 			region
[32m(release)[0m> 		where
[32m(release)[0m> 			p_partkey = ps_partkey
[32m(release)[0m> 			and s_suppkey = ps_suppkey
[32m(release)[0m> 			and s_nationkey = n_nationkey
[32m(release)[0m> 			and n_regionkey = r_regionkey
[32m(release)[0m> 			and r_name = 'EUROPE'
[32m(release)[0m> 	)
[32m(release)[0m> order by
[32m(release)[0m> 	s_acctbal desc,
[32m(release)[0m> 	n_name,
[32m(release)[0m> 	s_name,
[32m(release)[0m> 	p_partkey;
VmRSS Change: 18446744073709537528 KB
===
23639 rows total
Execution info: [PARSE: 71 µs 669 ns, SQL TRANSLATE: 232 µs 578 ns, OPTIMIZE: 10 ms 995 µs, LQP TRANSLATE: 339 µs 296 ns, EXECUTE: 104 ms 370 µs (wall time) | QUERY PLAN CACHE HITS: 0/1 statement(s)]
After reset, table use_count: 2
WARNING: Table still has 1 other owner(s) after pipeline reset!
Executing script file done
$:hsh clear_plan_caches
Cleared PQP and LQP caches
$:hsh clear_pipeline
Released last SQLPipeline
$:hsh reset_exec_pools
Reset execution pools (2, 3) bump pointers to start
$:hsh mem_usage
------------------------------------------
Memory Usage Statistics:
VmSize:	303457224 kB
VmRSS:	72197848 kB
1: MemResourceStatus {MigratedColumnsAggregate,18446744073709551615,63541608448,52888587462,0,0,1,N/A}
MemResourceStatus {DefaultResource,18446744073709551615,18446744073709551615,18446744049549391903,18446744073709105478,0,-1,N/A}
Quick Memory Usage Overview:
Used Capacity: 0, 52888587462
------------------------------------------
Executing script file: /home/umeshsum/tpch_queries/2.sql
[32m(release)[0m> select
[32m(release)[0m> 	s_acctbal,
[32m(release)[0m> 	s_name,
[32m(release)[0m> 	n_name,
[32m(release)[0m> 	p_partkey,
[32m(release)[0m> 	p_mfgr,
[32m(release)[0m> 	s_address,
[32m(release)[0m> 	s_phone,
[32m(release)[0m> 	s_comment
[32m(release)[0m> from
[32m(release)[0m> 	part,
[32m(release)[0m> 	supplier,
[32m(release)[0m> 	partsupp,
[32m(release)[0m> 	nation,
[32m(release)[0m> 	region
[32m(release)[0m> where
[32m(release)[0m> 	p_partkey = ps_partkey
[32m(release)[0m> 	and s_suppkey = ps_suppkey
[32m(release)[0m> 	and p_size = 15
[32m(release)[0m> 	and p_type like '%BRASS'
[32m(release)[0m> 	and s_nationkey = n_nationkey
[32m(release)[0m> 	and n_regionkey = r_regionkey
[32m(release)[0m> 	and r_name = 'EUROPE'
[32m(release)[0m> 	and ps_supplycost = (
[32m(release)[0m> 		select
[32m(release)[0m> 			min(ps_supplycost)
[32m(release)[0m> 		from
[32m(release)[0m> 			partsupp,
[32m(release)[0m> 			supplier,
[32m(release)[0m> 			nation,
[32m(release)[0m> 			region
[32m(release)[0m> 		where
[32m(release)[0m> 			p_partkey = ps_partkey
[32m(release)[0m> 			and s_suppkey = ps_suppkey
[32m(release)[0m> 			and s_nationkey = n_nationkey
[32m(release)[0m> 			and n_regionkey = r_regionkey
[32m(release)[0m> 			and r_name = 'EUROPE'
[32m(release)[0m> 	)
[32m(release)[0m> order by
[32m(release)[0m> 	s_acctbal desc,
[32m(release)[0m> 	n_name,
[32m(release)[0m> 	s_name,
[32m(release)[0m> 	p_partkey;
VmRSS Change: 18446744073709540984 KB
===
23639 rows total
Execution info: [PARSE: 70 µs 450 ns, SQL TRANSLATE: 229 µs 927 ns, OPTIMIZE: 11 ms 222 µs, LQP TRANSLATE: 342 µs 586 ns, EXECUTE: 104 ms 566 µs (wall time) | QUERY PLAN CACHE HITS: 0/1 statement(s)]
After reset, table use_count: 2
WARNING: Table still has 1 other owner(s) after pipeline reset!
Executing script file done
$:hsh clear_plan_caches
Cleared PQP and LQP caches
$:hsh clear_pipeline
Released last SQLPipeline
$:hsh reset_exec_pools
Reset execution pools (2, 3) bump pointers to start
$:hsh mem_usage
------------------------------------------
Memory Usage Statistics:
VmSize:	303457224 kB
VmRSS:	72187216 kB
1: MemResourceStatus {MigratedColumnsAggregate,18446744073709551615,63541608448,52888587462,0,0,1,N/A}
MemResourceStatus {DefaultResource,18446744073709551615,18446744073709551615,18446744049578483923,18446744073709105478,0,-1,N/A}
Quick Memory Usage Overview:
Used Capacity: 0, 52888587462
------------------------------------------
Executing script file: /home/umeshsum/tpch_queries/2.sql
[32m(release)[0m> select
[32m(release)[0m> 	s_acctbal,
[32m(release)[0m> 	s_name,
[32m(release)[0m> 	n_name,
[32m(release)[0m> 	p_partkey,
[32m(release)[0m> 	p_mfgr,
[32m(release)[0m> 	s_address,
[32m(release)[0m> 	s_phone,
[32m(release)[0m> 	s_comment
[32m(release)[0m> from
[32m(release)[0m> 	part,
[32m(release)[0m> 	supplier,
[32m(release)[0m> 	partsupp,
[32m(release)[0m> 	nation,
[32m(release)[0m> 	region
[32m(release)[0m> where
[32m(release)[0m> 	p_partkey = ps_partkey
[32m(release)[0m> 	and s_suppkey = ps_suppkey
[32m(release)[0m> 	and p_size = 15
[32m(release)[0m> 	and p_type like '%BRASS'
[32m(release)[0m> 	and s_nationkey = n_nationkey
[32m(release)[0m> 	and n_regionkey = r_regionkey
[32m(release)[0m> 	and r_name = 'EUROPE'
[32m(release)[0m> 	and ps_supplycost = (
[32m(release)[0m> 		select
[32m(release)[0m> 			min(ps_supplycost)
[32m(release)[0m> 		from
[32m(release)[0m> 			partsupp,
[32m(release)[0m> 			supplier,
[32m(release)[0m> 			nation,
[32m(release)[0m> 			region
[32m(release)[0m> 		where
[32m(release)[0m> 			p_partkey = ps_partkey
[32m(release)[0m> 			and s_suppkey = ps_suppkey
[32m(release)[0m> 			and s_nationkey = n_nationkey
[32m(release)[0m> 			and n_regionkey = r_regionkey
[32m(release)[0m> 			and r_name = 'EUROPE'
[32m(release)[0m> 	)
[32m(release)[0m> order by
[32m(release)[0m> 	s_acctbal desc,
[32m(release)[0m> 	n_name,
[32m(release)[0m> 	s_name,
[32m(release)[0m> 	p_partkey;
VmRSS Change: 18446744073709522144 KB
===
23639 rows total
Execution info: [PARSE: 33 µs 589 ns, SQL TRANSLATE: 112 µs 669 ns, OPTIMIZE: 4 ms 503 µs, LQP TRANSLATE: 138 µs 638 ns, EXECUTE: 104 ms 143 µs (wall time) | QUERY PLAN CACHE HITS: 0/1 statement(s)]
After reset, table use_count: 2
WARNING: Table still has 1 other owner(s) after pipeline reset!
Executing script file done
$:hsh clear_plan_caches
Cleared PQP and LQP caches
$:hsh clear_pipeline
Released last SQLPipeline
$:hsh reset_exec_pools
Reset execution pools (2, 3) bump pointers to start
$:hsh mem_usage
------------------------------------------
Memory Usage Statistics:
VmSize:	303457224 kB
VmRSS:	72157748 kB
1: MemResourceStatus {MigratedColumnsAggregate,18446744073709551615,63541608448,52888587462,0,0,1,N/A}
MemResourceStatus {DefaultResource,18446744073709551615,18446744073709551615,18446744049605908183,18446744073709105478,0,-1,N/A}
Quick Memory Usage Overview:
Used Capacity: 0, 52888587462
------------------------------------------
Executing script file: /home/umeshsum/tpch_queries/2.sql
[32m(release)[0m> select
[32m(release)[0m> 	s_acctbal,
[32m(release)[0m> 	s_name,
[32m(release)[0m> 	n_name,
[32m(release)[0m> 	p_partkey,
[32m(release)[0m> 	p_mfgr,
[32m(release)[0m> 	s_address,
[32m(release)[0m> 	s_phone,
[32m(release)[0m> 	s_comment
[32m(release)[0m> from
[32m(release)[0m> 	part,
[32m(release)[0m> 	supplier,
[32m(release)[0m> 	partsupp,
[32m(release)[0m> 	nation,
[32m(release)[0m> 	region
[32m(release)[0m> where
[32m(release)[0m> 	p_partkey = ps_partkey
[32m(release)[0m> 	and s_suppkey = ps_suppkey
[32m(release)[0m> 	and p_size = 15
[32m(release)[0m> 	and p_type like '%BRASS'
[32m(release)[0m> 	and s_nationkey = n_nationkey
[32m(release)[0m> 	and n_regionkey = r_regionkey
[32m(release)[0m> 	and r_name = 'EUROPE'
[32m(release)[0m> 	and ps_supplycost = (
[32m(release)[0m> 		select
[32m(release)[0m> 			min(ps_supplycost)
[32m(release)[0m> 		from
[32m(release)[0m> 			partsupp,
[32m(release)[0m> 			supplier,
[32m(release)[0m> 			nation,
[32m(release)[0m> 			region
[32m(release)[0m> 		where
[32m(release)[0m> 			p_partkey = ps_partkey
[32m(release)[0m> 			and s_suppkey = ps_suppkey
[32m(release)[0m> 			and s_nationkey = n_nationkey
[32m(release)[0m> 			and n_regionkey = r_regionkey
[32m(release)[0m> 			and r_name = 'EUROPE'
[32m(release)[0m> 	)
[32m(release)[0m> order by
[32m(release)[0m> 	s_acctbal desc,
[32m(release)[0m> 	n_name,
[32m(release)[0m> 	s_name,
[32m(release)[0m> 	p_partkey;
VmRSS Change: 18446744073709548320 KB
===
23639 rows total
Execution info: [PARSE: 36 µs 460 ns, SQL TRANSLATE: 114 µs 569 ns, OPTIMIZE: 4 ms 550 µs, LQP TRANSLATE: 144 µs 68 ns, EXECUTE: 101 ms 704 µs (wall time) | QUERY PLAN CACHE HITS: 0/1 statement(s)]
After reset, table use_count: 2
WARNING: Table still has 1 other owner(s) after pipeline reset!
Executing script file done
$:hsh clear_plan_caches
Cleared PQP and LQP caches
$:hsh clear_pipeline
Released last SQLPipeline
$:hsh reset_exec_pools
Reset execution pools (2, 3) bump pointers to start
$:hsh mem_usage
------------------------------------------
Memory Usage Statistics:
VmSize:	303457224 kB
VmRSS:	72149820 kB
1: MemResourceStatus {MigratedColumnsAggregate,18446744073709551615,63541608448,52888587462,0,0,1,N/A}
MemResourceStatus {DefaultResource,18446744073709551615,18446744073709551615,18446744049628471023,18446744073709105478,0,-1,N/A}
Quick Memory Usage Overview:
Used Capacity: 0, 52888587462
------------------------------------------
Executing script file: /home/umeshsum/tpch_queries/2.sql
[32m(release)[0m> select
[32m(release)[0m> 	s_acctbal,
[32m(release)[0m> 	s_name,
[32m(release)[0m> 	n_name,
[32m(release)[0m> 	p_partkey,
[32m(release)[0m> 	p_mfgr,
[32m(release)[0m> 	s_address,
[32m(release)[0m> 	s_phone,
[32m(release)[0m> 	s_comment
[32m(release)[0m> from
[32m(release)[0m> 	part,
[32m(release)[0m> 	supplier,
[32m(release)[0m> 	partsupp,
[32m(release)[0m> 	nation,
[32m(release)[0m> 	region
[32m(release)[0m> where
[32m(release)[0m> 	p_partkey = ps_partkey
[32m(release)[0m> 	and s_suppkey = ps_suppkey
[32m(release)[0m> 	and p_size = 15
[32m(release)[0m> 	and p_type like '%BRASS'
[32m(release)[0m> 	and s_nationkey = n_nationkey
[32m(release)[0m> 	and n_regionkey = r_regionkey
[32m(release)[0m> 	and r_name = 'EUROPE'
[32m(release)[0m> 	and ps_supplycost = (
[32m(release)[0m> 		select
[32m(release)[0m> 			min(ps_supplycost)
[32m(release)[0m> 		from
[32m(release)[0m> 			partsupp,
[32m(release)[0m> 			supplier,
[32m(release)[0m> 			nation,
[32m(release)[0m> 			region
[32m(release)[0m> 		where
[32m(release)[0m> 			p_partkey = ps_partkey
[32m(release)[0m> 			and s_suppkey = ps_suppkey
[32m(release)[0m> 			and s_nationkey = n_nationkey
[32m(release)[0m> 			and n_regionkey = r_regionkey
[32m(release)[0m> 			and r_name = 'EUROPE'
[32m(release)[0m> 	)
[32m(release)[0m> order by
[32m(release)[0m> 	s_acctbal desc,
[32m(release)[0m> 	n_name,
[32m(release)[0m> 	s_name,
[32m(release)[0m> 	p_partkey;
VmRSS Change: 18446744073709536256 KB
===
23639 rows total
Execution info: [PARSE: 69 µs 610 ns, SQL TRANSLATE: 232 µs 628 ns, OPTIMIZE: 11 ms 186 µs, LQP TRANSLATE: 350 µs 417 ns, EXECUTE: 117 ms 908 µs (wall time) | QUERY PLAN CACHE HITS: 0/1 statement(s)]
After reset, table use_count: 2
WARNING: Table still has 1 other owner(s) after pipeline reset!
Executing script file done
$:hsh clear_plan_caches
Cleared PQP and LQP caches
$:hsh clear_pipeline
Released last SQLPipeline
$:hsh reset_exec_pools
Reset execution pools (2, 3) bump pointers to start
$:hsh mem_usage
------------------------------------------
Memory Usage Statistics:
VmSize:	303457224 kB
VmRSS:	72134460 kB
1: MemResourceStatus {MigratedColumnsAggregate,18446744073709551615,63541608448,52888587462,0,0,1,N/A}
MemResourceStatus {DefaultResource,18446744073709551615,18446744073709551615,18446744049650401619,18446744073709105478,0,-1,N/A}
Quick Memory Usage Overview:
Used Capacity: 0, 52888587462
------------------------------------------
Executing script file: /home/umeshsum/tpch_queries/2.sql
[32m(release)[0m> select
[32m(release)[0m> 	s_acctbal,
[32m(release)[0m> 	s_name,
[32m(release)[0m> 	n_name,
[32m(release)[0m> 	p_partkey,
[32m(release)[0m> 	p_mfgr,
[32m(release)[0m> 	s_address,
[32m(release)[0m> 	s_phone,
[32m(release)[0m> 	s_comment
[32m(release)[0m> from
[32m(release)[0m> 	part,
[32m(release)[0m> 	supplier,
[32m(release)[0m> 	partsupp,
[32m(release)[0m> 	nation,
[32m(release)[0m> 	region
[32m(release)[0m> where
[32m(release)[0m> 	p_partkey = ps_partkey
[32m(release)[0m> 	and s_suppkey = ps_suppkey
[32m(release)[0m> 	and p_size = 15
[32m(release)[0m> 	and p_type like '%BRASS'
[32m(release)[0m> 	and s_nationkey = n_nationkey
[32m(release)[0m> 	and n_regionkey = r_regionkey
[32m(release)[0m> 	and r_name = 'EUROPE'
[32m(release)[0m> 	and ps_supplycost = (
[32m(release)[0m> 		select
[32m(release)[0m> 			min(ps_supplycost)
[32m(release)[0m> 		from
[32m(release)[0m> 			partsupp,
[32m(release)[0m> 			supplier,
[32m(release)[0m> 			nation,
[32m(release)[0m> 			region
[32m(release)[0m> 		where
[32m(release)[0m> 			p_partkey = ps_partkey
[32m(release)[0m> 			and s_suppkey = ps_suppkey
[32m(release)[0m> 			and s_nationkey = n_nationkey
[32m(release)[0m> 			and n_regionkey = r_regionkey
[32m(release)[0m> 			and r_name = 'EUROPE'
[32m(release)[0m> 	)
[32m(release)[0m> order by
[32m(release)[0m> 	s_acctbal desc,
[32m(release)[0m> 	n_name,
[32m(release)[0m> 	s_name,
[32m(release)[0m> 	p_partkey;
VmRSS Change: 18446744073709549488 KB
===
23639 rows total
Execution info: [PARSE: 40 µs 490 ns, SQL TRANSLATE: 116 µs 219 ns, OPTIMIZE: 4 ms 590 µs, LQP TRANSLATE: 138 µs 569 ns, EXECUTE: 100 ms 962 µs (wall time) | QUERY PLAN CACHE HITS: 0/1 statement(s)]
After reset, table use_count: 2
WARNING: Table still has 1 other owner(s) after pipeline reset!
Executing script file done
$:hsh clear_plan_caches
Cleared PQP and LQP caches
$:hsh clear_pipeline
Released last SQLPipeline
$:hsh reset_exec_pools
Reset execution pools (2, 3) bump pointers to start
$:hsh mem_usage
------------------------------------------
Memory Usage Statistics:
VmSize:	303457224 kB
VmRSS:	72132332 kB
1: MemResourceStatus {MigratedColumnsAggregate,18446744073709551615,63541608448,52888587462,0,0,1,N/A}
MemResourceStatus {DefaultResource,18446744073709551615,18446744073709551615,18446744049675272743,18446744073709105478,0,-1,N/A}
Quick Memory Usage Overview:
Used Capacity: 0, 52888587462
------------------------------------------
Label set to d0_tf0_q3
$:hsh clear_plan_caches
Cleared PQP and LQP caches
$:hsh clear_pipeline
Released last SQLPipeline
$:hsh reset_exec_pools
Reset execution pools (2, 3) bump pointers to start
$:hsh mem_usage
------------------------------------------
Memory Usage Statistics:
VmSize:	303457224 kB
VmRSS:	72132332 kB
1: MemResourceStatus {MigratedColumnsAggregate,18446744073709551615,63541608448,52888587462,0,0,1,N/A}
MemResourceStatus {DefaultResource,18446744073709551615,18446744073709551615,18446744049675272743,18446744073709105478,0,-1,N/A}
Quick Memory Usage Overview:
Used Capacity: 0, 52888587462
------------------------------------------
Executing script file: /home/umeshsum/tpch_queries/3.sql
[32m(release)[0m> select
[32m(release)[0m> 	l_orderkey,
[32m(release)[0m> 	sum(l_extendedprice * (1 - l_discount)) as revenue,
[32m(release)[0m> 	o_orderdate,
[32m(release)[0m> 	o_shippriority
[32m(release)[0m> from
[32m(release)[0m> 	customer,
[32m(release)[0m> 	orders,
[32m(release)[0m> 	lineitem
[32m(release)[0m> where
[32m(release)[0m> 	c_mktsegment = 'BUILDING'
[32m(release)[0m> 	and c_custkey = o_custkey
[32m(release)[0m> 	and l_orderkey = o_orderkey
[32m(release)[0m> 	and o_orderdate < date '1995-03-15'
[32m(release)[0m> 	and l_shipdate > date '1995-03-15'
[32m(release)[0m> group by
[32m(release)[0m> 	l_orderkey,
[32m(release)[0m> 	o_orderdate,
[32m(release)[0m> 	o_shippriority
[32m(release)[0m> order by
[32m(release)[0m> 	revenue desc,
[32m(release)[0m> 	o_orderdate;
VmRSS Change: 4048168 KB
===
566035 rows total
Execution info: [PARSE: 31 µs 109 ns, SQL TRANSLATE: 103 µs 379 ns, OPTIMIZE: 7 ms 162 µs, LQP TRANSLATE: 81 µs 329 ns, EXECUTE: 2 s 328 ms (wall time) | QUERY PLAN CACHE HITS: 0/1 statement(s)]
After reset, table use_count: 2
WARNING: Table still has 1 other owner(s) after pipeline reset!
Executing script file done
$:hsh clear_plan_caches
Cleared PQP and LQP caches
$:hsh clear_pipeline
Released last SQLPipeline
$:hsh reset_exec_pools
Reset execution pools (2, 3) bump pointers to start
$:hsh mem_usage
------------------------------------------
Memory Usage Statistics:
VmSize:	303457224 kB
VmRSS:	76137012 kB
1: MemResourceStatus {MigratedColumnsAggregate,18446744073709551615,63541608448,52888587462,0,0,1,N/A}
MemResourceStatus {DefaultResource,18446744073709551615,18446744073709551615,18446744049619486491,18446744073709105478,0,-1,N/A}
Quick Memory Usage Overview:
Used Capacity: 0, 52888587462
------------------------------------------
Executing script file: /home/umeshsum/tpch_queries/3.sql
[32m(release)[0m> select
[32m(release)[0m> 	l_orderkey,
[32m(release)[0m> 	sum(l_extendedprice * (1 - l_discount)) as revenue,
[32m(release)[0m> 	o_orderdate,
[32m(release)[0m> 	o_shippriority
[32m(release)[0m> from
[32m(release)[0m> 	customer,
[32m(release)[0m> 	orders,
[32m(release)[0m> 	lineitem
[32m(release)[0m> where
[32m(release)[0m> 	c_mktsegment = 'BUILDING'
[32m(release)[0m> 	and c_custkey = o_custkey
[32m(release)[0m> 	and l_orderkey = o_orderkey
[32m(release)[0m> 	and o_orderdate < date '1995-03-15'
[32m(release)[0m> 	and l_shipdate > date '1995-03-15'
[32m(release)[0m> group by
[32m(release)[0m> 	l_orderkey,
[32m(release)[0m> 	o_orderdate,
[32m(release)[0m> 	o_shippriority
[32m(release)[0m> order by
[32m(release)[0m> 	revenue desc,
[32m(release)[0m> 	o_orderdate;
VmRSS Change: 748932 KB
===
566035 rows total
Execution info: [PARSE: 99 µs 219 ns, SQL TRANSLATE: 156 µs 338 ns, OPTIMIZE: 6 ms 893 µs, LQP TRANSLATE: 147 µs 428 ns, EXECUTE: 2 s 114 ms (wall time) | QUERY PLAN CACHE HITS: 0/1 statement(s)]
After reset, table use_count: 2
WARNING: Table still has 1 other owner(s) after pipeline reset!
Executing script file done
$:hsh clear_plan_caches
Cleared PQP and LQP caches
$:hsh clear_pipeline
Released last SQLPipeline
$:hsh reset_exec_pools
Reset execution pools (2, 3) bump pointers to start
$:hsh mem_usage
------------------------------------------
Memory Usage Statistics:
VmSize:	303457224 kB
VmRSS:	76843204 kB
1: MemResourceStatus {MigratedColumnsAggregate,18446744073709551615,63541608448,52888587462,0,0,1,N/A}
MemResourceStatus {DefaultResource,18446744073709551615,18446744073709551615,18446744049547073803,18446744073709105478,0,-1,N/A}
Quick Memory Usage Overview:
Used Capacity: 0, 52888587462
------------------------------------------
Executing script file: /home/umeshsum/tpch_queries/3.sql
[32m(release)[0m> select
[32m(release)[0m> 	l_orderkey,
[32m(release)[0m> 	sum(l_extendedprice * (1 - l_discount)) as revenue,
[32m(release)[0m> 	o_orderdate,
[32m(release)[0m> 	o_shippriority
[32m(release)[0m> from
[32m(release)[0m> 	customer,
[32m(release)[0m> 	orders,
[32m(release)[0m> 	lineitem
[32m(release)[0m> where
[32m(release)[0m> 	c_mktsegment = 'BUILDING'
[32m(release)[0m> 	and c_custkey = o_custkey
[32m(release)[0m> 	and l_orderkey = o_orderkey
[32m(release)[0m> 	and o_orderdate < date '1995-03-15'
[32m(release)[0m> 	and l_shipdate > date '1995-03-15'
[32m(release)[0m> group by
[32m(release)[0m> 	l_orderkey,
[32m(release)[0m> 	o_orderdate,
[32m(release)[0m> 	o_shippriority
[32m(release)[0m> order by
[32m(release)[0m> 	revenue desc,
[32m(release)[0m> 	o_orderdate;
VmRSS Change: 1697596 KB
===
566035 rows total
Execution info: [PARSE: 122 µs 339 ns, SQL TRANSLATE: 183 µs 988 ns, OPTIMIZE: 8 ms 266 µs, LQP TRANSLATE: 178 µs 718 ns, EXECUTE: 2 s 400 ms (wall time) | QUERY PLAN CACHE HITS: 0/1 statement(s)]
After reset, table use_count: 2
WARNING: Table still has 1 other owner(s) after pipeline reset!
Executing script file done
$:hsh clear_plan_caches
Cleared PQP and LQP caches
$:hsh clear_pipeline
Released last SQLPipeline
$:hsh reset_exec_pools
Reset execution pools (2, 3) bump pointers to start
$:hsh mem_usage
------------------------------------------
Memory Usage Statistics:
VmSize:	303457224 kB
VmRSS:	78449276 kB
1: MemResourceStatus {MigratedColumnsAggregate,18446744073709551615,63541608448,52888587462,0,0,1,N/A}
MemResourceStatus {DefaultResource,18446744073709551615,18446744073709551615,18446744049461704243,18446744073709105478,0,-1,N/A}
Quick Memory Usage Overview:
Used Capacity: 0, 52888587462
------------------------------------------
Executing script file: /home/umeshsum/tpch_queries/3.sql
[32m(release)[0m> select
[32m(release)[0m> 	l_orderkey,
[32m(release)[0m> 	sum(l_extendedprice * (1 - l_discount)) as revenue,
[32m(release)[0m> 	o_orderdate,
[32m(release)[0m> 	o_shippriority
[32m(release)[0m> from
[32m(release)[0m> 	customer,
[32m(release)[0m> 	orders,
[32m(release)[0m> 	lineitem
[32m(release)[0m> where
[32m(release)[0m> 	c_mktsegment = 'BUILDING'
[32m(release)[0m> 	and c_custkey = o_custkey
[32m(release)[0m> 	and l_orderkey = o_orderkey
[32m(release)[0m> 	and o_orderdate < date '1995-03-15'
[32m(release)[0m> 	and l_shipdate > date '1995-03-15'
[32m(release)[0m> group by
[32m(release)[0m> 	l_orderkey,
[32m(release)[0m> 	o_orderdate,
[32m(release)[0m> 	o_shippriority
[32m(release)[0m> order by
[32m(release)[0m> 	revenue desc,
[32m(release)[0m> 	o_orderdate;
VmRSS Change: 18446744073708625044 KB
===
566035 rows total
Execution info: [PARSE: 31 µs 700 ns, SQL TRANSLATE: 103 µs 479 ns, OPTIMIZE: 4 ms 229 µs, LQP TRANSLATE: 77 µs 789 ns, EXECUTE: 2 s 339 ms (wall time) | QUERY PLAN CACHE HITS: 0/1 statement(s)]
After reset, table use_count: 2
WARNING: Table still has 1 other owner(s) after pipeline reset!
Executing script file done
$:hsh clear_plan_caches
Cleared PQP and LQP caches
$:hsh clear_pipeline
Released last SQLPipeline
$:hsh reset_exec_pools
Reset execution pools (2, 3) bump pointers to start
$:hsh mem_usage
------------------------------------------
Memory Usage Statistics:
VmSize:	303457224 kB
VmRSS:	77522716 kB
1: MemResourceStatus {MigratedColumnsAggregate,18446744073709551615,63541608448,52888587462,0,0,1,N/A}
MemResourceStatus {DefaultResource,18446744073709551615,18446744073709551615,18446744049363653855,18446744073709105478,0,-1,N/A}
Quick Memory Usage Overview:
Used Capacity: 0, 52888587462
------------------------------------------
Executing script file: /home/umeshsum/tpch_queries/3.sql
[32m(release)[0m> select
[32m(release)[0m> 	l_orderkey,
[32m(release)[0m> 	sum(l_extendedprice * (1 - l_discount)) as revenue,
[32m(release)[0m> 	o_orderdate,
[32m(release)[0m> 	o_shippriority
[32m(release)[0m> from
[32m(release)[0m> 	customer,
[32m(release)[0m> 	orders,
[32m(release)[0m> 	lineitem
[32m(release)[0m> where
[32m(release)[0m> 	c_mktsegment = 'BUILDING'
[32m(release)[0m> 	and c_custkey = o_custkey
[32m(release)[0m> 	and l_orderkey = o_orderkey
[32m(release)[0m> 	and o_orderdate < date '1995-03-15'
[32m(release)[0m> 	and l_shipdate > date '1995-03-15'
[32m(release)[0m> group by
[32m(release)[0m> 	l_orderkey,
[32m(release)[0m> 	o_orderdate,
[32m(release)[0m> 	o_shippriority
[32m(release)[0m> order by
[32m(release)[0m> 	revenue desc,
[32m(release)[0m> 	o_orderdate;
VmRSS Change: 18446744073708858396 KB
===
566035 rows total
Execution info: [PARSE: 56 µs 650 ns, SQL TRANSLATE: 225 µs 878 ns, OPTIMIZE: 8 ms 366 µs, LQP TRANSLATE: 177 µs 238 ns, EXECUTE: 2 s 667 ms (wall time) | QUERY PLAN CACHE HITS: 0/1 statement(s)]
After reset, table use_count: 2
WARNING: Table still has 1 other owner(s) after pipeline reset!
Executing script file done
$:hsh clear_plan_caches
Cleared PQP and LQP caches
$:hsh clear_pipeline
Released last SQLPipeline
$:hsh reset_exec_pools
Reset execution pools (2, 3) bump pointers to start
$:hsh mem_usage
------------------------------------------
Memory Usage Statistics:
VmSize:	303457224 kB
VmRSS:	76829496 kB
1: MemResourceStatus {MigratedColumnsAggregate,18446744073709551615,63541608448,52888587462,0,0,1,N/A}
MemResourceStatus {DefaultResource,18446744073709551615,18446744073709551615,18446744049302546479,18446744073709105478,0,-1,N/A}
Quick Memory Usage Overview:
Used Capacity: 0, 52888587462
------------------------------------------
Executing script file: /home/umeshsum/tpch_queries/3.sql
[32m(release)[0m> select
[32m(release)[0m> 	l_orderkey,
[32m(release)[0m> 	sum(l_extendedprice * (1 - l_discount)) as revenue,
[32m(release)[0m> 	o_orderdate,
[32m(release)[0m> 	o_shippriority
[32m(release)[0m> from
[32m(release)[0m> 	customer,
[32m(release)[0m> 	orders,
[32m(release)[0m> 	lineitem
[32m(release)[0m> where
[32m(release)[0m> 	c_mktsegment = 'BUILDING'
[32m(release)[0m> 	and c_custkey = o_custkey
[32m(release)[0m> 	and l_orderkey = o_orderkey
[32m(release)[0m> 	and o_orderdate < date '1995-03-15'
[32m(release)[0m> 	and l_shipdate > date '1995-03-15'
[32m(release)[0m> group by
[32m(release)[0m> 	l_orderkey,
[32m(release)[0m> 	o_orderdate,
[32m(release)[0m> 	o_shippriority
[32m(release)[0m> order by
[32m(release)[0m> 	revenue desc,
[32m(release)[0m> 	o_orderdate;
VmRSS Change: 18446744073708876028 KB
===
566035 rows total
Execution info: [PARSE: 65 µs 159 ns, SQL TRANSLATE: 184 µs 768 ns, OPTIMIZE: 8 ms 339 µs, LQP TRANSLATE: 180 µs 228 ns, EXECUTE: 2 s 317 ms (wall time) | QUERY PLAN CACHE HITS: 0/1 statement(s)]
After reset, table use_count: 2
WARNING: Table still has 1 other owner(s) after pipeline reset!
Executing script file done
$:hsh clear_plan_caches
Cleared PQP and LQP caches
$:hsh clear_pipeline
Released last SQLPipeline
$:hsh reset_exec_pools
Reset execution pools (2, 3) bump pointers to start
$:hsh mem_usage
------------------------------------------
Memory Usage Statistics:
VmSize:	303457224 kB
VmRSS:	76060760 kB
1: MemResourceStatus {MigratedColumnsAggregate,18446744073709551615,63541608448,52888587462,0,0,1,N/A}
MemResourceStatus {DefaultResource,18446744073709551615,18446744073709551615,18446744049258940807,18446744073709105478,0,-1,N/A}
Quick Memory Usage Overview:
Used Capacity: 0, 52888587462
------------------------------------------
Executing script file: /home/umeshsum/tpch_queries/3.sql
[32m(release)[0m> select
[32m(release)[0m> 	l_orderkey,
[32m(release)[0m> 	sum(l_extendedprice * (1 - l_discount)) as revenue,
[32m(release)[0m> 	o_orderdate,
[32m(release)[0m> 	o_shippriority
[32m(release)[0m> from
[32m(release)[0m> 	customer,
[32m(release)[0m> 	orders,
[32m(release)[0m> 	lineitem
[32m(release)[0m> where
[32m(release)[0m> 	c_mktsegment = 'BUILDING'
[32m(release)[0m> 	and c_custkey = o_custkey
[32m(release)[0m> 	and l_orderkey = o_orderkey
[32m(release)[0m> 	and o_orderdate < date '1995-03-15'
[32m(release)[0m> 	and l_shipdate > date '1995-03-15'
[32m(release)[0m> group by
[32m(release)[0m> 	l_orderkey,
[32m(release)[0m> 	o_orderdate,
[32m(release)[0m> 	o_shippriority
[32m(release)[0m> order by
[32m(release)[0m> 	revenue desc,
[32m(release)[0m> 	o_orderdate;
VmRSS Change: 155672 KB
===
566035 rows total
Execution info: [PARSE: 46 µs 889 ns, SQL TRANSLATE: 135 µs 409 ns, OPTIMIZE: 5 ms 955 µs, LQP TRANSLATE: 123 µs 689 ns, EXECUTE: 2 s 421 ms (wall time) | QUERY PLAN CACHE HITS: 0/1 statement(s)]
After reset, table use_count: 2
WARNING: Table still has 1 other owner(s) after pipeline reset!
Executing script file done
$:hsh clear_plan_caches
Cleared PQP and LQP caches
$:hsh clear_pipeline
Released last SQLPipeline
$:hsh reset_exec_pools
Reset execution pools (2, 3) bump pointers to start
$:hsh mem_usage
------------------------------------------
Memory Usage Statistics:
VmSize:	303457224 kB
VmRSS:	76138664 kB
1: MemResourceStatus {MigratedColumnsAggregate,18446744073709551615,63541608448,52888587462,0,0,1,N/A}
MemResourceStatus {DefaultResource,18446744073709551615,18446744073709551615,18446744049214064763,18446744073709105478,0,-1,N/A}
Quick Memory Usage Overview:
Used Capacity: 0, 52888587462
------------------------------------------
Executing script file: /home/umeshsum/tpch_queries/3.sql
[32m(release)[0m> select
[32m(release)[0m> 	l_orderkey,
[32m(release)[0m> 	sum(l_extendedprice * (1 - l_discount)) as revenue,
[32m(release)[0m> 	o_orderdate,
[32m(release)[0m> 	o_shippriority
[32m(release)[0m> from
[32m(release)[0m> 	customer,
[32m(release)[0m> 	orders,
[32m(release)[0m> 	lineitem
[32m(release)[0m> where
[32m(release)[0m> 	c_mktsegment = 'BUILDING'
[32m(release)[0m> 	and c_custkey = o_custkey
[32m(release)[0m> 	and l_orderkey = o_orderkey
[32m(release)[0m> 	and o_orderdate < date '1995-03-15'
[32m(release)[0m> 	and l_shipdate > date '1995-03-15'
[32m(release)[0m> group by
[32m(release)[0m> 	l_orderkey,
[32m(release)[0m> 	o_orderdate,
[32m(release)[0m> 	o_shippriority
[32m(release)[0m> order by
[32m(release)[0m> 	revenue desc,
[32m(release)[0m> 	o_orderdate;
VmRSS Change: 612268 KB
===
566035 rows total
Execution info: [PARSE: 58 µs 119 ns, SQL TRANSLATE: 185 µs 898 ns, OPTIMIZE: 8 ms 380 µs, LQP TRANSLATE: 190 µs 708 ns, EXECUTE: 2 s 767 ms (wall time) | QUERY PLAN CACHE HITS: 0/1 statement(s)]
After reset, table use_count: 2
WARNING: Table still has 1 other owner(s) after pipeline reset!
Executing script file done
$:hsh clear_plan_caches
Cleared PQP and LQP caches
$:hsh clear_pipeline
Released last SQLPipeline
$:hsh reset_exec_pools
Reset execution pools (2, 3) bump pointers to start
$:hsh mem_usage
------------------------------------------
Memory Usage Statistics:
VmSize:	303457224 kB
VmRSS:	76528968 kB
1: MemResourceStatus {MigratedColumnsAggregate,18446744073709551615,63541608448,52888587462,0,0,1,N/A}
MemResourceStatus {DefaultResource,18446744073709551615,18446744073709551615,18446744049173838819,18446744073709105478,0,-1,N/A}
Quick Memory Usage Overview:
Used Capacity: 0, 52888587462
------------------------------------------
Executing script file: /home/umeshsum/tpch_queries/3.sql
[32m(release)[0m> select
[32m(release)[0m> 	l_orderkey,
[32m(release)[0m> 	sum(l_extendedprice * (1 - l_discount)) as revenue,
[32m(release)[0m> 	o_orderdate,
[32m(release)[0m> 	o_shippriority
[32m(release)[0m> from
[32m(release)[0m> 	customer,
[32m(release)[0m> 	orders,
[32m(release)[0m> 	lineitem
[32m(release)[0m> where
[32m(release)[0m> 	c_mktsegment = 'BUILDING'
[32m(release)[0m> 	and c_custkey = o_custkey
[32m(release)[0m> 	and l_orderkey = o_orderkey
[32m(release)[0m> 	and o_orderdate < date '1995-03-15'
[32m(release)[0m> 	and l_shipdate > date '1995-03-15'
[32m(release)[0m> group by
[32m(release)[0m> 	l_orderkey,
[32m(release)[0m> 	o_orderdate,
[32m(release)[0m> 	o_shippriority
[32m(release)[0m> order by
[32m(release)[0m> 	revenue desc,
[32m(release)[0m> 	o_orderdate;
VmRSS Change: 795924 KB
===
566035 rows total
Execution info: [PARSE: 52 µs 210 ns, SQL TRANSLATE: 198 µs 438 ns, OPTIMIZE: 8 ms 801 µs, LQP TRANSLATE: 81 µs 109 ns, EXECUTE: 2 s 583 ms (wall time) | QUERY PLAN CACHE HITS: 0/1 statement(s)]
After reset, table use_count: 2
WARNING: Table still has 1 other owner(s) after pipeline reset!
Executing script file done
$:hsh clear_plan_caches
Cleared PQP and LQP caches
$:hsh clear_pipeline
Released last SQLPipeline
$:hsh reset_exec_pools
Reset execution pools (2, 3) bump pointers to start
$:hsh mem_usage
------------------------------------------
Memory Usage Statistics:
VmSize:	303457224 kB
VmRSS:	77260272 kB
1: MemResourceStatus {MigratedColumnsAggregate,18446744073709551615,63541608448,52888587462,0,0,1,N/A}
MemResourceStatus {DefaultResource,18446744073709551615,18446744073709551615,18446744049103626299,18446744073709105478,0,-1,N/A}
Quick Memory Usage Overview:
Used Capacity: 0, 52888587462
------------------------------------------
Executing script file: /home/umeshsum/tpch_queries/3.sql
[32m(release)[0m> select
[32m(release)[0m> 	l_orderkey,
[32m(release)[0m> 	sum(l_extendedprice * (1 - l_discount)) as revenue,
[32m(release)[0m> 	o_orderdate,
[32m(release)[0m> 	o_shippriority
[32m(release)[0m> from
[32m(release)[0m> 	customer,
[32m(release)[0m> 	orders,
[32m(release)[0m> 	lineitem
[32m(release)[0m> where
[32m(release)[0m> 	c_mktsegment = 'BUILDING'
[32m(release)[0m> 	and c_custkey = o_custkey
[32m(release)[0m> 	and l_orderkey = o_orderkey
[32m(release)[0m> 	and o_orderdate < date '1995-03-15'
[32m(release)[0m> 	and l_shipdate > date '1995-03-15'
[32m(release)[0m> group by
[32m(release)[0m> 	l_orderkey,
[32m(release)[0m> 	o_orderdate,
[32m(release)[0m> 	o_shippriority
[32m(release)[0m> order by
[32m(release)[0m> 	revenue desc,
[32m(release)[0m> 	o_orderdate;
VmRSS Change: 552944 KB
===
566035 rows total
Execution info: [PARSE: 32 µs 20 ns, SQL TRANSLATE: 99 µs 469 ns, OPTIMIZE: 4 ms 373 µs, LQP TRANSLATE: 80 µs 820 ns, EXECUTE: 2 s 596 ms (wall time) | QUERY PLAN CACHE HITS: 0/1 statement(s)]
After reset, table use_count: 2
WARNING: Table still has 1 other owner(s) after pipeline reset!
Executing script file done
$:hsh clear_plan_caches
Cleared PQP and LQP caches
$:hsh clear_pipeline
Released last SQLPipeline
$:hsh reset_exec_pools
Reset execution pools (2, 3) bump pointers to start
$:hsh mem_usage
------------------------------------------
Memory Usage Statistics:
VmSize:	303457224 kB
VmRSS:	77694848 kB
1: MemResourceStatus {MigratedColumnsAggregate,18446744073709551615,63541608448,52888587462,0,0,1,N/A}
MemResourceStatus {DefaultResource,18446744073709551615,18446744073709551615,18446744049047420299,18446744073709105478,0,-1,N/A}
Quick Memory Usage Overview:
Used Capacity: 0, 52888587462
------------------------------------------
Label set to d0_tf0_q4
$:hsh clear_plan_caches
Cleared PQP and LQP caches
$:hsh clear_pipeline
Released last SQLPipeline
$:hsh reset_exec_pools
Reset execution pools (2, 3) bump pointers to start
$:hsh mem_usage
------------------------------------------
Memory Usage Statistics:
VmSize:	303457224 kB
VmRSS:	77694848 kB
1: MemResourceStatus {MigratedColumnsAggregate,18446744073709551615,63541608448,52888587462,0,0,1,N/A}
MemResourceStatus {DefaultResource,18446744073709551615,18446744073709551615,18446744049047420299,18446744073709105478,0,-1,N/A}
Quick Memory Usage Overview:
Used Capacity: 0, 52888587462
------------------------------------------
Executing script file: /home/umeshsum/tpch_queries/4.sql
[32m(release)[0m> select
[32m(release)[0m> 	o_orderpriority,
[32m(release)[0m> 	count(*) as order_count
[32m(release)[0m> from
[32m(release)[0m> 	orders
[32m(release)[0m> where
[32m(release)[0m> 	o_orderdate >= date '1993-07-01'
[32m(release)[0m> 	and o_orderdate < date '1993-07-01' + interval '3' month
[32m(release)[0m> 	and exists (
[32m(release)[0m> 		select
[32m(release)[0m> 			*
[32m(release)[0m> 		from
[32m(release)[0m> 			lineitem
[32m(release)[0m> 		where
[32m(release)[0m> 			l_orderkey = o_orderkey
[32m(release)[0m> 			and l_commitdate < l_receiptdate
[32m(release)[0m> 	)
[32m(release)[0m> group by
[32m(release)[0m> 	o_orderpriority
[32m(release)[0m> order by
[32m(release)[0m> 	o_orderpriority;
VmRSS Change: 1876784 KB
===
5 rows total
Execution info: [PARSE: 32 µs 40 ns, SQL TRANSLATE: 90 µs 789 ns, OPTIMIZE: 1 ms 140 µs, LQP TRANSLATE: 39 µs 430 ns, EXECUTE: 2 s 441 ms (wall time) | QUERY PLAN CACHE HITS: 0/1 statement(s)]
After reset, table use_count: 2
WARNING: Table still has 1 other owner(s) after pipeline reset!
Executing script file done
$:hsh clear_plan_caches
Cleared PQP and LQP caches
$:hsh clear_pipeline
Released last SQLPipeline
$:hsh reset_exec_pools
Reset execution pools (2, 3) bump pointers to start
$:hsh mem_usage
------------------------------------------
Memory Usage Statistics:
VmSize:	303457224 kB
VmRSS:	79571616 kB
1: MemResourceStatus {MigratedColumnsAggregate,18446744073709551615,63541608448,52888587462,0,0,1,N/A}
MemResourceStatus {DefaultResource,18446744073709551615,18446744073709551615,18446744049139816731,18446744073709105478,0,-1,N/A}
Quick Memory Usage Overview:
Used Capacity: 0, 52888587462
------------------------------------------
Executing script file: /home/umeshsum/tpch_queries/4.sql
[32m(release)[0m> select
[32m(release)[0m> 	o_orderpriority,
[32m(release)[0m> 	count(*) as order_count
[32m(release)[0m> from
[32m(release)[0m> 	orders
[32m(release)[0m> where
[32m(release)[0m> 	o_orderdate >= date '1993-07-01'
[32m(release)[0m> 	and o_orderdate < date '1993-07-01' + interval '3' month
[32m(release)[0m> 	and exists (
[32m(release)[0m> 		select
[32m(release)[0m> 			*
[32m(release)[0m> 		from
[32m(release)[0m> 			lineitem
[32m(release)[0m> 		where
[32m(release)[0m> 			l_orderkey = o_orderkey
[32m(release)[0m> 			and l_commitdate < l_receiptdate
[32m(release)[0m> 	)
[32m(release)[0m> group by
[32m(release)[0m> 	o_orderpriority
[32m(release)[0m> order by
[32m(release)[0m> 	o_orderpriority;
VmRSS Change: 59104 KB
===
5 rows total
Execution info: [PARSE: 31 µs 770 ns, SQL TRANSLATE: 89 µs 369 ns, OPTIMIZE: 1 ms 41 µs, LQP TRANSLATE: 38 µs 310 ns, EXECUTE: 2 s 788 ms (wall time) | QUERY PLAN CACHE HITS: 0/1 statement(s)]
After reset, table use_count: 2
WARNING: Table still has 1 other owner(s) after pipeline reset!
Executing script file done
$:hsh clear_plan_caches
Cleared PQP and LQP caches
$:hsh clear_pipeline
Released last SQLPipeline
$:hsh reset_exec_pools
Reset execution pools (2, 3) bump pointers to start
$:hsh mem_usage
------------------------------------------
Memory Usage Statistics:
VmSize:	303457224 kB
VmRSS:	79630692 kB
1: MemResourceStatus {MigratedColumnsAggregate,18446744073709551615,63541608448,52888587462,0,0,1,N/A}
MemResourceStatus {DefaultResource,18446744073709551615,18446744073709551615,18446744049210254559,18446744073709105478,0,-1,N/A}
Quick Memory Usage Overview:
Used Capacity: 0, 52888587462
------------------------------------------
Executing script file: /home/umeshsum/tpch_queries/4.sql
[32m(release)[0m> select
[32m(release)[0m> 	o_orderpriority,
[32m(release)[0m> 	count(*) as order_count
[32m(release)[0m> from
[32m(release)[0m> 	orders
[32m(release)[0m> where
[32m(release)[0m> 	o_orderdate >= date '1993-07-01'
[32m(release)[0m> 	and o_orderdate < date '1993-07-01' + interval '3' month
[32m(release)[0m> 	and exists (
[32m(release)[0m> 		select
[32m(release)[0m> 			*
[32m(release)[0m> 		from
[32m(release)[0m> 			lineitem
[32m(release)[0m> 		where
[32m(release)[0m> 			l_orderkey = o_orderkey
[32m(release)[0m> 			and l_commitdate < l_receiptdate
[32m(release)[0m> 	)
[32m(release)[0m> group by
[32m(release)[0m> 	o_orderpriority
[32m(release)[0m> order by
[32m(release)[0m> 	o_orderpriority;
VmRSS Change: 3195516 KB
===
5 rows total
Execution info: [PARSE: 32 µs 450 ns, SQL TRANSLATE: 88 µs 779 ns, OPTIMIZE: 1 ms 39 µs, LQP TRANSLATE: 38 µs 149 ns, EXECUTE: 2 s 493 ms (wall time) | QUERY PLAN CACHE HITS: 0/1 statement(s)]
After reset, table use_count: 2
WARNING: Table still has 1 other owner(s) after pipeline reset!
Executing script file done
$:hsh clear_plan_caches
Cleared PQP and LQP caches
$:hsh clear_pipeline
Released last SQLPipeline
$:hsh reset_exec_pools
Reset execution pools (2, 3) bump pointers to start
$:hsh mem_usage
------------------------------------------
Memory Usage Statistics:
VmSize:	303457224 kB
VmRSS:	82826208 kB
1: MemResourceStatus {MigratedColumnsAggregate,18446744073709551615,63541608448,52888587462,0,0,1,N/A}
MemResourceStatus {DefaultResource,18446744073709551615,18446744073709551615,18446744049284443043,18446744073709105478,0,-1,N/A}
Quick Memory Usage Overview:
Used Capacity: 0, 52888587462
------------------------------------------
Executing script file: /home/umeshsum/tpch_queries/4.sql
[32m(release)[0m> select
[32m(release)[0m> 	o_orderpriority,
[32m(release)[0m> 	count(*) as order_count
[32m(release)[0m> from
[32m(release)[0m> 	orders
[32m(release)[0m> where
[32m(release)[0m> 	o_orderdate >= date '1993-07-01'
[32m(release)[0m> 	and o_orderdate < date '1993-07-01' + interval '3' month
[32m(release)[0m> 	and exists (
[32m(release)[0m> 		select
[32m(release)[0m> 			*
[32m(release)[0m> 		from
[32m(release)[0m> 			lineitem
[32m(release)[0m> 		where
[32m(release)[0m> 			l_orderkey = o_orderkey
[32m(release)[0m> 			and l_commitdate < l_receiptdate
[32m(release)[0m> 	)
[32m(release)[0m> group by
[32m(release)[0m> 	o_orderpriority
[32m(release)[0m> order by
[32m(release)[0m> 	o_orderpriority;
VmRSS Change: 204252 KB
===
5 rows total
Execution info: [PARSE: 31 µs 230 ns, SQL TRANSLATE: 88 µs 269 ns, OPTIMIZE: 1 ms 39 µs, LQP TRANSLATE: 38 µs 209 ns, EXECUTE: 2 s 558 ms (wall time) | QUERY PLAN CACHE HITS: 0/1 statement(s)]
After reset, table use_count: 2
WARNING: Table still has 1 other owner(s) after pipeline reset!
Executing script file done
$:hsh clear_plan_caches
Cleared PQP and LQP caches
$:hsh clear_pipeline
Released last SQLPipeline
$:hsh reset_exec_pools
Reset execution pools (2, 3) bump pointers to start
$:hsh mem_usage
------------------------------------------
Memory Usage Statistics:
VmSize:	304767944 kB
VmRSS:	83030452 kB
1: MemResourceStatus {MigratedColumnsAggregate,18446744073709551615,63541608448,52888587462,0,0,1,N/A}
MemResourceStatus {DefaultResource,18446744073709551615,18446744073709551615,18446744049305085587,18446744073709105478,0,-1,N/A}
Quick Memory Usage Overview:
Used Capacity: 0, 52888587462
------------------------------------------
Executing script file: /home/umeshsum/tpch_queries/4.sql
[32m(release)[0m> select
[32m(release)[0m> 	o_orderpriority,
[32m(release)[0m> 	count(*) as order_count
[32m(release)[0m> from
[32m(release)[0m> 	orders
[32m(release)[0m> where
[32m(release)[0m> 	o_orderdate >= date '1993-07-01'
[32m(release)[0m> 	and o_orderdate < date '1993-07-01' + interval '3' month
[32m(release)[0m> 	and exists (
[32m(release)[0m> 		select
[32m(release)[0m> 			*
[32m(release)[0m> 		from
[32m(release)[0m> 			lineitem
[32m(release)[0m> 		where
[32m(release)[0m> 			l_orderkey = o_orderkey
[32m(release)[0m> 			and l_commitdate < l_receiptdate
[32m(release)[0m> 	)
[32m(release)[0m> group by
[32m(release)[0m> 	o_orderpriority
[32m(release)[0m> order by
[32m(release)[0m> 	o_orderpriority;
VmRSS Change: 18446744073706847048 KB
===
5 rows total
Execution info: [PARSE: 32 µs 440 ns, SQL TRANSLATE: 90 µs 499 ns, OPTIMIZE: 1 ms 63 µs, LQP TRANSLATE: 41 µs 360 ns, EXECUTE: 3 s 329 ms (wall time) | QUERY PLAN CACHE HITS: 0/1 statement(s)]
After reset, table use_count: 2
WARNING: Table still has 1 other owner(s) after pipeline reset!
Executing script file done
$:hsh clear_plan_caches
Cleared PQP and LQP caches
$:hsh clear_pipeline
Released last SQLPipeline
$:hsh reset_exec_pools
Reset execution pools (2, 3) bump pointers to start
$:hsh mem_usage
------------------------------------------
Memory Usage Statistics:
VmSize:	304767944 kB
VmRSS:	80167844 kB
1: MemResourceStatus {MigratedColumnsAggregate,18446744073709551615,63541608448,52888587462,0,0,1,N/A}
MemResourceStatus {DefaultResource,18446744073709551615,18446744073709551615,18446744049460375895,18446744073709105478,0,-1,N/A}
Quick Memory Usage Overview:
Used Capacity: 0, 52888587462
------------------------------------------
Executing script file: /home/umeshsum/tpch_queries/4.sql
[32m(release)[0m> select
[32m(release)[0m> 	o_orderpriority,
[32m(release)[0m> 	count(*) as order_count
[32m(release)[0m> from
[32m(release)[0m> 	orders
[32m(release)[0m> where
[32m(release)[0m> 	o_orderdate >= date '1993-07-01'
[32m(release)[0m> 	and o_orderdate < date '1993-07-01' + interval '3' month
[32m(release)[0m> 	and exists (
[32m(release)[0m> 		select
[32m(release)[0m> 			*
[32m(release)[0m> 		from
[32m(release)[0m> 			lineitem
[32m(release)[0m> 		where
[32m(release)[0m> 			l_orderkey = o_orderkey
[32m(release)[0m> 			and l_commitdate < l_receiptdate
[32m(release)[0m> 	)
[32m(release)[0m> group by
[32m(release)[0m> 	o_orderpriority
[32m(release)[0m> order by
[32m(release)[0m> 	o_orderpriority;
VmRSS Change: 18446744073708897432 KB
===
5 rows total
Execution info: [PARSE: 31 µs 530 ns, SQL TRANSLATE: 91 µs 99 ns, OPTIMIZE: 1 ms 60 µs, LQP TRANSLATE: 41 µs 700 ns, EXECUTE: 2 s 585 ms (wall time) | QUERY PLAN CACHE HITS: 0/1 statement(s)]
After reset, table use_count: 2
WARNING: Table still has 1 other owner(s) after pipeline reset!
Executing script file done
$:hsh clear_plan_caches
Cleared PQP and LQP caches
$:hsh clear_pipeline
Released last SQLPipeline
$:hsh reset_exec_pools
Reset execution pools (2, 3) bump pointers to start
$:hsh mem_usage
------------------------------------------
Memory Usage Statistics:
VmSize:	304767944 kB
VmRSS:	79513664 kB
1: MemResourceStatus {MigratedColumnsAggregate,18446744073709551615,63541608448,52888587462,0,0,1,N/A}
MemResourceStatus {DefaultResource,18446744073709551615,18446744073709551615,18446744049542125671,18446744073709105478,0,-1,N/A}
Quick Memory Usage Overview:
Used Capacity: 0, 52888587462
------------------------------------------
Executing script file: /home/umeshsum/tpch_queries/4.sql
[32m(release)[0m> select
[32m(release)[0m> 	o_orderpriority,
[32m(release)[0m> 	count(*) as order_count
[32m(release)[0m> from
[32m(release)[0m> 	orders
[32m(release)[0m> where
[32m(release)[0m> 	o_orderdate >= date '1993-07-01'
[32m(release)[0m> 	and o_orderdate < date '1993-07-01' + interval '3' month
[32m(release)[0m> 	and exists (
[32m(release)[0m> 		select
[32m(release)[0m> 			*
[32m(release)[0m> 		from
[32m(release)[0m> 			lineitem
[32m(release)[0m> 		where
[32m(release)[0m> 			l_orderkey = o_orderkey
[32m(release)[0m> 			and l_commitdate < l_receiptdate
[32m(release)[0m> 	)
[32m(release)[0m> group by
[32m(release)[0m> 	o_orderpriority
[32m(release)[0m> order by
[32m(release)[0m> 	o_orderpriority;
VmRSS Change: 71380 KB
===
5 rows total
Execution info: [PARSE: 30 µs 839 ns, SQL TRANSLATE: 86 µs 969 ns, OPTIMIZE: 1 ms 127 µs, LQP TRANSLATE: 37 µs 870 ns, EXECUTE: 2 s 651 ms (wall time) | QUERY PLAN CACHE HITS: 0/1 statement(s)]
After reset, table use_count: 2
WARNING: Table still has 1 other owner(s) after pipeline reset!
Executing script file done
$:hsh clear_plan_caches
Cleared PQP and LQP caches
$:hsh clear_pipeline
Released last SQLPipeline
$:hsh reset_exec_pools
Reset execution pools (2, 3) bump pointers to start
$:hsh mem_usage
------------------------------------------
Memory Usage Statistics:
VmSize:	304767944 kB
VmRSS:	79575780 kB
1: MemResourceStatus {MigratedColumnsAggregate,18446744073709551615,63541608448,52888587462,0,0,1,N/A}
MemResourceStatus {DefaultResource,18446744073709551615,18446744073709551615,18446744049639081551,18446744073709105478,0,-1,N/A}
Quick Memory Usage Overview:
Used Capacity: 0, 52888587462
------------------------------------------
Executing script file: /home/umeshsum/tpch_queries/4.sql
[32m(release)[0m> select
[32m(release)[0m> 	o_orderpriority,
[32m(release)[0m> 	count(*) as order_count
[32m(release)[0m> from
[32m(release)[0m> 	orders
[32m(release)[0m> where
[32m(release)[0m> 	o_orderdate >= date '1993-07-01'
[32m(release)[0m> 	and o_orderdate < date '1993-07-01' + interval '3' month
[32m(release)[0m> 	and exists (
[32m(release)[0m> 		select
[32m(release)[0m> 			*
[32m(release)[0m> 		from
[32m(release)[0m> 			lineitem
[32m(release)[0m> 		where
[32m(release)[0m> 			l_orderkey = o_orderkey
[32m(release)[0m> 			and l_commitdate < l_receiptdate
[32m(release)[0m> 	)
[32m(release)[0m> group by
[32m(release)[0m> 	o_orderpriority
[32m(release)[0m> order by
[32m(release)[0m> 	o_orderpriority;
VmRSS Change: 796992 KB
===
5 rows total
Execution info: [PARSE: 32 µs 640 ns, SQL TRANSLATE: 86 µs 719 ns, OPTIMIZE: 1 ms 64 µs, LQP TRANSLATE: 38 µs 640 ns, EXECUTE: 2 s 855 ms (wall time) | QUERY PLAN CACHE HITS: 0/1 statement(s)]
After reset, table use_count: 2
WARNING: Table still has 1 other owner(s) after pipeline reset!
Executing script file done
$:hsh clear_plan_caches
Cleared PQP and LQP caches
$:hsh clear_pipeline
Released last SQLPipeline
$:hsh reset_exec_pools
Reset execution pools (2, 3) bump pointers to start
$:hsh mem_usage
------------------------------------------
Memory Usage Statistics:
VmSize:	304767944 kB
VmRSS:	79326956 kB
1: MemResourceStatus {MigratedColumnsAggregate,18446744073709551615,63541608448,52888587462,0,0,1,N/A}
MemResourceStatus {DefaultResource,18446744073709551615,18446744073709551615,18446744049679000567,18446744073709105478,0,-1,N/A}
Quick Memory Usage Overview:
Used Capacity: 0, 52888587462
------------------------------------------
Executing script file: /home/umeshsum/tpch_queries/4.sql
[32m(release)[0m> select
[32m(release)[0m> 	o_orderpriority,
[32m(release)[0m> 	count(*) as order_count
[32m(release)[0m> from
[32m(release)[0m> 	orders
[32m(release)[0m> where
[32m(release)[0m> 	o_orderdate >= date '1993-07-01'
[32m(release)[0m> 	and o_orderdate < date '1993-07-01' + interval '3' month
[32m(release)[0m> 	and exists (
[32m(release)[0m> 		select
[32m(release)[0m> 			*
[32m(release)[0m> 		from
[32m(release)[0m> 			lineitem
[32m(release)[0m> 		where
[32m(release)[0m> 			l_orderkey = o_orderkey
[32m(release)[0m> 			and l_commitdate < l_receiptdate
[32m(release)[0m> 	)
[32m(release)[0m> group by
[32m(release)[0m> 	o_orderpriority
[32m(release)[0m> order by
[32m(release)[0m> 	o_orderpriority;
VmRSS Change: 950560 KB
===
5 rows total
Execution info: [PARSE: 33 µs 40 ns, SQL TRANSLATE: 94 µs 279 ns, OPTIMIZE: 1 ms 144 µs, LQP TRANSLATE: 40 µs 900 ns, EXECUTE: 2 s 691 ms (wall time) | QUERY PLAN CACHE HITS: 0/1 statement(s)]
After reset, table use_count: 2
WARNING: Table still has 1 other owner(s) after pipeline reset!
Executing script file done
$:hsh clear_plan_caches
Cleared PQP and LQP caches
$:hsh clear_pipeline
Released last SQLPipeline
$:hsh reset_exec_pools
Reset execution pools (2, 3) bump pointers to start
$:hsh mem_usage
------------------------------------------
Memory Usage Statistics:
VmSize:	304767944 kB
VmRSS:	80277512 kB
1: MemResourceStatus {MigratedColumnsAggregate,18446744073709551615,63541608448,52888587462,0,0,1,N/A}
MemResourceStatus {DefaultResource,18446744073709551615,18446744073709551615,18446744049658673559,18446744073709105478,0,-1,N/A}
Quick Memory Usage Overview:
Used Capacity: 0, 52888587462
------------------------------------------
Executing script file: /home/umeshsum/tpch_queries/4.sql
[32m(release)[0m> select
[32m(release)[0m> 	o_orderpriority,
[32m(release)[0m> 	count(*) as order_count
[32m(release)[0m> from
[32m(release)[0m> 	orders
[32m(release)[0m> where
[32m(release)[0m> 	o_orderdate >= date '1993-07-01'
[32m(release)[0m> 	and o_orderdate < date '1993-07-01' + interval '3' month
[32m(release)[0m> 	and exists (
[32m(release)[0m> 		select
[32m(release)[0m> 			*
[32m(release)[0m> 		from
[32m(release)[0m> 			lineitem
[32m(release)[0m> 		where
[32m(release)[0m> 			l_orderkey = o_orderkey
[32m(release)[0m> 			and l_commitdate < l_receiptdate
[32m(release)[0m> 	)
[32m(release)[0m> group by
[32m(release)[0m> 	o_orderpriority
[32m(release)[0m> order by
[32m(release)[0m> 	o_orderpriority;
VmRSS Change: 18446744073705884224 KB
===
5 rows total
Execution info: [PARSE: 30 µs 620 ns, SQL TRANSLATE: 88 µs 59 ns, OPTIMIZE: 1 ms 216 µs, LQP TRANSLATE: 38 µs 290 ns, EXECUTE: 2 s 612 ms (wall time) | QUERY PLAN CACHE HITS: 0/1 statement(s)]
After reset, table use_count: 2
WARNING: Table still has 1 other owner(s) after pipeline reset!
Executing script file done
$:hsh clear_plan_caches
Cleared PQP and LQP caches
$:hsh clear_pipeline
Released last SQLPipeline
$:hsh reset_exec_pools
Reset execution pools (2, 3) bump pointers to start
$:hsh mem_usage
------------------------------------------
Memory Usage Statistics:
VmSize:	304767944 kB
VmRSS:	76606252 kB
1: MemResourceStatus {MigratedColumnsAggregate,18446744073709551615,63541608448,52888587462,0,0,1,N/A}
MemResourceStatus {DefaultResource,18446744073709551615,18446744073709551615,18446744049767783427,18446744073709105478,0,-1,N/A}
Quick Memory Usage Overview:
Used Capacity: 0, 52888587462
------------------------------------------
Label set to d0_tf0_q5
$:hsh clear_plan_caches
Cleared PQP and LQP caches
$:hsh clear_pipeline
Released last SQLPipeline
$:hsh reset_exec_pools
Reset execution pools (2, 3) bump pointers to start
$:hsh mem_usage
------------------------------------------
Memory Usage Statistics:
VmSize:	304767944 kB
VmRSS:	76606252 kB
1: MemResourceStatus {MigratedColumnsAggregate,18446744073709551615,63541608448,52888587462,0,0,1,N/A}
MemResourceStatus {DefaultResource,18446744073709551615,18446744073709551615,18446744049767783427,18446744073709105478,0,-1,N/A}
Quick Memory Usage Overview:
Used Capacity: 0, 52888587462
------------------------------------------
Executing script file: /home/umeshsum/tpch_queries/5.sql
[32m(release)[0m> select
[32m(release)[0m> 	n_name,
[32m(release)[0m> 	sum(l_extendedprice * (1 - l_discount)) as revenue
[32m(release)[0m> from
[32m(release)[0m> 	customer,
[32m(release)[0m> 	orders,
[32m(release)[0m> 	lineitem,
[32m(release)[0m> 	supplier,
[32m(release)[0m> 	nation,
[32m(release)[0m> 	region
[32m(release)[0m> where
[32m(release)[0m> 	c_custkey = o_custkey
[32m(release)[0m> 	and l_orderkey = o_orderkey
[32m(release)[0m> 	and l_suppkey = s_suppkey
[32m(release)[0m> 	and c_nationkey = s_nationkey
[32m(release)[0m> 	and s_nationkey = n_nationkey
[32m(release)[0m> 	and n_regionkey = r_regionkey
[32m(release)[0m> 	and r_name = 'ASIA'
[32m(release)[0m> 	and o_orderdate >= date '1994-01-01'
[32m(release)[0m> 	and o_orderdate < date '1994-01-01' + interval '1' year
[32m(release)[0m> group by
[32m(release)[0m> 	n_name
[32m(release)[0m> order by
[32m(release)[0m> 	revenue desc;
VmRSS Change: 18446744073709523100 KB
===
5 rows total
Execution info: [PARSE: 36 µs 660 ns, SQL TRANSLATE: 149 µs 279 ns, OPTIMIZE: 7 ms 690 µs, LQP TRANSLATE: 120 µs 469 ns, EXECUTE: 2 s 805 ms (wall time) | QUERY PLAN CACHE HITS: 0/1 statement(s)]
After reset, table use_count: 2
WARNING: Table still has 1 other owner(s) after pipeline reset!
Executing script file done
$:hsh clear_plan_caches
Cleared PQP and LQP caches
$:hsh clear_pipeline
Released last SQLPipeline
$:hsh reset_exec_pools
Reset execution pools (2, 3) bump pointers to start
$:hsh mem_usage
------------------------------------------
Memory Usage Statistics:
VmSize:	304767944 kB
VmRSS:	76577968 kB
1: MemResourceStatus {MigratedColumnsAggregate,18446744073709551615,63541608448,52888587462,0,0,1,N/A}
MemResourceStatus {DefaultResource,18446744073709551615,18446744073709551615,18446744049756586775,18446744073709105478,0,-1,N/A}
Quick Memory Usage Overview:
Used Capacity: 0, 52888587462
------------------------------------------
Executing script file: /home/umeshsum/tpch_queries/5.sql
[32m(release)[0m> select
[32m(release)[0m> 	n_name,
[32m(release)[0m> 	sum(l_extendedprice * (1 - l_discount)) as revenue
[32m(release)[0m> from
[32m(release)[0m> 	customer,
[32m(release)[0m> 	orders,
[32m(release)[0m> 	lineitem,
[32m(release)[0m> 	supplier,
[32m(release)[0m> 	nation,
[32m(release)[0m> 	region
[32m(release)[0m> where
[32m(release)[0m> 	c_custkey = o_custkey
[32m(release)[0m> 	and l_orderkey = o_orderkey
[32m(release)[0m> 	and l_suppkey = s_suppkey
[32m(release)[0m> 	and c_nationkey = s_nationkey
[32m(release)[0m> 	and s_nationkey = n_nationkey
[32m(release)[0m> 	and n_regionkey = r_regionkey
[32m(release)[0m> 	and r_name = 'ASIA'
[32m(release)[0m> 	and o_orderdate >= date '1994-01-01'
[32m(release)[0m> 	and o_orderdate < date '1994-01-01' + interval '1' year
[32m(release)[0m> group by
[32m(release)[0m> 	n_name
[32m(release)[0m> order by
[32m(release)[0m> 	revenue desc;
VmRSS Change: 18446744073706808984 KB
===
5 rows total
Execution info: [PARSE: 55 µs 290 ns, SQL TRANSLATE: 184 µs 738 ns, OPTIMIZE: 18 ms 479 µs, LQP TRANSLATE: 275 µs 7 ns, EXECUTE: 2 s 917 ms (wall time) | QUERY PLAN CACHE HITS: 0/1 statement(s)]
After reset, table use_count: 2
WARNING: Table still has 1 other owner(s) after pipeline reset!
Executing script file done
$:hsh clear_plan_caches
Cleared PQP and LQP caches
$:hsh clear_pipeline
Released last SQLPipeline
$:hsh reset_exec_pools
Reset execution pools (2, 3) bump pointers to start
$:hsh mem_usage
------------------------------------------
Memory Usage Statistics:
VmSize:	304767944 kB
VmRSS:	73835356 kB
1: MemResourceStatus {MigratedColumnsAggregate,18446744073709551615,63541608448,52888587462,0,0,1,N/A}
MemResourceStatus {DefaultResource,18446744073709551615,18446744073709551615,18446744049578385547,18446744073709105478,0,-1,N/A}
Quick Memory Usage Overview:
Used Capacity: 0, 52888587462
------------------------------------------
Executing script file: /home/umeshsum/tpch_queries/5.sql
[32m(release)[0m> select
[32m(release)[0m> 	n_name,
[32m(release)[0m> 	sum(l_extendedprice * (1 - l_discount)) as revenue
[32m(release)[0m> from
[32m(release)[0m> 	customer,
[32m(release)[0m> 	orders,
[32m(release)[0m> 	lineitem,
[32m(release)[0m> 	supplier,
[32m(release)[0m> 	nation,
[32m(release)[0m> 	region
[32m(release)[0m> where
[32m(release)[0m> 	c_custkey = o_custkey
[32m(release)[0m> 	and l_orderkey = o_orderkey
[32m(release)[0m> 	and l_suppkey = s_suppkey
[32m(release)[0m> 	and c_nationkey = s_nationkey
[32m(release)[0m> 	and s_nationkey = n_nationkey
[32m(release)[0m> 	and n_regionkey = r_regionkey
[32m(release)[0m> 	and r_name = 'ASIA'
[32m(release)[0m> 	and o_orderdate >= date '1994-01-01'
[32m(release)[0m> 	and o_orderdate < date '1994-01-01' + interval '1' year
[32m(release)[0m> group by
[32m(release)[0m> 	n_name
[32m(release)[0m> order by
[32m(release)[0m> 	revenue desc;
VmRSS Change: 349348 KB
===
5 rows total
Execution info: [PARSE: 34 µs 870 ns, SQL TRANSLATE: 116 µs 469 ns, OPTIMIZE: 7 ms 459 µs, LQP TRANSLATE: 115 µs 779 ns, EXECUTE: 2 s 661 ms (wall time) | QUERY PLAN CACHE HITS: 0/1 statement(s)]
After reset, table use_count: 2
WARNING: Table still has 1 other owner(s) after pipeline reset!
Executing script file done
$:hsh clear_plan_caches
Cleared PQP and LQP caches
$:hsh clear_pipeline
Released last SQLPipeline
$:hsh reset_exec_pools
Reset execution pools (2, 3) bump pointers to start
$:hsh mem_usage
------------------------------------------
Memory Usage Statistics:
VmSize:	304767944 kB
VmRSS:	74184696 kB
1: MemResourceStatus {MigratedColumnsAggregate,18446744073709551615,63541608448,52888587462,0,0,1,N/A}
MemResourceStatus {DefaultResource,18446744073709551615,18446744073709551615,18446744049268924947,18446744073709105478,0,-1,N/A}
Quick Memory Usage Overview:
Used Capacity: 0, 52888587462
------------------------------------------
Executing script file: /home/umeshsum/tpch_queries/5.sql
[32m(release)[0m> select
[32m(release)[0m> 	n_name,
[32m(release)[0m> 	sum(l_extendedprice * (1 - l_discount)) as revenue
[32m(release)[0m> from
[32m(release)[0m> 	customer,
[32m(release)[0m> 	orders,
[32m(release)[0m> 	lineitem,
[32m(release)[0m> 	supplier,
[32m(release)[0m> 	nation,
[32m(release)[0m> 	region
[32m(release)[0m> where
[32m(release)[0m> 	c_custkey = o_custkey
[32m(release)[0m> 	and l_orderkey = o_orderkey
[32m(release)[0m> 	and l_suppkey = s_suppkey
[32m(release)[0m> 	and c_nationkey = s_nationkey
[32m(release)[0m> 	and s_nationkey = n_nationkey
[32m(release)[0m> 	and n_regionkey = r_regionkey
[32m(release)[0m> 	and r_name = 'ASIA'
[32m(release)[0m> 	and o_orderdate >= date '1994-01-01'
[32m(release)[0m> 	and o_orderdate < date '1994-01-01' + interval '1' year
[32m(release)[0m> group by
[32m(release)[0m> 	n_name
[32m(release)[0m> order by
[32m(release)[0m> 	revenue desc;
VmRSS Change: 548704 KB
===
5 rows total
Execution info: [PARSE: 38 µs 589 ns, SQL TRANSLATE: 114 µs 539 ns, OPTIMIZE: 7 ms 477 µs, LQP TRANSLATE: 114 µs 509 ns, EXECUTE: 2 s 556 ms (wall time) | QUERY PLAN CACHE HITS: 0/1 statement(s)]
After reset, table use_count: 2
WARNING: Table still has 1 other owner(s) after pipeline reset!
Executing script file done
$:hsh clear_plan_caches
Cleared PQP and LQP caches
$:hsh clear_pipeline
Released last SQLPipeline
$:hsh reset_exec_pools
Reset execution pools (2, 3) bump pointers to start
$:hsh mem_usage
------------------------------------------
Memory Usage Statistics:
VmSize:	304767944 kB
VmRSS:	74733424 kB
1: MemResourceStatus {MigratedColumnsAggregate,18446744073709551615,63541608448,52888587462,0,0,1,N/A}
MemResourceStatus {DefaultResource,18446744073709551615,18446744073709551615,18446744049049599367,18446744073709105478,0,-1,N/A}
Quick Memory Usage Overview:
Used Capacity: 0, 52888587462
------------------------------------------
Executing script file: /home/umeshsum/tpch_queries/5.sql
[32m(release)[0m> select
[32m(release)[0m> 	n_name,
[32m(release)[0m> 	sum(l_extendedprice * (1 - l_discount)) as revenue
[32m(release)[0m> from
[32m(release)[0m> 	customer,
[32m(release)[0m> 	orders,
[32m(release)[0m> 	lineitem,
[32m(release)[0m> 	supplier,
[32m(release)[0m> 	nation,
[32m(release)[0m> 	region
[32m(release)[0m> where
[32m(release)[0m> 	c_custkey = o_custkey
[32m(release)[0m> 	and l_orderkey = o_orderkey
[32m(release)[0m> 	and l_suppkey = s_suppkey
[32m(release)[0m> 	and c_nationkey = s_nationkey
[32m(release)[0m> 	and s_nationkey = n_nationkey
[32m(release)[0m> 	and n_regionkey = r_regionkey
[32m(release)[0m> 	and r_name = 'ASIA'
[32m(release)[0m> 	and o_orderdate >= date '1994-01-01'
[32m(release)[0m> 	and o_orderdate < date '1994-01-01' + interval '1' year
[32m(release)[0m> group by
[32m(release)[0m> 	n_name
[32m(release)[0m> order by
[32m(release)[0m> 	revenue desc;
VmRSS Change: 18446744073709527440 KB
===
5 rows total
Execution info: [PARSE: 56 µs 339 ns, SQL TRANSLATE: 191 µs 928 ns, OPTIMIZE: 14 ms 603 µs, LQP TRANSLATE: 225 µs 218 ns, EXECUTE: 2 s 592 ms (wall time) | QUERY PLAN CACHE HITS: 0/1 statement(s)]
After reset, table use_count: 2
WARNING: Table still has 1 other owner(s) after pipeline reset!
Executing script file done
$:hsh clear_plan_caches
Cleared PQP and LQP caches
$:hsh clear_pipeline
Released last SQLPipeline
$:hsh reset_exec_pools
Reset execution pools (2, 3) bump pointers to start
$:hsh mem_usage
------------------------------------------
Memory Usage Statistics:
VmSize:	304767944 kB
VmRSS:	74709228 kB
1: MemResourceStatus {MigratedColumnsAggregate,18446744073709551615,63541608448,52888587462,0,0,1,N/A}
MemResourceStatus {DefaultResource,18446744073709551615,18446744073709551615,18446744048830478715,18446744073709105478,0,-1,N/A}
Quick Memory Usage Overview:
Used Capacity: 0, 52888587462
------------------------------------------
Executing script file: /home/umeshsum/tpch_queries/5.sql
[32m(release)[0m> select
[32m(release)[0m> 	n_name,
[32m(release)[0m> 	sum(l_extendedprice * (1 - l_discount)) as revenue
[32m(release)[0m> from
[32m(release)[0m> 	customer,
[32m(release)[0m> 	orders,
[32m(release)[0m> 	lineitem,
[32m(release)[0m> 	supplier,
[32m(release)[0m> 	nation,
[32m(release)[0m> 	region
[32m(release)[0m> where
[32m(release)[0m> 	c_custkey = o_custkey
[32m(release)[0m> 	and l_orderkey = o_orderkey
[32m(release)[0m> 	and l_suppkey = s_suppkey
[32m(release)[0m> 	and c_nationkey = s_nationkey
[32m(release)[0m> 	and s_nationkey = n_nationkey
[32m(release)[0m> 	and n_regionkey = r_regionkey
[32m(release)[0m> 	and r_name = 'ASIA'
[32m(release)[0m> 	and o_orderdate >= date '1994-01-01'
[32m(release)[0m> 	and o_orderdate < date '1994-01-01' + interval '1' year
[32m(release)[0m> group by
[32m(release)[0m> 	n_name
[32m(release)[0m> order by
[32m(release)[0m> 	revenue desc;
VmRSS Change: 317664 KB
===
5 rows total
Execution info: [PARSE: 35 µs 930 ns, SQL TRANSLATE: 116 µs 159 ns, OPTIMIZE: 7 ms 557 µs, LQP TRANSLATE: 116 µs 989 ns, EXECUTE: 2 s 594 ms (wall time) | QUERY PLAN CACHE HITS: 0/1 statement(s)]
After reset, table use_count: 2
WARNING: Table still has 1 other owner(s) after pipeline reset!
Executing script file done
$:hsh clear_plan_caches
Cleared PQP and LQP caches
$:hsh clear_pipeline
Released last SQLPipeline
$:hsh reset_exec_pools
Reset execution pools (2, 3) bump pointers to start
$:hsh mem_usage
------------------------------------------
Memory Usage Statistics:
VmSize:	304767944 kB
VmRSS:	75026884 kB
1: MemResourceStatus {MigratedColumnsAggregate,18446744073709551615,63541608448,52888587462,0,0,1,N/A}
MemResourceStatus {DefaultResource,18446744073709551615,18446744073709551615,18446744048607424147,18446744073709105478,0,-1,N/A}
Quick Memory Usage Overview:
Used Capacity: 0, 52888587462
------------------------------------------
Executing script file: /home/umeshsum/tpch_queries/5.sql
[32m(release)[0m> select
[32m(release)[0m> 	n_name,
[32m(release)[0m> 	sum(l_extendedprice * (1 - l_discount)) as revenue
[32m(release)[0m> from
[32m(release)[0m> 	customer,
[32m(release)[0m> 	orders,
[32m(release)[0m> 	lineitem,
[32m(release)[0m> 	supplier,
[32m(release)[0m> 	nation,
[32m(release)[0m> 	region
[32m(release)[0m> where
[32m(release)[0m> 	c_custkey = o_custkey
[32m(release)[0m> 	and l_orderkey = o_orderkey
[32m(release)[0m> 	and l_suppkey = s_suppkey
[32m(release)[0m> 	and c_nationkey = s_nationkey
[32m(release)[0m> 	and s_nationkey = n_nationkey
[32m(release)[0m> 	and n_regionkey = r_regionkey
[32m(release)[0m> 	and r_name = 'ASIA'
[32m(release)[0m> 	and o_orderdate >= date '1994-01-01'
[32m(release)[0m> 	and o_orderdate < date '1994-01-01' + interval '1' year
[32m(release)[0m> group by
[32m(release)[0m> 	n_name
[32m(release)[0m> order by
[32m(release)[0m> 	revenue desc;
VmRSS Change: 18446744073709276844 KB
===
5 rows total
Execution info: [PARSE: 35 µs 380 ns, SQL TRANSLATE: 118 µs 889 ns, OPTIMIZE: 7 ms 608 µs, LQP TRANSLATE: 117 µs 378 ns, EXECUTE: 2 s 624 ms (wall time) | QUERY PLAN CACHE HITS: 0/1 statement(s)]
After reset, table use_count: 2
WARNING: Table still has 1 other owner(s) after pipeline reset!
Executing script file done
$:hsh clear_plan_caches
Cleared PQP and LQP caches
$:hsh clear_pipeline
Released last SQLPipeline
$:hsh reset_exec_pools
Reset execution pools (2, 3) bump pointers to start
$:hsh mem_usage
------------------------------------------
Memory Usage Statistics:
VmSize:	304767944 kB
VmRSS:	74752096 kB
1: MemResourceStatus {MigratedColumnsAggregate,18446744073709551615,63541608448,52888587462,0,0,1,N/A}
MemResourceStatus {DefaultResource,18446744073709551615,18446744073709551615,18446744048522145603,18446744073709105478,0,-1,N/A}
Quick Memory Usage Overview:
Used Capacity: 0, 52888587462
------------------------------------------
Executing script file: /home/umeshsum/tpch_queries/5.sql
[32m(release)[0m> select
[32m(release)[0m> 	n_name,
[32m(release)[0m> 	sum(l_extendedprice * (1 - l_discount)) as revenue
[32m(release)[0m> from
[32m(release)[0m> 	customer,
[32m(release)[0m> 	orders,
[32m(release)[0m> 	lineitem,
[32m(release)[0m> 	supplier,
[32m(release)[0m> 	nation,
[32m(release)[0m> 	region
[32m(release)[0m> where
[32m(release)[0m> 	c_custkey = o_custkey
[32m(release)[0m> 	and l_orderkey = o_orderkey
[32m(release)[0m> 	and l_suppkey = s_suppkey
[32m(release)[0m> 	and c_nationkey = s_nationkey
[32m(release)[0m> 	and s_nationkey = n_nationkey
[32m(release)[0m> 	and n_regionkey = r_regionkey
[32m(release)[0m> 	and r_name = 'ASIA'
[32m(release)[0m> 	and o_orderdate >= date '1994-01-01'
[32m(release)[0m> 	and o_orderdate < date '1994-01-01' + interval '1' year
[32m(release)[0m> group by
[32m(release)[0m> 	n_name
[32m(release)[0m> order by
[32m(release)[0m> 	revenue desc;
VmRSS Change: 91308 KB
===
5 rows total
Execution info: [PARSE: 42 µs 290 ns, SQL TRANSLATE: 117 µs 128 ns, OPTIMIZE: 7 ms 620 µs, LQP TRANSLATE: 113 µs 749 ns, EXECUTE: 2 s 642 ms (wall time) | QUERY PLAN CACHE HITS: 0/1 statement(s)]
After reset, table use_count: 2
WARNING: Table still has 1 other owner(s) after pipeline reset!
Executing script file done
$:hsh clear_plan_caches
Cleared PQP and LQP caches
$:hsh clear_pipeline
Released last SQLPipeline
$:hsh reset_exec_pools
Reset execution pools (2, 3) bump pointers to start
$:hsh mem_usage
------------------------------------------
Memory Usage Statistics:
VmSize:	304767944 kB
VmRSS:	74843412 kB
1: MemResourceStatus {MigratedColumnsAggregate,18446744073709551615,63541608448,52888587462,0,0,1,N/A}
MemResourceStatus {DefaultResource,18446744073709551615,18446744073709551615,18446744048265520747,18446744073709105478,0,-1,N/A}
Quick Memory Usage Overview:
Used Capacity: 0, 52888587462
------------------------------------------
Executing script file: /home/umeshsum/tpch_queries/5.sql
[32m(release)[0m> select
[32m(release)[0m> 	n_name,
[32m(release)[0m> 	sum(l_extendedprice * (1 - l_discount)) as revenue
[32m(release)[0m> from
[32m(release)[0m> 	customer,
[32m(release)[0m> 	orders,
[32m(release)[0m> 	lineitem,
[32m(release)[0m> 	supplier,
[32m(release)[0m> 	nation,
[32m(release)[0m> 	region
[32m(release)[0m> where
[32m(release)[0m> 	c_custkey = o_custkey
[32m(release)[0m> 	and l_orderkey = o_orderkey
[32m(release)[0m> 	and l_suppkey = s_suppkey
[32m(release)[0m> 	and c_nationkey = s_nationkey
[32m(release)[0m> 	and s_nationkey = n_nationkey
[32m(release)[0m> 	and n_regionkey = r_regionkey
[32m(release)[0m> 	and r_name = 'ASIA'
[32m(release)[0m> 	and o_orderdate >= date '1994-01-01'
[32m(release)[0m> 	and o_orderdate < date '1994-01-01' + interval '1' year
[32m(release)[0m> group by
[32m(release)[0m> 	n_name
[32m(release)[0m> order by
[32m(release)[0m> 	revenue desc;
VmRSS Change: 18446744073709021112 KB
===
5 rows total
Execution info: [PARSE: 63 µs 900 ns, SQL TRANSLATE: 251 µs 197 ns, OPTIMIZE: 18 ms 500 µs, LQP TRANSLATE: 277 µs 867 ns, EXECUTE: 2 s 722 ms (wall time) | QUERY PLAN CACHE HITS: 0/1 statement(s)]
After reset, table use_count: 2
WARNING: Table still has 1 other owner(s) after pipeline reset!
Executing script file done
$:hsh clear_plan_caches
Cleared PQP and LQP caches
$:hsh clear_pipeline
Released last SQLPipeline
$:hsh reset_exec_pools
Reset execution pools (2, 3) bump pointers to start
$:hsh mem_usage
------------------------------------------
Memory Usage Statistics:
VmSize:	304767944 kB
VmRSS:	74312908 kB
1: MemResourceStatus {MigratedColumnsAggregate,18446744073709551615,63541608448,52888587462,0,0,1,N/A}
MemResourceStatus {DefaultResource,18446744073709551615,18446744073709551615,18446744048043888747,18446744073709105478,0,-1,N/A}
Quick Memory Usage Overview:
Used Capacity: 0, 52888587462
------------------------------------------
Executing script file: /home/umeshsum/tpch_queries/5.sql
[32m(release)[0m> select
[32m(release)[0m> 	n_name,
[32m(release)[0m> 	sum(l_extendedprice * (1 - l_discount)) as revenue
[32m(release)[0m> from
[32m(release)[0m> 	customer,
[32m(release)[0m> 	orders,
[32m(release)[0m> 	lineitem,
[32m(release)[0m> 	supplier,
[32m(release)[0m> 	nation,
[32m(release)[0m> 	region
[32m(release)[0m> where
[32m(release)[0m> 	c_custkey = o_custkey
[32m(release)[0m> 	and l_orderkey = o_orderkey
[32m(release)[0m> 	and l_suppkey = s_suppkey
[32m(release)[0m> 	and c_nationkey = s_nationkey
[32m(release)[0m> 	and s_nationkey = n_nationkey
[32m(release)[0m> 	and n_regionkey = r_regionkey
[32m(release)[0m> 	and r_name = 'ASIA'
[32m(release)[0m> 	and o_orderdate >= date '1994-01-01'
[32m(release)[0m> 	and o_orderdate < date '1994-01-01' + interval '1' year
[32m(release)[0m> group by
[32m(release)[0m> 	n_name
[32m(release)[0m> order by
[32m(release)[0m> 	revenue desc;
VmRSS Change: 20948 KB
===
5 rows total
Execution info: [PARSE: 37 µs 180 ns, SQL TRANSLATE: 156 µs 688 ns, OPTIMIZE: 12 ms 548 µs, LQP TRANSLATE: 223 µs 207 ns, EXECUTE: 2 s 574 ms (wall time) | QUERY PLAN CACHE HITS: 0/1 statement(s)]
After reset, table use_count: 2
WARNING: Table still has 1 other owner(s) after pipeline reset!
Executing script file done
$:hsh clear_plan_caches
Cleared PQP and LQP caches
$:hsh clear_pipeline
Released last SQLPipeline
$:hsh reset_exec_pools
Reset execution pools (2, 3) bump pointers to start
$:hsh mem_usage
------------------------------------------
Memory Usage Statistics:
VmSize:	304767944 kB
VmRSS:	74333856 kB
1: MemResourceStatus {MigratedColumnsAggregate,18446744073709551615,63541608448,52888587462,0,0,1,N/A}
MemResourceStatus {DefaultResource,18446744073709551615,18446744073709551615,18446744047771220091,18446744073709105478,0,-1,N/A}
Quick Memory Usage Overview:
Used Capacity: 0, 52888587462
------------------------------------------
Label set to d0_tf0_q6
$:hsh clear_plan_caches
Cleared PQP and LQP caches
$:hsh clear_pipeline
Released last SQLPipeline
$:hsh reset_exec_pools
Reset execution pools (2, 3) bump pointers to start
$:hsh mem_usage
------------------------------------------
Memory Usage Statistics:
VmSize:	304767944 kB
VmRSS:	74333712 kB
1: MemResourceStatus {MigratedColumnsAggregate,18446744073709551615,63541608448,52888587462,0,0,1,N/A}
MemResourceStatus {DefaultResource,18446744073709551615,18446744073709551615,18446744047771220091,18446744073709105478,0,-1,N/A}
Quick Memory Usage Overview:
Used Capacity: 0, 52888587462
------------------------------------------
Executing script file: /home/umeshsum/tpch_queries/6.sql
[32m(release)[0m> select
[32m(release)[0m> 	sum(l_extendedprice * l_discount) as revenue
[32m(release)[0m> from
[32m(release)[0m> 	lineitem
[32m(release)[0m> where
[32m(release)[0m> 	l_shipdate >= date '1994-01-01'
[32m(release)[0m> 	and l_shipdate < date '1994-01-01' + interval '1' year
[32m(release)[0m> 	and l_discount between .06 - 0.01 and .06 + 0.01
[32m(release)[0m> 	and l_quantity < 24;
VmRSS Change: 42952 KB
===
1 rows total
Execution info: [PARSE: 32 µs 9 ns, SQL TRANSLATE: 77 µs 410 ns, OPTIMIZE: 10 ms 500 µs, LQP TRANSLATE: 50 µs 50 ns, EXECUTE: 259 ms 278 µs (wall time) | QUERY PLAN CACHE HITS: 0/1 statement(s)]
After reset, table use_count: 2
WARNING: Table still has 1 other owner(s) after pipeline reset!
Executing script file done
$:hsh clear_plan_caches
Cleared PQP and LQP caches
$:hsh clear_pipeline
Released last SQLPipeline
$:hsh reset_exec_pools
Reset execution pools (2, 3) bump pointers to start
$:hsh mem_usage
------------------------------------------
Memory Usage Statistics:
VmSize:	304767944 kB
VmRSS:	74376664 kB
1: MemResourceStatus {MigratedColumnsAggregate,18446744073709551615,63541608448,52888587462,0,0,1,N/A}
MemResourceStatus {DefaultResource,18446744073709551615,18446744073709551615,18446744047759175311,18446744073709105478,0,-1,N/A}
Quick Memory Usage Overview:
Used Capacity: 0, 52888587462
------------------------------------------
Executing script file: /home/umeshsum/tpch_queries/6.sql
[32m(release)[0m> select
[32m(release)[0m> 	sum(l_extendedprice * l_discount) as revenue
[32m(release)[0m> from
[32m(release)[0m> 	lineitem
[32m(release)[0m> where
[32m(release)[0m> 	l_shipdate >= date '1994-01-01'
[32m(release)[0m> 	and l_shipdate < date '1994-01-01' + interval '1' year
[32m(release)[0m> 	and l_discount between .06 - 0.01 and .06 + 0.01
[32m(release)[0m> 	and l_quantity < 24;
VmRSS Change: 11332 KB
===
1 rows total
Execution info: [PARSE: 107 µs 839 ns, SQL TRANSLATE: 69 µs 999 ns, OPTIMIZE: 4 ms 46 µs, LQP TRANSLATE: 28 µs 599 ns, EXECUTE: 266 ms 968 µs (wall time) | QUERY PLAN CACHE HITS: 0/1 statement(s)]
After reset, table use_count: 2
WARNING: Table still has 1 other owner(s) after pipeline reset!
Executing script file done
$:hsh clear_plan_caches
Cleared PQP and LQP caches
$:hsh clear_pipeline
Released last SQLPipeline
$:hsh reset_exec_pools
Reset execution pools (2, 3) bump pointers to start
$:hsh mem_usage
------------------------------------------
Memory Usage Statistics:
VmSize:	304767944 kB
VmRSS:	74387884 kB
1: MemResourceStatus {MigratedColumnsAggregate,18446744073709551615,63541608448,52888587462,0,0,1,N/A}
MemResourceStatus {DefaultResource,18446744073709551615,18446744073709551615,18446744047747780691,18446744073709105478,0,-1,N/A}
Quick Memory Usage Overview:
Used Capacity: 0, 52888587462
------------------------------------------
Executing script file: /home/umeshsum/tpch_queries/6.sql
[32m(release)[0m> select
[32m(release)[0m> 	sum(l_extendedprice * l_discount) as revenue
[32m(release)[0m> from
[32m(release)[0m> 	lineitem
[32m(release)[0m> where
[32m(release)[0m> 	l_shipdate >= date '1994-01-01'
[32m(release)[0m> 	and l_shipdate < date '1994-01-01' + interval '1' year
[32m(release)[0m> 	and l_discount between .06 - 0.01 and .06 + 0.01
[32m(release)[0m> 	and l_quantity < 24;
VmRSS Change: 18446744073709548396 KB
===
1 rows total
Execution info: [PARSE: 44 µs 760 ns, SQL TRANSLATE: 107 µs 19 ns, OPTIMIZE: 4 ms 870 µs, LQP TRANSLATE: 50 µs 410 ns, EXECUTE: 252 ms 518 µs (wall time) | QUERY PLAN CACHE HITS: 0/1 statement(s)]
After reset, table use_count: 2
WARNING: Table still has 1 other owner(s) after pipeline reset!
Executing script file done
$:hsh clear_plan_caches
Cleared PQP and LQP caches
$:hsh clear_pipeline
Released last SQLPipeline
$:hsh reset_exec_pools
Reset execution pools (2, 3) bump pointers to start
$:hsh mem_usage
------------------------------------------
Memory Usage Statistics:
VmSize:	304767944 kB
VmRSS:	74384664 kB
1: MemResourceStatus {MigratedColumnsAggregate,18446744073709551615,63541608448,52888587462,0,0,1,N/A}
MemResourceStatus {DefaultResource,18446744073709551615,18446744073709551615,18446744047733281587,18446744073709105478,0,-1,N/A}
Quick Memory Usage Overview:
Used Capacity: 0, 52888587462
------------------------------------------
Executing script file: /home/umeshsum/tpch_queries/6.sql
[32m(release)[0m> select
[32m(release)[0m> 	sum(l_extendedprice * l_discount) as revenue
[32m(release)[0m> from
[32m(release)[0m> 	lineitem
[32m(release)[0m> where
[32m(release)[0m> 	l_shipdate >= date '1994-01-01'
[32m(release)[0m> 	and l_shipdate < date '1994-01-01' + interval '1' year
[32m(release)[0m> 	and l_discount between .06 - 0.01 and .06 + 0.01
[32m(release)[0m> 	and l_quantity < 24;
VmRSS Change: 9548 KB
===
1 rows total
Execution info: [PARSE: 30 µs 749 ns, SQL TRANSLATE: 71 µs 510 ns, OPTIMIZE: 4 ms 696 µs, LQP TRANSLATE: 48 µs 800 ns, EXECUTE: 260 ms 406 µs (wall time) | QUERY PLAN CACHE HITS: 0/1 statement(s)]
After reset, table use_count: 2
WARNING: Table still has 1 other owner(s) after pipeline reset!
Executing script file done
$:hsh clear_plan_caches
Cleared PQP and LQP caches
$:hsh clear_pipeline
Released last SQLPipeline
$:hsh reset_exec_pools
Reset execution pools (2, 3) bump pointers to start
$:hsh mem_usage
------------------------------------------
Memory Usage Statistics:
VmSize:	304767944 kB
VmRSS:	74394212 kB
1: MemResourceStatus {MigratedColumnsAggregate,18446744073709551615,63541608448,52888587462,0,0,1,N/A}
MemResourceStatus {DefaultResource,18446744073709551615,18446744073709551615,18446744047719217999,18446744073709105478,0,-1,N/A}
Quick Memory Usage Overview:
Used Capacity: 0, 52888587462
------------------------------------------
Executing script file: /home/umeshsum/tpch_queries/6.sql
[32m(release)[0m> select
[32m(release)[0m> 	sum(l_extendedprice * l_discount) as revenue
[32m(release)[0m> from
[32m(release)[0m> 	lineitem
[32m(release)[0m> where
[32m(release)[0m> 	l_shipdate >= date '1994-01-01'
[32m(release)[0m> 	and l_shipdate < date '1994-01-01' + interval '1' year
[32m(release)[0m> 	and l_discount between .06 - 0.01 and .06 + 0.01
[32m(release)[0m> 	and l_quantity < 24;
VmRSS Change: 18446744073709481480 KB
===
1 rows total
Execution info: [PARSE: 31 µs 290 ns, SQL TRANSLATE: 70 µs 209 ns, OPTIMIZE: 4 ms 65 µs, LQP TRANSLATE: 29 µs 569 ns, EXECUTE: 334 ms 45 µs (wall time) | QUERY PLAN CACHE HITS: 0/1 statement(s)]
After reset, table use_count: 2
WARNING: Table still has 1 other owner(s) after pipeline reset!
Executing script file done
$:hsh clear_plan_caches
Cleared PQP and LQP caches
$:hsh clear_pipeline
Released last SQLPipeline
$:hsh reset_exec_pools
Reset execution pools (2, 3) bump pointers to start
$:hsh mem_usage
------------------------------------------
Memory Usage Statistics:
VmSize:	304767944 kB
VmRSS:	74324076 kB
1: MemResourceStatus {MigratedColumnsAggregate,18446744073709551615,63541608448,52888587462,0,0,1,N/A}
MemResourceStatus {DefaultResource,18446744073709551615,18446744073709551615,18446744047705284487,18446744073709105478,0,-1,N/A}
Quick Memory Usage Overview:
Used Capacity: 0, 52888587462
------------------------------------------
Executing script file: /home/umeshsum/tpch_queries/6.sql
[32m(release)[0m> select
[32m(release)[0m> 	sum(l_extendedprice * l_discount) as revenue
[32m(release)[0m> from
[32m(release)[0m> 	lineitem
[32m(release)[0m> where
[32m(release)[0m> 	l_shipdate >= date '1994-01-01'
[32m(release)[0m> 	and l_shipdate < date '1994-01-01' + interval '1' year
[32m(release)[0m> 	and l_discount between .06 - 0.01 and .06 + 0.01
[32m(release)[0m> 	and l_quantity < 24;
VmRSS Change: 18446744073709531824 KB
===
1 rows total
Execution info: [PARSE: 53 µs 70 ns, SQL TRANSLATE: 154 µs 438 ns, OPTIMIZE: 5 ms 565 µs, LQP TRANSLATE: 61 µs 819 ns, EXECUTE: 270 ms 218 µs (wall time) | QUERY PLAN CACHE HITS: 0/1 statement(s)]
After reset, table use_count: 2
WARNING: Table still has 1 other owner(s) after pipeline reset!
Executing script file done
$:hsh clear_plan_caches
Cleared PQP and LQP caches
$:hsh clear_pipeline
Released last SQLPipeline
$:hsh reset_exec_pools
Reset execution pools (2, 3) bump pointers to start
$:hsh mem_usage
------------------------------------------
Memory Usage Statistics:
VmSize:	304767944 kB
VmRSS:	74304284 kB
1: MemResourceStatus {MigratedColumnsAggregate,18446744073709551615,63541608448,52888587462,0,0,1,N/A}
MemResourceStatus {DefaultResource,18446744073709551615,18446744073709551615,18446744047694675471,18446744073709105478,0,-1,N/A}
Quick Memory Usage Overview:
Used Capacity: 0, 52888587462
------------------------------------------
Executing script file: /home/umeshsum/tpch_queries/6.sql
[32m(release)[0m> select
[32m(release)[0m> 	sum(l_extendedprice * l_discount) as revenue
[32m(release)[0m> from
[32m(release)[0m> 	lineitem
[32m(release)[0m> where
[32m(release)[0m> 	l_shipdate >= date '1994-01-01'
[32m(release)[0m> 	and l_shipdate < date '1994-01-01' + interval '1' year
[32m(release)[0m> 	and l_discount between .06 - 0.01 and .06 + 0.01
[32m(release)[0m> 	and l_quantity < 24;
VmRSS Change: 18446744073709526836 KB
===
1 rows total
Execution info: [PARSE: 44 µs 100 ns, SQL TRANSLATE: 104 µs 589 ns, OPTIMIZE: 4 ms 852 µs, LQP TRANSLATE: 48 µs 539 ns, EXECUTE: 255 ms 776 µs (wall time) | QUERY PLAN CACHE HITS: 0/1 statement(s)]
After reset, table use_count: 2
WARNING: Table still has 1 other owner(s) after pipeline reset!
Executing script file done
$:hsh clear_plan_caches
Cleared PQP and LQP caches
$:hsh clear_pipeline
Released last SQLPipeline
$:hsh reset_exec_pools
Reset execution pools (2, 3) bump pointers to start
$:hsh mem_usage
------------------------------------------
Memory Usage Statistics:
VmSize:	304767944 kB
VmRSS:	74279504 kB
1: MemResourceStatus {MigratedColumnsAggregate,18446744073709551615,63541608448,52888587462,0,0,1,N/A}
MemResourceStatus {DefaultResource,18446744073709551615,18446744073709551615,18446744047683068187,18446744073709105478,0,-1,N/A}
Quick Memory Usage Overview:
Used Capacity: 0, 52888587462
------------------------------------------
Executing script file: /home/umeshsum/tpch_queries/6.sql
[32m(release)[0m> select
[32m(release)[0m> 	sum(l_extendedprice * l_discount) as revenue
[32m(release)[0m> from
[32m(release)[0m> 	lineitem
[32m(release)[0m> where
[32m(release)[0m> 	l_shipdate >= date '1994-01-01'
[32m(release)[0m> 	and l_shipdate < date '1994-01-01' + interval '1' year
[32m(release)[0m> 	and l_discount between .06 - 0.01 and .06 + 0.01
[32m(release)[0m> 	and l_quantity < 24;
VmRSS Change: 18446744073709402344 KB
===
1 rows total
Execution info: [PARSE: 31 µs 400 ns, SQL TRANSLATE: 73 µs 289 ns, OPTIMIZE: 4 ms 75 µs, LQP TRANSLATE: 28 µs 789 ns, EXECUTE: 264 ms 782 µs (wall time) | QUERY PLAN CACHE HITS: 0/1 statement(s)]
After reset, table use_count: 2
WARNING: Table still has 1 other owner(s) after pipeline reset!
Executing script file done
$:hsh clear_plan_caches
Cleared PQP and LQP caches
$:hsh clear_pipeline
Released last SQLPipeline
$:hsh reset_exec_pools
Reset execution pools (2, 3) bump pointers to start
$:hsh mem_usage
------------------------------------------
Memory Usage Statistics:
VmSize:	304767944 kB
VmRSS:	74130232 kB
1: MemResourceStatus {MigratedColumnsAggregate,18446744073709551615,63541608448,52888587462,0,0,1,N/A}
MemResourceStatus {DefaultResource,18446744073709551615,18446744073709551615,18446744047670541463,18446744073709105478,0,-1,N/A}
Quick Memory Usage Overview:
Used Capacity: 0, 52888587462
------------------------------------------
Executing script file: /home/umeshsum/tpch_queries/6.sql
[32m(release)[0m> select
[32m(release)[0m> 	sum(l_extendedprice * l_discount) as revenue
[32m(release)[0m> from
[32m(release)[0m> 	lineitem
[32m(release)[0m> where
[32m(release)[0m> 	l_shipdate >= date '1994-01-01'
[32m(release)[0m> 	and l_shipdate < date '1994-01-01' + interval '1' year
[32m(release)[0m> 	and l_discount between .06 - 0.01 and .06 + 0.01
[32m(release)[0m> 	and l_quantity < 24;
VmRSS Change: 5292 KB
===
1 rows total
Execution info: [PARSE: 47 µs 40 ns, SQL TRANSLATE: 88 µs 229 ns, OPTIMIZE: 4 ms 43 µs, LQP TRANSLATE: 31 µs 330 ns, EXECUTE: 254 ms 605 µs (wall time) | QUERY PLAN CACHE HITS: 0/1 statement(s)]
After reset, table use_count: 2
WARNING: Table still has 1 other owner(s) after pipeline reset!
Executing script file done
$:hsh clear_plan_caches
Cleared PQP and LQP caches
$:hsh clear_pipeline
Released last SQLPipeline
$:hsh reset_exec_pools
Reset execution pools (2, 3) bump pointers to start
$:hsh mem_usage
------------------------------------------
Memory Usage Statistics:
VmSize:	304767944 kB
VmRSS:	74135524 kB
1: MemResourceStatus {MigratedColumnsAggregate,18446744073709551615,63541608448,52888587462,0,0,1,N/A}
MemResourceStatus {DefaultResource,18446744073709551615,18446744073709551615,18446744047658876391,18446744073709105478,0,-1,N/A}
Quick Memory Usage Overview:
Used Capacity: 0, 52888587462
------------------------------------------
Executing script file: /home/umeshsum/tpch_queries/6.sql
[32m(release)[0m> select
[32m(release)[0m> 	sum(l_extendedprice * l_discount) as revenue
[32m(release)[0m> from
[32m(release)[0m> 	lineitem
[32m(release)[0m> where
[32m(release)[0m> 	l_shipdate >= date '1994-01-01'
[32m(release)[0m> 	and l_shipdate < date '1994-01-01' + interval '1' year
[32m(release)[0m> 	and l_discount between .06 - 0.01 and .06 + 0.01
[32m(release)[0m> 	and l_quantity < 24;
VmRSS Change: 18446744073709493540 KB
===
1 rows total
Execution info: [PARSE: 51 µs 319 ns, SQL TRANSLATE: 180 µs 758 ns, OPTIMIZE: 5 ms 271 µs, LQP TRANSLATE: 60 µs 99 ns, EXECUTE: 261 ms 589 µs (wall time) | QUERY PLAN CACHE HITS: 0/1 statement(s)]
After reset, table use_count: 2
WARNING: Table still has 1 other owner(s) after pipeline reset!
Executing script file done
$:hsh clear_plan_caches
Cleared PQP and LQP caches
$:hsh clear_pipeline
Released last SQLPipeline
$:hsh reset_exec_pools
Reset execution pools (2, 3) bump pointers to start
$:hsh mem_usage
------------------------------------------
Memory Usage Statistics:
VmSize:	304767944 kB
VmRSS:	74077448 kB
1: MemResourceStatus {MigratedColumnsAggregate,18446744073709551615,63541608448,52888587462,0,0,1,N/A}
MemResourceStatus {DefaultResource,18446744073709551615,18446744073709551615,18446744047644071487,18446744073709105478,0,-1,N/A}
Quick Memory Usage Overview:
Used Capacity: 0, 52888587462
------------------------------------------
Label set to d0_tf0_q7
$:hsh clear_plan_caches
Cleared PQP and LQP caches
$:hsh clear_pipeline
Released last SQLPipeline
$:hsh reset_exec_pools
Reset execution pools (2, 3) bump pointers to start
$:hsh mem_usage
------------------------------------------
Memory Usage Statistics:
VmSize:	304767944 kB
VmRSS:	74077448 kB
1: MemResourceStatus {MigratedColumnsAggregate,18446744073709551615,63541608448,52888587462,0,0,1,N/A}
MemResourceStatus {DefaultResource,18446744073709551615,18446744073709551615,18446744047644071487,18446744073709105478,0,-1,N/A}
Quick Memory Usage Overview:
Used Capacity: 0, 52888587462
------------------------------------------
Executing script file: /home/umeshsum/tpch_queries/7.sql
[32m(release)[0m> select
[32m(release)[0m> 	supp_nation,
[32m(release)[0m> 	cust_nation,
[32m(release)[0m> 	l_year,
[32m(release)[0m> 	sum(volume) as revenue
[32m(release)[0m> from
[32m(release)[0m> 	(
[32m(release)[0m> 		select
[32m(release)[0m> 			n1.n_name as supp_nation,
[32m(release)[0m> 			n2.n_name as cust_nation,
[32m(release)[0m> 			extract(year from l_shipdate) as l_year,
[32m(release)[0m> 			l_extendedprice * (1 - l_discount) as volume
[32m(release)[0m> 		from
[32m(release)[0m> 			supplier,
[32m(release)[0m> 			lineitem,
[32m(release)[0m> 			orders,
[32m(release)[0m> 			customer,
[32m(release)[0m> 			nation n1,
[32m(release)[0m> 			nation n2
[32m(release)[0m> 		where
[32m(release)[0m> 			s_suppkey = l_suppkey
[32m(release)[0m> 			and o_orderkey = l_orderkey
[32m(release)[0m> 			and c_custkey = o_custkey
[32m(release)[0m> 			and s_nationkey = n1.n_nationkey
[32m(release)[0m> 			and c_nationkey = n2.n_nationkey
[32m(release)[0m> 			and (
[32m(release)[0m> 				(n1.n_name = 'FRANCE' and n2.n_name = 'GERMANY')
[32m(release)[0m> 				or (n1.n_name = 'GERMANY' and n2.n_name = 'FRANCE')
[32m(release)[0m> 			)
[32m(release)[0m> 			and l_shipdate between date '1995-01-01' and date '1996-12-31'
[32m(release)[0m> 	) as shipping
[32m(release)[0m> group by
[32m(release)[0m> 	supp_nation,
[32m(release)[0m> 	cust_nation,
[32m(release)[0m> 	l_year
[32m(release)[0m> order by
[32m(release)[0m> 	supp_nation,
[32m(release)[0m> 	cust_nation,
[32m(release)[0m> 	l_year;
VmRSS Change: 423812 KB
===
4 rows total
Execution info: [PARSE: 92 µs 399 ns, SQL TRANSLATE: 303 µs 17 ns, OPTIMIZE: 23 ms 275 µs, LQP TRANSLATE: 480 µs 385 ns, EXECUTE: 1 s 267 ms (wall time) | QUERY PLAN CACHE HITS: 0/1 statement(s)]
After reset, table use_count: 2
WARNING: Table still has 1 other owner(s) after pipeline reset!
Executing script file done
$:hsh clear_plan_caches
Cleared PQP and LQP caches
$:hsh clear_pipeline
Released last SQLPipeline
$:hsh reset_exec_pools
Reset execution pools (2, 3) bump pointers to start
$:hsh mem_usage
------------------------------------------
Memory Usage Statistics:
VmSize:	304767944 kB
VmRSS:	74501496 kB
1: MemResourceStatus {MigratedColumnsAggregate,18446744073709551615,63541608448,52888587462,0,0,1,N/A}
MemResourceStatus {DefaultResource,18446744073709551615,18446744073709551615,18446744047600539287,18446744073709105478,0,-1,N/A}
Quick Memory Usage Overview:
Used Capacity: 0, 52888587462
------------------------------------------
Executing script file: /home/umeshsum/tpch_queries/7.sql
[32m(release)[0m> select
[32m(release)[0m> 	supp_nation,
[32m(release)[0m> 	cust_nation,
[32m(release)[0m> 	l_year,
[32m(release)[0m> 	sum(volume) as revenue
[32m(release)[0m> from
[32m(release)[0m> 	(
[32m(release)[0m> 		select
[32m(release)[0m> 			n1.n_name as supp_nation,
[32m(release)[0m> 			n2.n_name as cust_nation,
[32m(release)[0m> 			extract(year from l_shipdate) as l_year,
[32m(release)[0m> 			l_extendedprice * (1 - l_discount) as volume
[32m(release)[0m> 		from
[32m(release)[0m> 			supplier,
[32m(release)[0m> 			lineitem,
[32m(release)[0m> 			orders,
[32m(release)[0m> 			customer,
[32m(release)[0m> 			nation n1,
[32m(release)[0m> 			nation n2
[32m(release)[0m> 		where
[32m(release)[0m> 			s_suppkey = l_suppkey
[32m(release)[0m> 			and o_orderkey = l_orderkey
[32m(release)[0m> 			and c_custkey = o_custkey
[32m(release)[0m> 			and s_nationkey = n1.n_nationkey
[32m(release)[0m> 			and c_nationkey = n2.n_nationkey
[32m(release)[0m> 			and (
[32m(release)[0m> 				(n1.n_name = 'FRANCE' and n2.n_name = 'GERMANY')
[32m(release)[0m> 				or (n1.n_name = 'GERMANY' and n2.n_name = 'FRANCE')
[32m(release)[0m> 			)
[32m(release)[0m> 			and l_shipdate between date '1995-01-01' and date '1996-12-31'
[32m(release)[0m> 	) as shipping
[32m(release)[0m> group by
[32m(release)[0m> 	supp_nation,
[32m(release)[0m> 	cust_nation,
[32m(release)[0m> 	l_year
[32m(release)[0m> order by
[32m(release)[0m> 	supp_nation,
[32m(release)[0m> 	cust_nation,
[32m(release)[0m> 	l_year;
VmRSS Change: 288448 KB
===
4 rows total
Execution info: [PARSE: 89 µs 619 ns, SQL TRANSLATE: 298 µs 657 ns, OPTIMIZE: 23 ms 536 µs, LQP TRANSLATE: 566 µs 664 ns, EXECUTE: 1 s 407 ms (wall time) | QUERY PLAN CACHE HITS: 0/1 statement(s)]
After reset, table use_count: 2
WARNING: Table still has 1 other owner(s) after pipeline reset!
Executing script file done
$:hsh clear_plan_caches
Cleared PQP and LQP caches
$:hsh clear_pipeline
Released last SQLPipeline
$:hsh reset_exec_pools
Reset execution pools (2, 3) bump pointers to start
$:hsh mem_usage
------------------------------------------
Memory Usage Statistics:
VmSize:	304767944 kB
VmRSS:	74789976 kB
1: MemResourceStatus {MigratedColumnsAggregate,18446744073709551615,63541608448,52888587462,0,0,1,N/A}
MemResourceStatus {DefaultResource,18446744073709551615,18446744073709551615,18446744047679033407,18446744073709105478,0,-1,N/A}
Quick Memory Usage Overview:
Used Capacity: 0, 52888587462
------------------------------------------
Executing script file: /home/umeshsum/tpch_queries/7.sql
[32m(release)[0m> select
[32m(release)[0m> 	supp_nation,
[32m(release)[0m> 	cust_nation,
[32m(release)[0m> 	l_year,
[32m(release)[0m> 	sum(volume) as revenue
[32m(release)[0m> from
[32m(release)[0m> 	(
[32m(release)[0m> 		select
[32m(release)[0m> 			n1.n_name as supp_nation,
[32m(release)[0m> 			n2.n_name as cust_nation,
[32m(release)[0m> 			extract(year from l_shipdate) as l_year,
[32m(release)[0m> 			l_extendedprice * (1 - l_discount) as volume
[32m(release)[0m> 		from
[32m(release)[0m> 			supplier,
[32m(release)[0m> 			lineitem,
[32m(release)[0m> 			orders,
[32m(release)[0m> 			customer,
[32m(release)[0m> 			nation n1,
[32m(release)[0m> 			nation n2
[32m(release)[0m> 		where
[32m(release)[0m> 			s_suppkey = l_suppkey
[32m(release)[0m> 			and o_orderkey = l_orderkey
[32m(release)[0m> 			and c_custkey = o_custkey
[32m(release)[0m> 			and s_nationkey = n1.n_nationkey
[32m(release)[0m> 			and c_nationkey = n2.n_nationkey
[32m(release)[0m> 			and (
[32m(release)[0m> 				(n1.n_name = 'FRANCE' and n2.n_name = 'GERMANY')
[32m(release)[0m> 				or (n1.n_name = 'GERMANY' and n2.n_name = 'FRANCE')
[32m(release)[0m> 			)
[32m(release)[0m> 			and l_shipdate between date '1995-01-01' and date '1996-12-31'
[32m(release)[0m> 	) as shipping
[32m(release)[0m> group by
[32m(release)[0m> 	supp_nation,
[32m(release)[0m> 	cust_nation,
[32m(release)[0m> 	l_year
[32m(release)[0m> order by
[32m(release)[0m> 	supp_nation,
[32m(release)[0m> 	cust_nation,
[32m(release)[0m> 	l_year;
VmRSS Change: 288660 KB
===
4 rows total
Execution info: [PARSE: 88 µs 829 ns, SQL TRANSLATE: 291 µs 77 ns, OPTIMIZE: 23 ms 494 µs, LQP TRANSLATE: 571 µs 774 ns, EXECUTE: 1 s 339 ms (wall time) | QUERY PLAN CACHE HITS: 0/1 statement(s)]
After reset, table use_count: 2
WARNING: Table still has 1 other owner(s) after pipeline reset!
Executing script file done
$:hsh clear_plan_caches
Cleared PQP and LQP caches
$:hsh clear_pipeline
Released last SQLPipeline
$:hsh reset_exec_pools
Reset execution pools (2, 3) bump pointers to start
$:hsh mem_usage
------------------------------------------
Memory Usage Statistics:
VmSize:	304767944 kB
VmRSS:	75078648 kB
1: MemResourceStatus {MigratedColumnsAggregate,18446744073709551615,63541608448,52888587462,0,0,1,N/A}
MemResourceStatus {DefaultResource,18446744073709551615,18446744073709551615,18446744047626802199,18446744073709105478,0,-1,N/A}
Quick Memory Usage Overview:
Used Capacity: 0, 52888587462
------------------------------------------
Executing script file: /home/umeshsum/tpch_queries/7.sql
[32m(release)[0m> select
[32m(release)[0m> 	supp_nation,
[32m(release)[0m> 	cust_nation,
[32m(release)[0m> 	l_year,
[32m(release)[0m> 	sum(volume) as revenue
[32m(release)[0m> from
[32m(release)[0m> 	(
[32m(release)[0m> 		select
[32m(release)[0m> 			n1.n_name as supp_nation,
[32m(release)[0m> 			n2.n_name as cust_nation,
[32m(release)[0m> 			extract(year from l_shipdate) as l_year,
[32m(release)[0m> 			l_extendedprice * (1 - l_discount) as volume
[32m(release)[0m> 		from
[32m(release)[0m> 			supplier,
[32m(release)[0m> 			lineitem,
[32m(release)[0m> 			orders,
[32m(release)[0m> 			customer,
[32m(release)[0m> 			nation n1,
[32m(release)[0m> 			nation n2
[32m(release)[0m> 		where
[32m(release)[0m> 			s_suppkey = l_suppkey
[32m(release)[0m> 			and o_orderkey = l_orderkey
[32m(release)[0m> 			and c_custkey = o_custkey
[32m(release)[0m> 			and s_nationkey = n1.n_nationkey
[32m(release)[0m> 			and c_nationkey = n2.n_nationkey
[32m(release)[0m> 			and (
[32m(release)[0m> 				(n1.n_name = 'FRANCE' and n2.n_name = 'GERMANY')
[32m(release)[0m> 				or (n1.n_name = 'GERMANY' and n2.n_name = 'FRANCE')
[32m(release)[0m> 			)
[32m(release)[0m> 			and l_shipdate between date '1995-01-01' and date '1996-12-31'
[32m(release)[0m> 	) as shipping
[32m(release)[0m> group by
[32m(release)[0m> 	supp_nation,
[32m(release)[0m> 	cust_nation,
[32m(release)[0m> 	l_year
[32m(release)[0m> order by
[32m(release)[0m> 	supp_nation,
[32m(release)[0m> 	cust_nation,
[32m(release)[0m> 	l_year;
VmRSS Change: 299176 KB
===
4 rows total
Execution info: [PARSE: 87 µs 249 ns, SQL TRANSLATE: 289 µs 87 ns, OPTIMIZE: 23 ms 513 µs, LQP TRANSLATE: 568 µs 475 ns, EXECUTE: 1 s 291 ms (wall time) | QUERY PLAN CACHE HITS: 0/1 statement(s)]
After reset, table use_count: 2
WARNING: Table still has 1 other owner(s) after pipeline reset!
Executing script file done
$:hsh clear_plan_caches
Cleared PQP and LQP caches
$:hsh clear_pipeline
Released last SQLPipeline
$:hsh reset_exec_pools
Reset execution pools (2, 3) bump pointers to start
$:hsh mem_usage
------------------------------------------
Memory Usage Statistics:
VmSize:	304767944 kB
VmRSS:	75377840 kB
1: MemResourceStatus {MigratedColumnsAggregate,18446744073709551615,63541608448,52888587462,0,0,1,N/A}
MemResourceStatus {DefaultResource,18446744073709551615,18446744073709551615,18446744047575331343,18446744073709105478,0,-1,N/A}
Quick Memory Usage Overview:
Used Capacity: 0, 52888587462
------------------------------------------
Executing script file: /home/umeshsum/tpch_queries/7.sql
[32m(release)[0m> select
[32m(release)[0m> 	supp_nation,
[32m(release)[0m> 	cust_nation,
[32m(release)[0m> 	l_year,
[32m(release)[0m> 	sum(volume) as revenue
[32m(release)[0m> from
[32m(release)[0m> 	(
[32m(release)[0m> 		select
[32m(release)[0m> 			n1.n_name as supp_nation,
[32m(release)[0m> 			n2.n_name as cust_nation,
[32m(release)[0m> 			extract(year from l_shipdate) as l_year,
[32m(release)[0m> 			l_extendedprice * (1 - l_discount) as volume
[32m(release)[0m> 		from
[32m(release)[0m> 			supplier,
[32m(release)[0m> 			lineitem,
[32m(release)[0m> 			orders,
[32m(release)[0m> 			customer,
[32m(release)[0m> 			nation n1,
[32m(release)[0m> 			nation n2
[32m(release)[0m> 		where
[32m(release)[0m> 			s_suppkey = l_suppkey
[32m(release)[0m> 			and o_orderkey = l_orderkey
[32m(release)[0m> 			and c_custkey = o_custkey
[32m(release)[0m> 			and s_nationkey = n1.n_nationkey
[32m(release)[0m> 			and c_nationkey = n2.n_nationkey
[32m(release)[0m> 			and (
[32m(release)[0m> 				(n1.n_name = 'FRANCE' and n2.n_name = 'GERMANY')
[32m(release)[0m> 				or (n1.n_name = 'GERMANY' and n2.n_name = 'FRANCE')
[32m(release)[0m> 			)
[32m(release)[0m> 			and l_shipdate between date '1995-01-01' and date '1996-12-31'
[32m(release)[0m> 	) as shipping
[32m(release)[0m> group by
[32m(release)[0m> 	supp_nation,
[32m(release)[0m> 	cust_nation,
[32m(release)[0m> 	l_year
[32m(release)[0m> order by
[32m(release)[0m> 	supp_nation,
[32m(release)[0m> 	cust_nation,
[32m(release)[0m> 	l_year;
VmRSS Change: 18446744073709550868 KB
===
4 rows total
Execution info: [PARSE: 95 µs 99 ns, SQL TRANSLATE: 296 µs 917 ns, OPTIMIZE: 23 ms 530 µs, LQP TRANSLATE: 554 µs 545 ns, EXECUTE: 1 s 313 ms (wall time) | QUERY PLAN CACHE HITS: 0/1 statement(s)]
After reset, table use_count: 2
WARNING: Table still has 1 other owner(s) after pipeline reset!
Executing script file done
$:hsh clear_plan_caches
Cleared PQP and LQP caches
$:hsh clear_pipeline
Released last SQLPipeline
$:hsh reset_exec_pools
Reset execution pools (2, 3) bump pointers to start
$:hsh mem_usage
------------------------------------------
Memory Usage Statistics:
VmSize:	304767944 kB
VmRSS:	75377108 kB
1: MemResourceStatus {MigratedColumnsAggregate,18446744073709551615,63541608448,52888587462,0,0,1,N/A}
MemResourceStatus {DefaultResource,18446744073709551615,18446744073709551615,18446744047624586531,18446744073709105478,0,-1,N/A}
Quick Memory Usage Overview:
Used Capacity: 0, 52888587462
------------------------------------------
Executing script file: /home/umeshsum/tpch_queries/7.sql
[32m(release)[0m> select
[32m(release)[0m> 	supp_nation,
[32m(release)[0m> 	cust_nation,
[32m(release)[0m> 	l_year,
[32m(release)[0m> 	sum(volume) as revenue
[32m(release)[0m> from
[32m(release)[0m> 	(
[32m(release)[0m> 		select
[32m(release)[0m> 			n1.n_name as supp_nation,
[32m(release)[0m> 			n2.n_name as cust_nation,
[32m(release)[0m> 			extract(year from l_shipdate) as l_year,
[32m(release)[0m> 			l_extendedprice * (1 - l_discount) as volume
[32m(release)[0m> 		from
[32m(release)[0m> 			supplier,
[32m(release)[0m> 			lineitem,
[32m(release)[0m> 			orders,
[32m(release)[0m> 			customer,
[32m(release)[0m> 			nation n1,
[32m(release)[0m> 			nation n2
[32m(release)[0m> 		where
[32m(release)[0m> 			s_suppkey = l_suppkey
[32m(release)[0m> 			and o_orderkey = l_orderkey
[32m(release)[0m> 			and c_custkey = o_custkey
[32m(release)[0m> 			and s_nationkey = n1.n_nationkey
[32m(release)[0m> 			and c_nationkey = n2.n_nationkey
[32m(release)[0m> 			and (
[32m(release)[0m> 				(n1.n_name = 'FRANCE' and n2.n_name = 'GERMANY')
[32m(release)[0m> 				or (n1.n_name = 'GERMANY' and n2.n_name = 'FRANCE')
[32m(release)[0m> 			)
[32m(release)[0m> 			and l_shipdate between date '1995-01-01' and date '1996-12-31'
[32m(release)[0m> 	) as shipping
[32m(release)[0m> group by
[32m(release)[0m> 	supp_nation,
[32m(release)[0m> 	cust_nation,
[32m(release)[0m> 	l_year
[32m(release)[0m> order by
[32m(release)[0m> 	supp_nation,
[32m(release)[0m> 	cust_nation,
[32m(release)[0m> 	l_year;
VmRSS Change: 569888 KB
===
4 rows total
Execution info: [PARSE: 88 µs 269 ns, SQL TRANSLATE: 280 µs 217 ns, OPTIMIZE: 23 ms 678 µs, LQP TRANSLATE: 565 µs 934 ns, EXECUTE: 1 s 375 ms (wall time) | QUERY PLAN CACHE HITS: 0/1 statement(s)]
After reset, table use_count: 2
WARNING: Table still has 1 other owner(s) after pipeline reset!
Executing script file done
$:hsh clear_plan_caches
Cleared PQP and LQP caches
$:hsh clear_pipeline
Released last SQLPipeline
$:hsh reset_exec_pools
Reset execution pools (2, 3) bump pointers to start
$:hsh mem_usage
------------------------------------------
Memory Usage Statistics:
VmSize:	304767944 kB
VmRSS:	75946988 kB
1: MemResourceStatus {MigratedColumnsAggregate,18446744073709551615,63541608448,52888587462,0,0,1,N/A}
MemResourceStatus {DefaultResource,18446744073709551615,18446744073709551615,18446744047529530755,18446744073709105478,0,-1,N/A}
Quick Memory Usage Overview:
Used Capacity: 0, 52888587462
------------------------------------------
Executing script file: /home/umeshsum/tpch_queries/7.sql
[32m(release)[0m> select
[32m(release)[0m> 	supp_nation,
[32m(release)[0m> 	cust_nation,
[32m(release)[0m> 	l_year,
[32m(release)[0m> 	sum(volume) as revenue
[32m(release)[0m> from
[32m(release)[0m> 	(
[32m(release)[0m> 		select
[32m(release)[0m> 			n1.n_name as supp_nation,
[32m(release)[0m> 			n2.n_name as cust_nation,
[32m(release)[0m> 			extract(year from l_shipdate) as l_year,
[32m(release)[0m> 			l_extendedprice * (1 - l_discount) as volume
[32m(release)[0m> 		from
[32m(release)[0m> 			supplier,
[32m(release)[0m> 			lineitem,
[32m(release)[0m> 			orders,
[32m(release)[0m> 			customer,
[32m(release)[0m> 			nation n1,
[32m(release)[0m> 			nation n2
[32m(release)[0m> 		where
[32m(release)[0m> 			s_suppkey = l_suppkey
[32m(release)[0m> 			and o_orderkey = l_orderkey
[32m(release)[0m> 			and c_custkey = o_custkey
[32m(release)[0m> 			and s_nationkey = n1.n_nationkey
[32m(release)[0m> 			and c_nationkey = n2.n_nationkey
[32m(release)[0m> 			and (
[32m(release)[0m> 				(n1.n_name = 'FRANCE' and n2.n_name = 'GERMANY')
[32m(release)[0m> 				or (n1.n_name = 'GERMANY' and n2.n_name = 'FRANCE')
[32m(release)[0m> 			)
[32m(release)[0m> 			and l_shipdate between date '1995-01-01' and date '1996-12-31'
[32m(release)[0m> 	) as shipping
[32m(release)[0m> group by
[32m(release)[0m> 	supp_nation,
[32m(release)[0m> 	cust_nation,
[32m(release)[0m> 	l_year
[32m(release)[0m> order by
[32m(release)[0m> 	supp_nation,
[32m(release)[0m> 	cust_nation,
[32m(release)[0m> 	l_year;
VmRSS Change: 33896 KB
===
4 rows total
Execution info: [PARSE: 89 µs 40 ns, SQL TRANSLATE: 278 µs 748 ns, OPTIMIZE: 24 ms 518 µs, LQP TRANSLATE: 559 µs 344 ns, EXECUTE: 1 s 261 ms (wall time) | QUERY PLAN CACHE HITS: 0/1 statement(s)]
After reset, table use_count: 2
WARNING: Table still has 1 other owner(s) after pipeline reset!
Executing script file done
$:hsh clear_plan_caches
Cleared PQP and LQP caches
$:hsh clear_pipeline
Released last SQLPipeline
$:hsh reset_exec_pools
Reset execution pools (2, 3) bump pointers to start
$:hsh mem_usage
------------------------------------------
Memory Usage Statistics:
VmSize:	304767944 kB
VmRSS:	75980924 kB
1: MemResourceStatus {MigratedColumnsAggregate,18446744073709551615,63541608448,52888587462,0,0,1,N/A}
MemResourceStatus {DefaultResource,18446744073709551615,18446744073709551615,18446744047504711319,18446744073709105478,0,-1,N/A}
Quick Memory Usage Overview:
Used Capacity: 0, 52888587462
------------------------------------------
Executing script file: /home/umeshsum/tpch_queries/7.sql
[32m(release)[0m> select
[32m(release)[0m> 	supp_nation,
[32m(release)[0m> 	cust_nation,
[32m(release)[0m> 	l_year,
[32m(release)[0m> 	sum(volume) as revenue
[32m(release)[0m> from
[32m(release)[0m> 	(
[32m(release)[0m> 		select
[32m(release)[0m> 			n1.n_name as supp_nation,
[32m(release)[0m> 			n2.n_name as cust_nation,
[32m(release)[0m> 			extract(year from l_shipdate) as l_year,
[32m(release)[0m> 			l_extendedprice * (1 - l_discount) as volume
[32m(release)[0m> 		from
[32m(release)[0m> 			supplier,
[32m(release)[0m> 			lineitem,
[32m(release)[0m> 			orders,
[32m(release)[0m> 			customer,
[32m(release)[0m> 			nation n1,
[32m(release)[0m> 			nation n2
[32m(release)[0m> 		where
[32m(release)[0m> 			s_suppkey = l_suppkey
[32m(release)[0m> 			and o_orderkey = l_orderkey
[32m(release)[0m> 			and c_custkey = o_custkey
[32m(release)[0m> 			and s_nationkey = n1.n_nationkey
[32m(release)[0m> 			and c_nationkey = n2.n_nationkey
[32m(release)[0m> 			and (
[32m(release)[0m> 				(n1.n_name = 'FRANCE' and n2.n_name = 'GERMANY')
[32m(release)[0m> 				or (n1.n_name = 'GERMANY' and n2.n_name = 'FRANCE')
[32m(release)[0m> 			)
[32m(release)[0m> 			and l_shipdate between date '1995-01-01' and date '1996-12-31'
[32m(release)[0m> 	) as shipping
[32m(release)[0m> group by
[32m(release)[0m> 	supp_nation,
[32m(release)[0m> 	cust_nation,
[32m(release)[0m> 	l_year
[32m(release)[0m> order by
[32m(release)[0m> 	supp_nation,
[32m(release)[0m> 	cust_nation,
[32m(release)[0m> 	l_year;
VmRSS Change: 250732 KB
===
4 rows total
Execution info: [PARSE: 88 µs 899 ns, SQL TRANSLATE: 285 µs 467 ns, OPTIMIZE: 23 ms 461 µs, LQP TRANSLATE: 557 µs 654 ns, EXECUTE: 1 s 277 ms (wall time) | QUERY PLAN CACHE HITS: 0/1 statement(s)]
After reset, table use_count: 2
WARNING: Table still has 1 other owner(s) after pipeline reset!
Executing script file done
$:hsh clear_plan_caches
Cleared PQP and LQP caches
$:hsh clear_pipeline
Released last SQLPipeline
$:hsh reset_exec_pools
Reset execution pools (2, 3) bump pointers to start
$:hsh mem_usage
------------------------------------------
Memory Usage Statistics:
VmSize:	304767944 kB
VmRSS:	76231644 kB
1: MemResourceStatus {MigratedColumnsAggregate,18446744073709551615,63541608448,52888587462,0,0,1,N/A}
MemResourceStatus {DefaultResource,18446744073709551615,18446744073709551615,18446744047483138267,18446744073709105478,0,-1,N/A}
Quick Memory Usage Overview:
Used Capacity: 0, 52888587462
------------------------------------------
Executing script file: /home/umeshsum/tpch_queries/7.sql
[32m(release)[0m> select
[32m(release)[0m> 	supp_nation,
[32m(release)[0m> 	cust_nation,
[32m(release)[0m> 	l_year,
[32m(release)[0m> 	sum(volume) as revenue
[32m(release)[0m> from
[32m(release)[0m> 	(
[32m(release)[0m> 		select
[32m(release)[0m> 			n1.n_name as supp_nation,
[32m(release)[0m> 			n2.n_name as cust_nation,
[32m(release)[0m> 			extract(year from l_shipdate) as l_year,
[32m(release)[0m> 			l_extendedprice * (1 - l_discount) as volume
[32m(release)[0m> 		from
[32m(release)[0m> 			supplier,
[32m(release)[0m> 			lineitem,
[32m(release)[0m> 			orders,
[32m(release)[0m> 			customer,
[32m(release)[0m> 			nation n1,
[32m(release)[0m> 			nation n2
[32m(release)[0m> 		where
[32m(release)[0m> 			s_suppkey = l_suppkey
[32m(release)[0m> 			and o_orderkey = l_orderkey
[32m(release)[0m> 			and c_custkey = o_custkey
[32m(release)[0m> 			and s_nationkey = n1.n_nationkey
[32m(release)[0m> 			and c_nationkey = n2.n_nationkey
[32m(release)[0m> 			and (
[32m(release)[0m> 				(n1.n_name = 'FRANCE' and n2.n_name = 'GERMANY')
[32m(release)[0m> 				or (n1.n_name = 'GERMANY' and n2.n_name = 'FRANCE')
[32m(release)[0m> 			)
[32m(release)[0m> 			and l_shipdate between date '1995-01-01' and date '1996-12-31'
[32m(release)[0m> 	) as shipping
[32m(release)[0m> group by
[32m(release)[0m> 	supp_nation,
[32m(release)[0m> 	cust_nation,
[32m(release)[0m> 	l_year
[32m(release)[0m> order by
[32m(release)[0m> 	supp_nation,
[32m(release)[0m> 	cust_nation,
[32m(release)[0m> 	l_year;
VmRSS Change: 18446744073709130904 KB
===
4 rows total
Execution info: [PARSE: 90 µs 159 ns, SQL TRANSLATE: 286 µs 667 ns, OPTIMIZE: 23 ms 585 µs, LQP TRANSLATE: 552 µs 745 ns, EXECUTE: 1 s 276 ms (wall time) | QUERY PLAN CACHE HITS: 0/1 statement(s)]
After reset, table use_count: 2
WARNING: Table still has 1 other owner(s) after pipeline reset!
Executing script file done
$:hsh clear_plan_caches
Cleared PQP and LQP caches
$:hsh clear_pipeline
Released last SQLPipeline
$:hsh reset_exec_pools
Reset execution pools (2, 3) bump pointers to start
$:hsh mem_usage
------------------------------------------
Memory Usage Statistics:
VmSize:	304767944 kB
VmRSS:	75810944 kB
1: MemResourceStatus {MigratedColumnsAggregate,18446744073709551615,63541608448,52888587462,0,0,1,N/A}
MemResourceStatus {DefaultResource,18446744073709551615,18446744073709551615,18446744047396591231,18446744073709105478,0,-1,N/A}
Quick Memory Usage Overview:
Used Capacity: 0, 52888587462
------------------------------------------
Executing script file: /home/umeshsum/tpch_queries/7.sql
[32m(release)[0m> select
[32m(release)[0m> 	supp_nation,
[32m(release)[0m> 	cust_nation,
[32m(release)[0m> 	l_year,
[32m(release)[0m> 	sum(volume) as revenue
[32m(release)[0m> from
[32m(release)[0m> 	(
[32m(release)[0m> 		select
[32m(release)[0m> 			n1.n_name as supp_nation,
[32m(release)[0m> 			n2.n_name as cust_nation,
[32m(release)[0m> 			extract(year from l_shipdate) as l_year,
[32m(release)[0m> 			l_extendedprice * (1 - l_discount) as volume
[32m(release)[0m> 		from
[32m(release)[0m> 			supplier,
[32m(release)[0m> 			lineitem,
[32m(release)[0m> 			orders,
[32m(release)[0m> 			customer,
[32m(release)[0m> 			nation n1,
[32m(release)[0m> 			nation n2
[32m(release)[0m> 		where
[32m(release)[0m> 			s_suppkey = l_suppkey
[32m(release)[0m> 			and o_orderkey = l_orderkey
[32m(release)[0m> 			and c_custkey = o_custkey
[32m(release)[0m> 			and s_nationkey = n1.n_nationkey
[32m(release)[0m> 			and c_nationkey = n2.n_nationkey
[32m(release)[0m> 			and (
[32m(release)[0m> 				(n1.n_name = 'FRANCE' and n2.n_name = 'GERMANY')
[32m(release)[0m> 				or (n1.n_name = 'GERMANY' and n2.n_name = 'FRANCE')
[32m(release)[0m> 			)
[32m(release)[0m> 			and l_shipdate between date '1995-01-01' and date '1996-12-31'
[32m(release)[0m> 	) as shipping
[32m(release)[0m> group by
[32m(release)[0m> 	supp_nation,
[32m(release)[0m> 	cust_nation,
[32m(release)[0m> 	l_year
[32m(release)[0m> order by
[32m(release)[0m> 	supp_nation,
[32m(release)[0m> 	cust_nation,
[32m(release)[0m> 	l_year;
VmRSS Change: 47696 KB
===
4 rows total
Execution info: [PARSE: 89 µs 489 ns, SQL TRANSLATE: 283 µs 827 ns, OPTIMIZE: 23 ms 655 µs, LQP TRANSLATE: 555 µs 514 ns, EXECUTE: 1 s 269 ms (wall time) | QUERY PLAN CACHE HITS: 0/1 statement(s)]
After reset, table use_count: 2
WARNING: Table still has 1 other owner(s) after pipeline reset!
Executing script file done
$:hsh clear_plan_caches
Cleared PQP and LQP caches
$:hsh clear_pipeline
Released last SQLPipeline
$:hsh reset_exec_pools
Reset execution pools (2, 3) bump pointers to start
$:hsh mem_usage
------------------------------------------
Memory Usage Statistics:
VmSize:	304767944 kB
VmRSS:	75858632 kB
1: MemResourceStatus {MigratedColumnsAggregate,18446744073709551615,63541608448,52888587462,0,0,1,N/A}
MemResourceStatus {DefaultResource,18446744073709551615,18446744073709551615,18446744047324437631,18446744073709105478,0,-1,N/A}
Quick Memory Usage Overview:
Used Capacity: 0, 52888587462
------------------------------------------
Label set to d0_tf0_q8
$:hsh clear_plan_caches
Cleared PQP and LQP caches
$:hsh clear_pipeline
Released last SQLPipeline
$:hsh reset_exec_pools
Reset execution pools (2, 3) bump pointers to start
$:hsh mem_usage
------------------------------------------
Memory Usage Statistics:
VmSize:	304767944 kB
VmRSS:	75858568 kB
1: MemResourceStatus {MigratedColumnsAggregate,18446744073709551615,63541608448,52888587462,0,0,1,N/A}
MemResourceStatus {DefaultResource,18446744073709551615,18446744073709551615,18446744047324437631,18446744073709105478,0,-1,N/A}
Quick Memory Usage Overview:
Used Capacity: 0, 52888587462
------------------------------------------
Executing script file: /home/umeshsum/tpch_queries/8.sql
[32m(release)[0m> select
[32m(release)[0m> 	o_year,
[32m(release)[0m> 	sum(case
[32m(release)[0m> 		when nation = 'BRAZIL' then volume
[32m(release)[0m> 		else 0
[32m(release)[0m> 	end) / sum(volume) as mkt_share
[32m(release)[0m> from
[32m(release)[0m> 	(
[32m(release)[0m> 		select
[32m(release)[0m> 			extract(year from o_orderdate) as o_year,
[32m(release)[0m> 			l_extendedprice * (1 - l_discount) as volume,
[32m(release)[0m> 			n2.n_name as nation
[32m(release)[0m> 		from
[32m(release)[0m> 			part,
[32m(release)[0m> 			supplier,
[32m(release)[0m> 			lineitem,
[32m(release)[0m> 			orders,
[32m(release)[0m> 			customer,
[32m(release)[0m> 			nation n1,
[32m(release)[0m> 			nation n2,
[32m(release)[0m> 			region
[32m(release)[0m> 		where
[32m(release)[0m> 			p_partkey = l_partkey
[32m(release)[0m> 			and s_suppkey = l_suppkey
[32m(release)[0m> 			and l_orderkey = o_orderkey
[32m(release)[0m> 			and o_custkey = c_custkey
[32m(release)[0m> 			and c_nationkey = n1.n_nationkey
[32m(release)[0m> 			and n1.n_regionkey = r_regionkey
[32m(release)[0m> 			and r_name = 'AMERICA'
[32m(release)[0m> 			and s_nationkey = n2.n_nationkey
[32m(release)[0m> 			and o_orderdate between date '1995-01-01' and date '1996-12-31'
[32m(release)[0m> 			and p_type = 'ECONOMY ANODIZED STEEL'
[32m(release)[0m> 	) as all_nations
[32m(release)[0m> group by
[32m(release)[0m> 	o_year
[32m(release)[0m> order by
[32m(release)[0m> 	o_year;
VmRSS Change: 18446744073708886524 KB
===
2 rows total
Execution info: [PARSE: 86 µs 419 ns, SQL TRANSLATE: 344 µs 667 ns, OPTIMIZE: 11 ms 223 µs, LQP TRANSLATE: 372 µs 396 ns, EXECUTE: 869 ms 110 µs (wall time) | QUERY PLAN CACHE HITS: 0/1 statement(s)]
After reset, table use_count: 2
WARNING: Table still has 1 other owner(s) after pipeline reset!
Executing script file done
$:hsh clear_plan_caches
Cleared PQP and LQP caches
$:hsh clear_pipeline
Released last SQLPipeline
$:hsh reset_exec_pools
Reset execution pools (2, 3) bump pointers to start
$:hsh mem_usage
------------------------------------------
Memory Usage Statistics:
VmSize:	304767944 kB
VmRSS:	75193484 kB
1: MemResourceStatus {MigratedColumnsAggregate,18446744073709551615,63541608448,52888587462,0,0,1,N/A}
MemResourceStatus {DefaultResource,18446744073709551615,18446744073709551615,18446744047429173162,18446744073709105478,0,-1,N/A}
Quick Memory Usage Overview:
Used Capacity: 0, 52888587462
------------------------------------------
Executing script file: /home/umeshsum/tpch_queries/8.sql
[32m(release)[0m> select
[32m(release)[0m> 	o_year,
[32m(release)[0m> 	sum(case
[32m(release)[0m> 		when nation = 'BRAZIL' then volume
[32m(release)[0m> 		else 0
[32m(release)[0m> 	end) / sum(volume) as mkt_share
[32m(release)[0m> from
[32m(release)[0m> 	(
[32m(release)[0m> 		select
[32m(release)[0m> 			extract(year from o_orderdate) as o_year,
[32m(release)[0m> 			l_extendedprice * (1 - l_discount) as volume,
[32m(release)[0m> 			n2.n_name as nation
[32m(release)[0m> 		from
[32m(release)[0m> 			part,
[32m(release)[0m> 			supplier,
[32m(release)[0m> 			lineitem,
[32m(release)[0m> 			orders,
[32m(release)[0m> 			customer,
[32m(release)[0m> 			nation n1,
[32m(release)[0m> 			nation n2,
[32m(release)[0m> 			region
[32m(release)[0m> 		where
[32m(release)[0m> 			p_partkey = l_partkey
[32m(release)[0m> 			and s_suppkey = l_suppkey
[32m(release)[0m> 			and l_orderkey = o_orderkey
[32m(release)[0m> 			and o_custkey = c_custkey
[32m(release)[0m> 			and c_nationkey = n1.n_nationkey
[32m(release)[0m> 			and n1.n_regionkey = r_regionkey
[32m(release)[0m> 			and r_name = 'AMERICA'
[32m(release)[0m> 			and s_nationkey = n2.n_nationkey
[32m(release)[0m> 			and o_orderdate between date '1995-01-01' and date '1996-12-31'
[32m(release)[0m> 			and p_type = 'ECONOMY ANODIZED STEEL'
[32m(release)[0m> 	) as all_nations
[32m(release)[0m> group by
[32m(release)[0m> 	o_year
[32m(release)[0m> order by
[32m(release)[0m> 	o_year;
VmRSS Change: 102188 KB
===
2 rows total
Execution info: [PARSE: 88 µs 289 ns, SQL TRANSLATE: 328 µs 416 ns, OPTIMIZE: 10 ms 954 µs, LQP TRANSLATE: 380 µs 316 ns, EXECUTE: 800 ms 806 µs (wall time) | QUERY PLAN CACHE HITS: 0/1 statement(s)]
After reset, table use_count: 2
WARNING: Table still has 1 other owner(s) after pipeline reset!
Executing script file done
$:hsh clear_plan_caches
Cleared PQP and LQP caches
$:hsh clear_pipeline
Released last SQLPipeline
$:hsh reset_exec_pools
Reset execution pools (2, 3) bump pointers to start
$:hsh mem_usage
------------------------------------------
Memory Usage Statistics:
VmSize:	304767944 kB
VmRSS:	75295608 kB
1: MemResourceStatus {MigratedColumnsAggregate,18446744073709551615,63541608448,52888587462,0,0,1,N/A}
MemResourceStatus {DefaultResource,18446744073709551615,18446744073709551615,18446744047532180314,18446744073709105478,0,-1,N/A}
Quick Memory Usage Overview:
Used Capacity: 0, 52888587462
------------------------------------------
Executing script file: /home/umeshsum/tpch_queries/8.sql
[32m(release)[0m> select
[32m(release)[0m> 	o_year,
[32m(release)[0m> 	sum(case
[32m(release)[0m> 		when nation = 'BRAZIL' then volume
[32m(release)[0m> 		else 0
[32m(release)[0m> 	end) / sum(volume) as mkt_share
[32m(release)[0m> from
[32m(release)[0m> 	(
[32m(release)[0m> 		select
[32m(release)[0m> 			extract(year from o_orderdate) as o_year,
[32m(release)[0m> 			l_extendedprice * (1 - l_discount) as volume,
[32m(release)[0m> 			n2.n_name as nation
[32m(release)[0m> 		from
[32m(release)[0m> 			part,
[32m(release)[0m> 			supplier,
[32m(release)[0m> 			lineitem,
[32m(release)[0m> 			orders,
[32m(release)[0m> 			customer,
[32m(release)[0m> 			nation n1,
[32m(release)[0m> 			nation n2,
[32m(release)[0m> 			region
[32m(release)[0m> 		where
[32m(release)[0m> 			p_partkey = l_partkey
[32m(release)[0m> 			and s_suppkey = l_suppkey
[32m(release)[0m> 			and l_orderkey = o_orderkey
[32m(release)[0m> 			and o_custkey = c_custkey
[32m(release)[0m> 			and c_nationkey = n1.n_nationkey
[32m(release)[0m> 			and n1.n_regionkey = r_regionkey
[32m(release)[0m> 			and r_name = 'AMERICA'
[32m(release)[0m> 			and s_nationkey = n2.n_nationkey
[32m(release)[0m> 			and o_orderdate between date '1995-01-01' and date '1996-12-31'
[32m(release)[0m> 			and p_type = 'ECONOMY ANODIZED STEEL'
[32m(release)[0m> 	) as all_nations
[32m(release)[0m> group by
[32m(release)[0m> 	o_year
[32m(release)[0m> order by
[32m(release)[0m> 	o_year;
VmRSS Change: 18446744073709167080 KB
===
2 rows total
Execution info: [PARSE: 90 µs 539 ns, SQL TRANSLATE: 328 µs 637 ns, OPTIMIZE: 11 ms 236 µs, LQP TRANSLATE: 370 µs 466 ns, EXECUTE: 831 ms 479 µs (wall time) | QUERY PLAN CACHE HITS: 0/1 statement(s)]
After reset, table use_count: 2
WARNING: Table still has 1 other owner(s) after pipeline reset!
Executing script file done
$:hsh clear_plan_caches
Cleared PQP and LQP caches
$:hsh clear_pipeline
Released last SQLPipeline
$:hsh reset_exec_pools
Reset execution pools (2, 3) bump pointers to start
$:hsh mem_usage
------------------------------------------
Memory Usage Statistics:
VmSize:	304767944 kB
VmRSS:	74911016 kB
1: MemResourceStatus {MigratedColumnsAggregate,18446744073709551615,63541608448,52888587462,0,0,1,N/A}
MemResourceStatus {DefaultResource,18446744073709551615,18446744073709551615,18446744047586727030,18446744073709105478,0,-1,N/A}
Quick Memory Usage Overview:
Used Capacity: 0, 52888587462
------------------------------------------
Executing script file: /home/umeshsum/tpch_queries/8.sql
[32m(release)[0m> select
[32m(release)[0m> 	o_year,
[32m(release)[0m> 	sum(case
[32m(release)[0m> 		when nation = 'BRAZIL' then volume
[32m(release)[0m> 		else 0
[32m(release)[0m> 	end) / sum(volume) as mkt_share
[32m(release)[0m> from
[32m(release)[0m> 	(
[32m(release)[0m> 		select
[32m(release)[0m> 			extract(year from o_orderdate) as o_year,
[32m(release)[0m> 			l_extendedprice * (1 - l_discount) as volume,
[32m(release)[0m> 			n2.n_name as nation
[32m(release)[0m> 		from
[32m(release)[0m> 			part,
[32m(release)[0m> 			supplier,
[32m(release)[0m> 			lineitem,
[32m(release)[0m> 			orders,
[32m(release)[0m> 			customer,
[32m(release)[0m> 			nation n1,
[32m(release)[0m> 			nation n2,
[32m(release)[0m> 			region
[32m(release)[0m> 		where
[32m(release)[0m> 			p_partkey = l_partkey
[32m(release)[0m> 			and s_suppkey = l_suppkey
[32m(release)[0m> 			and l_orderkey = o_orderkey
[32m(release)[0m> 			and o_custkey = c_custkey
[32m(release)[0m> 			and c_nationkey = n1.n_nationkey
[32m(release)[0m> 			and n1.n_regionkey = r_regionkey
[32m(release)[0m> 			and r_name = 'AMERICA'
[32m(release)[0m> 			and s_nationkey = n2.n_nationkey
[32m(release)[0m> 			and o_orderdate between date '1995-01-01' and date '1996-12-31'
[32m(release)[0m> 			and p_type = 'ECONOMY ANODIZED STEEL'
[32m(release)[0m> 	) as all_nations
[32m(release)[0m> group by
[32m(release)[0m> 	o_year
[32m(release)[0m> order by
[32m(release)[0m> 	o_year;
VmRSS Change: 242396 KB
===
2 rows total
Execution info: [PARSE: 88 µs 309 ns, SQL TRANSLATE: 352 µs 836 ns, OPTIMIZE: 10 ms 969 µs, LQP TRANSLATE: 369 µs 707 ns, EXECUTE: 806 ms 656 µs (wall time) | QUERY PLAN CACHE HITS: 0/1 statement(s)]
After reset, table use_count: 2
WARNING: Table still has 1 other owner(s) after pipeline reset!
Executing script file done
$:hsh clear_plan_caches
Cleared PQP and LQP caches
$:hsh clear_pipeline
Released last SQLPipeline
$:hsh reset_exec_pools
Reset execution pools (2, 3) bump pointers to start
$:hsh mem_usage
------------------------------------------
Memory Usage Statistics:
VmSize:	304767944 kB
VmRSS:	75153428 kB
1: MemResourceStatus {MigratedColumnsAggregate,18446744073709551615,63541608448,52888587462,0,0,1,N/A}
MemResourceStatus {DefaultResource,18446744073709551615,18446744073709551615,18446744047673110293,18446744073709105478,0,-1,N/A}
Quick Memory Usage Overview:
Used Capacity: 0, 52888587462
------------------------------------------
Executing script file: /home/umeshsum/tpch_queries/8.sql
[32m(release)[0m> select
[32m(release)[0m> 	o_year,
[32m(release)[0m> 	sum(case
[32m(release)[0m> 		when nation = 'BRAZIL' then volume
[32m(release)[0m> 		else 0
[32m(release)[0m> 	end) / sum(volume) as mkt_share
[32m(release)[0m> from
[32m(release)[0m> 	(
[32m(release)[0m> 		select
[32m(release)[0m> 			extract(year from o_orderdate) as o_year,
[32m(release)[0m> 			l_extendedprice * (1 - l_discount) as volume,
[32m(release)[0m> 			n2.n_name as nation
[32m(release)[0m> 		from
[32m(release)[0m> 			part,
[32m(release)[0m> 			supplier,
[32m(release)[0m> 			lineitem,
[32m(release)[0m> 			orders,
[32m(release)[0m> 			customer,
[32m(release)[0m> 			nation n1,
[32m(release)[0m> 			nation n2,
[32m(release)[0m> 			region
[32m(release)[0m> 		where
[32m(release)[0m> 			p_partkey = l_partkey
[32m(release)[0m> 			and s_suppkey = l_suppkey
[32m(release)[0m> 			and l_orderkey = o_orderkey
[32m(release)[0m> 			and o_custkey = c_custkey
[32m(release)[0m> 			and c_nationkey = n1.n_nationkey
[32m(release)[0m> 			and n1.n_regionkey = r_regionkey
[32m(release)[0m> 			and r_name = 'AMERICA'
[32m(release)[0m> 			and s_nationkey = n2.n_nationkey
[32m(release)[0m> 			and o_orderdate between date '1995-01-01' and date '1996-12-31'
[32m(release)[0m> 			and p_type = 'ECONOMY ANODIZED STEEL'
[32m(release)[0m> 	) as all_nations
[32m(release)[0m> group by
[32m(release)[0m> 	o_year
[32m(release)[0m> order by
[32m(release)[0m> 	o_year;
VmRSS Change: 18446744073709293260 KB
===
2 rows total
Execution info: [PARSE: 90 µs 99 ns, SQL TRANSLATE: 354 µs 857 ns, OPTIMIZE: 10 ms 975 µs, LQP TRANSLATE: 363 µs 836 ns, EXECUTE: 789 ms 773 µs (wall time) | QUERY PLAN CACHE HITS: 0/1 statement(s)]
After reset, table use_count: 2
WARNING: Table still has 1 other owner(s) after pipeline reset!
Executing script file done
$:hsh clear_plan_caches
Cleared PQP and LQP caches
$:hsh clear_pipeline
Released last SQLPipeline
$:hsh reset_exec_pools
Reset execution pools (2, 3) bump pointers to start
$:hsh mem_usage
------------------------------------------
Memory Usage Statistics:
VmSize:	304767944 kB
VmRSS:	74895084 kB
1: MemResourceStatus {MigratedColumnsAggregate,18446744073709551615,63541608448,52888587462,0,0,1,N/A}
MemResourceStatus {DefaultResource,18446744073709551615,18446744073709551615,18446744047697968666,18446744073709105478,0,-1,N/A}
Quick Memory Usage Overview:
Used Capacity: 0, 52888587462
------------------------------------------
Executing script file: /home/umeshsum/tpch_queries/8.sql
[32m(release)[0m> select
[32m(release)[0m> 	o_year,
[32m(release)[0m> 	sum(case
[32m(release)[0m> 		when nation = 'BRAZIL' then volume
[32m(release)[0m> 		else 0
[32m(release)[0m> 	end) / sum(volume) as mkt_share
[32m(release)[0m> from
[32m(release)[0m> 	(
[32m(release)[0m> 		select
[32m(release)[0m> 			extract(year from o_orderdate) as o_year,
[32m(release)[0m> 			l_extendedprice * (1 - l_discount) as volume,
[32m(release)[0m> 			n2.n_name as nation
[32m(release)[0m> 		from
[32m(release)[0m> 			part,
[32m(release)[0m> 			supplier,
[32m(release)[0m> 			lineitem,
[32m(release)[0m> 			orders,
[32m(release)[0m> 			customer,
[32m(release)[0m> 			nation n1,
[32m(release)[0m> 			nation n2,
[32m(release)[0m> 			region
[32m(release)[0m> 		where
[32m(release)[0m> 			p_partkey = l_partkey
[32m(release)[0m> 			and s_suppkey = l_suppkey
[32m(release)[0m> 			and l_orderkey = o_orderkey
[32m(release)[0m> 			and o_custkey = c_custkey
[32m(release)[0m> 			and c_nationkey = n1.n_nationkey
[32m(release)[0m> 			and n1.n_regionkey = r_regionkey
[32m(release)[0m> 			and r_name = 'AMERICA'
[32m(release)[0m> 			and s_nationkey = n2.n_nationkey
[32m(release)[0m> 			and o_orderdate between date '1995-01-01' and date '1996-12-31'
[32m(release)[0m> 			and p_type = 'ECONOMY ANODIZED STEEL'
[32m(release)[0m> 	) as all_nations
[32m(release)[0m> group by
[32m(release)[0m> 	o_year
[32m(release)[0m> order by
[32m(release)[0m> 	o_year;
VmRSS Change: 18446744073709528844 KB
===
2 rows total
Execution info: [PARSE: 85 µs 9 ns, SQL TRANSLATE: 353 µs 336 ns, OPTIMIZE: 10 ms 973 µs, LQP TRANSLATE: 364 µs 996 ns, EXECUTE: 835 ms 299 µs (wall time) | QUERY PLAN CACHE HITS: 0/1 statement(s)]
After reset, table use_count: 2
WARNING: Table still has 1 other owner(s) after pipeline reset!
Executing script file done
$:hsh clear_plan_caches
Cleared PQP and LQP caches
$:hsh clear_pipeline
Released last SQLPipeline
$:hsh reset_exec_pools
Reset execution pools (2, 3) bump pointers to start
$:hsh mem_usage
------------------------------------------
Memory Usage Statistics:
VmSize:	304767944 kB
VmRSS:	74872320 kB
1: MemResourceStatus {MigratedColumnsAggregate,18446744073709551615,63541608448,52888587462,0,0,1,N/A}
MemResourceStatus {DefaultResource,18446744073709551615,18446744073709551615,18446744047759689447,18446744073709105478,0,-1,N/A}
Quick Memory Usage Overview:
Used Capacity: 0, 52888587462
------------------------------------------
Executing script file: /home/umeshsum/tpch_queries/8.sql
[32m(release)[0m> select
[32m(release)[0m> 	o_year,
[32m(release)[0m> 	sum(case
[32m(release)[0m> 		when nation = 'BRAZIL' then volume
[32m(release)[0m> 		else 0
[32m(release)[0m> 	end) / sum(volume) as mkt_share
[32m(release)[0m> from
[32m(release)[0m> 	(
[32m(release)[0m> 		select
[32m(release)[0m> 			extract(year from o_orderdate) as o_year,
[32m(release)[0m> 			l_extendedprice * (1 - l_discount) as volume,
[32m(release)[0m> 			n2.n_name as nation
[32m(release)[0m> 		from
[32m(release)[0m> 			part,
[32m(release)[0m> 			supplier,
[32m(release)[0m> 			lineitem,
[32m(release)[0m> 			orders,
[32m(release)[0m> 			customer,
[32m(release)[0m> 			nation n1,
[32m(release)[0m> 			nation n2,
[32m(release)[0m> 			region
[32m(release)[0m> 		where
[32m(release)[0m> 			p_partkey = l_partkey
[32m(release)[0m> 			and s_suppkey = l_suppkey
[32m(release)[0m> 			and l_orderkey = o_orderkey
[32m(release)[0m> 			and o_custkey = c_custkey
[32m(release)[0m> 			and c_nationkey = n1.n_nationkey
[32m(release)[0m> 			and n1.n_regionkey = r_regionkey
[32m(release)[0m> 			and r_name = 'AMERICA'
[32m(release)[0m> 			and s_nationkey = n2.n_nationkey
[32m(release)[0m> 			and o_orderdate between date '1995-01-01' and date '1996-12-31'
[32m(release)[0m> 			and p_type = 'ECONOMY ANODIZED STEEL'
[32m(release)[0m> 	) as all_nations
[32m(release)[0m> group by
[32m(release)[0m> 	o_year
[32m(release)[0m> order by
[32m(release)[0m> 	o_year;
VmRSS Change: 193228 KB
===
2 rows total
Execution info: [PARSE: 87 µs 189 ns, SQL TRANSLATE: 325 µs 917 ns, OPTIMIZE: 10 ms 920 µs, LQP TRANSLATE: 367 µs 936 ns, EXECUTE: 877 ms 557 µs (wall time) | QUERY PLAN CACHE HITS: 0/1 statement(s)]
After reset, table use_count: 2
WARNING: Table still has 1 other owner(s) after pipeline reset!
Executing script file done
$:hsh clear_plan_caches
Cleared PQP and LQP caches
$:hsh clear_pipeline
Released last SQLPipeline
$:hsh reset_exec_pools
Reset execution pools (2, 3) bump pointers to start
$:hsh mem_usage
------------------------------------------
Memory Usage Statistics:
VmSize:	304767944 kB
VmRSS:	75065548 kB
1: MemResourceStatus {MigratedColumnsAggregate,18446744073709551615,63541608448,52888587462,0,0,1,N/A}
MemResourceStatus {DefaultResource,18446744073709551615,18446744073709551615,18446744047821545144,18446744073709105478,0,-1,N/A}
Quick Memory Usage Overview:
Used Capacity: 0, 52888587462
------------------------------------------
Executing script file: /home/umeshsum/tpch_queries/8.sql
[32m(release)[0m> select
[32m(release)[0m> 	o_year,
[32m(release)[0m> 	sum(case
[32m(release)[0m> 		when nation = 'BRAZIL' then volume
[32m(release)[0m> 		else 0
[32m(release)[0m> 	end) / sum(volume) as mkt_share
[32m(release)[0m> from
[32m(release)[0m> 	(
[32m(release)[0m> 		select
[32m(release)[0m> 			extract(year from o_orderdate) as o_year,
[32m(release)[0m> 			l_extendedprice * (1 - l_discount) as volume,
[32m(release)[0m> 			n2.n_name as nation
[32m(release)[0m> 		from
[32m(release)[0m> 			part,
[32m(release)[0m> 			supplier,
[32m(release)[0m> 			lineitem,
[32m(release)[0m> 			orders,
[32m(release)[0m> 			customer,
[32m(release)[0m> 			nation n1,
[32m(release)[0m> 			nation n2,
[32m(release)[0m> 			region
[32m(release)[0m> 		where
[32m(release)[0m> 			p_partkey = l_partkey
[32m(release)[0m> 			and s_suppkey = l_suppkey
[32m(release)[0m> 			and l_orderkey = o_orderkey
[32m(release)[0m> 			and o_custkey = c_custkey
[32m(release)[0m> 			and c_nationkey = n1.n_nationkey
[32m(release)[0m> 			and n1.n_regionkey = r_regionkey
[32m(release)[0m> 			and r_name = 'AMERICA'
[32m(release)[0m> 			and s_nationkey = n2.n_nationkey
[32m(release)[0m> 			and o_orderdate between date '1995-01-01' and date '1996-12-31'
[32m(release)[0m> 			and p_type = 'ECONOMY ANODIZED STEEL'
[32m(release)[0m> 	) as all_nations
[32m(release)[0m> group by
[32m(release)[0m> 	o_year
[32m(release)[0m> order by
[32m(release)[0m> 	o_year;
VmRSS Change: 6584 KB
===
2 rows total
Execution info: [PARSE: 88 µs 789 ns, SQL TRANSLATE: 336 µs 846 ns, OPTIMIZE: 11 ms 131 µs, LQP TRANSLATE: 361 µs 546 ns, EXECUTE: 881 ms 95 µs (wall time) | QUERY PLAN CACHE HITS: 0/1 statement(s)]
After reset, table use_count: 2
WARNING: Table still has 1 other owner(s) after pipeline reset!
Executing script file done
$:hsh clear_plan_caches
Cleared PQP and LQP caches
$:hsh clear_pipeline
Released last SQLPipeline
$:hsh reset_exec_pools
Reset execution pools (2, 3) bump pointers to start
$:hsh mem_usage
------------------------------------------
Memory Usage Statistics:
VmSize:	304767944 kB
VmRSS:	75072140 kB
1: MemResourceStatus {MigratedColumnsAggregate,18446744073709551615,63541608448,52888587462,0,0,1,N/A}
MemResourceStatus {DefaultResource,18446744073709551615,18446744073709551615,18446744047884561210,18446744073709105478,0,-1,N/A}
Quick Memory Usage Overview:
Used Capacity: 0, 52888587462
------------------------------------------
Executing script file: /home/umeshsum/tpch_queries/8.sql
[32m(release)[0m> select
[32m(release)[0m> 	o_year,
[32m(release)[0m> 	sum(case
[32m(release)[0m> 		when nation = 'BRAZIL' then volume
[32m(release)[0m> 		else 0
[32m(release)[0m> 	end) / sum(volume) as mkt_share
[32m(release)[0m> from
[32m(release)[0m> 	(
[32m(release)[0m> 		select
[32m(release)[0m> 			extract(year from o_orderdate) as o_year,
[32m(release)[0m> 			l_extendedprice * (1 - l_discount) as volume,
[32m(release)[0m> 			n2.n_name as nation
[32m(release)[0m> 		from
[32m(release)[0m> 			part,
[32m(release)[0m> 			supplier,
[32m(release)[0m> 			lineitem,
[32m(release)[0m> 			orders,
[32m(release)[0m> 			customer,
[32m(release)[0m> 			nation n1,
[32m(release)[0m> 			nation n2,
[32m(release)[0m> 			region
[32m(release)[0m> 		where
[32m(release)[0m> 			p_partkey = l_partkey
[32m(release)[0m> 			and s_suppkey = l_suppkey
[32m(release)[0m> 			and l_orderkey = o_orderkey
[32m(release)[0m> 			and o_custkey = c_custkey
[32m(release)[0m> 			and c_nationkey = n1.n_nationkey
[32m(release)[0m> 			and n1.n_regionkey = r_regionkey
[32m(release)[0m> 			and r_name = 'AMERICA'
[32m(release)[0m> 			and s_nationkey = n2.n_nationkey
[32m(release)[0m> 			and o_orderdate between date '1995-01-01' and date '1996-12-31'
[32m(release)[0m> 			and p_type = 'ECONOMY ANODIZED STEEL'
[32m(release)[0m> 	) as all_nations
[32m(release)[0m> group by
[32m(release)[0m> 	o_year
[32m(release)[0m> order by
[32m(release)[0m> 	o_year;
VmRSS Change: 81508 KB
===
2 rows total
Execution info: [PARSE: 87 µs 979 ns, SQL TRANSLATE: 352 µs 467 ns, OPTIMIZE: 10 ms 993 µs, LQP TRANSLATE: 369 µs 557 ns, EXECUTE: 802 ms 725 µs (wall time) | QUERY PLAN CACHE HITS: 0/1 statement(s)]
After reset, table use_count: 2
WARNING: Table still has 1 other owner(s) after pipeline reset!
Executing script file done
$:hsh clear_plan_caches
Cleared PQP and LQP caches
$:hsh clear_pipeline
Released last SQLPipeline
$:hsh reset_exec_pools
Reset execution pools (2, 3) bump pointers to start
$:hsh mem_usage
------------------------------------------
Memory Usage Statistics:
VmSize:	304767944 kB
VmRSS:	75153652 kB
1: MemResourceStatus {MigratedColumnsAggregate,18446744073709551615,63541608448,52888587462,0,0,1,N/A}
MemResourceStatus {DefaultResource,18446744073709551615,18446744073709551615,18446744048037734363,18446744073709105478,0,-1,N/A}
Quick Memory Usage Overview:
Used Capacity: 0, 52888587462
------------------------------------------
Executing script file: /home/umeshsum/tpch_queries/8.sql
[32m(release)[0m> select
[32m(release)[0m> 	o_year,
[32m(release)[0m> 	sum(case
[32m(release)[0m> 		when nation = 'BRAZIL' then volume
[32m(release)[0m> 		else 0
[32m(release)[0m> 	end) / sum(volume) as mkt_share
[32m(release)[0m> from
[32m(release)[0m> 	(
[32m(release)[0m> 		select
[32m(release)[0m> 			extract(year from o_orderdate) as o_year,
[32m(release)[0m> 			l_extendedprice * (1 - l_discount) as volume,
[32m(release)[0m> 			n2.n_name as nation
[32m(release)[0m> 		from
[32m(release)[0m> 			part,
[32m(release)[0m> 			supplier,
[32m(release)[0m> 			lineitem,
[32m(release)[0m> 			orders,
[32m(release)[0m> 			customer,
[32m(release)[0m> 			nation n1,
[32m(release)[0m> 			nation n2,
[32m(release)[0m> 			region
[32m(release)[0m> 		where
[32m(release)[0m> 			p_partkey = l_partkey
[32m(release)[0m> 			and s_suppkey = l_suppkey
[32m(release)[0m> 			and l_orderkey = o_orderkey
[32m(release)[0m> 			and o_custkey = c_custkey
[32m(release)[0m> 			and c_nationkey = n1.n_nationkey
[32m(release)[0m> 			and n1.n_regionkey = r_regionkey
[32m(release)[0m> 			and r_name = 'AMERICA'
[32m(release)[0m> 			and s_nationkey = n2.n_nationkey
[32m(release)[0m> 			and o_orderdate between date '1995-01-01' and date '1996-12-31'
[32m(release)[0m> 			and p_type = 'ECONOMY ANODIZED STEEL'
[32m(release)[0m> 	) as all_nations
[32m(release)[0m> group by
[32m(release)[0m> 	o_year
[32m(release)[0m> order by
[32m(release)[0m> 	o_year;
VmRSS Change: 18446744073709406320 KB
===
2 rows total
Execution info: [PARSE: 84 µs 769 ns, SQL TRANSLATE: 330 µs 157 ns, OPTIMIZE: 10 ms 980 µs, LQP TRANSLATE: 363 µs 6 ns, EXECUTE: 806 ms 17 µs (wall time) | QUERY PLAN CACHE HITS: 0/1 statement(s)]
After reset, table use_count: 2
WARNING: Table still has 1 other owner(s) after pipeline reset!
Executing script file done
$:hsh clear_plan_caches
Cleared PQP and LQP caches
$:hsh clear_pipeline
Released last SQLPipeline
$:hsh reset_exec_pools
Reset execution pools (2, 3) bump pointers to start
$:hsh mem_usage
------------------------------------------
Memory Usage Statistics:
VmSize:	304767944 kB
VmRSS:	75008348 kB
1: MemResourceStatus {MigratedColumnsAggregate,18446744073709551615,63541608448,52888587462,0,0,1,N/A}
MemResourceStatus {DefaultResource,18446744073709551615,18446744073709551615,18446744048178841740,18446744073709105478,0,-1,N/A}
Quick Memory Usage Overview:
Used Capacity: 0, 52888587462
------------------------------------------
Label set to d0_tf0_q9
$:hsh clear_plan_caches
Cleared PQP and LQP caches
$:hsh clear_pipeline
Released last SQLPipeline
$:hsh reset_exec_pools
Reset execution pools (2, 3) bump pointers to start
$:hsh mem_usage
------------------------------------------
Memory Usage Statistics:
VmSize:	304767944 kB
VmRSS:	75008340 kB
1: MemResourceStatus {MigratedColumnsAggregate,18446744073709551615,63541608448,52888587462,0,0,1,N/A}
MemResourceStatus {DefaultResource,18446744073709551615,18446744073709551615,18446744048178841740,18446744073709105478,0,-1,N/A}
Quick Memory Usage Overview:
Used Capacity: 0, 52888587462
------------------------------------------
Executing script file: /home/umeshsum/tpch_queries/9.sql
[32m(release)[0m> select
[32m(release)[0m> 	nation,
[32m(release)[0m> 	o_year,
[32m(release)[0m> 	sum(amount) as sum_profit
[32m(release)[0m> from
[32m(release)[0m> 	(
[32m(release)[0m> 		select
[32m(release)[0m> 			n_name as nation,
[32m(release)[0m> 			extract(year from o_orderdate) as o_year,
[32m(release)[0m> 			l_extendedprice * (1 - l_discount) - ps_supplycost * l_quantity as amount
[32m(release)[0m> 		from
[32m(release)[0m> 			part,
[32m(release)[0m> 			supplier,
[32m(release)[0m> 			lineitem,
[32m(release)[0m> 			partsupp,
[32m(release)[0m> 			orders,
[32m(release)[0m> 			nation
[32m(release)[0m> 		where
[32m(release)[0m> 			s_suppkey = l_suppkey
[32m(release)[0m> 			and ps_suppkey = l_suppkey
[32m(release)[0m> 			and ps_partkey = l_partkey
[32m(release)[0m> 			and p_partkey = l_partkey
[32m(release)[0m> 			and o_orderkey = l_orderkey
[32m(release)[0m> 			and s_nationkey = n_nationkey
[32m(release)[0m> 			and p_name like '%green%'
[32m(release)[0m> 	) as profit
[32m(release)[0m> group by
[32m(release)[0m> 	nation,
[32m(release)[0m> 	o_year
[32m(release)[0m> order by
[32m(release)[0m> 	nation,
[32m(release)[0m> 	o_year desc;
VmRSS Change: 18446744073708082436 KB
===
175 rows total
Execution info: [PARSE: 70 µs 129 ns, SQL TRANSLATE: 294 µs 117 ns, OPTIMIZE: 17 ms 991 µs, LQP TRANSLATE: 242 µs 108 ns, EXECUTE: 10 s 377 ms (wall time) | QUERY PLAN CACHE HITS: 0/1 statement(s)]
After reset, table use_count: 2
WARNING: Table still has 1 other owner(s) after pipeline reset!
Executing script file done
$:hsh clear_plan_caches
Cleared PQP and LQP caches
$:hsh clear_pipeline
Released last SQLPipeline
$:hsh reset_exec_pools
Reset execution pools (2, 3) bump pointers to start
$:hsh mem_usage
------------------------------------------
Memory Usage Statistics:
VmSize:	304767944 kB
VmRSS:	73539260 kB
1: MemResourceStatus {MigratedColumnsAggregate,18446744073709551615,63541608448,52888587462,0,0,1,N/A}
MemResourceStatus {DefaultResource,18446744073709551615,18446744073709551615,18446744047975937224,18446744073709105478,0,-1,N/A}
Quick Memory Usage Overview:
Used Capacity: 0, 52888587462
------------------------------------------
Executing script file: /home/umeshsum/tpch_queries/9.sql
[32m(release)[0m> select
[32m(release)[0m> 	nation,
[32m(release)[0m> 	o_year,
[32m(release)[0m> 	sum(amount) as sum_profit
[32m(release)[0m> from
[32m(release)[0m> 	(
[32m(release)[0m> 		select
[32m(release)[0m> 			n_name as nation,
[32m(release)[0m> 			extract(year from o_orderdate) as o_year,
[32m(release)[0m> 			l_extendedprice * (1 - l_discount) - ps_supplycost * l_quantity as amount
[32m(release)[0m> 		from
[32m(release)[0m> 			part,
[32m(release)[0m> 			supplier,
[32m(release)[0m> 			lineitem,
[32m(release)[0m> 			partsupp,
[32m(release)[0m> 			orders,
[32m(release)[0m> 			nation
[32m(release)[0m> 		where
[32m(release)[0m> 			s_suppkey = l_suppkey
[32m(release)[0m> 			and ps_suppkey = l_suppkey
[32m(release)[0m> 			and ps_partkey = l_partkey
[32m(release)[0m> 			and p_partkey = l_partkey
[32m(release)[0m> 			and o_orderkey = l_orderkey
[32m(release)[0m> 			and s_nationkey = n_nationkey
[32m(release)[0m> 			and p_name like '%green%'
[32m(release)[0m> 	) as profit
[32m(release)[0m> group by
[32m(release)[0m> 	nation,
[32m(release)[0m> 	o_year
[32m(release)[0m> order by
[32m(release)[0m> 	nation,
[32m(release)[0m> 	o_year desc;
VmRSS Change: 18446744073709442420 KB
===
175 rows total
Execution info: [PARSE: 34 µs 380 ns, SQL TRANSLATE: 134 µs 778 ns, OPTIMIZE: 7 ms 274 µs, LQP TRANSLATE: 103 µs 319 ns, EXECUTE: 10 s 891 ms (wall time) | QUERY PLAN CACHE HITS: 0/1 statement(s)]
After reset, table use_count: 2
WARNING: Table still has 1 other owner(s) after pipeline reset!
Executing script file done
$:hsh clear_plan_caches
Cleared PQP and LQP caches
$:hsh clear_pipeline
Released last SQLPipeline
$:hsh reset_exec_pools
Reset execution pools (2, 3) bump pointers to start
$:hsh mem_usage
------------------------------------------
Memory Usage Statistics:
VmSize:	304767944 kB
VmRSS:	73430116 kB
1: MemResourceStatus {MigratedColumnsAggregate,18446744073709551615,63541608448,52888587462,0,0,1,N/A}
MemResourceStatus {DefaultResource,18446744073709551615,18446744073709551615,18446744047685134408,18446744073709105478,0,-1,N/A}
Quick Memory Usage Overview:
Used Capacity: 0, 52888587462
------------------------------------------
Executing script file: /home/umeshsum/tpch_queries/9.sql
[32m(release)[0m> select
[32m(release)[0m> 	nation,
[32m(release)[0m> 	o_year,
[32m(release)[0m> 	sum(amount) as sum_profit
[32m(release)[0m> from
[32m(release)[0m> 	(
[32m(release)[0m> 		select
[32m(release)[0m> 			n_name as nation,
[32m(release)[0m> 			extract(year from o_orderdate) as o_year,
[32m(release)[0m> 			l_extendedprice * (1 - l_discount) - ps_supplycost * l_quantity as amount
[32m(release)[0m> 		from
[32m(release)[0m> 			part,
[32m(release)[0m> 			supplier,
[32m(release)[0m> 			lineitem,
[32m(release)[0m> 			partsupp,
[32m(release)[0m> 			orders,
[32m(release)[0m> 			nation
[32m(release)[0m> 		where
[32m(release)[0m> 			s_suppkey = l_suppkey
[32m(release)[0m> 			and ps_suppkey = l_suppkey
[32m(release)[0m> 			and ps_partkey = l_partkey
[32m(release)[0m> 			and p_partkey = l_partkey
[32m(release)[0m> 			and o_orderkey = l_orderkey
[32m(release)[0m> 			and s_nationkey = n_nationkey
[32m(release)[0m> 			and p_name like '%green%'
[32m(release)[0m> 	) as profit
[32m(release)[0m> group by
[32m(release)[0m> 	nation,
[32m(release)[0m> 	o_year
[32m(release)[0m> order by
[32m(release)[0m> 	nation,
[32m(release)[0m> 	o_year desc;
VmRSS Change: 18446744073709546832 KB
===
175 rows total
Execution info: [PARSE: 269 µs 298 ns, SQL TRANSLATE: 295 µs 127 ns, OPTIMIZE: 18 ms 147 µs, LQP TRANSLATE: 242 µs 988 ns, EXECUTE: 10 s 334 ms (wall time) | QUERY PLAN CACHE HITS: 0/1 statement(s)]
After reset, table use_count: 2
WARNING: Table still has 1 other owner(s) after pipeline reset!
Executing script file done
$:hsh clear_plan_caches
Cleared PQP and LQP caches
$:hsh clear_pipeline
Released last SQLPipeline
$:hsh reset_exec_pools
Reset execution pools (2, 3) bump pointers to start
$:hsh mem_usage
------------------------------------------
Memory Usage Statistics:
VmSize:	304767944 kB
VmRSS:	73425328 kB
1: MemResourceStatus {MigratedColumnsAggregate,18446744073709551615,63541608448,52888587462,0,0,1,N/A}
MemResourceStatus {DefaultResource,18446744073709551615,18446744073709551615,18446744047521429560,18446744073709105478,0,-1,N/A}
Quick Memory Usage Overview:
Used Capacity: 0, 52888587462
------------------------------------------
Executing script file: /home/umeshsum/tpch_queries/9.sql
[32m(release)[0m> select
[32m(release)[0m> 	nation,
[32m(release)[0m> 	o_year,
[32m(release)[0m> 	sum(amount) as sum_profit
[32m(release)[0m> from
[32m(release)[0m> 	(
[32m(release)[0m> 		select
[32m(release)[0m> 			n_name as nation,
[32m(release)[0m> 			extract(year from o_orderdate) as o_year,
[32m(release)[0m> 			l_extendedprice * (1 - l_discount) - ps_supplycost * l_quantity as amount
[32m(release)[0m> 		from
[32m(release)[0m> 			part,
[32m(release)[0m> 			supplier,
[32m(release)[0m> 			lineitem,
[32m(release)[0m> 			partsupp,
[32m(release)[0m> 			orders,
[32m(release)[0m> 			nation
[32m(release)[0m> 		where
[32m(release)[0m> 			s_suppkey = l_suppkey
[32m(release)[0m> 			and ps_suppkey = l_suppkey
[32m(release)[0m> 			and ps_partkey = l_partkey
[32m(release)[0m> 			and p_partkey = l_partkey
[32m(release)[0m> 			and o_orderkey = l_orderkey
[32m(release)[0m> 			and s_nationkey = n_nationkey
[32m(release)[0m> 			and p_name like '%green%'
[32m(release)[0m> 	) as profit
[32m(release)[0m> group by
[32m(release)[0m> 	nation,
[32m(release)[0m> 	o_year
[32m(release)[0m> order by
[32m(release)[0m> 	nation,
[32m(release)[0m> 	o_year desc;
VmRSS Change: 18446744073709012604 KB
===
175 rows total
Execution info: [PARSE: 35 µs 149 ns, SQL TRANSLATE: 136 µs 109 ns, OPTIMIZE: 7 ms 490 µs, LQP TRANSLATE: 103 µs 319 ns, EXECUTE: 10 s 408 ms (wall time) | QUERY PLAN CACHE HITS: 0/1 statement(s)]
After reset, table use_count: 2
WARNING: Table still has 1 other owner(s) after pipeline reset!
Executing script file done
$:hsh clear_plan_caches
Cleared PQP and LQP caches
$:hsh clear_pipeline
Released last SQLPipeline
$:hsh reset_exec_pools
Reset execution pools (2, 3) bump pointers to start
$:hsh mem_usage
------------------------------------------
Memory Usage Statistics:
VmSize:	304767944 kB
VmRSS:	72886160 kB
1: MemResourceStatus {MigratedColumnsAggregate,18446744073709551615,63541608448,52888587462,0,0,1,N/A}
MemResourceStatus {DefaultResource,18446744073709551615,18446744073709551615,18446744047365732068,18446744073709105478,0,-1,N/A}
Quick Memory Usage Overview:
Used Capacity: 0, 52888587462
------------------------------------------
Executing script file: /home/umeshsum/tpch_queries/9.sql
[32m(release)[0m> select
[32m(release)[0m> 	nation,
[32m(release)[0m> 	o_year,
[32m(release)[0m> 	sum(amount) as sum_profit
[32m(release)[0m> from
[32m(release)[0m> 	(
[32m(release)[0m> 		select
[32m(release)[0m> 			n_name as nation,
[32m(release)[0m> 			extract(year from o_orderdate) as o_year,
[32m(release)[0m> 			l_extendedprice * (1 - l_discount) - ps_supplycost * l_quantity as amount
[32m(release)[0m> 		from
[32m(release)[0m> 			part,
[32m(release)[0m> 			supplier,
[32m(release)[0m> 			lineitem,
[32m(release)[0m> 			partsupp,
[32m(release)[0m> 			orders,
[32m(release)[0m> 			nation
[32m(release)[0m> 		where
[32m(release)[0m> 			s_suppkey = l_suppkey
[32m(release)[0m> 			and ps_suppkey = l_suppkey
[32m(release)[0m> 			and ps_partkey = l_partkey
[32m(release)[0m> 			and p_partkey = l_partkey
[32m(release)[0m> 			and o_orderkey = l_orderkey
[32m(release)[0m> 			and s_nationkey = n_nationkey
[32m(release)[0m> 			and p_name like '%green%'
[32m(release)[0m> 	) as profit
[32m(release)[0m> group by
[32m(release)[0m> 	nation,
[32m(release)[0m> 	o_year
[32m(release)[0m> order by
[32m(release)[0m> 	nation,
[32m(release)[0m> 	o_year desc;
VmRSS Change: 18446744073709141240 KB
===
175 rows total
Execution info: [PARSE: 35 µs 440 ns, SQL TRANSLATE: 135 µs 48 ns, OPTIMIZE: 7 ms 406 µs, LQP TRANSLATE: 100 µs 719 ns, EXECUTE: 10 s 243 ms (wall time) | QUERY PLAN CACHE HITS: 0/1 statement(s)]
After reset, table use_count: 2
WARNING: Table still has 1 other owner(s) after pipeline reset!
Executing script file done
$:hsh clear_plan_caches
Cleared PQP and LQP caches
$:hsh clear_pipeline
Released last SQLPipeline
$:hsh reset_exec_pools
Reset execution pools (2, 3) bump pointers to start
$:hsh mem_usage
------------------------------------------
Memory Usage Statistics:
VmSize:	304767944 kB
VmRSS:	72475940 kB
1: MemResourceStatus {MigratedColumnsAggregate,18446744073709551615,63541608448,52888587462,0,0,1,N/A}
MemResourceStatus {DefaultResource,18446744073709551615,18446744073709551615,18446744047140298284,18446744073709105478,0,-1,N/A}
Quick Memory Usage Overview:
Used Capacity: 0, 52888587462
------------------------------------------
Executing script file: /home/umeshsum/tpch_queries/9.sql
[32m(release)[0m> select
[32m(release)[0m> 	nation,
[32m(release)[0m> 	o_year,
[32m(release)[0m> 	sum(amount) as sum_profit
[32m(release)[0m> from
[32m(release)[0m> 	(
[32m(release)[0m> 		select
[32m(release)[0m> 			n_name as nation,
[32m(release)[0m> 			extract(year from o_orderdate) as o_year,
[32m(release)[0m> 			l_extendedprice * (1 - l_discount) - ps_supplycost * l_quantity as amount
[32m(release)[0m> 		from
[32m(release)[0m> 			part,
[32m(release)[0m> 			supplier,
[32m(release)[0m> 			lineitem,
[32m(release)[0m> 			partsupp,
[32m(release)[0m> 			orders,
[32m(release)[0m> 			nation
[32m(release)[0m> 		where
[32m(release)[0m> 			s_suppkey = l_suppkey
[32m(release)[0m> 			and ps_suppkey = l_suppkey
[32m(release)[0m> 			and ps_partkey = l_partkey
[32m(release)[0m> 			and p_partkey = l_partkey
[32m(release)[0m> 			and o_orderkey = l_orderkey
[32m(release)[0m> 			and s_nationkey = n_nationkey
[32m(release)[0m> 			and p_name like '%green%'
[32m(release)[0m> 	) as profit
[32m(release)[0m> group by
[32m(release)[0m> 	nation,
[32m(release)[0m> 	o_year
[32m(release)[0m> order by
[32m(release)[0m> 	nation,
[32m(release)[0m> 	o_year desc;
VmRSS Change: 1150764 KB
===
175 rows total
Execution info: [PARSE: 39 µs 220 ns, SQL TRANSLATE: 167 µs 458 ns, OPTIMIZE: 7 ms 483 µs, LQP TRANSLATE: 105 µs 909 ns, EXECUTE: 10 s 470 ms (wall time) | QUERY PLAN CACHE HITS: 0/1 statement(s)]
After reset, table use_count: 2
WARNING: Table still has 1 other owner(s) after pipeline reset!
Executing script file done
$:hsh clear_plan_caches
Cleared PQP and LQP caches
$:hsh clear_pipeline
Released last SQLPipeline
$:hsh reset_exec_pools
Reset execution pools (2, 3) bump pointers to start
$:hsh mem_usage
------------------------------------------
Memory Usage Statistics:
VmSize:	304767944 kB
VmRSS:	73626700 kB
1: MemResourceStatus {MigratedColumnsAggregate,18446744073709551615,63541608448,52888587462,0,0,1,N/A}
MemResourceStatus {DefaultResource,18446744073709551615,18446744073709551615,18446744046893555484,18446744073709105478,0,-1,N/A}
Quick Memory Usage Overview:
Used Capacity: 0, 52888587462
------------------------------------------
Executing script file: /home/umeshsum/tpch_queries/9.sql
[32m(release)[0m> select
[32m(release)[0m> 	nation,
[32m(release)[0m> 	o_year,
[32m(release)[0m> 	sum(amount) as sum_profit
[32m(release)[0m> from
[32m(release)[0m> 	(
[32m(release)[0m> 		select
[32m(release)[0m> 			n_name as nation,
[32m(release)[0m> 			extract(year from o_orderdate) as o_year,
[32m(release)[0m> 			l_extendedprice * (1 - l_discount) - ps_supplycost * l_quantity as amount
[32m(release)[0m> 		from
[32m(release)[0m> 			part,
[32m(release)[0m> 			supplier,
[32m(release)[0m> 			lineitem,
[32m(release)[0m> 			partsupp,
[32m(release)[0m> 			orders,
[32m(release)[0m> 			nation
[32m(release)[0m> 		where
[32m(release)[0m> 			s_suppkey = l_suppkey
[32m(release)[0m> 			and ps_suppkey = l_suppkey
[32m(release)[0m> 			and ps_partkey = l_partkey
[32m(release)[0m> 			and p_partkey = l_partkey
[32m(release)[0m> 			and o_orderkey = l_orderkey
[32m(release)[0m> 			and s_nationkey = n_nationkey
[32m(release)[0m> 			and p_name like '%green%'
[32m(release)[0m> 	) as profit
[32m(release)[0m> group by
[32m(release)[0m> 	nation,
[32m(release)[0m> 	o_year
[32m(release)[0m> order by
[32m(release)[0m> 	nation,
[32m(release)[0m> 	o_year desc;
VmRSS Change: 18446744073709052248 KB
===
175 rows total
Execution info: [PARSE: 37 µs 719 ns, SQL TRANSLATE: 145 µs 839 ns, OPTIMIZE: 7 ms 507 µs, LQP TRANSLATE: 109 µs 929 ns, EXECUTE: 10 s 476 ms (wall time) | QUERY PLAN CACHE HITS: 0/1 statement(s)]
After reset, table use_count: 2
WARNING: Table still has 1 other owner(s) after pipeline reset!
Executing script file done
$:hsh clear_plan_caches
Cleared PQP and LQP caches
$:hsh clear_pipeline
Released last SQLPipeline
$:hsh reset_exec_pools
Reset execution pools (2, 3) bump pointers to start
$:hsh mem_usage
------------------------------------------
Memory Usage Statistics:
VmSize:	304767944 kB
VmRSS:	73127312 kB
1: MemResourceStatus {MigratedColumnsAggregate,18446744073709551615,63541608448,52888587462,0,0,1,N/A}
MemResourceStatus {DefaultResource,18446744073709551615,18446744073709551615,18446744046879464784,18446744073709105478,0,-1,N/A}
Quick Memory Usage Overview:
Used Capacity: 0, 52888587462
------------------------------------------
Executing script file: /home/umeshsum/tpch_queries/9.sql
[32m(release)[0m> select
[32m(release)[0m> 	nation,
[32m(release)[0m> 	o_year,
[32m(release)[0m> 	sum(amount) as sum_profit
[32m(release)[0m> from
[32m(release)[0m> 	(
[32m(release)[0m> 		select
[32m(release)[0m> 			n_name as nation,
[32m(release)[0m> 			extract(year from o_orderdate) as o_year,
[32m(release)[0m> 			l_extendedprice * (1 - l_discount) - ps_supplycost * l_quantity as amount
[32m(release)[0m> 		from
[32m(release)[0m> 			part,
[32m(release)[0m> 			supplier,
[32m(release)[0m> 			lineitem,
[32m(release)[0m> 			partsupp,
[32m(release)[0m> 			orders,
[32m(release)[0m> 			nation
[32m(release)[0m> 		where
[32m(release)[0m> 			s_suppkey = l_suppkey
[32m(release)[0m> 			and ps_suppkey = l_suppkey
[32m(release)[0m> 			and ps_partkey = l_partkey
[32m(release)[0m> 			and p_partkey = l_partkey
[32m(release)[0m> 			and o_orderkey = l_orderkey
[32m(release)[0m> 			and s_nationkey = n_nationkey
[32m(release)[0m> 			and p_name like '%green%'
[32m(release)[0m> 	) as profit
[32m(release)[0m> group by
[32m(release)[0m> 	nation,
[32m(release)[0m> 	o_year
[32m(release)[0m> order by
[32m(release)[0m> 	nation,
[32m(release)[0m> 	o_year desc;
VmRSS Change: 18446744073709238828 KB
===
175 rows total
Execution info: [PARSE: 36 µs 670 ns, SQL TRANSLATE: 236 µs 577 ns, OPTIMIZE: 7 ms 362 µs, LQP TRANSLATE: 104 µs 179 ns, EXECUTE: 10 s 355 ms (wall time) | QUERY PLAN CACHE HITS: 0/1 statement(s)]
After reset, table use_count: 2
WARNING: Table still has 1 other owner(s) after pipeline reset!
Executing script file done
$:hsh clear_plan_caches
Cleared PQP and LQP caches
$:hsh clear_pipeline
Released last SQLPipeline
$:hsh reset_exec_pools
Reset execution pools (2, 3) bump pointers to start
$:hsh mem_usage
------------------------------------------
Memory Usage Statistics:
VmSize:	304767944 kB
VmRSS:	72814544 kB
1: MemResourceStatus {MigratedColumnsAggregate,18446744073709551615,63541608448,52888587462,0,0,1,N/A}
MemResourceStatus {DefaultResource,18446744073709551615,18446744073709551615,18446744046560137116,18446744073709105478,0,-1,N/A}
Quick Memory Usage Overview:
Used Capacity: 0, 52888587462
------------------------------------------
Executing script file: /home/umeshsum/tpch_queries/9.sql
[32m(release)[0m> select
[32m(release)[0m> 	nation,
[32m(release)[0m> 	o_year,
[32m(release)[0m> 	sum(amount) as sum_profit
[32m(release)[0m> from
[32m(release)[0m> 	(
[32m(release)[0m> 		select
[32m(release)[0m> 			n_name as nation,
[32m(release)[0m> 			extract(year from o_orderdate) as o_year,
[32m(release)[0m> 			l_extendedprice * (1 - l_discount) - ps_supplycost * l_quantity as amount
[32m(release)[0m> 		from
[32m(release)[0m> 			part,
[32m(release)[0m> 			supplier,
[32m(release)[0m> 			lineitem,
[32m(release)[0m> 			partsupp,
[32m(release)[0m> 			orders,
[32m(release)[0m> 			nation
[32m(release)[0m> 		where
[32m(release)[0m> 			s_suppkey = l_suppkey
[32m(release)[0m> 			and ps_suppkey = l_suppkey
[32m(release)[0m> 			and ps_partkey = l_partkey
[32m(release)[0m> 			and p_partkey = l_partkey
[32m(release)[0m> 			and o_orderkey = l_orderkey
[32m(release)[0m> 			and s_nationkey = n_nationkey
[32m(release)[0m> 			and p_name like '%green%'
[32m(release)[0m> 	) as profit
[32m(release)[0m> group by
[32m(release)[0m> 	nation,
[32m(release)[0m> 	o_year
[32m(release)[0m> order by
[32m(release)[0m> 	nation,
[32m(release)[0m> 	o_year desc;
VmRSS Change: 18446744073709244976 KB
===
175 rows total
Execution info: [PARSE: 38 µs 489 ns, SQL TRANSLATE: 151 µs 919 ns, OPTIMIZE: 7 ms 451 µs, LQP TRANSLATE: 104 µs 979 ns, EXECUTE: 10 s 97 ms (wall time) | QUERY PLAN CACHE HITS: 0/1 statement(s)]
After reset, table use_count: 2
WARNING: Table still has 1 other owner(s) after pipeline reset!
Executing script file done
$:hsh clear_plan_caches
Cleared PQP and LQP caches
$:hsh clear_pipeline
Released last SQLPipeline
$:hsh reset_exec_pools
Reset execution pools (2, 3) bump pointers to start
$:hsh mem_usage
------------------------------------------
Memory Usage Statistics:
VmSize:	304767944 kB
VmRSS:	72507688 kB
1: MemResourceStatus {MigratedColumnsAggregate,18446744073709551615,63541608448,52888587462,0,0,1,N/A}
MemResourceStatus {DefaultResource,18446744073709551615,18446744073709551615,18446744046328689580,18446744073709105478,0,-1,N/A}
Quick Memory Usage Overview:
Used Capacity: 0, 52888587462
------------------------------------------
Executing script file: /home/umeshsum/tpch_queries/9.sql
[32m(release)[0m> select
[32m(release)[0m> 	nation,
[32m(release)[0m> 	o_year,
[32m(release)[0m> 	sum(amount) as sum_profit
[32m(release)[0m> from
[32m(release)[0m> 	(
[32m(release)[0m> 		select
[32m(release)[0m> 			n_name as nation,
[32m(release)[0m> 			extract(year from o_orderdate) as o_year,
[32m(release)[0m> 			l_extendedprice * (1 - l_discount) - ps_supplycost * l_quantity as amount
[32m(release)[0m> 		from
[32m(release)[0m> 			part,
[32m(release)[0m> 			supplier,
[32m(release)[0m> 			lineitem,
[32m(release)[0m> 			partsupp,
[32m(release)[0m> 			orders,
[32m(release)[0m> 			nation
[32m(release)[0m> 		where
[32m(release)[0m> 			s_suppkey = l_suppkey
[32m(release)[0m> 			and ps_suppkey = l_suppkey
[32m(release)[0m> 			and ps_partkey = l_partkey
[32m(release)[0m> 			and p_partkey = l_partkey
[32m(release)[0m> 			and o_orderkey = l_orderkey
[32m(release)[0m> 			and s_nationkey = n_nationkey
[32m(release)[0m> 			and p_name like '%green%'
[32m(release)[0m> 	) as profit
[32m(release)[0m> group by
[32m(release)[0m> 	nation,
[32m(release)[0m> 	o_year
[32m(release)[0m> order by
[32m(release)[0m> 	nation,
[32m(release)[0m> 	o_year desc;
VmRSS Change: 258352 KB
===
175 rows total
Execution info: [PARSE: 36 µs 399 ns, SQL TRANSLATE: 154 µs 679 ns, OPTIMIZE: 7 ms 300 µs, LQP TRANSLATE: 106 µs 169 ns, EXECUTE: 10 s 569 ms (wall time) | QUERY PLAN CACHE HITS: 0/1 statement(s)]
After reset, table use_count: 2
WARNING: Table still has 1 other owner(s) after pipeline reset!
Executing script file done
$:hsh clear_plan_caches
Cleared PQP and LQP caches
$:hsh clear_pipeline
Released last SQLPipeline
$:hsh reset_exec_pools
Reset execution pools (2, 3) bump pointers to start
$:hsh mem_usage
------------------------------------------
Memory Usage Statistics:
VmSize:	304767944 kB
VmRSS:	72766236 kB
1: MemResourceStatus {MigratedColumnsAggregate,18446744073709551615,63541608448,52888587462,0,0,1,N/A}
MemResourceStatus {DefaultResource,18446744073709551615,18446744073709551615,18446744046020268000,18446744073709105478,0,-1,N/A}
Quick Memory Usage Overview:
Used Capacity: 0, 52888587462
------------------------------------------
$:Quit
Executing script file done
Bye.
Backtrace:
 0# print_backtrace[abi:cxx11]() in /home/umeshsum/hyrise_pmr/build/lib/libhyrise_impl.so
 1# segfault_handler(int) in ./hyriseConsole
 2# 0x00007C26A0445330 in /lib/x86_64-linux-gnu/libc.so.6
 3# std::vector<std::shared_ptr<hyrise::AbstractSegment>, std::pmr::polymorphic_allocator<std::shared_ptr<hyrise::AbstractSegment> > >::~vector() in ./hyriseConsole
 4# tbb::detail::d1::concurrent_vector<std::shared_ptr<hyrise::Chunk>, hyrise::ZeroAllocator<std::shared_ptr<hyrise::Chunk> > >::destroy_segment(std::shared_ptr<hyrise::Chunk>*, unsigned long) in ./hyriseConsole
 5# tbb::detail::d1::segment_table<std::shared_ptr<hyrise::Chunk>, hyrise::ZeroAllocator<std::shared_ptr<hyrise::Chunk> >, tbb::detail::d1::concurrent_vector<std::shared_ptr<hyrise::Chunk>, hyrise::ZeroAllocator<std::shared_ptr<hyrise::Chunk> > >, 3ul>::clear() in ./hyriseConsole
 6# hyrise::Table::~Table() in ./hyriseConsole
 7# std::_Sp_counted_base<(__gnu_cxx::_Lock_policy)2>::_M_release_last_use_cold() in ./hyriseConsole
 8# tbb::detail::d1::concurrent_unordered_base<tbb::detail::d1::concurrent_unordered_map_traits<std::__cxx11::basic_string<char, std::char_traits<char>, std::allocator<char> >, std::shared_ptr<hyrise::Table>, std::hash<std::__cxx11::basic_string<char, std::char_traits<char>, std::allocator<char> > >, std::equal_to<std::__cxx11::basic_string<char, std::char_traits<char>, std::allocator<char> > >, tbb::detail::d1::tbb_allocator<std::pair<std::__cxx11::basic_string<char, std::char_traits<char>, std::allocator<char> > const, std::shared_ptr<hyrise::Table> > >, false> >::destroy_node(tbb::detail::d1::list_node<unsigned long>*) in ./hyriseConsole
 9# tbb::detail::d1::concurrent_unordered_base<tbb::detail::d1::concurrent_unordered_map_traits<std::__cxx11::basic_string<char, std::char_traits<char>, std::allocator<char> >, std::shared_ptr<hyrise::Table>, std::hash<std::__cxx11::basic_string<char, std::char_traits<char>, std::allocator<char> > >, std::equal_to<std::__cxx11::basic_string<char, std::char_traits<char>, std::allocator<char> > >, tbb::detail::d1::tbb_allocator<std::pair<std::__cxx11::basic_string<char, std::char_traits<char>, std::allocator<char> > const, std::shared_ptr<hyrise::Table> > >, false> >::internal_clear() in ./hyriseConsole
10# tbb::detail::d1::concurrent_unordered_base<tbb::detail::d1::concurrent_unordered_map_traits<std::__cxx11::basic_string<char, std::char_traits<char>, std::allocator<char> >, std::shared_ptr<hyrise::Table>, std::hash<std::__cxx11::basic_string<char, std::char_traits<char>, std::allocator<char> > >, std::equal_to<std::__cxx11::basic_string<char, std::char_traits<char>, std::allocator<char> > >, tbb::detail::d1::tbb_allocator<std::pair<std::__cxx11::basic_string<char, std::char_traits<char>, std::allocator<char> > const, std::shared_ptr<hyrise::Table> > >, false> >::~concurrent_unordered_base() in ./hyriseConsole
11# 0x00007C26A0447A76 in /lib/x86_64-linux-gnu/libc.so.6
12# 0x00007C26A0447BBE in /lib/x86_64-linux-gnu/libc.so.6
13# 0x00007C26A042A1D1 in /lib/x86_64-linux-gnu/libc.so.6
14# __libc_start_main in /lib/x86_64-linux-gnu/libc.so.6
15# _start in ./hyriseConsole

